generation,elapsed_time_sec,best,mean,std,worst,best_error,mean_error
1,0.032994985580444336,0.54100376,0.44150668382644653,0.03134070709347725,0.40057170391082764,45.899624,55.84933161735535
2,0.07280111312866211,0.5514246,0.47181135416030884,0.026586733758449554,0.4392591118812561,44.857536,52.818864583969116
3,0.10985970497131348,0.57118714,0.49882620573043823,0.023515669628977776,0.4674142003059387,42.881287,50.11737942695618
4,0.1489870548248291,0.5722246,0.5212412476539612,0.019208014011383057,0.49543988704681396,42.77754,47.87587523460388
5,0.1878514289855957,0.603391,0.5401974320411682,0.01728060469031334,0.517619252204895,39.6609,45.98025679588318
6,0.22971248626708984,0.6140868,0.55741947889328,0.016609180718660355,0.5375678539276123,38.59132,44.258052110672
7,0.27057838439941406,0.63581514,0.5716989636421204,0.016027294099330902,0.5535282492637634,36.418488,42.830103635787964
8,0.3107421398162842,0.63581514,0.5872781276702881,0.014826499857008457,0.5682190656661987,36.418488,41.27218723297119
9,0.34416794776916504,0.63581514,0.6012174487113953,0.012890572659671307,0.5850663185119629,36.418488,39.878255128860474
10,0.3753683567047119,0.6547105,0.6136080622673035,0.01134415902197361,0.5997129678726196,34.528954,38.63919377326965
11,0.41261982917785645,0.65989435,0.6246086955070496,0.010848957113921642,0.6112351417541504,34.010567,37.539130449295044
12,0.45072031021118164,0.6732638,0.6347987055778503,0.009772463701665401,0.6223875284194946,32.673622,36.520129442214966
13,0.4892692565917969,0.6732638,0.6435065269470215,0.009013657458126545,0.6323020458221436,32.673622,35.64934730529785
14,0.5225837230682373,0.6873387,0.6519554257392883,0.00882667861878872,0.6412773132324219,31.266129,34.80445742607117
15,0.5619986057281494,0.6884051,0.6596429347991943,0.008417542092502117,0.6491620540618896,31.15949,34.035706520080566
16,0.6023800373077393,0.69479394,0.6679665446281433,0.007924851030111313,0.6583200693130493,30.520607,33.20334553718567
17,0.6405091285705566,0.69479394,0.674566388130188,0.006779693532735109,0.666534423828125,30.520607,32.5433611869812
18,0.6719017028808594,0.69816583,0.6807814836502075,0.006185426842421293,0.6726064682006836,30.183416,31.921851634979248
19,0.7099037170410156,0.7060002,0.686949610710144,0.005384355783462524,0.6795380115509033,29.399979,31.305038928985596
20,0.7515521049499512,0.71280956,0.6924999952316284,0.005263799335807562,0.6861927509307861,28.719044,30.750000476837158
21,0.7903182506561279,0.7136965,0.6979890465736389,0.005169940646737814,0.6916303634643555,28.630352,30.20109534263611
22,0.8317298889160156,0.7184051,0.7029754519462585,0.0050313882529735565,0.6967874765396118,28.159487,29.702454805374146
23,0.8735177516937256,0.72066367,0.7077061533927917,0.004389085341244936,0.7019684314727783,27.933634,29.229384660720825
24,0.9144480228424072,0.7207314,0.7117030620574951,0.0036326602566987276,0.7066758871078491,27.926863,28.82969379425049
25,0.9546985626220703,0.7267671,0.7152235507965088,0.0032025317195802927,0.7109441757202148,27.323288,28.47764492034912
26,0.992401123046875,0.72825634,0.7181556820869446,0.002997572533786297,0.7144023776054382,27.174366,28.184431791305542
27,1.0319592952728271,0.72989774,0.720807671546936,0.0028896816074848175,0.7174712419509888,27.010227,27.919232845306396
28,1.070030689239502,0.73078907,0.7232660055160522,0.002603209810331464,0.7198866605758667,26.921093,27.673399448394775
29,1.1081461906433105,0.7355702,0.7258172631263733,0.0025216059293597937,0.7225501537322998,26.442982,27.41827368736267
30,1.147171974182129,0.7369274,0.7282530069351196,0.00255024922080338,0.7252520322799683,26.30726,27.174699306488037
31,1.1868042945861816,0.7376707,0.7305614948272705,0.0024212002754211426,0.7276463508605957,26.232927,26.94385051727295
32,1.225843906402588,0.7415806,0.732814371585846,0.0023401586804538965,0.7298977375030518,25.84194,26.718562841415405
33,1.2665274143218994,0.74615943,0.7352108955383301,0.002512024249881506,0.7323676347732544,25.384056,26.478910446166992
34,1.3076667785644531,0.74816763,0.7376478314399719,0.0026581587735563517,0.7347363233566284,25.183237,26.235216856002808
35,1.3475291728973389,0.75040686,0.7400508522987366,0.0029592174105346203,0.7369273900985718,24.959314,25.994914770126343
36,1.3861210346221924,0.75342405,0.7426599860191345,0.0029039853252470493,0.7393811941146851,24.657595,25.734001398086548
37,1.4512701034545898,0.7544404,0.7407622933387756,0.004038787446916103,0.7346903085708618,24.555958,25.923770666122437
38,1.491001844406128,0.75572467,0.7443261742591858,0.0034776185639202595,0.7403589487075806,24.427532,25.56738257408142
39,1.5301446914672852,0.7570177,0.7473483681678772,0.0033621927723288536,0.7434275150299072,24.298233,25.26516318321228
40,1.5714569091796875,0.7598864,0.7504894733428955,0.002956994576379657,0.7467118501663208,24.011362,24.95105266571045
41,1.6106882095336914,0.7598864,0.753201425075531,0.0023713354021310806,0.7499397993087769,24.011362,24.6798574924469
42,1.6414930820465088,0.76159114,0.7555637955665588,0.001886715181171894,0.7529735565185547,23.840887,24.443620443344116
43,1.6822619438171387,0.7639039,0.7574928402900696,0.0017172925872728229,0.7555002570152283,23.609608,24.250715970993042
44,1.721278429031372,0.7648131,0.7592369914054871,0.0017311954870820045,0.7571398019790649,23.518688,24.076300859451294
45,1.7602190971374512,0.76565766,0.7608885169029236,0.0015711915912106633,0.7589355111122131,23.434235,23.91114830970764
46,1.800502061843872,0.76644284,0.7624639272689819,0.0014283788623288274,0.7606322169303894,23.355717,23.753607273101807
47,1.8389685153961182,0.76672304,0.7639051079750061,0.001207359367981553,0.7622610330581665,23.327696,23.60948920249939
48,1.8779680728912354,0.7707392,0.7651774287223816,0.0010791009990498424,0.7638541460037231,22.92608,23.48225712776184
49,1.9163744449615479,0.7721091,0.7662755846977234,0.0011881974060088396,0.7650055885314941,22.789091,23.37244153022766
50,1.954237937927246,0.7721091,0.7673320770263672,0.001255650888197124,0.7659643888473511,22.789091,23.26679229736328
51,1.9852967262268066,0.77427983,0.768592119216919,0.0014714180724695325,0.7669845819473267,22.572018,23.140788078308105
52,2.02286434173584,0.77427983,0.7701351642608643,0.001455809106118977,0.7683435678482056,22.572018,22.986483573913574
53,2.0549652576446533,0.7759349,0.7717015147209167,0.001384094706736505,0.7699395418167114,22.406513,22.829848527908325
54,2.092991828918457,0.7791141,0.7732071876525879,0.0013643888523802161,0.7714722156524658,22.088587,22.67928123474121
55,2.1311049461364746,0.7791141,0.7746806740760803,0.0013418589951470494,0.7730419635772705,22.088587,22.531932592391968
56,2.163496971130371,0.7820233,0.7760352492332458,0.0013025915250182152,0.7744189500808716,21.797668,22.396475076675415
57,2.202432632446289,0.7835285,0.777288556098938,0.0012094598496332765,0.7758548259735107,21.64715,22.2711443901062
58,2.242279052734375,0.7835285,0.7784758806228638,0.0011449918383732438,0.7771918773651123,21.64715,22.152411937713623
59,2.2746694087982178,0.7838497,0.7795532941818237,0.00133911008015275,0.7782611846923828,21.615028,22.044670581817627
60,2.314105272293091,0.78633046,0.7807443141937256,0.001575313857756555,0.7791444063186646,21.366955,21.92556858062744
61,2.3545100688934326,0.78702223,0.7822166085243225,0.0014838485512882471,0.7802010774612427,21.297777,21.77833914756775
62,2.394094228744507,0.78702223,0.7836150527000427,0.0011687526712194085,0.7820277810096741,21.297777,21.638494729995728
63,2.425197124481201,0.7878817,0.7846860885620117,0.000996877788566053,0.7834739685058594,21.211832,21.531391143798828
64,2.463209867477417,0.7878817,0.7856242060661316,0.0008429279550909996,0.7845144271850586,21.211832,21.43757939338684
65,2.4944100379943848,0.78882575,0.7864748239517212,0.0006939623272046447,0.7854829430580139,21.117424,21.35251760482788
66,2.5329020023345947,0.78902316,0.7871556282043457,0.0005449138698168099,0.7863920331001282,21.097683,21.28443717956543
67,2.57328200340271,0.7903491,0.7877345681190491,0.000553859572391957,0.7870873808860779,20.965088,21.226543188095093
68,2.6385443210601807,0.79155433,0.7882631421089172,0.0006539432215504348,0.7876503467559814,20.844566,21.173685789108276
69,2.684398651123047,0.7953576,0.7888818383216858,0.0009045141632668674,0.7880213260650635,20.464241,21.11181616783142
70,2.72208571434021,0.7953576,0.7896667718887329,0.0010132290190085769,0.7886760234832764,20.464241,21.03332281112671
71,2.7538259029388428,0.79581666,0.7906195521354675,0.0013282005675137043,0.7894160151481628,20.418335,20.938044786453247
72,2.793546199798584,0.79713285,0.7919563055038452,0.0016908496618270874,0.7901901602745056,20.286715,20.80436944961548
73,2.8330299854278564,0.798381,0.7937150597572327,0.0017025672132149339,0.7913239002227783,20.161903,20.628494024276733
74,2.874211549758911,0.7994943,0.7953906655311584,0.0012224839301779866,0.7936386466026306,20.050568,20.460933446884155
75,2.912994384765625,0.7994943,0.7965362668037415,0.0009736705105751753,0.7953575849533081,20.050568,20.346373319625854
76,2.9447717666625977,0.80016667,0.7974966764450073,0.0008933498756960034,0.796393871307373,19.983334,20.250332355499268
77,2.9836580753326416,0.80099535,0.798339307308197,0.0008243033662438393,0.7973129153251648,19.900465,20.166069269180298
78,3.022428512573242,0.80099535,0.7990731000900269,0.0006969224778003991,0.7982077598571777,19.900465,20.092689990997314
79,3.0554261207580566,0.80163753,0.7997490763664246,0.0006042234599590302,0.7989605069160461,19.836246,20.025092363357544
80,3.0948779582977295,0.80205256,0.8003509640693665,0.0005081880372017622,0.7996307015419006,19.794744,19.964903593063354
81,3.1359736919403076,0.8027538,0.800881564617157,0.0004482110380195081,0.8002760410308838,19.724619,19.9118435382843
82,3.1743674278259277,0.8031482,0.8013470768928528,0.0004611457698047161,0.8008192777633667,19.685179,19.86529231071472
83,3.2136194705963135,0.803358,0.8017831444740295,0.000467268459033221,0.8012365102767944,19.664198,19.821685552597046
84,3.2535459995269775,0.80414957,0.8021853566169739,0.000455997243989259,0.8016770482063293,19.585043,19.781464338302612
85,3.2941131591796875,0.80414957,0.8025997281074524,0.00043816230027005076,0.8020756244659424,19.585043,19.74002718925476
86,3.3308913707733154,0.80421627,0.80305016040802,0.00041515447082929313,0.8025424480438232,19.578373,19.694983959197998
87,3.3710684776306152,0.804713,0.8034655451774597,0.00041476701153442264,0.8029758930206299,19.528698,19.65344548225403
88,3.4099671840667725,0.80536884,0.8038885593414307,0.00041038048220798373,0.8033580183982849,19.463116,19.611144065856934
89,3.449110269546509,0.80537593,0.8042898178100586,0.00035020598443225026,0.8038134574890137,19.462406,19.57101821899414
90,3.4876468181610107,0.80643475,0.8046364784240723,0.00034100766060873866,0.8042110204696655,19.356525,19.536352157592773
91,3.5253207683563232,0.8069078,0.8049848675727844,0.0003802700084634125,0.8045926094055176,19.309223,19.501513242721558
92,3.5633013248443604,0.8076488,0.8053398132324219,0.00044275756226852536,0.8048973083496094,19.235123,19.466018676757812
93,3.6029598712921143,0.81205606,0.8058649301528931,0.0007695008534938097,0.8052587509155273,18.794394,19.413506984710693
94,3.6425087451934814,0.81205606,0.8065307140350342,0.0010516466572880745,0.8056581020355225,18.794394,19.346928596496582
95,3.674896001815796,0.8141863,0.8074601292610168,0.0013376064598560333,0.8061298131942749,18.581373,19.253987073898315
96,3.7143237590789795,0.8145293,0.8086860179901123,0.0015214765444397926,0.8073132038116455,18.54707,19.13139820098877
97,3.7547924518585205,0.8160494,0.8099721670150757,0.0020226347260177135,0.8082618117332458,18.39506,19.00278329849243
98,3.7947943210601807,0.81635594,0.8118457794189453,0.0021305487025529146,0.8089687824249268,18.364407,18.81542205810547
99,3.83567476272583,0.81712186,0.8141624331474304,0.0012480576988309622,0.8120560646057129,18.287813,18.583756685256958
100,3.8759050369262695,0.81712186,0.8152227401733398,0.0008729820256121457,0.8141732215881348,18.287813,18.477725982666016
101,3.9085071086883545,0.8173244,0.8161154985427856,0.0004758354916702956,0.8149996995925903,18.26756,18.388450145721436
102,3.947275400161743,0.8182725,0.8165351152420044,0.00033499381970614195,0.8161708116531372,18.172752,18.34648847579956
103,3.9860217571258545,0.81857,0.8168663382530212,0.0003585044469218701,0.8164869546890259,18.142998,18.313366174697876
104,4.024705171585083,0.81880313,0.817209780216217,0.0004438606556504965,0.816783607006073,18.119686,18.279021978378296
105,4.06493067741394,0.81956244,0.8175559639930725,0.0005934354849159718,0.8171115517616272,18.043756,18.24440360069275
106,4.104233980178833,0.81989455,0.8180918097496033,0.0007114602485671639,0.8173031806945801,18.010544,18.190819025039673
107,4.142947673797607,0.8202747,0.8188494443893433,0.0004533628234639764,0.8182437419891357,17.972528,18.115055561065674
108,4.1818225383758545,0.8206867,0.8192638158798218,0.0003922610485460609,0.8187593817710876,17.93133,18.073618412017822
109,4.22153902053833,0.8210819,0.8196167945861816,0.00037093283026479185,0.819206953048706,17.891811,18.038320541381836
110,4.261200428009033,0.8221913,0.819987416267395,0.0004022569628432393,0.8195384740829468,17.78087,18.001258373260498
111,4.30190110206604,0.82256263,0.820397138595581,0.0004381035396363586,0.8199335336685181,17.743736,17.960286140441895
112,4.342577219009399,0.8231451,0.820834755897522,0.0004991155583411455,0.8203194737434387,17.685492,17.916524410247803
113,4.3822479248046875,0.82366955,0.8213824033737183,0.000644512998405844,0.8207381367683411,17.633045,17.861759662628174
114,4.42267918586731,0.82437414,0.8219731450080872,0.0007244746084325016,0.8211789131164551,17.562586,17.802685499191284
115,4.461941719055176,0.82452124,0.8227109909057617,0.0006657051853835583,0.82177734375,17.547876,17.728900909423828
116,4.50171685218811,0.8245958,0.8234185576438904,0.0004868994583375752,0.8227697014808655,17.540419,17.658144235610962
117,4.54024076461792,0.82526886,0.8238962292671204,0.0004079245263710618,0.8233345746994019,17.473114,17.610377073287964
118,4.580447673797607,0.8255888,0.8242944478988647,0.00034349248744547367,0.8238540291786194,17.441118,17.570555210113525
119,4.620302438735962,0.8258358,0.824673593044281,0.00036373609327711165,0.824259340763092,17.416418,17.5326406955719
120,4.659266948699951,0.8262459,0.8250626921653748,0.0004032377037219703,0.8245702981948853,17.37541,17.493730783462524
121,4.6980299949646,0.8264471,0.8254997730255127,0.0003029117069672793,0.8250486850738525,17.355288,17.45002269744873
122,4.736837863922119,0.8266718,0.8257853388786316,0.00024282197409775108,0.8254846334457397,17.332823,17.42146611213684
123,4.77715802192688,0.82686514,0.8260223865509033,0.00022665898723062128,0.8257395029067993,17.313486,17.397761344909668
124,4.81660532951355,0.82703716,0.8262420296669006,0.00020966131705790758,0.825988233089447,17.296284,17.375797033309937
125,4.8558349609375,0.82757264,0.8264572620391846,0.00026003693346865475,0.8262065649032593,17.242735,17.354273796081543
126,4.894944429397583,0.82764506,0.8267139196395874,0.00031309283804148436,0.8263674378395081,17.235493,17.32860803604126
127,4.935665130615234,0.8284688,0.8270440101623535,0.0003125153307337314,0.8266302347183228,17.15312,17.29559898376465
128,4.9760520458221436,0.8286868,0.8274157047271729,0.000322415929986164,0.8270365595817566,17.131323,17.258429527282715
129,5.015376091003418,0.8288582,0.8277547359466553,0.0003403680748306215,0.8273886442184448,17.11418,17.224526405334473
130,5.055074214935303,0.8292493,0.8281100392341614,0.0003481110034044832,0.8276869654655457,17.075068,17.188996076583862
131,5.097964286804199,0.8297272,0.8284912109375,0.0003203623928129673,0.828061580657959,17.027283,17.15087890625
132,5.137726545333862,0.8299296,0.828835666179657,0.0003201269428245723,0.8284677267074585,17.007042,17.1164333820343
133,5.176973581314087,0.8302027,0.8291556239128113,0.0003224901738576591,0.8287830352783203,16.97973,17.084437608718872
134,5.216890096664429,0.8306173,0.8294634222984314,0.00031052756821736693,0.8290660977363586,16.938269,17.05365777015686
135,5.2554144859313965,0.8309822,0.8298212885856628,0.0003181353094987571,0.8294246196746826,16.90178,17.017871141433716
136,5.2954888343811035,0.831234,0.8301489949226379,0.0003083122137468308,0.8297856450080872,16.876602,16.985100507736206
137,5.334904670715332,0.8314729,0.8304775953292847,0.0002854947524610907,0.830108642578125,16.852713,16.952240467071533
138,5.373021125793457,0.83232945,0.8307545185089111,0.00025334369274787605,0.8304600119590759,16.767056,16.924548149108887
139,5.4132750034332275,0.83232945,0.8309842348098755,0.00026962236734107137,0.8307075500488281,16.767056,16.90157651901245
140,5.445918083190918,0.83243275,0.8312432765960693,0.00036370684392750263,0.8309252858161926,16.756725,16.875672340393066
141,5.486794471740723,0.83304507,0.831570565700531,0.0004379778984002769,0.8311182856559753,16.695494,16.8429434299469
142,5.527928829193115,0.8331684,0.8320057392120361,0.0004012838762719184,0.8314159512519836,16.68316,16.799426078796387
143,5.566746473312378,0.8338565,0.8324240446090698,0.00031844794284552336,0.8320353031158447,16.614347,16.757595539093018
144,5.605874300003052,0.8342416,0.8327441215515137,0.00037816856638528407,0.8323723673820496,16.575836,16.725587844848633
145,5.643326759338379,0.8342416,0.8331167101860046,0.0003973375423811376,0.8326389789581299,16.575836,16.688328981399536
146,5.699223279953003,0.8342019,0.8303636312484741,0.002724157180637121,0.8236751556396484,16.579813,16.963636875152588
147,5.7375524044036865,0.8345022,0.8326427936553955,0.0007815623539499938,0.8312949538230896,16.549778,16.73572063446045
148,5.775507211685181,0.83483076,0.8333898186683655,0.000505924632307142,0.8326486349105835,16.516924,16.661018133163452
149,5.815137147903442,0.8348377,0.8338893055915833,0.0003612751024775207,0.833372950553894,16.516232,16.611069440841675
150,5.8536176681518555,0.83505285,0.8342329263687134,0.0002737203612923622,0.833879292011261,16.494715,16.576707363128662
151,5.8928608894348145,0.8354316,0.8345098495483398,0.0002561417350079864,0.8342018723487854,16.456842,16.549015045166016
152,5.958345174789429,0.8355945,0.8317969441413879,0.0024924783501774073,0.8263936638832092,16.440552,16.820305585861206
153,5.996984958648682,0.8356853,0.833920419216156,0.0008269918616861105,0.8324314951896667,16.431469,16.6079580783844
154,6.036083936691284,0.83585453,0.8346203565597534,0.0004938151105307043,0.8339722156524658,16.414547,16.537964344024658
155,6.079166889190674,0.83616006,0.8350854516029358,0.00040654369513504207,0.8345280885696411,16.383993,16.49145483970642
156,6.119940519332886,0.8368962,0.8354984521865845,0.00034402828896418214,0.8350619673728943,16.310383,16.450154781341553
157,6.161512851715088,0.8369763,0.8358446359634399,0.00034374583628959954,0.8354508280754089,16.302372,16.415536403656006
158,6.20078182220459,0.8371624,0.8361789584159851,0.00034298180253244936,0.8357636332511902,16.283762,16.38210415840149
159,6.241512298583984,0.83778346,0.8365334272384644,0.0003126644005533308,0.8361499309539795,16.221655,16.346657276153564
160,6.281684160232544,0.8383473,0.8368737101554871,0.00031497899908572435,0.8364990949630737,16.165268,16.312628984451294
161,6.3214147090911865,0.83847785,0.8371922969818115,0.0003540539473760873,0.8368426561355591,16.152214,16.280770301818848
162,6.362227916717529,0.8387896,0.8375101089477539,0.0004046133835799992,0.8370866775512695,16.121042,16.24898910522461
163,6.401492357254028,0.8388642,0.8379143476486206,0.0003553423739504069,0.8373740911483765,16.113579,16.20856523513794
164,6.441864967346191,0.8390034,0.8382740020751953,0.0002480541297700256,0.8379137516021729,16.09966,16.17259979248047
165,6.486157417297363,0.8391894,0.8385124802589417,0.00020022618991788477,0.838248610496521,16.081059,16.148751974105835
166,6.526849269866943,0.8391894,0.8386948704719543,0.00019158623763360083,0.8384702801704407,16.081059,16.130512952804565
167,6.560035228729248,0.8395128,0.8388850688934326,0.00017661206948105246,0.8386397957801819,16.048717,16.11149311065674
168,6.597996950149536,0.84019643,0.8390726447105408,0.00018322134565096349,0.8388642072677612,15.980357,16.092735528945923
169,6.637691497802734,0.840223,0.8392494320869446,0.00019427256484050304,0.8390283584594727,15.977698,16.075056791305542
170,6.675107955932617,0.8405436,0.8394313454627991,0.0002390378649579361,0.839214026927948,15.945637,16.056865453720093
171,6.714426040649414,0.8411166,0.8396123647689819,0.0003354826185386628,0.839346170425415,15.888339,16.038763523101807
172,6.753124475479126,0.8412128,0.8398646712303162,0.0004049853596370667,0.8394517302513123,15.878719,16.013532876968384
173,6.792906284332275,0.841237,0.8402286171913147,0.00042929340270347893,0.8396761417388916,15.876299,15.97713828086853
174,6.8325676918029785,0.84146714,0.8406598567962646,0.00033991754753515124,0.8401985168457031,15.853286,15.934014320373535
175,6.871859788894653,0.84157246,0.8409432172775269,0.00023602110741194338,0.8405947685241699,15.842753,15.905678272247314
176,6.911360263824463,0.8416031,0.8411695957183838,0.00015280049410648644,0.8409275412559509,15.83969,15.883040428161621
177,6.950075387954712,0.8418497,0.8413033485412598,0.0001534565381007269,0.8411411643028259,15.815031,15.869665145874023
178,6.987181663513184,0.8422048,0.8414402604103088,0.00017338556062895805,0.8412414789199829,15.779519,15.855973958969116
179,7.027484178543091,0.84223104,0.8416104912757874,0.00016515428433194757,0.8414412140846252,15.776896,15.838950872421265
180,7.065991640090942,0.84229475,0.841748058795929,0.00023085442080628127,0.8415625095367432,15.770525,15.825194120407104
181,7.105161428451538,0.8423858,0.8419795632362366,0.00023128034081310034,0.8416197299957275,15.761417,15.802043676376343
182,7.14439058303833,0.8423858,0.8421997427940369,8.26694376883097e-05,0.8420041799545288,15.761417,15.780025720596313
183,7.176076173782349,0.84253454,0.8422644734382629,5.561427315114997e-05,0.8422065377235413,15.746546,15.773552656173706
184,7.217551946640015,0.8425547,0.8423129320144653,6.047523856977932e-05,0.8422446846961975,15.744532,15.768706798553467
185,7.257819175720215,0.84261644,0.8423700332641602,6.863579619675875e-05,0.8422911763191223,15.738356,15.762996673583984
186,7.2986531257629395,0.84274065,0.8424357175827026,8.548140613129362e-05,0.842353880405426,15.725935,15.756428241729736
187,7.3391289710998535,0.8428605,0.8425257802009583,9.149401739705354e-05,0.8424032330513,15.713948,15.747421979904175
188,7.378373384475708,0.84292734,0.8426146507263184,7.502512016799301e-05,0.8425276875495911,15.707266,15.738534927368164
189,7.41732931137085,0.8432682,0.8426905274391174,8.406860433751717e-05,0.8426156640052795,15.673179,15.730947256088257
190,7.456082344055176,0.84360033,0.8427721261978149,0.0001271801593247801,0.842668890953064,15.639967,15.722787380218506
191,7.521644115447998,0.8435292,0.8402714729309082,0.002162412041798234,0.8356472253799438,15.647078,15.97285270690918
192,7.562334060668945,0.8435292,0.8421244025230408,0.0006012255907990038,0.8409513235092163,15.647078,15.787559747695923
193,7.595665216445923,0.8435728,0.8426793813705444,0.00029512052424252033,0.8421911001205444,15.64272,15.732061862945557
194,7.635461807250977,0.84383047,0.8429439067840576,0.0002742601791396737,0.8426506519317627,15.616953,15.705609321594238
195,7.6744561195373535,0.8439116,0.8431745171546936,0.0002819526707753539,0.8428398966789246,15.608841,15.68254828453064
196,7.715033531188965,0.8441019,0.8434631824493408,0.00024515370023436844,0.8431028723716736,15.589809,15.653681755065918
197,7.752591848373413,0.8441019,0.8436911702156067,0.0001635026856092736,0.8435067534446716,15.589809,15.630882978439331
198,7.783530235290527,0.8441019,0.8438374400138855,0.00014405118417926133,0.8436322212219238,15.589809,15.61625599861145
199,7.8155677318573,0.8442075,0.8439759612083435,7.537013880209997e-05,0.8438894748687744,15.579247,15.60240387916565
200,7.854112386703491,0.8443744,0.8440539836883545,7.578927034046501e-05,0.8439637422561646,15.562558,15.59460163116455
201,7.892892837524414,0.844382,0.8441339731216431,7.243144500534981e-05,0.844056248664856,15.561801,15.586602687835693
202,7.9300031661987305,0.84454614,0.844205915927887,9.038868302013725e-05,0.8441019058227539,15.545386,15.579408407211304
203,7.97071647644043,0.8453369,0.8443018794059753,0.00011292305134702474,0.8441876173019409,15.466309,15.569812059402466
204,8.00908350944519,0.8454238,0.8444177508354187,0.000187538011232391,0.844284176826477,15.457619,15.55822491645813
205,8.050610303878784,0.84587723,0.8445919752120972,0.00029355118749663234,0.844374418258667,15.412277,15.540802478790283
206,8.114591121673584,0.84585005,0.8423545360565186,0.0022094715386629105,0.83710116147995,15.414995,15.764546394348145
207,8.154234886169434,0.8460283,0.8441622853279114,0.0007024060469120741,0.8429778814315796,15.397167,15.583771467208862
208,8.19267463684082,0.8460283,0.8447789549827576,0.0004963334649801254,0.8441826105117798,15.397167,15.522104501724243
209,8.227596521377563,0.8460552,0.8452483415603638,0.0003859981952700764,0.8446488380432129,15.394479,15.475165843963623
210,8.264472484588623,0.84640217,0.8456136584281921,0.00023127208987716585,0.8452818393707275,15.359783,15.438634157180786
211,8.304294109344482,0.8464274,0.8458253145217896,0.00018779560923576355,0.8455686569213867,15.357262,15.417468547821045
212,8.343639612197876,0.846506,0.8460085391998291,0.00017066836880985647,0.8458135724067688,15.3494,15.39914608001709
213,8.383353233337402,0.8467518,0.8461725115776062,0.0001783887855708599,0.8460028767585754,15.32482,15.38274884223938
214,8.447163581848145,0.8466751,0.8433757424354553,0.0026376480236649513,0.8366401791572571,15.33249,15.662425756454468
215,8.487985134124756,0.8468627,0.8455818891525269,0.0006554371793754399,0.844140887260437,15.313732,15.441811084747314
216,8.5265531539917,0.8468627,0.8461535573005676,0.0003179169143550098,0.8456894159317017,15.313732,15.384644269943237
217,8.558706998825073,0.8469388,0.8464474081993103,0.00021013847435824573,0.8461084365844727,15.306121,15.35525918006897
218,8.601082563400269,0.8470194,0.8466403484344482,0.0001369144447380677,0.8464511632919312,15.298062,15.335965156555176
219,8.645907878875732,0.8473364,0.8467775583267212,0.00010991659655701369,0.8466321229934692,15.266359,15.32224416732788
220,8.68647027015686,0.8473364,0.8468837141990662,9.295462950831279e-05,0.8467599749565125,15.266359,15.311628580093384
221,8.718194246292114,0.84745514,0.8469752669334412,0.00010458214819664136,0.8468786478042603,15.254486,15.302473306655884
222,8.756019353866577,0.84745514,0.847078263759613,0.00012209931446705014,0.8469545245170593,15.254486,15.292173624038696
223,8.788355588912964,0.8478214,0.8471808433532715,0.00014110226766206324,0.8470335006713867,15.217858,15.281915664672852
224,8.827628374099731,0.8478216,0.8473203182220459,0.0001400998589815572,0.8471373319625854,15.21784,15.26796817779541
225,8.867499113082886,0.84803206,0.8474826216697693,0.00016266369493678212,0.8473290205001831,15.1967945,15.251737833023071
226,8.905213356018066,0.84829575,0.8476691842079163,0.00019301645806990564,0.847433865070343,15.170425,15.233081579208374
227,8.94675350189209,0.8484995,0.8478783965110779,0.00017595886311028153,0.8476674556732178,15.150052,15.212160348892212
228,8.986578226089478,0.8485663,0.8480657339096069,0.00018372363410890102,0.8478357195854187,15.143371,15.193426609039307
229,9.025848388671875,0.8490462,0.8482540249824524,0.00017903272237163037,0.8480179309844971,15.095383,15.17459750175476
230,9.06408977508545,0.8490462,0.8484514951705933,0.00018311271560378373,0.8482378125190735,15.095383,15.154850482940674
231,9.095490455627441,0.84928346,0.8486420512199402,0.00017225781630259007,0.8484243750572205,15.071654,15.135794878005981
232,9.132883787155151,0.8494851,0.8488155007362366,0.00015852136129979044,0.8486231565475464,15.05149,15.118449926376343
233,9.173269987106323,0.8495264,0.8489664196968079,0.0001651676429901272,0.8487996459007263,15.047359,15.103358030319214
234,9.213878631591797,0.849865,0.8491252064704895,0.0001880017080111429,0.8489131331443787,15.013498,15.08747935295105
235,9.2541024684906,0.849865,0.8493266701698303,0.00018769013695418835,0.8490760326385498,15.013498,15.067332983016968
236,9.287432670593262,0.8500494,0.8495206236839294,0.00015562678163405508,0.8493040800094604,14.995062,15.047937631607056
237,9.330907106399536,0.8504211,0.849682629108429,0.00015933149552438408,0.8495014905929565,14.957893,15.031737089157104
238,9.36780071258545,0.8505755,0.8498383164405823,0.0001775417331373319,0.8496578335762024,14.94245,15.016168355941772
239,9.405816555023193,0.85063756,0.8500077128410339,0.00019111399888060987,0.8497838377952576,14.936245,14.999228715896606
240,9.445511817932129,0.8508844,0.8501906991004944,0.0001914650056278333,0.8499666452407837,14.911562,14.980930089950562
241,9.484375953674316,0.8512531,0.8503706455230713,0.00018258859927300364,0.8501460552215576,14.874691,14.962935447692871
242,9.523280620574951,0.8512531,0.8505448698997498,0.00017253901751246303,0.8503520488739014,14.874691,14.945513010025024
243,9.556244850158691,0.8512667,0.8507142663002014,0.00017821455548983067,0.850522518157959,14.873332,14.928573369979858
244,9.597865581512451,0.8514025,0.8508857488632202,0.00017777510220184922,0.8506706953048706,14.859748,14.911425113677979
245,9.638362169265747,0.85149455,0.8510459065437317,0.00015779811656102538,0.8508660793304443,14.850545,14.895409345626831
246,9.680362939834595,0.8515631,0.8512029647827148,0.00012156192678958178,0.8510004281997681,14.843691,14.879703521728516
247,9.719778060913086,0.8516155,0.8513181209564209,7.959045615280047e-05,0.8512297868728638,14.838451,14.86818790435791
248,9.758912086486816,0.8518198,0.8513860702514648,8.520523260813206e-05,0.8512951135635376,14.818019,14.861392974853516
249,9.79777479171753,0.85193634,0.8514716625213623,0.00011122679279651493,0.8513555526733398,14.806366,14.85283374786377
250,9.836535930633545,0.8522188,0.8515708446502686,0.00014130238560028374,0.8514469861984253,14.778119,14.842915534973145
251,9.87540864944458,0.85230756,0.8516945242881775,0.00017212258535437286,0.8515124320983887,14.769244,14.830547571182251
252,9.914313077926636,0.8523506,0.8518630266189575,0.00014236713468562812,0.8516682386398315,14.76494,14.813697338104248
253,9.95343565940857,0.8523506,0.85200035572052,0.00013252810458652675,0.8518472909927368,14.76494,14.799964427947998
254,9.985382318496704,0.852354,0.8521131873130798,0.00013306150503922254,0.8519502878189087,14.764601,14.788681268692017
255,10.024056911468506,0.85243833,0.8522453308105469,7.428033859468997e-05,0.8520913124084473,14.756166,14.775466918945312
256,10.064257621765137,0.8524398,0.852312445640564,4.272094156476669e-05,0.8522440195083618,14.756018,14.768755435943604
257,10.10427451133728,0.8525028,0.8523525595664978,3.875141192111187e-05,0.8523085117340088,14.749718,14.76474404335022
258,10.143941879272461,0.85257596,0.8523909449577332,4.9838447012007236e-05,0.8523484468460083,14.742404,14.760905504226685
259,10.183247089385986,0.85258234,0.8524379134178162,5.771774158347398e-05,0.8523721694946289,14.741766,14.756208658218384
260,10.225484848022461,0.85261303,0.8524971008300781,4.896143218502402e-05,0.8524240255355835,14.738697,14.750289916992188
261,10.265637636184692,0.8528005,0.8525480031967163,4.7076999180717394e-05,0.8525022268295288,14.719952,14.74519968032837
262,10.306511402130127,0.8528251,0.8525943160057068,6.427198968594894e-05,0.852536141872406,14.717489,14.740568399429321
263,10.347402811050415,0.85286385,0.8526517748832703,7.914044545032084e-05,0.8525785207748413,14.713615,14.734822511672974
264,10.411993503570557,0.8528565,0.8495393991470337,0.0027386087458580732,0.8428623676300049,14.714348,15.04606008529663
265,10.451313495635986,0.85288566,0.8518199324607849,0.0007380643510259688,0.8501552939414978,14.711433,14.818006753921509
266,10.490316152572632,0.85291666,0.8524811863899231,0.000254606333328411,0.8519688248634338,14.708334,14.75188136100769
267,10.530134677886963,0.85294676,0.8527061343193054,0.00010927005496341735,0.8525116443634033,14.705324,14.729386568069458
268,10.569259643554688,0.85301346,0.8528124690055847,6.576178566319868e-05,0.8526958227157593,14.698654,14.718753099441528
269,10.609193086624146,0.8530905,0.8528753519058228,5.21187212143559e-05,0.8528055548667908,14.690948,14.712464809417725
270,10.648329019546509,0.85317135,0.8529313802719116,6.680007936665788e-05,0.8528624773025513,14.682865,14.706861972808838
271,10.687192916870117,0.8534942,0.8530017733573914,8.425213309237733e-05,0.8529106378555298,14.650578,14.699822664260864
272,10.727143287658691,0.8536088,0.8530875444412231,9.327590669272467e-05,0.8529828190803528,14.639121,14.691245555877686
273,10.766425848007202,0.85362345,0.8531819581985474,0.00011049922613892704,0.8530723452568054,14.637655,14.681804180145264
274,10.80590295791626,0.85378337,0.8532946705818176,0.00014957411622162908,0.8531589508056641,14.621663,14.670532941818237
275,10.844919681549072,0.8538371,0.8534223437309265,0.00017447186110075563,0.8532472252845764,14.616293,14.657765626907349
276,10.884888410568237,0.85419774,0.8535975813865662,0.00017199359717778862,0.8533637523651123,14.580226,14.640241861343384
277,10.924291133880615,0.8543934,0.8537823557853699,0.00014870631275698543,0.8536087870597839,14.5606575,14.621764421463013
278,10.963297367095947,0.85445726,0.853910505771637,0.00015731406165286899,0.8537628054618835,14.554274,14.608949422836304
279,11.00196647644043,0.85480905,0.8540546894073486,0.00017372866568621248,0.8538669347763062,14.519095,14.594531059265137
280,11.0403470993042,0.8548657,0.8542221784591675,0.00016746041364967823,0.8540059328079224,14.513433,14.577782154083252
281,11.082022190093994,0.8551071,0.8543956279754639,0.00018767047731671482,0.8541977405548096,14.489287,14.560437202453613
282,11.128398656845093,0.85516226,0.8545759916305542,0.00022274792718235403,0.8543429374694824,14.483774,14.54240083694458
283,11.17375659942627,0.85516226,0.8547835946083069,0.00019537760817911476,0.8544907569885254,14.483774,14.521640539169312
284,11.20709753036499,0.8552571,0.8549734354019165,0.00011625070328591391,0.854804277420044,14.474291,14.50265645980835
285,11.249113082885742,0.85540366,0.8550840616226196,7.848606037441641e-05,0.8549751043319702,14.459634,14.491593837738037
286,11.288930177688599,0.8555593,0.8551625609397888,7.909451960586011e-05,0.8550800085067749,14.444071,14.483743906021118
287,11.329476833343506,0.8555593,0.8552405834197998,7.557153730886057e-05,0.8551535606384277,14.444071,14.47594165802002
288,11.36256217956543,0.8556843,0.8553028106689453,8.971073111752048e-05,0.8552384972572327,14.431572,14.469718933105469
289,11.403892993927002,0.85568786,0.8553673028945923,0.00011116843961644918,0.8552699089050293,14.431214,14.463269710540771
290,11.441745519638062,0.8557749,0.8554670810699463,0.0001145022688433528,0.855312168598175,14.422512,14.453291893005371
291,11.482151985168457,0.8558183,0.8555823564529419,8.465571590932086e-05,0.8554713726043701,14.418173,14.44176435470581
292,11.52107286453247,0.85599494,0.8556745648384094,8.68466158863157e-05,0.8555592894554138,14.400506,14.432543516159058
293,11.560049295425415,0.85599494,0.8557594418525696,6.939024024177343e-05,0.855675995349884,14.400506,14.424055814743042
294,11.59212040901184,0.8561012,0.8558191657066345,7.665628800168633e-05,0.8557428121566772,14.389878,14.418083429336548
295,11.63072419166565,0.856148,0.8558807969093323,8.481633994961157e-05,0.8557760715484619,14.3852,14.411920309066772
296,11.669098377227783,0.8562528,0.8559669256210327,7.361878670053557e-05,0.8558806777000427,14.374722,14.403307437896729
297,11.707862854003906,0.8563694,0.8560455441474915,8.624141628388315e-05,0.8559519052505493,14.363062,14.395445585250854
298,11.77526593208313,0.8562653,0.853393018245697,0.00227513094432652,0.8483060598373413,14.373469,14.660698175430298
299,11.817067861557007,0.8563467,0.8553082346916199,0.0005683412891812623,0.8542801737785339,14.365328,14.469176530838013
300,11.855454921722412,0.8563467,0.8558084964752197,0.00027661974309012294,0.8553066253662109,14.365328,14.419150352478027
301,11.885406970977783,0.8564124,0.8560658097267151,0.0001410631084581837,0.8558579683303833,14.358759,14.393419027328491
302,11.925119161605835,0.8565569,0.8562104105949402,0.00010304620809620246,0.8560640811920166,14.344311,14.378958940505981
303,11.965001821517944,0.8567096,0.8563172817230225,9.742940892465413e-05,0.8562047481536865,14.329041,14.368271827697754
304,12.004212379455566,0.8567904,0.8564170002937317,9.249095455743372e-05,0.856288492679596,14.320957,14.358299970626831
305,12.044273138046265,0.85682803,0.8565067052841187,8.626034104963765e-05,0.856412410736084,14.317197,14.349329471588135
306,12.084267139434814,0.85695803,0.8565840125083923,9.082958422368392e-05,0.8564876914024353,14.304197,14.341598749160767
307,12.124767303466797,0.8570591,0.8566762208938599,9.962976764654741e-05,0.8565572500228882,14.294088,14.332377910614014
308,12.166026592254639,0.8570591,0.8567812442779541,9.35636053327471e-05,0.856663167476654,14.294088,14.32187557220459
309,12.199279546737671,0.85716623,0.8568770885467529,8.65151232574135e-05,0.8567708730697632,14.283377,14.312291145324707
310,12.23923635482788,0.85726595,0.8569695353507996,8.142566366586834e-05,0.8568572402000427,14.273405,14.303046464920044
311,12.281406164169312,0.8573824,0.8570560812950134,7.599671516800299e-05,0.8569590449333191,14.261759,14.294391870498657
312,12.320847749710083,0.8574245,0.8571353554725647,8.672102558193728e-05,0.8570586442947388,14.25755,14.28646445274353
313,12.388673067092896,0.85743374,0.854274570941925,0.00250823050737381,0.8487045764923096,14.256626,14.572542905807495
314,12.428245306015015,0.85746574,0.8564043641090393,0.0006895147380419075,0.8551543951034546,14.253426,14.35956358909607
315,12.469908714294434,0.85754025,0.8570429086685181,0.00019246073497924954,0.8566665649414062,14.2459755,14.295709133148193
316,12.509040832519531,0.8575611,0.8572126030921936,0.00014128995826467872,0.8570568561553955,14.243889,14.27873969078064
317,12.550166130065918,0.8576199,0.8573470711708069,0.00011528271716088057,0.8571696281433105,14.238012,14.265292882919312
318,12.593216180801392,0.8576829,0.857459306716919,7.689297490287572e-05,0.857343852519989,14.231711,14.254069328308105
319,12.64881682395935,0.8576829,0.8575339913368225,4.934793832944706e-05,0.8574657440185547,14.231711,14.246600866317749
320,12.687347888946533,0.8577771,0.8575787544250488,4.5725060772383586e-05,0.8575327396392822,14.222288,14.242124557495117
321,12.72750973701477,0.8577995,0.857623815536499,5.3142230171943083e-05,0.8575701713562012,14.220053,14.237618446350098
322,12.767436742782593,0.85788894,0.8576739430427551,5.642745963996276e-05,0.8576036095619202,14.211106,14.232605695724487
323,12.807512760162354,0.85792875,0.8577336668968201,4.8627276555635035e-05,0.857673168182373,14.207125,14.226633310317993
324,12.848487615585327,0.8579397,0.8577796220779419,4.502229785430245e-05,0.8577324151992798,14.206028,14.22203779220581
325,12.916582345962524,0.8579795,0.8543075919151306,0.0031483613420277834,0.8470845222473145,14.202052,14.569240808486938
326,12.954793453216553,0.85802084,0.8570345044136047,0.0007685222080908716,0.8552221059799194,14.197916,14.296549558639526
327,12.993553876876831,0.8580409,0.8576809763908386,0.000220475674723275,0.8572020530700684,14.195908,14.231902360916138
328,13.03433108329773,0.8581355,0.8578687310218811,9.170338307740167e-05,0.8577332496643066,14.186448,14.21312689781189
329,13.073372840881348,0.85824287,0.8579576015472412,7.538502541137859e-05,0.8578525185585022,14.175713,14.204239845275879
330,13.112114429473877,0.85842633,0.8580374717712402,7.196558726718649e-05,0.857958197593689,14.157367,14.196252822875977
331,13.15078067779541,0.8584946,0.858110785484314,8.547701145289466e-05,0.8580207228660583,14.150542,14.188921451568604
332,13.189897775650024,0.85859585,0.858193576335907,9.296972712036222e-05,0.8580925464630127,14.140415,14.180642366409302
333,13.23053765296936,0.85859585,0.858277440071106,9.589210822014138e-05,0.8581684827804565,14.140415,14.172255992889404
334,13.264946699142456,0.8587117,0.8583747744560242,9.752126061357558e-05,0.8582570552825928,14.128828,14.162522554397583
335,13.308363199234009,0.8587652,0.8584750890731812,9.132662671618164e-05,0.8583493232727051,14.123482,14.152491092681885
336,13.375449657440186,0.85874826,0.8558933138847351,0.0023314279969781637,0.8506853580474854,14.1251745,14.41066861152649
337,13.415457487106323,0.8588342,0.8579159379005432,0.0005546882748603821,0.8566640615463257,14.116579,14.208406209945679
338,13.454574823379517,0.85902745,0.8584179878234863,0.00021776721405331045,0.8580280542373657,14.097256,14.158201217651367
339,13.49485993385315,0.85902745,0.8586046695709229,0.00014351241406984627,0.858415424823761,14.097256,14.139533042907715
340,13.527599096298218,0.85902745,0.8587532043457031,0.00010846884833881631,0.8585832715034485,14.097256,14.124679565429688
341,13.56017541885376,0.8591438,0.8588613271713257,8.30037024570629e-05,0.8587565422058105,14.085621,14.113867282867432
342,13.599997997283936,0.8592212,0.8589426279067993,7.852552516851574e-05,0.8588479161262512,14.077878,14.105737209320068
343,13.640666723251343,0.85928905,0.8590229749679565,6.95043636369519e-05,0.8589344024658203,14.0710945,14.097702503204346
344,13.679566383361816,0.85937774,0.8590917587280273,7.53380372771062e-05,0.859017014503479,14.062225,14.090824127197266
345,13.720179319381714,0.85938203,0.8591674566268921,7.75859080022201e-05,0.8590765595436096,14.061796,14.083254337310791
346,13.759519338607788,0.8594455,0.8592410087585449,6.467393541242927e-05,0.8591570258140564,14.055449,14.075899124145508
347,13.799912452697754,0.8595265,0.8593090772628784,6.29107016720809e-05,0.8592260479927063,14.047348,14.069092273712158
348,13.840050220489502,0.8595861,0.8593770861625671,5.876896466361359e-05,0.8593053221702576,14.041388,14.062291383743286
349,13.880423784255981,0.8596344,0.8594390749931335,5.614090696326457e-05,0.8593728542327881,14.03656,14.056092500686646
350,13.920480966567993,0.85972106,0.8595001101493835,5.446342765935697e-05,0.8594423532485962,14.027893,14.049988985061646
351,13.959085464477539,0.8597553,0.8595492839813232,6.339165702229366e-05,0.8594750761985779,14.024472,14.045071601867676
352,13.999184370040894,0.8598162,0.859609067440033,6.272760947467759e-05,0.8595370650291443,14.018381,14.039093255996704
353,14.038628101348877,0.8598866,0.859675407409668,5.530152338906191e-05,0.8596040606498718,14.011341,14.032459259033203
354,14.079833507537842,0.85998005,0.8597332239151001,6.48192799417302e-05,0.8596628904342651,14.001995,14.02667760848999
355,14.119337797164917,0.8600402,0.8598068952560425,7.264995656441897e-05,0.8597233295440674,13.995981,14.019310474395752
356,14.158700942993164,0.860168,0.8598856329917908,7.124414696590975e-05,0.8597927689552307,13.983202,14.011436700820923
357,14.198880672454834,0.86021763,0.8599535226821899,6.352365016937256e-05,0.859883189201355,13.978237,14.004647731781006
358,14.23978328704834,0.86040324,0.8600117564201355,7.557550998171791e-05,0.859942615032196,13.959676,13.99882435798645
359,14.281599998474121,0.86040324,0.8600903749465942,9.703835530672222e-05,0.8599898219108582,13.959676,13.990962505340576
360,14.315930843353271,0.86053467,0.8601740598678589,0.00010571096936473623,0.8600611090660095,13.946533,13.982594013214111
361,14.356210947036743,0.8606537,0.8602887392044067,0.00011999124399153516,0.8601474165916443,13.93463,13.971126079559326
362,14.395225286483765,0.86072856,0.8604148030281067,0.00010007762466557324,0.8602780103683472,13.927144,13.958519697189331
363,14.43466591835022,0.860781,0.860512912273407,7.981612725416198e-05,0.8604044914245605,13.921899,13.948708772659302
364,14.472837209701538,0.86082613,0.8606009483337402,7.208621536847204e-05,0.8605092763900757,13.917387,13.939905166625977
365,14.513316869735718,0.86128,0.8606773018836975,7.837521116016433e-05,0.8605908155441284,13.871998,13.932269811630249
366,14.553039789199829,0.86128,0.8607503771781921,8.362285007024184e-05,0.8606570363044739,13.871998,13.924962282180786
367,14.585952043533325,0.8613621,0.8608366250991821,0.00010933729936368763,0.8607351183891296,13.8637905,13.916337490081787
368,14.652855157852173,0.8613095,0.8581408858299255,0.0023934687487781048,0.8524056673049927,13.869047,14.185911417007446
369,14.692774057388306,0.8615631,0.8601926565170288,0.0006486082565970719,0.8590618371963501,13.843691,13.98073434829712
370,14.738523721694946,0.8616648,0.860807478427887,0.00029317373991943896,0.8603368997573853,13.833523,13.919252157211304
371,14.779351472854614,0.8618599,0.8610779643058777,0.00025194481713697314,0.8607944250106812,13.814009,13.892203569412231
372,14.81964921951294,0.86208487,0.8613099455833435,0.0002623446052893996,0.8609989881515503,13.791513,13.86900544166565
373,14.857485294342041,0.8627471,0.8615787029266357,0.0002662314218468964,0.8612298369407654,13.725292,13.842129707336426
374,14.897071599960327,0.8627931,0.8618617057800293,0.00022832576360087842,0.8615774512290955,13.720692,13.81382942199707
375,14.936894178390503,0.8628095,0.8620792627334595,0.00022964128584135324,0.8618320226669312,13.719052,13.792073726654053
376,14.977625846862793,0.8629075,0.8622761368751526,0.000245839124545455,0.8620515465736389,13.709248,13.772386312484741
377,15.017739057540894,0.8630803,0.8625085949897766,0.0002658262092154473,0.8621855974197388,13.691968,13.749140501022339
378,15.05697774887085,0.8630831,0.8627771735191345,0.00012258178321644664,0.8625032305717468,13.691688,13.722282648086548
379,15.097910642623901,0.86312455,0.8628792762756348,8.46630719024688e-05,0.8627769947052002,13.687545,13.712072372436523
380,15.137726306915283,0.86319757,0.8629587292671204,7.164484850363806e-05,0.8628684282302856,13.6802435,13.704127073287964
381,15.17854619026184,0.86320335,0.8630291819572449,5.97761245444417e-05,0.8629469871520996,13.679666,13.697081804275513
382,15.218263864517212,0.86346513,0.8630931377410889,5.601915472652763e-05,0.8630216121673584,13.653487,13.690686225891113
383,15.259244680404663,0.86346513,0.8631547689437866,7.254641241161153e-05,0.8630831241607666,13.653487,13.684523105621338
384,15.292203426361084,0.8634682,0.863222062587738,8.204078039852902e-05,0.8631319999694824,13.653177,13.677793741226196
385,15.333893060684204,0.8636013,0.8632978200912476,8.807115227682516e-05,0.8632028102874756,13.639868,13.670217990875244
386,15.373903512954712,0.86364084,0.8633814454078674,8.317072206409648e-05,0.8632746338844299,13.635916,13.661855459213257
387,15.43771243095398,0.86357605,0.860419511795044,0.0026152527425438166,0.8549253940582275,13.642395,13.958048820495605
388,15.475306034088135,0.8635926,0.862678050994873,0.0006292973994277418,0.8614324331283569,13.640738,13.732194900512695
389,15.517576456069946,0.86374307,0.8632403016090393,0.00022865035862196237,0.8627753257751465,13.625693,13.67596983909607
390,15.557619571685791,0.8639581,0.863446831703186,0.00013039231998845935,0.8632520437240601,13.604188,13.655316829681396
391,15.596616506576538,0.8639581,0.8635707497596741,0.00011427442223066464,0.8634320497512817,13.604188,13.642925024032593
392,15.627909898757935,0.8640218,0.8636895418167114,0.00011196544801350683,0.8635690212249756,13.597822,13.631045818328857
393,15.667107820510864,0.864149,0.8638176918029785,0.00011461522808531299,0.863669753074646,13.585102,13.618230819702148
394,15.70773434638977,0.8642304,0.8639337420463562,9.97342067421414e-05,0.8638017177581787,13.576961,13.60662579536438
395,15.747756004333496,0.8643649,0.864039957523346,9.318657976109535e-05,0.8639371395111084,13.563508,13.596004247665405
396,15.787852048873901,0.86446506,0.8641361594200134,8.422265091212466e-05,0.864016592502594,13.553494,13.586384057998657
397,15.82669711112976,0.86446846,0.8642148971557617,7.73665597080253e-05,0.8641316890716553,13.553154,13.578510284423828
398,15.866681814193726,0.86446977,0.8642874956130981,7.015747542027384e-05,0.8642115592956543,13.553023,13.571250438690186
399,15.906473159790039,0.86475414,0.8643589019775391,7.360822201007977e-05,0.8642601370811462,13.524586,13.564109802246094
400,15.947964668273926,0.8647614,0.8644319176673889,7.676283712498844e-05,0.8643555045127869,13.523859,13.556808233261108
401,15.986996412277222,0.8648711,0.8645035624504089,8.993595110950992e-05,0.8644142150878906,13.512892,13.549643754959106
402,16.026354551315308,0.86496437,0.8645842671394348,0.00010697021207306534,0.8644697666168213,13.503563,13.541573286056519
403,16.0654399394989,0.86498386,0.8646911382675171,0.00010601084068184718,0.864559531211853,13.501615,13.530886173248291
404,16.103764057159424,0.8651748,0.8648068904876709,9.438316192245111e-05,0.8646666407585144,13.482523,13.51931095123291
405,16.14913773536682,0.865202,0.8649006485939026,8.481957775074989e-05,0.8647993803024292,13.479799,13.509935140609741
406,16.191518783569336,0.86530626,0.8649848103523254,0.00010420344187878072,0.8648794889450073,13.469374,13.501518964767456
407,16.231122732162476,0.86543083,0.8650698661804199,0.00011285774235147983,0.8649476766586304,13.456917,13.493013381958008
408,16.271459817886353,0.8655203,0.8651883006095886,0.0001001296695903875,0.8650515079498291,13.44797,13.481169939041138
409,16.31309199333191,0.8655203,0.8652832508087158,7.954474131111056e-05,0.8651820421218872,13.44797,13.471674919128418
410,16.345906734466553,0.8655708,0.8653554916381836,6.920055602677166e-05,0.8652732968330383,13.442922,13.46445083618164
411,16.387140035629272,0.8656455,0.8654243350028992,6.0096073866588995e-05,0.8653504848480225,13.435448,13.457566499710083
412,16.427088022232056,0.8657062,0.8654819130897522,5.789181523141451e-05,0.8654175996780396,13.429379,13.45180869102478
413,16.46690320968628,0.8657357,0.8655378222465515,5.908156526857056e-05,0.8654689788818359,13.426429,13.446217775344849
414,16.506797790527344,0.8658194,0.8655941486358643,5.819460784550756e-05,0.8655240535736084,13.41806,13.440585136413574
415,16.545908212661743,0.8658634,0.8656548261642456,6.101465260144323e-05,0.8655825257301331,13.413662,13.43451738357544
416,16.586540699005127,0.86598563,0.8657218813896179,7.206148438854143e-05,0.8656407594680786,13.401437,13.427811861038208
417,16.626588106155396,0.86601186,0.8658024072647095,7.916308823041618e-05,0.8657077550888062,13.398814,13.419759273529053
418,16.666456699371338,0.86618966,0.8658828139305115,7.605043356306851e-05,0.8657916784286499,13.381034,13.411718606948853
419,16.70544171333313,0.8662112,0.865966796875,7.076961628627032e-05,0.8658661842346191,13.378882,13.4033203125
420,16.745911359786987,0.8663799,0.8660374879837036,7.198329694801942e-05,0.8659666776657104,13.362008,13.396251201629639
421,16.786248207092285,0.8665276,0.8661086559295654,8.610383520135656e-05,0.8660094738006592,13.347239,13.389134407043457
422,16.826493740081787,0.86658657,0.8661983013153076,9.390455670654774e-05,0.8661022186279297,13.341343,13.380169868469238
423,16.86508297920227,0.8667394,0.8662877678871155,0.0001267387851839885,0.8661794662475586,13.326061,13.371223211288452
424,16.905368328094482,0.86691177,0.8664000034332275,0.00015167229867074639,0.8662329316139221,13.308823,13.359999656677246
425,16.945364236831665,0.86691177,0.8665480613708496,0.00012569103273563087,0.8663648366928101,13.308823,13.345193862915039
426,16.978254318237305,0.8670027,0.8666595220565796,0.0001011189233395271,0.8665542602539062,13.299727,13.334047794342041
427,17.018292665481567,0.8670027,0.8667435050010681,9.777686500456184e-05,0.8666177988052368,13.299727,13.325649499893188
428,17.051148653030396,0.8670057,0.8668268322944641,7.736094266874716e-05,0.8667424917221069,13.299429,13.317316770553589
429,17.093286514282227,0.8672057,0.8669037222862244,7.173563062679023e-05,0.8667974472045898,13.279432,13.309627771377563
430,17.13228130340576,0.8672057,0.866974949836731,4.489231650950387e-05,0.8669223785400391,13.279432,13.302505016326904
431,17.162773609161377,0.8672057,0.8670095801353455,4.950108996126801e-05,0.8669645190238953,13.279432,13.299041986465454
432,17.19490957260132,0.867372,0.8670536875724792,6.907238275744021e-05,0.8669968247413635,13.262802,13.294631242752075
433,17.234089851379395,0.8673955,0.8671144247055054,8.656747377244756e-05,0.8670247197151184,13.260448,13.288557529449463
434,17.272571325302124,0.86745507,0.8671942949295044,9.33139308472164e-05,0.8670841455459595,13.254494,13.28057050704956
435,17.316136121749878,0.8675904,0.867299497127533,7.642438868060708e-05,0.8671927452087402,13.240957,13.270050287246704
436,17.35595154762268,0.8676162,0.8673698902130127,6.008911077515222e-05,0.8672894835472107,13.238382,13.26301097869873
437,17.395900011062622,0.8676162,0.867421567440033,5.8217934565618634e-05,0.8673661947250366,13.238382,13.257843255996704
438,17.427967309951782,0.86770576,0.8674756288528442,6.829860649304464e-05,0.8674026727676392,13.2294235,13.252437114715576
439,17.468441486358643,0.8677552,0.8675471544265747,6.974292773520574e-05,0.8674550652503967,13.224483,13.24528455734253
440,17.508613348007202,0.8677645,0.8676211833953857,4.923832602798939e-05,0.8675471544265747,13.223553,13.237881660461426
441,17.54741668701172,0.86820924,0.8676755428314209,7.401304173981771e-05,0.8676161766052246,13.179075,13.23244571685791
442,17.58741855621338,0.86820924,0.8677385449409485,0.0001200905826408416,0.8676565885543823,13.179075,13.226145505905151
443,17.620283126831055,0.86834544,0.8678367137908936,0.00017821397341322154,0.8677008748054504,13.165456,13.216328620910645
444,17.659206867218018,0.8684195,0.8679887652397156,0.00021171360276639462,0.8677560687065125,13.158047,13.201123476028442
445,17.699043035507202,0.8685275,0.8682028651237488,0.00012711055751424283,0.8679218292236328,13.147253,13.179713487625122
446,17.739524602890015,0.8685275,0.8683181405067444,6.90514498273842e-05,0.8682214617729187,13.147253,13.168185949325562
447,17.770853281021118,0.86860603,0.8683817982673645,6.402020517271012e-05,0.8683089017868042,13.139397,13.16182017326355
448,17.810702562332153,0.86860603,0.8684430718421936,5.835353658767417e-05,0.8683682084083557,13.139397,13.15569281578064
449,17.843613386154175,0.8686931,0.8684995770454407,5.1199302106397226e-05,0.8684333562850952,13.130689,13.150042295455933
450,17.883574962615967,0.86871576,0.8685533404350281,4.904866000288166e-05,0.8684965968132019,13.128424,13.144665956497192
451,17.921908855438232,0.86881125,0.8686055541038513,5.2403822337510064e-05,0.8685417175292969,13.1188755,13.139444589614868
452,17.960098028182983,0.8692593,0.868659257888794,6.75934279570356e-05,0.8685977458953857,13.07407,13.134074211120605
453,18.000799417495728,0.8692593,0.8687230944633484,0.00010135534830624238,0.8686434030532837,13.07407,13.127690553665161
454,18.03364634513855,0.86938393,0.8688176870346069,0.00015713818720541894,0.868698000907898,13.061607,13.118231296539307
455,18.07466411590576,0.8695495,0.8689519166946411,0.00020040443632751703,0.8687685132026672,13.045049,13.104808330535889
456,18.11423897743225,0.8696158,0.8691415786743164,0.00021154191927053034,0.8688672184944153,13.038421,13.08584213256836
457,18.153218269348145,0.8697499,0.8693639636039734,0.00012421223800629377,0.8691930174827576,13.025009,13.063603639602661
458,18.192307949066162,0.869841,0.8694790005683899,0.00011617290147114545,0.8693439364433289,13.015902,13.05209994316101
459,18.23272156715393,0.86985373,0.8695923089981079,0.00010802071483340114,0.8694515228271484,13.0146265,13.040769100189209
460,18.273083209991455,0.86990166,0.8697010278701782,7.709542842349038e-05,0.8695869445800781,13.009834,13.029897212982178
461,18.31773281097412,0.8699475,0.8697755336761475,5.3691022912971675e-05,0.8697033524513245,13.005251,13.022446632385254
462,18.356924533843994,0.8699639,0.8698274493217468,4.186293881502934e-05,0.869763195514679,13.003612,13.017255067825317
463,18.39662504196167,0.8700738,0.8698666095733643,4.523165989667177e-05,0.8698223233222961,12.99262,13.013339042663574
464,18.435518980026245,0.87009734,0.8699086904525757,5.070085171610117e-05,0.8698488473892212,12.990266,13.009130954742432
465,18.475147247314453,0.87009734,0.8699604272842407,4.611559052136727e-05,0.8699091672897339,12.990266,13.003957271575928
466,18.508740425109863,0.8701466,0.8700042963027954,4.9205180403077975e-05,0.8699473142623901,12.985343,12.999570369720459
467,18.548837900161743,0.8702151,0.8700556755065918,4.332801472628489e-05,0.8699873089790344,12.978488,12.99443244934082
468,18.588907718658447,0.87028617,0.87010258436203,4.279095446690917e-05,0.8700600266456604,12.971383,12.989741563796997
469,18.62836241722107,0.87030107,0.8701438307762146,5.3406067308969796e-05,0.8700881004333496,12.969893,12.98561692237854
470,18.667619943618774,0.8703234,0.8701944947242737,5.396888082032092e-05,0.8701334595680237,12.967658,12.980550527572632
471,18.706868171691895,0.8704713,0.8702501058578491,4.287520641810261e-05,0.8701819181442261,12.95287,12.974989414215088
472,18.74744725227356,0.87048745,0.8702934384346008,4.2819017835427076e-05,0.8702478408813477,12.951255,12.970656156539917
473,18.78784441947937,0.87057775,0.8703330755233765,5.1058428653050214e-05,0.8702880144119263,12.9422245,12.966692447662354
474,18.82988405227661,0.8706261,0.870377242565155,6.635877070948482e-05,0.8703190684318542,12.937391,12.962275743484497
475,18.87148666381836,0.87067115,0.8704448342323303,8.17501058918424e-05,0.8703543543815613,12.932884,12.955516576766968
476,18.9127459526062,0.87074816,0.8705288171768188,7.26198559277691e-05,0.8704179525375366,12.925184,12.947118282318115
477,18.95274329185486,0.87085164,0.8706071376800537,6.04814340476878e-05,0.8705401420593262,12.914837,12.939286231994629
478,18.997198820114136,0.870886,0.8706679344177246,6.478967407019809e-05,0.8705934882164001,12.911397,12.933206558227539
479,19.036760568618774,0.8709455,0.8707306981086731,6.780322291888297e-05,0.8706578016281128,12.905449,12.92693018913269
480,19.07782006263733,0.871071,0.8707968592643738,6.485672201961279e-05,0.8707120418548584,12.892902,12.920314073562622
481,19.1177237033844,0.871071,0.870862603187561,5.8896974223898724e-05,0.8707914352416992,12.892902,12.913739681243896
482,19.154083013534546,0.87114155,0.8709225058555603,5.726805829908699e-05,0.8708480596542358,12.885845,12.90774941444397
483,19.197454929351807,0.87123317,0.870984673500061,5.8318895753473043e-05,0.8709173798561096,12.876683,12.901532649993896
484,19.239696502685547,0.87123793,0.8710413575172424,5.645018245559186e-05,0.8709737062454224,12.876206,12.895864248275757
485,19.281646013259888,0.87123793,0.8710962533950806,5.490257899509743e-05,0.8710275888442993,12.876206,12.890374660491943
486,19.31634020805359,0.87133324,0.8711530566215515,4.968684515915811e-05,0.8710898756980896,12.866676,12.884694337844849
487,19.357115745544434,0.8715658,0.8712071180343628,5.755055826739408e-05,0.8711425065994263,12.843418,12.87928819656372
488,19.399314165115356,0.8715658,0.8712666630744934,6.93640104145743e-05,0.8711947202682495,12.843418,12.87333369255066
489,19.433358669281006,0.8715875,0.871332049369812,8.046605216804892e-05,0.8712478280067444,12.8412485,12.866795063018799
490,19.473572254180908,0.8715898,0.8714106678962708,7.404747884720564e-05,0.8713159561157227,12.8410225,12.858933210372925
491,19.513209581375122,0.8716221,0.8714851140975952,5.897078517591581e-05,0.8714084029197693,12.837791,12.851488590240479
492,19.555010318756104,0.8716681,0.8715397119522095,3.7827998312423006e-05,0.8714830279350281,12.83319,12.846028804779053
493,19.598516941070557,0.87169075,0.8715808391571045,3.0144299671519548e-05,0.8715418577194214,12.830925,12.84191608428955
494,19.642613410949707,0.87169826,0.871612548828125,3.2459356589242816e-05,0.8715689182281494,12.8301735,12.8387451171875
495,19.688600540161133,0.87170255,0.8716458678245544,2.4135058993124403e-05,0.8716052770614624,12.829744,12.835413217544556
496,19.730859756469727,0.87173164,0.8716699481010437,1.879110641311854e-05,0.8716436624526978,12.826836,12.83300518989563
497,19.774364948272705,0.8717469,0.8716875910758972,1.739786603138782e-05,0.8716692328453064,12.82531,12.831240892410278
498,19.814955949783325,0.87179554,0.8717054128646851,1.8137183360522613e-05,0.8716800212860107,12.820446,12.829458713531494
499,19.85620665550232,0.87179554,0.8717231154441833,1.958118809852749e-05,0.8717013597488403,12.820446,12.827688455581665
500,19.890476942062378,0.87182164,0.8717457056045532,2.0654997570090927e-05,0.8717233538627625,12.817836,12.825429439544678
501,19.930875778198242,0.8719002,0.871768057346344,2.374027098994702e-05,0.8717390894889832,12.80998,12.8231942653656
502,19.970952033996582,0.8727424,0.8717953562736511,6.643746019108221e-05,0.8717623949050903,12.725759,12.820464372634888
503,20.01090955734253,0.8727424,0.8718268871307373,8.88556896825321e-05,0.8717878460884094,12.725759,12.81731128692627
504,20.0433292388916,0.8728658,0.871880292892456,0.00015564770728815347,0.8718101978302002,12.713421,12.811970710754395
505,20.085946559906006,0.87289965,0.8719743490219116,0.00025817842106334865,0.8718430995941162,12.710035,12.802565097808838
506,20.126088619232178,0.8730294,0.8721308708190918,0.0003653723979368806,0.8718873858451843,12.697059,12.78691291809082
507,20.168210744857788,0.87306607,0.8723810315132141,0.000423773453803733,0.8719668388366699,12.693394,12.761896848678589
508,20.210615396499634,0.8731783,0.872821569442749,0.00021969088993500918,0.8720589280128479,12.68217,12.717843055725098
509,20.252822160720825,0.8731783,0.8729631304740906,7.586886931676418e-05,0.8728641867637634,12.68217,12.703686952590942
510,20.28666615486145,0.8732539,0.8730354309082031,6.637534534092993e-05,0.8729509711265564,12.674612,12.696456909179688
511,20.329803943634033,0.87329364,0.8731001019477844,5.612918539554812e-05,0.8730294108390808,12.670636,12.689989805221558
512,20.37086510658264,0.8733037,0.8731541037559509,5.101460192236118e-05,0.8730921149253845,12.669629,12.684589624404907
513,20.411739587783813,0.8733667,0.8732022643089294,4.6592060243710876e-05,0.873139500617981,12.663328,12.679773569107056
514,20.452524423599243,0.8733667,0.8732489347457886,3.3141062885988504e-05,0.8732038140296936,12.663328,12.675106525421143
515,20.486145734786987,0.87346256,0.8732811212539673,3.347829624544829e-05,0.8732452392578125,12.653744,12.671887874603271
516,20.528801918029785,0.87346256,0.8733130097389221,3.744688365259208e-05,0.8732737302780151,12.653744,12.668699026107788
517,20.562771797180176,0.87347656,0.8733506798744202,4.167300357948989e-05,0.8733037114143372,12.652344,12.664932012557983
518,20.603978633880615,0.8736074,0.8733956813812256,5.072272688266821e-05,0.8733422160148621,12.63926,12.660431861877441
519,20.645883321762085,0.873642,0.8734460473060608,6.0204627516213804e-05,0.8733831644058228,12.6357975,12.655395269393921
520,20.687313556671143,0.8736788,0.8735049962997437,5.942559437244199e-05,0.873428463935852,12.63212,12.649500370025635
521,20.73058843612671,0.8737614,0.873564600944519,4.581729444907978e-05,0.8735029697418213,12.623858,12.643539905548096
522,20.770891666412354,0.8737614,0.873607337474823,4.67089848825708e-05,0.873555600643158,12.623858,12.6392662525177
523,20.804240465164185,0.87387127,0.8736552596092224,5.4122509027365595e-05,0.8735942840576172,12.612873,12.634474039077759
524,20.872987270355225,0.8737724,0.8707227110862732,0.0025034062564373016,0.865034818649292,12.622762,12.92772889137268
525,20.913082361221313,0.87381965,0.8728891015052795,0.0006942813051864505,0.871474027633667,12.618035,12.711089849472046
526,20.953046798706055,0.87396866,0.8735039234161377,0.00021594121062662452,0.8730196356773376,12.603134,12.64960765838623
527,20.99518895149231,0.87396866,0.8736976385116577,8.715467993170023e-05,0.8735509514808655,12.603134,12.630236148834229
528,21.028358221054077,0.87401545,0.8737842440605164,7.443509093718603e-05,0.8737003803253174,12.598455,12.621575593948364
529,21.068777561187744,0.8740844,0.8738501667976379,7.098858623066917e-05,0.8737592101097107,12.591558,12.614983320236206
530,21.109320402145386,0.87413305,0.8739192485809326,6.90839733579196e-05,0.8738408088684082,12.586695,12.608075141906738
531,21.151204824447632,0.8742019,0.873991847038269,6.869348726468161e-05,0.8738988041877747,12.579811,12.600815296173096
532,21.191814184188843,0.8742538,0.874061107635498,5.976505053695291e-05,0.8739878535270691,12.574619,12.593889236450195
533,21.23992609977722,0.8743034,0.8741181492805481,5.9361718740547076e-05,0.8740411400794983,12.56966,12.58818507194519
534,21.282131910324097,0.874395,0.8741758465766907,5.1130915380781516e-05,0.8741135597229004,12.560499,12.582415342330933
535,21.324548959732056,0.874413,0.874226450920105,5.3224201110424474e-05,0.8741662502288818,12.558699,12.577354907989502
536,21.364962577819824,0.87451965,0.8742764592170715,6.103280611569062e-05,0.8742119669914246,12.548036,12.572354078292847
537,21.406104803085327,0.87451965,0.8743317127227783,6.142719212220982e-05,0.8742616772651672,12.548036,12.566828727722168
538,21.444428205490112,0.87457246,0.874392569065094,6.128512177383527e-05,0.8743144273757935,12.542754,12.5607430934906
539,21.489641427993774,0.8746564,0.8744538426399231,5.881188917555846e-05,0.8743844032287598,12.534362,12.55461573600769
540,21.532180309295654,0.87471086,0.8745108842849731,5.961759961792268e-05,0.8744398355484009,12.528914,12.548911571502686
541,21.573278427124023,0.8747271,0.8745703101158142,5.4491862101713195e-05,0.8744970560073853,12.527293,12.542968988418579
542,21.61435294151306,0.8748143,0.8746254444122314,4.754784094984643e-05,0.8745636940002441,12.518573,12.537455558776855
543,21.655125617980957,0.87485814,0.8746692538261414,4.5951263018650934e-05,0.8746140003204346,12.514186,12.533074617385864
544,21.695024490356445,0.8748988,0.8747193217277527,5.068541577202268e-05,0.8746586441993713,12.51012,12.528067827224731
545,21.73648715019226,0.87491274,0.8747705221176147,5.180082735023461e-05,0.8747108578681946,12.508726,12.522947788238525
546,21.77903699874878,0.8749441,0.8748192191123962,4.595245991367847e-05,0.8747534155845642,12.50559,12.518078088760376
547,21.820096492767334,0.8749441,0.8748629689216614,3.234163887100294e-05,0.8748142719268799,12.50559,12.513703107833862
548,21.85341191291809,0.874994,0.8748905658721924,2.5249115424230695e-05,0.8748580813407898,12.500602,12.510943412780762
549,21.894368648529053,0.87505704,0.8749123215675354,2.142194534826558e-05,0.8748852014541626,12.494296,12.50876784324646
550,21.936322450637817,0.87505704,0.874928891658783,2.057397250609938e-05,0.8749098777770996,12.494296,12.507110834121704
551,21.96917724609375,0.87507725,0.8749457597732544,2.9974760764162056e-05,0.874925971031189,12.492275,12.50542402267456
552,22.00912094116211,0.8750912,0.8749680519104004,4.5274013245943934e-05,0.8749399185180664,12.490881,12.503194808959961
553,22.049983501434326,0.87509525,0.8749997615814209,5.675101783708669e-05,0.8749440908432007,12.490475,12.50002384185791
554,22.091588020324707,0.87515783,0.8750548958778381,3.137005842290819e-05,0.8749785423278809,12.484217,12.494510412216187
555,22.13455295562744,0.87516487,0.8750817179679871,1.7550350094097666e-05,0.8750607371330261,12.483513,12.491828203201294
556,22.176133394241333,0.87519985,0.875097393989563,2.537993532314431e-05,0.8750772476196289,12.480015,12.490260601043701
557,22.21670913696289,0.8752155,0.8751197457313538,3.629842831287533e-05,0.8750911951065063,12.478453,12.488025426864624
558,22.260428428649902,0.87528396,0.8751553893089294,3.980904511990957e-05,0.8750961422920227,12.471604,12.484461069107056
559,22.30534791946411,0.875291,0.8751985430717468,3.9325401303358376e-05,0.8751506805419922,12.4709015,12.480145692825317
560,22.349792003631592,0.87532514,0.8752381801605225,3.1427091016666964e-05,0.8751949071884155,12.467485,12.476181983947754
561,22.390871286392212,0.87532514,0.8752692937850952,2.0940196918672882e-05,0.8752333521842957,12.467485,12.473070621490479
562,22.42544984817505,0.8753362,0.8752877712249756,1.4021889001014642e-05,0.8752714395523071,12.466377,12.471222877502441
563,22.46700406074524,0.87535703,0.8753008842468262,1.5200843336060643e-05,0.8752848505973816,12.464296,12.469911575317383
564,22.534693002700806,0.8755925,0.8721709847450256,0.0028064714279025793,0.8660931587219238,12.440747,12.782901525497437
565,22.577049732208252,0.875593,0.8746240735054016,0.0006377597455866635,0.8730455040931702,12.4407,12.537592649459839
566,22.633215188980103,0.87562305,0.8751555681228638,0.00020216319535393268,0.8747653365135193,12.4376955,12.484443187713623
567,22.68452525138855,0.8756359,0.875338613986969,0.0001370300742564723,0.8752025961875916,12.436408,12.4661386013031
568,22.728352069854736,0.8756511,0.875443160533905,0.00014253683912102133,0.8752920627593994,12.434888,12.455683946609497
569,22.775118589401245,0.8756511,0.875590980052948,4.245228410582058e-05,0.8753491640090942,12.434888,12.4409019947052
570,22.83670926094055,0.8757446,0.8724882006645203,0.0028062292840331793,0.865530788898468,12.425542,12.751179933547974
571,22.87758183479309,0.8757446,0.8747597336769104,0.0007100385846570134,0.8733093738555908,12.425542,12.52402663230896
572,22.912437438964844,0.87576616,0.8753685355186462,0.0002322932705283165,0.8749159574508667,12.423384,12.463146448135376
573,22.9524827003479,0.87576616,0.8755804300308228,9.089591912925243e-05,0.8753608465194702,12.423384,12.441956996917725
574,22.986016750335693,0.875798,0.8756566047668457,5.6567056162748486e-05,0.8755890130996704,12.420201,12.43433952331543
575,23.02679204940796,0.87580144,0.8757065534591675,4.672575232689269e-05,0.8756399154663086,12.419855,12.429344654083252
576,23.067936182022095,0.8759025,0.875751256942749,2.1463156372192316e-05,0.8757059574127197,12.409753,12.424874305725098
577,23.109805822372437,0.8759025,0.8757699728012085,2.3198197595775127e-05,0.8757445812225342,12.409753,12.42300271987915
578,23.143540859222412,0.8759595,0.8757927417755127,3.9278533222386613e-05,0.8757628202438354,12.404049,12.42072582244873
579,23.183653354644775,0.87596655,0.8758206963539124,5.163405876373872e-05,0.8757798671722412,12.403345,12.417930364608765
580,23.224570274353027,0.87604433,0.875862181186676,6.823267176514491e-05,0.8757979869842529,12.395567,12.413781881332397
581,23.267576217651367,0.8760835,0.8759304881095886,5.3901898354524747e-05,0.8758316040039062,12.391651,12.406951189041138
582,23.309008598327637,0.87609404,0.8759826421737671,3.423939415370114e-05,0.875941276550293,12.390595,12.401735782623291
583,23.35341763496399,0.87614435,0.8760141134262085,3.544640276231803e-05,0.8759713172912598,12.385565,12.39858865737915
584,23.39681363105774,0.876181,0.8760499358177185,3.709974407684058e-05,0.8760045766830444,12.381899,12.39500641822815
585,23.438801765441895,0.87628,0.8760891556739807,4.471627835300751e-05,0.8760414123535156,12.371999,12.391084432601929
586,23.480103492736816,0.87630385,0.8761393427848816,5.4705280490452424e-05,0.8760772347450256,12.369615,12.38606572151184
587,23.520115613937378,0.87632614,0.8761947154998779,5.619911098619923e-05,0.8761285543441772,12.367386,12.380528450012207
588,23.561575651168823,0.87641627,0.8762591481208801,4.9985981604550034e-05,0.8761809468269348,12.358374,12.374085187911987
589,23.60104513168335,0.87645054,0.8763083815574646,3.79840457753744e-05,0.8762725591659546,12.354946,12.36916184425354
590,23.64346718788147,0.87652194,0.8763414025306702,4.40400508523453e-05,0.8762997984886169,12.347805,12.365859746932983
591,23.684218883514404,0.87655044,0.8763833045959473,4.518155037658289e-05,0.876325249671936,12.344956,12.361669540405273
592,23.72413682937622,0.87660587,0.8764340281486511,5.237422010395676e-05,0.876386821269989,12.339413,12.356597185134888
593,23.764201164245605,0.8766286,0.8764866590499878,6.219400529516861e-05,0.8764162659645081,12.337142,12.35133409500122
594,23.8037269115448,0.87673604,0.8765562176704407,4.7456884203711525e-05,0.8764770030975342,12.326395,12.344378232955933
595,23.843252658843994,0.87673604,0.8766013979911804,3.581671990104951e-05,0.8765586614608765,12.326395,12.339860200881958
596,23.87759280204773,0.87691635,0.8766357898712158,4.498260386753827e-05,0.8765975832939148,12.308365,12.336421012878418
597,23.917569398880005,0.8769326,0.876674473285675,5.5902579333633184e-05,0.8766224384307861,12.306738,12.332552671432495
598,23.958835124969482,0.8770161,0.8767275214195251,6.667022535111755e-05,0.876658022403717,12.298388,12.327247858047485
599,23.999518632888794,0.8772207,0.8767900466918945,6.940560706425458e-05,0.8767200112342834,12.277931,12.320995330810547
600,24.038827180862427,0.8772379,0.8768517971038818,0.00010053865116788074,0.8767729997634888,12.276209,12.314820289611816
601,24.078400135040283,0.8772518,0.8769344091415405,0.00012976658763363957,0.8768110275268555,12.274819,12.306559085845947
602,24.117621660232544,0.87731135,0.8770552277565002,0.00012208271073177457,0.8768928050994873,12.268866,12.294477224349976
603,24.157045125961304,0.8773393,0.8771666288375854,7.780084706610069e-05,0.8770332932472229,12.266069,12.283337116241455
604,24.19756269454956,0.8774104,0.877240777015686,4.433504000189714e-05,0.8771739602088928,12.258959,12.275922298431396
605,24.236101865768433,0.8774211,0.8772832751274109,3.7731540942331776e-05,0.8772379159927368,12.257892,12.271672487258911
606,24.277648210525513,0.8774291,0.8773181438446045,3.448682764428668e-05,0.8772748112678528,12.257088,12.26818561553955
607,24.320137977600098,0.8774654,0.8773528337478638,3.500005550449714e-05,0.877315104007721,12.253457,12.264716625213623
608,24.359992742538452,0.8774935,0.8773866295814514,3.604933954193257e-05,0.8773433566093445,12.25065,12.261337041854858
609,24.400495290756226,0.877545,0.8774251341819763,3.014624053321313e-05,0.8773809671401978,12.245501,12.257486581802368
610,24.4443678855896,0.87760293,0.8774536848068237,3.1957009923644364e-05,0.8774176836013794,12.239706,12.254631519317627
611,24.485427618026733,0.8776175,0.8774851560592651,3.473911783657968e-05,0.8774461150169373,12.238253,12.251484394073486
612,24.5262713432312,0.87766963,0.8775189518928528,3.738529994734563e-05,0.8774808049201965,12.233037,12.248104810714722
613,24.56584644317627,0.87766963,0.8775540590286255,3.548297536326572e-05,0.8775094747543335,12.233037,12.244594097137451
614,24.59935975074768,0.8777026,0.8775885105133057,3.2826759706949815e-05,0.8775497078895569,12.22974,12.241148948669434
615,24.640136003494263,0.87777144,0.87762451171875,3.2761425245553255e-05,0.8775846362113953,12.2228565,12.237548828125
616,24.68084979057312,0.87777144,0.8776575922966003,3.5490553273120895e-05,0.8776203989982605,12.2228565,12.234240770339966
617,24.71375870704651,0.87781674,0.8776910305023193,3.914844637620263e-05,0.8776451945304871,12.218327,12.230896949768066
618,24.753803253173828,0.87785816,0.8777304291725159,3.92705223930534e-05,0.8776810765266418,12.214184,12.226957082748413
619,24.794321060180664,0.8778636,0.8777706027030945,3.8515496271429583e-05,0.8777220249176025,12.213641,12.222939729690552
620,24.834238052368164,0.87793005,0.8778100609779358,3.2213931262958795e-05,0.8777652382850647,12.206995,12.218993902206421
621,24.874966144561768,0.87795913,0.877839982509613,2.7055142709286883e-05,0.877804160118103,12.204086,12.216001749038696
622,24.91680145263672,0.8779739,0.8778678178787231,2.6462521418579854e-05,0.8778386116027832,12.202608,12.213218212127686
623,24.95760226249695,0.87799215,0.8778899312019348,2.977561416628305e-05,0.8778608441352844,12.200785,12.211006879806519
624,24.997101068496704,0.8780022,0.87791508436203,3.262410609750077e-05,0.8778799176216125,12.199778,12.208491563796997
625,25.03730058670044,0.8780066,0.8779489994049072,2.4000837584026158e-05,0.877906084060669,12.199343,12.205100059509277
626,25.0775363445282,0.87808716,0.8779715299606323,2.074813164654188e-05,0.8779476881027222,12.191284,12.202847003936768
627,25.11820077896118,0.8781358,0.8779917359352112,2.2736305254511535e-05,0.8779687285423279,12.18642,12.200826406478882
628,25.157856225967407,0.87813896,0.8780137300491333,2.9752480259048752e-05,0.8779875040054321,12.186104,12.19862699508667
629,25.19951057434082,0.8782025,0.8780427575111389,4.036210884805769e-05,0.8780041933059692,12.17975,12.195724248886108
630,25.24126434326172,0.878203,0.8780819177627563,4.369713496998884e-05,0.87803053855896,12.179703,12.191808223724365
631,25.28185272216797,0.8782519,0.8781255483627319,3.658233254100196e-05,0.8780802488327026,12.1748085,12.187445163726807
632,25.324864625930786,0.8782519,0.8781619071960449,2.8792013836209662e-05,0.8781304359436035,12.1748085,12.183809280395508
633,25.35863161087036,0.8782562,0.8781895041465759,2.557558946136851e-05,0.8781533241271973,12.174379,12.181049585342407
634,25.3986759185791,0.878269,0.8782138824462891,1.595500907569658e-05,0.8781964182853699,12.173099,12.178611755371094
635,25.439380884170532,0.8782928,0.8782278895378113,1.7570100681041367e-05,0.8782068490982056,12.17072,12.177211046218872
636,25.481545209884644,0.8782928,0.878244161605835,1.8711307347984985e-05,0.8782237768173218,12.17072,12.175583839416504
637,25.516276597976685,0.87832594,0.8782620429992676,1.708117088128347e-05,0.8782405257225037,12.167406,12.173795700073242
638,25.55698299407959,0.8783413,0.8782818913459778,1.830276414693799e-05,0.8782562017440796,12.165869,12.171810865402222
639,25.596737384796143,0.8783542,0.8783011436462402,2.0715226128231734e-05,0.8782765865325928,12.164581,12.169885635375977
640,25.637185096740723,0.87839144,0.8783235549926758,1.9115537725156173e-05,0.878294825553894,12.160855,12.167644500732422
641,25.674559831619263,0.87841207,0.8783437013626099,1.9915254597435705e-05,0.8783251047134399,12.158793,12.165629863739014
642,25.71358323097229,0.8784586,0.8783631324768066,2.4787465008557774e-05,0.8783373832702637,12.154139,12.163686752319336
643,25.75440764427185,0.8784586,0.8783878087997437,2.1697842385037802e-05,0.8783541917800903,12.154139,12.161219120025635
644,25.78611707687378,0.8784703,0.8784086108207703,1.8954024199047126e-05,0.878389298915863,12.152969,12.159138917922974
645,25.825703859329224,0.8784932,0.878426730632782,2.0633886379073374e-05,0.878401517868042,12.150681,12.157326936721802
646,25.866256713867188,0.8785099,0.8784459233283997,2.003383451665286e-05,0.8784202933311462,12.149012,12.155407667160034
647,25.904759645462036,0.8785239,0.8784651160240173,1.685569077380933e-05,0.8784445524215698,12.147612,12.153488397598267
648,25.94528579711914,0.8785239,0.878480076789856,1.5951831301208586e-05,0.8784610033035278,12.147612,12.151992321014404
649,25.977365493774414,0.8785547,0.8784962296485901,1.4553865185007453e-05,0.8784767389297485,12.144529,12.150377035140991
650,26.016791105270386,0.8785847,0.8785130381584167,1.65913843375165e-05,0.8784933090209961,12.141532,12.148696184158325
651,26.05772614479065,0.87863266,0.8785309195518494,2.016537473537028e-05,0.8785098791122437,12.136734,12.146908044815063
652,26.09733748435974,0.87863266,0.8785524368286133,2.311238131369464e-05,0.8785244226455688,12.136734,12.144756317138672
653,26.130631923675537,0.8786394,0.8785767555236816,2.181318632210605e-05,0.8785502910614014,12.13606,12.142324447631836
654,26.17091727256775,0.8786593,0.8785982131958008,2.3406502805300988e-05,0.8785730600357056,12.134069,12.140178680419922
655,26.2108736038208,0.87866133,0.8786213397979736,1.8833938156603836e-05,0.878589391708374,12.133866,12.137866020202637
656,26.251440048217773,0.8787013,0.8786389231681824,1.2151381270086858e-05,0.8786264061927795,12.129868,12.136107683181763
657,26.292094469070435,0.87876415,0.8786506652832031,1.7650403606239706e-05,0.8786348700523376,12.123585,12.134933471679688
658,26.33277130126953,0.8787893,0.8786670565605164,2.3312009943765588e-05,0.878648042678833,12.121069,12.133294343948364
659,26.372012853622437,0.8787981,0.8786851167678833,3.251266389270313e-05,0.8786583542823792,12.120188,12.13148832321167
660,26.411917448043823,0.8788075,0.8787163496017456,3.619759445427917e-05,0.8786724805831909,12.119251,12.12836503982544
661,26.45201301574707,0.8788838,0.8787537813186646,3.467612623353489e-05,0.8787031173706055,12.111622,12.124621868133545
662,26.490795373916626,0.87892306,0.8787886500358582,3.3283115044469014e-05,0.8787521123886108,12.107695,12.121134996414185
663,26.53072190284729,0.87892306,0.8788227438926697,3.940358874388039e-05,0.8787866234779358,12.107695,12.117725610733032
664,26.561977863311768,0.878991,0.8788626194000244,3.894468318321742e-05,0.8788074851036072,12.100899,12.113738059997559
665,26.604132652282715,0.87900126,0.8789016008377075,2.6223216991638765e-05,0.8788682222366333,12.0998745,12.109839916229248
666,26.641574382781982,0.87900287,0.8789265751838684,2.6915236958302557e-05,0.8788926005363464,12.099713,12.10734248161316
667,26.707622289657593,0.8790199,0.8753411769866943,0.002947449218481779,0.8687198758125305,12.098008,12.465882301330566
668,26.747836589813232,0.87955666,0.8778983354568481,0.000840954773593694,0.8761618137359619,12.044334,12.210166454315186
669,26.787270545959473,0.87955666,0.8786460757255554,0.000347041612258181,0.8779647946357727,12.044334,12.135392427444458
670,26.82019805908203,0.87955666,0.878958523273468,0.00015569709648843855,0.8787060976028442,12.044334,12.104147672653198
671,26.852797269821167,0.87957186,0.8790781497955322,0.00018839984841179103,0.8789481520652771,12.042814,12.092185020446777
672,26.8923397064209,0.8795915,0.8792065382003784,0.00021916654077358544,0.8790057301521301,12.040848,12.079346179962158
673,26.931937217712402,0.8795915,0.8794101476669312,0.00017704865604173392,0.8790783882141113,12.040848,12.058985233306885
674,26.96540594100952,0.8796467,0.8795442581176758,3.0092262022662908e-05,0.8794960379600525,12.035328,12.045574188232422
675,27.004338264465332,0.8796467,0.8795703649520874,1.973614052985795e-05,0.8795484304428101,12.035328,12.04296350479126
676,27.03797698020935,0.8797479,0.8795902729034424,2.3280705136130564e-05,0.8795573115348816,12.0252075,12.040972709655762
677,27.078099250793457,0.8797479,0.8796116709709167,2.694174872885924e-05,0.8795915246009827,12.0252075,12.038832902908325
678,27.111201524734497,0.8798266,0.879635751247406,3.602186552598141e-05,0.87960284948349,12.01734,12.0364248752594
679,27.151305675506592,0.8798266,0.8796671032905579,4.732916931970976e-05,0.8796231150627136,12.01734,12.033289670944214
680,27.185095071792603,0.87989247,0.8797070980072021,5.504390355781652e-05,0.8796467185020447,12.010754,12.029290199279785
681,27.224272966384888,0.8799161,0.8797577619552612,5.434816193883307e-05,0.8796839118003845,12.008392,12.024223804473877
682,27.26391053199768,0.87993884,0.8798139095306396,4.152559631620534e-05,0.8797527551651001,12.006116,12.018609046936035
683,27.30329394340515,0.8800385,0.8798488974571228,3.491600000415929e-05,0.8798106908798218,11.99615,12.01511025428772
684,27.343799829483032,0.88025165,0.8798823356628418,4.313745739636943e-05,0.8798379898071289,11.974835,12.01176643371582
685,27.383596897125244,0.88025165,0.8799190521240234,6.230908184079453e-05,0.8798723220825195,11.974835,12.008094787597656
686,27.417863845825195,0.8802786,0.879967451095581,9.8317839729134e-05,0.879906952381134,11.972141,12.003254890441895
687,27.458502054214478,0.8802817,0.8800394535064697,0.00012663409870583564,0.8799316883087158,11.971831,11.996054649353027
688,27.49925684928894,0.88034153,0.8801564574241638,0.00011015084601240233,0.8799608945846558,11.965847,11.984354257583618
689,27.539196729660034,0.8803744,0.8802561163902283,3.249748988309875e-05,0.8802003860473633,11.962563,11.974388360977173
690,27.57953715324402,0.8803885,0.8802816271781921,3.255029150750488e-05,0.8802516460418701,11.96115,11.971837282180786
691,27.619238138198853,0.8803964,0.880310595035553,3.294945054221898e-05,0.8802711963653564,11.960358,11.968940496444702
692,27.661237239837646,0.8803964,0.880344569683075,2.06152271857718e-05,0.8803104758262634,11.960358,11.965543031692505
693,27.69396710395813,0.880437,0.8803640007972717,1.9018792954739183e-05,0.8803415298461914,11.956299,11.963599920272827
694,27.735589265823364,0.8804539,0.8803815841674805,1.8315669876756147e-05,0.8803563714027405,11.954612,11.961841583251953
695,27.776065587997437,0.8804581,0.8803987503051758,1.6322252122336067e-05,0.8803824782371521,11.954188,11.960124969482422
696,27.816829681396484,0.88051045,0.8804128170013428,2.474193934176583e-05,0.8803963661193848,11.948956,11.958718299865723
697,27.856751918792725,0.8805177,0.8804326057434082,2.971137837448623e-05,0.8803964257240295,11.948228,11.95673942565918
698,27.896414041519165,0.880538,0.8804628849029541,2.7580805181059986e-05,0.8804348707199097,11.946201,11.95371150970459
699,27.936208724975586,0.88056445,0.8804904818534851,2.3400607460644096e-05,0.8804581165313721,11.943555,11.95095181465149
700,27.97514820098877,0.88058746,0.8805133700370789,1.881888420030009e-05,0.8804917931556702,11.941254,11.948662996292114
701,28.015756607055664,0.8806259,0.8805341720581055,2.126142499037087e-05,0.8805104494094849,11.937409,11.946582794189453
702,28.056760787963867,0.8806259,0.8805559873580933,2.919496728281956e-05,0.8805323839187622,11.937409,11.944401264190674
703,28.0896213054657,0.88064617,0.8805812001228333,3.340640978422016e-05,0.8805379867553711,11.935383,11.941879987716675
704,28.12906527519226,0.8806654,0.8806150555610657,1.8833481590263546e-05,0.8805796504020691,11.933458,11.938494443893433
705,28.17846417427063,0.88069516,0.8806309103965759,1.1654000445560087e-05,0.8806213736534119,11.930484,11.936908960342407
706,28.224472284317017,0.88069516,0.8806397914886475,1.6077759937616065e-05,0.8806259036064148,11.930484,11.936020851135254
707,28.257858276367188,0.880722,0.8806556463241577,1.7277583538088948e-05,0.8806302547454834,11.927801,11.934435367584229
708,28.299484729766846,0.8807327,0.880672037601471,1.8099504814017564e-05,0.8806495070457458,11.926728,11.932796239852905
709,28.340595245361328,0.8807385,0.8806895613670349,1.5986279322532937e-05,0.8806660771369934,11.92615,11.931043863296509
710,28.38109040260315,0.8807403,0.880705714225769,1.2739572412101552e-05,0.8806951642036438,11.925972,11.929428577423096
711,28.420085906982422,0.8807647,0.8807177543640137,1.3177699656807818e-05,0.8807026743888855,11.923528,11.928224563598633
712,28.459545135498047,0.8807647,0.8807308077812195,1.1397037269489374e-05,0.8807170391082764,11.923528,11.926919221878052
713,28.493086576461792,0.8807843,0.8807423710823059,1.1731694030459039e-05,0.8807286024093628,11.921573,11.92576289176941
714,28.53203058242798,0.880785,0.8807540535926819,1.1571715731406584e-05,0.8807384967803955,11.921501,11.924594640731812
715,28.571014642715454,0.8808189,0.8807651400566101,9.560577382217161e-06,0.880756139755249,11.91811,11.92348599433899
716,28.611929178237915,0.88083273,0.8807716965675354,1.0639766514941584e-05,0.8807627558708191,11.916727,11.92283034324646
717,28.654216527938843,0.88083446,0.8807820677757263,1.2449510904843919e-05,0.8807647228240967,11.9165535,11.921793222427368
718,28.694608688354492,0.88085884,0.8807929754257202,1.8000704585574567e-05,0.880782961845398,11.914116,11.920702457427979
719,28.734233856201172,0.88096833,0.880809485912323,3.060980452573858e-05,0.8807849287986755,11.903167,11.9190514087677
720,28.773475408554077,0.88098085,0.880837082862854,3.2986186852212995e-05,0.8807907700538635,11.901915,11.9162917137146
721,28.813511848449707,0.8809809,0.8808702230453491,3.4692053304752335e-05,0.8808344602584839,11.901909,11.912977695465088
722,28.852043867111206,0.88100773,0.8809012174606323,4.1297196730738506e-05,0.8808642625808716,11.899227,11.909878253936768
723,28.891908884048462,0.8810103,0.8809378147125244,4.008240284747444e-05,0.8808803558349609,11.898971,11.906218528747559
724,28.931812047958374,0.8810155,0.8809790015220642,1.4946524970582686e-05,0.8809440732002258,11.898452,11.902099847793579
725,28.971593141555786,0.8810431,0.88099205493927,1.2915762454213109e-05,0.8809789419174194,11.895693,11.900794506072998
726,29.01198101043701,0.8810431,0.8810051679611206,8.911251825338695e-06,0.880982518196106,11.895693,11.89948320388794
727,29.045944452285767,0.8810755,0.8810136914253235,9.525213499728125e-06,0.881007730960846,11.89245,11.898630857467651
728,29.08757758140564,0.88107556,0.8810205459594727,1.5133129636524245e-05,0.8810101747512817,11.892444,11.897945404052734
729,29.128613233566284,0.88107556,0.8810302019119263,1.9843337213387713e-05,0.881014883518219,11.892444,11.896979808807373
730,29.1610324382782,0.8810883,0.881047248840332,1.8319362425245345e-05,0.8810169696807861,11.891169,11.895275115966797
731,29.201542615890503,0.881101,0.8810662627220154,8.39157473819796e-06,0.8810556530952454,11.889898,11.893373727798462
732,29.241363763809204,0.8811079,0.8810741901397705,8.987622095446568e-06,0.881062924861908,11.889208,11.89258098602295
733,29.282180070877075,0.88113177,0.881081759929657,1.118206637329422e-05,0.8810719847679138,11.886824,11.891824007034302
734,29.325000524520874,0.881171,0.8810923099517822,1.4970545635151211e-05,0.8810755610466003,11.882901,11.890769004821777
735,29.364826679229736,0.88119316,0.8811064958572388,1.4617810847994406e-05,0.8810926079750061,11.880684,11.889350414276123
736,29.403261184692383,0.88130283,0.8811221122741699,2.64221216639271e-05,0.881102442741394,11.869717,11.887788772583008
737,29.445109844207764,0.88133556,0.8811464309692383,4.251726932125166e-05,0.8811197280883789,11.866445,11.885356903076172
738,29.485023736953735,0.88139117,0.8811769485473633,6.157233292469755e-05,0.8811317682266235,11.860884,11.882305145263672
739,29.524966716766357,0.88146114,0.8812351822853088,7.220632687676698e-05,0.8811408281326294,11.853886,11.876481771469116
740,29.565155744552612,0.8814974,0.8813104629516602,7.418311724904925e-05,0.8812144994735718,11.850262,11.868953704833984
741,29.60500955581665,0.8815578,0.88138747215271,5.1857488870155066e-05,0.8813124299049377,11.844217,11.861252784729004
742,29.64678692817688,0.8815578,0.8814359307289124,3.446589471423067e-05,0.8813797235488892,11.844217,11.856406927108765
743,29.678606033325195,0.88159794,0.8814662098884583,3.175719393766485e-05,0.8814336061477661,11.840206,11.853379011154175
744,29.719146490097046,0.88159794,0.8814912438392639,3.4816381230484694e-05,0.8814589381217957,11.840206,11.850875616073608
745,29.75269317626953,0.8816411,0.88152015209198,3.77113428839948e-05,0.8814801573753357,11.835891,11.847984790802002
746,29.79218053817749,0.8816507,0.881556510925293,3.340788680361584e-05,0.8815067410469055,11.834931,11.844348907470703
747,29.832879066467285,0.8816681,0.8815889954566956,2.3569826225866564e-05,0.8815641403198242,11.833191,11.841100454330444
748,29.87203884124756,0.8817282,0.8816099762916565,2.6883688406087458e-05,0.8815847635269165,11.827183,11.83900237083435
749,29.91213321685791,0.88173777,0.8816347122192383,3.1943425710778683e-05,0.8815996050834656,11.826223,11.836528778076172
750,29.951942920684814,0.881742,0.8816637396812439,3.0106230042292736e-05,0.8816169500350952,11.8258,11.83362603187561
751,29.991933584213257,0.88175786,0.881691038608551,2.7651385607896373e-05,0.8816675543785095,11.824215,11.830896139144897
752,30.031785488128662,0.8817886,0.8817161321640015,2.4945338736870326e-05,0.8816772699356079,11.821138,11.828386783599854
753,30.071324586868286,0.88182354,0.881739616394043,1.5862051441217773e-05,0.8817247152328491,11.817646,11.826038360595703
754,30.11249279975891,0.8818435,0.8817518949508667,2.708225838432554e-05,0.8817377686500549,11.815649,11.82481050491333
755,30.15304446220398,0.8819064,0.8817716240882874,3.804291918640956e-05,0.8817399144172668,11.8093605,11.822837591171265
756,30.19257092475891,0.88192636,0.8818051815032959,3.622561052907258e-05,0.8817437291145325,11.807364,11.81948184967041
757,30.233333110809326,0.88192636,0.8818408250808716,2.5917255698004737e-05,0.8818156123161316,11.807364,11.815917491912842
758,30.268169403076172,0.8820312,0.881860613822937,3.1659597880207e-05,0.881839394569397,11.79688,11.813938617706299
759,30.30910587310791,0.8820312,0.8818829655647278,3.678076245705597e-05,0.8818435668945312,11.79688,11.811703443527222
760,30.342774152755737,0.8820328,0.881918728351593,2.5946183086489327e-05,0.8818820714950562,11.796719,11.808127164840698
761,30.382691383361816,0.8820328,0.8819398880004883,3.0464918381767347e-05,0.8819224834442139,11.796719,11.806011199951172
762,30.415891408920288,0.88205576,0.8819589614868164,3.9562597521580756e-05,0.8819263577461243,11.794424,11.80410385131836
763,30.482542753219604,0.88201797,0.878838062286377,0.002679998753592372,0.8722633719444275,11.7982025,12.116193771362305
764,30.52337408065796,0.88206303,0.8811013102531433,0.0006849199999123812,0.8797229528427124,11.793697,11.889868974685669
765,30.56398296356201,0.88206756,0.8816986680030823,0.0002786549739539623,0.8811538815498352,11.793243,11.830133199691772
766,30.60451364517212,0.8821437,0.8819452524185181,6.703771214233711e-05,0.8818130493164062,11.785632,11.805474758148193
767,30.64403796195984,0.8821755,0.8820090889930725,4.146069477428682e-05,0.8819442391395569,11.78245,11.799091100692749
768,30.68402886390686,0.8821755,0.882049560546875,3.69239533029031e-05,0.8820074796676636,11.78245,11.7950439453125
769,30.717029809951782,0.8821845,0.8820855617523193,3.3736250770743936e-05,0.8820425868034363,11.781549,11.791443824768066
770,30.758547067642212,0.8821845,0.8821159601211548,3.0343646358232945e-05,0.8820782899856567,11.781549,11.788403987884521
771,30.791685104370117,0.88233936,0.8821463584899902,2.5553235900588334e-05,0.8821135759353638,11.766064,11.785364151000977
772,30.83089303970337,0.8824381,0.882171630859375,3.121661575278267e-05,0.8821436762809753,11.756187,11.7828369140625
773,30.871248483657837,0.8824438,0.8822007179260254,6.6363274527248e-05,0.8821755051612854,11.755621,11.779928207397461
774,30.910526514053345,0.88245285,0.8822296857833862,9.43044651648961e-05,0.8821818828582764,11.754715,11.777031421661377
775,30.95133662223816,0.88245285,0.8822889924049377,0.00012078512372681871,0.8821845054626465,11.754715,11.771100759506226
776,30.983265161514282,0.8824889,0.8823878169059753,9.696224151412025e-05,0.8821908831596375,11.751109,11.761218309402466
777,31.023215770721436,0.8824889,0.8824481964111328,6.585344181075925e-06,0.882439374923706,11.751109,11.755180358886719
778,31.05549931526184,0.8824889,0.8824542164802551,9.401254828844685e-06,0.8824484348297119,11.751109,11.754578351974487
779,31.100818872451782,0.88250256,0.8824602365493774,1.4188757631927729e-05,0.8824528455734253,11.749744,11.753976345062256
780,31.143096685409546,0.88250256,0.882468044757843,1.7411390217603184e-05,0.8824528455734253,11.749744,11.753195524215698
781,31.177106142044067,0.88250256,0.8824854493141174,9.992088052968029e-06,0.8824528455734253,11.749744,11.751455068588257
782,31.21042513847351,0.88255954,0.8824905753135681,6.049575404176721e-06,0.8824889063835144,11.744046,11.750942468643188
783,31.251003980636597,0.88260645,0.8824939727783203,1.3611768736154772e-05,0.8824889063835144,11.739355,11.750602722167969
784,31.29143524169922,0.8826108,0.8825010061264038,2.1552052203333005e-05,0.8824889063835144,11.73892,11.74989938735962
785,31.333845853805542,0.8826175,0.88251793384552,3.220161306671798e-05,0.8824914693832397,11.738253,11.748206615447998
786,31.373217344284058,0.88279635,0.8825439214706421,4.612377597368322e-05,0.882502555847168,11.720366,11.745607852935791
787,31.41375756263733,0.8828755,0.8825899958610535,5.1448059821268544e-05,0.8825274705886841,11.71245,11.741000413894653
788,31.4537410736084,0.8829794,0.8826382756233215,6.785844743717462e-05,0.8825763463973999,11.702061,11.736172437667847
789,31.494088172912598,0.883039,0.8826876282691956,9.894447430269793e-05,0.8826141953468323,11.6961,11.731237173080444
790,31.533668756484985,0.88310343,0.8827680945396423,0.00011485450522741303,0.8826444745063782,11.689657,11.723190546035767
791,31.57302689552307,0.8831105,0.8828827142715454,8.159271237673238e-05,0.8827440738677979,11.688948,11.711728572845459
792,31.61237120628357,0.8832591,0.882962167263031,8.244776836363599e-05,0.8828706741333008,11.6740885,11.7037832736969
793,31.652153253555298,0.8833061,0.8830446004867554,7.665880548302084e-05,0.8829666972160339,11.669392,11.695539951324463
794,31.690351247787476,0.8833357,0.8831169605255127,7.465787348337471e-05,0.882999837398529,11.6664295,11.68830394744873
795,31.730510234832764,0.8833357,0.8831822276115417,5.2483439503703266e-05,0.8831096887588501,11.6664295,11.681777238845825
796,31.76271963119507,0.8833528,0.8832299113273621,4.117662683711387e-05,0.8831812143325806,11.664719,11.677008867263794
797,31.8041033744812,0.883368,0.8832695484161377,3.339862814755179e-05,0.8832260966300964,11.663198,11.67304515838623
798,31.84480571746826,0.8833822,0.8833001852035522,2.9569519028882496e-05,0.883259117603302,11.661779,11.669981479644775
799,31.885390758514404,0.8833946,0.8833287954330444,2.174898145312909e-05,0.8832994699478149,11.66054,11.667120456695557
800,31.92650079727173,0.88340336,0.8833491802215576,1.7424999896320514e-05,0.883324384689331,11.659664,11.665081977844238
801,31.966341495513916,0.88342184,0.883367121219635,1.549461558170151e-05,0.8833456635475159,11.657816,11.663287878036499
802,32.005725622177124,0.8834779,0.8833824992179871,1.3595697055279743e-05,0.8833654522895813,11.652207,11.661750078201294
803,32.045817852020264,0.8834908,0.8833940625190735,1.5316292774514295e-05,0.8833822011947632,11.65092,11.660593748092651
804,32.08601641654968,0.8834908,0.8834064602851868,2.0267312720534392e-05,0.8833906054496765,11.65092,11.659353971481323
805,32.119996070861816,0.8835051,0.8834209442138672,2.809814759530127e-05,0.8834003210067749,11.649489,11.657905578613281
806,32.16014623641968,0.8835394,0.8834460377693176,3.431284494581632e-05,0.8834105730056763,11.646062,11.655396223068237
807,32.20065355300903,0.88355434,0.8834812045097351,2.4372482585022226e-05,0.8834365606307983,11.644566,11.65187954902649
808,32.23991274833679,0.8835787,0.8835049271583557,1.9856228391290642e-05,0.8834848999977112,11.642128,11.649507284164429
809,32.28161644935608,0.8835787,0.8835224509239197,2.1223957446636632e-05,0.8834992051124573,11.642128,11.647754907608032
810,32.31513690948486,0.88359284,0.8835428357124329,1.6724190572858788e-05,0.8835159540176392,11.640716,11.645716428756714
811,32.35468888282776,0.8835957,0.883557915687561,1.188563237519702e-05,0.8835417032241821,11.6404295,11.644208431243896
812,32.39433979988098,0.88364226,0.8835693001747131,1.0586740245344117e-05,0.8835564255714417,11.635775,11.643069982528687
813,32.4346969127655,0.8836452,0.8835803270339966,1.2424314263626002e-05,0.8835679888725281,11.635483,11.641967296600342
814,32.47518992424011,0.8836713,0.8835906386375427,1.9169721781508997e-05,0.8835776448249817,11.632872,11.640936136245728
815,32.51406168937683,0.88371366,0.8836069107055664,2.649639282026328e-05,0.883581817150116,11.6286335,11.63930892944336
816,32.555370807647705,0.88371366,0.8836328983306885,2.6502457330934703e-05,0.883598268032074,11.6286335,11.636710166931152
817,32.59431266784668,0.8837298,0.8836579918861389,3.0057230105740018e-05,0.883622944355011,11.627018,11.634200811386108
818,32.645371437072754,0.88375163,0.8836875557899475,2.167284401366487e-05,0.883653998374939,11.624837,11.631244421005249
819,32.69412612915039,0.88380927,0.8837087154388428,1.5204370356514119e-05,0.8836879134178162,11.619073,11.629128456115723
820,32.73577642440796,0.88380927,0.8837224245071411,1.8802900740411133e-05,0.8837081789970398,11.619073,11.627757549285889
821,32.76767683029175,0.8838118,0.8837369680404663,2.512806349841412e-05,0.8837144374847412,11.618823,11.62630319595337
822,32.80882811546326,0.884001,0.8837599754333496,3.1538980692857876e-05,0.8837301731109619,11.599898,11.624002456665039
823,32.850369453430176,0.8840732,0.8837893009185791,4.076110781170428e-05,0.8837423920631409,11.59268,11.62106990814209
824,32.89169216156006,0.8840732,0.8838221430778503,5.1470626203808933e-05,0.8837911486625671,11.59268,11.617785692214966
825,32.92503571510315,0.88412976,0.883854866027832,8.578824781579897e-05,0.8838092684745789,11.587024,11.614513397216797
826,32.96514701843262,0.88412976,0.8839057683944702,0.00011108723265351728,0.8838129043579102,11.587024,11.609423160552979
827,32.999086141586304,0.88417417,0.8839983344078064,0.0001090857113013044,0.8838419914245605,11.582583,11.60016655921936
828,33.03973937034607,0.88417417,0.8841015696525574,3.979675966547802e-05,0.8840339183807373,11.582583,11.589843034744263
829,33.07259798049927,0.88417983,0.884138822555542,1.8601753254188225e-05,0.8841116428375244,11.582017,11.5861177444458
830,33.11229205131531,0.88418317,0.8841544985771179,1.6809433873277158e-05,0.8841291666030884,11.581683,11.584550142288208
831,33.15275549888611,0.88419366,0.8841697573661804,7.302036010514712e-06,0.884159505367279,11.580634,11.583024263381958
832,33.192338705062866,0.88421583,0.8841775059700012,6.4659875533834565e-06,0.8841665387153625,11.578417,11.582249402999878
833,33.23261833190918,0.88427514,0.8841841816902161,1.0613772246870212e-05,0.8841766119003296,11.572486,11.581581830978394
834,33.27561140060425,0.8842913,0.8841915726661682,1.922391493280884e-05,0.8841821551322937,11.570871,11.580842733383179
835,33.31948280334473,0.8842913,0.8842037916183472,2.8523681976366788e-05,0.8841830492019653,11.570871,11.579620838165283
836,33.35397744178772,0.8843244,0.8842280507087708,3.450126314419322e-05,0.8841855525970459,11.567563,11.577194929122925
837,33.39399313926697,0.88433075,0.8842593431472778,3.6004712455905974e-05,0.8842161893844604,11.566925,11.574065685272217
838,33.43452787399292,0.8843313,0.8842949271202087,2.0541003323160112e-05,0.8842605352401733,11.566872,11.570507287979126
839,33.47349214553833,0.8843686,0.8843135833740234,1.4366725736181252e-05,0.8842911720275879,11.56314,11.568641662597656
840,33.51388955116272,0.8843686,0.8843257427215576,5.733933903684374e-06,0.8843212127685547,11.56314,11.567425727844238
841,33.547123432159424,0.884384,0.884329617023468,9.075608431885485e-06,0.8843244314193726,11.561603,11.567038297653198
842,33.588844776153564,0.884589,0.8843370079994202,2.0785881133633666e-05,0.8843282461166382,11.541099,11.566299200057983
843,33.628662109375,0.884589,0.8843467831611633,3.245706102461554e-05,0.8843309879302979,11.541099,11.565321683883667
844,33.66261625289917,0.884589,0.8843671679496765,4.9968515668297186e-05,0.8843351006507874,11.541099,11.563283205032349
845,33.6950364112854,0.8846481,0.8844045400619507,6.95619237376377e-05,0.8843665719032288,11.535192,11.559545993804932
846,33.73519563674927,0.8846524,0.8844495415687561,0.00010067577386507764,0.8843828439712524,11.534762,11.55504584312439
847,33.777196168899536,0.8846565,0.8845292925834656,0.0001134472549892962,0.8843905329704285,11.534351,11.547070741653442
848,33.81770944595337,0.88468313,0.8846326470375061,2.4369654056499712e-05,0.8845889568328857,11.531687,11.53673529624939
849,33.85792565345764,0.884684,0.8846502900123596,6.996782303758664e-06,0.8846430778503418,11.531597,11.534970998764038
850,33.898163080215454,0.884702,0.8846560716629028,1.0741467121988535e-05,0.8846490383148193,11.529798,11.534392833709717
851,33.94121313095093,0.8847788,0.8846641182899475,1.6775771655375138e-05,0.8846530914306641,11.52212,11.533588171005249
852,33.9823796749115,0.8847788,0.8846774697303772,2.104065970343072e-05,0.8846562504768372,11.52212,11.53225302696228
853,34.01429724693298,0.8847811,0.8846993446350098,1.779303784132935e-05,0.8846791982650757,11.521888,11.530065536499023
854,34.05345010757446,0.8847852,0.8847116231918335,2.247105658170767e-05,0.8846964836120605,11.521482,11.52883768081665
855,34.09168815612793,0.8847876,0.8847264647483826,2.8604134058696218e-05,0.8847039937973022,11.521238,11.527353525161743
856,34.13195204734802,0.88479507,0.8847505450248718,2.7178091841051355e-05,0.8847126960754395,11.520493,11.524945497512817
857,34.171239614486694,0.88486457,0.8847764730453491,1.3662928722624201e-05,0.8847507238388062,11.513543,11.522352695465088
858,34.211281538009644,0.88486457,0.8847882151603699,1.4506789739243686e-05,0.8847787976264954,11.513543,11.521178483963013
859,34.24473524093628,0.8848731,0.8847988843917847,1.9663391867652535e-05,0.8847835659980774,11.512691,11.520111560821533
860,34.28619456291199,0.8848915,0.8848167061805725,2.6603487640386447e-05,0.8847888112068176,11.510849,11.518329381942749
861,34.328179359436035,0.8849264,0.8848438858985901,3.0029901608941145e-05,0.8848076462745667,11.507362,11.515611410140991
862,34.36837697029114,0.88494754,0.8848739266395569,2.6461004381417297e-05,0.8848367929458618,11.505246,11.512607336044312
863,34.407899379730225,0.88498956,0.8849015235900879,2.583967761893291e-05,0.8848710656166077,11.501044,11.509847640991211
864,34.44800424575806,0.88498956,0.8849267959594727,1.947743476193864e-05,0.8848960399627686,11.501044,11.507320404052734
865,34.4811475276947,0.88498956,0.8849453330039978,1.4863960132061038e-05,0.8849274516105652,11.501044,11.50546669960022
866,34.513320207595825,0.8850209,0.8849582076072693,1.545940358482767e-05,0.8849453330039978,11.497909,11.504179239273071
867,34.55492854118347,0.8850294,0.8849712610244751,1.790902933862526e-05,0.8849513530731201,11.497063,11.50287389755249
868,34.59456658363342,0.8850306,0.8849912881851196,1.269936365133617e-05,0.8849698305130005,11.496937,11.500871181488037
869,34.635783433914185,0.88505495,0.8850030899047852,1.4188780369295273e-05,0.8849895596504211,11.494505,11.499691009521484
870,34.67651057243347,0.88505495,0.8850158452987671,1.421058641426498e-05,0.8849980235099792,11.494505,11.498415470123291
871,34.709569692611694,0.88505495,0.8850293159484863,9.405423952557612e-06,0.885016918182373,11.494505,11.497068405151367
872,34.742263317108154,0.8850574,0.8850378394126892,9.32890998228686e-06,0.8850293755531311,11.494261,11.496216058731079
873,34.781733751297,0.8850783,0.885046660900116,7.417142114718445e-06,0.8850328326225281,11.492168,11.495333909988403
874,34.821552991867065,0.8850809,0.8850535154342651,5.061905994807603e-06,0.8850489854812622,11.491913,11.494648456573486
875,34.86111283302307,0.885089,0.8850579261779785,8.051437362155411e-06,0.8850520849227905,11.491102,11.494207382202148
876,34.90122675895691,0.88509035,0.8850635886192322,1.1601962796703447e-05,0.8850549459457397,11.490965,11.493641138076782
877,34.94127917289734,0.88509536,0.8850734829902649,1.1958404684264679e-05,0.8850573897361755,11.490464,11.49265170097351
878,34.98221802711487,0.88510346,0.8850849270820618,4.403520051710075e-06,0.8850783109664917,11.489654,11.491507291793823
879,35.02233386039734,0.8851056,0.8850886821746826,4.244380306772655e-06,0.8850844502449036,11.489439,11.491131782531738
880,35.06192684173584,0.8851085,0.8850923776626587,4.735235052066855e-06,0.8850868344306946,11.489153,11.49076223373413
881,35.10267901420593,0.88511205,0.8850968480110168,5.601592420134693e-06,0.8850903511047363,11.488795,11.490315198898315
882,35.16995191574097,0.8851434,0.8818109631538391,0.002827419899404049,0.8754309415817261,11.485661,11.818903684616089
883,35.21115207672119,0.8851434,0.8842602968215942,0.0006838241824880242,0.8828515410423279,11.485661,11.573970317840576
884,35.24452233314514,0.8851569,0.8848666548728943,0.00023461873934138566,0.884417712688446,11.484307,11.513334512710571
885,35.28756594657898,0.88516605,0.8850801587104797,5.881079414393753e-05,0.884943962097168,11.483395,11.491984128952026
886,35.330890417099,0.88516605,0.8851277828216553,2.2371055820258334e-05,0.8850915431976318,11.483395,11.487221717834473
887,35.365134716033936,0.8851855,0.8851478099822998,9.009068890009075e-06,0.8851348161697388,11.481452,11.48521900177002
888,35.403284311294556,0.8851855,0.8851561546325684,6.74784678267315e-06,0.885144829750061,11.481452,11.484384536743164
889,35.434017181396484,0.88521117,0.8851624727249146,7.19343006494455e-06,0.8851575255393982,11.478883,11.483752727508545
890,35.474183559417725,0.8852265,0.885170042514801,1.408548814652022e-05,0.8851614594459534,11.477351,11.482995748519897
891,35.51387929916382,0.88523823,0.8851808309555054,2.0834553652093746e-05,0.8851660490036011,11.476177,11.481916904449463
892,35.55486035346985,0.88523823,0.8851989507675171,2.1102201571920887e-05,0.8851672410964966,11.476177,11.480104923248291
893,35.58831763267517,0.88523823,0.8852183222770691,1.0445399311720394e-05,0.8851972222328186,11.476177,11.47816777229309
894,35.62119174003601,0.8852447,0.8852272629737854,6.2912795328884386e-06,0.8852190375328064,11.475527,11.47727370262146
895,35.65873456001282,0.8852447,0.8852334022521973,4.572698799165664e-06,0.8852264881134033,11.475527,11.476659774780273
896,35.6914336681366,0.8852447,0.8852375745773315,3.259207915107254e-06,0.8852330446243286,11.475527,11.476242542266846
897,35.723336935043335,0.88529813,0.8852403163909912,4.636616722564213e-06,0.8852382302284241,11.470186,11.475968360900879
898,35.762208700180054,0.88535416,0.8852436542510986,1.2281698218430392e-05,0.8852382302284241,11.464584,11.475634574890137
899,35.8027606010437,0.88535416,0.8852518200874329,2.4000262783374637e-05,0.8852447271347046,11.464584,11.474817991256714
900,35.83433675765991,0.8853643,0.8852648138999939,4.021866698167287e-05,0.8852447271347046,11.463571,11.47351861000061
901,35.87555456161499,0.8853706,0.8852853775024414,5.1288556278450415e-05,0.8852447271347046,11.462938,11.47146224975586
902,35.915305614471436,0.88537794,0.8853349685668945,4.1273757233284414e-05,0.8852448463439941,11.462206,11.466503143310547
903,35.95563840866089,0.88538426,0.8853643536567688,5.4689080570824444e-06,0.8853541612625122,11.461574,11.46356463432312
904,35.996724367141724,0.88538426,0.8853678107261658,5.817616965941852e-06,0.885364294052124,11.461574,11.463218927383423
905,36.030699253082275,0.8854007,0.8853719830513,7.826366527297068e-06,0.885364294052124,11.4599285,11.462801694869995
906,36.070364475250244,0.8854007,0.8853788375854492,7.3185997280234005e-06,0.8853706121444702,11.4599285,11.462116241455078
907,36.102322816848755,0.8854007,0.885386049747467,6.98458643455524e-06,0.8853779435157776,11.4599285,11.461395025253296
908,36.13528299331665,0.8854007,0.8853926658630371,6.135516287031351e-06,0.8853842616081238,11.4599285,11.460733413696289
909,36.16899347305298,0.88540083,0.8853979706764221,3.1270158160623396e-06,0.8853943943977356,11.459917,11.460202932357788
910,36.20849061012268,0.88540083,0.885400652885437,6.417852915774347e-08,0.8854007124900818,11.459917,11.459934711456299
911,36.2407341003418,0.88540083,0.885400652885437,7.589977002453452e-08,0.8854007124900818,11.459917,11.459934711456299
912,36.27416110038757,0.88544774,0.8854008913040161,2.961646941912477e-06,0.8854007124900818,11.455226,11.459910869598389
913,36.31555676460266,0.88544774,0.8854012489318848,5.106761364004342e-06,0.8854007124900818,11.455226,11.459875106811523
914,36.34783864021301,0.88544786,0.8854028582572937,9.614178452466149e-06,0.8854007124900818,11.455214,11.45971417427063
915,36.3874454498291,0.88550043,0.8854081630706787,2.135155773430597e-05,0.8854008316993713,11.449957,11.459183692932129
916,36.42633056640625,0.88550043,0.8854183554649353,3.2524854759685695e-05,0.8854008316993713,11.449957,11.45816445350647
917,36.45846652984619,0.8855386,0.8854406476020813,4.184104909654707e-05,0.8854008316993713,11.446142,11.45593523979187
918,36.49955940246582,0.88554925,0.8854800462722778,2.643818879732862e-05,0.8854477405548096,11.445075,11.451995372772217
919,36.540016651153564,0.8855498,0.885502815246582,9.63233378570294e-06,0.885500431060791,11.445022,11.449718475341797
920,36.57793617248535,0.8855498,0.8855078220367432,1.6315741959260777e-05,0.885500431060791,11.445022,11.449217796325684
921,36.61094355583191,0.8855609,0.8855167627334595,2.0951898477505893e-05,0.885500431060791,11.443907,11.448323726654053
922,36.65152716636658,0.8855609,0.8855339288711548,1.8063648894894868e-05,0.8855027556419373,11.443907,11.446607112884521
923,36.684229135513306,0.8855609,0.8855482339859009,4.435378741618479e-06,0.8855410814285278,11.443907,11.445176601409912
924,36.71751022338867,0.88562644,0.8855516910552979,6.67811082166736e-06,0.8855492472648621,11.437357,11.444830894470215
925,36.757219314575195,0.8856982,0.8855558633804321,1.4609056961489841e-05,0.885549783706665,11.43018,11.444413661956787
926,36.796284675598145,0.88570434,0.8855672478675842,2.910529110522475e-05,0.8855501413345337,11.429566,11.443275213241577
927,36.83712816238403,0.8857155,0.885584831237793,4.4599913962883875e-05,0.885560929775238,11.428452,11.441516876220703
928,36.87622594833374,0.8857164,0.8856114745140076,5.383700772654265e-05,0.8855615258216858,11.428362,11.438852548599243
929,36.918811321258545,0.8857308,0.8856589198112488,4.180875112069771e-05,0.8856092095375061,11.42692,11.434108018875122
930,36.95861315727234,0.8857308,0.8856993317604065,2.5588566131773405e-05,0.8856366276741028,11.42692,11.43006682395935
931,36.9919536113739,0.8857631,0.8857161402702332,5.561014859267743e-06,0.8857052326202393,11.423689,11.428385972976685
932,37.032936811447144,0.8857658,0.8857198357582092,8.438111763098277e-06,0.8857160210609436,11.423421,11.428016424179077
933,37.07967185974121,0.8857894,0.885725736618042,1.402798170602182e-05,0.8857163786888123,11.421061,11.4274263381958
934,37.12186050415039,0.8857894,0.8857360482215881,1.8620976334204897e-05,0.8857201337814331,11.421061,11.426395177841187
935,37.15580749511719,0.88581884,0.8857523798942566,2.1243287847028114e-05,0.8857277631759644,11.418116,11.42476201057434
936,37.19631791114807,0.885828,0.8857733011245728,1.201917439175304e-05,0.8857541680335999,11.417198,11.422669887542725
937,37.23627972602844,0.88583297,0.8857846856117249,1.66242662089644e-05,0.8857704401016235,11.416703,11.421531438827515
938,37.276888370513916,0.8858713,0.8857999444007874,1.9828108634101227e-05,0.8857791423797607,11.41287,11.420005559921265
939,37.31916046142578,0.88588405,0.8858211040496826,1.575116220919881e-05,0.8857893943786621,11.411595,11.417889595031738
940,37.359126329422,0.88594663,0.8858347535133362,1.365397110930644e-05,0.885823130607605,11.405336,11.416524648666382
941,37.399163484573364,0.8859729,0.8858471512794495,2.4663475414854474e-05,0.8858318328857422,11.402708,11.415284872055054
942,37.440556049346924,0.8859818,0.8858647346496582,3.7598798371618614e-05,0.8858378529548645,11.40182,11.41352653503418
943,37.481459617614746,0.8859913,0.885897696018219,4.53750544693321e-05,0.885846734046936,11.400872,11.4102303981781
944,37.52242183685303,0.8859949,0.8859408497810364,3.247549830120988e-05,0.8858840465545654,11.400509,11.405915021896362
945,37.562827825546265,0.8859949,0.8859683275222778,1.1755786545109004e-05,0.8859550952911377,11.400509,11.403167247772217
946,37.596075773239136,0.8860038,0.8859785199165344,8.324809641635511e-06,0.8859665989875793,11.399621,11.402148008346558
947,37.634676456451416,0.886011,0.8859871029853821,6.852678779978305e-06,0.8859767317771912,11.398899,11.401289701461792
948,37.67565941810608,0.8861379,0.885994553565979,1.0455832125444431e-05,0.8859856128692627,11.3862095,11.4005446434021
949,37.71555709838867,0.8861379,0.8860008120536804,1.5813784557394683e-05,0.8859924674034119,11.3862095,11.399918794631958
950,37.74759793281555,0.8861557,0.8860105276107788,3.061959068872966e-05,0.886000394821167,11.384428,11.39894723892212
951,37.78682255744934,0.88615966,0.8860262632369995,4.8489066102774814e-05,0.8860037922859192,11.384034,11.397373676300049
952,37.82813334465027,0.88616157,0.8860558867454529,6.39166755718179e-05,0.8860076665878296,11.383843,11.394411325454712
953,37.86909604072571,0.88627136,0.8861091136932373,6.131250120233744e-05,0.886011004447937,11.372864,11.38908863067627
954,37.90996503829956,0.88627315,0.8861538767814636,1.6017946109059267e-05,0.8861430883407593,11.372685,11.384612321853638
955,37.94983959197998,0.88633776,0.8861667513847351,3.236448537791148e-05,0.8861528038978577,11.366224,11.38332486152649
956,37.99005484580994,0.88635194,0.8861839771270752,5.3495470638154075e-05,0.8861576318740845,11.364805,11.38160228729248
957,38.029332637786865,0.88635194,0.8862148523330688,7.239803380798548e-05,0.8861596584320068,11.364805,11.378514766693115
958,38.06178641319275,0.8863679,0.8862748742103577,6.934056000318378e-05,0.8861615657806396,11.363209,11.372512578964233
959,38.101752281188965,0.886379,0.8863344192504883,2.2692962375003844e-05,0.8862731456756592,11.3621,11.366558074951172
960,38.144885778427124,0.8863858,0.8863485455513,9.360999683849514e-06,0.8863416910171509,11.36142,11.365145444869995
961,38.1847779750824,0.8863873,0.8863556981086731,1.1589486348384526e-05,0.8863465189933777,11.361271,11.36443018913269
962,38.22363495826721,0.8863981,0.8863645792007446,1.383053768222453e-05,0.8863504528999329,11.360192,11.363542079925537
963,38.26534628868103,0.8864242,0.88637775182724,1.0902130270551424e-05,0.8863587379455566,11.357582,11.362224817276001
964,38.311651945114136,0.8864354,0.8863873481750488,9.415588465344626e-06,0.8863790035247803,11.356461,11.361265182495117
965,38.353464126586914,0.8864895,0.8863948583602905,1.5067266758705955e-05,0.8863857984542847,11.351049,11.360514163970947
966,38.39210343360901,0.8864895,0.8864072561264038,2.085621963487938e-05,0.8863874673843384,11.351049,11.35927438735962
967,38.424174070358276,0.886494,0.886425256729126,2.4345075871679e-05,0.886396050453186,11.350602,11.357474327087402
968,38.465168714523315,0.8865485,0.8864486217498779,1.9109045751974918e-05,0.886433482170105,11.345148,11.355137825012207
969,38.50570583343506,0.8865715,0.8864649534225464,2.5038661988219246e-05,0.8864437341690063,11.342848,11.353504657745361
970,38.54628300666809,0.8865764,0.8864884972572327,2.523200964787975e-05,0.8864462375640869,11.342359,11.351150274276733
971,38.585628271102905,0.8866132,0.8865077495574951,2.7630163458525203e-05,0.8864895105361938,11.338681,11.349225044250488
972,38.62532091140747,0.8866255,0.8865317702293396,3.3460190024925396e-05,0.8864932060241699,11.337447,11.34682297706604
973,38.66493082046509,0.88666666,0.8865665197372437,2.41775323956972e-05,0.8865357041358948,11.333334,11.343348026275635
974,38.70503854751587,0.8866844,0.8865891695022583,2.702069832594134e-05,0.8865674138069153,11.331558,11.34108304977417
975,38.74618101119995,0.88668907,0.8866124749183655,2.9863047529943287e-05,0.8865740299224854,11.331093,11.338752508163452
976,38.784611225128174,0.88669074,0.8866411447525024,2.3811271603335626e-05,0.8866219520568848,11.330927,11.335885524749756
977,38.82427787780762,0.8867508,0.886662483215332,2.8152486265753396e-05,0.886630654335022,11.324919,11.333751678466797
978,38.86495351791382,0.8867623,0.8866923451423645,2.1926887711742893e-05,0.8866754770278931,11.323768,11.33076548576355
979,38.90520095825195,0.88677174,0.8867084383964539,2.8100765121052973e-05,0.8866844177246094,11.322826,11.329156160354614
980,38.94458723068237,0.88677174,0.8867365121841431,2.352402952965349e-05,0.886691689491272,11.322826,11.326348781585693
981,38.97736430168152,0.8867913,0.8867552280426025,7.909588930488098e-06,0.8867459893226624,11.320871,11.324477195739746
982,39.01757550239563,0.88681704,0.8867611885070801,1.081844402506249e-05,0.8867508172988892,11.318296,11.323881149291992
983,39.0575692653656,0.88681704,0.8867712616920471,1.1607431588345207e-05,0.886757493019104,11.318296,11.322873830795288
984,39.08988833427429,0.88681704,0.886781632900238,1.2527397302619647e-05,0.8867692947387695,11.318296,11.321836709976196
985,39.12251853942871,0.88682467,0.886792778968811,1.2378389328659978e-05,0.8867766261100769,11.3175335,11.320722103118896
986,39.16352605819702,0.8868438,0.8868044018745422,1.1271374205534812e-05,0.8867912888526917,11.31562,11.319559812545776
987,39.203426122665405,0.88690156,0.8868156671524048,1.0766953892016318e-05,0.8867988586425781,11.309844,11.318433284759521
988,39.2468581199646,0.886925,0.8868236541748047,1.5940646335366182e-05,0.8868170380592346,11.307502,11.317634582519531
989,39.28718686103821,0.8869301,0.8868356347084045,2.8375470719765872e-05,0.8868190050125122,11.30699,11.316436529159546
990,39.329124450683594,0.886937,0.8868532180786133,3.891889355145395e-05,0.8868246674537659,11.306297,11.314678192138672
991,39.369250535964966,0.8869403,0.8868841528892517,4.047235051984899e-05,0.8868266344070435,11.30597,11.311584711074829
992,39.40918707847595,0.88696855,0.8869199752807617,1.3713716725760605e-05,0.8869015574455261,11.303144,11.308002471923828
993,39.448381185531616,0.88697714,0.8869321942329407,6.352439868351212e-06,0.8869240880012512,11.302286,11.306780576705933
994,39.48791790008545,0.8870057,0.886937141418457,9.115407920035068e-06,0.8869301080703735,11.299431,11.306285858154297
995,39.5294349193573,0.8870057,0.8869426250457764,1.4368396477948409e-05,0.8869351148605347,11.299431,11.305737495422363
996,39.56309223175049,0.887027,0.886952817440033,2.2982323571341112e-05,0.8869394063949585,11.2972975,11.304718255996704
997,39.60557198524475,0.88703233,0.8869709372520447,2.9865668693673797e-05,0.8869403004646301,11.296767,11.302906274795532
998,39.64661741256714,0.8870516,0.8870015740394592,1.5286073903553188e-05,0.8869739770889282,11.294842,11.299842596054077
999,39.6868040561676,0.8870516,0.8870140910148621,1.1323835678922478e-05,0.8870056867599487,11.294842,11.298590898513794
1000,39.71960139274597,0.8870729,0.8870230913162231,1.525940933788661e-05,0.8870091438293457,11.292707,11.297690868377686
1001,39.75870323181152,0.8870796,0.8870384693145752,1.4628162716689985e-05,0.8870193958282471,11.29204,11.29615306854248
1002,39.79867148399353,0.8870907,0.8870538473129272,1.5222006368276197e-05,0.8870320320129395,11.290932,11.294615268707275
1003,39.837915897369385,0.88709176,0.8870671987533569,1.0787101928144693e-05,0.8870515823364258,11.290825,11.293280124664307
1004,39.87824034690857,0.88710713,0.8870769739151001,4.8787678679218516e-06,0.8870720267295837,11.289287,11.29230260848999
1005,39.91959309577942,0.8871327,0.8870817422866821,8.370169780391734e-06,0.8870767951011658,11.28673,11.291825771331787
1006,39.958818435668945,0.88714534,0.8870885968208313,1.3969478459330276e-05,0.8870779871940613,11.285466,11.29114031791687
1007,39.99870276451111,0.887166,0.8870998024940491,1.8105811250279658e-05,0.8870866894721985,11.283398,11.290019750595093
1008,40.03828692436218,0.887166,0.8871129155158997,2.2754926249035634e-05,0.8870917558670044,11.283398,11.288708448410034
1009,40.07084107398987,0.88717073,0.8871349692344666,1.5584017091896385e-05,0.8870944380760193,11.282927,11.286503076553345
1010,40.1107816696167,0.88718164,0.8871474266052246,8.037999577936716e-06,0.8871354460716248,11.281836,11.285257339477539
1011,40.15028691291809,0.8873108,0.8871535062789917,1.4391212062037084e-05,0.8871464729309082,11.26892,11.28464937210083
1012,40.1903817653656,0.887316,0.8871631026268005,2.3148220861912705e-05,0.8871480822563171,11.268401,11.283689737319946
1013,40.2324333190918,0.88731796,0.8871848583221436,3.655858017737046e-05,0.8871492147445679,11.268205,11.281514167785645
1014,40.273698806762695,0.8873221,0.8872083425521851,5.1730232371483e-05,0.8871734738349915,11.267787,11.279165744781494
1015,40.31543755531311,0.88737524,0.8872424364089966,6.33247836958617e-05,0.8871847987174988,11.262476,11.275756359100342
1016,40.35499858856201,0.88737524,0.8873043060302734,3.6521170841297135e-05,0.8871875405311584,11.262476,11.269569396972656
1017,40.3892343044281,0.8875064,0.8873249292373657,2.0089490135433152e-05,0.8873159885406494,11.249357,11.267507076263428
1018,40.42891788482666,0.88751113,0.8873385787010193,4.478207483771257e-05,0.8873194456100464,11.248886,11.266142129898071
1019,40.46832251548767,0.88751113,0.887363851070404,6.687970017082989e-05,0.8873221278190613,11.248886,11.263614892959595
1020,40.501521587371826,0.88751805,0.887418806552887,7.690367783652619e-05,0.8873243927955627,11.248196,11.258119344711304
1021,40.54201555252075,0.8875215,0.8874913454055786,4.4283464376349e-05,0.8873764872550964,11.247849,11.250865459442139
1022,40.5832793712616,0.8875215,0.8875124454498291,3.2888672194530955e-06,0.8875098824501038,11.247849,11.24875545501709
1023,40.616539001464844,0.887541,0.8875153064727783,3.8659995880152564e-06,0.887511134147644,11.2459,11.248469352722168
1024,40.65650820732117,0.8875473,0.8875190615653992,4.1100156522588804e-06,0.8875152468681335,11.245269,11.248093843460083
1025,40.69711422920227,0.88755435,0.8875222206115723,7.974832442414481e-06,0.887518048286438,11.244565,11.247777938842773
1026,40.73681926727295,0.887556,0.8875263333320618,1.1764491318899672e-05,0.8875192403793335,11.244398,11.247366666793823
1027,40.776299715042114,0.88758814,0.8875340223312378,1.5229976270347834e-05,0.887521505355835,11.241186,11.24659776687622
1028,40.816343784332275,0.8875915,0.8875466585159302,1.50682135426905e-05,0.8875227570533752,11.240852,11.245334148406982
1029,40.856693506240845,0.88759553,0.8875601291656494,1.2453337149054278e-05,0.887550413608551,11.240446,11.243987083435059
1030,40.896605491638184,0.88765997,0.8875696659088135,1.6018757378333248e-05,0.8875543475151062,11.234003,11.243033409118652
1031,40.93671369552612,0.88770205,0.887586236000061,1.745518238749355e-05,0.8875611424446106,11.229795,11.241376399993896
1032,40.97735524177551,0.88770646,0.8876001238822937,2.7786183636635542e-05,0.8875880837440491,11.229354,11.23998761177063
1033,41.01732516288757,0.8877105,0.8876169919967651,4.22071861976292e-05,0.8875914812088013,11.228949,11.238300800323486
1034,41.05804944038391,0.8877105,0.8876456022262573,4.965861444361508e-05,0.8875942826271057,11.228949,11.235439777374268
1035,41.09014868736267,0.88773805,0.8876970410346985,1.3523381312552374e-05,0.8876675367355347,11.226195,11.230295896530151
1036,41.13124489784241,0.8877403,0.8877073526382446,5.642451924359193e-06,0.8877031207084656,11.225968,11.229264736175537
1037,41.173470973968506,0.88777053,0.8877110481262207,9.30554870137712e-06,0.887706458568573,11.222946,11.22889518737793
1038,41.2123658657074,0.88777053,0.8877161145210266,1.2713187061308417e-05,0.8877082467079163,11.222946,11.228388547897339
1039,41.244786739349365,0.88777053,0.8877244591712952,1.7177522749989294e-05,0.8877105116844177,11.222946,11.227554082870483
1040,41.27870965003967,0.88780034,0.8877396583557129,1.639396396058146e-05,0.887712299823761,11.219967,11.226034164428711
1041,41.32215070724487,0.8878044,0.8877527117729187,1.737198545015417e-05,0.8877403140068054,11.219561,11.22472882270813
1042,41.36442494392395,0.88782513,0.8877688646316528,2.156027221644763e-05,0.8877443671226501,11.217487,11.223113536834717
1043,41.404507875442505,0.88788307,0.8877902030944824,2.0110030163777992e-05,0.8877705335617065,11.211693,11.220979690551758
1044,41.44430994987488,0.88788533,0.8878118395805359,2.0354282241896726e-05,0.8877891302108765,11.211467,11.218816041946411
1045,41.486218214035034,0.8879152,0.887830376625061,2.8395565095706843e-05,0.887804388999939,11.208481,11.216962337493896
1046,41.52683186531067,0.887917,0.8878567814826965,2.6991865524905734e-05,0.8878231048583984,11.208302,11.214321851730347
1047,41.56716299057007,0.8879586,0.8878836631774902,1.9917664758395404e-05,0.8878514766693115,11.204142,11.211633682250977
1048,41.60811424255371,0.8880143,0.8879014253616333,1.9759607312153094e-05,0.887885332107544,11.198568,11.20985746383667
1049,41.64822769165039,0.8880143,0.8879197835922241,2.0713616322609596e-05,0.8878999352455139,11.198568,11.208021640777588
1050,41.68373918533325,0.8880143,0.8879384398460388,2.593024146335665e-05,0.8879151940345764,11.198568,11.206156015396118
1051,41.7168185710907,0.8880143,0.8879618048667908,2.446440157655161e-05,0.8879359364509583,11.198568,11.203819513320923
1052,41.749868631362915,0.88802063,0.8879872560501099,1.747061287460383e-05,0.8879585862159729,11.197937,11.201274394989014
1053,41.790900468826294,0.8880477,0.8880032896995544,1.0503663361305371e-05,0.8879845142364502,11.1952305,11.199671030044556
1054,41.83080840110779,0.88805246,0.8880131840705872,7.542727416876005e-06,0.8880003690719604,11.194754,11.198681592941284
1055,41.87108540534973,0.88805246,0.888018786907196,1.0323929927835707e-05,0.8880143165588379,11.194754,11.198121309280396
1056,41.90355682373047,0.8880798,0.8880258798599243,1.5224764865706675e-05,0.8880143165588379,11.192018,11.197412014007568
1057,41.94313931465149,0.8880858,0.8880389332771301,1.5269426512531936e-05,0.8880144953727722,11.1914215,11.196106672286987
1058,41.98424458503723,0.8880858,0.8880544900894165,1.1791113138315268e-05,0.8880383968353271,11.1914215,11.19455099105835
1059,42.0151629447937,0.8880993,0.8880656361579895,1.2698689715762157e-05,0.8880524635314941,11.190069,11.19343638420105
1060,42.05493426322937,0.8881151,0.8880772590637207,9.858498742687516e-06,0.8880662322044373,11.188489,11.19227409362793
1061,42.09463548660278,0.888134,0.8880884051322937,9.541214240016416e-06,0.888079822063446,11.1866,11.19115948677063
1062,42.13508415222168,0.888134,0.8880961537361145,1.3011263945372775e-05,0.8880857825279236,11.1866,11.19038462638855
1063,42.16870141029358,0.88816583,0.8881080746650696,1.4239145457395352e-05,0.8880933523178101,11.183416,11.189192533493042
1064,42.20851993560791,0.8881677,0.8881222605705261,1.305135629081633e-05,0.8881071209907532,11.183232,11.187773942947388
1065,42.24922204017639,0.88816845,0.8881349563598633,1.3394776942732278e-05,0.8881151080131531,11.183155,11.186504364013672
1066,42.29022693634033,0.88823617,0.8881471157073975,1.4829014617134817e-05,0.8881340026855469,11.176384,11.185288429260254
1067,42.33167052268982,0.8882452,0.8881615996360779,1.8068187273456715e-05,0.8881475925445557,11.175478,11.183840036392212
1068,42.37360906600952,0.8882652,0.8881778717041016,2.754179877229035e-05,0.8881522417068481,11.173481,11.182212829589844
1069,42.42299270629883,0.8882811,0.8882013559341431,3.3913842344190925e-05,0.8881658315658569,11.171889,11.179864406585693
1070,42.46505856513977,0.88831675,0.8882355093955994,2.3267371943802573e-05,0.8881996870040894,11.168325,11.176449060440063
1071,42.50594353675842,0.8883461,0.8882560729980469,1.8335793356527574e-05,0.8882347941398621,11.165392,11.174392700195312
1072,42.54606771469116,0.8883759,0.8882738351821899,2.2353737222147174e-05,0.888250470161438,11.162413,11.172616481781006
1073,42.587034940719604,0.8884001,0.888293445110321,3.3906813769135624e-05,0.8882651925086975,11.159992,11.170655488967896
1074,42.63710403442383,0.8884054,0.8883172273635864,4.074751632288098e-05,0.8882787823677063,11.159462,11.168277263641357
1075,42.69009780883789,0.8884827,0.8883575797080994,3.667790224426426e-05,0.888288676738739,11.1517315,11.164242029190063
1076,42.7331645488739,0.88848794,0.88839191198349,2.228982157248538e-05,0.8883618712425232,11.151207,11.160808801651001
1077,42.77425813674927,0.88848853,0.888412356376648,2.5110777642112225e-05,0.8883911967277527,11.151147,11.158764362335205
1078,42.81511688232422,0.8884938,0.8884283900260925,3.0212439014576375e-05,0.8884007930755615,11.150622,11.157160997390747
1079,42.85361433029175,0.88853,0.8884546160697937,2.9063252441119403e-05,0.888418972492218,11.146998,11.15453839302063
1080,42.89301300048828,0.88853,0.8884824514389038,1.0910691344179213e-05,0.8884642124176025,11.146998,11.15175485610962
1081,42.92535400390625,0.8885307,0.8884910345077515,9.516897989669815e-06,0.8884826898574829,11.146933,11.150896549224854
1082,42.96555829048157,0.8885307,0.8884974122047424,1.2629218872461934e-05,0.8884885311126709,11.146933,11.150258779525757
1083,42.99891495704651,0.8885519,0.8885071277618408,1.4105798982200213e-05,0.8884912729263306,11.144811,11.149287223815918
1084,43.03966307640076,0.8885519,0.888519823551178,1.4731364899489563e-05,0.888505220413208,11.144811,11.148017644882202
1085,43.071274280548096,0.88855284,0.8885354399681091,8.975038326752838e-06,0.8885105848312378,11.144715,11.146456003189087
1086,43.111205101013184,0.8885535,0.8885425329208374,7.519920927734347e-06,0.8885307312011719,11.1446495,11.14574670791626
1087,43.15125870704651,0.8885535,0.8885490894317627,2.556733534220257e-06,0.8885466456413269,11.1446495,11.14509105682373
1088,43.2092022895813,0.88875216,0.8849724531173706,0.0031383417081087828,0.8782702684402466,11.1247835,11.50275468826294
1089,43.248751163482666,0.88875216,0.8876180052757263,0.0008211664389818907,0.8858374357223511,11.1247835,11.238199472427368
1090,43.28127193450928,0.8887527,0.8883393406867981,0.00032157814712263644,0.8876168727874756,11.12473,11.16606593132019
1091,43.323930740356445,0.8887532,0.8886131644248962,9.486120688961819e-05,0.8884766101837158,11.124682,11.138683557510376
1092,43.36445140838623,0.8887538,0.8886896371841431,8.083958528004587e-05,0.8885675072669983,11.124622,11.131036281585693
1093,43.41237449645996,0.8887538,0.8887509107589722,2.3805378077668138e-06,0.8887467980384827,11.124622,11.124908924102783
1094,43.44766807556152,0.8887749,0.888752818107605,1.7274883248319384e-06,0.8887520432472229,11.122513,11.124718189239502
1095,43.488430976867676,0.8887749,0.8887534737586975,2.4055439098447096e-06,0.8887526988983154,11.122513,11.124652624130249
1096,43.52164888381958,0.8887749,0.8887547850608826,4.740610620501684e-06,0.8887531757354736,11.122513,11.124521493911743
1097,43.552889347076416,0.888775,0.8887572288513184,7.189347343228292e-06,0.8887536525726318,11.122501,11.124277114868164
1098,43.59231996536255,0.88879526,0.888761579990387,9.441726433578879e-06,0.8887537717819214,11.120474,11.123842000961304
1099,43.63306975364685,0.88879526,0.8887696862220764,7.906526661827229e-06,0.8887545466423035,11.120474,11.123031377792358
1100,43.66771650314331,0.8888095,0.8887767791748047,5.928501650487306e-06,0.8887733221054077,11.11905,11.122322082519531
1101,43.707213163375854,0.8888294,0.8887814283370972,1.0847546946024522e-05,0.8887748718261719,11.117059,11.121857166290283
1102,43.749186277389526,0.8888466,0.8887900710105896,1.5035945580166299e-05,0.8887754678726196,11.115342,11.12099289894104
1103,43.791709661483765,0.8888466,0.8888026475906372,1.3472630598698743e-05,0.8887877464294434,11.115342,11.11973524093628
1104,43.825135707855225,0.8889102,0.8888173699378967,1.257814346899977e-05,0.8888031840324402,11.108982,11.118263006210327
1105,43.86474680900574,0.8889517,0.8888314962387085,2.2994337996351533e-05,0.88881516456604,11.104828,11.11685037612915
1106,43.90572643280029,0.8890467,0.8888521194458008,4.0316954255104065e-05,0.8888236880302429,11.095327,11.114788055419922
1107,43.94560766220093,0.88906246,0.8888860940933228,5.2217161282896996e-05,0.8888373374938965,11.093754,11.111390590667725
1108,43.98650097846985,0.88910455,0.888935387134552,5.546254033106379e-05,0.888859748840332,11.089545,11.1064612865448
1109,44.02654695510864,0.8891393,0.8889958262443542,5.1802624511765316e-05,0.8889405727386475,11.086071,11.100417375564575
1110,44.06560444831848,0.8891487,0.8890479803085327,5.0285569159314036e-05,0.8889753818511963,11.085129,11.095201969146729
1111,44.10542559623718,0.88915104,0.8890973925590515,2.446504913677927e-05,0.8890591859817505,11.084896,11.090260744094849
1112,44.14460349082947,0.8891964,0.8891187906265259,1.723196510283742e-05,0.8890945911407471,11.08036,11.088120937347412
1113,44.18459224700928,0.88920164,0.8891353607177734,1.531419729872141e-05,0.8891215920448303,11.079836,11.086463928222656
1114,44.22361993789673,0.8892342,0.8891504406929016,2.1421556084533222e-05,0.8891323804855347,11.076582,11.084955930709839
1115,44.26462244987488,0.8892528,0.8891674280166626,2.714625225053169e-05,0.8891403675079346,11.074722,11.08325719833374
1116,44.30579710006714,0.88930476,0.8891933560371399,2.88310711766826e-05,0.8891531825065613,11.069525,11.08066439628601
1117,44.34688186645508,0.88933307,0.8892220258712769,3.0320505175041035e-05,0.8891961574554443,11.066693,11.077797412872314
1118,44.38607478141785,0.8893374,0.8892515897750854,3.6412217014003545e-05,0.8892107009887695,11.066257,11.074841022491455
1119,44.42599534988403,0.88933945,0.8892877101898193,2.9113829441484995e-05,0.8892405033111572,11.066055,11.071228981018066
1120,44.46881365776062,0.88934803,0.8893153071403503,1.2105467249057256e-05,0.8892974257469177,11.065197,11.068469285964966
1121,44.50950884819031,0.8893491,0.8893263339996338,9.322094228991773e-06,0.8893140554428101,11.06509,11.067366600036621
1122,44.54986095428467,0.88935876,0.889336109161377,7.410764737869613e-06,0.8893245458602905,11.064124,11.066389083862305
1123,44.590168952941895,0.8893589,0.8893437385559082,6.046929229341913e-06,0.8893352746963501,11.064112,11.06562614440918
1124,44.62950563430786,0.8893589,0.8893498778343201,4.936718141834717e-06,0.8893432021141052,11.064112,11.065012216567993
1125,44.66407012939453,0.8893589,0.8893543481826782,3.981728696089704e-06,0.8893482089042664,11.064112,11.064565181732178
1126,44.69703269004822,0.8893589,0.88935786485672,1.5614833728250233e-06,0.8893543481826782,11.064112,11.064213514328003
1127,44.729788064956665,0.8893589,0.8893586993217468,1.6755575416027568e-07,0.889358401298523,11.064112,11.064130067825317
1128,44.7616810798645,0.8893734,0.8893588781356812,9.179796620628622e-07,0.8893588781356812,11.062658,11.064112186431885
1129,44.80067157745361,0.88937485,0.8893589973449707,1.6350522855645977e-06,0.8893588781356812,11.062515,11.06410026550293
1130,44.84047317504883,0.8893842,0.8893595337867737,3.28799228554999e-06,0.8893588781356812,11.061579,11.064046621322632
1131,44.880534172058105,0.8893842,0.8893610239028931,6.026114988344489e-06,0.8893588781356812,11.061579,11.063897609710693
1132,44.914103746414185,0.88940024,0.8893645405769348,9.478255378780887e-06,0.8893588781356812,11.059976,11.063545942306519
1133,44.95587205886841,0.88940024,0.8893711566925049,1.1519888175826054e-05,0.8893588781356812,11.059976,11.062884330749512
1134,44.98874306678772,0.88940024,0.8893827795982361,7.512779575336026e-06,0.8893723487854004,11.059976,11.061722040176392
1135,45.02270436286926,0.88940024,0.8893893361091614,6.6917677941091824e-06,0.8893842101097107,11.059976,11.061066389083862
1136,45.05528473854065,0.88940024,0.8893951773643494,5.655781478708377e-06,0.8893856406211853,11.059976,11.060482263565063
1137,45.08951020240784,0.88940763,0.8893996477127075,1.2322522024987848e-06,0.8893976807594299,11.059237,11.060035228729248
1138,45.12966847419739,0.8894102,0.8894005417823792,1.1399688446545042e-06,0.8894002437591553,11.05898,11.059945821762085
1139,45.16888356208801,0.889464,0.889401376247406,4.621751941158436e-06,0.8894002437591553,11.053598,11.0598623752594
1140,45.209312200546265,0.88947165,0.8894039392471313,1.085360963770654e-05,0.8894002437591553,11.052835,11.059606075286865
1141,45.25079154968262,0.88948315,0.8894103169441223,1.876393253041897e-05,0.8894002437591553,11.051684,11.058968305587769
1142,45.29282879829407,0.88948584,0.8894222974777222,2.4437371394014917e-05,0.8894042372703552,11.051416,11.057770252227783
1143,45.33766007423401,0.88948727,0.8894393444061279,2.9078180887154303e-05,0.8894101977348328,11.051273,11.056065559387207
1144,45.38083553314209,0.8898078,0.8894687294960022,2.4856428353814408e-05,0.8894184827804565,11.019218,11.05312705039978
1145,45.42121958732605,0.8898078,0.8894829154014587,4.170896499999799e-05,0.8894660472869873,11.019218,11.051708459854126
1146,45.45508885383606,0.88981104,0.8895025849342346,7.655412628082559e-05,0.8894782066345215,11.018896,11.049741506576538
1147,45.493682622909546,0.8898241,0.8895370960235596,0.00011764776718337089,0.8894831538200378,11.0175905,11.046290397644043
1148,45.53609800338745,0.8898241,0.8895977139472961,0.00015204388182610273,0.8894858360290527,11.0175905,11.040228605270386
1149,45.57079100608826,0.8898311,0.889726459980011,0.00013916828902438283,0.8894907236099243,11.016888,11.027354001998901
1150,45.611186027526855,0.8898414,0.8898167610168457,6.7941637098556384e-06,0.8898078203201294,11.015862,11.01832389831543
1151,45.65238618850708,0.8898485,0.8898232579231262,5.45664033779758e-06,0.889817476272583,11.015153,11.017674207687378
1152,45.692018270492554,0.88985646,0.8898279666900635,6.8947288127674256e-06,0.8898219466209412,11.014355,11.017203330993652
1153,45.732009410858154,0.88986564,0.8898337483406067,8.487235390930437e-06,0.8898240923881531,11.013436,11.016625165939331
1154,45.771066427230835,0.8898929,0.8898414969444275,9.308697372034658e-06,0.8898318409919739,11.010713,11.015850305557251
1155,45.811115980148315,0.889928,0.889851987361908,1.1969451406912412e-05,0.8898382186889648,11.007202,11.014801263809204
1156,45.852083683013916,0.8899448,0.8898617029190063,1.7312828276772052e-05,0.889851450920105,11.005521,11.013829708099365
1157,45.89207482337952,0.8899448,0.8898738622665405,2.8704000214929692e-05,0.8898564577102661,11.005521,11.012613773345947
1158,45.92604184150696,0.88994586,0.889895498752594,3.280827877460979e-05,0.8898564577102661,11.005413,11.0104501247406
1159,45.966551780700684,0.88994986,0.8899263143539429,2.1361836843425408e-05,0.8898871541023254,11.005014,11.007368564605713
1160,46.00623154640198,0.8899603,0.8899430632591248,3.8259140637819655e-06,0.889933705329895,11.003971,11.005693674087524
1161,46.05303692817688,0.8899658,0.8899462223052979,3.202528660040116e-06,0.8899441361427307,11.003423,11.005377769470215
1162,46.09631299972534,0.8899736,0.889948308467865,4.91802620672388e-06,0.8899447917938232,11.002642,11.005169153213501
1163,46.138206481933594,0.88998604,0.8899521231651306,6.38760457150056e-06,0.8899462223052979,11.001396,11.004787683486938
1164,46.179755449295044,0.8899905,0.889957845211029,8.438228178420104e-06,0.8899498581886292,11.000949,11.004215478897095
1165,46.21986651420593,0.8900003,0.8899660706520081,1.1041919606213924e-05,0.8899561166763306,10.999971,11.003392934799194
1166,46.25955247879028,0.8900065,0.8899745941162109,1.390116540278541e-05,0.8899602890014648,10.9993515,11.002540588378906
1167,46.29944181442261,0.8900099,0.8899898529052734,1.0090584510180634e-05,0.8899730443954468,10.999012,11.001014709472656
1168,46.34142065048218,0.89001304,0.8899987936019897,5.511114977707621e-06,0.8899903893470764,10.998696,11.000120639801025
1169,46.381860971450806,0.8900135,0.8900034427642822,3.81347626898787e-06,0.8900002837181091,10.998649,10.999655723571777
1170,46.42151069641113,0.8900162,0.8900066018104553,3.973609182139626e-06,0.8900021314620972,10.998381,10.999339818954468
1171,46.45975399017334,0.8900162,0.8900105953216553,2.6911900476989103e-06,0.8900042772293091,10.998381,10.998940467834473
1172,46.491981744766235,0.8900239,0.8900132179260254,1.5881570334386197e-06,0.8900108337402344,10.997611,10.998678207397461
1173,46.53153610229492,0.8900301,0.8900147676467896,3.048420239792904e-06,0.8900129795074463,10.996991,10.998523235321045
1174,46.57077074050903,0.8900303,0.890017032623291,4.4141593207314145e-06,0.8900135159492493,10.996967,10.998296737670898
1175,46.61239790916443,0.89004564,0.8900208473205566,5.548889475903707e-06,0.8900148868560791,10.995436,10.997915267944336
1176,46.653735637664795,0.89004564,0.8900262117385864,3.916367859346792e-06,0.890018105506897,10.995436,10.997378826141357
1177,46.686763763427734,0.8902113,0.8900320529937744,2.2059517505113035e-05,0.890026330947876,10.978871,10.996794700622559
1178,46.724703550338745,0.89022696,0.8900473713874817,5.0285547331441194e-05,0.8900284767150879,10.977304,10.995262861251831
1179,46.76385569572449,0.8902294,0.8900763988494873,7.55617002141662e-05,0.8900303244590759,10.977059,10.99236011505127
1180,46.80457305908203,0.8902489,0.8901352882385254,8.733589493203908e-05,0.890032947063446,10.975111,10.986471176147461
1181,46.8450562953949,0.8902694,0.8902208209037781,1.076265107258223e-05,0.8902062177658081,10.973061,10.977917909622192
1182,46.88520002365112,0.8902694,0.8902308940887451,1.0786245184135623e-05,0.890224814414978,10.973061,10.976910591125488
1183,46.91787004470825,0.8902704,0.8902376294136047,1.4826602637185715e-05,0.8902283906936646,10.972959,10.976237058639526
1184,46.95615077018738,0.8902756,0.8902485966682434,1.7871378076961264e-05,0.8902302384376526,10.972441,10.97514033317566
1185,46.99614930152893,0.8902783,0.8902667760848999,6.832040071458323e-06,0.8902386426925659,10.972172,10.97332239151001
1186,47.03915810585022,0.8903849,0.8902715444564819,7.589143478980986e-06,0.8902689814567566,10.961509,10.972845554351807
1187,47.08042621612549,0.8903861,0.8902749419212341,1.3776250852970406e-05,0.8902704119682312,10.96139,10.972505807876587
1188,47.12180995941162,0.8903861,0.8902819156646729,2.369586582062766e-05,0.8902719616889954,10.96139,10.971808433532715
1189,47.15566039085388,0.8903861,0.8902937769889832,3.332607593620196e-05,0.8902754783630371,10.96139,10.970622301101685
1190,47.189045667648315,0.8903946,0.8903167843818665,4.208211612422019e-05,0.8902786374092102,10.960537,10.968321561813354
1191,47.22879242897034,0.8904086,0.8903505206108093,3.6405988794285804e-05,0.8902961015701294,10.959143,10.964947938919067
1192,47.26960039138794,0.8904127,0.8903829455375671,1.1134279702673666e-05,0.8903615474700928,10.958731,10.961705446243286
1193,47.31059503555298,0.8904151,0.8903923034667969,7.256840035552159e-06,0.8903861045837402,10.958492,10.960769653320312
1194,47.35066628456116,0.8904169,0.8903982639312744,7.830421054677572e-06,0.8903912305831909,10.958308,10.960173606872559
1195,47.39134669303894,0.89042383,0.8904049396514893,7.88789566286141e-06,0.8903936147689819,10.957617,10.959506034851074
1196,47.43205952644348,0.8904372,0.8904126882553101,3.752337079276913e-06,0.8904063105583191,10.956282,10.958731174468994
1197,47.4721405506134,0.8904372,0.8904158473014832,4.542680471786298e-06,0.8904126882553101,10.956282,10.958415269851685
1198,47.50511384010315,0.8904393,0.8904185891151428,6.555421350640245e-06,0.890414834022522,10.956073,10.958141088485718
1199,47.54525709152222,0.89044064,0.8904226422309875,8.248949598055333e-06,0.8904155492782593,10.9559355,10.957735776901245
1200,47.58735418319702,0.89045966,0.8904299139976501,9.55565155891236e-06,0.8904170393943787,10.954035,10.957008600234985
1201,47.62778854370117,0.8904597,0.8904399275779724,7.98553810454905e-06,0.8904327154159546,10.954028,10.956007242202759
1202,47.66952848434448,0.8904666,0.8904470205307007,9.480372682446614e-06,0.8904371857643127,10.953342,10.955297946929932
1203,47.709874391555786,0.8904946,0.8904561996459961,5.7641195780888665e-06,0.8904406428337097,10.9505415,10.95438003540039
1204,47.7504780292511,0.8904946,0.8904595375061035,3.634213953773724e-06,0.8904575705528259,10.9505415,10.954046249389648
1205,47.78309869766235,0.8904946,0.8904613256454468,5.769544713984942e-06,0.8904590010643005,10.9505415,10.953867435455322
1206,47.81554913520813,0.89051497,0.8904658555984497,1.3203813068685122e-05,0.8904596567153931,10.9485035,10.95341444015503
1207,47.85623788833618,0.89052397,0.8904740214347839,1.9116272596875206e-05,0.8904597163200378,10.947603,10.952597856521606
1208,47.89663791656494,0.890527,0.8904879689216614,2.2094031010055915e-05,0.8904653787612915,10.947299,10.951203107833862
1209,47.936630964279175,0.890527,0.8905107378959656,1.078998320735991e-05,0.8904945254325867,10.947299,10.948926210403442
1210,47.968122720718384,0.890527,0.8905193209648132,3.75516992789926e-06,0.8905135989189148,10.947299,10.948067903518677
1211,48.001696825027466,0.890527,0.8905228972434998,2.2995702693151543e-06,0.8905191421508789,10.947299,10.947710275650024
1212,48.03557252883911,0.89053184,0.8905248045921326,1.4320443142423755e-06,0.8905236124992371,10.946816,10.947519540786743
1213,48.07647776603699,0.89055055,0.8905262351036072,2.0537490854621865e-06,0.8905239701271057,10.944944,10.947376489639282
1214,48.11637592315674,0.89055157,0.890527606010437,3.835906682070345e-06,0.8905268907546997,10.944843,10.947239398956299
1215,48.15575122833252,0.89055467,0.8905296325683594,7.189583811850753e-06,0.8905270099639893,10.944533,10.947036743164062
1216,48.19520616531372,0.89055985,0.8905330300331116,1.0142874998564366e-05,0.8905270099639893,10.944015,10.946696996688843
1217,48.2354462146759,0.89056873,0.8905409574508667,1.2255663932592142e-05,0.8905270099639893,10.943127,10.94590425491333
1218,48.27596998214722,0.8905693,0.8905536532402039,4.726071892946493e-06,0.8905401825904846,10.943068,10.944634675979614
1219,48.31642937660217,0.890574,0.8905575275421143,5.124769813846797e-06,0.8905536532402039,10.942602,10.944247245788574
1220,48.35700607299805,0.8905742,0.8905613422393799,6.156593826744938e-06,0.890554666519165,10.942578,10.943865776062012
1221,48.39808702468872,0.8905881,0.8905671834945679,4.994763912691269e-06,0.8905584216117859,10.94119,10.943281650543213
1222,48.43801975250244,0.8906005,0.8905722498893738,4.8428487389173824e-06,0.8905688524246216,10.93995,10.942775011062622
1223,48.47879242897034,0.8906032,0.8905766010284424,7.345380709011806e-06,0.890570878982544,10.939682,10.942339897155762
1224,48.5182089805603,0.890607,0.8905831575393677,9.742561815073714e-06,0.8905736804008484,10.939301,10.941684246063232
1225,48.557159662246704,0.89062226,0.8905930519104004,8.26102859718958e-06,0.8905828595161438,10.937775,10.940694808959961
1226,48.59834861755371,0.8906263,0.8906009197235107,9.290484740631655e-06,0.8905897736549377,10.937368,10.939908027648926
1227,48.637428998947144,0.89063615,0.8906097412109375,8.90435967448866e-06,0.89059978723526,10.936385,10.93902587890625
1228,48.67919945716858,0.89063686,0.8906179666519165,7.999815352377482e-06,0.8906062841415405,10.936314,10.93820333480835
1229,48.72005105018616,0.890647,0.8906251192092896,5.7139291129715275e-06,0.8906190991401672,10.935301,10.937488079071045
1230,48.76026773452759,0.890647,0.8906296491622925,5.2090585995756555e-06,0.8906229734420776,10.935301,10.937035083770752
1231,48.79402542114258,0.89064765,0.8906345367431641,4.752885615744162e-06,0.8906263113021851,10.935235,10.936546325683594
1232,48.83494329452515,0.8906516,0.8906387686729431,4.350550170784118e-06,0.8906351327896118,10.934841,10.936123132705688
1233,48.8742573261261,0.89075166,0.8906427025794983,8.578851520724129e-06,0.8906364440917969,10.924834,10.935729742050171
1234,48.91427159309387,0.89075166,0.8906497955322266,1.4067715710552875e-05,0.8906439542770386,10.924834,10.935020446777344
1235,48.94887566566467,0.89075166,0.8906551599502563,2.261268309666775e-05,0.8906469941139221,10.924834,10.934484004974365
1236,48.98316311836243,0.8907524,0.8906667232513428,3.3325744880130515e-05,0.8906476497650146,10.924763,10.933327674865723
1237,49.02127122879028,0.8907524,0.8906897902488708,3.801618731813505e-05,0.8906484246253967,10.924763,10.931020975112915
1238,49.053720235824585,0.8907646,0.890724241733551,2.3904665795271285e-05,0.8906724452972412,10.92354,10.927575826644897
1239,49.09314703941345,0.8907653,0.8907443881034851,9.14202792046126e-06,0.8907335996627808,10.92347,10.92556118965149
1240,49.132227659225464,0.8907689,0.8907536864280701,4.20550350099802e-06,0.8907516598701477,10.923111,10.924631357192993
1241,49.173622369766235,0.89080334,0.8907564282417297,6.638758350163698e-06,0.890752375125885,10.919666,10.924357175827026
1242,49.21367168426514,0.890817,0.8907609581947327,9.454132850805763e-06,0.890752375125885,10.918302,10.923904180526733
1243,49.252827644348145,0.8908224,0.8907690644264221,1.0524853678361978e-05,0.890764594078064,10.917759,10.923093557357788
1244,49.295398235321045,0.89083356,0.8907755613327026,1.7147543985629454e-05,0.8907653093338013,10.916644,10.922443866729736
1245,49.336313009262085,0.8908396,0.8907890319824219,2.1011914213886485e-05,0.8907653093338013,10.916042,10.921096801757812
1246,49.37745928764343,0.8909081,0.8908085823059082,2.2144884496810846e-05,0.8907824754714966,10.909187,10.91914176940918
1247,49.41707158088684,0.8909551,0.8908315300941467,2.1356161596486345e-05,0.8908088207244873,10.904491,10.916846990585327
1248,49.48264789581299,0.89083254,0.8876921534538269,0.0028079214971512556,0.8808858394622803,10.916746,11.23078465461731
1249,49.52223062515259,0.89083254,0.8899878859519958,0.0006362671847455204,0.888638973236084,10.916746,11.001211404800415
1250,49.55567979812622,0.89088875,0.8905721306800842,0.00020091206533834338,0.890168309211731,10.911125,10.942786931991577
1251,49.59683132171631,0.8908969,0.8907514214515686,6.697771459585056e-05,0.8905945420265198,10.910309,10.92485785484314
1252,49.637046575546265,0.89092225,0.890815794467926,4.033151708426885e-05,0.8907479047775269,10.907775,10.918420553207397
1253,49.676969051361084,0.89092773,0.8908513784408569,2.868956835300196e-05,0.8908216953277588,10.907227,10.914862155914307
1254,49.71638536453247,0.89092916,0.8908775448799133,2.4346642021555454e-05,0.8908364772796631,10.9070835,10.912245512008667
1255,49.7583212852478,0.8910532,0.8909026384353638,2.535681960580405e-05,0.8908811807632446,10.89468,10.909736156463623
1256,49.79974412918091,0.8910532,0.8909239172935486,4.3607138650259e-05,0.890897810459137,10.89468,10.907608270645142
1257,49.833483934402466,0.8910582,0.8909528851509094,5.6450255215168e-05,0.890907883644104,10.894179,10.904711484909058
1258,49.874552726745605,0.8910607,0.8909971714019775,5.7650326198199764e-05,0.8909193873405457,10.893929,10.900282859802246
1259,49.91474223136902,0.8910963,0.8910505175590515,8.656438694742974e-06,0.8910353183746338,10.89037,10.894948244094849
1260,49.95715808868408,0.89109737,0.8910571932792664,7.994744009920396e-06,0.8910524845123291,10.890264,10.894280672073364
1261,49.99894332885742,0.89110386,0.8910627961158752,1.1951178748859093e-05,0.8910531997680664,10.889614,10.893720388412476
1262,50.039408683776855,0.89110494,0.8910706043243408,1.4895538697601296e-05,0.8910600543022156,10.889506,10.892939567565918
1263,50.07970213890076,0.89111924,0.8910811543464661,1.6448042515548877e-05,0.8910646438598633,10.888076,10.891884565353394
1264,50.12147879600525,0.89112604,0.8910982012748718,6.9913535298837814e-06,0.8910696506500244,10.887396,10.890179872512817
1265,50.16144680976868,0.89113355,0.8911039233207703,6.062197371647926e-06,0.891097366809845,10.886645,10.889607667922974
1266,50.20185971260071,0.8911389,0.8911089897155762,7.88894703873666e-06,0.8911038637161255,10.886108,10.889101028442383
1267,50.2425594329834,0.891139,0.8911150693893433,1.1061849363613874e-05,0.8911049365997314,10.886103,10.888493061065674
1268,50.28207588195801,0.89114386,0.891124963760376,1.0874080544454046e-05,0.8911088705062866,10.885614,10.887503623962402
1269,50.32372498512268,0.8911684,0.8911356329917908,4.497784175327979e-06,0.8911296725273132,10.883159,10.886436700820923
1270,50.365601539611816,0.8911684,0.8911394476890564,5.203473392612068e-06,0.891135036945343,10.883159,10.88605523109436
1271,50.39703369140625,0.891176,0.8911436200141907,7.959944014146458e-06,0.8911389112472534,10.882401,10.885637998580933
1272,50.435630321502686,0.8911804,0.8911495208740234,1.037451238516951e-05,0.8911389708518982,10.88196,10.885047912597656
1273,50.476478815078735,0.8911957,0.8911592364311218,1.2362823326839134e-05,0.8911460041999817,10.880428,10.884076356887817
1274,50.517720222473145,0.89119977,0.8911712765693665,1.2201268873468507e-05,0.8911536931991577,10.880023,10.882872343063354
1275,50.55809473991394,0.8912085,0.8911834359169006,8.967915164248552e-06,0.8911694884300232,10.879147,10.881656408309937
1276,50.59810709953308,0.8912113,0.8911918997764587,6.128321274445625e-06,0.8911832571029663,10.878873,10.880810022354126
1277,50.638229846954346,0.89121747,0.8911975622177124,4.66537858301308e-06,0.8911908268928528,10.878253,10.88024377822876
1278,50.677496910095215,0.8912196,0.8912023901939392,4.201349838695023e-06,0.8911967873573303,10.878038,10.879760980606079
1279,50.71759271621704,0.8912545,0.8912063241004944,6.10096094533219e-06,0.891200840473175,10.874552,10.879367589950562
1280,50.75982618331909,0.8912545,0.8912115097045898,7.498356808355311e-06,0.8912046551704407,10.874552,10.878849029541016
1281,50.79307460784912,0.8912593,0.8912184238433838,9.148397111857776e-06,0.8912112712860107,10.874069,10.878157615661621
1282,50.83239984512329,0.8912593,0.8912242650985718,1.1002440260199364e-05,0.8912174701690674,10.874069,10.877573490142822
1283,50.865522146224976,0.8912593,0.8912298679351807,1.4626972188125364e-05,0.891220211982727,10.874069,10.877013206481934
1284,50.89875531196594,0.8912593,0.8912397027015686,1.6549034626223147e-05,0.891222357749939,10.874069,10.87602972984314
1285,50.93083930015564,0.8912672,0.8912559151649475,3.560204504537978e-06,0.8912335634231567,10.8732815,10.874408483505249
1286,50.96975350379944,0.8912726,0.8912585377693176,2.078401621474768e-06,0.89125657081604,10.87274,10.874146223068237
1287,51.007606744766235,0.8912726,0.8912603855133057,3.363930773048196e-06,0.8912593126296997,10.87274,10.873961448669434
1288,51.04093551635742,0.8912726,0.8912623524665833,5.16560567120905e-06,0.8912593126296997,10.87274,10.873764753341675
1289,51.07389974594116,0.8912726,0.8912662267684937,5.937383320997469e-06,0.8912593126296997,10.87274,10.873377323150635
1290,51.10806894302368,0.89131474,0.8912723064422607,3.1392100936500356e-06,0.891269326210022,10.8685255,10.872769355773926
1291,51.148046016693115,0.89133793,0.8912733793258667,5.817360033688601e-06,0.8912726044654846,10.866207,10.87266206741333
1292,51.18768644332886,0.89134336,0.8912758231163025,1.2014338608423714e-05,0.8912726044654846,10.8656645,10.872417688369751
1293,51.22763466835022,0.89134336,0.891282320022583,2.1743149773101322e-05,0.8912726044654846,10.8656645,10.8717679977417
1294,51.26108241081238,0.8913647,0.8912962675094604,3.0211334888008423e-05,0.8912726044654846,10.863531,10.870373249053955
1295,51.30244302749634,0.89136803,0.8913204669952393,2.841276364051737e-05,0.8912726044654846,10.863197,10.867953300476074
1296,51.343231439590454,0.8913917,0.891346275806427,9.635635251470376e-06,0.8913379311561584,10.86083,10.8653724193573
1297,51.38324332237244,0.8913917,0.8913525342941284,1.2676167898462154e-05,0.891343355178833,10.86083,10.864746570587158
1298,51.416502952575684,0.8913917,0.8913635611534119,1.2317317668930627e-05,0.891343355178833,10.86083,10.863643884658813
1299,51.44900035858154,0.89139307,0.8913730978965759,9.89246564131463e-06,0.8913652896881104,10.860693,10.862690210342407
1300,51.489420652389526,0.89139307,0.8913808465003967,1.0939579624391627e-05,0.89136803150177,10.860693,10.861915349960327
1301,51.52189922332764,0.89140165,0.8913912177085876,1.4472270777332596e-06,0.891386866569519,10.859835,10.860878229141235
1302,51.56151986122131,0.89140165,0.8913920521736145,1.4623539072999847e-06,0.8913916945457458,10.859835,10.86079478263855
1303,51.59452247619629,0.891403,0.8913927674293518,2.5047304461622844e-06,0.8913916945457458,10.859698,10.86072325706482
1304,51.63442945480347,0.8914044,0.8913941979408264,3.5128623494529165e-06,0.8913916945457458,10.859561,10.860580205917358
1305,51.67473649978638,0.8914044,0.8913965821266174,4.2473538997001015e-06,0.8913930654525757,10.859561,10.860341787338257
1306,51.70727300643921,0.89140576,0.8914002180099487,3.4469283036742127e-06,0.8913930654525757,10.859424,10.859978199005127
1307,51.745158672332764,0.89141935,0.8914026618003845,1.5432797226822004e-06,0.8914016485214233,10.858065,10.859733819961548
1308,51.785457134246826,0.8914244,0.8914040923118591,2.981625812026323e-06,0.8914030194282532,10.857558,10.859590768814087
1309,51.82564997673035,0.89142716,0.8914059400558472,5.176857484912034e-06,0.8914030194282532,10.857285,10.859405994415283
1310,51.865339279174805,0.89142716,0.8914095759391785,7.305587587325135e-06,0.891404390335083,10.857285,10.859042406082153
1311,51.89944267272949,0.891461,0.8914145827293396,9.218049854098354e-06,0.8914057612419128,10.853899,10.85854172706604
1312,51.93920350074768,0.8914727,0.8914241194725037,6.677663805021439e-06,0.8914169073104858,10.85273,10.857588052749634
1313,51.978962421417236,0.8914805,0.8914287686347961,1.1401880328776315e-05,0.8914235830307007,10.85195,10.857123136520386
1314,52.0176043510437,0.8914824,0.8914357423782349,1.8543520127423108e-05,0.8914253115653992,10.851759,10.856425762176514
1315,52.05683255195618,0.8914824,0.8914477229118347,2.4094384571071714e-05,0.8914271593093872,10.851759,10.855227708816528
1316,52.092066526412964,0.8916055,0.8914704918861389,1.9542017980711535e-05,0.8914271593093872,10.839451,10.852950811386108
1317,52.13361573219299,0.8916062,0.8914843201637268,1.6611280443612486e-05,0.8914805054664612,10.839378,10.85156798362732
1318,52.172523021698,0.89162016,0.8914917707443237,3.236123302485794e-05,0.891482412815094,10.837984,10.850822925567627
1319,52.21432375907898,0.89166933,0.8915045261383057,4.88964760734234e-05,0.891482412815094,10.833067,10.849547386169434
1320,52.25627779960632,0.89167285,0.8915311098098755,6.585642404388636e-05,0.891482412815094,10.832715,10.846889019012451
1321,52.29916501045227,0.89167285,0.8915806412696838,6.425387255148962e-05,0.8914834260940552,10.832715,10.841935873031616
1322,52.33135104179382,0.891674,0.891633927822113,2.471972766215913e-05,0.8916062116622925,10.832602,10.836607217788696
1323,52.373422384262085,0.891674,0.8916559219360352,1.8069049474433996e-05,0.8916263580322266,10.832602,10.834407806396484
1324,52.407143115997314,0.8916757,0.8916705250740051,2.8413094241841463e-06,0.8916623592376709,10.832429,10.832947492599487
1325,52.44767713546753,0.8916757,0.8916727900505066,1.173074338112201e-06,0.8916704654693604,10.832429,10.83272099494934
1326,52.48058843612671,0.89167684,0.891673743724823,7.299272510863375e-07,0.8916728496551514,10.832315,10.8326256275177
1327,52.52122902870178,0.89167684,0.8916743397712708,7.582093530800194e-07,0.8916739821434021,10.832315,10.832566022872925
1328,52.55350041389465,0.89167684,0.8916747570037842,1.1062853673138306e-06,0.8916739821434021,10.832315,10.832524299621582
1329,52.58517408370972,0.89167684,0.891675591468811,1.173617079075484e-06,0.8916739821434021,10.832315,10.832440853118896
1330,52.624905586242676,0.89167684,0.8916766047477722,4.7645113454564125e-07,0.8916757106781006,10.832315,10.832339525222778
1331,52.66653037071228,0.89167684,0.8916769027709961,5.960464477539063e-08,0.8916768431663513,10.832315,10.83230972290039
1332,52.705729246139526,0.89167684,0.8916769027709961,5.960464477539063e-08,0.8916768431663513,10.832315,10.83230972290039
1333,52.73984909057617,0.89167684,0.8916769027709961,5.960464477539063e-08,0.8916768431663513,10.832315,10.83230972290039
1334,52.773560523986816,0.8917236,0.8916770815849304,2.944155994555331e-06,0.8916768431663513,10.827642,10.832291841506958
1335,52.81226873397827,0.8917236,0.8916774392127991,5.078328285890166e-06,0.8916768431663513,10.827642,10.832256078720093
1336,52.84482741355896,0.8917236,0.8916791081428528,9.970434803108219e-06,0.8916768431663513,10.827642,10.832089185714722
1337,52.877904653549194,0.8917236,0.891683042049408,1.5790110410307534e-05,0.8916768431663513,10.827642,10.831695795059204
1338,52.9109148979187,0.8917236,0.8916925191879272,2.2043937860871665e-05,0.8916768431663513,10.827642,10.830748081207275
1339,52.945701122283936,0.8917236,0.8917092680931091,2.1484773242264055e-05,0.8916768431663513,10.827642,10.829073190689087
1340,52.97829866409302,0.8917256,0.8917236328125,1.3766816664428916e-07,0.8917235732078552,10.82744,10.82763671875
1341,53.01777982711792,0.89181864,0.8917239904403687,5.99209943175083e-06,0.8917235732078552,10.818136,10.827600955963135
1342,53.05668234825134,0.89181864,0.8917252421379089,1.1899543096660636e-05,0.8917235732078552,10.818136,10.827475786209106
1343,53.088622093200684,0.8918207,0.891728401184082,2.0271485482226126e-05,0.8917235732078552,10.817927,10.827159881591797
1344,53.12767815589905,0.8918207,0.8917376399040222,3.305924838059582e-05,0.8917235732078552,10.817927,10.826236009597778
1345,53.16026306152344,0.8918207,0.8917537927627563,4.3393330997787416e-05,0.8917235732078552,10.817927,10.824620723724365
1346,53.19320368766785,0.89182365,0.8917830586433411,4.557590727927163e-05,0.8917255997657776,10.817635,10.821694135665894
1347,53.2324538230896,0.8918424,0.8918203115463257,1.8984096641361248e-06,0.891818642616272,10.815758,10.817968845367432
1348,53.27211260795593,0.8918424,0.8918215036392212,2.5788006041693734e-06,0.8918207287788391,10.815758,10.81784963607788
1349,53.30741238594055,0.8918474,0.8918225765228271,4.627419002645183e-06,0.8918207287788391,10.815263,10.817742347717285
1350,53.34893536567688,0.8918474,0.8918250203132629,6.980249054322485e-06,0.8918207287788391,10.815263,10.817497968673706
1351,53.382134437561035,0.8918474,0.8918300271034241,8.966370842244942e-06,0.8918228149414062,10.815263,10.816997289657593
1352,53.41420340538025,0.8918474,0.891836941242218,9.362755008623935e-06,0.8918256759643555,10.815263,10.816305875778198
1353,53.447487354278564,0.8918693,0.891845703125,2.7982664505543653e-06,0.8918423056602478,10.813069,10.8154296875
1354,53.48689937591553,0.8918693,0.8918480277061462,2.563307589298347e-06,0.8918473124504089,10.813069,10.815197229385376
1355,53.520578384399414,0.8918885,0.8918492197990417,5.091340881335782e-06,0.8918473720550537,10.81115,10.815078020095825
1356,53.55976390838623,0.8918885,0.8918521404266357,8.545719538233243e-06,0.8918473720550537,10.81115,10.814785957336426
1357,53.59294867515564,0.8919022,0.8918575048446655,1.1538378203113098e-05,0.8918473720550537,10.809779,10.814249515533447
1358,53.63310146331787,0.89193666,0.8918659090995789,1.631728264328558e-05,0.891851544380188,10.806334,10.813409090042114
1359,53.672670125961304,0.89197916,0.8918828964233398,1.8534101400291547e-05,0.891869306564331,10.802084,10.811710357666016
1360,53.711888790130615,0.8920426,0.8919010162353516,2.9572587664006278e-05,0.8918743133544922,10.795742,10.809898376464844
1361,53.75175476074219,0.89204323,0.891928493976593,3.507577275740914e-05,0.8918884992599487,10.795677,10.807150602340698
1362,53.79207229614258,0.8920565,0.8919652104377747,2.914974720624741e-05,0.8919190168380737,10.794348,10.803478956222534
1363,53.83218216896057,0.89207447,0.8919915556907654,2.5319723135908134e-05,0.8919657468795776,10.792553,10.800844430923462
1364,53.87214422225952,0.89207447,0.8920122981071472,2.613753531477414e-05,0.8919841051101685,10.792553,10.798770189285278
1365,53.90551424026489,0.89207506,0.892036497592926,2.3981301637832075e-05,0.8920029997825623,10.792494,10.796350240707397
1366,53.94599103927612,0.89207506,0.8920598030090332,1.1376860129530542e-05,0.8920432329177856,10.792494,10.79401969909668
1367,53.9801230430603,0.8920754,0.8920707106590271,4.97943619848229e-06,0.8920565247535706,10.792458,10.79292893409729
1368,54.0202796459198,0.8920761,0.8920746445655823,3.205506118320045e-07,0.8920744061470032,10.792393,10.792535543441772
1369,54.06049609184265,0.8920761,0.8920748233795166,3.3875579674713663e-07,0.892074465751648,10.792393,10.79251766204834
1370,54.09178280830383,0.8920761,0.8920750021934509,3.0774339165873243e-07,0.8920750617980957,10.792393,10.792499780654907
1371,54.12390470504761,0.8920761,0.8920753002166748,3.891389326327044e-07,0.8920750617980957,10.792393,10.79246997833252
1372,54.15574622154236,0.8920761,0.8920757174491882,3.7100252825439384e-07,0.8920750617980957,10.792393,10.792428255081177
1373,54.18853569030762,0.89207816,0.8920761942863464,2.1718425102790206e-07,0.8920754194259644,10.792184,10.792380571365356
1374,54.2281129360199,0.89207876,0.8920762538909912,3.322482484691136e-07,0.8920760750770569,10.792124,10.792374610900879
1375,54.26933717727661,0.8921945,0.8920769095420837,7.508802355005173e-06,0.8920760750770569,10.780549,10.792309045791626
1376,54.31236958503723,0.8921945,0.892078161239624,1.2929445802001283e-05,0.8920760750770569,10.780549,10.792183876037598
1377,54.346112966537476,0.8921969,0.8920853137969971,2.954193769255653e-05,0.8920760750770569,10.780311,10.791468620300293
1378,54.38704204559326,0.8921995,0.8920992016792297,4.435874507180415e-05,0.8920760750770569,10.780048,10.790079832077026
1379,54.427658796310425,0.89220583,0.8921228647232056,5.51324337720871e-05,0.8920787572860718,10.779417,10.787713527679443
1380,54.4663143157959,0.89220655,0.8921694755554199,4.692629227065481e-05,0.8920834064483643,10.779345,10.783052444458008
1381,54.50519061088562,0.8922087,0.8921983242034912,3.627649221016327e-06,0.8921945095062256,10.779131,10.780167579650879
1382,54.54592990875244,0.8922112,0.8922016024589539,3.218239498892217e-06,0.8921971917152405,10.77888,10.779839754104614
1383,54.5861599445343,0.8922143,0.8922048211097717,2.846700681402581e-06,0.8922011852264404,10.77857,10.779517889022827
1384,54.627565145492554,0.89222074,0.8922077417373657,2.430946324238903e-06,0.8922058343887329,10.777926,10.779225826263428
1385,54.67000603675842,0.89222074,0.8922098278999329,2.5259098492824705e-06,0.8922065496444702,10.777926,10.779017210006714
1386,54.703572034835815,0.89222676,0.8922122716903687,2.9872767299821135e-06,0.8922094106674194,10.777325,10.778772830963135
1387,54.744181871414185,0.89223224,0.8922150135040283,4.36449954577256e-06,0.8922111988067627,10.776776,10.778498649597168
1388,54.78482270240784,0.8922351,0.8922179341316223,6.454700269387104e-06,0.8922140598297119,10.77649,10.778206586837769
1389,54.82487916946411,0.89225256,0.8922232389450073,8.458123375021387e-06,0.892214298248291,10.774744,10.777676105499268
1390,54.86417603492737,0.89225304,0.892231822013855,6.050433512427844e-06,0.8922235369682312,10.774696,10.776817798614502
1391,54.90529417991638,0.8922613,0.8922374248504639,7.787009053572547e-06,0.8922317624092102,10.773868,10.776257514953613
1392,54.94642877578735,0.892269,0.8922448754310608,8.195152986445464e-06,0.8922351002693176,10.773098,10.775512456893921
1393,54.98592019081116,0.8922726,0.8922528624534607,3.284962531324709e-06,0.8922499418258667,10.772741,10.77471375465393
1394,55.02668499946594,0.8922726,0.8922551274299622,4.674008778238203e-06,0.8922528028488159,10.772741,10.774487257003784
1395,55.06121850013733,0.8922731,0.8922577500343323,6.4566593209747225e-06,0.892253041267395,10.772687,10.774224996566772
1396,55.102590799331665,0.89228565,0.8922627568244934,7.061515589157352e-06,0.8922548890113831,10.771436,10.77372431755066
1397,55.141586780548096,0.8923002,0.8922701478004456,5.782294920209097e-06,0.892264187335968,10.769981,10.772985219955444
1398,55.1804940700531,0.89231056,0.8922761082649231,7.006006853771396e-06,0.8922695517539978,10.768944,10.77238917350769
1399,55.22123670578003,0.8923162,0.8922821879386902,8.731521120353136e-06,0.8922731280326843,10.768377,10.771781206130981
1400,55.26208162307739,0.89231676,0.8922907710075378,8.150554094754625e-06,0.8922824859619141,10.768324,10.770922899246216
1401,55.315043926239014,0.89233047,0.8922991156578064,9.02914416656131e-06,0.8922882080078125,10.766953,10.77008843421936
1402,55.38508176803589,0.8923075,0.8887433409690857,0.0029201155994087458,0.8824681043624878,10.769248,11.12566590309143
1403,55.425862073898315,0.8923075,0.8912980556488037,0.0007828689413145185,0.8896976113319397,10.769248,10.870194435119629
1404,55.45902609825134,0.8923075,0.8920227289199829,0.0002598538703750819,0.8913621306419373,10.769248,10.797727108001709
1405,55.49184274673462,0.8923244,0.8922510147094727,5.0597296649357304e-05,0.8920844793319702,10.767561,10.774898529052734
1406,55.532275438308716,0.89234006,0.892289936542511,1.3851519724994432e-05,0.8922644853591919,10.765993,10.771006345748901
1407,55.57225966453552,0.89234006,0.8923031091690063,1.1830041330540553e-05,0.8922873139381409,10.765993,10.769689083099365
1408,55.60607314109802,0.89234006,0.8923133015632629,1.090178466256475e-05,0.8923041820526123,10.765993,10.768669843673706
1409,55.63951110839844,0.8923453,0.8923227787017822,1.0561444469203707e-05,0.8923075199127197,10.765469,10.767722129821777
1410,55.67892146110535,0.8923453,0.8923318982124329,5.803829026262974e-06,0.8923243880271912,10.765469,10.766810178756714
1411,55.711912393569946,0.8923515,0.8923375606536865,4.51538517154404e-06,0.8923304677009583,10.764849,10.766243934631348
1412,55.751521587371826,0.8923553,0.892341673374176,2.7699973088601837e-06,0.8923391699790955,10.764467,10.765832662582397
1413,55.79181408882141,0.8923689,0.8923438787460327,3.4094814509444404e-06,0.8923400640487671,10.763109,10.765612125396729
1414,55.833585023880005,0.89238435,0.8923467397689819,4.3321301745891105e-06,0.8923447132110596,10.761565,10.765326023101807
1415,55.872384786605835,0.8923923,0.8923494219779968,8.307583811983932e-06,0.8923459053039551,10.760773,10.765057802200317
1416,55.91277575492859,0.8923994,0.8923550844192505,1.3003063031646889e-05,0.8923459053039551,10.760063,10.764491558074951
1417,55.9528443813324,0.89242077,0.8923654556274414,1.576844988449011e-05,0.8923465013504028,10.757923,10.76345443725586
1418,55.993287086486816,0.89242107,0.892382025718689,1.3948791092843749e-05,0.8923611044883728,10.757894,10.761797428131104
1419,56.034069299697876,0.89246523,0.8923969864845276,1.3603660590888467e-05,0.8923843502998352,10.753477,10.760301351547241
1420,56.07538056373596,0.89246523,0.8924089074134827,1.5135321518755518e-05,0.8923922777175903,10.753477,10.759109258651733
1421,56.10882329940796,0.8924757,0.8924238085746765,1.496701588621363e-05,0.8924096822738647,10.752428,10.757619142532349
1422,56.14913558959961,0.8924879,0.8924376964569092,1.703035923128482e-05,0.892420768737793,10.751211,10.756230354309082
1423,56.1904034614563,0.89249206,0.8924533724784851,1.5610845366609283e-05,0.8924354910850525,10.750794,10.75466275215149
1424,56.23057460784912,0.8924976,0.8924685716629028,1.1028068911400624e-05,0.8924500346183777,10.75024,10.753142833709717
1425,56.26957726478577,0.8924989,0.8924779891967773,7.605612609040691e-06,0.8924652338027954,10.750109,10.752201080322266
1426,56.31388545036316,0.8924997,0.8924852609634399,6.20668288320303e-06,0.8924757242202759,10.750031,10.751473903656006
1427,56.354514360427856,0.8925153,0.8924909830093384,5.327016424416797e-06,0.8924833536148071,10.74847,10.750901699066162
1428,56.394479513168335,0.89251614,0.8924964666366577,4.757333499583183e-06,0.8924899101257324,10.748386,10.750353336334229
1429,56.435348987579346,0.89251614,0.8925006985664368,4.567150881484849e-06,0.8924975395202637,10.748386,10.749930143356323
1430,56.47053408622742,0.8925258,0.8925034403800964,6.488664894277463e-06,0.892499566078186,10.747421,10.749655961990356
1431,56.5103816986084,0.8925258,0.8925081491470337,7.940639989101328e-06,0.8924996852874756,10.747421,10.74918508529663
1432,56.54307675361633,0.8925259,0.8925163149833679,3.841496436507441e-06,0.8925085067749023,10.747409,10.748368501663208
1433,56.584511041641235,0.8925259,0.8925197124481201,4.447178525879281e-06,0.8925159573554993,10.747409,10.748028755187988
1434,56.61671996116638,0.8925259,0.892522931098938,4.088175046490505e-06,0.8925166130065918,10.747409,10.747706890106201
1435,56.64932084083557,0.8925259,0.8925257325172424,1.4011398263846786e-07,0.8925257921218872,10.747409,10.747426748275757
1436,56.68138861656189,0.8925259,0.8925257325172424,1.7881393432617188e-07,0.8925259113311768,10.747409,10.747426748275757
1437,56.71459245681763,0.89252675,0.8925257325172424,1.8957217662318726e-07,0.8925259113311768,10.747326,10.747426748275757
1438,56.754027366638184,0.89252675,0.8925257921218872,1.8871159568334406e-07,0.8925259113311768,10.747326,10.74742078781128
1439,56.787922859191895,0.89255244,0.8925259709358215,1.6874097354957485e-06,0.8925259113311768,10.744757,10.747402906417847
1440,56.82782745361328,0.89255756,0.8925262689590454,3.0831733965897e-06,0.8925259113311768,10.744244,10.747373104095459
1441,56.868061780929565,0.89255756,0.8925275206565857,6.1331379583862145e-06,0.8925259113311768,10.744244,10.74724793434143
1442,56.901421785354614,0.89255756,0.8925304412841797,9.934638001141138e-06,0.8925259113311768,10.744244,10.746955871582031
1443,56.93477773666382,0.89255756,0.892535388469696,1.334008265985176e-05,0.8925267457962036,10.744244,10.746461153030396
1444,56.96875715255737,0.89256096,0.892545759677887,1.4174009265843779e-05,0.8925267457962036,10.743904,10.745424032211304
1445,57.00962567329407,0.89257216,0.8925575613975525,1.3933192803960992e-06,0.8925566673278809,10.742784,10.744243860244751
1446,57.04953694343567,0.8925775,0.8925588130950928,3.1643019156035734e-06,0.8925575613975525,10.742247,10.744118690490723
1447,57.09058856964111,0.8925809,0.8925609588623047,5.2359787332534324e-06,0.8925575613975525,10.741907,10.743904113769531
1448,57.134830474853516,0.89258194,0.8925648331642151,6.815559117967496e-06,0.8925601243972778,10.741806,10.743516683578491
1449,57.17506384849548,0.8925959,0.8925698399543762,8.686783075972926e-06,0.8925609588623047,10.740412,10.743016004562378
1450,57.21734833717346,0.89263284,0.8925793170928955,6.845498774055159e-06,0.8925721645355225,10.736715,10.74206829071045
1451,57.25690531730652,0.89263284,0.8925859332084656,9.10139442567015e-06,0.8925784230232239,10.736715,10.741406679153442
1452,57.29038405418396,0.89265376,0.8925951719284058,1.1502477718750015e-05,0.8925819396972656,10.734624,10.740482807159424
1453,57.333045959472656,0.89267486,0.8926059603691101,1.5141818039410282e-05,0.8925967812538147,10.732513,10.73940396308899
1454,57.3735294342041,0.89267486,0.8926182389259338,2.1173911591176875e-05,0.8926002979278564,10.732513,10.738176107406616
1455,57.40683174133301,0.89269316,0.892637312412262,2.1830681362189353e-05,0.8926166892051697,10.730684,10.736268758773804
1456,57.446927309036255,0.89269316,0.8926578760147095,2.0126328308833763e-05,0.8926213979721069,10.730684,10.734212398529053
1457,57.48066806793213,0.89273894,0.8926743865013123,1.2953660188941285e-05,0.89265376329422,10.726107,10.732561349868774
1458,57.51946020126343,0.89273894,0.8926844000816345,1.0812540494953282e-05,0.8926721215248108,10.726107,10.731559991836548
1459,57.552231550216675,0.89273894,0.8926941156387329,8.235472705564462e-06,0.8926897048950195,10.726107,10.730588436126709
1460,57.58536624908447,0.89276,0.8926981091499329,1.4898425433784723e-05,0.8926931619644165,10.724002,10.730189085006714
1461,57.62469244003296,0.89276,0.892707109451294,2.4117382054100744e-05,0.8926931619644165,10.724002,10.729289054870605
1462,57.655534505844116,0.89276,0.8927247524261475,2.9121620173100382e-05,0.8926931619644165,10.724002,10.727524757385254
1463,57.68760108947754,0.8927734,0.8927522301673889,1.0248179933114443e-05,0.892738938331604,10.722661,10.724776983261108
1464,57.72704529762268,0.8927734,0.8927602767944336,1.681565549915831e-06,0.8927599787712097,10.722661,10.72397232055664
1465,57.76096558570862,0.8927734,0.8927607536315918,2.9730854294029996e-06,0.8927599787712097,10.722661,10.72392463684082
1466,57.7928831577301,0.8927734,0.8927618265151978,4.532623734121444e-06,0.8927599787712097,10.722661,10.723817348480225
1467,57.82577967643738,0.8927759,0.8927637934684753,5.9961357692372985e-06,0.8927599787712097,10.72241,10.723620653152466
1468,57.864681005477905,0.8927801,0.8927674889564514,6.7270266299601644e-06,0.8927599787712097,10.721988,10.723251104354858
1469,57.90501117706299,0.8927801,0.8927737474441528,9.475621709498228e-07,0.8927733898162842,10.721988,10.722625255584717
1470,57.93797540664673,0.89278257,0.892774224281311,1.7709031681079068e-06,0.8927733898162842,10.721743,10.722577571868896
1471,57.979036808013916,0.8928136,0.8927757740020752,5.6919075177575e-06,0.8927733898162842,10.718637,10.72242259979248
1472,58.018208265304565,0.8928136,0.8927806615829468,1.1450388228695374e-05,0.8927733898162842,10.718637,10.721933841705322
1473,58.05079412460327,0.8928136,0.8927897214889526,1.55786892719334e-05,0.8927758932113647,10.718637,10.721027851104736
1474,58.08272886276245,0.8928136,0.8928030729293823,1.3995055269333534e-05,0.8927801251411438,10.718637,10.719692707061768
1475,58.11588740348816,0.8928136,0.8928129076957703,1.1231069265704718e-06,0.8928111791610718,10.718637,10.718709230422974
1476,58.1487021446228,0.89282,0.8928136229515076,4.0255665112454153e-07,0.8928136229515076,10.718,10.718637704849243
1477,58.18829298019409,0.89282,0.8928137421607971,7.988656420820917e-07,0.8928136229515076,10.718,10.718625783920288
1478,58.223206520080566,0.8928412,0.8928141593933105,2.3381805931421695e-06,0.8928136229515076,10.715878,10.718584060668945
1479,58.26310729980469,0.8929658,0.8928157687187195,1.1093953617091756e-05,0.8928136229515076,10.703421,10.718423128128052
1480,58.30374193191528,0.8929689,0.8928220272064209,2.7310032237437554e-05,0.8928136229515076,10.703111,10.71779727935791
1481,58.345134973526,0.8929951,0.892837643623352,4.828907913179137e-05,0.8928136229515076,10.700488,10.716235637664795
1482,58.38467288017273,0.8929953,0.8928697109222412,6.738321098964661e-05,0.8928200006484985,10.70047,10.713028907775879
1483,58.425376176834106,0.8929985,0.8929232954978943,6.531608960358426e-05,0.8928200006484985,10.700149,10.707670450210571
1484,58.465601682662964,0.89300585,0.8929754495620728,9.101423529500607e-06,0.8929657936096191,10.699415,10.702455043792725
1485,58.50496292114258,0.893006,0.892982006072998,1.069455174729228e-05,0.8929721713066101,10.699397,10.701799392700195
1486,58.54532074928284,0.8930141,0.892992377281189,9.07963840290904e-06,0.8929765820503235,10.698593,10.700762271881104
1487,58.58593440055847,0.89302486,0.8930012583732605,5.841065558342962e-06,0.892995297908783,10.697514,10.69987416267395
1488,58.62657427787781,0.8930274,0.8930059671401978,6.614487574552186e-06,0.8929985165596008,10.697258,10.699403285980225
1489,58.66565275192261,0.8930305,0.893012285232544,7.049685336824041e-06,0.893005907535553,10.696947,10.698771476745605
1490,58.70492434501648,0.8930955,0.8930196762084961,7.319315500353696e-06,0.8930091857910156,10.690451,10.69803237915039
1491,58.74626398086548,0.8930957,0.8930253386497498,9.857227269094437e-06,0.8930174112319946,10.690433,10.697466135025024
1492,58.785327434539795,0.8931076,0.8930315375328064,1.623097159608733e-05,0.8930248618125916,10.68924,10.69684624671936
1493,58.824613094329834,0.8931112,0.8930411338806152,2.4575661882408895e-05,0.8930261135101318,10.688877,10.695886611938477
1494,58.866169691085815,0.8931134,0.8930558562278748,3.0873790819896385e-05,0.8930301666259766,10.688663,10.694414377212524
1495,58.907108306884766,0.8931165,0.8930803537368774,3.01789532386465e-05,0.8930368423461914,10.688353,10.691964626312256
1496,58.94577217102051,0.89311653,0.8931058645248413,5.3558378567686304e-06,0.893096923828125,10.688347,10.68941354751587
1497,58.986239433288574,0.89311785,0.8931106925010681,2.942858827736927e-06,0.8931058645248413,10.688215,10.688930749893188
1498,59.02694058418274,0.89311826,0.8931134343147278,2.0768925423908513e-06,0.8931112289428711,10.688173,10.688656568527222
1499,59.067763328552246,0.89311826,0.8931152820587158,1.7461911738791969e-06,0.893113374710083,10.688173,10.688471794128418
1500,59.10085368156433,0.89312184,0.8931171298027039,9.30689395772788e-07,0.8931164741516113,10.687817,10.688287019729614
1501,59.14091777801514,0.89312184,0.8931178450584412,1.0706021384976339e-06,0.8931164741516113,10.687817,10.688215494155884
1502,59.175209045410156,0.89314735,0.8931189179420471,2.0267586933186976e-06,0.8931182622909546,10.685265,10.688108205795288
1503,59.215800762176514,0.89314914,0.893119752407074,3.285528009655536e-06,0.8931182622909546,10.685086,10.688024759292603
1504,59.256197452545166,0.89319223,0.8931217193603516,7.20092975825537e-06,0.8931195735931396,10.680777,10.687828063964844
1505,59.29727649688721,0.89319223,0.8931257128715515,1.4102388377068564e-05,0.8931200504302979,10.680777,10.687428712844849
1506,59.33046770095825,0.893206,0.8931347727775574,2.327485526620876e-05,0.8931213617324829,10.6793995,10.686522722244263
1507,59.371288776397705,0.89320606,0.8931512832641602,3.015576112375129e-05,0.8931218385696411,10.679394,10.684871673583984
1508,59.41157245635986,0.8932381,0.8931795358657837,2.3650012735743076e-05,0.893147349357605,10.6761875,10.68204641342163
1509,59.451072692871094,0.8932381,0.8932000994682312,7.99449480837211e-06,0.8931916952133179,10.6761875,10.67999005317688
1510,59.484917879104614,0.89325196,0.8932074308395386,6.887562904012157e-06,0.893206000328064,10.674805,10.679256916046143
1511,59.52475023269653,0.893252,0.8932107090950012,1.2597261957125738e-05,0.893206000328064,10.674799,10.678929090499878
1512,59.56541323661804,0.893252,0.8932167887687683,1.790281203284394e-05,0.8932060599327087,10.674799,10.678321123123169
1513,59.59994101524353,0.893252,0.8932297229766846,2.048481474048458e-05,0.8932060599327087,10.674799,10.677027702331543
1514,59.63302254676819,0.893252,0.893248438835144,6.067471986170858e-06,0.8932381272315979,10.674799,10.675156116485596
1515,59.666526794433594,0.8932623,0.8932521343231201,6.542463779624086e-07,0.8932520151138306,10.673767,10.674786567687988
1516,59.70613241195679,0.8932623,0.8932521939277649,1.1219468660783605e-06,0.8932520151138306,10.673767,10.67478060722351
1517,59.739288330078125,0.8932746,0.8932525515556335,2.374921223236015e-06,0.8932520151138306,10.67254,10.674744844436646
1518,59.780216455459595,0.8932746,0.8932533860206604,3.854549959214637e-06,0.8932520151138306,10.67254,10.67466139793396
1519,59.81275987625122,0.89328325,0.8932554721832275,6.352904620143818e-06,0.8932520151138306,10.671675,10.674452781677246
1520,59.85241079330444,0.89328325,0.8932594060897827,8.255872671725228e-06,0.8932520151138306,10.671675,10.674059391021729
1521,59.88538408279419,0.893285,0.893267035484314,7.274175004567951e-06,0.8932623267173767,10.671502,10.673296451568604
1522,59.92551589012146,0.893285,0.893272876739502,8.577248081564903e-06,0.8932623267173767,10.671502,10.672712326049805
1523,59.95827794075012,0.893285,0.8932813405990601,4.074544904142385e-06,0.893273115158081,10.671502,10.671865940093994
1524,59.99176049232483,0.893285,0.893284022808075,7.903331606939901e-07,0.8932832479476929,10.671502,10.671597719192505
1525,60.025535345077515,0.893285,0.893284797668457,2.7140129077452e-07,0.893283486366272,10.671502,10.671520233154297
1526,60.05739116668701,0.89329106,0.8932849168777466,4.942406803820631e-07,0.8932849764823914,10.670895,10.671508312225342
1527,60.09712624549866,0.8933169,0.8932851552963257,2.2347601316141663e-06,0.8932849764823914,10.668307,10.671484470367432
1528,60.137548208236694,0.8933171,0.8932861685752869,5.056125701230485e-06,0.8932849764823914,10.668289,10.671383142471313
1529,60.1771674156189,0.8933218,0.8932892680168152,9.917501301970333e-06,0.8932849764823914,10.667819,10.671073198318481
1530,60.2188355922699,0.8933218,0.8932950496673584,1.3499878150469158e-05,0.8932849764823914,10.667819,10.67049503326416
1531,60.252020835876465,0.89332193,0.8933049440383911,1.4039925190445501e-05,0.8932873606681824,10.667807,10.669505596160889
1532,60.29512166976929,0.89332193,0.8933184146881104,1.6725221030355897e-06,0.8933171033859253,10.667807,10.668158531188965
1533,60.331385135650635,0.8933228,0.8933199048042297,1.37253721277375e-06,0.8933171629905701,10.667717,10.668009519577026
1534,60.3737416267395,0.8933228,0.8933209776878357,1.1415942253734102e-06,0.8933194875717163,10.667717,10.66790223121643
1535,60.40677809715271,0.8933229,0.8933219909667969,2.1671124272870657e-07,0.8933218121528625,10.667711,10.667800903320312
1536,60.445889711380005,0.8933279,0.8933220505714417,4.7167392835945066e-07,0.8933218121528625,10.667211,10.667794942855835
1537,60.486268758773804,0.8933362,0.8933223485946655,1.1977992926404113e-06,0.8933219313621521,10.666382,10.667765140533447
1538,60.526472330093384,0.8933362,0.8933228254318237,1.819135377445491e-06,0.8933219313621521,10.666382,10.667717456817627
1539,60.55868053436279,0.8933392,0.8933238983154297,3.102095888607437e-06,0.8933228254318237,10.666079,10.667610168457031
1540,60.598636865615845,0.8933719,0.8933257460594177,5.522305855265586e-06,0.8933228254318237,10.662812,10.667425394058228
1541,60.63932967185974,0.89338267,0.893329381942749,8.517625246895477e-06,0.8933228850364685,10.661734,10.667061805725098
1542,60.680805683135986,0.89340204,0.8933370113372803,1.2778789823642e-05,0.8933278918266296,10.659796,10.666298866271973
1543,60.72124910354614,0.8934045,0.8933455348014832,1.8040407667285763e-05,0.8933361768722534,10.659552,10.665446519851685
1544,60.761730670928955,0.893405,0.8933590650558472,2.501031121937558e-05,0.8933368921279907,10.659498,10.664093494415283
1545,60.80104994773865,0.89340603,0.8933786153793335,2.446382313792128e-05,0.8933422565460205,10.659397,10.66213846206665
1546,60.84189510345459,0.89340603,0.8934001326560974,3.914222816092661e-06,0.8933892250061035,10.659397,10.659986734390259
1547,60.875159740448,0.89346313,0.8934043049812317,6.333719284157269e-06,0.8934010863304138,10.653687,10.659569501876831
1548,60.9152774810791,0.89346474,0.8934081196784973,1.1800040738307871e-05,0.8934038281440735,10.653525,10.659188032150269
1549,60.95672798156738,0.89346474,0.8934131264686584,1.7174703316413797e-05,0.893405020236969,10.653525,10.658687353134155
1550,60.988993406295776,0.89346474,0.8934223055839539,2.1578194719040766e-05,0.8934054970741272,10.653525,10.657769441604614
1551,61.02152919769287,0.8934904,0.8934407234191895,1.853994035627693e-05,0.8934061527252197,10.650963,10.655927658081055
1552,61.06356620788574,0.8934933,0.8934574723243713,1.0905673661909532e-05,0.893437385559082,10.650671,10.654252767562866
1553,61.104533195495605,0.89350075,0.8934659361839294,7.067609658406582e-06,0.8934621214866638,10.649925,10.653406381607056
1554,61.146214723587036,0.89350426,0.8934710621833801,1.2217466064612381e-05,0.8934637308120728,10.649574,10.652893781661987
1555,61.18741464614868,0.8935211,0.8934788703918457,1.580398929945659e-05,0.8934647440910339,10.647893,10.65211296081543
1556,61.22656536102295,0.89353,0.8934941291809082,1.161765158030903e-05,0.8934679627418518,10.646999,10.65058708190918
1557,61.267505168914795,0.8935311,0.8935042023658752,8.275791515188757e-06,0.8934991359710693,10.646892,10.649579763412476
1558,61.30863809585571,0.89353126,0.8935091495513916,1.1411607374611776e-05,0.8935012817382812,10.646873,10.64908504486084
1559,61.35110950469971,0.89355147,0.8935191631317139,1.2701570085482672e-05,0.8935024738311768,10.644854,10.648083686828613
1560,61.3913049697876,0.89355266,0.8935319781303406,6.236681656446308e-06,0.8935284614562988,10.644733,10.646802186965942
1561,61.431679487228394,0.89355266,0.8935357928276062,8.682397492520977e-06,0.893530011177063,10.644733,10.64642071723938
1562,61.49114489555359,0.8936369,0.8896427154541016,0.0033233368303626776,0.8825364708900452,10.636312,11.035728454589844
1563,61.53054690361023,0.8936572,0.8924984931945801,0.000918080797418952,0.8908385634422302,10.634279,10.750150680541992
1564,61.57056784629822,0.8936573,0.8933043479919434,0.000261664274148643,0.892741858959198,10.634268,10.669565200805664
1565,61.610872745513916,0.8936573,0.8935227990150452,6.045321060810238e-05,0.8934271931648254,10.634268,10.647720098495483
1566,61.644092321395874,0.8936586,0.893573522567749,4.6628611016785726e-05,0.8935117125511169,10.634142,10.642647743225098
1567,61.68491530418396,0.8936586,0.8936091661453247,4.148292282479815e-05,0.8935593366622925,10.634142,10.63908338546753
1568,61.718231201171875,0.8936586,0.8936471343040466,1.0147900866286363e-05,0.8936363458633423,10.634142,10.635286569595337
1569,61.751336097717285,0.89368194,0.8936576843261719,1.7568562498126994e-06,0.8936551213264465,10.631805,10.634231567382812
1570,61.79170751571655,0.89368194,0.8936582803726196,2.174581140934606e-06,0.8936573266983032,10.631805,10.634171962738037
1571,61.824230909347534,0.8936973,0.893659234046936,4.070836439495906e-06,0.8936585187911987,10.630268,10.634076595306396
1572,61.86426830291748,0.8936973,0.8936610817909241,8.092299140116666e-06,0.8936585783958435,10.630268,10.633891820907593
1573,61.8954815864563,0.89370006,0.8936657309532166,1.3525187569030095e-05,0.8936585783958435,10.629993,10.633426904678345
1574,61.9356210231781,0.89370006,0.8936744928359985,1.7008289432851598e-05,0.8936585783958435,10.629993,10.632550716400146
1575,61.9684636592865,0.8937002,0.8936911225318909,8.635664016765077e-06,0.8936632871627808,10.629982,10.630887746810913
1576,62.008676052093506,0.8937027,0.8936973214149475,1.6269467550955596e-06,0.8936953544616699,10.629731,10.630267858505249
1577,62.0490448474884,0.8937028,0.8936986327171326,1.6593508007645141e-06,0.8936973810195923,10.62972,10.630136728286743
1578,62.08921408653259,0.8937028,0.893700122833252,1.741012056299951e-06,0.8936979174613953,10.62972,10.629987716674805
1579,62.12211489677429,0.89370304,0.8937016725540161,1.221410002472112e-06,0.8937000632286072,10.629696,10.629832744598389
1580,62.162952184677124,0.8937031,0.8937026262283325,1.4703944373195554e-07,0.8937026858329773,10.62969,10.629737377166748
1581,62.20378041267395,0.89370394,0.8937028050422668,9.989363292106646e-08,0.8937028050422668,10.629606,10.629719495773315
1582,62.24478793144226,0.89370394,0.8937028646469116,1.8130972989638394e-07,0.8937028050422668,10.629606,10.629713535308838
1583,62.27711224555969,0.89370424,0.893703043460846,3.3174731584040273e-07,0.8937028050422668,10.629577,10.629695653915405
1584,62.31960701942444,0.89370424,0.893703281879425,4.4855599412585434e-07,0.8937028050422668,10.629577,10.629671812057495
1585,62.355422258377075,0.89373374,0.8937036395072937,1.9586134385463083e-06,0.8937031030654907,10.626626,10.62963604927063
1586,62.39676523208618,0.8937367,0.8937051296234131,5.604849775409093e-06,0.8937039375305176,10.6263275,10.629487037658691
1587,62.43795895576477,0.8937367,0.8937076330184937,9.462741218158044e-06,0.8937039375305176,10.6263275,10.629236698150635
1588,62.47095513343811,0.89375556,0.8937125205993652,1.4070816177991219e-05,0.8937042355537415,10.624445,10.628747940063477
1589,62.51134991645813,0.8937673,0.8937211632728577,1.7237491192645393e-05,0.8937042355537415,10.62327,10.627883672714233
1590,62.55235314369202,0.8937862,0.8937391042709351,1.3839918210578617e-05,0.8937045931816101,10.621381,10.626089572906494
1591,62.59429860115051,0.8937961,0.8937521576881409,1.9335497199790552e-05,0.8937348127365112,10.620392,10.624784231185913
1592,62.646278381347656,0.8937963,0.8937718272209167,1.3342223610379733e-05,0.8937531113624573,10.620367,10.622817277908325
1593,62.69705414772034,0.8937963,0.893784761428833,4.552415248326724e-06,0.8937709331512451,10.620367,10.6215238571167
1594,62.734434366226196,0.8937963,0.893787145614624,2.707982503125095e-06,0.893785834312439,10.620367,10.621285438537598
1595,62.76644706726074,0.89379865,0.8937883973121643,3.970367288275156e-06,0.8937861919403076,10.620135,10.62116026878357
1596,62.808794260025024,0.89379907,0.8937907218933105,4.886323040409479e-06,0.8937862515449524,10.620093,10.620927810668945
1597,62.84800839424133,0.89379907,0.8937949538230896,3.6618807826016564e-06,0.893786609172821,10.620093,10.62050461769104
1598,62.88037443161011,0.8937994,0.8937970399856567,8.375421884920797e-07,0.8937963247299194,10.620058,10.620296001434326
1599,62.91970992088318,0.8937994,0.8937975168228149,1.119629473578243e-06,0.8937967419624329,10.620058,10.620248317718506
1600,62.95342302322388,0.8937994,0.8937983512878418,1.1986556955889682e-06,0.8937967419624329,10.620058,10.62016487121582
1601,62.986181020736694,0.8937998,0.8937994241714478,1.48309425185289e-07,0.8937990665435791,10.620022,10.620057582855225
1602,63.026493072509766,0.8937998,0.8937994837760925,7.008224400806284e-08,0.8937994241714478,10.620022,10.620051622390747
1603,63.05684280395508,0.89383245,0.8937997221946716,2.7416251668910263e-06,0.8937994241714478,10.6167555,10.620027780532837
1604,63.09603691101074,0.8938569,0.893800675868988,6.326746188278776e-06,0.8937994241714478,10.614311,10.619932413101196
1605,63.135339975357056,0.8938569,0.893803060054779,1.1138756235595793e-05,0.8937994241714478,10.614311,10.619693994522095
1606,63.16882681846619,0.8938569,0.8938087821006775,1.7630867660045624e-05,0.8937994241714478,10.614311,10.619121789932251
1607,63.20199680328369,0.8938609,0.8938203454017639,2.251521436846815e-05,0.8937997817993164,10.613913,10.617965459823608
1608,63.242674589157104,0.8938899,0.893842339515686,1.4068586096982472e-05,0.8937997817993164,10.61101,10.615766048431396
1609,63.28273940086365,0.89389026,0.8938581943511963,1.3402420336205978e-05,0.893832802772522,10.610973,10.614180564880371
1610,63.32467794418335,0.89389455,0.8938677906990051,1.5023437299532816e-05,0.8938568830490112,10.610544,10.613220930099487
1611,63.36727714538574,0.8939275,0.8938799500465393,1.6216255971812643e-05,0.8938572406768799,10.607248,10.61200499534607
1612,63.406280755996704,0.8939296,0.8938935995101929,1.041101131704636e-05,0.8938899040222168,10.60704,10.610640048980713
1613,63.447542667388916,0.8939296,0.8938986659049988,1.5114794223336503e-05,0.8938902616500854,10.60704,10.610133409500122
1614,63.48057532310486,0.8939299,0.8939079642295837,1.822393278416712e-05,0.8938902616500854,10.60701,10.609203577041626
1615,63.520970821380615,0.8939672,0.893926203250885,9.083091754291672e-06,0.8938945531845093,10.603279,10.607379674911499
1616,63.56124138832092,0.8939672,0.8939313888549805,1.0960344297927804e-05,0.8939275145530701,10.603279,10.606861114501953
1617,63.59365105628967,0.8940269,0.8939378261566162,1.697587504168041e-05,0.8939275145530701,10.597313,10.606217384338379
1618,63.63374209403992,0.8940269,0.8939483761787415,1.9803177565336227e-05,0.8939296007156372,10.597313,10.605162382125854
1619,63.66936421394348,0.8940299,0.8939687013626099,1.3372966350289062e-05,0.8939341902732849,10.597009,10.603129863739014
1620,63.70987105369568,0.8940299,0.8939754962921143,1.786219399946276e-05,0.8939672112464905,10.597009,10.602450370788574
1621,63.74233055114746,0.8940303,0.8939862251281738,2.3852941012592055e-05,0.8939672112464905,10.596972,10.601377487182617
1622,63.78329396247864,0.89403486,0.8940072059631348,2.1807212760904804e-05,0.8939774036407471,10.596514,10.599279403686523
1623,63.82453155517578,0.8940837,0.8940256834030151,6.371156359818997e-06,0.8940182328224182,10.591632,10.597431659698486
1624,63.86486220359802,0.8940837,0.8940310478210449,7.10179938323563e-06,0.8940271735191345,10.591632,10.596895217895508
1625,63.897483110427856,0.8940951,0.8940348029136658,1.403870373906102e-05,0.8940299153327942,10.5904875,10.596519708633423
1626,63.93721795082092,0.8940951,0.894041121006012,2.0437666535144672e-05,0.8940302729606628,10.5904875,10.595887899398804
1627,63.96962904930115,0.8941083,0.8940558433532715,2.5949768314603716e-05,0.8940302729606628,10.58917,10.594415664672852
1628,64.00991630554199,0.894139,0.8940809965133667,1.5785222785780206e-05,0.8940507173538208,10.586101,10.59190034866333
1629,64.04948616027832,0.89415014,0.8940944671630859,9.795769074116834e-06,0.8940836787223816,10.584986,10.590553283691406
1630,64.08966374397278,0.89415216,0.8941030502319336,1.5745203199912794e-05,0.8940951228141785,10.584784,10.58969497680664
1631,64.13100671768188,0.8941637,0.8941137194633484,2.1100435333210044e-05,0.8940951228141785,10.583628,10.588628053665161
1632,64.17067456245422,0.8941654,0.8941320180892944,1.7834428945207037e-05,0.894105076789856,10.58346,10.586798191070557
1633,64.2102530002594,0.8941654,0.8941489458084106,6.534347903652815e-06,0.8941389918327332,10.58346,10.585105419158936
1634,64.2433922290802,0.8941685,0.8941534161567688,5.132128080731491e-06,0.89415043592453,10.583151,10.58465838432312
1635,64.28535079956055,0.8941689,0.8941571712493896,6.166360890347278e-06,0.89415043592453,10.583109,10.584282875061035
1636,64.32840585708618,0.894169,0.8941636085510254,3.408363454582286e-06,0.8941556215286255,10.583103,10.583639144897461
1637,64.36957359313965,0.8941695,0.8941659927368164,2.1423245470941765e-06,0.8941637277603149,10.583049,10.58340072631836
1638,64.41010403633118,0.8941695,0.8941680788993835,1.3969387282486423e-06,0.8941653966903687,10.583049,10.583192110061646
1639,64.44338607788086,0.89416957,0.8941689133644104,1.5296063793357462e-07,0.8941689133644104,10.583043,10.58310866355896
1640,64.4849202632904,0.89416957,0.8941689729690552,2.2332142179948278e-07,0.8941689133644104,10.583043,10.583102703094482
1641,64.51730442047119,0.89417243,0.8941691517829895,3.4677717053455126e-07,0.8941689133644104,10.582757,10.58308482170105
1642,64.55795860290527,0.89417243,0.8941695094108582,5.278773187455954e-07,0.8941689729690552,10.582757,10.583049058914185
1643,64.59086036682129,0.894173,0.8941699266433716,8.708281029612408e-07,0.8941695094108582,10.582697,10.583007335662842
1644,64.63187909126282,0.894177,0.8941704034805298,1.3764040431851754e-06,0.8941695690155029,10.582298,10.582959651947021
1645,64.67265915870667,0.894177,0.8941711187362671,1.7555122440171544e-06,0.8941695690155029,10.582298,10.582888126373291
1646,64.70442056655884,0.89418066,0.8941725492477417,1.6499603816555464e-06,0.8941695690155029,10.581934,10.58274507522583
1647,64.7451560497284,0.89418066,0.8941736817359924,1.6746428173064487e-06,0.8941730260848999,10.581934,10.582631826400757
1648,64.77848076820374,0.8941816,0.8941747546195984,2.597626689748722e-06,0.8941730856895447,10.581839,10.582524538040161
1649,64.8189947605133,0.89418244,0.8941770792007446,2.9245722998894053e-06,0.8941730856895447,10.581756,10.582292079925537
1650,64.8602204322815,0.89418244,0.8941799998283386,1.234991486853687e-06,0.8941770195960999,10.581756,10.582000017166138
1651,64.89421153068542,0.894254,0.8941812515258789,4.698431439464912e-06,0.8941797614097595,10.574597,10.58187484741211
1652,64.93580889701843,0.894254,0.8941824436187744,6.452039997384418e-06,0.8941815495491028,10.574597,10.581755638122559
1653,64.96838641166687,0.8942543,0.8941842913627625,1.1868600267916918e-05,0.8941816091537476,10.574568,10.581570863723755
1654,65.00961685180664,0.8942589,0.894189178943634,2.013484299823176e-05,0.8941824436187744,10.574108,10.581082105636597
1655,65.04727268218994,0.8942589,0.8941993117332458,2.9456774427671917e-05,0.8941824436187744,10.574108,10.580068826675415
1656,65.08031344413757,0.8942669,0.8942204117774963,3.473506876616739e-05,0.8941824436187744,10.57331,10.577958822250366
1657,65.11864423751831,0.89426696,0.8942551612854004,1.3342766578716692e-05,0.8941904306411743,10.573303,10.574483871459961
1658,65.15811157226562,0.89426696,0.894260585308075,3.35294453179813e-06,0.8942577838897705,10.573303,10.573941469192505
1659,65.19040608406067,0.89426696,0.8942631483078003,3.5716211641556583e-06,0.8942589163780212,10.573303,10.57368516921997
1660,65.22335124015808,0.89430356,0.8942667841911316,2.3723498543404276e-06,0.8942651152610779,10.569644,10.57332158088684
1661,65.26224708557129,0.89430356,0.8942675590515137,4.035310212202603e-06,0.8942669034004211,10.569644,10.573244094848633
1662,65.2945203781128,0.89430356,0.8942691087722778,8.12299913377501e-06,0.8942669034004211,10.569644,10.573089122772217
1663,65.3274142742157,0.8943102,0.89427250623703,1.2565111319418065e-05,0.8942669034004211,10.568982,10.572749376296997
1664,65.36696124076843,0.8943167,0.8942791819572449,1.6362751921406016e-05,0.8942669630050659,10.568333,10.572081804275513
1665,65.40627813339233,0.8943205,0.8942936658859253,1.5252560842782259e-05,0.8942676782608032,10.567951,10.57063341140747
1666,65.44851756095886,0.8943563,0.8943055272102356,4.868396445090184e-06,0.8943029046058655,10.564369,10.56944727897644
1667,65.48972630500793,0.89436364,0.8943093419075012,1.1141380127810407e-05,0.894303560256958,10.563636,10.569065809249878
1668,65.53235006332397,0.8943668,0.8943179845809937,1.7461488823755644e-05,0.8943053483963013,10.56332,10.568201541900635
1669,65.57688903808594,0.89436686,0.8943292498588562,2.3062248146743514e-05,0.894310712814331,10.563314,10.56707501411438
1670,65.61805438995361,0.8943675,0.8943496346473694,2.0102268535993062e-05,0.8943132162094116,10.563249,10.565036535263062
1671,65.6580958366394,0.89436996,0.8943642973899841,2.0872241748293163e-06,0.89435875415802,10.563004,10.563570261001587
1672,65.69812989234924,0.8943705,0.8943660259246826,1.3079517202641e-06,0.8943642973899841,10.56295,10.563397407531738
1673,65.73973655700684,0.8943705,0.8943672180175781,8.743197668081848e-07,0.8943661451339722,10.56295,10.563278198242188
1674,65.7727119922638,0.8943705,0.8943676948547363,1.2538075679913163e-06,0.8943668007850647,10.56295,10.563230514526367
1675,65.80465745925903,0.8943705,0.8943687081336975,1.3257246109787957e-06,0.8943672180175781,10.56295,10.563129186630249
1676,65.83817958831787,0.8943909,0.8943701386451721,1.3366816347115673e-06,0.8943693041801453,10.560912,10.562986135482788
1677,65.8792769908905,0.89439535,0.8943705558776855,2.602781705718371e-06,0.8943699598312378,10.560465,10.562944412231445
1678,65.92198967933655,0.89439535,0.8943714499473572,4.170138254266931e-06,0.8943704962730408,10.560465,10.562855005264282
1679,65.95611691474915,0.89439535,0.894372820854187,6.139165179774864e-06,0.8943704962730408,10.560465,10.562717914581299
1680,65.98976492881775,0.8944027,0.8943758606910706,8.135615644278005e-06,0.8943704962730408,10.5597315,10.562413930892944
1681,66.02988052368164,0.8944027,0.8943822979927063,8.415056072408333e-06,0.8943704962730408,10.5597315,10.56177020072937
1682,66.0636339187622,0.8944099,0.8943904638290405,5.544024588743923e-06,0.89438396692276,10.5590105,10.560953617095947
1683,66.10269284248352,0.8944104,0.8943955302238464,6.100240625528386e-06,0.894390881061554,10.558963,10.560446977615356
1684,66.1463851928711,0.8944246,0.8944006562232971,6.839636625954881e-06,0.8943913578987122,10.557538,10.559934377670288
1685,66.19138765335083,0.8944551,0.8944077491760254,5.651665560435504e-06,0.8943967223167419,10.554493,10.559225082397461
1686,66.23340463638306,0.8944551,0.8944121599197388,7.599503533128882e-06,0.8944095969200134,10.554493,10.558784008026123
1687,66.26746225357056,0.8944551,0.8944169878959656,1.2638202861126047e-05,0.8944098949432373,10.554493,10.558301210403442
1688,66.29997229576111,0.8944889,0.8944254517555237,1.729528776195366e-05,0.8944103717803955,10.551113,10.557454824447632
1689,66.34178113937378,0.8945015,0.8944416642189026,1.7252881661988795e-05,0.8944240808486938,10.5498495,10.555833578109741
1690,66.38218641281128,0.89450204,0.8944578170776367,1.7661503079580143e-05,0.8944432735443115,10.549795,10.554218292236328
1691,66.42165946960449,0.8945472,0.894477903842926,1.9419187083258294e-05,0.894455075263977,10.545278,10.552209615707397
1692,66.46171069145203,0.8945805,0.8944994211196899,2.2046759113436565e-05,0.8944883346557617,10.541952,10.550057888031006
1693,66.50280022621155,0.8945805,0.8945155143737793,3.337449743412435e-05,0.8944889903068542,10.541952,10.54844856262207
1694,66.53616428375244,0.8946205,0.894547700881958,2.760842107818462e-05,0.8945015072822571,10.537952,10.5452299118042
1695,66.57597064971924,0.89465415,0.8945737481117249,1.5839697880437598e-05,0.8945467472076416,10.534584,10.542625188827515
1696,66.6178708076477,0.89465415,0.8945847749710083,1.5096497008926235e-05,0.8945803642272949,10.534584,10.54152250289917
1697,66.65273189544678,0.89465433,0.8945913910865784,2.39531000261195e-05,0.8945804834365845,10.534567,10.540860891342163
1698,66.69308090209961,0.89465433,0.894603967666626,3.154357546009123e-05,0.8945804834365845,10.534567,10.539603233337402
1699,66.72636032104492,0.89465433,0.8946290016174316,2.9876187909394503e-05,0.8945804834365845,10.534567,10.537099838256836
1700,66.75912737846375,0.89465433,0.8946539759635925,9.205433570969035e-07,0.894649863243103,10.534567,10.534602403640747
1701,66.79286766052246,0.89465433,0.8946542739868164,5.960464477539063e-08,0.8946543335914612,10.534567,10.53457260131836
1702,66.82562327384949,0.89465433,0.8946542739868164,5.960464477539063e-08,0.8946543335914612,10.534567,10.53457260131836
1703,66.85748720169067,0.89465433,0.8946542739868164,5.960464477539063e-08,0.8946543335914612,10.534567,10.53457260131836
1704,66.88884615898132,0.89465433,0.8946542739868164,5.960464477539063e-08,0.8946543335914612,10.534567,10.53457260131836
1705,66.9223530292511,0.89465433,0.8946542739868164,5.960464477539063e-08,0.8946543335914612,10.534567,10.53457260131836
1706,66.95542049407959,0.89465433,0.8946542739868164,5.960464477539063e-08,0.8946543335914612,10.534567,10.53457260131836
1707,66.98848414421082,0.89465433,0.8946542739868164,5.960464477539063e-08,0.8946543335914612,10.534567,10.53457260131836
1708,67.0224621295929,0.8946643,0.8946543335914612,6.282893991738092e-07,0.8946543335914612,10.533571,10.534566640853882
1709,67.06366419792175,0.8946643,0.894654393196106,1.0833340411409154e-06,0.8946543335914612,10.533571,10.534560680389404
1710,67.12304878234863,0.8946797,0.8913049101829529,0.0028543067164719105,0.8839163184165955,10.532027,10.869508981704712
1711,67.16311073303223,0.8946797,0.8936931490898132,0.0007924053934402764,0.8921477794647217,10.532027,10.630685091018677
1712,67.1962034702301,0.8946797,0.8944352865219116,0.000237376953009516,0.8938798904418945,10.532027,10.556471347808838
1713,67.22956275939941,0.8946797,0.8946219086647034,5.764265370089561e-05,0.8945282101631165,10.532027,10.537809133529663
1714,67.26196479797363,0.89468974,0.8946750164031982,1.1667549188132398e-05,0.8946132063865662,10.531026,10.532498359680176
1715,67.30229139328003,0.89468974,0.8946803212165833,2.0956397293048212e-06,0.8946797251701355,10.531026,10.531967878341675
1716,67.33551025390625,0.894691,0.8946811556816101,3.286864284746116e-06,0.8946797251701355,10.530901,10.53188443183899
1717,67.37646770477295,0.894691,0.8946828246116638,4.369697762740543e-06,0.8946797251701355,10.530901,10.531717538833618
1718,67.41048574447632,0.8946912,0.8946861624717712,4.324939709476894e-06,0.8946797251701355,10.530877,10.531383752822876
1719,67.45067524909973,0.89469403,0.8946896195411682,9.518061006019707e-07,0.8946883678436279,10.530597,10.531038045883179
1720,67.49163556098938,0.89469403,0.8946903347969055,1.0023911727330415e-06,0.8946897387504578,10.530597,10.530966520309448
1721,67.52433776855469,0.8946954,0.8946911096572876,1.333588670604513e-06,0.8946897387504578,10.53046,10.53088903427124
1722,67.56356453895569,0.89471316,0.8946924209594727,1.8382361304247752e-06,0.894690990447998,10.528684,10.530757904052734
1723,67.60311961174011,0.89471316,0.8946937918663025,2.7649084586300887e-06,0.8946923613548279,10.528684,10.530620813369751
1724,67.63703489303589,0.894716,0.8946957588195801,4.135130438953638e-06,0.8946927785873413,10.528398,10.530424118041992
1725,67.67835712432861,0.89472044,0.894698441028595,6.362131443893304e-06,0.8946952223777771,10.527956,10.530155897140503
1726,67.71959900856018,0.89472044,0.8947025537490845,8.584990609961096e-06,0.8946957588195801,10.527956,10.529744625091553
1727,67.75303530693054,0.8947218,0.8947097063064575,9.28413101064507e-06,0.8946983814239502,10.52782,10.529029369354248
1728,67.79287958145142,0.8947359,0.8947184085845947,2.3791089915903285e-06,0.8947146534919739,10.526413,10.528159141540527
1729,67.83321714401245,0.8947359,0.8947203159332275,2.106252395606134e-06,0.8947188258171082,10.526413,10.527968406677246
1730,67.86688375473022,0.8947365,0.8947221040725708,2.925987473645364e-06,0.8947191834449768,10.526347,10.52778959274292
1731,67.90605425834656,0.89473736,0.8947235345840454,4.537721906672232e-06,0.8947218060493469,10.526264,10.527646541595459
1732,67.9469575881958,0.8947748,0.8947257995605469,7.007718522800133e-06,0.8947218060493469,10.52252,10.527420043945312
1733,67.98764562606812,0.89478964,0.894730269908905,9.278695870307274e-06,0.8947218060493469,10.521036,10.526973009109497
1734,68.02788949012756,0.89479035,0.8947389125823975,8.62585238792235e-06,0.8947358727455139,10.520965,10.526108741760254
1735,68.06725835800171,0.8948115,0.8947436809539795,1.5642764992662705e-05,0.8947369456291199,10.518848,10.52563190460205
1736,68.10611057281494,0.8948194,0.8947521448135376,2.219228736066725e-05,0.8947373628616333,10.518063,10.52478551864624
1737,68.1473114490509,0.8948356,0.8947703838348389,2.621191379148513e-05,0.8947407007217407,10.516441,10.522961616516113
1738,68.18810939788818,0.89485115,0.8947972059249878,1.6362819224013947e-05,0.8947587013244629,10.514885,10.52027940750122
1739,68.22809410095215,0.89487094,0.8948124647140503,1.2345280083536636e-05,0.8947962522506714,10.512906,10.51875352859497
1740,68.26775336265564,0.8948928,0.8948230743408203,1.7425287296646275e-05,0.8948116302490234,10.510719,10.517692565917969
1741,68.30872440338135,0.8948928,0.8948365449905396,2.2169122530613095e-05,0.8948150873184204,10.510719,10.516345500946045
1742,68.3705849647522,0.8949395,0.8911109566688538,0.0031231981702148914,0.883670449256897,10.506052,10.888904333114624
1743,68.41118693351746,0.8949395,0.8937799334526062,0.0009021587902680039,0.8920384049415588,10.506052,10.62200665473938
1744,68.44418215751648,0.8949584,0.8945764303207397,0.000292531301965937,0.8940263390541077,10.504162,10.542356967926025
1745,68.48435592651367,0.8949584,0.8948346376419067,7.347462087636814e-05,0.8946511149406433,10.504162,10.516536235809326
1746,68.51708197593689,0.89496636,0.8948958516120911,3.0547904316335917e-05,0.8948431015014648,10.503364,10.510414838790894
1747,68.55682373046875,0.8949665,0.8949235081672668,1.8675102182896808e-05,0.8948986530303955,10.503351,10.507649183273315
1748,68.59656691551208,0.89497334,0.8949419856071472,1.1927660125365946e-05,0.8949180841445923,10.502666,10.505801439285278
1749,68.6383786201477,0.89497995,0.8949525356292725,8.711539521755185e-06,0.8949410915374756,10.502005,10.504746437072754
1750,68.67838501930237,0.8950345,0.8949612975120544,1.0959430255752522e-05,0.8949463963508606,10.496551,10.503870248794556
1751,68.71867275238037,0.89504254,0.8949735760688782,1.607774174772203e-05,0.8949583768844604,10.495747,10.502642393112183
1752,68.75994658470154,0.89510345,0.8949857950210571,2.3693653929512948e-05,0.8949664831161499,10.489655,10.501420497894287
1753,68.80228614807129,0.89510345,0.8950022459030151,2.8670156098087318e-05,0.8949733972549438,10.489655,10.499775409698486
1754,68.83505249023438,0.8951115,0.8950315713882446,3.0208220778149553e-05,0.8949799537658691,10.48885,10.496842861175537
1755,68.87416744232178,0.8951181,0.8950589895248413,2.8753816877724603e-05,0.895033597946167,10.488188,10.49410104751587
1756,68.91378951072693,0.89512223,0.8950842022895813,3.0239174520829692e-05,0.8950425386428833,10.487777,10.49157977104187
1757,68.95488977432251,0.89512223,0.8951111435890198,5.283278824208537e-06,0.8951046466827393,10.487777,10.488885641098022
1758,68.98744916915894,0.8951223,0.8951154947280884,3.6262160847400082e-06,0.8951115012168884,10.487771,10.488450527191162
1759,69.02792000770569,0.8951223,0.8951189517974854,1.672481971581874e-06,0.895117998123169,10.487771,10.488104820251465
1760,69.0644884109497,0.8951223,0.8951200842857361,2.0360346297820797e-06,0.8951181173324585,10.487771,10.487991571426392
1761,69.09981489181519,0.8951322,0.8951220512390137,1.4801495353822247e-06,0.895118236541748,10.486782,10.487794876098633
1762,69.13899374008179,0.8951408,0.8951227068901062,1.9172778138454305e-06,0.895122230052948,10.485917,10.48772931098938
1763,69.17955040931702,0.8951408,0.8951234817504883,3.440310820224113e-06,0.895122230052948,10.485917,10.487651824951172
1764,69.21235632896423,0.89515114,0.8951250314712524,5.275429430184886e-06,0.8951222896575928,10.484886,10.487496852874756
1765,69.25046133995056,0.89515114,0.8951288461685181,7.400247341138311e-06,0.8951222896575928,10.484886,10.487115383148193
1766,69.28380370140076,0.8951534,0.8951352834701538,6.789997314626817e-06,0.8951247930526733,10.484659,10.48647165298462
1767,69.3264389038086,0.895155,0.8951417207717896,6.257087079575285e-06,0.8951327800750732,10.484499,10.485827922821045
1768,69.36710715293884,0.89515895,0.8951470851898193,4.6380528146983124e-06,0.8951408267021179,10.484105,10.485291481018066
1769,69.4079236984253,0.89515966,0.8951517343521118,2.5060751340788556e-06,0.8951461315155029,10.484034,10.484826564788818
1770,69.44810771942139,0.8951709,0.8951542377471924,2.251965725008631e-06,0.8951511383056641,10.482907,10.484576225280762
1771,69.48912119865417,0.89518124,0.8951560258865356,3.1374229365610518e-06,0.8951534032821655,10.481876,10.484397411346436
1772,69.52900862693787,0.8951882,0.8951584696769714,5.190187494008569e-06,0.8951550126075745,10.481178,10.484153032302856
1773,69.5694465637207,0.8952034,0.8951629996299744,9.03884483705042e-06,0.8951566219329834,10.479659,10.483700037002563
1774,69.61084961891174,0.8952034,0.8951699137687683,1.3020060578128323e-05,0.8951595425605774,10.479659,10.483008623123169
1775,69.6450252532959,0.89523923,0.8951817750930786,1.4809434105700348e-05,0.895161509513855,10.476076,10.481822490692139
1776,69.6851646900177,0.8952418,0.895195722579956,1.3661943739862181e-05,0.8951815366744995,10.475821,10.480427742004395
1777,69.72644114494324,0.8952418,0.8952094912528992,1.2747340406349394e-05,0.8951899409294128,10.475821,10.479050874710083
1778,69.76140522956848,0.89524543,0.8952211737632751,1.2147051165811718e-05,0.8952081799507141,10.475456,10.477882623672485
1779,69.80404496192932,0.8952458,0.8952325582504272,8.519892617186997e-06,0.8952140808105469,10.475421,10.476744174957275
1780,69.8460545539856,0.8952501,0.8952387571334839,2.8248148282727925e-06,0.8952350616455078,10.474992,10.476124286651611
1781,69.88601279258728,0.8952501,0.8952414393424988,2.4719263365113875e-06,0.8952383995056152,10.474992,10.475856065750122
1782,69.91962504386902,0.8952501,0.8952434659004211,2.8002193630527472e-06,0.8952412009239197,10.474992,10.475653409957886
1783,69.95300602912903,0.8952509,0.8952456712722778,3.0790674827585462e-06,0.8952420949935913,10.474909,10.475432872772217
1784,69.99243474006653,0.89528525,0.8952491879463196,2.833933422152768e-06,0.8952454328536987,10.471476,10.475081205368042
1785,70.03215980529785,0.89528525,0.8952509164810181,3.3739950140443398e-06,0.8952493667602539,10.471476,10.474908351898193
1786,70.06498956680298,0.89532065,0.8952525854110718,7.981868293427397e-06,0.8952500820159912,10.467935,10.474741458892822
1787,70.1072256565094,0.89532065,0.8952572345733643,1.4917936823621858e-05,0.8952500820159912,10.467935,10.474276542663574
1788,70.14016270637512,0.89532065,0.8952656388282776,2.05001633730717e-05,0.8952537775039673,10.467935,10.473436117172241
1789,70.17237257957458,0.8953215,0.8952784538269043,2.5658384402049705e-05,0.8952552080154419,10.467852,10.47215461730957
1790,70.21348166465759,0.8953266,0.8953015804290771,1.71922492882004e-05,0.8952634930610657,10.467339,10.469841957092285
1791,70.2529513835907,0.89533496,0.8953138589859009,7.540388651250396e-06,0.8953059911727905,10.466504,10.468614101409912
1792,70.29371643066406,0.89533496,0.89532071352005,6.00406201556325e-06,0.8953111171722412,10.466504,10.467928647994995
1793,70.32817459106445,0.89533496,0.8953256607055664,4.302896286390023e-06,0.8953214883804321,10.466504,10.46743392944336
1794,70.36083960533142,0.89533496,0.8953293561935425,3.580203838282614e-06,0.8953266143798828,10.466504,10.467064380645752
1795,70.39372968673706,0.89533496,0.895332396030426,3.258918013671064e-06,0.8953266143798828,10.466504,10.466760396957397
1796,70.42746472358704,0.8953513,0.8953351974487305,1.0432933095216868e-06,0.8953349590301514,10.46487,10.466480255126953
1797,70.46814775466919,0.89537257,0.8953356146812439,3.601193384383805e-06,0.8953349590301514,10.462743,10.46643853187561
1798,70.50746774673462,0.89537257,0.8953374624252319,8.536117093171924e-06,0.8953349590301514,10.462743,10.466253757476807
1799,70.54060530662537,0.89538735,0.8953418731689453,1.382285790896276e-05,0.8953349590301514,10.461265,10.465812683105469
1800,70.58072423934937,0.89538735,0.8953505754470825,1.7779733752831817e-05,0.8953349590301514,10.461265,10.464942455291748
1801,70.61279892921448,0.89538735,0.8953671455383301,1.1593106137297582e-05,0.8953359723091125,10.461265,10.463285446166992
1802,70.64461374282837,0.8953929,0.8953737616539001,4.645255103241652e-06,0.8953715562820435,10.460711,10.462623834609985
1803,70.6839530467987,0.8953929,0.8953763842582703,6.633799785049632e-06,0.8953725695610046,10.460711,10.462361574172974
1804,70.74335551261902,0.8954551,0.8913853168487549,0.00333365797996521,0.8833063840866089,10.454488,10.861468315124512
1805,70.78258919715881,0.8954551,0.8942328691482544,0.0009336797520518303,0.8923773169517517,10.454488,10.57671308517456
1806,70.81694316864014,0.8954551,0.8950642943382263,0.00032173789804801345,0.8944055438041687,10.454488,10.493570566177368
1807,70.85114073753357,0.8954551,0.895350456237793,9.285780106438324e-05,0.8951091170310974,10.454488,10.464954376220703
1808,70.8854649066925,0.89547646,0.8954198956489563,3.414072853047401e-05,0.8953725695610046,10.452354,10.45801043510437
1809,70.92539834976196,0.89547646,0.8954506516456604,7.430522600770928e-06,0.8954393863677979,10.452354,10.45493483543396
1810,70.9580602645874,0.89547646,0.8954561352729797,4.1581192817830015e-06,0.8954551219940186,10.452354,10.454386472702026
1811,70.99195194244385,0.89547646,0.8954573273658752,6.376187684509205e-06,0.8954551219940186,10.452354,10.454267263412476
1812,71.02525067329407,0.89547646,0.8954602479934692,9.024422070069704e-06,0.8954551219940186,10.452354,10.453975200653076
1813,71.05867123603821,0.8954777,0.8954658508300781,1.062368755810894e-05,0.8954551219940186,10.452229,10.453414916992188
1814,71.09866428375244,0.89548117,0.8954764604568481,1.6155578350662836e-06,0.8954564332962036,10.451883,10.452353954315186
1815,71.13870239257812,0.895488,0.8954768180847168,1.02039894045447e-06,0.8954764604568481,10.451198,10.45231819152832
1816,71.17883682250977,0.89552927,0.8954776525497437,4.273267222743016e-06,0.8954764604568481,10.447073,10.452234745025635
1817,71.22061967849731,0.89552927,0.8954805731773376,8.875453204382211e-06,0.8954764604568481,10.447073,10.451942682266235
1818,71.25425314903259,0.895539,0.8954861164093018,1.4436704077525064e-05,0.8954777121543884,10.446101,10.451388359069824
1819,71.29802966117859,0.89555633,0.8954957127571106,1.7517437299829908e-05,0.8954777121543884,10.444366,10.45042872428894
1820,71.33931565284729,0.8955674,0.8955113291740417,1.4984008885221556e-05,0.8954892754554749,10.443258,10.448867082595825
1821,71.38120698928833,0.89557445,0.8955228924751282,1.721515945973806e-05,0.8955036401748657,10.442554,10.447710752487183
1822,71.42042183876038,0.8955764,0.8955392241477966,1.2908224562124815e-05,0.8955215811729431,10.442358,10.446077585220337
1823,71.46221590042114,0.8955786,0.8955506086349487,1.2200011042295955e-05,0.8955377340316772,10.442138,10.444939136505127
1824,71.50293612480164,0.89561063,0.8955613970756531,9.392251740791835e-06,0.8955472111701965,10.438937,10.443860292434692
1825,71.54429578781128,0.89561063,0.8955708146095276,8.873548722476698e-06,0.8955591917037964,10.438937,10.442918539047241
1826,71.57756185531616,0.8956207,0.8955789804458618,1.036619141814299e-05,0.8955675959587097,10.437929,10.442101955413818
1827,71.61841607093811,0.89563125,0.8955882787704468,1.165355570265092e-05,0.8955765962600708,10.436874,10.441172122955322
1828,71.65935397148132,0.8956407,0.8956010937690735,1.4484307939710561e-05,0.8955860733985901,10.435933,10.439890623092651
1829,71.70116448402405,0.8956407,0.8956137895584106,1.5766667274874635e-05,0.8955956101417542,10.435933,10.438621044158936
1830,71.73485350608826,0.8956407,0.8956297039985657,8.463677659165114e-06,0.8956118822097778,10.435933,10.437029600143433
1831,71.76848459243774,0.8956407,0.8956360816955566,4.4854900806967635e-06,0.8956305384635925,10.435933,10.436391830444336
1832,71.80240488052368,0.89564455,0.8956401944160461,5.851176752003084e-07,0.8956393599510193,10.435545,10.435980558395386
1833,71.84635639190674,0.89564455,0.8956407308578491,4.851794983551372e-07,0.8956406712532043,10.435545,10.435926914215088
1834,71.8814024925232,0.895646,0.8956409692764282,1.101505972656014e-06,0.8956406712532043,10.435402,10.435903072357178
1835,71.92507600784302,0.895646,0.8956414461135864,1.7296335954597453e-06,0.8956406712532043,10.435402,10.435855388641357
1836,71.95866775512695,0.89564675,0.8956423997879028,2.2422862002713373e-06,0.8956406712532043,10.435325,10.435760021209717
1837,71.99907422065735,0.89564675,0.8956444263458252,1.8692097683015163e-06,0.8956406712532043,10.435325,10.43555736541748
1838,72.03257083892822,0.89564675,0.8956456780433655,5.494696893038054e-07,0.895645260810852,10.435325,10.435432195663452
1839,72.06542181968689,0.89564675,0.8956461548805237,5.779313596576685e-07,0.8956453204154968,10.435325,10.435384511947632
1840,72.09769320487976,0.89564675,0.8956467509269714,2.7882279596269655e-07,0.8956459760665894,10.435325,10.435324907302856
1841,72.13141369819641,0.89573324,0.8956471681594849,5.4485685723193455e-06,0.8956467509269714,10.426676,10.435283184051514
1842,72.17020511627197,0.8957724,0.8956486582756042,1.3362962818064261e-05,0.8956467509269714,10.42276,10.435134172439575
1843,72.21084642410278,0.8957724,0.895653247833252,2.5063203793251887e-05,0.8956467509269714,10.42276,10.434675216674805
1844,72.24439692497253,0.8957724,0.8956665992736816,4.303006789996289e-05,0.8956467509269714,10.42276,10.433340072631836
1845,72.27740406990051,0.8958055,0.8956933617591858,5.6683053117012605e-05,0.8956467509269714,10.419453,10.430663824081421
1846,72.31974673271179,0.89593685,0.8957405090332031,4.9678033974487334e-05,0.8956467509269714,10.406315,10.425949096679688
1847,72.36109662055969,0.89594424,0.895779550075531,3.364809526829049e-05,0.8957650065422058,10.405577,10.4220449924469
1848,72.40169763565063,0.89594424,0.8957985043525696,5.798144775326364e-05,0.895772397518158,10.405577,10.420149564743042
1849,72.43544292449951,0.89594424,0.8958317637443542,7.665070006623864e-05,0.895772397518158,10.405577,10.416823625564575
1850,72.4688789844513,0.89594424,0.8958906531333923,7.022706267889589e-05,0.895772397518158,10.405577,10.410934686660767
1851,72.50232291221619,0.8960299,0.8959423303604126,6.312975074251881e-06,0.8959368467330933,10.397011,10.40576696395874
1852,72.5411262512207,0.8960299,0.895946741104126,1.4092399396758992e-05,0.8959442377090454,10.397011,10.405325889587402
1853,72.57480072975159,0.8960373,0.8959516286849976,2.3891245291451924e-05,0.8959442377090454,10.396272,10.404837131500244
1854,72.6192855834961,0.8960373,0.895963191986084,3.6021196137880906e-05,0.8959442377090454,10.396272,10.403680801391602
1855,72.6625440120697,0.8960385,0.8959837555885315,4.395514406496659e-05,0.8959442377090454,10.3961525,10.40162444114685
1856,72.71592569351196,0.8960385,0.8960242867469788,2.7852162020280957e-05,0.8959454298019409,10.3961525,10.397571325302124
1857,72.7501220703125,0.8960385,0.8960374593734741,4.918147737953404e-07,0.8960372805595398,10.3961525,10.396254062652588
1858,72.78171443939209,0.8960385,0.8960376977920532,6.031284556229366e-07,0.8960372805595398,10.3961525,10.396230220794678
1859,72.81453251838684,0.8960385,0.8960382342338562,3.6872555142508645e-07,0.8960372805595398,10.3961525,10.39617657661438
1860,72.8480076789856,0.89603996,0.8960383534431458,1.5643745143734122e-07,0.8960384726524353,10.396004,10.396164655685425
1861,72.88922047615051,0.8960439,0.8960384130477905,4.5749175114906393e-07,0.8960384726524353,10.395611,10.396158695220947
1862,72.9303982257843,0.8960439,0.8960385918617249,8.822566996968817e-07,0.8960384726524353,10.395611,10.396140813827515
1863,72.96276831626892,0.8960439,0.8960390090942383,1.3779199434793554e-06,0.8960384726524353,10.395611,10.396099090576172
1864,72.99595642089844,0.8960465,0.8960397243499756,1.9022157857762068e-06,0.8960384726524353,10.395348,10.396027565002441
1865,73.03592944145203,0.8960483,0.8960413336753845,2.101340896842885e-06,0.8960384726524353,10.395169,10.395866632461548
1866,73.07557368278503,0.8960483,0.8960433006286621,2.084025936710532e-06,0.8960410952568054,10.395169,10.395669937133789
1867,73.10797119140625,0.89605093,0.896045446395874,1.7186679315273068e-06,0.8960438966751099,10.394907,10.395455360412598
1868,73.148024559021,0.89605093,0.8960472941398621,1.4692003560412559e-06,0.8960453271865845,10.394907,10.395270586013794
1869,73.1807701587677,0.89605093,0.8960486054420471,1.6386170500481967e-06,0.89604651927948,10.394907,10.395139455795288
1870,73.2129921913147,0.89605373,0.8960500359535217,1.3182593647798058e-06,0.8960483074188232,10.394627,10.394996404647827
1871,73.25506544113159,0.8960631,0.8960511684417725,8.249801908277732e-07,0.8960509300231934,10.393691,10.394883155822754
1872,73.29687929153442,0.8960631,0.8960514068603516,1.5909841977190808e-06,0.8960509300231934,10.393691,10.394859313964844
1873,73.33248543739319,0.8960657,0.8960521221160889,3.086996230194927e-06,0.8960509300231934,10.393429,10.394787788391113
1874,73.3749213218689,0.89606655,0.8960537314414978,4.663513664127095e-06,0.8960509300231934,10.393345,10.39462685585022
1875,73.41983032226562,0.8960785,0.8960570096969604,5.788627731817542e-06,0.8960509300231934,10.392147,10.394299030303955
1876,73.46457839012146,0.8960785,0.8960630893707275,3.7896343201282434e-06,0.8960537314414978,10.392147,10.393691062927246
1877,73.49777340888977,0.8960792,0.8960666060447693,4.727034138340969e-06,0.8960630893707275,10.392082,10.393339395523071
1878,73.53639960289001,0.89608,0.8960700631141663,5.430762939795386e-06,0.8960657119750977,10.391998,10.392993688583374
1879,73.57645678520203,0.89608,0.8960747718811035,4.5288797991815954e-06,0.8960665464401245,10.391998,10.392522811889648
1880,73.60979509353638,0.89608073,0.8960782885551453,7.7147819865786e-07,0.8960772752761841,10.391927,10.392171144485474
1881,73.65098094940186,0.89608073,0.896078884601593,6.556348921549215e-07,0.8960776925086975,10.391927,10.392111539840698
1882,73.68569207191467,0.8960995,0.8960795998573303,1.3689722209164756e-06,0.8960787057876587,10.390049,10.392040014266968
1883,73.72561264038086,0.8961064,0.8960803747177124,2.521578835512628e-06,0.8960791826248169,10.389358,10.39196252822876
1884,73.76716017723083,0.8961354,0.8960815668106079,5.626244274026249e-06,0.8960800170898438,10.386461,10.391843318939209
1885,73.80759191513062,0.896147,0.8960856795310974,1.3765580661129206e-05,0.8960800170898438,10.385299,10.391432046890259
1886,73.84794592857361,0.896147,0.8960947394371033,2.105481871694792e-05,0.896080732345581,10.385299,10.390526056289673
1887,73.8815107345581,0.89614844,0.8961106538772583,2.4701535949134268e-05,0.8960829973220825,10.385156,10.38893461227417
1888,73.92101120948792,0.89615005,0.8961355686187744,1.0550655133556575e-05,0.8961079120635986,10.3849945,10.386443138122559
1889,73.96283221244812,0.89615005,0.8961427211761475,4.736106347991154e-06,0.8961368203163147,10.3849945,10.385727882385254
1890,73.99669981002808,0.89615005,0.8961473107337952,1.492849264650431e-06,0.8961454033851624,10.3849945,10.385268926620483
1891,74.0310468673706,0.89615005,0.8961484432220459,1.346772023680387e-06,0.8961470127105713,10.3849945,10.38515567779541
1892,74.06364679336548,0.89615005,0.8961496949195862,4.755664804179105e-07,0.8961485624313354,10.3849945,10.385030508041382
1893,74.09470558166504,0.89615005,0.8961498737335205,1.7881393432617188e-07,0.8961500525474548,10.3849945,10.38501262664795
1894,74.12709617614746,0.89615005,0.8961498737335205,1.7881393432617188e-07,0.8961500525474548,10.3849945,10.38501262664795
1895,74.15996170043945,0.89615005,0.8961498737335205,1.7881393432617188e-07,0.8961500525474548,10.3849945,10.38501262664795
1896,74.19416785240173,0.89615005,0.8961498737335205,1.7881393432617188e-07,0.8961500525474548,10.3849945,10.38501262664795
1897,74.22672033309937,0.89615005,0.8961498737335205,1.7881393432617188e-07,0.8961500525474548,10.3849945,10.38501262664795
1898,74.25858283042908,0.89615005,0.8961498737335205,1.7881393432617188e-07,0.8961500525474548,10.3849945,10.38501262664795
1899,74.2930178642273,0.89615375,0.8961498737335205,3.027353443485481e-07,0.8961500525474548,10.384625,10.38501262664795
1900,74.3354845046997,0.8961539,0.8961499929428101,4.403555919907376e-07,0.8961500525474548,10.384607,10.385000705718994
1901,74.37626266479492,0.8961539,0.8961501121520996,9.6427913831576e-07,0.8961500525474548,10.384607,10.384988784790039
1902,74.40853023529053,0.8961576,0.8961506485939026,1.463737362428219e-06,0.8961500525474548,10.384237,10.384935140609741
1903,74.44960260391235,0.8961576,0.8961517214775085,1.923953050209093e-06,0.8961500525474548,10.384237,10.384827852249146
1904,74.48207974433899,0.8961592,0.8961536884307861,1.6440047829746618e-06,0.8961513042449951,10.384083,10.384631156921387
1905,74.52100372314453,0.896163,0.8961548805236816,1.8753635231405497e-06,0.8961539268493652,10.383701,10.384511947631836
1906,74.56078958511353,0.8961681,0.8961560726165771,2.712034302021493e-06,0.8961539268493652,10.383188,10.384392738342285
1907,74.60182118415833,0.8961681,0.8961586356163025,2.5299859771621414e-06,0.8961539268493652,10.383188,10.384136438369751
1908,74.63418555259705,0.8961835,0.8961609601974487,3.0732378490938572e-06,0.8961576223373413,10.381651,10.383903980255127
1909,74.67605996131897,0.8961835,0.8961636424064636,4.348631136963377e-06,0.8961615562438965,10.381651,10.383635759353638
1910,74.70874500274658,0.8962045,0.8961668014526367,7.2818470471247565e-06,0.8961615562438965,10.379553,10.383319854736328
1911,74.75010967254639,0.8962081,0.8961738348007202,9.712299288366921e-06,0.8961629867553711,10.3791895,10.382616519927979
1912,74.79189682006836,0.89621484,0.8961825966835022,1.1297187484160531e-05,0.896175742149353,10.378515,10.38174033164978
1913,74.83246755599976,0.8962164,0.8961915373802185,1.3777397725789342e-05,0.8961770534515381,10.378361,10.38084626197815
1914,74.8720052242279,0.8962164,0.896205484867096,6.8119588831905276e-06,0.8961916565895081,10.378361,10.379451513290405
1915,74.90514087677002,0.8962164,0.8962114453315735,3.104532652287162e-06,0.8962081074714661,10.378361,10.378855466842651
1916,74.93772292137146,0.8962164,0.896214485168457,1.4376572607943672e-06,0.8962111473083496,10.378361,10.378551483154297
1917,74.96974325180054,0.8962164,0.8962154984474182,7.574856226710835e-07,0.8962148427963257,10.378361,10.378450155258179
1918,75.00331664085388,0.8962164,0.8962161540985107,4.886025521955162e-07,0.8962148427963257,10.378361,10.378384590148926
1919,75.03585076332092,0.8962164,0.8962163925170898,0.0,0.8962163925170898,10.378361,10.378360748291016
1920,75.07030606269836,0.8962164,0.8962163925170898,0.0,0.8962163925170898,10.378361,10.378360748291016
1921,75.10277605056763,0.89622676,0.8962164521217346,6.535753414027567e-07,0.8962163925170898,10.377323,10.378354787826538
1922,75.14210033416748,0.89622676,0.8962165713310242,1.2214217122163973e-06,0.8962163925170898,10.377323,10.378342866897583
1923,75.1747875213623,0.89622676,0.896216869354248,1.960498593689408e-06,0.8962163925170898,10.377323,10.378313064575195
1924,75.20770144462585,0.89622676,0.8962177038192749,3.0929797958378913e-06,0.8962163925170898,10.377323,10.37822961807251
1925,75.24216198921204,0.89622676,0.8962192535400391,4.157559033046709e-06,0.8962163925170898,10.377323,10.378074645996094
1926,75.27578854560852,0.89624214,0.8962224125862122,4.391265974845737e-06,0.8962163925170898,10.375786,10.377758741378784
1927,75.3175208568573,0.89624214,0.8962262272834778,2.5162039491988253e-06,0.8962231278419495,10.375786,10.377377271652222
1928,75.35172438621521,0.89624584,0.8962278366088867,3.943242973036831e-06,0.8962267637252808,10.375416,10.377216339111328
1929,75.39430475234985,0.89624584,0.8962294459342957,6.255881544348085e-06,0.8962267637252808,10.375416,10.377055406570435
1930,75.42887663841248,0.89624584,0.8962324261665344,8.274960237031337e-06,0.8962267637252808,10.375416,10.376757383346558
1931,75.46185326576233,0.89624584,0.8962385058403015,8.478525160171557e-06,0.8962267637252808,10.375416,10.376149415969849
1932,75.49550795555115,0.8962712,0.8962454795837402,2.0956870230293134e-06,0.8962421417236328,10.372877,10.375452041625977
1933,75.53520441055298,0.89627486,0.8962463140487671,3.30008606397314e-06,0.8962458372116089,10.372514,10.375368595123291
1934,75.57795071601868,0.8962767,0.8962475061416626,6.413092705770396e-06,0.8962458372116089,10.372329,10.37524938583374
1935,75.6186273097992,0.8962769,0.8962502479553223,1.015848192764679e-05,0.8962458372116089,10.372311,10.374975204467773
1936,75.65828967094421,0.8962769,0.8962555527687073,1.3558325008489192e-05,0.8962458372116089,10.372311,10.374444723129272
1937,75.6919333934784,0.8962815,0.8962658643722534,1.3401649994193576e-05,0.8962458372116089,10.371852,10.373413562774658
1938,75.7340087890625,0.8962815,0.8962756991386414,1.2940204214828555e-06,0.8962748646736145,10.371852,10.372430086135864
1939,75.76638960838318,0.8962815,0.8962768316268921,1.5971419315974344e-06,0.8962748646736145,10.371852,10.372316837310791
1940,75.79873561859131,0.8962815,0.8962777256965637,1.7289809193243855e-06,0.8962768912315369,10.371852,10.372227430343628
1941,75.83243203163147,0.8962815,0.8962787985801697,2.134550413757097e-06,0.8962768912315369,10.371852,10.372120141983032
1942,75.86643362045288,0.8962815,0.8962807059288025,1.2559505648823688e-06,0.8962768912315369,10.371852,10.371929407119751
1943,75.89918971061707,0.8962914,0.8962813019752502,6.603834208362969e-07,0.8962814807891846,10.370863,10.371869802474976
1944,75.93724417686462,0.89632237,0.8962815999984741,2.788943675113842e-06,0.8962814807891846,10.3677635,10.371840000152588
1945,75.97746467590332,0.89632237,0.8962823152542114,4.907003130938392e-06,0.8962814807891846,10.3677635,10.371768474578857
1946,76.01000547409058,0.89632237,0.8962841033935547,7.9726360127097e-06,0.8962814807891846,10.3677635,10.371589660644531
1947,76.04259848594666,0.8963318,0.8962879180908203,1.198229529109085e-05,0.8962814807891846,10.366821,10.371208190917969
1948,76.08465766906738,0.8963318,0.8962963223457336,1.5003799489932135e-05,0.8962814807891846,10.366821,10.370367765426636
1949,76.11814665794373,0.8963318,0.896308958530426,1.4892224498908035e-05,0.8962913751602173,10.366821,10.369104146957397
1950,76.15162658691406,0.8963519,0.8963232040405273,6.771068001398817e-06,0.8963091969490051,10.364813,10.367679595947266
1951,76.1919937133789,0.8963519,0.8963274359703064,5.174360012460966e-06,0.8963223695755005,10.364813,10.36725640296936
1952,76.22398710250854,0.8963797,0.8963325619697571,5.094437710795319e-06,0.896331787109375,10.362029,10.366743803024292
1953,76.26500272750854,0.8963797,0.8963356018066406,1.2242390766914468e-05,0.896331787109375,10.362029,10.366439819335938
1954,76.29941749572754,0.8963797,0.8963417410850525,1.8198325051344e-05,0.896331787109375,10.362029,10.365825891494751
1955,76.33297228813171,0.8963797,0.8963541984558105,2.1419396944111213e-05,0.896331787109375,10.362029,10.364580154418945
1956,76.36635184288025,0.89639944,0.8963751196861267,8.189281288650818e-06,0.8963439464569092,10.360056,10.362488031387329
1957,76.40540885925293,0.8964074,0.8963804244995117,3.877823928633006e-06,0.8963797092437744,10.359258,10.361957550048828
1958,76.44658493995667,0.8964107,0.8963823318481445,7.18135925126262e-06,0.8963797092437744,10.35893,10.361766815185547
1959,76.48699593544006,0.8964107,0.8963867425918579,1.044595137500437e-05,0.8963797092437744,10.35893,10.361325740814209
1960,76.52030110359192,0.8964107,0.8963953852653503,1.0812727850861847e-05,0.8963797092437744,10.35893,10.360461473464966
1961,76.55256748199463,0.8964197,0.8964055180549622,3.198782906110864e-06,0.8963994383811951,10.358029,10.359448194503784
1962,76.59462571144104,0.8964197,0.8964083790779114,1.865186504801386e-06,0.896407425403595,10.358029,10.359162092208862
1963,76.62820839881897,0.8964197,0.8964095711708069,2.6025695660791826e-06,0.896407425403595,10.358029,10.359042882919312
1964,76.6604220867157,0.89643365,0.8964121341705322,3.144442871416686e-06,0.8964107036590576,10.356635,10.358786582946777
1965,76.70072650909424,0.89643365,0.8964138627052307,4.642588464776054e-06,0.8964107036590576,10.356635,10.358613729476929
1966,76.73350381851196,0.8964455,0.8964179158210754,6.229573045857251e-06,0.8964107036590576,10.355449,10.358208417892456
1967,76.77355790138245,0.8964545,0.8964237570762634,7.024535079835914e-06,0.8964194059371948,10.354548,10.357624292373657
1968,76.8148422241211,0.89645517,0.896430253982544,9.180237611872144e-06,0.8964197039604187,10.354483,10.356974601745605
1969,76.85474514961243,0.89645517,0.8964387774467468,7.793240911269095e-06,0.8964284658432007,10.354483,10.356122255325317
1970,76.8872287273407,0.89645517,0.8964468240737915,5.456188318930799e-06,0.8964336514472961,10.354483,10.35531759262085
1971,76.92003035545349,0.89645517,0.896451473236084,4.0238733163278084e-06,0.8964455127716064,10.354483,10.354852676391602
1972,76.95253944396973,0.89645517,0.8964548110961914,3.271610466981656e-07,0.8964545130729675,10.354483,10.35451889038086
1973,76.98505711555481,0.8964739,0.8964552879333496,1.8028415524895536e-06,0.8964545130729675,10.352612,10.354471206665039
1974,77.02372670173645,0.89650035,0.8964565396308899,5.713788596040104e-06,0.8964551687240601,10.349965,10.35434603691101
1975,77.06232905387878,0.89650035,0.8964594602584839,1.0756606570794247e-05,0.8964551687240601,10.349965,10.354053974151611
1976,77.09569644927979,0.8965094,0.8964658975601196,1.6074127415777184e-05,0.8964551687240601,10.349059,10.353410243988037
1977,77.14415335655212,0.89652574,0.8964778780937195,1.8400993212708272e-05,0.8964551687240601,10.347425,10.352212190628052
1978,77.18998670578003,0.89653015,0.8964965343475342,1.3401671822066419e-05,0.8964747786521912,10.346985,10.350346565246582
1979,77.23059821128845,0.89653707,0.8965092897415161,1.2004105883534066e-05,0.8965003490447998,10.346293,10.349071025848389
1980,77.2716453075409,0.89653885,0.8965194225311279,1.1343072401359677e-05,0.8965003490447998,10.346115,10.348057746887207
1981,77.31421995162964,0.8965395,0.8965292572975159,4.19440220866818e-06,0.8965257406234741,10.346049,10.347074270248413
1982,77.35539650917053,0.8965465,0.8965331315994263,3.635523171396926e-06,0.896529495716095,10.345352,10.346686840057373
1983,77.39620923995972,0.89654964,0.8965368866920471,3.455821570241824e-06,0.8965301513671875,10.345036,10.346311330795288
1984,77.43665528297424,0.8965569,0.8965402841567993,3.4874271932494594e-06,0.8965370655059814,10.344309,10.345971584320068
1985,77.48280596733093,0.8965616,0.8965432047843933,4.074189746461343e-06,0.8965395092964172,10.343838,10.345679521560669
1986,77.52510380744934,0.8965616,0.8965473771095276,3.749373036043835e-06,0.8965420722961426,10.343838,10.345262289047241
1987,77.56073594093323,0.89656305,0.8965497016906738,5.418289674707921e-06,0.8965464234352112,10.343695,10.345029830932617
1988,77.60081768035889,0.89656305,0.8965538740158081,6.2931098909757566e-06,0.896546483039856,10.343695,10.34461259841919
1989,77.63282918930054,0.89656305,0.8965599536895752,2.853300884453347e-06,0.8965543508529663,10.343695,10.34400463104248
1990,77.66588091850281,0.89656305,0.8965619802474976,6.395815148607653e-07,0.8965616226196289,10.343695,10.343801975250244
1991,77.69873642921448,0.89656305,0.8965623378753662,6.865907380415592e-07,0.8965616226196289,10.343695,10.343766212463379
1992,77.73161315917969,0.89656305,0.896562933921814,1.1920928955078125e-07,0.8965630531311035,10.343695,10.343706607818604
1993,77.76418924331665,0.89656305,0.896562933921814,1.1920928955078125e-07,0.8965630531311035,10.343695,10.343706607818604
1994,77.79593539237976,0.89656305,0.896562933921814,1.1920928955078125e-07,0.8965630531311035,10.343695,10.343706607818604
1995,77.82848644256592,0.89656353,0.896562933921814,1.2477845245939534e-07,0.8965630531311035,10.343647,10.343706607818604
1996,77.86814379692078,0.89656353,0.896562933921814,1.401644880161257e-07,0.8965630531311035,10.343647,10.343706607818604
1997,77.90111780166626,0.8965721,0.896562933921814,6.084555934648961e-07,0.8965630531311035,10.342789,10.343706607818604
1998,77.94121837615967,0.89657265,0.8965631723403931,1.407011950504966e-06,0.8965630531311035,10.342735,10.343682765960693
1999,77.98304510116577,0.89657354,0.8965637683868408,2.3777506612532306e-06,0.8965630531311035,10.342646,10.343623161315918
2000,78.02308940887451,0.89659745,0.8965664505958557,7.79246875026729e-06,0.8965630531311035,10.340256,10.343354940414429
2001,78.06315159797668,0.89659745,0.8965712785720825,1.154400706582237e-05,0.8965635299682617,10.340256,10.342872142791748
2002,78.0966489315033,0.89659745,0.8965798020362854,1.249291017302312e-05,0.8965635299682617,10.340256,10.34201979637146
2003,78.1294195652008,0.89659745,0.8965907692909241,9.264080290449783e-06,0.896573543548584,10.340256,10.340923070907593
2004,78.16311407089233,0.89659745,0.8965975046157837,1.7450743428071291e-07,0.8965969085693359,10.340256,10.34024953842163
2005,78.19666314125061,0.89659745,0.8965975642204285,1.1920928955078125e-07,0.8965974450111389,10.340256,10.340243577957153
2006,78.2586452960968,0.8966576,0.8932841420173645,0.0027344205882400274,0.8878862261772156,10.334242,10.67158579826355
2007,78.30105972290039,0.8966576,0.8957706689834595,0.0006740476237609982,0.8943151831626892,10.334242,10.422933101654053
2008,78.33394932746887,0.8966576,0.8963626623153687,0.00023764173965901136,0.8958888649940491,10.334242,10.363733768463135
2009,78.36824893951416,0.8966576,0.8965637683868408,8.26817995402962e-05,0.8964121341705322,10.334242,10.343623161315918
2010,78.4010682106018,0.8966831,0.8966386318206787,2.258559652545955e-05,0.8965974450111389,10.33169,10.336136817932129
2011,78.44181180000305,0.8966831,0.8966580629348755,2.828842980306945e-06,0.8966575860977173,10.33169,10.334193706512451
2012,78.47525238990784,0.8966831,0.8966588377952576,4.785741111845709e-06,0.8966575860977173,10.33169,10.334116220474243
2013,78.50785899162292,0.8967617,0.8966609239578247,9.6911535365507e-06,0.8966575860977173,10.323829,10.33390760421753
2014,78.5481390953064,0.8967617,0.8966647982597351,1.3259981642477214e-05,0.8966575860977173,10.323829,10.33352017402649
2015,78.58047795295715,0.89676523,0.8966737985610962,2.018393570324406e-05,0.896661102771759,10.323477,10.33262014389038
2016,78.62074208259583,0.8967874,0.8966909050941467,2.733379733399488e-05,0.896661102771759,10.3212595,10.330909490585327
2017,78.66271948814392,0.8967909,0.8967072367668152,3.8225149182835594e-05,0.8966830968856812,10.320908,10.329276323318481
2018,78.70170211791992,0.8967909,0.8967359066009521,4.493300730246119e-05,0.8966866135597229,10.320908,10.326409339904785
2019,78.733966588974,0.89680666,0.8967799544334412,1.1542254469532054e-05,0.8967591524124146,10.319334,10.322004556655884
2020,78.77295780181885,0.89687717,0.8967889547348022,6.15234694123501e-06,0.8967846632003784,10.312283,10.321104526519775
2021,78.83927702903748,0.8968195,0.8932414650917053,0.00271819019690156,0.8868669271469116,10.318052,10.675853490829468
2022,78.87923169136047,0.8968222,0.895595133304596,0.0009920927695930004,0.8937142491340637,10.317779,10.440486669540405
2023,78.91936683654785,0.8968222,0.896477222442627,0.0003041429736185819,0.8957476019859314,10.317779,10.352277755737305
2024,78.95304846763611,0.8968222,0.8967344760894775,6.308645970420912e-05,0.8965940475463867,10.317779,10.326552391052246
2025,78.98807621002197,0.89683133,0.8967928290367126,2.255031358799897e-05,0.8967628479003906,10.316867,10.320717096328735
2026,79.02963137626648,0.8968341,0.8968120217323303,1.436465208826121e-05,0.8967882394790649,10.316592,10.318797826766968
2027,79.0684187412262,0.8968341,0.8968223333358765,2.54536212196399e-06,0.8968194723129272,10.316592,10.317766666412354
2028,79.10178136825562,0.8968341,0.8968238234519958,3.7246447845973307e-06,0.8968222141265869,10.316592,10.317617654800415
2029,79.13543176651001,0.8968344,0.8968256711959839,4.834615083382232e-06,0.8968222141265869,10.316563,10.317432880401611
2030,79.17621755599976,0.8968619,0.8968294262886047,5.426264579000417e-06,0.8968225121498108,10.313808,10.317057371139526
2031,79.21649503707886,0.8968738,0.8968353867530823,6.804159056628123e-06,0.8968313336372375,10.312623,10.316461324691772
2032,79.25969314575195,0.8968738,0.8968391418457031,1.1776271094277035e-05,0.8968340754508972,10.312623,10.316085815429688
2033,79.29589080810547,0.8968738,0.8968456983566284,1.6234977010753937e-05,0.8968343734741211,10.312623,10.315430164337158
2034,79.33075904846191,0.8969014,0.8968599438667297,1.572157270857133e-05,0.896834671497345,10.309857,10.314005613327026
2035,79.37144351005554,0.89690214,0.8968726992607117,4.673418970924104e-06,0.8968663811683655,10.309786,10.312730073928833
2036,79.41172313690186,0.89690244,0.8968758583068848,7.624524187122006e-06,0.8968734741210938,10.309755,10.312414169311523
2037,79.4526219367981,0.89690244,0.8968796730041504,1.139249525294872e-05,0.8968737721443176,10.309755,10.312032699584961
2038,79.48640394210815,0.89690363,0.896885871887207,1.3841917279933114e-05,0.8968737721443176,10.309637,10.311412811279297
2039,79.52716970443726,0.89690375,0.8968973755836487,1.0133334399142768e-05,0.8968737721443176,10.309625,10.310262441635132
2040,79.56806921958923,0.89691323,0.8969024419784546,7.94593006503419e-07,0.8969019651412964,10.308677,10.309755802154541
2041,79.60908555984497,0.89691323,0.896902859210968,1.4102649856795324e-06,0.8969024419784546,10.308677,10.309714078903198
2042,79.64388418197632,0.8969135,0.8969036936759949,2.6620339212968247e-06,0.8969024419784546,10.308647,10.309630632400513
2043,79.68489003181458,0.8969148,0.8969054818153381,3.771340971070458e-06,0.8969024419784546,10.308522,10.309451818466187
2044,79.725252866745,0.8969148,0.8969077467918396,4.908950359094888e-06,0.8969037532806396,10.308522,10.30922532081604
2045,79.75871396064758,0.8969148,0.8969117999076843,4.218537014821777e-06,0.8969037532806396,10.308522,10.308820009231567
2046,79.79197096824646,0.8969332,0.8969144225120544,1.419996920049016e-06,0.8969135284423828,10.306681,10.308557748794556
2047,79.83292698860168,0.8969332,0.8969151377677917,2.552898422436556e-06,0.8969147801399231,10.306681,10.308486223220825
2048,79.86517357826233,0.89694065,0.896916389465332,4.9296236284135375e-06,0.8969147801399231,10.305935,10.308361053466797
2049,79.90576100349426,0.89694065,0.8969182968139648,7.281224952748744e-06,0.8969147801399231,10.305935,10.308170318603516
2050,79.93793416023254,0.89694285,0.8969224691390991,9.573999705025926e-06,0.8969147801399231,10.305715,10.307753086090088
2051,79.97823357582092,0.89696926,0.8969314098358154,9.693422725831624e-06,0.8969147801399231,10.303074,10.306859016418457
2052,80.01757502555847,0.8969789,0.8969409465789795,8.401195373153314e-06,0.8969331979751587,10.302109,10.30590534210205
2053,80.05862426757812,0.8969789,0.8969476819038391,1.0431354894535616e-05,0.8969406485557556,10.302109,10.305231809616089
2054,80.0933940410614,0.89698946,0.8969557285308838,1.178129059553612e-05,0.8969406485557556,10.301054,10.304427146911621
2055,80.13316679000854,0.8969908,0.8969664573669434,9.577913260727655e-06,0.8969502449035645,10.300922,10.303354263305664
2056,80.17613554000854,0.89700043,0.8969747424125671,6.190873591549462e-06,0.8969692587852478,10.299957,10.302525758743286
2057,80.21662425994873,0.8970011,0.8969810009002686,6.483340257545933e-06,0.8969714641571045,10.299891,10.301899909973145
2058,80.25561213493347,0.8970078,0.8969853520393372,8.915489161154255e-06,0.8969789147377014,10.299217,10.301464796066284
2059,80.29834079742432,0.8970205,0.8969928622245789,9.59227963903686e-06,0.8969789147377014,10.297948,10.300713777542114
2060,80.34305262565613,0.8970205,0.897002100944519,5.067226084065624e-06,0.8969981670379639,10.297948,10.299789905548096
2061,80.37695050239563,0.8970205,0.8970053791999817,7.940186151245143e-06,0.8970004320144653,10.297948,10.299462080001831
2062,80.41062545776367,0.89706534,0.897011935710907,1.0237203241558746e-05,0.8970004320144653,10.293466,10.298806428909302
2063,80.45176458358765,0.89708483,0.8970231413841248,1.1537410500750411e-05,0.897014319896698,10.291517,10.297685861587524
2064,80.49214959144592,0.89708483,0.8970288634300232,1.844333928602282e-05,0.8970205187797546,10.291517,10.29711365699768
2065,80.52554440498352,0.89708483,0.8970392942428589,2.47167372435797e-05,0.8970205187797546,10.291517,10.296070575714111
2066,80.55826425552368,0.8971297,0.897062361240387,2.3784779841662385e-05,0.8970205187797546,10.287028,10.293763875961304
2067,80.59816598892212,0.8971297,0.8970829248428345,1.90074642887339e-05,0.8970653414726257,10.287028,10.291707515716553
2068,80.63066840171814,0.89713013,0.8970993757247925,2.0352275896584615e-05,0.8970848321914673,10.286987,10.290062427520752
2069,80.67010164260864,0.89713013,0.8971148133277893,2.017415317823179e-05,0.8970848321914673,10.286987,10.28851866722107
2070,80.70316362380981,0.8971429,0.897130012512207,1.4205127172317589e-06,0.8971297144889832,10.285711,10.286998748779297
2071,80.74207997322083,0.8971433,0.8971303701400757,2.5374242795805912e-06,0.8971297144889832,10.285669,10.286962985992432
2072,80.78238606452942,0.8971433,0.8971313238143921,3.919209120795131e-06,0.8971297144889832,10.285669,10.286867618560791
2073,80.81560778617859,0.8971433,0.8971331715583801,5.540669008041732e-06,0.8971301317214966,10.285669,10.286682844161987
2074,80.848384141922,0.8971433,0.8971365690231323,6.480784577433951e-06,0.8971301317214966,10.285669,10.286343097686768
2075,80.88160967826843,0.8971433,0.8971431255340576,2.1541742967201571e-07,0.8971425294876099,10.285669,10.285687446594238
2076,80.91381740570068,0.8971433,0.8971433639526367,5.960464477539063e-08,0.8971433043479919,10.285669,10.285663604736328
2077,80.94672012329102,0.897209,0.8971436023712158,4.165814971202053e-06,0.8971433043479919,10.279101,10.285639762878418
2078,80.98674535751343,0.897209,0.8971444368362427,8.243834599852562e-06,0.8971433043479919,10.279101,10.285556316375732
2079,81.01967072486877,0.897209,0.8971471190452576,1.4639997061749455e-05,0.8971433043479919,10.279101,10.285288095474243
2080,81.05308270454407,0.897209,0.8971534371376038,2.280148328281939e-05,0.8971433043479919,10.279101,10.284656286239624
2081,81.08714175224304,0.8972158,0.8971663117408752,3.004512473125942e-05,0.8971433043479919,10.278421,10.283368825912476
2082,81.12670922279358,0.8972158,0.8971918821334839,2.6999063265975565e-05,0.8971453905105591,10.278421,10.280811786651611
2083,81.160404920578,0.89725477,0.8972113132476807,5.568289452639874e-06,0.8972089886665344,10.274524,10.278868675231934
2084,81.20012736320496,0.8972617,0.8972147703170776,1.0151465176022612e-05,0.8972089886665344,10.273832,10.278522968292236
2085,81.24027299880981,0.8972617,0.8972214460372925,1.4179327081365045e-05,0.8972127437591553,10.273832,10.277855396270752
2086,81.27208662033081,0.89726543,0.8972285985946655,1.884179437183775e-05,0.8972157835960388,10.273457,10.277140140533447
2087,81.31524443626404,0.89726543,0.8972428441047668,1.9750890714931302e-05,0.8972157835960388,10.273457,10.275715589523315
2088,81.34927940368652,0.89726585,0.8972601294517517,3.913532964361366e-06,0.8972547650337219,10.273415,10.273987054824829
2089,81.39225959777832,0.89726585,0.8972633481025696,1.826084030653874e-06,0.8972616791725159,10.273415,10.273665189743042
2090,81.4263117313385,0.89726746,0.8972649574279785,1.224795028065273e-06,0.8972616791725159,10.273254,10.273504257202148
2091,81.46608686447144,0.8972677,0.8972656726837158,6.047865213076875e-07,0.8972654342651367,10.27323,10.273432731628418
2092,81.5068883895874,0.8972679,0.8972659111022949,8.097543968688115e-07,0.8972654342651367,10.273212,10.273408889770508
2093,81.54813122749329,0.8972679,0.8972665071487427,8.54179518228193e-07,0.8972656726837158,10.273212,10.273349285125732
2094,81.58176589012146,0.8972679,0.8972675204277039,4.584421446907072e-07,0.8972658514976501,10.273212,10.273247957229614
2095,81.61440944671631,0.8972679,0.897267758846283,2.024964942393126e-07,0.8972674608230591,10.273212,10.273224115371704
2096,81.64571166038513,0.8972679,0.8972679972648621,1.1920928955078125e-07,0.8972678780555725,10.273212,10.273200273513794
2097,81.68062138557434,0.8972679,0.8972679972648621,1.1920928955078125e-07,0.8972678780555725,10.273212,10.273200273513794
2098,81.71435642242432,0.8972679,0.8972679972648621,1.1920928955078125e-07,0.8972678780555725,10.273212,10.273200273513794
2099,81.74886798858643,0.8972679,0.8972679972648621,1.1920928955078125e-07,0.8972678780555725,10.273212,10.273200273513794
2100,81.78164386749268,0.8972679,0.8972679972648621,1.1920928955078125e-07,0.8972678780555725,10.273212,10.273200273513794
2101,81.8157434463501,0.8972679,0.8972679972648621,1.1920928955078125e-07,0.8972678780555725,10.273212,10.273200273513794
2102,81.84850883483887,0.8972679,0.8972679972648621,1.1920928955078125e-07,0.8972678780555725,10.273212,10.273200273513794
2103,81.88130164146423,0.8972679,0.8972679972648621,1.1920928955078125e-07,0.8972678780555725,10.273212,10.273200273513794
2104,81.91602802276611,0.8972679,0.8972679972648621,1.1920928955078125e-07,0.8972678780555725,10.273212,10.273200273513794
2105,81.94923496246338,0.897299,0.8972681164741516,1.9632977910077898e-06,0.8972678780555725,10.270101,10.273188352584839
2106,81.98981833457947,0.897299,0.8972687125205994,4.756234829983441e-06,0.8972678780555725,10.270101,10.273128747940063
2107,82.02307844161987,0.897299,0.8972705602645874,8.51986351335654e-06,0.8972678780555725,10.270101,10.27294397354126
2108,82.05485510826111,0.897299,0.8972737193107605,1.2028697710775305e-05,0.8972678780555725,10.270101,10.27262806892395
2109,82.08776116371155,0.897299,0.8972801566123962,1.5163545867835637e-05,0.8972678780555725,10.270101,10.271984338760376
2110,82.12011075019836,0.897299,0.897293210029602,1.19366650324082e-05,0.8972678780555725,10.270101,10.270678997039795
2111,82.15346240997314,0.8973025,0.89729905128479,6.572358870471362e-07,0.8972989916801453,10.269749,10.270094871520996
2112,82.19385886192322,0.89730513,0.8972992897033691,1.1076726877945475e-06,0.8972989916801453,10.269487,10.270071029663086
2113,82.23361015319824,0.89730525,0.8972998261451721,1.6162783822437632e-06,0.8972989916801453,10.269475,10.270017385482788
2114,82.27431154251099,0.8973055,0.8973009586334229,2.1177093003643677e-06,0.8972989916801453,10.269451,10.269904136657715
2115,82.31729245185852,0.89730877,0.8973029255867004,1.7416643913747976e-06,0.8972989916801453,10.269123,10.269707441329956
2116,82.35894227027893,0.89732,0.8973042368888855,2.4986156859085895e-06,0.897302508354187,10.2680025,10.26957631111145
2117,82.39947462081909,0.89732,0.8973063826560974,2.6271447950421134e-06,0.897302508354187,10.2680025,10.269361734390259
2118,82.43362236022949,0.8973235,0.8973087668418884,2.2840360998088727e-06,0.8973052501678467,10.267651,10.269123315811157
2119,82.47471475601196,0.89733225,0.8973106741905212,5.12948599862284e-06,0.8973087668418884,10.266775,10.268932580947876
2120,82.51686906814575,0.89733577,0.8973138332366943,7.698303306824528e-06,0.8973087668418884,10.266423,10.268616676330566
2121,82.55722880363464,0.89733577,0.8973207473754883,8.439092198386788e-06,0.8973087668418884,10.266423,10.267925262451172
2122,82.59094524383545,0.8973383,0.897328794002533,5.4239731070993e-06,0.8973199725151062,10.266172,10.267120599746704
2123,82.63311457633972,0.89734,0.8973343968391418,2.1061566712887725e-06,0.8973270058631897,10.266,10.266560316085815
2124,82.68933033943176,0.8973494,0.8973363637924194,1.380854769195139e-06,0.8973351120948792,10.2650585,10.266363620758057
2125,82.73525643348694,0.8973494,0.8973369598388672,2.2149604319565697e-06,0.8973357677459717,10.2650585,10.266304016113281
2126,82.76950335502625,0.89735186,0.8973385095596313,3.459357230894966e-06,0.8973357677459717,10.264814,10.266149044036865
2127,82.80963778495789,0.8973559,0.8973415493965149,4.327290298533626e-06,0.8973382711410522,10.264408,10.26584506034851
2128,82.8504900932312,0.8973559,0.8973450660705566,5.254071766103152e-06,0.8973398208618164,10.264408,10.265493392944336
2129,82.8847541809082,0.8973559,0.8973507881164551,3.044818640773883e-06,0.897342324256897,10.264408,10.264921188354492
2130,82.91693043708801,0.8973559,0.8973532319068909,2.002818746404955e-06,0.8973494172096252,10.264408,10.264676809310913
2131,82.95043325424194,0.8973559,0.897354781627655,1.2024048601233517e-06,0.89735347032547,10.264408,10.264521837234497
2132,82.98333978652954,0.8973559,0.8973559737205505,5.960464477539063e-08,0.8973559141159058,10.264408,10.264402627944946
2133,83.01608085632324,0.8973563,0.8973559737205505,6.238922622969767e-08,0.8973559141159058,10.264373,10.264402627944946
2134,83.05579710006714,0.8973563,0.8973559737205505,7.246531907867393e-08,0.8973559141159058,10.264373,10.264402627944946
2135,83.08791875839233,0.8973563,0.8973560333251953,1.3010944144298264e-07,0.8973559141159058,10.264373,10.264396667480469
2136,83.12027406692505,0.8973702,0.8973560333251953,9.067008477359195e-07,0.8973559141159058,10.262978,10.264396667480469
2137,83.16003084182739,0.89742804,0.8973565101623535,4.784412340086419e-06,0.8973559141159058,10.257196,10.264348983764648
2138,83.20040965080261,0.89742804,0.897359311580658,1.4174514035403263e-05,0.8973559141159058,10.257196,10.264068841934204
2139,83.23418617248535,0.897443,0.897365391254425,2.3524951757281087e-05,0.8973562717437744,10.2557,10.263460874557495
2140,83.27474808692932,0.897443,0.8973778486251831,3.2614520023344085e-05,0.8973562717437744,10.2557,10.26221513748169
2141,83.30931210517883,0.897443,0.8974002599716187,3.46458655258175e-05,0.8973562717437744,10.2557,10.259974002838135
2142,83.34729361534119,0.897443,0.8974297046661377,4.392066330183297e-06,0.897428035736084,10.2557,10.25702953338623
2143,83.38011693954468,0.897443,0.8974316716194153,6.033551017026184e-06,0.897428035736084,10.2557,10.256832838058472
2144,83.41383600234985,0.8974606,0.8974355459213257,7.350259693339467e-06,0.8974283933639526,10.2539425,10.256445407867432
2145,83.45535659790039,0.8974606,0.8974427580833435,2.702530537135317e-06,0.8974319100379944,10.2539425,10.25572419166565
2146,83.48926734924316,0.89749587,0.8974442481994629,5.720043645851547e-06,0.8974429965019226,10.250414,10.255575180053711
2147,83.53009676933289,0.89749587,0.897447407245636,1.1582813385757618e-05,0.8974429965019226,10.250414,10.255259275436401
2148,83.56410121917725,0.8974993,0.8974545001983643,1.8213902876595967e-05,0.8974429965019226,10.250068,10.254549980163574
2149,83.60568571090698,0.8974993,0.8974683284759521,2.046785448328592e-05,0.8974432945251465,10.250068,10.253167152404785
2150,83.63946628570557,0.8974993,0.8974894285202026,8.20116292743478e-06,0.8974751830101013,10.250068,10.251057147979736
2151,83.67764401435852,0.8974993,0.8974968194961548,1.5079126569617074e-06,0.8974958658218384,10.250068,10.250318050384521
2152,83.71188855171204,0.8974997,0.8974976539611816,1.716842803034524e-06,0.8974958658218384,10.250032,10.250234603881836
2153,83.75387573242188,0.8974997,0.8974992036819458,1.6673008929046773e-07,0.8974993228912354,10.250032,10.25007963180542
2154,83.78765654563904,0.8975026,0.8974992632865906,2.7030384330828383e-07,0.8974993228912354,10.24974,10.250073671340942
2155,83.82821655273438,0.8975026,0.8974993824958801,3.9350649672087457e-07,0.8974993228912354,10.24974,10.250061750411987
2156,83.86320734024048,0.8975026,0.8974997401237488,6.182059451020905e-07,0.8974993228912354,10.24974,10.250025987625122
2157,83.89747762680054,0.8975029,0.8975000977516174,9.630747399569373e-07,0.897499680519104,10.24971,10.249990224838257
2158,83.93950891494751,0.8975029,0.8975005745887756,1.3318760920810746e-06,0.897499680519104,10.24971,10.249942541122437
2159,83.97303533554077,0.89753777,0.8975014090538025,2.762034910119837e-06,0.897499680519104,10.246223,10.249859094619751
2160,84.01526165008545,0.89753777,0.8975032567977905,3.8049588511057664e-06,0.897502601146698,10.246223,10.249674320220947
2161,84.04826092720032,0.89754105,0.8975045680999756,7.5405264396977145e-06,0.8975028991699219,10.245895,10.249543190002441
2162,84.09008765220642,0.89754105,0.89750736951828,1.1850844202854205e-05,0.8975028991699219,10.245895,10.249263048171997
2163,84.12480068206787,0.89754105,0.8975124955177307,1.5980846001184545e-05,0.8975028991699219,10.245895,10.248750448226929
2164,84.15772724151611,0.89754105,0.8975226879119873,1.824554601626005e-05,0.8975028991699219,10.245895,10.24773120880127
2165,84.19119071960449,0.8975708,0.8975402116775513,2.576712631707778e-06,0.8975377678871155,10.242921,10.245978832244873
2166,84.23363471031189,0.8975743,0.8975419402122498,4.581149369187187e-06,0.8975410461425781,10.242569,10.245805978775024
2167,84.27632355690002,0.8975767,0.8975432515144348,7.44702674637665e-06,0.8975410461425781,10.242331,10.245674848556519
2168,84.31899237632751,0.8975776,0.8975464105606079,1.1435424312367104e-05,0.8975410461425781,10.242242,10.245358943939209
2169,84.36114859580994,0.8975776,0.8975524306297302,1.4727532288816292e-05,0.8975410461425781,10.242242,10.244756937026978
2170,84.39590907096863,0.897594,0.8975650668144226,1.4107386050454807e-05,0.8975410461425781,10.2406025,10.24349331855774
2171,84.43752837181091,0.8975948,0.8975780606269836,5.838042397954268e-06,0.8975734114646912,10.240519,10.242193937301636
2172,84.4799325466156,0.8975948,0.8975815176963806,6.869001936138375e-06,0.8975766897201538,10.240519,10.241848230361938
2173,84.51458311080933,0.8976036,0.8975870013237,7.395970897050574e-06,0.8975775837898254,10.239643,10.241299867630005
2174,84.55877113342285,0.89761674,0.8975943326950073,2.8575714168255217e-06,0.897590696811676,10.238325,10.240566730499268
2175,84.6025288105011,0.89767313,0.8975970149040222,7.978251232998446e-06,0.8975939750671387,10.232687,10.240298509597778
2176,84.64442372322083,0.89767313,0.8976010680198669,1.4094549442233983e-05,0.8975948095321655,10.232687,10.239893198013306
2177,84.67802023887634,0.89769053,0.8976105451583862,2.2796502889832482e-05,0.8975972533226013,10.230947,10.238945484161377
2178,84.72046041488647,0.8976959,0.8976263403892517,3.1465140637010336e-05,0.8976011276245117,10.23041,10.237365961074829
2179,84.7630889415741,0.8976983,0.8976535201072693,2.9758561140624806e-05,0.8976131677627563,10.230171,10.234647989273071
2180,84.80501699447632,0.89770395,0.8976800441741943,8.481290024064947e-06,0.8976719975471497,10.229606,10.231995582580566
2181,84.847421169281,0.8977252,0.8976880311965942,8.334154699696228e-06,0.8976764678955078,10.227478,10.231196880340576
2182,84.88882851600647,0.8977252,0.8976958394050598,5.809582944493741e-06,0.8976836800575256,10.227478,10.230416059494019
2183,84.922780752182,0.8977456,0.8977010250091553,6.534741714858683e-06,0.8976945877075195,10.225439,10.229897499084473
2184,84.96612977981567,0.8977456,0.8977063298225403,9.260943443223368e-06,0.8977001905441284,10.225439,10.229367017745972
2185,84.99988460540771,0.89775395,0.897713840007782,1.2841034731536638e-05,0.8977018594741821,10.224605,10.228615999221802
2186,85.04185605049133,0.8977604,0.8977256417274475,1.2146315384597983e-05,0.8977068662643433,10.223961,10.227435827255249
2187,85.08402967453003,0.89777243,0.8977383971214294,1.1214917321922258e-05,0.8977242708206177,10.222757,10.226160287857056
2188,85.12519931793213,0.8977947,0.897750973701477,1.0413057680125348e-05,0.8977371454238892,10.220528,10.224902629852295
2189,85.16824150085449,0.8978019,0.89776211977005,1.0341350389353465e-05,0.8977492451667786,10.219812,10.223788022994995
2190,85.2099871635437,0.8978019,0.8977720737457275,1.0124923392140772e-05,0.8977602124214172,10.219812,10.222792625427246
2191,85.24489760398865,0.8978256,0.8977821469306946,9.980662071029656e-06,0.8977708220481873,10.21744,10.221785306930542
2192,85.28699803352356,0.8978293,0.8977922797203064,1.0582082722976338e-05,0.8977805376052856,10.217071,10.22077202796936
2193,85.32963848114014,0.89782935,0.897802472114563,9.187968316837214e-06,0.8977929949760437,10.217065,10.219752788543701
2194,85.36942028999329,0.89783895,0.8978086709976196,1.0545709301368333e-05,0.8977989554405212,10.2161045,10.219132900238037
2195,85.41211271286011,0.89783895,0.8978177905082703,1.1212342542421538e-05,0.8978018760681152,10.2161045,10.218220949172974
2196,85.44556260108948,0.897851,0.8978292346000671,5.199995484872488e-06,0.8978192210197449,10.214901,10.217076539993286
2197,85.4875795841217,0.897851,0.8978332877159119,4.798085683432873e-06,0.8978285789489746,10.214901,10.216671228408813
2198,85.52155709266663,0.897851,0.8978384733200073,3.847093012154801e-06,0.8978323936462402,10.214901,10.216152667999268
2199,85.55624985694885,0.8978565,0.8978413939476013,4.452369012142299e-06,0.897838830947876,10.214353,10.215860605239868
2200,85.59968876838684,0.89785755,0.8978444337844849,5.46786441191216e-06,0.8978389501571655,10.214245,10.215556621551514
2201,85.64546966552734,0.8978605,0.897850513458252,3.0900059755367693e-06,0.897843599319458,10.213947,10.214948654174805
2202,85.68722701072693,0.89787054,0.8978530168533325,3.435654434724711e-06,0.8978509902954102,10.212946,10.214698314666748
2203,85.72951483726501,0.89787054,0.8978556990623474,3.950657628593035e-06,0.8978509902954102,10.212946,10.214430093765259
2204,85.76437759399414,0.89787847,0.8978592753410339,2.7784883513959358e-06,0.8978564739227295,10.212153,10.214072465896606
2205,85.80486226081848,0.89787954,0.8978612422943115,4.184872523183003e-06,0.8978593945503235,10.212046,10.213875770568848
2206,85.84495496749878,0.8978964,0.8978638648986816,6.6707198129734024e-06,0.8978596925735474,10.21036,10.213613510131836
2207,85.88688564300537,0.8978964,0.8978687524795532,8.935162441048305e-06,0.897860586643219,10.21036,10.213124752044678
2208,85.92090082168579,0.8978964,0.8978780508041382,6.144695817056345e-06,0.8978705406188965,10.21036,10.212194919586182
2209,85.95598793029785,0.8978964,0.8978826403617859,6.540025424328633e-06,0.8978785276412964,10.21036,10.211735963821411
2210,85.99151372909546,0.8978964,0.8978862762451172,8.034741767914966e-06,0.8978795409202576,10.21036,10.211372375488281
2211,86.0260853767395,0.8978964,0.8978926539421082,6.601194399991073e-06,0.8978796005249023,10.21036,10.210734605789185
2212,86.05997610092163,0.89789706,0.8978964686393738,7.038453730956462e-08,0.897896409034729,10.210294,10.210353136062622
2213,86.10173034667969,0.89789706,0.8978964686393738,8.871164425272582e-08,0.897896409034729,10.210294,10.210353136062622
2214,86.13500452041626,0.89789706,0.8978964686393738,1.2381049430132407e-07,0.897896409034729,10.210294,10.210353136062622
2215,86.1697952747345,0.89789736,0.8978965878486633,2.2977229718890158e-07,0.897896409034729,10.210264,10.210341215133667
2216,86.21119046211243,0.89789736,0.8978965878486633,2.904466498421243e-07,0.897896409034729,10.210264,10.210341215133667
2217,86.24524068832397,0.89789736,0.8978968262672424,3.2417301554232836e-07,0.897896409034729,10.210264,10.210317373275757
2218,86.27952671051025,0.89789736,0.8978970646858215,1.0887687551530689e-07,0.8978970646858215,10.210264,10.210293531417847
2219,86.31551218032837,0.89789736,0.8978971838951111,1.259919741869453e-07,0.8978970646858215,10.210264,10.210281610488892
2220,86.35016369819641,0.89789736,0.8978973031044006,1.2205464372527786e-07,0.8978970646858215,10.210264,10.210269689559937
2221,86.3857262134552,0.89789736,0.8978974223136902,8.143255314507769e-08,0.8978973031044006,10.210264,10.210257768630981
2222,86.41919994354248,0.89789736,0.8978974223136902,5.960464477539063e-08,0.8978973627090454,10.210264,10.210257768630981
2223,86.4524519443512,0.89789736,0.8978974223136902,5.960464477539063e-08,0.8978973627090454,10.210264,10.210257768630981
2224,86.48559904098511,0.89789736,0.8978974223136902,5.960464477539063e-08,0.8978973627090454,10.210264,10.210257768630981
2225,86.51889276504517,0.89789736,0.8978974223136902,5.960464477539063e-08,0.8978973627090454,10.210264,10.210257768630981
2226,86.55177354812622,0.8979032,0.8978974223136902,3.69750978279626e-07,0.8978973627090454,10.20968,10.210257768630981
2227,86.5926456451416,0.8979136,0.8978975415229797,1.3337293012227747e-06,0.8978973627090454,10.208643,10.210245847702026
2228,86.66513466835022,0.89789736,0.8947266936302185,0.0025074700824916363,0.8890378475189209,10.210264,10.52733063697815
2229,86.70712637901306,0.89789736,0.8969446420669556,0.0007227476453408599,0.8953839540481567,10.210264,10.305535793304443
2230,86.74176955223083,0.89789736,0.8975747227668762,0.0002650270180311054,0.89708411693573,10.210264,10.242527723312378
2231,86.77512383460999,0.89790416,0.8978209495544434,6.854150706203654e-05,0.8976653218269348,10.209584,10.217905044555664
2232,86.81694531440735,0.897908,0.8978801369667053,1.630545739317313e-05,0.8978287577629089,10.209203,10.211986303329468
2233,86.85702133178711,0.897908,0.897892415523529,9.751264769874979e-06,0.8978758454322815,10.209203,10.210758447647095
2234,86.89189958572388,0.897908,0.8978986740112305,2.8232486783963395e-06,0.8978973627090454,10.209203,10.210132598876953
2235,86.9264497756958,0.89791894,0.8979003429412842,4.137310952501139e-06,0.8978973627090454,10.208106,10.209965705871582
2236,86.96787571907043,0.89791894,0.8979037404060364,4.844959676120197e-06,0.8978973627090454,10.208106,10.209625959396362
2237,87.00159931182861,0.89791894,0.8979078531265259,4.114855528314365e-06,0.8979041576385498,10.208106,10.209214687347412
2238,87.03549814224243,0.8979264,0.897911548614502,3.988695880252635e-06,0.8979079723358154,10.207361,10.208845138549805
2239,87.07587695121765,0.89793324,0.8979156017303467,3.922247742593754e-06,0.8979083299636841,10.206676,10.208439826965332
2240,87.11909103393555,0.89793324,0.897918701171875,5.009634605812607e-06,0.8979147672653198,10.206676,10.2081298828125
2241,87.15400767326355,0.8979374,0.8979231715202332,5.433922524389345e-06,0.8979189395904541,10.206259,10.207682847976685
2242,87.19837594032288,0.8979374,0.8979285359382629,4.909446943202056e-06,0.8979204893112183,10.206259,10.207146406173706
2243,87.23124504089355,0.8979374,0.8979328274726868,2.846844836312812e-06,0.8979278206825256,10.206259,10.206717252731323
2244,87.2656672000885,0.8979459,0.8979352116584778,2.183739525207784e-06,0.8979332447052002,10.205412,10.206478834152222
2245,87.30961990356445,0.8979459,0.897937536239624,1.4355882740346715e-06,0.8979332447052002,10.205412,10.206246376037598
2246,87.34500217437744,0.8979459,0.8979381322860718,2.266357114422135e-06,0.8979374170303345,10.205412,10.206186771392822
2247,87.37856388092041,0.8979459,0.8979392051696777,3.4304027849429986e-06,0.8979374170303345,10.205412,10.206079483032227
2248,87.4133825302124,0.8979459,0.8979410529136658,4.197777343506459e-06,0.8979374170303345,10.205412,10.205894708633423
2249,87.44809103012085,0.8979459,0.8979446887969971,2.7886187581316335e-06,0.8979374170303345,10.205412,10.205531120300293
2250,87.48138189315796,0.8979459,0.8979457020759583,1.7881393432617188e-07,0.8979458808898926,10.205412,10.205429792404175
2251,87.51505613327026,0.8979459,0.8979457020759583,1.7881393432617188e-07,0.8979458808898926,10.205412,10.205429792404175
2252,87.54863023757935,0.8979539,0.8979457020759583,5.489994236995699e-07,0.8979458808898926,10.204607,10.205429792404175
2253,87.58812117576599,0.8979539,0.8979458212852478,1.025028382173332e-06,0.8979458808898926,10.204607,10.20541787147522
2254,87.62179207801819,0.89795846,0.8979464173316956,2.7105006665806286e-06,0.8979458808898926,10.204154,10.205358266830444
2255,87.66468596458435,0.89795846,0.8979477286338806,4.307000381231774e-06,0.8979458808898926,10.204154,10.205227136611938
2256,87.69911646842957,0.89795846,0.8979506492614746,5.799885002488736e-06,0.8979458808898926,10.204154,10.204935073852539
2257,87.73592948913574,0.8980599,0.8979564905166626,7.910618478490505e-06,0.8979458808898926,10.19401,10.20435094833374
2258,87.77801656723022,0.89807403,0.8979609608650208,1.5140459254325833e-05,0.8979584574699402,10.192596,10.203903913497925
2259,87.81999230384827,0.89807403,0.8979674577713013,2.910103285103105e-05,0.8979584574699402,10.192596,10.203254222869873
2260,87.85385775566101,0.89807403,0.8979813456535339,4.3410131183918566e-05,0.8979584574699402,10.192596,10.201865434646606
2261,87.88746309280396,0.8980913,0.898004412651062,5.30573888681829e-05,0.8979584574699402,10.190868,10.199558734893799
2262,87.92786502838135,0.8980913,0.8980538845062256,3.987566378782503e-05,0.8979747295379639,10.190868,10.194611549377441
2263,87.96273875236511,0.8981074,0.8980787992477417,7.73865122027928e-06,0.8980740308761597,10.189259,10.19212007522583
2264,88.00528693199158,0.89811224,0.8980841636657715,9.05923116079066e-06,0.8980740308761597,10.188776,10.191583633422852
2265,88.04863214492798,0.89812547,0.8980928659439087,5.238093763182405e-06,0.8980903029441833,10.187453,10.19071340560913
2266,88.09083223342896,0.89812547,0.8980962038040161,8.272960258182138e-06,0.8980913162231445,10.187453,10.190379619598389
2267,88.12608551979065,0.89813143,0.8981027603149414,1.0742539416241925e-05,0.8980913162231445,10.186857,10.18972396850586
2268,88.16713738441467,0.8981594,0.8981133103370667,1.0691708666854538e-05,0.8980950117111206,10.184061,10.188668966293335
2269,88.208993434906,0.8981712,0.8981226086616516,1.2116737707401626e-05,0.8981122374534607,10.182881,10.187739133834839
2270,88.24985122680664,0.898187,0.8981337547302246,1.2500647244451102e-05,0.8981244564056396,10.181302,10.186624526977539
2271,88.29154324531555,0.89820504,0.8981443643569946,1.772597352101002e-05,0.8981279134750366,10.179496,10.185563564300537
2272,88.33531785011292,0.8982379,0.8981608748435974,1.954837716766633e-05,0.8981454372406006,10.176211,10.183912515640259
2273,88.3767671585083,0.8982561,0.8981809616088867,2.230769496236462e-05,0.8981509208679199,10.174388,10.181903839111328
2274,88.41794013977051,0.8982843,0.8982029557228088,2.3093334675650112e-05,0.8981806635856628,10.171568,10.179704427719116
2275,88.45856094360352,0.8982982,0.8982270359992981,2.2787538910051808e-05,0.8981963396072388,10.170179,10.17729640007019
2276,88.49846625328064,0.8982982,0.898248553276062,1.7175521861645393e-05,0.8982242941856384,10.170179,10.175144672393799
2277,88.5320463180542,0.8982982,0.8982633948326111,1.7027243302436545e-05,0.8982404470443726,10.170179,10.173660516738892
2278,88.56599283218384,0.8982982,0.8982767462730408,1.6138345017679967e-05,0.8982551097869873,10.170179,10.172325372695923
2279,88.5994086265564,0.8982982,0.8982914686203003,6.993104307184694e-06,0.8982811570167542,10.170179,10.17085313796997
2280,88.63160014152527,0.8982982,0.8982977271080017,5.051390985499893e-07,0.8982971906661987,10.170179,10.170227289199829
2281,88.66471457481384,0.8982982,0.8982981443405151,5.960464477539063e-08,0.8982982039451599,10.170179,10.170185565948486
2282,88.69706797599792,0.8982982,0.8982981443405151,5.960464477539063e-08,0.8982982039451599,10.170179,10.170185565948486
2283,88.72882676124573,0.8982982,0.8982981443405151,5.960464477539063e-08,0.8982982039451599,10.170179,10.170185565948486
2284,88.76285362243652,0.89829856,0.8982981443405151,6.505472072149132e-08,0.8982982039451599,10.170144,10.170185565948486
2285,88.8030526638031,0.89829856,0.8982981443405151,7.47724797633964e-08,0.8982982039451599,10.170144,10.170185565948486
2286,88.83560466766357,0.89829856,0.8982981443405151,1.1429943924667896e-07,0.8982982039451599,10.170144,10.170185565948486
2287,88.86995339393616,0.89829856,0.8982982039451599,1.3325347936188336e-07,0.8982982039451599,10.170144,10.170179605484009
2288,88.9025354385376,0.89829856,0.8982982635498047,1.7511469252440293e-07,0.8982982039451599,10.170144,10.170173645019531
2289,88.93514466285706,0.89829856,0.8982983231544495,2.0515268772669515e-07,0.8982982039451599,10.170144,10.170167684555054
2290,88.96758460998535,0.89829856,0.8982985019683838,5.960464477539063e-08,0.8982985615730286,10.170144,10.170149803161621
2291,89.00091338157654,0.89829856,0.8982985019683838,5.960464477539063e-08,0.8982985615730286,10.170144,10.170149803161621
2292,89.03367590904236,0.89829856,0.8982985019683838,5.960464477539063e-08,0.8982985615730286,10.170144,10.170149803161621
2293,89.06633830070496,0.89830446,0.8982985019683838,3.808949315953214e-07,0.8982985615730286,10.169554,10.170149803161621
2294,89.10610961914062,0.8983133,0.8982987403869629,1.46400327594165e-06,0.8982985615730286,10.168672,10.170125961303711
2295,89.14764714241028,0.89831334,0.8982993364334106,2.8607989861484384e-06,0.8982985615730286,10.168666,10.170066356658936
2296,89.20271944999695,0.8983134,0.8983007669448853,4.680740403273376e-06,0.8982985615730286,10.168659,10.169923305511475
2297,89.24239301681519,0.8983134,0.8983035683631897,6.121551905380329e-06,0.8982985615730286,10.168659,10.16964316368103
2298,89.2760398387909,0.89831734,0.8983094692230225,4.620029812940629e-06,0.8982986807823181,10.168266,10.169053077697754
2299,89.31747007369995,0.8983255,0.8983138203620911,1.7002221284201369e-06,0.8983132839202881,10.16745,10.168617963790894
2300,89.35961818695068,0.89833313,0.8983146548271179,3.1798081181477755e-06,0.8983133435249329,10.166687,10.168534517288208
2301,89.40014123916626,0.8983332,0.8983165621757507,5.180029347684467e-06,0.8983134031295776,10.166681,10.168343782424927
2302,89.44065380096436,0.89834535,0.8983203172683716,7.11083339410834e-06,0.8983134031295776,10.165464,10.167968273162842
2303,89.48225951194763,0.89834535,0.898327112197876,7.423580882459646e-06,0.8983173370361328,10.165464,10.167288780212402
2304,89.51527428627014,0.89834595,0.8983346223831177,6.3937118284229655e-06,0.898325502872467,10.165405,10.166537761688232
2305,89.55520939826965,0.89834595,0.89834064245224,4.08191908718436e-06,0.8983331918716431,10.165405,10.165935754776001
2306,89.58786535263062,0.89834595,0.8983439207077026,1.7223843542524264e-06,0.898341953754425,10.165405,10.165607929229736
2307,89.62143421173096,0.8983595,0.8983455896377563,9.380175924889045e-07,0.8983452916145325,10.164052,10.165441036224365
2308,89.66257619857788,0.8983595,0.8983462452888489,2.2051985979487654e-06,0.8983453512191772,10.164052,10.165375471115112
2309,89.69625973701477,0.8983699,0.8983475565910339,4.476809863263043e-06,0.898345947265625,10.16301,10.165244340896606
2310,89.73605132102966,0.8983705,0.8983500599861145,6.931339157745242e-06,0.898345947265625,10.16295,10.16499400138855
2311,89.77890300750732,0.89841306,0.8983557820320129,9.009715540742036e-06,0.898345947265625,10.158693,10.164421796798706
2312,89.82552146911621,0.89841306,0.8983637094497681,6.645976100116968e-06,0.898354172706604,10.158693,10.163629055023193
2313,89.86111807823181,0.89841306,0.8983700275421143,9.72118868958205e-06,0.8983622789382935,10.158693,10.162997245788574
2314,89.89411473274231,0.8984207,0.8983760476112366,1.419175896444358e-05,0.8983699083328247,10.15793,10.162395238876343
2315,89.93679237365723,0.898423,0.8983839750289917,1.995453203562647e-05,0.8983705043792725,10.157699,10.16160249710083
2316,89.97649025917053,0.8984295,0.8983981609344482,2.1556314095505513e-05,0.8983722925186157,10.157049,10.160183906555176
2317,90.0174081325531,0.8984319,0.8984174132347107,4.45111800218001e-06,0.8984130620956421,10.156811,10.15825867652893
2318,90.05680251121521,0.8984319,0.8984219431877136,2.484888909748406e-06,0.898419976234436,10.156811,10.157805681228638
2319,90.08903050422668,0.8984319,0.8984239101409912,3.3598425943637267e-06,0.8984206914901733,10.156811,10.157608985900879
2320,90.12164974212646,0.8984319,0.8984262347221375,3.7801064536324702e-06,0.8984230160713196,10.156811,10.157376527786255
2321,90.1548388004303,0.8984319,0.8984296917915344,2.8083293273084564e-06,0.8984230756759644,10.156811,10.157030820846558
2322,90.1896333694458,0.8984365,0.8984318375587463,2.9939738510620373e-07,0.8984318375587463,10.156351,10.156816244125366
2323,90.22927284240723,0.8984365,0.8984318971633911,5.037853156864003e-07,0.8984318971633911,10.156351,10.156810283660889
2324,90.2635269165039,0.89843893,0.8984321355819702,1.2306688859098358e-06,0.8984318971633911,10.156107,10.156786441802979
2325,90.30490708351135,0.89843893,0.8984327912330627,2.193566388086765e-06,0.8984318971633911,10.156107,10.156720876693726
2326,90.33930563926697,0.89843965,0.8984343409538269,3.0635553684987826e-06,0.8984318971633911,10.156035,10.15656590461731
2327,90.38003540039062,0.89843965,0.8984367847442627,2.8345489226921927e-06,0.8984318971633911,10.156035,10.15632152557373
2328,90.41341924667358,0.89843965,0.8984391689300537,2.754391346115881e-07,0.8984389305114746,10.156035,10.156083106994629
2329,90.44621515274048,0.89843965,0.8984392285346985,3.312242427000456e-07,0.8984389305114746,10.156035,10.156077146530151
2330,90.4796314239502,0.89843965,0.8984392285346985,3.6489575450104894e-07,0.8984389305114746,10.156035,10.156077146530151
2331,90.51198840141296,0.89843965,0.8984395265579224,1.1920928955078125e-07,0.8984396457672119,10.156035,10.156047344207764
2332,90.54483795166016,0.89843965,0.8984395265579224,1.1920928955078125e-07,0.8984396457672119,10.156035,10.156047344207764
2333,90.57755422592163,0.89843965,0.8984395265579224,1.1920928955078125e-07,0.8984396457672119,10.156035,10.156047344207764
2334,90.61118960380554,0.89843965,0.8984395265579224,1.1920928955078125e-07,0.8984396457672119,10.156035,10.156047344207764
2335,90.64422535896301,0.89843965,0.8984395265579224,1.1920928955078125e-07,0.8984396457672119,10.156035,10.156047344207764
2336,90.67504858970642,0.89843965,0.8984395265579224,1.1920928955078125e-07,0.8984396457672119,10.156035,10.156047344207764
2337,90.70745706558228,0.89843965,0.8984395265579224,1.1920928955078125e-07,0.8984396457672119,10.156035,10.156047344207764
2338,90.74139738082886,0.89843965,0.8984395265579224,1.1920928955078125e-07,0.8984396457672119,10.156035,10.156047344207764
2339,90.77506279945374,0.8984442,0.8984395265579224,3.16652204901402e-07,0.8984396457672119,10.155582,10.156047344207764
2340,90.81623077392578,0.8984442,0.8984395861625671,4.139629936616984e-07,0.8984396457672119,10.155582,10.156041383743286
2341,90.85198616981506,0.8984442,0.8984397053718567,8.045153663260862e-07,0.8984396457672119,10.155582,10.156029462814331
2342,90.88600158691406,0.8984442,0.8984399437904358,1.339244363407488e-06,0.8984396457672119,10.155582,10.156005620956421
2343,90.91907143592834,0.89844596,0.8984405398368835,1.8754730035652756e-06,0.8984396457672119,10.155403,10.155946016311646
2344,90.95832586288452,0.89844614,0.8984416127204895,2.2959743546380196e-06,0.8984396457672119,10.155386,10.15583872795105
2345,90.99730038642883,0.89844614,0.8984439373016357,1.3037624739808962e-06,0.8984396457672119,10.155386,10.155606269836426
2346,91.03054666519165,0.89844614,0.8984445333480835,7.163185955505469e-07,0.8984441757202148,10.155386,10.15554666519165
2347,91.06337332725525,0.898448,0.8984448909759521,9.163670142697811e-07,0.8984441757202148,10.155201,10.155510902404785
2348,91.10934066772461,0.898448,0.8984456658363342,8.88240606400359e-07,0.8984441757202148,10.155201,10.155433416366577
2349,91.1444833278656,0.898448,0.8984463810920715,7.268277499861142e-07,0.8984459638595581,10.155201,10.155361890792847
2350,91.17782425880432,0.8984483,0.8984469175338745,9.167260373033059e-07,0.8984461426734924,10.155171,10.155308246612549
2351,91.21749520301819,0.8984483,0.8984476923942566,6.250878641367308e-07,0.8984461426734924,10.155171,10.15523076057434
2352,91.25019073486328,0.8984483,0.8984480500221252,9.52515932794995e-08,0.8984479904174805,10.155171,10.155194997787476
2353,91.28412246704102,0.8984483,0.8984480500221252,1.2805344340449665e-07,0.8984479904174805,10.155171,10.155194997787476
2354,91.31723952293396,0.89844835,0.89844810962677,1.5402110875584185e-07,0.8984479904174805,10.155165,10.155189037322998
2355,91.38497853279114,0.8984483,0.8945045471191406,0.0034100229386240244,0.8880206346511841,10.155171,10.549545288085938
2356,91.4256181716919,0.8984785,0.8975453972816467,0.0007720622234046459,0.8958958983421326,10.152149,10.245460271835327
2357,91.46701240539551,0.8984785,0.8982235789299011,0.0002066945016849786,0.8977136015892029,10.152149,10.177642107009888
2358,91.49997758865356,0.8984935,0.898400068283081,5.483677887241356e-05,0.898281991481781,10.150647,10.159993171691895
2359,91.53981590270996,0.8984935,0.8984490036964417,1.6622167095192708e-05,0.8984119296073914,10.150647,10.155099630355835
2360,91.57330894470215,0.8984935,0.8984610438346863,1.4934126738808118e-05,0.8984482884407043,10.150647,10.153895616531372
2361,91.60578465461731,0.8984939,0.8984745144844055,1.1936088412767276e-05,0.8984482884407043,10.150612,10.152548551559448
2362,91.64580392837524,0.8985029,0.8984844088554382,7.374985216301866e-06,0.8984785079956055,10.149712,10.151559114456177
2363,91.68634581565857,0.8985029,0.8984907269477844,6.064860826882068e-06,0.8984788656234741,10.149712,10.150927305221558
2364,91.72027134895325,0.8985291,0.8984941840171814,2.6231548417854356e-06,0.8984935283660889,10.147089,10.15058159828186
2365,91.76040744781494,0.8985291,0.8984950184822083,4.615180387190776e-06,0.8984938859939575,10.147089,10.150498151779175
2366,91.79409146308899,0.8985291,0.8984972834587097,8.1338175732526e-06,0.8984938859939575,10.147089,10.150271654129028
2367,91.82757425308228,0.89853275,0.8985018134117126,1.1659251867968123e-05,0.8984938859939575,10.146725,10.149818658828735
2368,91.86599326133728,0.8985331,0.898511528968811,1.2418792721291538e-05,0.8984938859939575,10.146689,10.148847103118896
2369,91.9065191745758,0.8985385,0.8985220193862915,1.1423749128880445e-05,0.8985028862953186,10.1461525,10.14779806137085
2370,91.94795298576355,0.8985385,0.8985310792922974,4.0621757761982735e-06,0.8985241055488586,10.1461525,10.146892070770264
2371,91.98258876800537,0.8985385,0.8985344171524048,2.362147824896965e-06,0.8985326886177063,10.1461525,10.146558284759521
2372,92.01544284820557,0.8985385,0.898535966873169,2.61884792962519e-06,0.8985331058502197,10.1461525,10.146403312683105
2373,92.04882597923279,0.89854723,0.8985384702682495,5.738328923143854e-07,0.8985381126403809,10.145277,10.146152973175049
2374,92.08933448791504,0.89854723,0.8985386490821838,1.224274797095859e-06,0.8985384702682495,10.145277,10.146135091781616
2375,92.12218260765076,0.8985907,0.8985392451286316,3.926779754692689e-06,0.8985384702682495,10.140932,10.14607548713684
2376,92.16180443763733,0.8985907,0.8985406160354614,6.414290510292631e-06,0.8985384702682495,10.140932,10.145938396453857
2377,92.19479322433472,0.89860225,0.8985444903373718,1.2403746040945407e-05,0.8985384702682495,10.139775,10.145550966262817
2378,92.2361409664154,0.89861095,0.898552656173706,1.8342145267524756e-05,0.8985384702682495,10.138905,10.144734382629395
2379,92.27856397628784,0.89861095,0.8985626101493835,2.4867938918760046e-05,0.8985472321510315,10.138905,10.143738985061646
2380,92.31254410743713,0.89861095,0.8985798954963684,2.8735816158587113e-05,0.8985472321510315,10.138905,10.14201045036316
2381,92.34816837310791,0.89861095,0.8986077308654785,4.313759291107999e-06,0.89859938621521,10.138905,10.139226913452148
2382,92.38108158111572,0.89861095,0.8986110091209412,5.960464477539063e-08,0.8986109495162964,10.138905,10.138899087905884
2383,92.41509461402893,0.89861095,0.8986110091209412,5.960464477539063e-08,0.8986109495162964,10.138905,10.138899087905884
2384,92.44798111915588,0.89861095,0.8986110091209412,5.960464477539063e-08,0.8986109495162964,10.138905,10.138899087905884
2385,92.48106718063354,0.89861095,0.8986110091209412,5.960464477539063e-08,0.8986109495162964,10.138905,10.138899087905884
2386,92.51417779922485,0.89861387,0.8986110091209412,1.9013133112366631e-07,0.8986109495162964,10.138613,10.138899087905884
2387,92.55499005317688,0.89861387,0.8986110687255859,4.12627343848726e-07,0.8986109495162964,10.138613,10.138893127441406
2388,92.58889055252075,0.8986178,0.898611307144165,9.204779871652136e-07,0.8986109495162964,10.13822,10.138869285583496
2389,92.63227200508118,0.8986178,0.8986117839813232,1.5224784419842763e-06,0.8986109495162964,10.13822,10.138821601867676
2390,92.68062686920166,0.8986202,0.8986127376556396,2.107196223732899e-06,0.8986109495162964,10.137981,10.138726234436035
2391,92.72359848022461,0.8986207,0.8986148834228516,2.017889300987008e-06,0.8986138701438904,10.137928,10.138511657714844
2392,92.76332211494446,0.8986207,0.8986164927482605,2.7467920062917983e-06,0.8986138701438904,10.137928,10.13835072517395
2393,92.79821467399597,0.8986207,0.8986193537712097,1.3541009593609488e-06,0.8986173272132874,10.137928,10.138064622879028
2394,92.83136987686157,0.8986207,0.8986204862594604,2.6868883651332e-07,0.8986201882362366,10.137928,10.137951374053955
2395,92.8638846874237,0.8986207,0.8986206650733948,5.960464477539063e-08,0.8986207246780396,10.137928,10.137933492660522
2396,92.89663577079773,0.8986207,0.8986206650733948,5.960464477539063e-08,0.8986207246780396,10.137928,10.137933492660522
2397,92.93005132675171,0.8986314,0.8986207246780396,6.734359203619533e-07,0.8986207246780396,10.136861,10.137927532196045
2398,92.970618724823,0.8986314,0.8986207246780396,9.52382208652125e-07,0.8986207246780396,10.136861,10.137927532196045
2399,93.00432181358337,0.8986314,0.8986210823059082,1.9839130800392013e-06,0.8986207246780396,10.136861,10.13789176940918
2400,93.03826141357422,0.8986314,0.8986219167709351,3.4108741147065302e-06,0.8986207246780396,10.136861,10.137808322906494
2401,93.07078170776367,0.8986314,0.8986234068870544,4.650341907108668e-06,0.8986207246780396,10.136861,10.137659311294556
2402,93.10366249084473,0.8986314,0.8986263275146484,5.317327122611459e-06,0.8986207246780396,10.136861,10.137367248535156
2403,93.13650131225586,0.8986314,0.8986313939094543,0.0,0.8986313939094543,10.136861,10.136860609054565
2404,93.16956353187561,0.89863217,0.8986313939094543,4.890875260343819e-08,0.8986313939094543,10.136784,10.136860609054565
2405,93.20968437194824,0.89863217,0.8986313939094543,1.0936329886135354e-07,0.8986313939094543,10.136784,10.136860609054565
2406,93.24295997619629,0.89863217,0.8986314535140991,1.9483753987969976e-07,0.8986313939094543,10.136784,10.136854648590088
2407,93.27686357498169,0.89863217,0.8986315131187439,2.978807174258691e-07,0.8986313939094543,10.136784,10.13684868812561
2408,93.31148743629456,0.89863217,0.8986316919326782,3.780414488119277e-07,0.8986313939094543,10.136784,10.136830806732178
2409,93.34632277488708,0.8986468,0.8986320495605469,9.802637350730947e-07,0.8986313939094543,10.135323,10.136795043945312
2410,93.38612008094788,0.8986468,0.8986322283744812,1.2995760698686354e-06,0.8986321687698364,10.135323,10.13677716255188
2411,93.41904735565186,0.8986468,0.8986326456069946,2.715600430747145e-06,0.8986321687698364,10.135323,10.136735439300537
2412,93.45229697227478,0.8986469,0.898633599281311,4.420657205628231e-06,0.8986321687698364,10.135311,10.136640071868896
2413,93.49322557449341,0.8986469,0.8986355662345886,6.214351742528379e-06,0.8986321687698364,10.135311,10.136443376541138
2414,93.52599501609802,0.8986469,0.898639440536499,7.333890152949607e-06,0.8986321687698364,10.135311,10.136055946350098
2415,93.55885863304138,0.8986478,0.898646891117096,9.480475426926205e-08,0.8986467719078064,10.1352215,10.135310888290405
2416,93.59828591346741,0.8986478,0.8986470699310303,1.9861485611727403e-07,0.898646891117096,10.1352215,10.135293006896973
2417,93.63132119178772,0.8986478,0.8986470699310303,2.2813402722476894e-07,0.898646891117096,10.1352215,10.135293006896973
2418,93.66411828994751,0.8986478,0.898647129535675,3.065683245040418e-07,0.898646891117096,10.1352215,10.135287046432495
2419,93.69747757911682,0.8986478,0.8986471891403198,3.7555278709078266e-07,0.898646891117096,10.1352215,10.135281085968018
2420,93.72980213165283,0.8986478,0.8986473679542542,3.662798633286002e-07,0.898646891117096,10.1352215,10.135263204574585
2421,93.7623553276062,0.8986497,0.8986476063728333,1.9976954490630305e-07,0.8986476063728333,10.135031,10.135239362716675
2422,93.80081367492676,0.8986498,0.8986476063728333,2.926555850990553e-07,0.8986477851867676,10.135019,10.135239362716675
2423,93.84019160270691,0.8986498,0.8986477255821228,4.840696306018799e-07,0.8986477851867676,10.135019,10.13522744178772
2424,93.87312817573547,0.8986703,0.8986479640007019,1.586257553753967e-06,0.8986477851867676,10.132969,10.13520359992981
2425,93.91177082061768,0.89867234,0.8986487984657288,3.251285761507461e-06,0.8986477851867676,10.132766,10.135120153427124
2426,93.950514793396,0.89867294,0.8986510038375854,5.778285867563682e-06,0.8986477851867676,10.132706,10.134899616241455
2427,93.99221897125244,0.89867496,0.8986545205116272,8.831866580294445e-06,0.8986498117446899,10.1325035,10.13454794883728
2428,94.03465580940247,0.89867496,0.8986595273017883,1.0832126463355962e-05,0.8986498117446899,10.1325035,10.134047269821167
2429,94.0698230266571,0.898691,0.8986691832542419,7.295418527064612e-06,0.8986498117446899,10.1309,10.133081674575806
2430,94.11035513877869,0.89871174,0.8986731171607971,3.085848675254965e-06,0.898672342300415,10.128826,10.132688283920288
2431,94.15070652961731,0.89871174,0.8986743092536926,4.956439624947961e-06,0.898672342300415,10.128826,10.132569074630737
2432,94.18460988998413,0.8987144,0.8986780643463135,1.0375337296864018e-05,0.8986729383468628,10.128557,10.132193565368652
2433,94.22519421577454,0.8987145,0.8986837267875671,1.5299860024242662e-05,0.8986749649047852,10.1285515,10.131627321243286
2434,94.26625633239746,0.8987213,0.8986935615539551,1.8345746866543777e-05,0.8986750841140747,10.127872,10.130643844604492
2435,94.3088116645813,0.8987213,0.898712158203125,5.427567884908058e-06,0.8986930847167969,10.127872,10.1287841796875
2436,94.34408402442932,0.8987213,0.8987149596214294,1.7843298110165051e-06,0.8987143635749817,10.127872,10.128504037857056
2437,94.3785171508789,0.89872134,0.8987157940864563,2.6422446808282984e-06,0.8987144231796265,10.127867,10.12842059135437
2438,94.4203290939331,0.89872134,0.8987177014350891,3.1830445550440345e-06,0.8987144827842712,10.127867,10.128229856491089
2439,94.4547815322876,0.89872134,0.898720920085907,5.400182772063999e-07,0.8987180590629578,10.127867,10.127907991409302
2440,94.4878580570221,0.89872134,0.8987212777137756,1.7432483900847728e-07,0.8987208008766174,10.127867,10.127872228622437
2441,94.52077078819275,0.89872384,0.8987213969230652,1.7865555435037095e-07,0.8987212777137756,10.127616,10.127860307693481
2442,94.56095862388611,0.89872384,0.8987213969230652,2.736605040354334e-07,0.8987213373184204,10.127616,10.127860307693481
2443,94.59432125091553,0.89873856,0.8987215757369995,1.2203549886180554e-06,0.8987213373184204,10.126143,10.127842426300049
2444,94.63496422767639,0.8987596,0.898722231388092,3.8104278701212024e-06,0.8987213373184204,10.12404,10.127776861190796
2445,94.67564845085144,0.89876205,0.8987244367599487,8.041829460125882e-06,0.8987213373184204,10.1237955,10.127556324005127
2446,94.71591854095459,0.89876205,0.8987286686897278,1.2212047295179218e-05,0.8987213373184204,10.1237955,10.127133131027222
2447,94.75001120567322,0.89876205,0.8987360000610352,1.605497527634725e-05,0.898723840713501,10.1237955,10.126399993896484
2448,94.7836446762085,0.89876205,0.8987491130828857,1.474464443163015e-05,0.898723840713501,10.1237955,10.125088691711426
2449,94.8169276714325,0.89876205,0.8987607955932617,1.2224960528328666e-06,0.8987596035003662,10.1237955,10.123920440673828
2450,94.85057592391968,0.89876205,0.8987619876861572,5.960464477539063e-08,0.898762047290802,10.1237955,10.123801231384277
2451,94.88373947143555,0.89876205,0.8987619876861572,5.960464477539063e-08,0.898762047290802,10.1237955,10.123801231384277
2452,94.91689348220825,0.89876205,0.8987619876861572,5.960464477539063e-08,0.898762047290802,10.1237955,10.123801231384277
2453,94.94962692260742,0.89876205,0.8987619876861572,5.960464477539063e-08,0.898762047290802,10.1237955,10.123801231384277
2454,94.98290944099426,0.89876866,0.8987619876861572,4.25545891857837e-07,0.898762047290802,10.123134,10.123801231384277
2455,95.02348971366882,0.89876866,0.898762047290802,7.233139740492334e-07,0.898762047290802,10.123134,10.1237952709198
2456,95.0561671257019,0.89876866,0.8987622261047363,1.2289424375921953e-06,0.898762047290802,10.123134,10.123777389526367
2457,95.09025049209595,0.89876866,0.8987627625465393,2.0078989564353833e-06,0.898762047290802,10.123134,10.12372374534607
2458,95.15003228187561,0.89878356,0.8950328826904297,0.00306383753195405,0.8880851864814758,10.121643,10.496711730957031
2459,95.18963503837585,0.8987863,0.8976560831069946,0.0009314531926065683,0.8957435488700867,10.121369,10.234391689300537
2460,95.23046159744263,0.8987896,0.8984806537628174,0.0002462618867866695,0.8980079889297485,10.121041,10.151934623718262
2461,95.27138423919678,0.8987896,0.8987018465995789,8.419221558142453e-05,0.898518979549408,10.121041,10.129815340042114
2462,95.30584621429443,0.8987896,0.8987764716148376,1.6800402590888552e-05,0.8987382650375366,10.121041,10.122352838516235
2463,95.3387656211853,0.8987896,0.8987854719161987,2.1790515347674955e-06,0.8987829685211182,10.121041,10.121452808380127
2464,95.37407350540161,0.8987896,0.8987874388694763,1.473454858569312e-06,0.898786187171936,10.121041,10.121256113052368
2465,95.40742349624634,0.8987906,0.8987887501716614,1.20573463391338e-06,0.8987863063812256,10.12094,10.121124982833862
2466,95.44823789596558,0.8987907,0.8987894654273987,2.276993029681762e-07,0.8987895846366882,10.120928,10.121053457260132
2467,95.48868012428284,0.8987907,0.8987895846366882,2.8600234713849204e-07,0.8987895846366882,10.120928,10.121041536331177
2468,95.52105736732483,0.8987907,0.8987895846366882,4.48295594424053e-07,0.8987895846366882,10.120928,10.121041536331177
2469,95.55435228347778,0.89879173,0.8987899422645569,5.605632509286806e-07,0.8987895846366882,10.120827,10.121005773544312
2470,95.59510803222656,0.89883226,0.8987905979156494,2.6759682896226877e-06,0.8987895846366882,10.116774,10.120940208435059
2471,95.634761095047,0.89885545,0.898792028427124,7.513292075600475e-06,0.8987905979156494,10.114455,10.120797157287598
2472,95.6758348941803,0.89885545,0.8987950682640076,1.3053985639999155e-05,0.898790717124939,10.114455,10.120493173599243
2473,95.70937418937683,0.8989041,0.8988023996353149,2.162336022593081e-05,0.898790717124939,10.1095915,10.119760036468506
2474,95.75073647499084,0.8989041,0.8988144397735596,2.8929624022566713e-05,0.8987917304039001,10.1095915,10.118556022644043
2475,95.78391313552856,0.89890474,0.8988393545150757,2.9091797841829248e-05,0.8987917304039001,10.109526,10.116064548492432
2476,95.82369899749756,0.89890474,0.8988654613494873,2.6063939003506675e-05,0.8988393545150757,10.109526,10.11345386505127
2477,95.85657835006714,0.89890474,0.8988906145095825,1.9874878489645198e-05,0.898855447769165,10.109526,10.110938549041748
2478,95.88977861404419,0.898928,0.8989043831825256,2.6064119538204977e-06,0.8989030718803406,10.107202,10.109561681747437
2479,95.93065428733826,0.898928,0.898905336856842,4.57701071354677e-06,0.8989040851593018,10.107202,10.109466314315796
2480,95.96292448043823,0.89893,0.8989076614379883,7.801157153153326e-06,0.8989047408103943,10.106998,10.109233856201172
2481,96.0014898777008,0.89893,0.8989116549491882,1.0862783710763324e-05,0.8989047408103943,10.106998,10.108834505081177
2482,96.03413772583008,0.89893,0.8989195823669434,1.1718442692654207e-05,0.8989047408103943,10.106998,10.108041763305664
2483,96.06737399101257,0.89893,0.8989291787147522,7.986441232787911e-07,0.8989279866218567,10.106998,10.10708212852478
2484,96.10110831260681,0.89893,0.8989297747612,2.8409058927536535e-07,0.8989291191101074,10.106998,10.107022523880005
2485,96.13498163223267,0.89893,0.8989298939704895,1.1920928955078125e-07,0.898930013179779,10.106998,10.10701060295105
2486,96.16883087158203,0.89893,0.8989298939704895,1.1920928955078125e-07,0.898930013179779,10.106998,10.10701060295105
2487,96.20329546928406,0.89893,0.8989298939704895,1.1920928955078125e-07,0.898930013179779,10.106998,10.10701060295105
2488,96.23663473129272,0.89893,0.8989298939704895,1.1920928955078125e-07,0.898930013179779,10.106998,10.10701060295105
2489,96.26966047286987,0.89893,0.8989298939704895,1.1920928955078125e-07,0.898930013179779,10.106998,10.10701060295105
2490,96.30392003059387,0.89893,0.8989298939704895,1.1920928955078125e-07,0.898930013179779,10.106998,10.10701060295105
2491,96.33789944648743,0.8989301,0.8989298939704895,1.195057564018498e-07,0.898930013179779,10.106993,10.10701060295105
2492,96.37829637527466,0.89893854,0.8989298939704895,5.585965823229344e-07,0.898930013179779,10.106146,10.10701060295105
2493,96.4180588722229,0.89893854,0.8989300727844238,1.3037624739808962e-06,0.898930013179779,10.106146,10.106992721557617
2494,96.45250010490417,0.8989482,0.8989312052726746,3.859717708110111e-06,0.898930013179779,10.105181,10.106879472732544
2495,96.49340152740479,0.8989482,0.8989330530166626,5.957585017313249e-06,0.898930013179779,10.105181,10.10669469833374
2496,96.52873015403748,0.8989482,0.898937463760376,7.363117674685782e-06,0.898930013179779,10.105181,10.106253623962402
2497,96.5617823600769,0.8989482,0.8989447951316833,3.903323431586614e-06,0.8989385366439819,10.105181,10.105520486831665
2498,96.5962028503418,0.8989839,0.8989477157592773,2.3764614525134675e-06,0.8989468812942505,10.10161,10.105228424072266
2499,96.63619875907898,0.89900017,0.8989488482475281,4.555527539196191e-06,0.8989480137825012,10.099983,10.105115175247192
2500,96.67716836929321,0.899046,0.8989505767822266,1.0581027709122282e-05,0.8989481925964355,10.0954,10.104942321777344
2501,96.7166998386383,0.899056,0.898957371711731,2.5111730792559683e-05,0.8989481925964355,10.0943985,10.104262828826904
2502,96.75603771209717,0.899056,0.8989705443382263,3.770948387682438e-05,0.8989481925964355,10.0943985,10.102945566177368
2503,96.79249215126038,0.899056,0.8989971876144409,4.492123480304144e-05,0.8989481925964355,10.0943985,10.100281238555908
2504,96.82633662223816,0.899056,0.8990403413772583,1.8640908820088953e-05,0.8989902138710022,10.0943985,10.09596586227417
2505,96.85876893997192,0.8991846,0.899052619934082,9.553181371302344e-06,0.899046003818512,10.081541,10.094738006591797
2506,96.89901423454285,0.8991846,0.8990581631660461,1.6100630091386847e-05,0.8990560173988342,10.081541,10.094183683395386
2507,96.93177437782288,0.8991846,0.8990632891654968,2.9479328077286482e-05,0.8990560173988342,10.081541,10.093671083450317
2508,96.96439671516418,0.8991947,0.8990753293037415,4.6147204557200894e-05,0.8990560173988342,10.080528,10.092467069625854
2509,97.00390934944153,0.8991947,0.8990998864173889,6.207092519616708e-05,0.8990560173988342,10.080528,10.090011358261108
2510,97.03722739219666,0.8991947,0.8991472721099854,6.166596722323447e-05,0.8990560173988342,10.080528,10.085272789001465
2511,97.0705246925354,0.89924055,0.8991919159889221,5.3581647989631165e-06,0.8991845846176147,10.075945,10.080808401107788
2512,97.11109495162964,0.89924055,0.8991950750350952,4.513679868978215e-06,0.8991939425468445,10.075945,10.080492496490479
2513,97.14433884620667,0.89924055,0.8991966843605042,8.534717380825896e-06,0.8991947174072266,10.075945,10.080331563949585
2514,97.179527759552,0.8992408,0.8992003202438354,1.409313153999392e-05,0.8991947174072266,10.075921,10.079967975616455
2515,97.22148704528809,0.8992408,0.8992061614990234,1.845592851168476e-05,0.8991947174072266,10.075921,10.079383850097656
2516,97.25384759902954,0.89924085,0.8992177248001099,2.0213326934026554e-05,0.8991947174072266,10.075914,10.078227519989014
2517,97.2951226234436,0.89924085,0.8992357850074768,7.0081673584354576e-06,0.8992254734039307,10.075914,10.07642149925232
2518,97.32933354377747,0.89924085,0.8992406725883484,1.2124016279813077e-07,0.8992405533790588,10.075914,10.075932741165161
2519,97.3637683391571,0.89924085,0.8992407321929932,6.870544666526257e-08,0.8992407917976379,10.075914,10.075926780700684
2520,97.39737701416016,0.89933145,0.8992410898208618,5.710571713279933e-06,0.8992407917976379,10.0668545,10.075891017913818
2521,97.4375650882721,0.89933145,0.8992419242858887,9.650112588133197e-06,0.8992407917976379,10.0668545,10.075807571411133
2522,97.47023940086365,0.89933145,0.8992440700531006,1.5603049178025685e-05,0.8992408514022827,10.0668545,10.075592994689941
2523,97.50261163711548,0.89933145,0.8992512822151184,2.691515146580059e-05,0.8992408514022827,10.0668545,10.07487177848816
2524,97.53571915626526,0.89933145,0.8992640376091003,3.6044966691406444e-05,0.8992408514022827,10.0668545,10.073596239089966
2525,97.56919169425964,0.89933145,0.8992915153503418,3.751075564650819e-05,0.8992408514022827,10.0668545,10.07084846496582
2526,97.60277771949768,0.89933145,0.8993248343467712,1.1787418770836666e-05,0.8992973566055298,10.0668545,10.067516565322876
2527,97.6361174583435,0.89933145,0.8993313908576965,5.960464477539063e-08,0.8993314504623413,10.0668545,10.066860914230347
2528,97.66876292228699,0.89933145,0.8993313908576965,5.960464477539063e-08,0.8993314504623413,10.0668545,10.066860914230347
2529,97.70123720169067,0.89933145,0.8993313908576965,5.960464477539063e-08,0.8993314504623413,10.0668545,10.066860914230347
2530,97.73504567146301,0.89933145,0.8993313908576965,5.960464477539063e-08,0.8993314504623413,10.0668545,10.066860914230347
2531,97.76850533485413,0.89933145,0.8993313908576965,5.960464477539063e-08,0.8993314504623413,10.0668545,10.066860914230347
2532,97.80195307731628,0.8993585,0.8993315100669861,1.7053198462235741e-06,0.8993314504623413,10.064149,10.066848993301392
2533,97.84110903739929,0.8993585,0.8993319869041443,4.135002654948039e-06,0.8993314504623413,10.064149,10.066801309585571
2534,97.87481570243835,0.8993586,0.8993338346481323,7.731175173830707e-06,0.8993314504623413,10.064143,10.066616535186768
2535,97.91534280776978,0.8993586,0.8993369340896606,1.088978024199605e-05,0.8993314504623413,10.064143,10.066306591033936
2536,97.94641518592834,0.8993586,0.8993419408798218,1.3194005987315904e-05,0.8993314504623413,10.064143,10.065805912017822
2537,97.97911310195923,0.8993586,0.8993531465530396,1.0894295883190352e-05,0.8993314504623413,10.064143,10.064685344696045
2538,98.01166009902954,0.8993586,0.8993586301803589,1.0275729067643624e-07,0.8993585109710693,10.064143,10.064136981964111
2539,98.04523921012878,0.89935863,0.8993586301803589,7.882709240902841e-08,0.8993585109710693,10.0641365,10.064136981964111
2540,98.08521556854248,0.89935863,0.8993586301803589,5.924737322970941e-08,0.8993585705757141,10.0641365,10.064136981964111
2541,98.11849856376648,0.8993592,0.8993586301803589,6.94736996820211e-08,0.8993585705757141,10.064077,10.064136981964111
2542,98.1581974029541,0.89938104,0.899358868598938,1.6930538322412758e-06,0.8993585705757141,10.061895,10.064113140106201
2543,98.19820261001587,0.899387,0.8993594646453857,4.053137672599405e-06,0.8993585705757141,10.0613,10.064053535461426
2544,98.23868131637573,0.89938706,0.8993616700172424,7.566980912088184e-06,0.8993585705757141,10.061294,10.063832998275757
2545,98.28141045570374,0.89938706,0.8993659019470215,1.0792667126224842e-05,0.8993586301803589,10.061294,10.063409805297852
2546,98.3155312538147,0.89938706,0.8993746042251587,1.079756020772038e-05,0.8993586301803589,10.061294,10.06253957748413
2547,98.35039234161377,0.8994204,0.8993842601776123,4.2640799620130565e-06,0.8993810415267944,10.057962,10.06157398223877
2548,98.39129400253296,0.8994343,0.8993887305259705,6.494946774182608e-06,0.8993810415267944,10.056567,10.061126947402954
2549,98.4317421913147,0.899459,0.8993921875953674,1.1359642485331278e-05,0.8993870615959167,10.0541,10.060781240463257
2550,98.4715313911438,0.8994621,0.8994002938270569,1.9170889572706074e-05,0.8993870615959167,10.053789,10.059970617294312
2551,98.51249670982361,0.8994702,0.8994162082672119,2.405766826996114e-05,0.8993957042694092,10.0529785,10.058379173278809
2552,98.55290484428406,0.89947367,0.8994380831718445,2.186153142247349e-05,0.8994017243385315,10.052633,10.056191682815552
2553,98.59578895568848,0.8994967,0.8994583487510681,9.201763532473706e-06,0.8994408845901489,10.050333,10.054165124893188
2554,98.63699626922607,0.8995142,0.8994660973548889,7.354036370088579e-06,0.8994590044021606,10.04858,10.053390264511108
2555,98.67715525627136,0.8995177,0.8994727730751038,7.764646397845354e-06,0.8994630575180054,10.048228,10.052722692489624
2556,98.71847820281982,0.8995177,0.8994786143302917,1.1144832569698337e-05,0.8994736671447754,10.048228,10.052138566970825
2557,98.75051665306091,0.8995247,0.8994865417480469,1.6402922483393922e-05,0.8994736671447754,10.047531,10.051345825195312
2558,98.79261803627014,0.8995457,0.8995006084442139,1.8164802895626053e-05,0.8994767665863037,10.045427,10.049939155578613
2559,98.83253312110901,0.8995488,0.899519145488739,9.711442544357851e-06,0.899502694606781,10.045117,10.048085451126099
2560,98.87432551383972,0.8995488,0.8995259404182434,1.0852189006982371e-05,0.8995177149772644,10.045117,10.04740595817566
2561,98.9068660736084,0.8995488,0.8995340466499329,1.2080128726665862e-05,0.8995208144187927,10.045117,10.046595335006714
2562,98.93990278244019,0.8995535,0.8995458483695984,3.3529993288539117e-06,0.8995386958122253,10.044652,10.045415163040161
2563,98.9809045791626,0.8995566,0.8995487093925476,1.1579913916648366e-06,0.8995457291603088,10.044342,10.04512906074524
2564,99.02142071723938,0.8995566,0.8995493054389954,1.8046424656859017e-06,0.8995488286018372,10.044342,10.045069456100464
2565,99.05492997169495,0.8995566,0.8995503187179565,2.817727136061876e-06,0.8995488286018372,10.044342,10.044968128204346
2566,99.08815598487854,0.8995602,0.899552047252655,3.4974013942701276e-06,0.8995488286018372,10.043979,10.044795274734497
2567,99.12980604171753,0.8995602,0.8995555639266968,1.5137468380999053e-06,0.8995513916015625,10.043979,10.044443607330322
2568,99.16294002532959,0.8995602,0.8995566368103027,8.159577191690914e-07,0.899556577205658,10.043979,10.044336318969727
2569,99.19526982307434,0.8995602,0.8995570540428162,1.3635306004289305e-06,0.899556577205658,10.043979,10.044294595718384
2570,99.22791147232056,0.8995602,0.8995576500892639,1.7465904420532752e-06,0.899556577205658,10.043979,10.044234991073608
2571,99.26162886619568,0.8995602,0.8995588421821594,1.7074764855351532e-06,0.899556577205658,10.043979,10.044115781784058
2572,99.2979691028595,0.8995602,0.8995600342750549,1.7881393432617188e-07,0.8995602130889893,10.043979,10.043996572494507
2573,99.33257007598877,0.8995602,0.8995600342750549,1.7881393432617188e-07,0.8995602130889893,10.043979,10.043996572494507
2574,99.3665862083435,0.8995602,0.8995600342750549,1.7881393432617188e-07,0.8995602130889893,10.043979,10.043996572494507
2575,99.39977502822876,0.8995602,0.8995600342750549,1.7881393432617188e-07,0.8995602130889893,10.043979,10.043996572494507
2576,99.43264484405518,0.8995602,0.8995600342750549,1.7881393432617188e-07,0.8995602130889893,10.043979,10.043996572494507
2577,99.46569395065308,0.8995602,0.8995600342750549,1.7881393432617188e-07,0.8995602130889893,10.043979,10.043996572494507
2578,99.49753618240356,0.8995602,0.8995600342750549,1.7881393432617188e-07,0.8995602130889893,10.043979,10.043996572494507
2579,99.52810502052307,0.8995602,0.8995600342750549,1.7881393432617188e-07,0.8995602130889893,10.043979,10.043996572494507
2580,99.56149363517761,0.8995602,0.8995600342750549,1.7881393432617188e-07,0.8995602130889893,10.043979,10.043996572494507
2581,99.59508061408997,0.8995602,0.8995600342750549,1.7881393432617188e-07,0.8995602130889893,10.043979,10.043996572494507
2582,99.62673091888428,0.89956355,0.8995600938796997,2.485338939095527e-07,0.8995602130889893,10.043645,10.04399061203003
2583,99.66759133338928,0.89956355,0.8995600938796997,3.9608784163647215e-07,0.8995602130889893,10.043645,10.04399061203003
2584,99.69900822639465,0.89956355,0.8995602130889893,6.987593224039301e-07,0.8995602130889893,10.043645,10.043978691101074
2585,99.73177862167358,0.89956355,0.8995604515075684,1.0946420161417336e-06,0.8995602130889893,10.043645,10.043954849243164
2586,99.76563215255737,0.89956355,0.8995609879493713,1.4810839275014587e-06,0.8995602130889893,10.043645,10.043901205062866
2587,99.79803586006165,0.89956355,0.8995620012283325,1.6575713743804954e-06,0.8995602130889893,10.043645,10.043799877166748
2588,99.83181500434875,0.8995766,0.899563729763031,8.320018878293922e-07,0.8995635509490967,10.042339,10.0436270236969
2589,99.87092328071594,0.8995766,0.8995638489723206,1.4256152098823804e-06,0.8995635509490967,10.042339,10.043615102767944
2590,99.9038233757019,0.8995799,0.899564266204834,2.8090623800380854e-06,0.8995635509490967,10.042011,10.043573379516602
2591,99.94347667694092,0.8995799,0.8995655179023743,4.897451162833022e-06,0.8995635509490967,10.042011,10.043448209762573
2592,99.9751398563385,0.8995799,0.8995678424835205,6.911689979460789e-06,0.8995635509490967,10.042011,10.04321575164795
2593,100.0073311328888,0.8995799,0.8995723128318787,7.794894372636918e-06,0.8995635509490967,10.042011,10.042768716812134
2594,100.04016947746277,0.8995799,0.8995794653892517,1.1221801514693652e-06,0.8995766043663025,10.042011,10.042053461074829
2595,100.0729410648346,0.8995799,0.8995798826217651,0.0,0.8995798826217651,10.042011,10.042011737823486
2596,100.10601043701172,0.8995799,0.8995798826217651,0.0,0.8995798826217651,10.042011,10.042011737823486
2597,100.13872146606445,0.8995799,0.8995798826217651,0.0,0.8995798826217651,10.042011,10.042011737823486
2598,100.17175364494324,0.8995799,0.8995798826217651,0.0,0.8995798826217651,10.042011,10.042011737823486
2599,100.20358467102051,0.8995799,0.8995798826217651,0.0,0.8995798826217651,10.042011,10.042011737823486
2600,100.23693823814392,0.8995832,0.8995798826217651,2.106838650206555e-07,0.8995798826217651,10.041677,10.042011737823486
2601,100.27894997596741,0.8995832,0.8995799422264099,4.664384221086948e-07,0.8995798826217651,10.041677,10.042005777359009
2602,100.31359314918518,0.8995844,0.899580180644989,9.233528999175178e-07,0.8995798826217651,10.041559,10.041981935501099
2603,100.3568377494812,0.8995844,0.8995805382728577,1.3413485930868774e-06,0.8995798826217651,10.041559,10.041946172714233
2604,100.39414715766907,0.8995952,0.8995813727378845,2.0064478576387046e-06,0.8995798826217651,10.04048,10.041862726211548
2605,100.46144390106201,0.89959174,0.8953577876091003,0.0033923794981092215,0.8881648778915405,10.040826,10.464221239089966
2606,100.50193119049072,0.89959174,0.8983122706413269,0.0010890671983361244,0.8960492610931396,10.040826,10.16877293586731
2607,100.5357608795166,0.89959294,0.8992544412612915,0.0003309824096504599,0.8985365033149719,10.040707,10.07455587387085
2608,100.57809042930603,0.8995952,0.8995417356491089,5.3742875024909154e-05,0.899398684501648,10.04048,10.045826435089111
2609,100.61956477165222,0.89960045,0.8995844125747681,4.9011377996066585e-06,0.8995786905288696,10.039955,10.041558742523193
2610,100.6620032787323,0.8996037,0.8995883464813232,5.389570105762687e-06,0.8995832204818726,10.039627,10.041165351867676
2611,100.71121048927307,0.8996037,0.8995937705039978,4.368900590634439e-06,0.8995884656906128,10.039627,10.04062294960022
2612,100.74566459655762,0.8996037,0.8995976448059082,4.5514816520153545e-06,0.8995919227600098,10.039627,10.04023551940918
2613,100.77968883514404,0.8996037,0.8996018171310425,2.872173354262486e-06,0.8995952010154724,10.039627,10.039818286895752
2614,100.81380271911621,0.8996037,0.8996037840843201,5.960464477539063e-08,0.8996037244796753,10.039627,10.039621591567993
2615,100.84639954566956,0.8996037,0.8996037840843201,5.960464477539063e-08,0.8996037244796753,10.039627,10.039621591567993
2616,100.87790632247925,0.8996037,0.8996037840843201,5.960464477539063e-08,0.8996037244796753,10.039627,10.039621591567993
2617,100.93701672554016,0.8996386,0.8961905241012573,0.0026827952824532986,0.8906551599502563,10.03614,10.380947589874268
2618,100.97756052017212,0.8996386,0.8986164927482605,0.0008144641178660095,0.896896481513977,10.03614,10.13835072517395
2619,101.00968599319458,0.8996386,0.8993014693260193,0.00030615259311161935,0.8986755609512329,10.03614,10.069853067398071
2620,101.04328894615173,0.8996386,0.8995687961578369,6.831154314568266e-05,0.8993945121765137,10.03614,10.043120384216309
2621,101.0768072605133,0.8996386,0.8996215462684631,1.7642065358813852e-05,0.8995946645736694,10.03614,10.037845373153687
2622,101.11075162887573,0.8997233,0.8996370434761047,6.832873623352498e-06,0.8996273279190063,10.027671,10.036295652389526
2623,101.1525719165802,0.8997233,0.8996394872665405,9.204805792251136e-06,0.8996385931968689,10.027671,10.036051273345947
2624,101.18560838699341,0.8997233,0.8996425271034241,1.8067074051941745e-05,0.8996385931968689,10.027671,10.035747289657593
2625,101.21871566772461,0.8997673,0.899649441242218,3.0526629416272044e-05,0.8996385931968689,10.023272,10.035055875778198
2626,101.25917100906372,0.8997673,0.8996666073799133,4.6658882638439536e-05,0.8996385931968689,10.023272,10.033339262008667
2627,101.32028937339783,0.8997233,0.8958075642585754,0.003190698567777872,0.8889912962913513,10.027671,10.419243574142456
2628,101.36623620986938,0.89974165,0.8985688090324402,0.0008954190998338163,0.8967017531394958,10.025835,10.143119096755981
2629,101.40822410583496,0.8997673,0.8993757367134094,0.00027952692471444607,0.8987529277801514,10.023272,10.062426328659058
2630,101.45005083084106,0.8997673,0.899614691734314,8.336247992701828e-05,0.8994604349136353,10.023272,10.038530826568604
2631,101.48438024520874,0.8997673,0.8996838331222534,5.769146446255036e-05,0.8996108770370483,10.023272,10.031616687774658
2632,101.51747059822083,0.8997673,0.8997389078140259,2.440877324261237e-05,0.899680495262146,10.023272,10.026109218597412
2633,101.55096459388733,0.8997673,0.8997611999511719,9.888922249956522e-06,0.8997416496276855,10.023272,10.023880004882812
2634,101.583261013031,0.8997673,0.899767279624939,0.0,0.899767279624939,10.023272,10.023272037506104
2635,101.61531567573547,0.8997673,0.899767279624939,0.0,0.899767279624939,10.023272,10.023272037506104
2636,101.64734435081482,0.8997673,0.899767279624939,0.0,0.899767279624939,10.023272,10.023272037506104
2637,101.6811203956604,0.8997673,0.899767279624939,0.0,0.899767279624939,10.023272,10.023272037506104
2638,101.7141764163971,0.8997673,0.899767279624939,0.0,0.899767279624939,10.023272,10.023272037506104
2639,101.74721074104309,0.8997673,0.899767279624939,0.0,0.899767279624939,10.023272,10.023272037506104
2640,101.77910566329956,0.8997673,0.899767279624939,0.0,0.899767279624939,10.023272,10.023272037506104
2641,101.81258654594421,0.8997886,0.8997673988342285,1.5038168612591107e-06,0.899767279624939,10.021138,10.023260116577148
2642,101.85207271575928,0.899789,0.8997678756713867,3.2413588542112848e-06,0.899767279624939,10.021103,10.023212432861328
2643,101.89172554016113,0.899789,0.8997691869735718,5.8787800298887305e-06,0.899767279624939,10.021103,10.023081302642822
2644,101.9244155883789,0.8997938,0.8997722268104553,8.615868864580989e-06,0.899767279624939,10.020619,10.022777318954468
2645,101.96386218070984,0.89981216,0.8997782468795776,1.0893418220803142e-05,0.899767279624939,10.018784,10.022175312042236
2646,102.00541138648987,0.8998122,0.8997899293899536,7.412152626784518e-06,0.8997750878334045,10.018778,10.021007061004639
2647,102.04577207565308,0.8998122,0.8997955918312073,9.010372195916716e-06,0.8997889757156372,10.018778,10.020440816879272
2648,102.07947754859924,0.8998271,0.8998041152954102,8.892771802493371e-06,0.8997901678085327,10.017288,10.019588470458984
2649,102.12293910980225,0.8998617,0.8998135924339294,4.638306563720107e-06,0.899811863899231,10.01383,10.018640756607056
2650,102.16439318656921,0.8998617,0.8998156785964966,6.465421392931603e-06,0.8998122215270996,10.01383,10.018432140350342
2651,102.19775128364563,0.8998701,0.8998194336891174,9.195864549838006e-06,0.8998122215270996,10.01299,10.018056631088257
2652,102.23955631256104,0.8998717,0.8998265266418457,1.2003442861896474e-05,0.8998173475265503,10.012829,10.01734733581543
2653,102.28122210502625,0.89987653,0.8998344540596008,1.58014809130691e-05,0.8998222351074219,10.012346,10.016554594039917
2654,102.32356643676758,0.8998769,0.8998444676399231,2.0808951376238838e-05,0.8998271226882935,10.012311,10.01555323600769
2655,102.36597442626953,0.8999199,0.8998635411262512,1.6931426216615364e-05,0.8998271226882935,10.008007,10.013645887374878
2656,102.40576434135437,0.89992416,0.8998771905899048,8.808051461528521e-06,0.8998700976371765,10.007584,10.012280941009521
2657,102.47495484352112,0.89995015,0.8958078622817993,0.0032656926196068525,0.88909912109375,10.004986,10.419213771820068
2658,102.51485967636108,0.8999974,0.8986064791679382,0.0010460983030498028,0.8965420722961426,10.000258,10.139352083206177
2659,102.55565977096558,0.8999974,0.8995476961135864,0.00034490632242523134,0.8987001180648804,10.000258,10.045230388641357
2660,102.58911418914795,0.8999974,0.8998488187789917,0.00010478730109753087,0.8995606899261475,10.000258,10.01511812210083
2661,102.6226646900177,0.8999978,0.8999301791191101,4.194211942376569e-05,0.8998584151268005,10.000223,10.00698208808899
2662,102.675865650177,0.8999978,0.8999642133712769,2.1388766981544904e-05,0.8999501466751099,10.000223,10.003578662872314
2663,102.72219514846802,0.8999978,0.8999789357185364,2.271496668981854e-05,0.8999504446983337,10.000223,10.002106428146362
2664,102.75937151908875,0.8999978,0.8999975323677063,1.692368130079558e-07,0.8999974131584167,10.000223,10.00024676322937
2665,102.79381060600281,0.8999978,0.8999976515769958,1.6116149481604225e-07,0.8999974131584167,10.000223,10.000234842300415
2666,102.82810926437378,0.90002155,0.8999978303909302,1.4985414509283146e-06,0.8999977707862854,9.997845,10.000216960906982
2667,102.86755013465881,0.90002185,0.8999980092048645,2.5957026537071215e-06,0.8999977707862854,9.997815,10.00019907951355
2668,102.90702486038208,0.90002185,0.8999987244606018,4.674850515584694e-06,0.8999977707862854,9.997815,10.00012755393982
2669,102.9397222995758,0.9000219,0.9000005722045898,7.767617717036046e-06,0.8999977707862854,9.997808,9.999942779541016
2670,102.97929191589355,0.9000219,0.9000038504600525,1.0452267815708183e-05,0.8999977707862854,9.997808,9.999614953994751
2671,103.01305079460144,0.9000572,0.900010347366333,1.2323518603807315e-05,0.8999977707862854,9.99428,9.9989652633667
2672,103.0533275604248,0.9000615,0.9000222682952881,4.714737315225648e-06,0.9000215530395508,9.993851,9.997773170471191
2673,103.0936849117279,0.90008557,0.9000238180160522,8.97758945939131e-06,0.9000218510627747,9.991444,9.997618198394775
2674,103.13331198692322,0.9000856,0.9000280499458313,1.572398468852043e-05,0.9000218510627747,9.991437,9.99719500541687
2675,103.17340636253357,0.9000856,0.9000372290611267,2.3308935851673596e-05,0.9000218510627747,9.991437,9.996277093887329
2676,103.2053530216217,0.9000856,0.900056779384613,2.5336072212667204e-05,0.9000219106674194,9.991437,9.994322061538696
2677,103.23855757713318,0.9000856,0.900079607963562,1.0253883374389261e-05,0.9000614881515503,9.991437,9.992039203643799
2678,103.27165508270264,0.9000856,0.9000855088233948,1.0809404926703792e-07,0.9000855684280396,9.991437,9.991449117660522
2679,103.30657243728638,0.9000856,0.9000855684280396,5.960464477539063e-08,0.9000856280326843,9.991437,9.991443157196045
2680,103.34200263023376,0.9000856,0.9000855684280396,5.960464477539063e-08,0.9000856280326843,9.991437,9.991443157196045
2681,103.37599301338196,0.9000856,0.9000855684280396,5.960464477539063e-08,0.9000856280326843,9.991437,9.991443157196045
2682,103.40948987007141,0.9000856,0.9000855684280396,5.960464477539063e-08,0.9000856280326843,9.991437,9.991443157196045
2683,103.44209575653076,0.9000856,0.9000855684280396,5.960464477539063e-08,0.9000856280326843,9.991437,9.991443157196045
2684,103.47638821601868,0.9000856,0.9000855684280396,5.960464477539063e-08,0.9000856280326843,9.991437,9.991443157196045
2685,103.51042675971985,0.9000856,0.9000855684280396,5.960464477539063e-08,0.9000856280326843,9.991437,9.991443157196045
2686,103.54400396347046,0.9000864,0.9000855684280396,7.945306634837834e-08,0.9000856280326843,9.99136,9.991443157196045
2687,103.58278727531433,0.9000869,0.9000855684280396,1.508173141928637e-07,0.9000856280326843,9.991312,9.991443157196045
2688,103.62739038467407,0.90009516,0.9000856876373291,7.531756409662194e-07,0.9000856280326843,9.990483,9.99143123626709
2689,103.67462158203125,0.90009516,0.9000860452651978,1.4262282093113754e-06,0.9000856280326843,9.990483,9.991395473480225
2690,103.70983576774597,0.90009516,0.9000869393348694,2.48199512498104e-06,0.9000856280326843,9.990483,9.991306066513062
2691,103.74367690086365,0.9000965,0.9000887870788574,3.1466859127249336e-06,0.9000856280326843,9.990353,9.991121292114258
2692,103.78470516204834,0.9000994,0.9000911116600037,3.5503151138982503e-06,0.9000868797302246,9.990061,9.990888833999634
2693,103.82443332672119,0.9000994,0.9000943899154663,3.0787766718276544e-06,0.9000898599624634,9.990061,9.99056100845337
2694,103.85783243179321,0.9001118,0.9000970125198364,1.8641256929186056e-06,0.9000951647758484,9.988821,9.990298748016357
2695,103.89649152755737,0.9001118,0.9000985622406006,1.9523251921782503e-06,0.9000964760780334,9.988821,9.990143775939941
2696,103.95711946487427,0.9001009,0.8959566950798035,0.0035103033296763897,0.8883544206619263,9.989911,10.404330492019653
2697,103.99608588218689,0.9001026,0.8989661335945129,0.0009570762049406767,0.8964992761611938,9.989738,10.103386640548706
2698,104.03575158119202,0.90010387,0.8997938632965088,0.00027838582172989845,0.8992449045181274,9.989614,10.020613670349121
2699,104.07630729675293,0.90010387,0.9000411629676819,5.6267079344252124e-05,0.8999038934707642,9.989614,9.995883703231812
2700,104.10935091972351,0.90011626,0.9000892043113708,1.9289776901132427e-05,0.9000428915023804,9.988374,9.991079568862915
2701,104.14920330047607,0.90012074,0.9001027345657349,3.0765738756599603e-06,0.9000993967056274,9.9879265,9.989726543426514
2702,104.1890025138855,0.90012515,0.9001054763793945,4.642436579160858e-06,0.9001038670539856,9.987486,9.989452362060547
2703,104.23069667816162,0.9001252,0.9001081585884094,7.55888913772651e-06,0.9001038670539856,9.987479,9.989184141159058
2704,104.26935935020447,0.9001252,0.9001136422157288,9.078638868231792e-06,0.9001038670539856,9.987479,9.988635778427124
2705,104.30451512336731,0.9001252,0.9001225233078003,3.836136329482542e-06,0.9001162648200989,9.987479,9.98774766921997
2706,104.33724212646484,0.9001252,0.9001252055168152,4.6459888380923076e-08,0.9001251459121704,9.987479,9.987479448318481
2707,104.37087416648865,0.9001252,0.90012526512146,7.420241132649608e-08,0.9001251459121704,9.987479,9.987473487854004
2708,104.4055323600769,0.9001252,0.90012526512146,5.960464477539063e-08,0.9001252055168152,9.987479,9.987473487854004
2709,104.4396026134491,0.9001252,0.90012526512146,5.960464477539063e-08,0.9001252055168152,9.987479,9.987473487854004
2710,104.47344517707825,0.9001252,0.90012526512146,5.960464477539063e-08,0.9001252055168152,9.987479,9.987473487854004
2711,104.5058844089508,0.9001252,0.90012526512146,5.960464477539063e-08,0.9001252055168152,9.987479,9.987473487854004
2712,104.53807258605957,0.9001252,0.90012526512146,5.960464477539063e-08,0.9001252055168152,9.987479,9.987473487854004
2713,104.57194638252258,0.9001252,0.90012526512146,5.960464477539063e-08,0.9001252055168152,9.987479,9.987473487854004
2714,104.63385462760925,0.9001252,0.896741509437561,0.0029636616818606853,0.8894484043121338,9.987479,10.325849056243896
2715,104.67437481880188,0.9001252,0.8991817235946655,0.000777894223574549,0.8976772427558899,9.987479,10.081827640533447
2716,104.70974063873291,0.9001252,0.899864912033081,0.00021963751350995153,0.8993836045265198,9.987479,10.013508796691895
2717,104.74317479133606,0.9001252,0.9000458121299744,7.341735908994451e-05,0.899899423122406,9.987479,9.995418787002563
2718,104.77689695358276,0.90015405,0.9001118540763855,2.900996150856372e-05,0.900032103061676,9.984594,9.98881459236145
2719,104.81796669960022,0.90015405,0.9001255631446838,2.8858789846708532e-06,0.9001252055168152,9.984594,9.987443685531616
2720,104.85088300704956,0.90015405,0.900126576423645,5.927301117480965e-06,0.9001252055168152,9.984594,9.987342357635498
2721,104.88553380966187,0.90015405,0.9001291990280151,9.630691238271538e-06,0.9001252055168152,9.984594,9.987080097198486
2722,104.91989493370056,0.90015405,0.9001337885856628,1.2869523743574973e-05,0.9001252055168152,9.984594,9.986621141433716
2723,104.95345163345337,0.9001654,0.9001432657241821,1.3582560313807335e-05,0.9001252055168152,9.983462,9.985673427581787
2724,104.99430584907532,0.9001654,0.9001542925834656,1.419386308043613e-06,0.9001540541648865,9.983462,9.984570741653442
2725,105.02771162986755,0.9001654,0.9001548886299133,2.9220448141131783e-06,0.9001540541648865,9.983462,9.984511137008667
2726,105.06139039993286,0.9001654,0.9001561403274536,4.382636689115316e-06,0.9001540541648865,9.983462,9.984385967254639
2727,105.0925076007843,0.9001678,0.9001585245132446,5.518056696018903e-06,0.9001540541648865,9.983217,9.984147548675537
2728,105.13227939605713,0.9001684,0.9001632332801819,4.5315432544157375e-06,0.9001540541648865,9.983158,9.983676671981812
2729,105.17350149154663,0.9001684,0.9001656770706177,6.94324342020991e-07,0.9001653790473938,9.983158,9.983432292938232
2730,105.20712566375732,0.9001684,0.9001659154891968,1.058328962244559e-06,0.9001653790473938,9.983158,9.983408451080322
2731,105.24196004867554,0.9001708,0.9001665711402893,1.4509047332467162e-06,0.9001653790473938,9.98292,9.98334288597107
2732,105.28190684318542,0.9001708,0.9001678824424744,1.3634631841341616e-06,0.9001653790473938,9.98292,9.983211755752563
2733,105.3169755935669,0.9001708,0.9001689553260803,1.1135829254271812e-06,0.9001678228378296,9.98292,9.983104467391968
2734,105.35120058059692,0.90017086,0.900169849395752,1.1916297353309346e-06,0.9001684188842773,9.982914,9.983015060424805
2735,105.38962173461914,0.90017086,0.9001709222793579,1.1831542678919504e-07,0.9001708030700684,9.982914,9.982907772064209
2736,105.42283892631531,0.9001759,0.9001709818840027,3.5788502827927005e-07,0.9001708030700684,9.982407,9.982901811599731
2737,105.46305775642395,0.9001759,0.9001709818840027,4.72738037160525e-07,0.9001708030700684,9.982407,9.982901811599731
2738,105.49553036689758,0.9001759,0.900171160697937,9.130439480031782e-07,0.9001708030700684,9.982407,9.982883930206299
2739,105.52908134460449,0.9001763,0.9001714587211609,1.5438804439327214e-06,0.9001708030700684,9.982371,9.982854127883911
2740,105.57041788101196,0.9001763,0.9001721143722534,2.19801904677297e-06,0.9001708626747131,9.982371,9.982788562774658
2741,105.60454082489014,0.9001763,0.9001734852790833,2.5941385501937475e-06,0.9001708626747131,9.982371,9.982651472091675
2742,105.63868141174316,0.900177,0.9001761078834534,1.967172806871531e-07,0.900175929069519,9.9823,9.982389211654663
2743,105.67931127548218,0.900177,0.9001761674880981,1.9610472179465432e-07,0.900175929069519,9.9823,9.982383251190186
2744,105.71199607849121,0.900177,0.9001762270927429,2.5931984737326275e-07,0.9001762866973877,9.9823,9.982377290725708
2745,105.7468523979187,0.900177,0.9001764059066772,3.186462436133297e-07,0.9001762866973877,9.9823,9.982359409332275
2746,105.78182363510132,0.900177,0.9001766443252563,3.370068384356273e-07,0.9001762866973877,9.9823,9.982335567474365
2747,105.81616187095642,0.900211,0.9001771211624146,2.1414025468402542e-06,0.9001769423484802,9.978903,9.982287883758545
2748,105.85804104804993,0.90021175,0.9001778364181519,5.227916517469566e-06,0.900177001953125,9.978825,9.982216358184814
2749,105.89788031578064,0.9002234,0.900180459022522,1.0949996976705734e-05,0.900177001953125,9.977663,9.981954097747803
2750,105.93795943260193,0.9002234,0.9001852869987488,1.631614941288717e-05,0.900177001953125,9.977663,9.981471300125122
2751,105.97204399108887,0.9002234,0.9001963138580322,2.0698713342426345e-05,0.900177001953125,9.977663,9.980368614196777
2752,106.00608611106873,0.9002234,0.9002155065536499,1.1653733054117765e-05,0.900177001953125,9.977663,9.97844934463501
2753,106.03946614265442,0.9002489,0.9002236723899841,2.0526235857687425e-06,0.9002233743667603,9.975111,9.977632761001587
2754,106.08070850372314,0.9002489,0.9002244472503662,4.347489266365301e-06,0.9002233743667603,9.975111,9.977555274963379
2755,106.11565589904785,0.9002562,0.9002264738082886,7.701148206251673e-06,0.9002233743667603,9.974379,9.977352619171143
2756,106.15829682350159,0.9002562,0.900230348110199,1.0848755664483178e-05,0.9002233743667603,9.974379,9.976965188980103
2757,106.19124674797058,0.9002691,0.9002385139465332,1.2092661563656293e-05,0.9002233743667603,9.973091,9.97614860534668
2758,106.23170065879822,0.9002691,0.9002501368522644,3.5673158436111407e-06,0.9002481698989868,9.973091,9.97498631477356
2759,106.29221391677856,0.9002931,0.8967799544334412,0.0026156401727348566,0.891168475151062,9.970689,10.322004556655884
2760,106.33519387245178,0.9002931,0.899099588394165,0.000954186194576323,0.8969739079475403,9.970689,10.090041160583496
2761,106.36859393119812,0.9003004,0.8999487161636353,0.00030619348399341106,0.8993893265724182,9.969961,10.005128383636475
2762,106.41093373298645,0.9003009,0.9002248644828796,5.712617712561041e-05,0.9000614881515503,9.969908,9.977513551712036
2763,106.44966244697571,0.9003009,0.9002713561058044,2.3495294954045676e-05,0.9002293944358826,9.969908,9.972864389419556
2764,106.48435425758362,0.90032464,0.9002945423126221,3.7731431348220212e-06,0.9002910852432251,9.967536,9.970545768737793
2765,106.52527689933777,0.90032464,0.9002968668937683,4.7448511395487e-06,0.9002930521965027,9.967536,9.970313310623169
2766,106.55828332901001,0.90033394,0.9003012180328369,6.466935701610055e-06,0.9002931118011475,9.966606,9.969878196716309
2767,106.59969186782837,0.9003342,0.9003048539161682,9.770277756615542e-06,0.9003003835678101,9.966582,9.969514608383179
2768,106.64195680618286,0.9003348,0.9003110527992249,1.3790284356218763e-05,0.900300920009613,9.966522,9.968894720077515
2769,106.68456149101257,0.9003356,0.900322675704956,1.3303950254339725e-05,0.900300920009613,9.966439,9.967732429504395
2770,106.72624802589417,0.9003777,0.9003334641456604,5.140423127159011e-06,0.900326669216156,9.962231,9.96665358543396
2771,106.76723384857178,0.9003985,0.9003377556800842,1.0930973985523451e-05,0.9003342390060425,9.960151,9.966224431991577
2772,106.80836510658264,0.90039873,0.9003431797027588,1.7357397155137733e-05,0.9003347158432007,9.960127,9.965682029724121
2773,106.84912729263306,0.90039885,0.9003535509109497,2.263276110170409e-05,0.9003347754478455,9.960115,9.96464490890503
2774,106.8906626701355,0.90040565,0.9003742933273315,1.6696016245987266e-05,0.9003356099128723,9.959435,9.962570667266846
2775,106.93120384216309,0.90040565,0.9003860950469971,1.0081747859658208e-05,0.9003778696060181,9.959435,9.961390495300293
2776,106.9646430015564,0.9004061,0.9003949761390686,7.99397184891859e-06,0.9003779292106628,9.959388,9.96050238609314
2777,107.00726890563965,0.9004061,0.9003996849060059,2.4437267711618915e-06,0.9003983736038208,9.959388,9.960031509399414
2778,107.0413670539856,0.9004061,0.9004009366035461,3.1243091598298633e-06,0.9003987312316895,9.959388,9.959906339645386
2779,107.07524561882019,0.9004061,0.9004032611846924,3.2081431982078357e-06,0.900398850440979,9.959388,9.959673881530762
2780,107.10888075828552,0.9004172,0.9004058837890625,7.508322710236826e-07,0.9004056453704834,9.958279,9.95941162109375
2781,107.14913368225098,0.90042406,0.9004061818122864,1.8565438040241133e-06,0.9004056453704834,9.957594,9.959381818771362
2782,107.19038581848145,0.9004288,0.9004070162773132,3.965035830333363e-06,0.9004061222076416,9.957123,9.959298372268677
2783,107.23101663589478,0.9004548,0.9004092812538147,7.471662684110925e-06,0.9004061222076416,9.954518,9.95907187461853
2784,107.27100110054016,0.90049434,0.900413990020752,1.172159409179585e-05,0.9004061222076416,9.950566,9.958600997924805
2785,107.31384563446045,0.90049577,0.9004248976707458,1.4998350707173813e-05,0.9004061222076416,9.950423,9.957510232925415
2786,107.35541534423828,0.90049577,0.9004371762275696,2.006999602599535e-05,0.9004268646240234,9.950423,9.956282377243042
2787,107.38930344581604,0.90049654,0.9004510641098022,2.8080687116016634e-05,0.9004287719726562,9.950346,9.954893589019775
2788,107.4304039478302,0.90055215,0.9004747867584229,2.4367418518522754e-05,0.9004287719726562,9.944784,9.952521324157715
2789,107.4718267917633,0.90055215,0.9004958271980286,6.3771417444513645e-06,0.9004886746406555,9.944784,9.950417280197144
2790,107.50543928146362,0.9005536,0.9004981517791748,1.1030803761968855e-05,0.9004957675933838,9.944641,9.95018482208252
2791,107.54655814170837,0.9005544,0.9005030989646912,1.844706457632128e-05,0.9004957675933838,9.944558,9.949690103530884
2792,107.58626198768616,0.9005575,0.9005119800567627,2.4956367269624025e-05,0.9004957675933838,9.944248,9.94880199432373
2793,107.62565755844116,0.9005583,0.9005286693572998,2.7856460292241536e-05,0.9004965424537659,9.944171,9.94713306427002
2794,107.66830635070801,0.9005583,0.9005547761917114,1.685754341451684e-06,0.9005521535873413,9.944171,9.944522380828857
2795,107.70291519165039,0.9005583,0.9005561470985413,1.6749449969211128e-06,0.9005544185638428,9.944171,9.944385290145874
2796,107.73881101608276,0.9005583,0.9005576968193054,7.155228445299144e-07,0.9005544185638428,9.944171,9.944230318069458
2797,107.77168345451355,0.9005583,0.9005582928657532,3.207161398677272e-07,0.9005575180053711,9.944171,9.944170713424683
2798,107.80519819259644,0.9005583,0.9005584120750427,1.1920928955078125e-07,0.9005582928657532,9.944171,9.944158792495728
2799,107.8385238647461,0.9005583,0.9005584120750427,1.1920928955078125e-07,0.9005582928657532,9.944171,9.944158792495728
2800,107.87228608131409,0.9005583,0.9005584120750427,1.1920928955078125e-07,0.9005582928657532,9.944171,9.944158792495728
2801,107.90515851974487,0.90055877,0.9005584120750427,1.2109413205507735e-07,0.9005582928657532,9.944123,9.944158792495728
2802,107.94439744949341,0.90055877,0.9005584120750427,1.2658040304813767e-07,0.9005582928657532,9.944123,9.944158792495728
2803,107.97779703140259,0.90055877,0.9005584120750427,1.4493063815734786e-07,0.9005582928657532,9.944123,9.944158792495728
2804,108.0114312171936,0.90055877,0.9005584120750427,1.7916977412824053e-07,0.9005582928657532,9.944123,9.944158792495728
2805,108.04521489143372,0.9005651,0.9005584716796875,4.734261835892539e-07,0.9005582928657532,9.943491,9.94415283203125
2806,108.0876305103302,0.9005651,0.9005586504936218,7.401524158012762e-07,0.9005582928657532,9.943491,9.944134950637817
2807,108.1204776763916,0.90056556,0.9005589485168457,1.2572937748700497e-06,0.9005587697029114,9.943443,9.94410514831543
2808,108.16165232658386,0.90056556,0.9005594849586487,2.20296692532429e-06,0.9005587697029114,9.943443,9.944051504135132
2809,108.1949372291565,0.90056556,0.900560736656189,3.085259095314541e-06,0.9005587697029114,9.943443,9.943926334381104
2810,108.22786235809326,0.90056556,0.9005628228187561,3.2583186566625955e-06,0.9005587697029114,9.943443,9.94371771812439
2811,108.25996112823486,0.90056556,0.9005654454231262,1.1920928955078125e-07,0.9005655646324158,9.943443,9.943455457687378
2812,108.2934741973877,0.9005676,0.9005654454231262,1.8027238013473834e-07,0.9005655646324158,9.943241,9.943455457687378
2813,108.33503842353821,0.9005705,0.9005654454231262,4.3539372995837766e-07,0.9005655646324158,9.942949,9.943455457687378
2814,108.3768527507782,0.9005705,0.9005656242370605,8.197996521630557e-07,0.9005655646324158,9.942949,9.943437576293945
2815,108.4087495803833,0.9005705,0.900566041469574,1.4546653801517095e-06,0.9005655646324158,9.942949,9.943395853042603
2816,108.44202208518982,0.9005705,0.900566816329956,2.0226848391757812e-06,0.9005655646324158,9.942949,9.943318367004395
2817,108.4749743938446,0.9005705,0.9005686640739441,2.1031958112871507e-06,0.9005655646324158,9.942949,9.94313359260559
2818,108.50740480422974,0.9005705,0.9005705714225769,1.0088060520274666e-07,0.900570273399353,9.942949,9.94294285774231
2819,108.54255294799805,0.90057445,0.9005705714225769,2.516748338621255e-07,0.9005705118179321,9.942555,9.94294285774231
2820,108.58537220954895,0.90057445,0.9005706906318665,6.068600555408921e-07,0.9005705118179321,9.942555,9.942930936813354
2821,108.61809635162354,0.90057445,0.9005709290504456,1.103854970097018e-06,0.9005705118179321,9.942555,9.942907094955444
2822,108.65181159973145,0.90057445,0.9005714058876038,1.5962909856170882e-06,0.9005705118179321,9.942555,9.942859411239624
2823,108.68433284759521,0.90057445,0.9005724191665649,1.9640547179733403e-06,0.9005705118179321,9.942555,9.942758083343506
2824,108.71866226196289,0.90057445,0.9005744457244873,5.823291644446726e-07,0.9005705118179321,9.942555,9.94255542755127
2825,108.75196361541748,0.90057445,0.9005745649337769,1.1920928955078125e-07,0.9005744457244873,9.942555,9.942543506622314
2826,108.78550338745117,0.90057445,0.9005745649337769,1.1920928955078125e-07,0.9005744457244873,9.942555,9.942543506622314
2827,108.81976962089539,0.90057445,0.9005745649337769,1.1920928955078125e-07,0.9005744457244873,9.942555,9.942543506622314
2828,108.8555359840393,0.9006057,0.9005746841430664,1.9707670162461e-06,0.9005744457244873,9.939432,9.94253158569336
2829,108.89670705795288,0.9006057,0.9005749225616455,3.3956748666241765e-06,0.9005744457244873,9.939432,9.94250774383545
2830,108.93046474456787,0.9006169,0.9005762934684753,7.479151008737972e-06,0.9005744457244873,9.938312,9.942370653152466
2831,108.97089672088623,0.9006169,0.9005788564682007,1.184215670946287e-05,0.9005744457244873,9.938312,9.942114353179932
2832,109.00463843345642,0.9006169,0.90058434009552,1.6479954865644686e-05,0.9005744457244873,9.938312,9.941565990447998
2833,109.03762197494507,0.9006169,0.900597333908081,1.8376771549810655e-05,0.9005744457244873,9.938312,9.940266609191895
2834,109.0712423324585,0.9006208,0.9006139636039734,3.4922222766908817e-06,0.9006097316741943,9.937918,9.938603639602661
2835,109.11286783218384,0.9006208,0.9006167650222778,5.267231131256267e-07,0.9006168842315674,9.937918,9.938323497772217
2836,109.14599800109863,0.9007099,0.9006173610687256,5.934571163379587e-06,0.9006168842315674,9.929008,9.938263893127441
2837,109.18780565261841,0.9007099,0.9006186127662659,9.978193702409044e-06,0.9006168842315674,9.929008,9.938138723373413
2838,109.22087216377258,0.9007099,0.9006230235099792,1.9608613001764752e-05,0.9006168842315674,9.929008,9.937697649002075
2839,109.25359320640564,0.9007099,0.9006323218345642,2.9832559448550455e-05,0.9006168842315674,9.929008,9.936767816543579
2840,109.28756546974182,0.9007138,0.9006457924842834,3.892018139595166e-05,0.9006208181381226,9.928619,9.935420751571655
2841,109.32859706878662,0.9007147,0.9006707072257996,4.250289566698484e-05,0.9006213545799255,9.928531,9.932929277420044
2842,109.37080693244934,0.90072304,0.9007091522216797,2.9270274808368413e-06,0.900705099105835,9.927696,9.929084777832031
2843,109.41114711761475,0.90072787,0.9007116556167603,2.7036132905777777e-06,0.9007099270820618,9.927214,9.928834438323975
2844,109.45136713981628,0.90073174,0.9007140398025513,4.350892595539335e-06,0.9007099270820618,9.926826,9.928596019744873
2845,109.49274230003357,0.90073204,0.9007173180580139,6.177348950586747e-06,0.9007138013839722,9.926796,9.928268194198608
2846,109.53365802764893,0.9007327,0.9007219672203064,7.75798616814427e-06,0.9007143974304199,9.92673,9.92780327796936
2847,109.57610654830933,0.90073323,0.9007298350334167,2.978701331812772e-06,0.900715708732605,9.926677,9.927016496658325
2848,109.61777758598328,0.90073323,0.9007319808006287,3.497845568745106e-07,0.9007317423820496,9.926677,9.926801919937134
2849,109.65248394012451,0.9007336,0.900732159614563,4.3643277081173437e-07,0.9007317423820496,9.926641,9.926784038543701
2850,109.69215893745422,0.9007339,0.9007325768470764,3.8328425944200717e-07,0.9007322788238525,9.926611,9.926742315292358
2851,109.73387694358826,0.9007339,0.9007329344749451,3.6559330851559935e-07,0.9007322788238525,9.926611,9.926706552505493
2852,109.76711630821228,0.9007342,0.900733232498169,2.634220095387718e-07,0.900732696056366,9.926581,9.926676750183105
2853,109.80915141105652,0.9007342,0.900733470916748,2.5854089358290366e-07,0.900733232498169,9.926581,9.926652908325195
2854,109.84409809112549,0.90074164,0.9007337689399719,5.399658675742103e-07,0.9007335901260376,9.925837,9.926623106002808
2855,109.88466143608093,0.90074164,0.900734007358551,8.774789534982119e-07,0.9007335901260376,9.925837,9.926599264144897
2856,109.9180679321289,0.90074164,0.9007344245910645,1.674663963058265e-06,0.9007338881492615,9.925837,9.926557540893555
2857,109.95091557502747,0.9007423,0.900735080242157,2.647438577696448e-06,0.9007341861724854,9.925771,9.926491975784302
2858,109.99064826965332,0.9007423,0.900736391544342,3.5520060919225216e-06,0.9007341861724854,9.925771,9.926360845565796
2859,110.02454233169556,0.9007423,0.9007391929626465,3.716664423336624e-06,0.9007341861724854,9.925771,9.926080703735352
2860,110.05836725234985,0.9007423,0.9007421731948853,3.2713941777728905e-07,0.9007416367530823,9.925771,9.925782680511475
2861,110.09221982955933,0.90074337,0.9007424116134644,1.3333313120256207e-07,0.9007422924041748,9.925663,9.925758838653564
2862,110.1323094367981,0.9007561,0.9007424712181091,9.181261475532665e-07,0.9007422924041748,9.924388,9.925752878189087
2863,110.1729564666748,0.9007561,0.900742769241333,1.84644511591614e-06,0.9007422924041748,9.924388,9.9257230758667
2864,110.20715022087097,0.9007561,0.9007437229156494,3.7229876852507005e-06,0.9007422924041748,9.924388,9.925627708435059
2865,110.24007368087769,0.9007561,0.9007453322410583,5.334968136594398e-06,0.9007422924041748,9.924388,9.925466775894165
2866,110.27300572395325,0.9007636,0.9007485508918762,6.425961146305781e-06,0.9007422924041748,9.923643,9.925144910812378
2867,110.31418657302856,0.9007636,0.900754988193512,3.3416922633477952e-06,0.9007463455200195,9.923643,9.924501180648804
2868,110.35146999359131,0.9007907,0.9007571935653687,3.301989863757626e-06,0.9007561206817627,9.920931,9.924280643463135
2869,110.39414072036743,0.9007971,0.9007595181465149,6.799285074521322e-06,0.9007561206817627,9.920287,9.92404818534851
2870,110.4351282119751,0.9008046,0.9007646441459656,1.0506089893169701e-05,0.9007561206817627,9.919542,9.923535585403442
2871,110.47505712509155,0.9008099,0.9007723331451416,1.4427520000026561e-05,0.9007635712623596,9.919012,9.92276668548584
2872,110.51623582839966,0.9008099,0.9007827043533325,1.749264629324898e-05,0.9007635712623596,9.919012,9.921729564666748
2873,110.55025696754456,0.9008099,0.9008006453514099,5.897390565223759e-06,0.9007832407951355,9.919012,9.919935464859009
2874,110.5837013721466,0.9008099,0.9008058309555054,2.2118797460279893e-06,0.9008045792579651,9.919012,9.919416904449463
2875,110.61711835861206,0.9008099,0.9008073210716248,2.608056774988654e-06,0.9008045792579651,9.919012,9.919267892837524
2876,110.65047931671143,0.9008099,0.9008098840713501,3.257519267663156e-07,0.9008086323738098,9.919012,9.91901159286499
2877,110.68363356590271,0.9008099,0.9008099436759949,5.960464477539063e-08,0.9008098840713501,9.919012,9.919005632400513
2878,110.71442747116089,0.9008099,0.9008099436759949,5.960464477539063e-08,0.9008098840713501,9.919012,9.919005632400513
2879,110.74761080741882,0.9008099,0.9008099436759949,5.960464477539063e-08,0.9008098840713501,9.919012,9.919005632400513
2880,110.78158330917358,0.9008099,0.9008099436759949,5.960464477539063e-08,0.9008098840713501,9.919012,9.919005632400513
2881,110.81647777557373,0.9008099,0.9008099436759949,5.960464477539063e-08,0.9008098840713501,9.919012,9.919005632400513
2882,110.8504889011383,0.9008099,0.9008099436759949,5.960464477539063e-08,0.9008098840713501,9.919012,9.919005632400513
2883,110.88483500480652,0.9008972,0.9008103609085083,5.502161002368666e-06,0.9008098840713501,9.910279,9.91896390914917
2884,110.9250431060791,0.9008972,0.9008113741874695,1.0935536920442246e-05,0.9008098840713501,9.910279,9.918862581253052
2885,110.95807147026062,0.9008972,0.9008171558380127,2.3914639314170927e-05,0.9008098840713501,9.910279,9.91828441619873
2886,110.99203085899353,0.9008972,0.9008273482322693,3.4876098652603105e-05,0.9008098840713501,9.910279,9.917265176773071
2887,111.02403259277344,0.9008972,0.9008512496948242,4.360181628726423e-05,0.9008098840713501,9.910279,9.914875030517578
2888,111.0582172870636,0.9008972,0.9008896350860596,2.4437540560029447e-05,0.9008098840713501,9.910279,9.911036491394043
2889,111.090158700943,0.9008972,0.9008971452713013,5.960464477539063e-08,0.900897204875946,9.910279,9.910285472869873
2890,111.12393569946289,0.9008977,0.9008971452713013,6.844744859790808e-08,0.900897204875946,9.910232,9.910285472869873
2891,111.16535496711731,0.9008977,0.9008971452713013,8.990033251166096e-08,0.900897204875946,9.910232,9.910285472869873
2892,111.20150566101074,0.9008977,0.9008971452713013,1.4720781393862126e-07,0.900897204875946,9.910232,9.910285472869873
2893,111.2355740070343,0.9008977,0.9008972644805908,1.8656170652775472e-07,0.900897204875946,9.910232,9.910273551940918
2894,111.2695906162262,0.9008977,0.9008973836898804,2.3298390772197308e-07,0.900897204875946,9.910232,9.910261631011963
2895,111.30313110351562,0.9008977,0.9008976221084595,1.8101674470472062e-07,0.900897204875946,9.910232,9.910237789154053
2896,111.33667874336243,0.9008977,0.900897741317749,5.960464477539063e-08,0.9008976817131042,9.910232,9.910225868225098
2897,111.36998987197876,0.9008981,0.900897741317749,6.362477478205619e-08,0.9008976817131042,9.910191,9.910225868225098
2898,111.41139149665833,0.9008981,0.900897741317749,7.765117970848223e-08,0.9008976817131042,9.910191,9.910225868225098
2899,111.44423365592957,0.9008981,0.900897741317749,1.1708279146205314e-07,0.9008976817131042,9.910191,9.910225868225098
2900,111.47837710380554,0.9008981,0.9008978009223938,1.6919499046252895e-07,0.9008976817131042,9.910191,9.91021990776062
2901,111.51122784614563,0.9008981,0.9008978605270386,2.0741698847359658e-07,0.9008976817131042,9.910191,9.910213947296143
2902,111.54450249671936,0.9008981,0.9008979797363281,1.3333313120256207e-07,0.9008976817131042,9.910191,9.910202026367188
2903,111.57787466049194,0.9008981,0.9008979797363281,1.1920928955078125e-07,0.9008980989456177,9.910191,9.910202026367188
2904,111.61117577552795,0.9008981,0.9008979797363281,1.1920928955078125e-07,0.9008980989456177,9.910191,9.910202026367188
2905,111.64480471611023,0.9008981,0.9008979797363281,1.1920928955078125e-07,0.9008980989456177,9.910191,9.910202026367188
2906,111.67844319343567,0.9008981,0.9008979797363281,1.1920928955078125e-07,0.9008980989456177,9.910191,9.910202026367188
2907,111.71184730529785,0.9009764,0.9008983373641968,4.9342379497829825e-06,0.9008980989456177,9.902358,9.910166263580322
2908,111.75283336639404,0.9009764,0.9008986353874207,6.963872237975011e-06,0.9008980989456177,9.902358,9.910136461257935
2909,111.78601622581482,0.90097994,0.9009021520614624,1.7669670342002064e-05,0.9008980989456177,9.902006,9.90978479385376
2910,111.82574462890625,0.90097994,0.9009091258049011,2.777280860755127e-05,0.9008980989456177,9.902006,9.909087419509888
2911,111.85994982719421,0.90097994,0.9009232521057129,3.753257624339312e-05,0.9008980989456177,9.902006,9.907674789428711
2912,111.89447116851807,0.90097994,0.9009508490562439,3.872321030939929e-05,0.9008980989456177,9.902006,9.90491509437561
2913,111.92748427391052,0.90097994,0.9009799361228943,0.0,0.9009799361228943,9.902006,9.902006387710571
2914,111.96079063415527,0.9011045,0.9009804129600525,7.847314009268302e-06,0.9009799361228943,9.889549,9.901958703994751
2915,112.00199675559998,0.9011045,0.9009808897972107,1.1075371730839834e-05,0.9009799361228943,9.889549,9.90191102027893
2916,112.0352110862732,0.9011045,0.9009854197502136,2.549736927903723e-05,0.9009799361228943,9.889549,9.901458024978638
2917,112.06789636611938,0.9011045,0.9009945392608643,4.01052093366161e-05,0.9009799361228943,9.889549,9.900546073913574
2918,112.10144209861755,0.9011048,0.9010112285614014,5.397900895331986e-05,0.9009799361228943,9.889519,9.898877143859863
2919,112.14223265647888,0.9011048,0.9010493755340576,6.177485192893073e-05,0.9009801149368286,9.889519,9.895062446594238
2920,112.17636013031006,0.9011048,0.9011046886444092,1.6177510531178996e-07,0.9011045098304749,9.889519,9.889531135559082
2921,112.20867323875427,0.9011048,0.9011046886444092,1.3671383669588977e-07,0.9011045098304749,9.889519,9.889531135559082
2922,112.24126052856445,0.9011048,0.9011048078536987,9.650641175085184e-08,0.9011046290397644,9.889519,9.889519214630127
2923,112.27437710762024,0.9011048,0.9011048078536987,0.0,0.9011048078536987,9.889519,9.889519214630127
2924,112.30941796302795,0.9011048,0.9011048078536987,0.0,0.9011048078536987,9.889519,9.889519214630127
2925,112.34253358840942,0.9011048,0.9011048078536987,0.0,0.9011048078536987,9.889519,9.889519214630127
2926,112.37669014930725,0.9011048,0.9011048078536987,0.0,0.9011048078536987,9.889519,9.889519214630127
2927,112.41058278083801,0.9011066,0.9011048078536987,1.1286635270835177e-07,0.9011048078536987,9.88934,9.889519214630127
2928,112.45431923866272,0.9011066,0.9011049270629883,2.175586644170835e-07,0.9011048078536987,9.88934,9.889507293701172
2929,112.48814678192139,0.9011073,0.9011049270629883,3.8974772564870364e-07,0.9011048078536987,9.889269,9.889507293701172
2930,112.52871346473694,0.9011073,0.9011050462722778,6.469309141721169e-07,0.9011048078536987,9.889269,9.889495372772217
2931,112.56078505516052,0.9011073,0.901105523109436,9.58603891376697e-07,0.9011048078536987,9.889269,9.889447689056396
2932,112.594078540802,0.9011073,0.9011062979698181,1.0271975270370604e-06,0.9011048078536987,9.889269,9.889370203018188
2933,112.62780833244324,0.9011073,0.9011072516441345,4.2674165001699293e-07,0.9011064171791077,9.889269,9.889274835586548
2934,112.66661930084229,0.9011073,0.9011074900627136,1.7881393432617188e-07,0.9011073112487793,9.889269,9.889250993728638
2935,112.71529626846313,0.9011472,0.9011076092720032,2.5157526124530705e-06,0.9011073112487793,9.885282,9.889239072799683
2936,112.75803422927856,0.9011472,0.9011082649230957,5.319673164194683e-06,0.9011073112487793,9.885282,9.88917350769043
2937,112.79168176651001,0.9011478,0.9011106491088867,9.842769941315055e-06,0.9011073112487793,9.8852215,9.888935089111328
2938,112.83188438415527,0.9011478,0.9011150598526001,1.4017793546372559e-05,0.9011073112487793,9.8852215,9.88849401473999
2939,112.8648829460144,0.9011478,0.901124119758606,1.6207422959269024e-05,0.9011073112487793,9.8852215,9.887588024139404
2940,112.89795875549316,0.9011478,0.9011391997337341,8.554576197639108e-06,0.9011201858520508,9.8852215,9.886080026626587
2941,112.93143057823181,0.90114933,0.9011470079421997,2.241476522613084e-06,0.9011349678039551,9.885067,9.88529920578003
2942,112.97244882583618,0.9011716,0.9011478424072266,1.5266331274688127e-06,0.901147186756134,9.882837,9.885215759277344
2943,113.01340365409851,0.9011716,0.9011482000350952,2.6199666081083706e-06,0.9011477828025818,9.882837,9.885179996490479
2944,113.04904341697693,0.9011723,0.9011493921279907,5.471643817145377e-06,0.9011477828025818,9.882772,9.885060787200928
2945,113.0901849269867,0.9011744,0.9011518359184265,8.438850272796117e-06,0.9011477828025818,9.882557,9.884816408157349
2946,113.13018560409546,0.9011744,0.9011564254760742,1.0811578249558806e-05,0.9011477828025818,9.882557,9.884357452392578
2947,113.16276121139526,0.9011744,0.901164174079895,1.1077780072810128e-05,0.9011499881744385,9.882557,9.883582592010498
2948,113.19698858261108,0.9011744,0.9011733531951904,1.0612671985654742e-06,0.9011716246604919,9.882557,9.882664680480957
2949,113.2306740283966,0.9011744,0.9011743664741516,2.285679130409335e-07,0.9011738300323486,9.882557,9.882563352584839
2950,113.26367855072021,0.9011744,0.9011744856834412,5.960464477539063e-08,0.9011744260787964,9.882557,9.882551431655884
2951,113.30043268203735,0.9011921,0.9011745452880859,1.116210910367954e-06,0.9011744260787964,9.880787,9.882545471191406
2952,113.34393525123596,0.9011921,0.9011749029159546,2.704624648686149e-06,0.9011744260787964,9.880787,9.882509708404541
2953,113.37844967842102,0.9011921,0.901175856590271,4.793884727405384e-06,0.9011744260787964,9.880787,9.8824143409729
2954,113.41307210922241,0.9011921,0.9011777639389038,6.911448053870117e-06,0.9011744260787964,9.880787,9.88222360610962
2955,113.44608640670776,0.9011921,0.9011815190315247,8.657556463731453e-06,0.9011744260787964,9.880787,9.881848096847534
2956,113.47864079475403,0.90120244,0.9011880159378052,7.42007932785782e-06,0.9011744260787964,9.879756,9.881198406219482
2957,113.5196840763092,0.90120244,0.9011922478675842,1.4433807109526242e-06,0.9011921286582947,9.879756,9.880775213241577
2958,113.55303144454956,0.90120244,0.9011927843093872,2.764059672699659e-06,0.9011921286582947,9.879756,9.88072156906128
2959,113.5861885547638,0.90120244,0.9011939764022827,4.090543370693922e-06,0.9011921286582947,9.879756,9.880602359771729
2960,113.61890816688538,0.90120244,0.9011963605880737,5.1025094762735534e-06,0.9011921286582947,9.879756,9.880363941192627
2961,113.65377712249756,0.90120244,0.9012007713317871,3.6258002182876226e-06,0.9011921286582947,9.879756,9.879922866821289
2962,113.68843746185303,0.9012038,0.9012023210525513,1.5165960576268844e-07,0.9012024402618408,9.879619,9.879767894744873
2963,113.72894787788391,0.9012038,0.9012023210525513,2.0144527468346496e-07,0.9012024402618408,9.879619,9.879767894744873
2964,113.76179933547974,0.9012038,0.901202380657196,3.1618250773135514e-07,0.9012024402618408,9.879619,9.879761934280396
2965,113.79443168640137,0.9012038,0.9012024998664856,4.5931352588013397e-07,0.9012024402618408,9.879619,9.87975001335144
2966,113.82796216011047,0.9012038,0.9012027978897095,5.997808329993859e-07,0.9012024402618408,9.879619,9.879720211029053
2967,113.86040830612183,0.901207,0.9012032747268677,7.014331231403048e-07,0.9012024402618408,9.879303,9.879672527313232
2968,113.90033745765686,0.9012083,0.901203989982605,5.57575788207032e-07,0.9012037515640259,9.879171,9.879601001739502
2969,113.94053268432617,0.9012083,0.9012042284011841,1.0240647725368035e-06,0.9012038111686707,9.879171,9.879577159881592
2970,113.97494649887085,0.9012096,0.9012047648429871,1.6533326743228827e-06,0.9012038111686707,9.879041,9.879523515701294
2971,114.01528930664062,0.9012096,0.9012057781219482,2.0282700461393688e-06,0.9012038111686707,9.879041,9.879422187805176
2972,114.05019402503967,0.90121067,0.901207685470581,1.2900876527055516e-06,0.9012050628662109,9.878933,9.879231452941895
2973,114.09102392196655,0.90121305,0.901208758354187,8.024542808016122e-07,0.9012082815170288,9.878695,9.879124164581299
2974,114.13143539428711,0.90121436,0.9012095332145691,1.1679441058731754e-06,0.9012082815170288,9.878564,9.87904667854309
2975,114.172434091568,0.90121436,0.9012105464935303,1.4648223896074342e-06,0.9012095928192139,9.878564,9.878945350646973
2976,114.20624446868896,0.90121436,0.9012115001678467,1.8268744952365523e-06,0.9012095928192139,9.878564,9.878849983215332
2977,114.23983716964722,0.90121436,0.9012129902839661,1.2834630069846753e-06,0.9012106657028198,9.878564,9.878700971603394
2978,114.27240633964539,0.90121436,0.9012142419815063,5.124624067320838e-07,0.9012130498886108,9.878564,9.878575801849365
2979,114.30677962303162,0.90121436,0.9012144804000854,1.1920928955078125e-07,0.9012143611907959,9.878564,9.878551959991455
2980,114.34095215797424,0.90121436,0.9012144804000854,1.1920928955078125e-07,0.9012143611907959,9.878564,9.878551959991455
2981,114.37410497665405,0.90121436,0.9012144804000854,1.1920928955078125e-07,0.9012143611907959,9.878564,9.878551959991455
2982,114.40662884712219,0.90121436,0.9012144804000854,1.1920928955078125e-07,0.9012143611907959,9.878564,9.878551959991455
2983,114.43959975242615,0.9012152,0.9012144804000854,1.2724954956411239e-07,0.9012143611907959,9.878481,9.878551959991455
2984,114.48129725456238,0.9012152,0.9012144804000854,1.419705455418807e-07,0.9012143611907959,9.878481,9.878551959991455
2985,114.54135155677795,0.90121436,0.8970988988876343,0.0031635279301553965,0.8902575373649597,9.878564,10.290110111236572
2986,114.58278393745422,0.9012152,0.8998480439186096,0.0010187309235334396,0.8979160189628601,9.878481,10.015195608139038
2987,114.62239456176758,0.9012152,0.9007537961006165,0.00041482364758849144,0.8999694585800171,9.878481,9.924620389938354
2988,114.65631818771362,0.9012152,0.9011231064796448,0.00011134492524433881,0.9007810354232788,9.878481,9.887689352035522
2989,114.69152283668518,0.9012152,0.9012075662612915,1.1608234672166873e-05,0.901180624961853,9.878481,9.87924337387085
2990,114.72688698768616,0.9012152,0.9012144804000854,4.3163899476894585e-07,0.9012137055397034,9.878481,9.878551959991455
2991,114.7602105140686,0.9012152,0.9012147784233093,4.125244288388785e-07,0.9012143611907959,9.878481,9.878522157669067
2992,114.79358148574829,0.9012152,0.9012150764465332,3.8985663763924094e-07,0.9012143611907959,9.878481,9.87849235534668
2993,114.82615804672241,0.9012152,0.9012152552604675,5.960464477539063e-08,0.9012151956558228,9.878481,9.878474473953247
2994,114.8608009815216,0.9012152,0.9012152552604675,5.960464477539063e-08,0.9012151956558228,9.878481,9.878474473953247
2995,114.89425778388977,0.9012152,0.9012152552604675,5.960464477539063e-08,0.9012151956558228,9.878481,9.878474473953247
2996,114.928218126297,0.9012152,0.9012152552604675,5.960464477539063e-08,0.9012151956558228,9.878481,9.878474473953247
2997,114.9632728099823,0.9012152,0.9012152552604675,5.960464477539063e-08,0.9012151956558228,9.878481,9.878474473953247
2998,114.99737930297852,0.9012152,0.9012152552604675,5.960464477539063e-08,0.9012151956558228,9.878481,9.878474473953247
2999,115.03015995025635,0.9012152,0.9012152552604675,5.960464477539063e-08,0.9012151956558228,9.878481,9.878474473953247
3000,115.063809633255,0.9012152,0.9012152552604675,5.960464477539063e-08,0.9012151956558228,9.878481,9.878474473953247
3001,115.10469317436218,0.90121543,0.9012152552604675,6.054706602753868e-08,0.9012151956558228,9.878456,9.878474473953247
3002,115.14577388763428,0.90121543,0.9012152552604675,6.329020152406883e-08,0.9012151956558228,9.878456,9.878474473953247
3003,115.17837977409363,0.90121543,0.9012152552604675,7.008224400806284e-08,0.9012151956558228,9.878456,9.878474473953247
3004,115.211186170578,0.90121543,0.9012153148651123,1.1920928955078125e-07,0.9012151956558228,9.878456,9.87846851348877
3005,115.24472904205322,0.90121543,0.9012153148651123,1.1920928955078125e-07,0.9012151956558228,9.878456,9.87846851348877
3006,115.27801442146301,0.90121543,0.9012153744697571,1.1986054460066953e-07,0.9012151956558228,9.878456,9.878462553024292
3007,115.31296610832214,0.90121543,0.9012154340744019,0.0,0.9012154340744019,9.878456,9.878456592559814
3008,115.34627890586853,0.90121543,0.9012154340744019,0.0,0.9012154340744019,9.878456,9.878456592559814
3009,115.37966322898865,0.90121543,0.9012154340744019,0.0,0.9012154340744019,9.878456,9.878456592559814
3010,115.41435980796814,0.9012262,0.9012154936790466,6.798057370360766e-07,0.9012154340744019,9.8773775,9.878450632095337
3011,115.45635342597961,0.9012262,0.9012156128883362,1.2701128753178637e-06,0.9012154340744019,9.8773775,9.878438711166382
3012,115.48815417289734,0.9012262,0.9012162089347839,2.4377884528803406e-06,0.9012154340744019,9.8773775,9.878379106521606
3013,115.5209527015686,0.9012262,0.9012173414230347,3.5988246054330375e-06,0.9012154340744019,9.8773775,9.878265857696533
3014,115.5558602809906,0.9012262,0.9012193083763123,4.1534531192155555e-06,0.9012154340744019,9.8773775,9.878069162368774
3015,115.58905410766602,0.9012262,0.9012228846549988,2.7764895094151143e-06,0.9012191295623779,9.8773775,9.877711534500122
3016,115.62233853340149,0.9012262,0.9012254476547241,1.4945194379833993e-06,0.9012224674224854,9.8773775,9.877455234527588
3017,115.65590047836304,0.9012383,0.9012261629104614,7.697930186623125e-07,0.9012262225151062,9.876167,9.877383708953857
3018,115.6985375881195,0.9012383,0.9012262225151062,1.0800758900586516e-06,0.9012262225151062,9.876167,9.87737774848938
3019,115.7308611869812,0.90126806,0.9012265801429749,3.2057357657322427e-06,0.9012262225151062,9.873194,9.877341985702515
3020,115.77109718322754,0.90126806,0.9012279510498047,6.991490408836398e-06,0.9012262225151062,9.873194,9.877204895019531
3021,115.80373167991638,0.90126806,0.9012320637702942,1.2960682397533674e-05,0.9012262225151062,9.873194,9.876793622970581
3022,115.83813285827637,0.90126806,0.9012405872344971,1.787352630344685e-05,0.9012262225151062,9.873194,9.875941276550293
3023,115.87171387672424,0.90126854,0.9012554883956909,1.5263982277247123e-05,0.9012262225151062,9.873146,9.874451160430908
3024,115.91225171089172,0.90126854,0.9012681245803833,7.47724797633964e-08,0.9012680649757385,9.873146,9.87318754196167
3025,115.94640183448792,0.90126854,0.9012681245803833,1.0171896747124265e-07,0.9012680649757385,9.873146,9.87318754196167
3026,115.9809181690216,0.90126854,0.9012681245803833,1.524972503830213e-07,0.9012680649757385,9.873146,9.87318754196167
3027,116.01513981819153,0.90126854,0.9012682437896729,2.1661324467459053e-07,0.9012680649757385,9.873146,9.873175621032715
3028,116.04851293563843,0.90126854,0.9012684226036072,2.6356971716268163e-07,0.9012680649757385,9.873146,9.873157739639282
3029,116.08325028419495,0.9012737,0.901268720626831,3.629315870057326e-07,0.9012685418128967,9.872627,9.873127937316895
3030,116.12343311309814,0.9012737,0.901268720626831,4.811073495147866e-07,0.9012685418128967,9.872627,9.873127937316895
3031,116.15828824043274,0.9012737,0.9012688398361206,9.73250052993535e-07,0.9012685418128967,9.872627,9.87311601638794
3032,116.19251489639282,0.9012737,0.9012693166732788,1.5677547935410985e-06,0.9012685418128967,9.872627,9.87306833267212
3033,116.2262511253357,0.9012737,0.9012699127197266,2.0321342617535265e-06,0.9012685418128967,9.872627,9.873008728027344
3034,116.2588849067688,0.9012737,0.9012712836265564,2.0352106275822734e-06,0.9012685418128967,9.872627,9.87287163734436
3035,116.29312682151794,0.9012737,0.9012730717658997,7.540396040894848e-07,0.901272177696228,9.872627,9.872692823410034
3036,116.3275454044342,0.9012759,0.9012737274169922,1.3543962040785118e-07,0.9012737274169922,9.872413,9.872627258300781
3037,116.36912536621094,0.9012759,0.901273787021637,2.356418349336309e-07,0.9012737274169922,9.872413,9.872621297836304
3038,116.403329372406,0.9012774,0.901273787021637,4.790139200849808e-07,0.9012737274169922,9.872257,9.872621297836304
3039,116.44262075424194,0.9012774,0.9012740254402161,8.560581932215428e-07,0.9012737274169922,9.872257,9.872597455978394
3040,116.47634720802307,0.9012774,0.901274561882019,1.3337770496946177e-06,0.9012737274169922,9.872257,9.872543811798096
3041,116.51046848297119,0.901278,0.9012755155563354,1.5232080841087736e-06,0.9012737274169922,9.872198,9.872448444366455
3042,116.55139660835266,0.9012833,0.9012769460678101,8.461966558570566e-07,0.9012758731842041,9.871668,9.872305393218994
3043,116.59178280830383,0.9012833,0.9012776613235474,8.896338385966374e-07,0.9012774229049683,9.871668,9.872233867645264
3044,116.62630319595337,0.9012833,0.9012780785560608,1.7429438230465166e-06,0.9012774229049683,9.871668,9.872192144393921
3045,116.66037940979004,0.9012833,0.9012790322303772,2.4818552901706425e-06,0.9012774229049683,9.871668,9.87209677696228
3046,116.69319319725037,0.9012833,0.9012809991836548,2.667967919478542e-06,0.9012774229049683,9.871668,9.871900081634521
3047,116.7257969379425,0.9012833,0.901283323764801,1.694248936701115e-07,0.9012817740440369,9.871668,9.871667623519897
3048,116.75901961326599,0.9012833,0.901283323764801,0.0,0.901283323764801,9.871668,9.871667623519897
3049,116.7934319972992,0.9012928,0.9012833833694458,5.973984684715106e-07,0.901283323764801,9.87072,9.87166166305542
3050,116.83500337600708,0.9012928,0.9012834429740906,8.43725786126015e-07,0.901283323764801,9.87072,9.871655702590942
3051,116.86952924728394,0.9012928,0.9012836217880249,1.6647649090373307e-06,0.901283323764801,9.87072,9.87163782119751
3052,116.90330052375793,0.9012928,0.9012842774391174,2.838116870407248e-06,0.901283323764801,9.87072,9.871572256088257
3053,116.93743515014648,0.9012928,0.901285707950592,4.152202109253267e-06,0.901283323764801,9.87072,9.871429204940796
3054,116.97167682647705,0.9012928,0.901288628578186,4.697779331763741e-06,0.901283323764801,9.87072,9.871137142181396
3055,117.0051658153534,0.9012928,0.9012928009033203,0.0,0.9012928009033203,9.87072,9.870719909667969
3056,117.03868055343628,0.9012928,0.9012928009033203,0.0,0.9012928009033203,9.87072,9.870719909667969
3057,117.07148909568787,0.9012928,0.9012928009033203,0.0,0.9012928009033203,9.87072,9.870719909667969
3058,117.10502982139587,0.9012928,0.9012928009033203,0.0,0.9012928009033203,9.87072,9.870719909667969
3059,117.13897109031677,0.9012928,0.9012928009033203,0.0,0.9012928009033203,9.87072,9.870719909667969
3060,117.17207336425781,0.9012928,0.9012928009033203,0.0,0.9012928009033203,9.87072,9.870719909667969
3061,117.20523285865784,0.9012928,0.9012928009033203,0.0,0.9012928009033203,9.87072,9.870719909667969
3062,117.23863959312439,0.9012928,0.9012928009033203,0.0,0.9012928009033203,9.87072,9.870719909667969
3063,117.30005860328674,0.9012928,0.8970758318901062,0.003752493765205145,0.8889578580856323,9.87072,10.29241681098938
3064,117.3412115573883,0.9012928,0.9002320766448975,0.0008967238245531917,0.8980653285980225,9.87072,9.976792335510254
3065,117.37572956085205,0.9012928,0.900979220867157,0.00025432484108023345,0.9004754424095154,9.87072,9.902077913284302
3066,117.40922236442566,0.9012928,0.9012108445167542,6.702866812702268e-05,0.9010748863220215,9.87072,9.878915548324585
3067,117.44287371635437,0.9012928,0.901271641254425,3.474671393632889e-05,0.9011894464492798,9.87072,9.872835874557495
3068,117.4768180847168,0.9012928,0.9012928009033203,0.0,0.9012928009033203,9.87072,9.870719909667969
3069,117.51140999794006,0.9012928,0.9012928009033203,0.0,0.9012928009033203,9.87072,9.870719909667969
3070,117.54496574401855,0.9012928,0.9012928009033203,0.0,0.9012928009033203,9.87072,9.870719909667969
3071,117.57832670211792,0.9012928,0.9012928009033203,0.0,0.9012928009033203,9.87072,9.870719909667969
3072,117.61115384101868,0.9012955,0.9012928009033203,1.6929952550981398e-07,0.9012928009033203,9.870452,9.870719909667969
3073,117.65109467506409,0.9012955,0.9012928605079651,4.0973577597469557e-07,0.9012928009033203,9.870452,9.870713949203491
3074,117.68445682525635,0.9012955,0.9012930393218994,7.662222856197332e-07,0.9012928009033203,9.870452,9.870696067810059
3075,117.74438118934631,0.9012928,0.8981368541717529,0.0025512089487165213,0.8926663994789124,9.87072,10.186314582824707
3076,117.78447818756104,0.9012955,0.9003821015357971,0.0008011554018594325,0.8986143469810486,9.870452,9.961789846420288
3077,117.82651281356812,0.9012955,0.9010498523712158,0.00022811099188402295,0.900593638420105,9.870452,9.895014762878418
3078,117.86045384407043,0.9012955,0.9012590646743774,5.089000114821829e-05,0.9011165499687195,9.870452,9.874093532562256
3079,117.893061876297,0.9012955,0.9012932777404785,1.0309044000678114e-06,0.9012926816940308,9.870452,9.870672225952148
3080,117.92597317695618,0.9012955,0.9012938141822815,1.278344029742584e-06,0.9012928009033203,9.870452,9.87061858177185
3081,117.95931577682495,0.9012955,0.9012948274612427,1.0983371794281993e-06,0.9012928009033203,9.870452,9.870517253875732
3082,117.99298477172852,0.9012955,0.9012956023216248,1.1920928955078125e-07,0.9012954831123352,9.870452,9.870439767837524
3083,118.02757215499878,0.9012955,0.9012956023216248,1.1920928955078125e-07,0.9012954831123352,9.870452,9.870439767837524
3084,118.06073689460754,0.9012955,0.9012956023216248,1.1920928955078125e-07,0.9012954831123352,9.870452,9.870439767837524
3085,118.09375238418579,0.9012955,0.9012956023216248,1.1920928955078125e-07,0.9012954831123352,9.870452,9.870439767837524
3086,118.12708067893982,0.9012955,0.9012956023216248,1.1920928955078125e-07,0.9012954831123352,9.870452,9.870439767837524
3087,118.15885663032532,0.9012955,0.9012956023216248,1.1920928955078125e-07,0.9012954831123352,9.870452,9.870439767837524
3088,118.19162940979004,0.9012955,0.9012956023216248,1.1920928955078125e-07,0.9012954831123352,9.870452,9.870439767837524
3089,118.22677230834961,0.9012955,0.9012956023216248,1.1920928955078125e-07,0.9012954831123352,9.870452,9.870439767837524
3090,118.26223230361938,0.9012955,0.9012956023216248,1.1920928955078125e-07,0.9012954831123352,9.870452,9.870439767837524
3091,118.2953770160675,0.9012955,0.9012956023216248,1.1920928955078125e-07,0.9012954831123352,9.870452,9.870439767837524
3092,118.33048224449158,0.9012955,0.9012956023216248,1.1920928955078125e-07,0.9012954831123352,9.870452,9.870439767837524
3093,118.36538648605347,0.9012955,0.9012956023216248,1.1920928955078125e-07,0.9012954831123352,9.870452,9.870439767837524
3094,118.3994345664978,0.90130246,0.9012956619262695,4.6453794766421197e-07,0.9012954831123352,9.869755,9.870433807373047
3095,118.43965697288513,0.90130246,0.9012956619262695,6.32152364232752e-07,0.9012954831123352,9.869755,9.870433807373047
3096,118.47306299209595,0.90130395,0.9012957811355591,1.142567043643794e-06,0.9012954831123352,9.869605,9.870421886444092
3097,118.5131995677948,0.90130395,0.9012963175773621,2.214851747339708e-06,0.9012954831123352,9.869605,9.870368242263794
3098,118.54558372497559,0.9013041,0.9012972712516785,3.307923634565668e-06,0.9012954831123352,9.869587,9.870272874832153
3099,118.58975958824158,0.90130424,0.9012991189956665,4.010616521554766e-06,0.9012954831123352,9.8695755,9.87008810043335
3100,118.6341621875763,0.90130424,0.9013027548789978,2.6150023586524185e-06,0.90129554271698,9.8695755,9.86972451210022
3101,118.66827082633972,0.90130424,0.9013040065765381,1.4149617300063255e-07,0.9013038277626038,9.8695755,9.869599342346191
3102,118.70187282562256,0.90130424,0.9013040661811829,1.19978579959934e-07,0.9013039469718933,9.8695755,9.869593381881714
3103,118.73536920547485,0.90130424,0.9013041853904724,5.960464477539063e-08,0.9013041257858276,9.8695755,9.869581460952759
3104,118.76812624931335,0.90130424,0.9013042449951172,0.0,0.9013042449951172,9.8695755,9.869575500488281
3105,118.80116987228394,0.90130424,0.9013042449951172,0.0,0.9013042449951172,9.8695755,9.869575500488281
3106,118.83588910102844,0.90130806,0.901304304599762,2.4437005663457967e-07,0.9013042449951172,9.869194,9.869569540023804
3107,118.87627172470093,0.90130806,0.901304304599762,3.404126118766726e-07,0.9013042449951172,9.869194,9.869569540023804
3108,118.90980529785156,0.90130806,0.9013044238090515,7.465786779903283e-07,0.9013042449951172,9.869194,9.869557619094849
3109,118.96955704689026,0.901309,0.8975164294242859,0.0031643074471503496,0.8896389603614807,9.869099,10.248357057571411
3110,119.00784349441528,0.901309,0.9001702666282654,0.0009134412393905222,0.8985511064529419,9.869099,9.982973337173462
3111,119.04172372817993,0.901309,0.901006281375885,0.0002704129437915981,0.9004834890365601,9.869099,9.899371862411499
3112,119.07526397705078,0.901309,0.9012405872344971,8.357595652341843e-05,0.9010152816772461,9.869099,9.875941276550293
3113,119.10957026481628,0.901309,0.9013025164604187,6.387841949617723e-06,0.9012871980667114,9.869099,9.86974835395813
3114,119.14351487159729,0.901309,0.9013066291809082,1.80661402282567e-06,0.9013042449951172,9.869099,9.86933708190918
3115,119.1764714717865,0.901309,0.9013080596923828,1.5702806877015973e-06,0.9013051986694336,9.869099,9.869194030761719
3116,119.20961475372314,0.901309,0.9013090133666992,0.0,0.9013090133666992,9.869099,9.869098663330078
3117,119.24302864074707,0.901309,0.9013090133666992,0.0,0.9013090133666992,9.869099,9.869098663330078
3118,119.27667355537415,0.901309,0.9013090133666992,0.0,0.9013090133666992,9.869099,9.869098663330078
3119,119.31163358688354,0.901309,0.9013090133666992,0.0,0.9013090133666992,9.869099,9.869098663330078
3120,119.3477554321289,0.901309,0.9013090133666992,0.0,0.9013090133666992,9.869099,9.869098663330078
3121,119.38177990913391,0.901309,0.9013090133666992,0.0,0.9013090133666992,9.869099,9.869098663330078
3122,119.41512894630432,0.901309,0.9013090133666992,0.0,0.9013090133666992,9.869099,9.869098663330078
3123,119.44734406471252,0.901309,0.9013090133666992,0.0,0.9013090133666992,9.869099,9.869098663330078
3124,119.48122572898865,0.901309,0.9013090133666992,0.0,0.9013090133666992,9.869099,9.869098663330078
3125,119.51446199417114,0.9013194,0.901309072971344,7.413275966428046e-07,0.9013090133666992,9.868061,9.8690927028656
3126,119.55534839630127,0.9013194,0.9013091921806335,1.2745572348649148e-06,0.9013090133666992,9.868061,9.869080781936646
3127,119.58944869041443,0.9013247,0.9013096690177917,2.4357118491025176e-06,0.9013090133666992,9.867531,9.869033098220825
3128,119.6305296421051,0.9013247,0.9013108015060425,3.925234977941727e-06,0.9013090133666992,9.867531,9.868919849395752
3129,119.66490149497986,0.90132517,0.901313304901123,5.700496785721043e-06,0.9013090133666992,9.867483,9.868669509887695
3130,119.70516014099121,0.90133035,0.9013179540634155,5.808139121654676e-06,0.9013090133666992,9.866964,9.868204593658447
3131,119.74531292915344,0.9013308,0.9013233184814453,3.3310334401903674e-06,0.9013193845748901,9.866917,9.867668151855469
3132,119.78649854660034,0.9013308,0.9013257026672363,2.2254459963733098e-06,0.9013246893882751,9.866917,9.867429733276367
3133,119.82697129249573,0.9013308,0.9013272523880005,2.7708683774108067e-06,0.9013246893882751,9.866917,9.867274761199951
3134,119.86123871803284,0.9013308,0.9013299942016602,1.3449105153995333e-06,0.9013251662254333,9.866917,9.867000579833984
3135,119.89426064491272,0.9013308,0.9013304710388184,2.2206612015907012e-07,0.9013303518295288,9.866917,9.866952896118164
3136,119.9281530380249,0.9013308,0.9013306498527527,2.2757494377856347e-07,0.9013303518295288,9.866917,9.866935014724731
3137,119.96072316169739,0.90133625,0.901330828666687,3.4236126111863996e-07,0.901330828666687,9.866375,9.866917133331299
3138,120.00043392181396,0.90133625,0.9013309478759766,6.800347591706668e-07,0.901330828666687,9.866375,9.866905212402344
3139,120.0330126285553,0.9013366,0.9013311862945557,1.2168007970103645e-06,0.901330828666687,9.866339,9.866881370544434
3140,120.0730209350586,0.9013366,0.9013315439224243,1.8195672737419955e-06,0.901330828666687,9.866339,9.866845607757568
3141,120.10578465461731,0.9013366,0.9013324975967407,2.5299943899881328e-06,0.901330828666687,9.866339,9.866750240325928
3142,120.13895583152771,0.9013366,0.9013342261314392,2.7646970011119265e-06,0.901330828666687,9.866339,9.866577386856079
3143,120.17179155349731,0.9013366,0.9013365507125854,1.5470881464807462e-07,0.9013362526893616,9.866339,9.866344928741455
3144,120.204669713974,0.9013366,0.9013366103172302,0.0,0.9013366103172302,9.866339,9.866338968276978
3145,120.23791408538818,0.90134764,0.901336669921875,6.947981319171959e-07,0.9013366103172302,9.865236,9.8663330078125
3146,120.27736639976501,0.90135825,0.9013367891311646,1.6744166941862204e-06,0.9013366103172302,9.864176,9.866321086883545
3147,120.32031178474426,0.90135825,0.901337206363678,3.2630632631480694e-06,0.9013366103172302,9.864176,9.866279363632202
3148,120.35569715499878,0.90135825,0.9013387560844421,6.1762352743244264e-06,0.9013366103172302,9.864176,9.866124391555786
3149,120.39133358001709,0.90135825,0.9013413190841675,8.591590813011862e-06,0.9013366103172302,9.864176,9.865868091583252
3150,120.42472577095032,0.90135825,0.9013463854789734,1.0213448149443138e-05,0.9013366103172302,9.864176,9.865361452102661
3151,120.459055185318,0.90135825,0.9013562798500061,4.440007614903152e-06,0.9013382196426392,9.864176,9.86437201499939
3152,120.49276447296143,0.90135825,0.9013583064079285,5.960464477539063e-08,0.9013582468032837,9.864176,9.864169359207153
3153,120.52732491493225,0.90137196,0.9013583660125732,8.659954460199515e-07,0.9013582468032837,9.862804,9.864163398742676
3154,120.56851530075073,0.90137196,0.9013584852218628,1.4916398640707484e-06,0.9013582468032837,9.862804,9.86415147781372
3155,120.60275912284851,0.90137196,0.9013587832450867,2.4101982489810325e-06,0.9013582468032837,9.862804,9.864121675491333
3156,120.63675737380981,0.90137196,0.9013596773147583,3.995785391452955e-06,0.9013582468032837,9.862804,9.86403226852417
3157,120.67058372497559,0.9013781,0.9013611078262329,5.5763061936886515e-06,0.9013582468032837,9.86219,9.863889217376709
3158,120.71058773994446,0.9013781,0.9013645052909851,6.877288797113579e-06,0.9013582468032837,9.86219,9.86354947090149
3159,120.74448871612549,0.9013781,0.9013710021972656,3.96953828385449e-06,0.9013582468032837,9.86219,9.862899780273438
3160,120.7785291671753,0.9013781,0.9013725519180298,1.8712001974563464e-06,0.901371955871582,9.86219,9.862744808197021
3161,120.81165099143982,0.9013781,0.9013733267784119,2.5962874588003615e-06,0.901371955871582,9.86219,9.862667322158813
3162,120.84484362602234,0.9013781,0.9013749957084656,3.0704961773153627e-06,0.901371955871582,9.86219,9.862500429153442
3163,120.87750911712646,0.9013781,0.9013779759407043,1.1920928955078125e-07,0.9013780951499939,9.86219,9.862202405929565
3164,120.9106559753418,0.9013781,0.9013779759407043,1.1920928955078125e-07,0.9013780951499939,9.86219,9.862202405929565
3165,120.94337105751038,0.9013781,0.9013779759407043,1.1920928955078125e-07,0.9013780951499939,9.86219,9.862202405929565
3166,120.97661638259888,0.9013781,0.9013779759407043,1.1920928955078125e-07,0.9013780951499939,9.86219,9.862202405929565
3167,121.01030898094177,0.9013781,0.9013779759407043,1.1920928955078125e-07,0.9013780951499939,9.86219,9.862202405929565
3168,121.04216957092285,0.9013781,0.9013779759407043,1.1920928955078125e-07,0.9013780951499939,9.86219,9.862202405929565
3169,121.0765106678009,0.9013781,0.9013779759407043,1.1920928955078125e-07,0.9013780951499939,9.86219,9.862202405929565
3170,121.11031126976013,0.9013781,0.9013779759407043,1.1920928955078125e-07,0.9013780951499939,9.86219,9.862202405929565
3171,121.14258337020874,0.9013781,0.9013779759407043,1.1920928955078125e-07,0.9013780951499939,9.86219,9.862202405929565
3172,121.17614102363586,0.9013781,0.9013779759407043,1.1920928955078125e-07,0.9013780951499939,9.86219,9.862202405929565
3173,121.20958280563354,0.9013781,0.9013779759407043,1.1920928955078125e-07,0.9013780951499939,9.86219,9.862202405929565
3174,121.24114298820496,0.9013781,0.9013779759407043,1.1920928955078125e-07,0.9013780951499939,9.86219,9.862202405929565
3175,121.27436780929565,0.9013781,0.9013779759407043,1.1920928955078125e-07,0.9013780951499939,9.86219,9.862202405929565
3176,121.30778789520264,0.9013781,0.9013779759407043,1.1920928955078125e-07,0.9013780951499939,9.86219,9.862202405929565
3177,121.34084796905518,0.9013781,0.9013779759407043,1.1920928955078125e-07,0.9013780951499939,9.86219,9.862202405929565
3178,121.37414073944092,0.9013781,0.9013779759407043,1.1920928955078125e-07,0.9013780951499939,9.86219,9.862202405929565
3179,121.40741848945618,0.9013781,0.9013779759407043,1.1920928955078125e-07,0.9013780951499939,9.86219,9.862202405929565
3180,121.44078636169434,0.9013781,0.9013779759407043,1.1920928955078125e-07,0.9013780951499939,9.86219,9.862202405929565
3181,121.47460460662842,0.9013781,0.9013779759407043,1.1920928955078125e-07,0.9013780951499939,9.86219,9.862202405929565
3182,121.50801587104797,0.9013781,0.9013779759407043,1.1920928955078125e-07,0.9013780951499939,9.86219,9.862202405929565
3183,121.5416693687439,0.9013984,0.9013780355453491,1.2880507256340934e-06,0.9013780951499939,9.860158,9.862196445465088
3184,121.58224773406982,0.9013984,0.9013782143592834,2.2122158043202944e-06,0.9013780951499939,9.860158,9.862178564071655
3185,121.6152195930481,0.9013985,0.9013787508010864,3.964260940847453e-06,0.9013780951499939,9.860152,9.862124919891357
3186,121.65675354003906,0.9013985,0.901380181312561,6.376291821652558e-06,0.9013780951499939,9.860152,9.861981868743896
3187,121.69076299667358,0.90145135,0.9013832211494446,9.62514695856953e-06,0.9013780951499939,9.854865,9.861677885055542
3188,121.73331809043884,0.90145135,0.9013890624046326,1.2045548828609753e-05,0.9013780951499939,9.854865,9.861093759536743
3189,121.76739144325256,0.90145135,0.9014002680778503,8.729825822229031e-06,0.9013976454734802,9.854865,9.859973192214966
3190,121.8023362159729,0.90145457,0.9014040231704712,1.518483622930944e-05,0.9013984203338623,9.854544,9.85959768295288
3191,121.84308195114136,0.90145457,0.9014119505882263,2.2436335711972788e-05,0.9013984799385071,9.854544,9.858804941177368
3192,121.8775839805603,0.90145457,0.9014279842376709,2.602550375740975e-05,0.9013984799385071,9.854544,9.85720157623291
3193,121.91100025177002,0.9014574,0.9014532566070557,4.233232175465673e-06,0.9014349579811096,9.854258,9.854674339294434
3194,121.95207333564758,0.9014574,0.901454746723175,4.713887733487354e-07,0.9014545679092407,9.854258,9.854525327682495
3195,121.9850959777832,0.9014586,0.9014549851417542,8.713318493391853e-07,0.9014545679092407,9.854137,9.854501485824585
3196,122.02697992324829,0.9014587,0.9014555215835571,1.2631483059521997e-06,0.9014545679092407,9.854132,9.854447841644287
3197,122.06601166725159,0.9014587,0.9014564752578735,1.3357680472836364e-06,0.9014545679092407,9.854132,9.854352474212646
3198,122.10080862045288,0.9014587,0.9014579057693481,5.835249794472475e-07,0.9014573693275452,9.854132,9.854209423065186
3199,122.13490915298462,0.9014587,0.9014582633972168,5.79276786538685e-07,0.9014574289321899,9.854132,9.85417366027832
3200,122.16807866096497,0.901466,0.901458740234375,4.628973044873419e-07,0.9014586210250854,9.853399,9.8541259765625
3201,122.21329736709595,0.901466,0.9014587998390198,9.181030122817901e-07,0.9014586806297302,9.853399,9.854120016098022
3202,122.24687147140503,0.9014714,0.9014592170715332,2.245829364255769e-06,0.9014586806297302,9.852862,9.85407829284668
3203,122.28816223144531,0.9014714,0.9014604687690735,4.033443929074565e-06,0.9014586806297302,9.852862,9.853953123092651
3204,122.32301235198975,0.9014714,0.9014624953269958,5.453598987514852e-06,0.9014586806297302,9.852862,9.853750467300415
3205,122.35832810401917,0.9014714,0.9014670252799988,5.3559456318907905e-06,0.9014586806297302,9.852862,9.853297472000122
3206,122.39319682121277,0.9014714,0.9014711976051331,1.6873426034180738e-07,0.9014713168144226,9.852862,9.852880239486694
3207,122.42741894721985,0.9014714,0.9014711976051331,1.7881393432617188e-07,0.9014713764190674,9.852862,9.852880239486694
3208,122.46099495887756,0.9014714,0.9014711976051331,1.7881393432617188e-07,0.9014713764190674,9.852862,9.852880239486694
3209,122.49451422691345,0.90150493,0.9014713764190674,2.1181251668167533e-06,0.9014713764190674,9.849506,9.852862358093262
3210,122.53555059432983,0.90150493,0.9014716148376465,3.648156507551903e-06,0.9014713764190674,9.849506,9.852838516235352
3211,122.56931567192078,0.90150493,0.9014728665351868,7.155211733333999e-06,0.9014713764190674,9.849506,9.852713346481323
3212,122.60334062576294,0.90150493,0.901475727558136,1.1335027920722496e-05,0.9014713764190674,9.849506,9.852427244186401
3213,122.63773560523987,0.90150493,0.9014809131622314,1.4934331375116017e-05,0.9014713764190674,9.849506,9.851908683776855
3214,122.6805636882782,0.90150756,0.9014905691146851,1.5901521692285314e-05,0.9014713764190674,9.849244,9.850943088531494
3215,122.73592352867126,0.90150756,0.9015045166015625,9.359026194033504e-07,0.9015023708343506,9.849244,9.84954833984375
3216,122.7737250328064,0.9015076,0.9015049338340759,6.422647516046709e-07,0.9015048742294312,9.849238,9.849506616592407
3217,122.81526947021484,0.9015076,0.9015052318572998,9.481744314143725e-07,0.9015049338340759,9.849238,9.84947681427002
3218,122.84943509101868,0.9015076,0.9015056490898132,1.234338128597301e-06,0.9015049338340759,9.849238,9.849435091018677
3219,122.8830795288086,0.90150774,0.9015066623687744,1.2398757007758832e-06,0.9015049338340759,9.849226,9.849333763122559
3220,122.92486691474915,0.90150774,0.9015074968338013,1.1583703241058174e-07,0.901507556438446,9.849226,9.849250316619873
3221,122.96075916290283,0.90150774,0.9015074968338013,1.4730392194906017e-07,0.9015076160430908,9.849226,9.849250316619873
3222,122.99512028694153,0.90150774,0.901507556438446,1.2053764919528476e-07,0.9015076160430908,9.849226,9.849244356155396
3223,123.02860355377197,0.90150774,0.9015076160430908,1.0561031871247906e-07,0.9015076160430908,9.849226,9.849238395690918
3224,123.06189823150635,0.90150774,0.9015076756477356,5.960464477539063e-08,0.9015077352523804,9.849226,9.84923243522644
3225,123.09584999084473,0.90150774,0.9015076756477356,5.960464477539063e-08,0.9015077352523804,9.849226,9.84923243522644
3226,123.12907147407532,0.90150774,0.9015076756477356,5.960464477539063e-08,0.9015077352523804,9.849226,9.84923243522644
3227,123.16209316253662,0.90150774,0.9015076756477356,5.960464477539063e-08,0.9015077352523804,9.849226,9.84923243522644
3228,123.19608187675476,0.90150774,0.9015076756477356,5.960464477539063e-08,0.9015077352523804,9.849226,9.84923243522644
3229,123.22911930084229,0.9015172,0.9015077352523804,5.987711233501614e-07,0.9015077352523804,9.848279,9.849226474761963
3230,123.26986241340637,0.9015363,0.901508092880249,2.779574515443528e-06,0.9015077352523804,9.846372,9.849190711975098
3231,123.31349873542786,0.9015363,0.901509165763855,5.557903932640329e-06,0.9015077352523804,9.846372,9.849083423614502
3232,123.34867858886719,0.9015363,0.9015116095542908,9.007395419757813e-06,0.9015077352523804,9.846372,9.848839044570923
3233,123.38242506980896,0.9015454,0.9015166759490967,1.2318414519540966e-05,0.9015077352523804,9.845459,9.848332405090332
3234,123.42357087135315,0.90154886,0.9015264511108398,1.2277198948140722e-05,0.9015081524848938,9.845114,9.847354888916016
3235,123.46477246284485,0.9015493,0.9015375971794128,3.610947260312969e-06,0.9015362858772278,9.845072,9.846240282058716
3236,123.505202293396,0.9015497,0.9015394449234009,5.153019628778566e-06,0.9015362858772278,9.84503,9.846055507659912
3237,123.54702377319336,0.9015502,0.9015428423881531,5.893965408176882e-06,0.9015366435050964,9.844982,9.845715761184692
3238,123.58934688568115,0.9015502,0.9015486836433411,1.1470921208456275e-06,0.9015454053878784,9.844982,9.845131635665894
3239,123.62303590774536,0.90155095,0.9015493392944336,4.2026618984891684e-07,0.9015488624572754,9.844905,9.84506607055664
3240,123.66337466239929,0.90155137,0.9015496969223022,3.5460715253066155e-07,0.9015493392944336,9.844864,9.845030307769775
3241,123.7046890258789,0.9015517,0.9015500545501709,4.058570368670189e-07,0.9015496969223022,9.844828,9.84499454498291
3242,123.74689030647278,0.90155214,0.9015505313873291,4.860611966250872e-07,0.9015501141548157,9.844786,9.84494686126709
3243,123.78774833679199,0.90155214,0.9015507698059082,6.175702651489701e-07,0.9015501737594604,9.844786,9.84492301940918
3244,123.82228183746338,0.90155214,0.9015514850616455,4.988797854821314e-07,0.9015505909919739,9.844786,9.84485149383545
3245,123.85706639289856,0.901553,0.9015520215034485,2.6305906430934556e-07,0.9015517234802246,9.844703,9.844797849655151
3246,123.89665341377258,0.901553,0.9015520215034485,2.2859887849335792e-07,0.9015517234802246,9.844703,9.844797849655151
3247,123.92978572845459,0.9015534,0.9015522003173828,2.2869173221806705e-07,0.901552140712738,9.844661,9.844779968261719
3248,123.96870446205139,0.901573,0.9015523791313171,1.3646513252751902e-06,0.901552140712738,9.8427,9.844762086868286
3249,124.01030731201172,0.90157306,0.9015527963638306,2.62419598584529e-06,0.901552140712738,9.842693,9.844720363616943
3250,124.05026960372925,0.9015743,0.9015538692474365,4.3552768147492316e-06,0.901552140712738,9.842568,9.844613075256348
3251,124.09238171577454,0.9015743,0.9015558362007141,6.594061233045068e-06,0.9015533924102783,9.842568,9.844416379928589
3252,124.12612819671631,0.9015743,0.9015588760375977,8.957422323874198e-06,0.9015533924102783,9.842568,9.844112396240234
3253,124.15904927253723,0.9015794,0.9015648365020752,1.0036173989647068e-05,0.9015533924102783,9.842062,9.84351634979248
3254,124.19948840141296,0.9015794,0.901573896408081,1.1245772384427255e-06,0.9015730023384094,9.842062,9.842610359191895
3255,124.2333152294159,0.9015794,0.9015747308731079,1.4893370234858594e-06,0.9015743136405945,9.842062,9.842526912689209
3256,124.26655983924866,0.9015794,0.9015753865242004,2.1256396394164767e-06,0.9015743136405945,9.842062,9.842461347579956
3257,124.30110335350037,0.901581,0.9015769958496094,2.4746004783082753e-06,0.9015743136405945,9.841901,9.842300415039062
3258,124.34185886383057,0.901581,0.9015792012214661,2.67831438804933e-07,0.9015792608261108,9.841901,9.842079877853394
3259,124.3770363330841,0.9015811,0.9015793800354004,4.174529522060766e-07,0.9015793800354004,9.841889,9.842061996459961
3260,124.41898322105408,0.9015811,0.9015796184539795,6.365924605233886e-07,0.9015793800354004,9.841889,9.84203815460205
3261,124.4531741142273,0.90159565,0.9015800952911377,1.2565506040118635e-06,0.9015793800354004,9.840435,9.84199047088623
3262,124.49372053146362,0.90159565,0.9015809893608093,1.924853904711199e-06,0.901579737663269,9.840435,9.841901063919067
3263,124.52705264091492,0.9016066,0.9015820026397705,3.7925092328805476e-06,0.9015809893608093,9.839338,9.84179973602295
3264,124.56884837150574,0.9016069,0.9015837907791138,6.465971182478825e-06,0.9015811085700989,9.839308,9.841620922088623
3265,124.61010360717773,0.901608,0.9015876054763794,9.294081792177167e-06,0.9015811085700989,9.839201,9.84123945236206
3266,124.64887261390686,0.901608,0.9015952944755554,9.658407179813366e-06,0.9015811085700989,9.839201,9.840470552444458
3267,124.68291854858398,0.901608,0.9016030430793762,5.078351932752412e-06,0.9015960097312927,9.839201,9.839695692062378
3268,124.71742224693298,0.901608,0.901607096195221,5.518793955161527e-07,0.9016066193580627,9.839201,9.839290380477905
3269,124.75110006332397,0.901608,0.9016075730323792,4.1743601286725607e-07,0.9016069173812866,9.839201,9.839242696762085
3270,124.78506302833557,0.901608,0.9016078114509583,1.7881393432617188e-07,0.9016079902648926,9.839201,9.839218854904175
3271,124.81998634338379,0.901608,0.9016078114509583,1.7881393432617188e-07,0.9016079902648926,9.839201,9.839218854904175
3272,124.85407996177673,0.901608,0.9016078114509583,1.7881393432617188e-07,0.9016079902648926,9.839201,9.839218854904175
3273,124.88691926002502,0.901608,0.9016078114509583,1.7881393432617188e-07,0.9016079902648926,9.839201,9.839218854904175
3274,124.92106485366821,0.901608,0.9016078114509583,1.7881393432617188e-07,0.9016079902648926,9.839201,9.839218854904175
3275,124.95447087287903,0.901608,0.9016078114509583,1.7881393432617188e-07,0.9016079902648926,9.839201,9.839218854904175
3276,124.9880883693695,0.901608,0.9016078114509583,1.7881393432617188e-07,0.9016079902648926,9.839201,9.839218854904175
3277,125.02257442474365,0.90161145,0.9016078114509583,2.907145528752153e-07,0.9016079902648926,9.838856,9.839218854904175
3278,125.06415104866028,0.90161145,0.901607871055603,4.085422631305846e-07,0.9016079902648926,9.838856,9.839212894439697
3279,125.09837746620178,0.90161145,0.9016079902648926,7.237150043692964e-07,0.9016079902648926,9.838856,9.839200973510742
3280,125.13095116615295,0.9016149,0.9016082882881165,1.2020899475828628e-06,0.9016079902648926,9.83851,9.839171171188354
3281,125.17294120788574,0.9016149,0.9016087055206299,1.607376134415972e-06,0.9016079902648926,9.83851,9.839129447937012
3282,125.20646476745605,0.9016699,0.9016101360321045,4.335970061219996e-06,0.9016079902648926,9.833008,9.83898639678955
3283,125.24685525894165,0.9016699,0.9016127586364746,6.477048373199068e-06,0.9016114473342896,9.833008,9.838724136352539
3284,125.28083848953247,0.9016734,0.901615560054779,1.1802859262388665e-05,0.9016114473342896,9.832663,9.838443994522095
3285,125.32383251190186,0.90168035,0.9016217589378357,1.8107764844899066e-05,0.9016114473342896,9.8319645,9.83782410621643
3286,125.36537480354309,0.90168035,0.9016322493553162,2.3742170014884323e-05,0.9016149044036865,9.8319645,9.836775064468384
3287,125.39955854415894,0.90168035,0.9016501307487488,2.659215169842355e-05,0.9016183614730835,9.8319645,9.834986925125122
3288,125.43337082862854,0.90168035,0.9016743898391724,4.012964836874744e-06,0.9016672968864441,9.8319645,9.832561016082764
3289,125.46675539016724,0.90168035,0.9016780853271484,2.499903985153651e-06,0.9016742706298828,9.8319645,9.832191467285156
3290,125.50037050247192,0.90168035,0.9016802906990051,5.960464477539063e-08,0.9016803503036499,9.8319645,9.831970930099487
3291,125.53371119499207,0.9016988,0.9016803503036499,1.1662856422844925e-06,0.9016803503036499,9.830117,9.83196496963501
3292,125.57529640197754,0.9016988,0.9016805291175842,2.0083975869056303e-06,0.9016803503036499,9.830117,9.831947088241577
3293,125.60845232009888,0.9017072,0.901681125164032,4.20623200625414e-06,0.9016803503036499,9.829283,9.831887483596802
3294,125.64884972572327,0.9017072,0.9016833901405334,7.97415941633517e-06,0.9016803503036499,9.829283,9.831660985946655
3295,125.68622374534607,0.90172875,0.9016874432563782,1.1427740901126526e-05,0.9016803503036499,9.827126,9.831255674362183
3296,125.72615313529968,0.90172875,0.9016962051391602,1.290627278649481e-05,0.9016803503036499,9.827126,9.830379486083984
3297,125.76075005531311,0.90172875,0.9017084836959839,5.297429652273422e-06,0.9017019271850586,9.827126,9.829151630401611
3298,125.79427909851074,0.90172875,0.9017109274864197,7.3722912929952145e-06,0.9017071723937988,9.827126,9.828907251358032
3299,125.82697749137878,0.90172875,0.9017156362533569,8.851005077303853e-06,0.9017071723937988,9.827126,9.828436374664307
3300,125.8611855506897,0.90172875,0.9017235040664673,5.2883037824358325e-06,0.9017168283462524,9.827126,9.827649593353271
3301,125.89718532562256,0.90172875,0.9017286896705627,5.960464477539063e-08,0.9017287492752075,9.827126,9.827131032943726
3302,125.9326765537262,0.90172875,0.9017286896705627,5.960464477539063e-08,0.9017287492752075,9.827126,9.827131032943726
3303,125.96594738960266,0.90172875,0.9017286896705627,5.960464477539063e-08,0.9017287492752075,9.827126,9.827131032943726
3304,125.99867272377014,0.90172875,0.9017286896705627,5.960464477539063e-08,0.9017287492752075,9.827126,9.827131032943726
3305,126.03315091133118,0.90172875,0.9017286896705627,5.960464477539063e-08,0.9017287492752075,9.827126,9.827131032943726
3306,126.06815099716187,0.90172875,0.9017286896705627,5.960464477539063e-08,0.9017287492752075,9.827126,9.827131032943726
3307,126.10228705406189,0.90172875,0.9017286896705627,5.960464477539063e-08,0.9017287492752075,9.827126,9.827131032943726
3308,126.13506984710693,0.90172875,0.9017286896705627,5.960464477539063e-08,0.9017287492752075,9.827126,9.827131032943726
3309,126.16903972625732,0.90172875,0.9017286896705627,5.960464477539063e-08,0.9017287492752075,9.827126,9.827131032943726
3310,126.20172071456909,0.90172875,0.9017286896705627,5.960464477539063e-08,0.9017287492752075,9.827126,9.827131032943726
3311,126.23490738868713,0.90174323,0.9017287492752075,9.142174803855596e-07,0.9017287492752075,9.825677,9.827125072479248
3312,126.27425742149353,0.90174323,0.9017289280891418,1.5739899481559405e-06,0.9017287492752075,9.825677,9.827107191085815
3313,126.3065881729126,0.90174323,0.9017292857170105,2.8331253361102426e-06,0.9017287492752075,9.825677,9.82707142829895
3314,126.33996915817261,0.90174323,0.9017303586006165,4.595289738063002e-06,0.9017287492752075,9.825677,9.826964139938354
3315,126.37382364273071,0.90174323,0.901732325553894,6.280310117290355e-06,0.9017287492752075,9.825677,9.826767444610596
3316,126.40709805488586,0.90174323,0.9017360806465149,7.235446901177056e-06,0.9017287492752075,9.825677,9.82639193534851
3317,126.4416835308075,0.90174323,0.9017431735992432,5.960464477539063e-08,0.9017432332038879,9.825677,9.825682640075684
3318,126.47653770446777,0.90174323,0.9017431735992432,5.960464477539063e-08,0.9017432332038879,9.825677,9.825682640075684
3319,126.51053786277771,0.9017484,0.9017431735992432,3.363762459684949e-07,0.9017432332038879,9.825158,9.825682640075684
3320,126.55268120765686,0.9017484,0.9017432332038879,6.579139153473079e-07,0.9017432332038879,9.825158,9.825676679611206
3321,126.58547592163086,0.90174913,0.9017435312271118,1.2808328619939857e-06,0.9017432332038879,9.825087,9.825646877288818
3322,126.6262731552124,0.90174943,0.9017441272735596,1.9075378077104688e-06,0.9017432332038879,9.825057,9.825587272644043
3323,126.66824865341187,0.9017631,0.9017452597618103,2.7965434128418565e-06,0.9017432332038879,9.823692,9.82547402381897
3324,126.70960807800293,0.9017631,0.9017477631568909,3.5438706618151627e-06,0.9017432332038879,9.823692,9.825223684310913
3325,126.74471354484558,0.90176404,0.9017503261566162,4.2186475184280425e-06,0.9017484188079834,9.823597,9.824967384338379
3326,126.78633975982666,0.9017692,0.9017527103424072,6.153869890113128e-06,0.9017484188079834,9.823078,9.824728965759277
3327,126.82765555381775,0.9017692,0.9017578363418579,6.9644338509533554e-06,0.9017494320869446,9.823078,9.824216365814209
3328,126.86058497428894,0.9017702,0.9017647504806519,2.5476313112449134e-06,0.9017606377601624,9.822983,9.823524951934814
3329,126.90243315696716,0.9017702,0.9017667174339294,2.4519274575141026e-06,0.9017630815505981,9.822983,9.823328256607056
3330,126.93646049499512,0.9017716,0.9017689228057861,5.705428520741407e-07,0.9017682671546936,9.82284,9.823107719421387
3331,126.9772424697876,0.9017716,0.9017695188522339,5.074246018921258e-07,0.90176922082901,9.82284,9.823048114776611
3332,127.01048040390015,0.9017716,0.901769757270813,8.124200121528702e-07,0.90176922082901,9.82284,9.823024272918701
3333,127.04484152793884,0.9017716,0.9017702341079712,1.0390585885033943e-06,0.90176922082901,9.82284,9.82297658920288
3334,127.07987403869629,0.9017716,0.9017711877822876,5.987356530567922e-07,0.90176922082901,9.82284,9.82288122177124
3335,127.11315417289734,0.9017716,0.901771605014801,0.0,0.901771605014801,9.82284,9.822839498519897
3336,127.14757680892944,0.9017716,0.901771605014801,0.0,0.901771605014801,9.82284,9.822839498519897
3337,127.1813588142395,0.90177417,0.9017716646194458,1.6883907960618671e-07,0.901771605014801,9.822583,9.82283353805542
3338,127.22273755073547,0.9018185,0.9017718434333801,2.9661980534001486e-06,0.901771605014801,9.818149,9.822815656661987
3339,127.26197838783264,0.9018185,0.9017723202705383,5.0566718527989e-06,0.901771605014801,9.818149,9.822767972946167
3340,127.29858183860779,0.9018185,0.9017733931541443,8.080529369181022e-06,0.901771605014801,9.818149,9.822660684585571
3341,127.33586096763611,0.90182114,0.9017779231071472,1.4933278180251364e-05,0.901771605014801,9.817886,9.822207689285278
3342,127.37773418426514,0.90182114,0.9017847776412964,1.9552220692276023e-05,0.901771605014801,9.817886,9.821522235870361
3343,127.41159510612488,0.90182114,0.9017965197563171,2.2092770450399257e-05,0.9017741680145264,9.817886,9.820348024368286
3344,127.4447386264801,0.90182114,0.9018186330795288,1.4625087487729616e-06,0.9018168449401855,9.817886,9.81813669204712
3345,127.47817254066467,0.90182114,0.9018198251724243,7.869770115576102e-07,0.9018194675445557,9.817886,9.818017482757568
3346,127.51174521446228,0.90182114,0.9018206000328064,7.840488933652523e-07,0.9018194675445557,9.817886,9.81793999671936
3347,127.54485249519348,0.90182114,0.9018211364746094,0.0,0.9018211364746094,9.817886,9.817886352539062
3348,127.57831406593323,0.90182114,0.9018211364746094,0.0,0.9018211364746094,9.817886,9.817886352539062
3349,127.6108911037445,0.90182114,0.9018211364746094,0.0,0.9018211364746094,9.817886,9.817886352539062
3350,127.643563747406,0.90182114,0.9018211364746094,0.0,0.9018211364746094,9.817886,9.817886352539062
3351,127.67698502540588,0.90182114,0.9018211364746094,0.0,0.9018211364746094,9.817886,9.817886352539062
3352,127.71019530296326,0.90182114,0.9018211364746094,0.0,0.9018211364746094,9.817886,9.817886352539062
3353,127.74374079704285,0.90182555,0.9018211364746094,2.784036610137264e-07,0.9018211364746094,9.817446,9.817886352539062
3354,127.7849223613739,0.90182555,0.9018211960792542,5.524561856873333e-07,0.9018211364746094,9.817446,9.817880392074585
3355,127.81770420074463,0.90182555,0.9018213748931885,1.045840690494515e-06,0.9018211364746094,9.817446,9.817862510681152
3356,127.85433864593506,0.90182555,0.9018217921257019,1.615084784134524e-06,0.9018211364746094,9.817446,9.81782078742981
3357,127.88693189620972,0.90182555,0.9018226265907288,2.081353386529372e-06,0.9018211364746094,9.817446,9.817737340927124
3358,127.92018938064575,0.90182555,0.9018242359161377,2.0491866052907426e-06,0.9018211364746094,9.817446,9.81757640838623
3359,127.95400977134705,0.90182555,0.9018256068229675,5.960464477539063e-08,0.9018255472183228,9.817446,9.817439317703247
3360,127.98812103271484,0.90182555,0.9018256068229675,5.960464477539063e-08,0.9018255472183228,9.817446,9.817439317703247
3361,128.02006721496582,0.90182555,0.9018256068229675,5.960464477539063e-08,0.9018255472183228,9.817446,9.817439317703247
3362,128.0553696155548,0.90182555,0.9018256068229675,5.960464477539063e-08,0.9018255472183228,9.817446,9.817439317703247
3363,128.0887532234192,0.90182555,0.9018256068229675,5.960464477539063e-08,0.9018255472183228,9.817446,9.817439317703247
3364,128.12227964401245,0.9018417,0.9018256664276123,1.0190040029556258e-06,0.9018255472183228,9.81583,9.81743335723877
3365,128.16210508346558,0.9018417,0.9018259644508362,2.4675664462847635e-06,0.9018255472183228,9.81583,9.817403554916382
3366,128.19494581222534,0.9018417,0.9018270373344421,4.6145373744366225e-06,0.9018255472183228,9.81583,9.817296266555786
3367,128.22786164283752,0.9018417,0.9018288254737854,6.427779680961976e-06,0.9018255472183228,9.81583,9.81711745262146
3368,128.26030087471008,0.9018417,0.9018323421478271,7.968042154971045e-06,0.9018255472183228,9.81583,9.816765785217285
3369,128.29332780838013,0.9018417,0.9018393158912659,5.884175607206998e-06,0.9018255472183228,9.81583,9.816068410873413
3370,128.3274142742157,0.9018417,0.9018418788909912,1.7881393432617188e-07,0.9018417000770569,9.81583,9.815812110900879
3371,128.36225414276123,0.9018417,0.9018418788909912,1.7881393432617188e-07,0.9018417000770569,9.81583,9.815812110900879
3372,128.39677047729492,0.9018417,0.9018418788909912,1.7881393432617188e-07,0.9018417000770569,9.81583,9.815812110900879
3373,128.43132877349854,0.9018417,0.9018418788909912,1.7881393432617188e-07,0.9018417000770569,9.81583,9.815812110900879
3374,128.4650981426239,0.9018417,0.9018418788909912,1.7881393432617188e-07,0.9018417000770569,9.81583,9.815812110900879
3375,128.49776935577393,0.9018417,0.9018418788909912,1.7881393432617188e-07,0.9018417000770569,9.81583,9.815812110900879
3376,128.5305187702179,0.9018417,0.9018418788909912,1.7881393432617188e-07,0.9018417000770569,9.81583,9.815812110900879
3377,128.56440353393555,0.9018417,0.9018418788909912,1.7881393432617188e-07,0.9018417000770569,9.81583,9.815812110900879
3378,128.59831833839417,0.9018417,0.9018418788909912,1.7881393432617188e-07,0.9018417000770569,9.81583,9.815812110900879
3379,128.63195037841797,0.9018417,0.9018418788909912,1.7881393432617188e-07,0.9018417000770569,9.81583,9.815812110900879
3380,128.66486048698425,0.9018417,0.9018418788909912,1.7881393432617188e-07,0.9018417000770569,9.81583,9.815812110900879
3381,128.6986701488495,0.9018417,0.9018418788909912,1.7881393432617188e-07,0.9018417000770569,9.81583,9.815812110900879
3382,128.73199033737183,0.901893,0.9018420577049255,3.23643166666443e-06,0.9018417000770569,9.810698,9.815794229507446
3383,128.77198600769043,0.901893,0.9018422365188599,4.564505616144743e-06,0.9018417000770569,9.810698,9.815776348114014
3384,128.80570483207703,0.901893,0.9018434286117554,9.014700481202453e-06,0.9018417000770569,9.810698,9.815657138824463
3385,128.8392858505249,0.901893,0.9018468856811523,1.5229178643494379e-05,0.9018417000770569,9.810698,9.815311431884766
3386,128.8724443912506,0.901893,0.9018543362617493,2.1981928512104787e-05,0.9018417000770569,9.810698,9.814566373825073
3387,128.90665578842163,0.901893,0.9018686413764954,2.5518769689369947e-05,0.9018417000770569,9.810698,9.813135862350464
3388,128.93994975090027,0.9018953,0.9018929600715637,1.58326102450701e-07,0.9018930196762085,9.810472,9.810703992843628
3389,128.9823625087738,0.9019051,0.9018930196762085,8.154979127539264e-07,0.9018930196762085,9.809488,9.81069803237915
3390,129.0240833759308,0.9019051,0.9018932580947876,1.596286551830417e-06,0.9018930196762085,9.809488,9.81067419052124
3391,129.05784797668457,0.9019051,0.9018941521644592,3.133091468043858e-06,0.9018930196762085,9.809488,9.810584783554077
3392,129.092022895813,0.9019073,0.9018959403038025,4.6626973926322535e-06,0.9018930196762085,9.809267,9.810405969619751
3393,129.1588475704193,0.9019051,0.8977272510528564,0.0036480992566794157,0.8893208503723145,9.809488,10.227274894714355
3394,129.200457572937,0.9019051,0.9008147120475769,0.0009277227218262851,0.8988680839538574,9.809488,9.91852879524231
3395,129.23405718803406,0.9019604,0.9016308784484863,0.0002519765985198319,0.9010661244392395,9.803963,9.836912155151367
3396,129.27489566802979,0.9019604,0.9018591046333313,4.482829899643548e-05,0.9017121195793152,9.803963,9.81408953666687
3397,129.30978775024414,0.9019604,0.9018959403038025,1.4345638192025945e-05,0.9018669724464417,9.803963,9.810405969619751
3398,129.34516072273254,0.90199864,0.9019078612327576,1.8169424947700463e-05,0.90189528465271,9.800137,9.809213876724243
3399,129.3873312473297,0.90200084,0.9019203782081604,2.9746644941042177e-05,0.9019051194190979,9.799915,9.80796217918396
3400,129.4290132522583,0.90200084,0.901941180229187,3.874566391459666e-05,0.9019073247909546,9.799915,9.805881977081299
3401,129.46257162094116,0.90200084,0.9019761085510254,2.8460963221732527e-05,0.9019147753715515,9.799915,9.802389144897461
3402,129.4960539340973,0.90200084,0.9019981026649475,3.3331064059893833e-06,0.9019889235496521,9.799915,9.800189733505249
3403,129.5299654006958,0.90200084,0.9019999504089355,1.0428523182781646e-06,0.9019986391067505,9.799915,9.800004959106445
3404,129.56231498718262,0.90200084,0.9020007252693176,1.1920928955078125e-07,0.9020008444786072,9.799915,9.799927473068237
3405,129.5956723690033,0.90200084,0.9020007252693176,1.1920928955078125e-07,0.9020008444786072,9.799915,9.799927473068237
3406,129.6290364265442,0.90200084,0.9020007252693176,1.1920928955078125e-07,0.9020008444786072,9.799915,9.799927473068237
3407,129.6627471446991,0.90200084,0.9020007252693176,1.1920928955078125e-07,0.9020008444786072,9.799915,9.799927473068237
3408,129.69557809829712,0.90200084,0.9020007252693176,1.1920928955078125e-07,0.9020008444786072,9.799915,9.799927473068237
3409,129.72902989387512,0.9021437,0.9020012617111206,9.001322723634075e-06,0.9020008444786072,9.785628,9.79987382888794
3410,129.77094960212708,0.90215236,0.9020030498504639,1.826892366807442e-05,0.9020008444786072,9.784764,9.799695014953613
3411,129.81124067306519,0.90215755,0.9020088911056519,3.381460555829108e-05,0.9020008444786072,9.7842455,9.799110889434814
3412,129.85263895988464,0.90215755,0.9020220637321472,5.243964187684469e-05,0.9020008444786072,9.7842455,9.797793626785278
3413,129.88664960861206,0.90215755,0.9020504355430603,7.131252641556785e-05,0.9020008444786072,9.7842455,9.79495644569397
3414,129.92016530036926,0.90215755,0.9021012187004089,7.213807111838832e-05,0.9020008444786072,9.7842455,9.789878129959106
3415,129.95348525047302,0.90215755,0.9021565318107605,1.5154547554629971e-06,0.9021523594856262,9.7842455,9.78434681892395
3416,129.9855945110321,0.90215755,0.9021576642990112,1.1920928955078125e-07,0.9021575450897217,9.7842455,9.784233570098877
3417,130.0193727016449,0.90215755,0.9021576642990112,1.1920928955078125e-07,0.9021575450897217,9.7842455,9.784233570098877
3418,130.05308365821838,0.90215755,0.9021576642990112,1.1920928955078125e-07,0.9021575450897217,9.7842455,9.784233570098877
3419,130.0859875679016,0.90215755,0.9021576642990112,1.1920928955078125e-07,0.9021575450897217,9.7842455,9.784233570098877
3420,130.1191849708557,0.90215755,0.9021576642990112,1.1920928955078125e-07,0.9021575450897217,9.7842455,9.784233570098877
3421,130.15466952323914,0.90215755,0.9021576642990112,1.1920928955078125e-07,0.9021575450897217,9.7842455,9.784233570098877
3422,130.18957233428955,0.90215755,0.9021576642990112,1.1920928955078125e-07,0.9021575450897217,9.7842455,9.784233570098877
3423,130.22767996788025,0.90215755,0.9021576642990112,1.1920928955078125e-07,0.9021575450897217,9.7842455,9.784233570098877
3424,130.26129508018494,0.90215755,0.9021576642990112,1.1920928955078125e-07,0.9021575450897217,9.7842455,9.784233570098877
3425,130.2961404323578,0.90215755,0.9021576642990112,1.1920928955078125e-07,0.9021575450897217,9.7842455,9.784233570098877
3426,130.3313593864441,0.90215755,0.9021576642990112,1.1920928955078125e-07,0.9021575450897217,9.7842455,9.784233570098877
3427,130.36624836921692,0.90215755,0.9021576642990112,1.1920928955078125e-07,0.9021575450897217,9.7842455,9.784233570098877
3428,130.4009301662445,0.90215755,0.9021576642990112,1.1920928955078125e-07,0.9021575450897217,9.7842455,9.784233570098877
3429,130.43530750274658,0.90215755,0.9021576642990112,1.1920928955078125e-07,0.9021575450897217,9.7842455,9.784233570098877
3430,130.46951031684875,0.90215755,0.9021576642990112,1.1920928955078125e-07,0.9021575450897217,9.7842455,9.784233570098877
3431,130.50292301177979,0.90215755,0.9021576642990112,1.1920928955078125e-07,0.9021575450897217,9.7842455,9.784233570098877
3432,130.53624439239502,0.90217054,0.902157723903656,8.283276429210673e-07,0.9021575450897217,9.782946,9.7842276096344
3433,130.57629418373108,0.90217054,0.9021578431129456,1.4192416983860312e-06,0.9021575450897217,9.782946,9.784215688705444
3434,130.60966444015503,0.90217054,0.9021580815315247,2.2857750536786625e-06,0.9021575450897217,9.782946,9.784191846847534
3435,130.64247512817383,0.90217054,0.9021589159965515,3.823197857855121e-06,0.9021575450897217,9.782946,9.784108400344849
3436,130.67585968971252,0.90217054,0.9021605849266052,5.4603842727374285e-06,0.9021575450897217,9.782946,9.783941507339478
3437,130.70931005477905,0.90217054,0.902163565158844,6.476384896814125e-06,0.9021575450897217,9.782946,9.7836434841156
3438,130.74278831481934,0.90217054,0.9021695256233215,3.4262193366885185e-06,0.9021575450897217,9.782946,9.783047437667847
3439,130.7749741077423,0.9021711,0.9021704792976379,7.038453730956462e-08,0.9021705389022827,9.782892,9.782952070236206
3440,130.81588673591614,0.9021711,0.9021704792976379,1.0936329886135354e-07,0.9021705389022827,9.782892,9.782952070236206
3441,130.84990787506104,0.9021711,0.9021704792976379,1.737148096481178e-07,0.9021705389022827,9.782892,9.782952070236206
3442,130.8828706741333,0.9021711,0.9021705985069275,2.035944106637544e-07,0.9021705389022827,9.782892,9.782940149307251
3443,130.91743326187134,0.9021711,0.902170717716217,2.6421335519444256e-07,0.9021705389022827,9.782892,9.782928228378296
3444,130.95163440704346,0.9021711,0.9021709561347961,2.168255122114715e-07,0.9021705389022827,9.782892,9.782904386520386
3445,130.98468852043152,0.9021711,0.9021710753440857,0.0,0.9021710753440857,9.782892,9.78289246559143
3446,131.0184485912323,0.9021711,0.9021710753440857,0.0,0.9021710753440857,9.782892,9.78289246559143
3447,131.05073237419128,0.9021711,0.9021710753440857,0.0,0.9021710753440857,9.782892,9.78289246559143
3448,131.08318161964417,0.9021711,0.9021710753440857,0.0,0.9021710753440857,9.782892,9.78289246559143
3449,131.11607956886292,0.9021711,0.9021710753440857,0.0,0.9021710753440857,9.782892,9.78289246559143
3450,131.15092086791992,0.9021711,0.9021710753440857,0.0,0.9021710753440857,9.782892,9.78289246559143
3451,131.18424820899963,0.9021711,0.9021710753440857,0.0,0.9021710753440857,9.782892,9.78289246559143
3452,131.2183074951172,0.90218955,0.9021711349487305,1.1640444199656486e-06,0.9021710753440857,9.781045,9.782886505126953
3453,131.26033210754395,0.90218955,0.9021716117858887,2.7900166514882585e-06,0.9021710753440857,9.781045,9.782838821411133
3454,131.29362440109253,0.90218955,0.9021726250648499,4.8151318878808524e-06,0.9021710753440857,9.781045,9.782737493515015
3455,131.32683444023132,0.90218955,0.9021750092506409,6.900006610521814e-06,0.9021710753440857,9.781045,9.782499074935913
3456,131.36091327667236,0.90218955,0.9021795988082886,8.044606147450395e-06,0.9021710753440857,9.781045,9.782040119171143
3457,131.39538407325745,0.90218985,0.9021868109703064,3.675344942166703e-06,0.9021782875061035,9.781015,9.78131890296936
3458,131.43694162368774,0.90218985,0.9021894931793213,8.077811486373321e-08,0.9021895527839661,9.781015,9.781050682067871
3459,131.49830031394958,0.90221316,0.898323118686676,0.0030824460554867983,0.8916436433792114,9.778685,10.167688131332397
3460,131.5393078327179,0.90221316,0.9009349346160889,0.0010269918711856008,0.8987932205200195,9.778685,9.906506538391113
3461,131.57202458381653,0.90221316,0.9018629789352417,0.0003210558497812599,0.9011836051940918,9.778685,9.81370210647583
3462,131.60570693016052,0.90221345,0.9021342992782593,6.692964234389365e-05,0.9019426703453064,9.778654,9.786570072174072
3463,131.64573740959167,0.90221345,0.9021933674812317,2.0511886759777553e-05,0.9021337032318115,9.778654,9.780663251876831
3464,131.6785717010498,0.90222317,0.9022132158279419,6.334496447379934e-07,0.9022131562232971,9.777683,9.77867841720581
3465,131.71807718276978,0.90222317,0.9022133350372314,1.2531073707577889e-06,0.9022131562232971,9.777683,9.778666496276855
3466,131.75150775909424,0.90222347,0.9022137522697449,2.207711531809764e-06,0.9022131562232971,9.777653,9.778624773025513
3467,131.79354906082153,0.9022461,0.9022148251533508,3.945516255043913e-06,0.9022131562232971,9.775389,9.778517484664917
3468,131.83511209487915,0.9022461,0.9022167921066284,5.790616796730319e-06,0.902213454246521,9.775389,9.778320789337158
3469,131.86986470222473,0.9022465,0.9022207856178284,7.5741713772004005e-06,0.902213454246521,9.7753525,9.777921438217163
3470,131.90994310379028,0.90225613,0.902226448059082,7.932373591756914e-06,0.9022231698036194,9.774387,9.777355194091797
3471,131.95230436325073,0.90225613,0.9022307991981506,1.1881506907229777e-05,0.9022234678268433,9.774387,9.776920080184937
3472,131.98845386505127,0.9022564,0.9022383689880371,1.4026425560587086e-05,0.9022234678268433,9.774357,9.776163101196289
3473,132.02907299995422,0.9022564,0.9022515416145325,4.961134891345864e-06,0.9022461175918579,9.774357,9.774845838546753
3474,132.06326508522034,0.9022564,0.9022560715675354,1.4132101000541297e-07,0.9022558331489563,9.774357,9.77439284324646
3475,132.0965576171875,0.9022564,0.9022560715675354,2.1017939388912055e-07,0.9022561311721802,9.774357,9.77439284324646
3476,132.13090229034424,0.9022564,0.902256190776825,1.964292550837854e-07,0.9022561311721802,9.774357,9.774380922317505
3477,132.16500210762024,0.9022564,0.9022563099861145,1.1920928955078125e-07,0.902256429195404,9.774357,9.77436900138855
3478,132.1979238986969,0.9022564,0.9022563099861145,1.1920928955078125e-07,0.902256429195404,9.774357,9.77436900138855
3479,132.2325553894043,0.9022564,0.9022563099861145,1.1920928955078125e-07,0.902256429195404,9.774357,9.77436900138855
3480,132.26870465278625,0.9022564,0.9022563099861145,1.1920928955078125e-07,0.902256429195404,9.774357,9.77436900138855
3481,132.30397176742554,0.9022564,0.9022563099861145,1.1920928955078125e-07,0.902256429195404,9.774357,9.77436900138855
3482,132.339373588562,0.9022564,0.9022563099861145,1.1920928955078125e-07,0.902256429195404,9.774357,9.77436900138855
3483,132.3745675086975,0.9022564,0.9022563099861145,1.1920928955078125e-07,0.902256429195404,9.774357,9.77436900138855
3484,132.4094798564911,0.9022564,0.9022563099861145,1.1920928955078125e-07,0.902256429195404,9.774357,9.77436900138855
3485,132.4437174797058,0.9022564,0.9022563099861145,1.1920928955078125e-07,0.902256429195404,9.774357,9.77436900138855
3486,132.47700452804565,0.9022564,0.9022563099861145,1.1920928955078125e-07,0.902256429195404,9.774357,9.77436900138855
3487,132.51085376739502,0.9022564,0.9022563099861145,1.1920928955078125e-07,0.902256429195404,9.774357,9.77436900138855
3488,132.5445520877838,0.9022564,0.9022563099861145,1.1920928955078125e-07,0.902256429195404,9.774357,9.77436900138855
3489,132.5789942741394,0.9022564,0.9022563099861145,1.1920928955078125e-07,0.902256429195404,9.774357,9.77436900138855
3490,132.61285042762756,0.9022564,0.9022563099861145,1.1920928955078125e-07,0.902256429195404,9.774357,9.77436900138855
3491,132.6485137939453,0.9022564,0.9022563099861145,1.1920928955078125e-07,0.902256429195404,9.774357,9.77436900138855
3492,132.69657158851624,0.9022564,0.9022563099861145,1.1920928955078125e-07,0.902256429195404,9.774357,9.77436900138855
3493,132.74094891548157,0.9022564,0.9022563099861145,1.1920928955078125e-07,0.902256429195404,9.774357,9.77436900138855
3494,132.7764778137207,0.9022564,0.9022563099861145,1.1920928955078125e-07,0.902256429195404,9.774357,9.77436900138855
3495,132.81197142601013,0.9022564,0.9022563099861145,1.1920928955078125e-07,0.902256429195404,9.774357,9.77436900138855
3496,132.8462905883789,0.9022564,0.9022563099861145,1.1920928955078125e-07,0.902256429195404,9.774357,9.77436900138855
3497,132.88136625289917,0.9022679,0.9022563099861145,7.39501956559252e-07,0.902256429195404,9.773212,9.77436900138855
3498,132.92058634757996,0.9022679,0.902256429195404,1.4446893601416377e-06,0.902256429195404,9.773212,9.774357080459595
3499,132.95493602752686,0.90228117,0.9022576808929443,4.940100552630611e-06,0.902256429195404,9.771883,9.774231910705566
3500,132.99528121948242,0.90228117,0.9022602438926697,8.182004421541933e-06,0.902256429195404,9.771883,9.773975610733032
3501,133.03854084014893,0.90228117,0.9022656083106995,1.0731381735240575e-05,0.902256429195404,9.771883,9.773439168930054
3502,133.07244515419006,0.90228117,0.9022753238677979,7.767456736473832e-06,0.902256429195404,9.771883,9.772467613220215
3503,133.10528421401978,0.90228117,0.9022802114486694,7.472703487110266e-07,0.9022796154022217,9.771883,9.771978855133057
3504,133.1386787891388,0.9023109,0.902280867099762,2.008534920605598e-06,0.9022796154022217,9.768909,9.771913290023804
3505,133.1772439479828,0.9023109,0.9022815823554993,3.7250817968015326e-06,0.9022811651229858,9.768909,9.771841764450073
3506,133.21117091178894,0.9023124,0.9022827744483948,6.7282799136592075e-06,0.9022811651229858,9.768761,9.771722555160522
3507,133.25114369392395,0.9023124,0.9022854566574097,9.847844921750948e-06,0.9022811651229858,9.768761,9.771454334259033
3508,133.28520441055298,0.9023124,0.9022905230522156,1.2270564184291288e-05,0.9022811651229858,9.768761,9.770947694778442
3509,133.32064938545227,0.9023124,0.9023003578186035,1.028982842399273e-05,0.9022811651229858,9.768761,9.769964218139648
3510,133.35581398010254,0.9023124,0.9023093581199646,4.345155048213201e-06,0.9022995233535767,9.768761,9.76906418800354
3511,133.38942623138428,0.9023124,0.9023119211196899,7.091195470820821e-07,0.9023109078407288,9.768761,9.768807888031006
3512,133.4228868484497,0.9023124,0.9023123979568481,0.0,0.9023123979568481,9.768761,9.768760204315186
3513,133.45632433891296,0.9023124,0.9023123979568481,0.0,0.9023123979568481,9.768761,9.768760204315186
3514,133.48975229263306,0.9023124,0.9023123979568481,0.0,0.9023123979568481,9.768761,9.768760204315186
3515,133.5212881565094,0.9023124,0.9023123979568481,0.0,0.9023123979568481,9.768761,9.768760204315186
3516,133.55593538284302,0.9023124,0.9023123979568481,0.0,0.9023123979568481,9.768761,9.768760204315186
3517,133.5897855758667,0.9023124,0.9023123979568481,0.0,0.9023123979568481,9.768761,9.768760204315186
3518,133.62329626083374,0.9023124,0.9023123979568481,0.0,0.9023123979568481,9.768761,9.768760204315186
3519,133.6573829650879,0.9023124,0.9023123979568481,0.0,0.9023123979568481,9.768761,9.768760204315186
3520,133.69132089614868,0.90232676,0.9023124575614929,9.097553856918239e-07,0.9023123979568481,9.7673235,9.768754243850708
3521,133.73246598243713,0.9023636,0.9023127555847168,3.577062216209015e-06,0.9023123979568481,9.76364,9.76872444152832
3522,133.7731282711029,0.9023636,0.9023142457008362,8.681105100549757e-06,0.9023123979568481,9.76364,9.768575429916382
3523,133.80761075019836,0.9023651,0.9023184180259705,1.551273999211844e-05,0.9023123979568481,9.763491,9.768158197402954
3524,133.84808993339539,0.9023651,0.9023279547691345,2.243217568320688e-05,0.9023123979568481,9.763491,9.767204523086548
3525,133.88155579566956,0.9023651,0.9023457765579224,2.2908649043529294e-05,0.9023139476776123,9.763491,9.765422344207764
3526,133.91592240333557,0.9023674,0.902364194393158,7.397890158244991e-07,0.9023635983467102,9.763259,9.763580560684204
3527,133.95717358589172,0.9023674,0.9023646116256714,7.437008662236622e-07,0.9023635983467102,9.763259,9.763538837432861
3528,133.99175000190735,0.9023674,0.9023651480674744,5.264677724881039e-07,0.9023650884628296,9.763259,9.763485193252563
3529,134.02548503875732,0.9023674,0.9023653864860535,7.825626653357176e-07,0.9023650884628296,9.763259,9.763461351394653
3530,134.0594437122345,0.9023674,0.9023657441139221,1.0311721325706458e-06,0.9023650884628296,9.763259,9.763425588607788
3531,134.0949776172638,0.9023674,0.9023664593696594,1.1189371207365184e-06,0.9023650884628296,9.763259,9.763354063034058
3532,134.13270092010498,0.9023674,0.9023674726486206,5.960464477539063e-08,0.9023674130439758,9.763259,9.76325273513794
3533,134.16616463661194,0.9023751,0.9023675918579102,5.065172672402696e-07,0.9023674130439758,9.762489,9.763240814208984
3534,134.2063057422638,0.9023751,0.9023675918579102,8.400775755035284e-07,0.9023674130439758,9.762489,9.763240814208984
3535,134.23919415473938,0.9023751,0.9023678302764893,1.6124183730426012e-06,0.9023674130439758,9.762489,9.763216972351074
3536,134.27165937423706,0.90239906,0.9023686647415161,3.69144117939868e-06,0.9023674130439758,9.760094,9.763133525848389
3537,134.31324791908264,0.9024067,0.9023711085319519,7.3572509791119955e-06,0.9023674130439758,9.759331,9.76288914680481
3538,134.35541367530823,0.9024067,0.902376115322113,1.0728160305006895e-05,0.9023674130439758,9.759331,9.762388467788696
3539,134.3903729915619,0.9024067,0.9023835062980652,1.2585778677021153e-05,0.9023751020431519,9.759331,9.761649370193481
3540,134.4247076511383,0.9024067,0.9023929834365845,1.353509560431121e-05,0.9023751020431519,9.759331,9.760701656341553
3541,134.45756912231445,0.9024146,0.9024044871330261,3.5370594559935853e-06,0.9023990631103516,9.758538,9.759551286697388
3542,134.49802446365356,0.9024146,0.9024071097373962,1.6313125570377451e-06,0.9024066925048828,9.758538,9.759289026260376
3543,134.53122115135193,0.9024239,0.9024078249931335,2.5395486318302574e-06,0.9024066925048828,9.757608,9.759217500686646
3544,134.5717761516571,0.9024239,0.9024094939231873,3.956288765039062e-06,0.9024066925048828,9.757608,9.759050607681274
3545,134.6064953804016,0.90244585,0.9024129509925842,5.110763595439494e-06,0.9024066925048828,9.755415,9.758704900741577
3546,134.64782404899597,0.90246314,0.9024172425270081,7.748219104541931e-06,0.9024125337600708,9.753686,9.758275747299194
3547,134.6876163482666,0.90246314,0.9024239778518677,1.0185541214013938e-05,0.9024125337600708,9.753686,9.757602214813232
3548,134.72481632232666,0.90246904,0.9024333357810974,1.227883967658272e-05,0.9024239182472229,9.753096,9.756666421890259
3549,134.76484608650208,0.90246904,0.9024435877799988,1.4521255252475385e-05,0.9024297595024109,9.753096,9.755641222000122
3550,134.79838061332703,0.90246904,0.9024580121040344,8.875241292116698e-06,0.9024438858032227,9.753096,9.754198789596558
3551,134.83182787895203,0.9025114,0.9024665355682373,4.065363555127988e-06,0.9024630188941956,9.748858,9.75334644317627
3552,134.87183022499084,0.9025352,0.9024698734283447,6.196612957865e-06,0.9024690389633179,9.74648,9.753012657165527
3553,134.91349625587463,0.9025352,0.9024724364280701,1.2160490769019816e-05,0.9024690389633179,9.74648,9.752756357192993
3554,134.9478452205658,0.9025352,0.9024790525436401,2.0424675312824547e-05,0.9024690389633179,9.74648,9.752094745635986
3555,134.98077487945557,0.9025352,0.9024913311004639,2.5325791284558363e-05,0.9024690389633179,9.74648,9.750866889953613
3556,135.014479637146,0.90254474,0.9025149941444397,1.7279638996114954e-05,0.9024805426597595,9.745526,9.74850058555603
3557,135.05737948417664,0.90254474,0.9025323987007141,7.963705684232991e-06,0.9025107622146606,9.745526,9.746760129928589
3558,135.09299898147583,0.90254474,0.9025359749794006,2.4349417344637914e-06,0.9025352001190186,9.745526,9.746402502059937
3559,135.12650442123413,0.90254474,0.9025369882583618,3.6007215840072604e-06,0.9025352001190186,9.745526,9.746301174163818
3560,135.15953755378723,0.90254474,0.9025390148162842,4.56405268778326e-06,0.9025352001190186,9.745526,9.746098518371582
3561,135.19375467300415,0.90254474,0.9025428891181946,3.5809162000077777e-06,0.9025352001190186,9.745526,9.745711088180542
3562,135.22723245620728,0.90254474,0.9025449156761169,1.7881393432617188e-07,0.9025447368621826,9.745526,9.745508432388306
3563,135.26014375686646,0.90254474,0.9025449156761169,1.7881393432617188e-07,0.9025447368621826,9.745526,9.745508432388306
3564,135.29367184638977,0.90254474,0.9025449156761169,1.7881393432617188e-07,0.9025447368621826,9.745526,9.745508432388306
3565,135.32746648788452,0.90254474,0.9025449156761169,1.7881393432617188e-07,0.9025447368621826,9.745526,9.745508432388306
3566,135.36355900764465,0.90254474,0.9025449156761169,1.7881393432617188e-07,0.9025447368621826,9.745526,9.745508432388306
3567,135.3971495628357,0.90254474,0.9025449156761169,1.7881393432617188e-07,0.9025447368621826,9.745526,9.745508432388306
3568,135.43090867996216,0.90254474,0.9025449156761169,1.7881393432617188e-07,0.9025447368621826,9.745526,9.745508432388306
3569,135.46430253982544,0.9025802,0.9025450348854065,2.23954316425079e-06,0.9025447368621826,9.74198,9.74549651145935
3570,135.50451159477234,0.9025802,0.9025453925132751,4.154475391260348e-06,0.9025447368621826,9.74198,9.745460748672485
3571,135.53928780555725,0.9025802,0.9025469422340393,7.5369816840975545e-06,0.9025447368621826,9.74198,9.74530577659607
3572,135.57319951057434,0.9025802,0.9025499820709229,1.1243393601034768e-05,0.9025447368621826,9.74198,9.745001792907715
3573,135.6076316833496,0.9025802,0.9025563597679138,1.4300278962764423e-05,0.9025447368621826,9.74198,9.744364023208618
3574,135.64014315605164,0.9025802,0.9025686383247375,1.1190791155968327e-05,0.9025453329086304,9.74198,9.743136167526245
3575,135.67283606529236,0.90258074,0.9025777578353882,4.447400442586513e-06,0.9025697112083435,9.741926,9.742224216461182
3576,135.7134885787964,0.90258074,0.902580201625824,1.3960797673462366e-07,0.902580201625824,9.741926,9.741979837417603
3577,135.74526715278625,0.90258074,0.9025803208351135,2.0160331359875272e-07,0.902580201625824,9.741926,9.741967916488647
3578,135.7793791294098,0.90258074,0.9025803804397583,2.609386058338714e-07,0.902580201625824,9.741926,9.74196195602417
3579,135.81255340576172,0.90258074,0.9025804996490479,2.5268511194553867e-07,0.902580201625824,9.741926,9.741950035095215
3580,135.84620308876038,0.90258074,0.9025806188583374,1.1920928955078125e-07,0.902580738067627,9.741926,9.74193811416626
3581,135.88029789924622,0.90258074,0.9025806188583374,1.1920928955078125e-07,0.902580738067627,9.741926,9.74193811416626
3582,135.91330552101135,0.9025931,0.9025806188583374,7.952518217280158e-07,0.902580738067627,9.740692,9.74193811416626
3583,135.96181654930115,0.9025931,0.902580738067627,1.2282224588489044e-06,0.902580738067627,9.740692,9.741926193237305
3584,135.9993453025818,0.9026034,0.9025814533233643,3.2267892038362334e-06,0.902580738067627,9.739661,9.741854667663574
3585,136.04069638252258,0.9026034,0.9025829434394836,5.7197407841158565e-06,0.902580738067627,9.739661,9.741705656051636
3586,136.07726883888245,0.9026174,0.9025865793228149,8.334302947332617e-06,0.902580738067627,9.73826,9.741342067718506
3587,136.1192512512207,0.9026174,0.9025936722755432,8.466996405331884e-06,0.902580738067627,9.73826,9.740632772445679
3588,136.15398907661438,0.9026174,0.9026013612747192,5.125698407937307e-06,0.9025967121124268,9.73826,9.739863872528076
3589,136.1882677078247,0.9026174,0.9026054739952087,4.985807208868209e-06,0.9026033878326416,9.73826,9.739452600479126
3590,136.22249388694763,0.9026174,0.902608335018158,6.573042355739744e-06,0.9026033878326416,9.73826,9.739166498184204
3591,136.2555947303772,0.90262234,0.9026140570640564,5.765269634139258e-06,0.9026033878326416,9.737766,9.73859429359436
3592,136.29738783836365,0.90262234,0.9026175141334534,5.387981332205527e-07,0.9026173949241638,9.737766,9.738248586654663
3593,136.33305883407593,0.90262234,0.9026176929473877,1.052848119798e-06,0.9026173949241638,9.737766,9.73823070526123
3594,136.36844754219055,0.90262234,0.9026181101799011,1.6942301499511814e-06,0.9026173949241638,9.737766,9.738188982009888
3595,136.4025092124939,0.90262234,0.9026188850402832,2.24036648432957e-06,0.9026173949241638,9.737766,9.73811149597168
3596,136.43685126304626,0.90262234,0.9026204347610474,2.3620473257324193e-06,0.9026173949241638,9.737766,9.737956523895264
3597,136.47136640548706,0.90262234,0.9026222825050354,4.825320587542592e-08,0.9026222825050354,9.737766,9.73777174949646
3598,136.5055787563324,0.90262234,0.9026222825050354,5.960464477539063e-08,0.9026223421096802,9.737766,9.73777174949646
3599,136.53814697265625,0.90262234,0.9026222825050354,5.960464477539063e-08,0.9026223421096802,9.737766,9.73777174949646
3600,136.57187056541443,0.90262234,0.9026222825050354,5.960464477539063e-08,0.9026223421096802,9.737766,9.73777174949646
3601,136.60519337654114,0.90262234,0.9026222825050354,5.960464477539063e-08,0.9026223421096802,9.737766,9.73777174949646
3602,136.6380271911621,0.90262234,0.9026222825050354,5.960464477539063e-08,0.9026223421096802,9.737766,9.73777174949646
3603,136.67252731323242,0.90262234,0.9026222825050354,5.960464477539063e-08,0.9026223421096802,9.737766,9.73777174949646
3604,136.70572876930237,0.9026291,0.9026222825050354,4.3299772300997574e-07,0.9026223421096802,9.737092,9.73777174949646
3605,136.7460126876831,0.902636,0.9026224613189697,1.6507923419339932e-06,0.9026223421096802,9.736401,9.737753868103027
3606,136.78661441802979,0.902636,0.9026230573654175,2.90472712549672e-06,0.9026223421096802,9.736401,9.737694263458252
3607,136.81964993476868,0.902636,0.9026244878768921,4.804060608876171e-06,0.9026223421096802,9.736401,9.737551212310791
3608,136.85328912734985,0.902636,0.9026273488998413,6.255062089621788e-06,0.9026223421096802,9.736401,9.73726511001587
3609,136.88571119308472,0.902636,0.9026327729225159,5.056316695117857e-06,0.9026223421096802,9.736401,9.736722707748413
3610,136.91895389556885,0.902636,0.902635931968689,5.960464477539063e-08,0.9026359915733337,9.736401,9.736406803131104
3611,136.95107412338257,0.902636,0.902635931968689,5.960464477539063e-08,0.9026359915733337,9.736401,9.736406803131104
3612,136.98452639579773,0.902636,0.902635931968689,5.960464477539063e-08,0.9026359915733337,9.736401,9.736406803131104
3613,137.01712703704834,0.902636,0.902635931968689,5.960464477539063e-08,0.9026359915733337,9.736401,9.736406803131104
3614,137.05002617835999,0.902636,0.902635931968689,5.960464477539063e-08,0.9026359915733337,9.736401,9.736406803131104
3615,137.084223985672,0.902636,0.902635931968689,5.960464477539063e-08,0.9026359915733337,9.736401,9.736406803131104
3616,137.11771488189697,0.902636,0.902635931968689,5.960464477539063e-08,0.9026359915733337,9.736401,9.736406803131104
3617,137.15299272537231,0.902636,0.902635931968689,5.960464477539063e-08,0.9026359915733337,9.736401,9.736406803131104
3618,137.18723607063293,0.902636,0.902635931968689,5.960464477539063e-08,0.9026359915733337,9.736401,9.736406803131104
3619,137.2497136592865,0.902636,0.8984406590461731,0.0031687302980571985,0.8920629620552063,9.736401,10.15593409538269
3620,137.2897481918335,0.902636,0.9013577699661255,0.0011122303549200296,0.8986836075782776,9.736401,9.864223003387451
3621,137.32383489608765,0.902636,0.9023287892341614,0.00032834347803145647,0.9015587568283081,9.736401,9.767121076583862
3622,137.3581464290619,0.90264094,0.9025983214378357,4.853886639466509e-05,0.9024971723556519,9.735907,9.74016785621643
3623,137.40120124816895,0.90264094,0.9026355743408203,8.698726787770283e-07,0.9026347398757935,9.735907,9.736442565917969
3624,137.43516063690186,0.90264225,0.9026361703872681,1.1655450862235739e-06,0.9026359915733337,9.735775,9.736382961273193
3625,137.4763433933258,0.90264285,0.9026366472244263,1.773468966348446e-06,0.9026359915733337,9.735716,9.736335277557373
3626,137.5159933567047,0.90264285,0.902637779712677,2.545391453168122e-06,0.9026359915733337,9.735716,9.7362220287323
3627,137.55034637451172,0.90264285,0.9026399254798889,2.6012382932094624e-06,0.9026359915733337,9.735716,9.736007452011108
3628,137.58428621292114,0.90264285,0.9026420712471008,6.49044238798524e-07,0.9026409387588501,9.735716,9.735792875289917
3629,137.61734056472778,0.90264285,0.902642548084259,2.953276236894453e-07,0.9026422500610352,9.735716,9.735745191574097
3630,137.6501648426056,0.90264285,0.9026428461074829,1.1026554602722172e-07,0.9026422500610352,9.735716,9.735715389251709
3631,137.68354415893555,0.90264285,0.9026428461074829,0.0,0.9026428461074829,9.735716,9.735715389251709
3632,137.71645426750183,0.90264285,0.9026428461074829,0.0,0.9026428461074829,9.735716,9.735715389251709
3633,137.74962830543518,0.90265596,0.9026429653167725,8.287461810141394e-07,0.9026428461074829,9.734404,9.735703468322754
3634,137.7898302078247,0.90265596,0.902643084526062,1.6423939541709842e-06,0.9026428461074829,9.734404,9.735691547393799
3635,137.82303071022034,0.90265596,0.9026435613632202,2.906181407524855e-06,0.9026428461074829,9.734404,9.735643863677979
3636,137.85543847084045,0.90265596,0.9026448130607605,4.64888080387027e-06,0.9026428461074829,9.734404,9.73551869392395
3637,137.88895392417908,0.90265596,0.9026472568511963,6.214823315531248e-06,0.9026428461074829,9.734404,9.735274314880371
3638,137.92242574691772,0.90265596,0.9026519656181335,5.9915855672443286e-06,0.9026428461074829,9.734404,9.734803438186646
3639,137.95559406280518,0.90265596,0.902655839920044,1.1920928955078125e-07,0.9026559591293335,9.734404,9.734416007995605
3640,137.98969221115112,0.90265596,0.902655839920044,1.1920928955078125e-07,0.9026559591293335,9.734404,9.734416007995605
3641,138.02289724349976,0.90265596,0.902655839920044,1.1920928955078125e-07,0.9026559591293335,9.734404,9.734416007995605
3642,138.0570502281189,0.90265596,0.902655839920044,1.1920928955078125e-07,0.9026559591293335,9.734404,9.734416007995605
3643,138.0922191143036,0.9026593,0.9026558995246887,2.2254364751006506e-07,0.9026559591293335,9.73407,9.734410047531128
3644,138.13064050674438,0.9026593,0.9026559591293335,3.649151381068805e-07,0.9026559591293335,9.73407,9.73440408706665
3645,138.1654155254364,0.9026593,0.9026560187339783,6.88751981670066e-07,0.9026559591293335,9.73407,9.734398126602173
3646,138.19816517829895,0.9026593,0.9026563167572021,1.1687587857522885e-06,0.9026559591293335,9.73407,9.734368324279785
3647,138.2313961982727,0.9026593,0.9026569724082947,1.550592742205481e-06,0.9026559591293335,9.73407,9.734302759170532
3648,138.26435589790344,0.9026593,0.9026581645011902,1.5882794741628459e-06,0.9026559591293335,9.73407,9.734183549880981
3649,138.29834747314453,0.90266037,0.9026593565940857,8.734491530049127e-08,0.9026592969894409,9.733963,9.73406434059143
3650,138.34045338630676,0.9026686,0.9026594161987305,6.154983225314936e-07,0.9026592969894409,9.733141,9.734058380126953
3651,138.38233852386475,0.9026686,0.90265953540802,1.0471865152794635e-06,0.9026592969894409,9.733141,9.734046459197998
3652,138.41630744934082,0.9026686,0.9026601314544678,2.2583819827559637e-06,0.9026592969894409,9.733141,9.733986854553223
3653,138.4489336013794,0.9026697,0.9026613235473633,3.3667108709778404e-06,0.9026592969894409,9.733027,9.733867645263672
3654,138.49034094810486,0.9026697,0.9026634097099304,4.071928287885385e-06,0.9026603698730469,9.733027,9.733659029006958
3655,138.52434253692627,0.9026697,0.9026667475700378,3.820008714683354e-06,0.9026604294776917,9.733027,9.733325242996216
3656,138.55905532836914,0.9026697,0.9026693105697632,5.721655043089413e-07,0.9026685953140259,9.733027,9.733068943023682
3657,138.5929045677185,0.9026697,0.9026698470115662,1.1920928955078125e-07,0.9026697278022766,9.733027,9.733015298843384
3658,138.62647652626038,0.9026697,0.9026698470115662,1.1920928955078125e-07,0.9026697278022766,9.733027,9.733015298843384
3659,138.66003370285034,0.9026697,0.9026698470115662,1.1920928955078125e-07,0.9026697278022766,9.733027,9.733015298843384
3660,138.69298028945923,0.9026697,0.9026698470115662,1.1920928955078125e-07,0.9026697278022766,9.733027,9.733015298843384
3661,138.72575521469116,0.9026697,0.9026698470115662,1.1920928955078125e-07,0.9026697278022766,9.733027,9.733015298843384
3662,138.7600874900818,0.9026697,0.9026698470115662,1.1920928955078125e-07,0.9026697278022766,9.733027,9.733015298843384
3663,138.7931206226349,0.9026697,0.9026698470115662,1.1920928955078125e-07,0.9026697278022766,9.733027,9.733015298843384
3664,138.82644033432007,0.9026697,0.9026698470115662,1.1920928955078125e-07,0.9026697278022766,9.733027,9.733015298843384
3665,138.85985016822815,0.9026697,0.9026698470115662,1.1920928955078125e-07,0.9026697278022766,9.733027,9.733015298843384
3666,138.893413066864,0.90267104,0.9026698470115662,1.4076907461912924e-07,0.9026697278022766,9.732896,9.733015298843384
3667,138.93380331993103,0.90267885,0.9026698470115662,5.994208436277404e-07,0.9026697278022766,9.732115,9.733015298843384
3668,138.9747109413147,0.90267885,0.9026700854301453,1.3061486470178352e-06,0.9026697278022766,9.732115,9.732991456985474
3669,139.00811123847961,0.90267885,0.9026704430580139,2.0975267034373246e-06,0.9026697278022766,9.732115,9.732955694198608
3670,139.04121947288513,0.90268016,0.9026713967323303,3.184516117471503e-06,0.9026697278022766,9.731984,9.732860326766968
3671,139.08192539215088,0.90268016,0.9026733636856079,4.03988951802603e-06,0.9026697278022766,9.731984,9.732663631439209
3672,139.11619424819946,0.90268016,0.9026768803596497,3.85938392355456e-06,0.9026710391044617,9.731984,9.732311964035034
3673,139.14913988113403,0.90268016,0.9026798009872437,6.240737207008351e-07,0.9026788473129272,9.731984,9.732019901275635
3674,139.18287181854248,0.90268016,0.9026802778244019,1.1920928955078125e-07,0.9026801586151123,9.731984,9.731972217559814
3675,139.21586990356445,0.90268016,0.9026802778244019,1.1920928955078125e-07,0.9026801586151123,9.731984,9.731972217559814
3676,139.2500340938568,0.90268016,0.9026802778244019,1.1920928955078125e-07,0.9026801586151123,9.731984,9.731972217559814
3677,139.28374028205872,0.90268016,0.9026802778244019,1.1920928955078125e-07,0.9026801586151123,9.731984,9.731972217559814
3678,139.31874871253967,0.90268016,0.9026802778244019,1.1920928955078125e-07,0.9026801586151123,9.731984,9.731972217559814
3679,139.35184836387634,0.90268016,0.9026802778244019,1.1920928955078125e-07,0.9026801586151123,9.731984,9.731972217559814
3680,139.38660979270935,0.90270567,0.9026803970336914,1.6128265087900218e-06,0.9026801586151123,9.729433,9.73196029663086
3681,139.42792391777039,0.90270567,0.902680516242981,2.367926072111004e-06,0.9026801586151123,9.729433,9.731948375701904
3682,139.46198439598083,0.90274996,0.9026822447776794,8.69151517690625e-06,0.9026801586151123,9.725004,9.731775522232056
3683,139.5018424987793,0.90274996,0.902686595916748,1.6267318642348982e-05,0.9026801586151123,9.725004,9.731340408325195
3684,139.53577089309692,0.90274996,0.9026958346366882,2.4212771677412093e-05,0.9026801586151123,9.725004,9.730416536331177
3685,139.57005500793457,0.90275973,0.9027138352394104,2.6947949663735926e-05,0.9026801586151123,9.724027,9.72861647605896
3686,139.61113810539246,0.90275973,0.9027392864227295,1.1716209883161355e-05,0.9027056694030762,9.724027,9.72607135772705
3687,139.64477276802063,0.90275973,0.9027507901191711,2.8446290798456175e-06,0.9027499556541443,9.724027,9.724920988082886
3688,139.68059039115906,0.90275973,0.902752161026001,4.113821432838449e-06,0.9027499556541443,9.724027,9.724783897399902
3689,139.71323704719543,0.90275973,0.9027547240257263,4.879242624156177e-06,0.9027499556541443,9.724027,9.724527597427368
3690,139.74662923812866,0.90275973,0.9027595520019531,1.6232101529567444e-07,0.9027596712112427,9.724027,9.724044799804688
3691,139.80708003044128,0.90275973,0.899045467376709,0.0030803282279521227,0.8922902345657349,9.724027,10.095453262329102
3692,139.84907484054565,0.90275973,0.9016680121421814,0.000856516940984875,0.9000109434127808,9.724027,9.83319878578186
3693,139.8834240436554,0.90275973,0.9024283289909363,0.00032129965256899595,0.901820957660675,9.724027,9.757167100906372
3694,139.91783690452576,0.90275973,0.9027076959609985,6.677147757727653e-05,0.9025247693061829,9.724027,9.729230403900146
3695,139.95196914672852,0.90275973,0.90275639295578,6.774806479370454e-06,0.9027352929115295,9.724027,9.724360704421997
3696,139.9869191646576,0.90275973,0.9027596116065979,1.1920928955078125e-07,0.9027597308158875,9.724027,9.72403883934021
3697,140.02063393592834,0.90276027,0.9027596712112427,7.038453730956462e-08,0.9027597308158875,9.723973,9.724032878875732
3698,140.06074047088623,0.90276027,0.9027596712112427,7.971983961851947e-08,0.9027597308158875,9.723973,9.724032878875732
3699,140.09486651420593,0.90276027,0.9027596712112427,1.3704989498819486e-07,0.9027597308158875,9.723973,9.724032878875732
3700,140.13069009780884,0.90276027,0.9027596712112427,2.12240109931372e-07,0.9027597308158875,9.723973,9.724032878875732
3701,140.16441202163696,0.90276027,0.902759850025177,2.2490034723432473e-07,0.9027597308158875,9.723973,9.7240149974823
3702,140.19840502738953,0.90276027,0.9027600884437561,2.0499739150636742e-07,0.9027597308158875,9.723973,9.72399115562439
3703,140.23243927955627,0.90276027,0.9027602672576904,5.8767628985378906e-08,0.9027601480484009,9.723973,9.723973274230957
3704,140.2652997970581,0.90276027,0.9027604460716248,1.7881393432617188e-07,0.9027602672576904,9.723973,9.723955392837524
3705,140.2988142967224,0.90276027,0.9027604460716248,1.7881393432617188e-07,0.9027602672576904,9.723973,9.723955392837524
3706,140.33209228515625,0.90276027,0.9027604460716248,1.7881393432617188e-07,0.9027602672576904,9.723973,9.723955392837524
3707,140.36824011802673,0.90276027,0.9027604460716248,1.7881393432617188e-07,0.9027602672576904,9.723973,9.723955392837524
3708,140.40333461761475,0.9027916,0.9027606844902039,2.4102921543089906e-06,0.9027602672576904,9.720839,9.723931550979614
3709,140.44652652740479,0.9027918,0.9027610421180725,4.134713435632875e-06,0.9027602672576904,9.72082,9.723895788192749
3710,140.4876573085785,0.9027946,0.9027628898620605,7.674787411815487e-06,0.9027602672576904,9.72054,9.723711013793945
3711,140.52895641326904,0.9028069,0.9027665257453918,1.1537012142071035e-05,0.9027602672576904,9.719313,9.723347425460815
3712,140.57117533683777,0.9028069,0.9027736783027649,1.4311239283415489e-05,0.9027602672576904,9.719313,9.72263216972351
3713,140.60528755187988,0.9028082,0.9027866721153259,9.465835319133475e-06,0.9027708768844604,9.719181,9.721332788467407
3714,140.6461205482483,0.9028082,0.9027949571609497,9.743792361405212e-06,0.9027820825576782,9.719181,9.72050428390503
3715,140.68037843704224,0.9028082,0.902804434299469,4.785778855875833e-06,0.9027944207191467,9.719181,9.7195565700531
3716,140.71508479118347,0.9028082,0.9028074741363525,6.509006880150991e-07,0.9028068780899048,9.719181,9.719252586364746
3717,140.7484838962555,0.9028082,0.9028080701828003,2.796464855236991e-07,0.9028068780899048,9.719181,9.71919298171997
3718,140.78332376480103,0.90281,0.9028081893920898,1.1286635270835177e-07,0.9028081893920898,9.719002,9.719181060791016
3719,140.82456851005554,0.90281,0.9028081893920898,1.954902586476237e-07,0.9028081893920898,9.719002,9.719181060791016
3720,140.85793042182922,0.9028169,0.9028084874153137,1.3607093478640309e-06,0.9028081893920898,9.718311,9.719151258468628
3721,140.8994493484497,0.9028169,0.902809202671051,2.6063319182867417e-06,0.9028081893920898,9.718311,9.719079732894897
3722,140.93336057662964,0.9028169,0.9028106331825256,3.810577481999644e-06,0.9028081893920898,9.718311,9.718936681747437
3723,140.96685767173767,0.90284425,0.9028133153915405,4.587272542266874e-06,0.9028081893920898,9.715575,9.718668460845947
3724,141.0071578025818,0.902853,0.9028176069259644,5.111784048494883e-06,0.902816891670227,9.714699,9.718239307403564
3725,141.0474829673767,0.902853,0.902819037437439,8.342034561792389e-06,0.902816891670227,9.714699,9.718096256256104
3726,141.0818386077881,0.902853,0.9028225541114807,1.3001421393710189e-05,0.902816891670227,9.714699,9.717744588851929
3727,141.1161777973175,0.9028534,0.9028293490409851,1.6875763321877457e-05,0.902816891670227,9.714657,9.71706509590149
3728,141.15633726119995,0.9028534,0.9028438329696655,1.5217492546071298e-05,0.902816891670227,9.714657,9.715616703033447
3729,141.1902666091919,0.902856,0.9028531312942505,3.0882236501383886e-07,0.9028530120849609,9.714401,9.714686870574951
3730,141.23104119300842,0.902856,0.9028531908988953,4.797446990778553e-07,0.9028530120849609,9.714401,9.714680910110474
3731,141.2651402950287,0.902856,0.9028535485267639,7.046794507914456e-07,0.9028530120849609,9.714401,9.714645147323608
3732,141.2992868423462,0.90285647,0.902853786945343,1.0387860811533756e-06,0.9028534293174744,9.714354,9.714621305465698
3733,141.34043335914612,0.90285647,0.9028543829917908,1.3562447520598653e-06,0.9028534293174744,9.714354,9.714561700820923
3734,141.37568736076355,0.90285647,0.9028556942939758,1.1374642099326593e-06,0.9028534293174744,9.714354,9.714430570602417
3735,141.41033506393433,0.90285647,0.9028564691543579,2.106838650206555e-07,0.9028559923171997,9.714354,9.714353084564209
3736,141.4468548297882,0.90286964,0.9028565883636475,8.325716294166341e-07,0.9028564691543579,9.713036,9.714341163635254
3737,141.48713970184326,0.90286964,0.902856707572937,1.5404822306663846e-06,0.9028564691543579,9.713036,9.714329242706299
3738,141.5204668045044,0.90286964,0.9028573632240295,2.847563109753537e-06,0.9028564691543579,9.713036,9.714263677597046
3739,141.5546157360077,0.90286964,0.9028587937355042,4.266809355613077e-06,0.9028564691543579,9.713036,9.714120626449585
3740,141.58910274505615,0.90286964,0.902861475944519,4.822728442377411e-06,0.9028564691543579,9.713036,9.713852405548096
3741,141.62225151062012,0.90286964,0.9028657078742981,2.922026624219143e-06,0.9028608202934265,9.713036,9.71342921257019
3742,141.6569344997406,0.90286964,0.902868390083313,1.7270211856157403e-06,0.9028652906417847,9.713036,9.713160991668701
3743,141.68989038467407,0.90286964,0.902869462966919,1.7881393432617188e-07,0.9028696417808533,9.713036,9.713053703308105
3744,141.72238183021545,0.90286964,0.902869462966919,1.7881393432617188e-07,0.9028696417808533,9.713036,9.713053703308105
3745,141.7568073272705,0.9028741,0.9028695225715637,3.1316881177190226e-07,0.9028696417808533,9.712589,9.713047742843628
3746,141.79881691932678,0.90288967,0.9028695821762085,1.332104602624895e-06,0.9028696417808533,9.711033,9.71304178237915
3747,141.83946800231934,0.90288967,0.9028700590133667,2.978690645250026e-06,0.9028696417808533,9.711033,9.71299409866333
3748,141.8733160495758,0.90288967,0.9028717279434204,5.891572527616518e-06,0.9028696417808533,9.711033,9.712827205657959
3749,141.90666913986206,0.90288967,0.9028747081756592,8.268909368780442e-06,0.9028696417808533,9.711033,9.712529182434082
3750,141.9396104812622,0.90288967,0.9028804898262024,9.153120117844082e-06,0.9028696417808533,9.711033,9.71195101737976
3751,141.97278022766113,0.90288967,0.9028893113136292,1.2756811429426307e-06,0.9028822183609009,9.711033,9.711068868637085
3752,142.00630474090576,0.9028938,0.9028895497322083,2.924136595083837e-07,0.9028896689414978,9.710622,9.711045026779175
3753,142.04662418365479,0.9028938,0.902889609336853,5.300180987433123e-07,0.9028896689414978,9.710622,9.711039066314697
3754,142.08103442192078,0.9028938,0.9028899073600769,1.1038838465537992e-06,0.9028896689414978,9.710622,9.71100926399231
3755,142.11470985412598,0.90289676,0.9028903841972351,1.654449420129822e-06,0.9028896689414978,9.710323,9.71096158027649
3756,142.15699005126953,0.90289676,0.9028913378715515,2.0897266495012445e-06,0.9028896689414978,9.710323,9.710866212844849
3757,142.19214940071106,0.9029008,0.9028934240341187,1.6196245269384235e-06,0.9028896689414978,9.709919,9.710657596588135
3758,142.23332905769348,0.9029048,0.9028944373130798,1.775229861777916e-06,0.9028937816619873,9.709519,9.710556268692017
3759,142.2738766670227,0.9029048,0.9028952717781067,2.7429273359302897e-06,0.9028937816619873,9.709519,9.710472822189331
3760,142.3079104423523,0.9029048,0.9028970003128052,3.7313309348974144e-06,0.9028937816619873,9.709519,9.710299968719482
3761,142.34220218658447,0.9029048,0.9029004573822021,2.840438810380874e-06,0.9028937816619873,9.709519,9.709954261779785
3762,142.37409496307373,0.9029048,0.9029024243354797,1.4029720887265285e-06,0.9029016494750977,9.709519,9.709757566452026
3763,142.4088921546936,0.90292364,0.9029035568237305,1.988125177376787e-06,0.9029016494750977,9.707636,9.709644317626953
3764,142.4518632888794,0.90292364,0.9029049873352051,2.047345105893328e-06,0.9029048085212708,9.707636,9.709501266479492
3765,142.4877278804779,0.90292406,0.9029058218002319,4.357157649792498e-06,0.9029048085212708,9.707594,9.709417819976807
3766,142.52964282035828,0.90292406,0.9029080271720886,7.165579972934211e-06,0.9029048085212708,9.707594,9.709197282791138
3767,142.5906171798706,0.90294933,0.898819625377655,0.0034453498665243387,0.891319990158081,9.705067,10.118037462234497
3768,142.6331479549408,0.90294933,0.9017056822776794,0.000994637026451528,0.8996384143829346,9.705067,9.829431772232056
3769,142.66790127754211,0.90294933,0.9025507569313049,0.00035738604492507875,0.9018221497535706,9.705067,9.744924306869507
3770,142.7173261642456,0.9029609,0.9028581976890564,7.58431779104285e-05,0.9026430249214172,9.703911,9.71418023109436
3771,142.76676177978516,0.9029609,0.902914822101593,2.730858432187233e-05,0.9028725624084473,9.703911,9.708517789840698
3772,142.80222082138062,0.9029609,0.9029394388198853,1.6346721167792566e-05,0.9029044508934021,9.703911,9.706056118011475
3773,142.83689165115356,0.9029708,0.9029521346092224,5.062745003669988e-06,0.902949333190918,9.702921,9.704786539077759
3774,142.87733697891235,0.9029708,0.9029553532600403,6.108607522037346e-06,0.902949333190918,9.702921,9.704464673995972
3775,142.91109490394592,0.9029708,0.9029613733291626,2.3481868538510753e-06,0.9029608964920044,9.702921,9.70386266708374
3776,142.94456124305725,0.9029708,0.9029622673988342,3.4274946756340796e-06,0.9029608964920044,9.702921,9.703773260116577
3777,142.97868180274963,0.9029708,0.9029642939567566,4.695763436757261e-06,0.9029608964920044,9.702921,9.70357060432434
3778,143.0139820575714,0.9029708,0.9029681086540222,4.467884537007194e-06,0.9029608964920044,9.702921,9.703189134597778
3779,143.04871821403503,0.9029708,0.9029709696769714,1.7881393432617188e-07,0.9029707908630371,9.702921,9.702903032302856
3780,143.08229970932007,0.9029708,0.9029709696769714,1.7881393432617188e-07,0.9029707908630371,9.702921,9.702903032302856
3781,143.11590933799744,0.9029708,0.9029709696769714,1.7881393432617188e-07,0.9029707908630371,9.702921,9.702903032302856
3782,143.14764022827148,0.9029708,0.9029709696769714,1.7881393432617188e-07,0.9029707908630371,9.702921,9.702903032302856
3783,143.18181896209717,0.9029708,0.9029709696769714,1.7881393432617188e-07,0.9029707908630371,9.702921,9.702903032302856
3784,143.2158238887787,0.9029708,0.9029709696769714,1.7881393432617188e-07,0.9029707908630371,9.702921,9.702903032302856
3785,143.25045919418335,0.9029708,0.9029709696769714,1.7881393432617188e-07,0.9029707908630371,9.702921,9.702903032302856
3786,143.28350138664246,0.9029708,0.9029709696769714,1.7881393432617188e-07,0.9029707908630371,9.702921,9.702903032302856
3787,143.3170886039734,0.9029708,0.9029709696769714,1.7881393432617188e-07,0.9029707908630371,9.702921,9.702903032302856
3788,143.35095643997192,0.9029708,0.9029709696769714,1.7881393432617188e-07,0.9029707908630371,9.702921,9.702903032302856
3789,143.3862533569336,0.9029708,0.9029709696769714,1.7881393432617188e-07,0.9029707908630371,9.702921,9.702903032302856
3790,143.4208583831787,0.9029708,0.9029709696769714,1.7881393432617188e-07,0.9029707908630371,9.702921,9.702903032302856
3791,143.45522356033325,0.9029708,0.9029709696769714,1.7881393432617188e-07,0.9029707908630371,9.702921,9.702903032302856
3792,143.48924684524536,0.9029708,0.9029709696769714,1.7881393432617188e-07,0.9029707908630371,9.702921,9.702903032302856
3793,143.52327060699463,0.9029708,0.9029709696769714,1.7881393432617188e-07,0.9029707908630371,9.702921,9.702903032302856
3794,143.55717945098877,0.9029925,0.9029710292816162,1.375138594994496e-06,0.9029707908630371,9.700751,9.702897071838379
3795,143.5973677635193,0.9029952,0.9029715061187744,3.463900156930322e-06,0.9029707908630371,9.700478,9.702849388122559
3796,143.63872981071472,0.9029952,0.9029730558395386,6.674163614661666e-06,0.9029707908630371,9.700478,9.702694416046143
3797,143.6725206375122,0.9029952,0.9029760360717773,9.763923117134254e-06,0.9029707908630371,9.700478,9.702396392822266
3798,143.70670890808105,0.9029993,0.9029814600944519,1.1811288459284697e-05,0.9029707908630371,9.700071,9.70185399055481
3799,143.74904537200928,0.9029993,0.9029924273490906,6.75998899168917e-06,0.9029707908630371,9.700071,9.700757265090942
3800,143.78217673301697,0.90301406,0.9029955863952637,2.1908740563958418e-06,0.902995228767395,9.698593,9.700441360473633
3801,143.82477068901062,0.90301406,0.902996838092804,4.89141211801325e-06,0.902995228767395,9.698593,9.700316190719604
3802,143.85861659049988,0.90301406,0.9029998183250427,7.599231139465701e-06,0.902995228767395,9.698593,9.700018167495728
3803,143.8937122821808,0.90303427,0.903005063533783,9.073788532987237e-06,0.902995228767395,9.696573,9.699493646621704
3804,143.93427801132202,0.9030421,0.903014063835144,4.1728067117219325e-06,0.9029992818832397,9.695792,9.698593616485596
3805,143.97586798667908,0.9030609,0.903016209602356,7.113309038686566e-06,0.903014063835144,9.693909,9.698379039764404
3806,144.01627254486084,0.9030609,0.9030201435089111,1.2619811968761496e-05,0.903014063835144,9.693909,9.697985649108887
3807,144.05028343200684,0.9030627,0.9030279517173767,1.7245731214643456e-05,0.903014063835144,9.693729,9.697204828262329
3808,144.0920844078064,0.9030627,0.9030443429946899,1.374776638840558e-05,0.903014063835144,9.693729,9.695565700531006
3809,144.126220703125,0.9030627,0.9030558466911316,4.683720817411086e-06,0.9030515551567078,9.693729,9.69441533088684
3810,144.1598572731018,0.9030627,0.9030606150627136,1.9637034256447805e-06,0.9030515551567078,9.693729,9.693938493728638
3811,144.1939516067505,0.9030627,0.9030612707138062,7.11451036750077e-07,0.9030609130859375,9.693729,9.693872928619385
3812,144.22672605514526,0.9030627,0.9030616879463196,8.885035072125902e-07,0.9030609130859375,9.693729,9.693831205368042
3813,144.2603030204773,0.9030629,0.9030625820159912,5.219179115556472e-07,0.9030609130859375,9.693712,9.693741798400879
3814,144.30218839645386,0.9030646,0.9030627608299255,1.7565943721820076e-07,0.9030627012252808,9.693539,9.693723917007446
3815,144.3427770137787,0.9030646,0.9030628800392151,4.00538652911564e-07,0.9030627012252808,9.693539,9.693711996078491
3816,144.37643885612488,0.9030646,0.9030629992485046,6.030463168826827e-07,0.9030627012252808,9.693539,9.693700075149536
3817,144.41061401367188,0.9030646,0.9030632972717285,8.379181508644251e-07,0.9030627012252808,9.693539,9.693670272827148
3818,144.4445023536682,0.9030646,0.9030637741088867,9.160773402072664e-07,0.9030627012252808,9.693539,9.693622589111328
3819,144.48114037513733,0.9030646,0.9030646085739136,0.0,0.9030646085739136,9.693539,9.693539142608643
3820,144.51586389541626,0.9030646,0.9030646085739136,0.0,0.9030646085739136,9.693539,9.693539142608643
3821,144.54986238479614,0.90306985,0.9030646681785583,3.3267397725467163e-07,0.9030646085739136,9.693014,9.693533182144165
3822,144.59371161460876,0.90306985,0.9030647277832031,5.727960115109454e-07,0.9030646085739136,9.693014,9.693527221679688
3823,144.62828516960144,0.90306985,0.9030648469924927,1.0263048579872702e-06,0.9030646085739136,9.693014,9.693515300750732
3824,144.66234016418457,0.90306985,0.9030652046203613,1.6766890666986e-06,0.9030646085739136,9.693014,9.693479537963867
3825,144.69898080825806,0.90306985,0.903066098690033,2.3556704036309384e-06,0.9030646085739136,9.693014,9.693390130996704
3826,144.7354383468628,0.9030702,0.9030676484107971,2.5708186512929387e-06,0.9030646085739136,9.692979,9.693235158920288
3827,144.77755689620972,0.90307057,0.903069794178009,1.0337528522086359e-07,0.9030698537826538,9.692944,9.693020582199097
3828,144.81787586212158,0.90307057,0.9030698537826538,1.391509840686922e-07,0.9030698537826538,9.692944,9.69301462173462
3829,144.8511745929718,0.90307057,0.9030699729919434,2.0155064817117818e-07,0.9030698537826538,9.692944,9.693002700805664
3830,144.8859360218048,0.9030709,0.9030700922012329,2.6951724407808797e-07,0.9030698537826538,9.692907,9.692990779876709
3831,144.92717933654785,0.9030709,0.9030703902244568,2.3431664430972887e-07,0.9030702114105225,9.692907,9.692960977554321
3832,144.961284160614,0.9030709,0.9030705094337463,2.8461323609008105e-07,0.9030702114105225,9.692907,9.692949056625366
3833,144.99481463432312,0.9030709,0.9030706882476807,2.108181860194236e-07,0.9030705690383911,9.692907,9.692931175231934
3834,145.02852845191956,0.9030709,0.9030708074569702,1.1920928955078125e-07,0.9030709266662598,9.692907,9.692919254302979
3835,145.06285858154297,0.9030709,0.9030708074569702,1.1920928955078125e-07,0.9030709266662598,9.692907,9.692919254302979
3836,145.09640741348267,0.9030709,0.9030708074569702,1.1920928955078125e-07,0.9030709266662598,9.692907,9.692919254302979
3837,145.12951278686523,0.9030709,0.9030708074569702,1.1920928955078125e-07,0.9030709266662598,9.692907,9.692919254302979
3838,145.1635217666626,0.9030709,0.9030708074569702,1.1920928955078125e-07,0.9030709266662598,9.692907,9.692919254302979
3839,145.19762206077576,0.9030709,0.9030708074569702,1.1920928955078125e-07,0.9030709266662598,9.692907,9.692919254302979
3840,145.2313904762268,0.9030709,0.9030708074569702,1.1920928955078125e-07,0.9030709266662598,9.692907,9.692919254302979
3841,145.26442313194275,0.9030709,0.9030708074569702,1.1920928955078125e-07,0.9030709266662598,9.692907,9.692919254302979
3842,145.29796028137207,0.9030709,0.9030708074569702,1.1920928955078125e-07,0.9030709266662598,9.692907,9.692919254302979
3843,145.3312530517578,0.9030709,0.9030708074569702,1.1920928955078125e-07,0.9030709266662598,9.692907,9.692919254302979
3844,145.36674427986145,0.9030709,0.9030708074569702,1.1920928955078125e-07,0.9030709266662598,9.692907,9.692919254302979
3845,145.40006470680237,0.9030709,0.9030708074569702,1.1920928955078125e-07,0.9030709266662598,9.692907,9.692919254302979
3846,145.43355631828308,0.903071,0.9030708074569702,1.195057564018498e-07,0.9030709266662598,9.692902,9.692919254302979
3847,145.4738962650299,0.90308076,0.9030708074569702,6.3967559071898e-07,0.9030709266662598,9.691924,9.692919254302979
3848,145.51535749435425,0.90308076,0.9030709266662598,1.07530172499537e-06,0.9030709266662598,9.691924,9.692907333374023
3849,145.55073833465576,0.90308076,0.9030711650848389,1.6801592437332147e-06,0.9030709266662598,9.691924,9.692883491516113
3850,145.5849964618683,0.90308076,0.9030718207359314,2.6774209800350945e-06,0.9030709266662598,9.691924,9.69281792640686
3851,145.61900424957275,0.9030809,0.9030731320381165,3.838776137854438e-06,0.9030709266662598,9.691912,9.692686796188354
3852,145.65994596481323,0.9030832,0.9030753374099731,4.546741820377065e-06,0.9030709862709045,9.691679,9.692466259002686
3853,145.70141458511353,0.9030883,0.9030796885490417,2.238253500763676e-06,0.903075635433197,9.691173,9.692031145095825
3854,145.74264311790466,0.9030883,0.9030815362930298,1.95788334167446e-06,0.9030807614326477,9.691173,9.691846370697021
3855,145.77699518203735,0.9030883,0.903082549571991,2.893642431445187e-06,0.9030808806419373,9.691173,9.691745042800903
3856,145.81090140342712,0.9030883,0.9030846953392029,3.4176428016508e-06,0.9030808806419373,9.691173,9.691530466079712
3857,145.84440541267395,0.9030883,0.9030882120132446,7.569295235043683e-07,0.903083324432373,9.691173,9.691178798675537
3858,145.87975907325745,0.9030948,0.903088390827179,4.4926542841494665e-07,0.9030882716178894,9.690517,9.691160917282104
3859,145.9210798740387,0.9030951,0.9030884504318237,7.987061394487682e-07,0.9030882716178894,9.690487,9.691154956817627
3860,145.96194171905518,0.9031377,0.903089165687561,4.610404175764415e-06,0.9030882716178894,9.686232,9.691083431243896
3861,146.00204396247864,0.9031401,0.9030916094779968,1.058480756910285e-05,0.9030882716178894,9.685987,9.690839052200317
3862,146.04260396957397,0.9031446,0.9030976891517639,1.739714753057342e-05,0.9030882716178894,9.68554,9.690231084823608
3863,146.08374762535095,0.9031446,0.9031099677085876,2.2212054318515584e-05,0.9030883312225342,9.68554,9.689003229141235
3864,146.1181366443634,0.9031446,0.9031310081481934,1.773577241692692e-05,0.9030951857566833,9.68554,9.686899185180664
3865,146.15214085578918,0.9031446,0.903141975402832,3.0920734843675746e-06,0.9031376838684082,9.68554,9.685802459716797
3866,146.1858901977539,0.9031446,0.9031445980072021,4.435582212636291e-08,0.9031445384025574,9.68554,9.685540199279785
3867,146.22009444236755,0.9031497,0.9031447172164917,3.397674959160213e-07,0.9031445384025574,9.685028,9.68552827835083
3868,146.26105523109436,0.9031497,0.9031447768211365,4.7616882170586905e-07,0.9031445980072021,9.685028,9.685522317886353
3869,146.2945625782013,0.9031497,0.903144896030426,8.024278486118419e-07,0.9031445980072021,9.685028,9.685510396957397
3870,146.32929682731628,0.90315163,0.9031452536582947,1.5439330809385865e-06,0.9031445980072021,9.684837,9.685474634170532
3871,146.371422290802,0.90315163,0.903145968914032,2.480444891261868e-06,0.9031445980072021,9.684837,9.685403108596802
3872,146.40707349777222,0.90315163,0.9031475782394409,3.2511475183127914e-06,0.9031445980072021,9.684837,9.685242176055908
3873,146.44139289855957,0.9031584,0.9031506180763245,2.149025021935813e-06,0.9031445980072021,9.684157,9.684938192367554
3874,146.48259496688843,0.9031584,0.9031518697738647,1.3306533901413786e-06,0.9031516313552856,9.684157,9.684813022613525
3875,146.5168526172638,0.9031584,0.9031522870063782,2.0344175482023275e-06,0.9031516313552856,9.684157,9.684771299362183
3876,146.55121421813965,0.9031584,0.9031530618667603,2.78523634733574e-06,0.9031516313552856,9.684157,9.684693813323975
3877,146.58660697937012,0.9031596,0.9031546115875244,3.3405813155695796e-06,0.9031516313552856,9.684038,9.684538841247559
3878,146.628023147583,0.9031596,0.9031577706336975,1.813507083170407e-06,0.9031516313552856,9.684038,9.684222936630249
3879,146.6612195968628,0.9031596,0.90315842628479,3.724399562088365e-07,0.90315842628479,9.684038,9.684157371520996
3880,146.69573950767517,0.9031596,0.9031586647033691,4.970677878191054e-07,0.90315842628479,9.684038,9.684133529663086
3881,146.73148560523987,0.9031596,0.9031590819358826,6.018480576130969e-07,0.90315842628479,9.684038,9.684091806411743
3882,146.76576781272888,0.9031596,0.9031596779823303,3.707449423018261e-07,0.90315842628479,9.684038,9.684032201766968
3883,146.79953980445862,0.90316474,0.9031597971916199,3.596603619371308e-07,0.9031596183776855,9.683525,9.684020280838013
3884,146.84131121635437,0.9031797,0.9031599164009094,1.406292426509026e-06,0.9031596183776855,9.68203,9.684008359909058
3885,146.8813991546631,0.9031797,0.9031603336334229,2.4710573143238435e-06,0.9031596183776855,9.68203,9.683966636657715
3886,146.91630125045776,0.90319085,0.9031615853309631,5.6054732340271585e-06,0.9031596183776855,9.680915,9.683841466903687
3887,146.95732641220093,0.90319085,0.9031644463539124,9.085253623197787e-06,0.9031596183776855,9.680915,9.683555364608765
3888,146.99190068244934,0.90319717,0.9031698703765869,1.1779150554502849e-05,0.9031596183776855,9.680283,9.683012962341309
3889,147.03375339508057,0.90319717,0.9031798243522644,1.1253917364228982e-05,0.9031659364700317,9.680283,9.68201756477356
3890,147.06873631477356,0.9032005,0.9031907916069031,4.141548288316699e-06,0.9031826257705688,9.679949,9.680920839309692
3891,147.11107277870178,0.9032005,0.9031941294670105,3.2379662115999963e-06,0.9031908512115479,9.679949,9.68058705329895
3892,147.14489889144897,0.9032068,0.9031976461410522,1.3738823554376722e-06,0.903197169303894,9.679317,9.680235385894775
3893,147.1859221458435,0.9032068,0.9031984806060791,2.769948650893639e-06,0.903197169303894,9.679317,9.68015193939209
3894,147.21913719177246,0.9032068,0.903200089931488,3.8235311876633205e-06,0.903197169303894,9.679317,9.679991006851196
3895,147.25429606437683,0.9032068,0.9032031893730164,3.810180942309671e-06,0.903197169303894,9.679317,9.679681062698364
3896,147.28822088241577,0.9032068,0.9032068252563477,0.0,0.9032068252563477,9.679317,9.679317474365234
3897,147.32165241241455,0.9032068,0.9032068252563477,0.0,0.9032068252563477,9.679317,9.679317474365234
3898,147.35617566108704,0.9032068,0.9032068252563477,0.0,0.9032068252563477,9.679317,9.679317474365234
3899,147.3903136253357,0.9032068,0.9032068252563477,0.0,0.9032068252563477,9.679317,9.679317474365234
3900,147.42376017570496,0.9032068,0.9032068252563477,0.0,0.9032068252563477,9.679317,9.679317474365234
3901,147.45758819580078,0.90320796,0.9032068252563477,7.14820203029376e-08,0.9032068252563477,9.679204,9.679317474365234
3902,147.4969561100006,0.90320796,0.9032068252563477,1.750944846889979e-07,0.9032068252563477,9.679204,9.679317474365234
3903,147.53184175491333,0.9032168,0.9032069444656372,7.030657229734061e-07,0.9032068252563477,9.678322,9.67930555343628
3904,147.57426238059998,0.9032168,0.9032071232795715,1.1539660818016273e-06,0.9032068252563477,9.678322,9.679287672042847
3905,147.60916328430176,0.9032168,0.9032076001167297,1.7482813063907088e-06,0.9032068252563477,9.678322,9.679239988327026
3906,147.64237332344055,0.903218,0.9032087326049805,2.6234285996906692e-06,0.9032068252563477,9.678203,9.679126739501953
3907,147.68502926826477,0.903218,0.9032100439071655,3.5556206512410427e-06,0.9032079577445984,9.678203,9.678995609283447
3908,147.72053575515747,0.903218,0.9032124876976013,3.88629541703267e-06,0.9032079577445984,9.678203,9.678751230239868
3909,147.75468230247498,0.9032227,0.9032162427902222,1.5161083410930587e-06,0.9032132625579834,9.677732,9.678375720977783
3910,147.79571723937988,0.903232,0.903217613697052,1.4425667131945374e-06,0.9032167792320251,9.676802,9.6782386302948
3911,147.83535814285278,0.903232,0.9032189249992371,2.6494587928027613e-06,0.9032179713249207,9.676802,9.678107500076294
3912,147.8697476387024,0.9032379,0.9032204747200012,4.2870506149483845e-06,0.9032179713249207,9.676212,9.677952527999878
3913,147.91086053848267,0.90323895,0.9032235145568848,5.561297257372644e-06,0.9032179713249207,9.676105,9.677648544311523
3914,147.95263242721558,0.9032651,0.9032285213470459,5.966537628410151e-06,0.9032226800918579,9.673489,9.67714786529541
3915,147.99191904067993,0.9032651,0.9032341241836548,5.2887162382830866e-06,0.9032237529754639,9.673489,9.676587581634521
3916,148.0257956981659,0.903285,0.9032383561134338,7.612336958118249e-06,0.9032331705093384,9.671497,9.676164388656616
3917,148.0665500164032,0.90328616,0.9032438397407532,1.34184365379042e-05,0.9032378792762756,9.671384,9.675616025924683
3918,148.10754799842834,0.90328616,0.9032513499259949,1.9376342606847174e-05,0.9032389521598816,9.671384,9.674865007400513
3919,148.14040756225586,0.90328616,0.9032652974128723,2.1494823158718646e-05,0.9032389521598816,9.671384,9.673470258712769
3920,148.17369508743286,0.9032972,0.9032849669456482,2.48733272201207e-06,0.9032803773880005,9.670281,9.67150330543518
3921,148.21527981758118,0.9032972,0.9032863974571228,1.816922349462402e-06,0.9032861590385437,9.670281,9.67136025428772
3922,148.24975085258484,0.9032972,0.9032870531082153,3.1834626952331746e-06,0.9032861590385437,9.670281,9.671294689178467
3923,148.28374409675598,0.9032972,0.9032884240150452,4.46900094175362e-06,0.9032861590385437,9.670281,9.671157598495483
3924,148.31899666786194,0.9032972,0.9032914638519287,5.507399691850878e-06,0.9032861590385437,9.670281,9.670853614807129
3925,148.35444736480713,0.9032972,0.9032971858978271,1.1867795137732173e-06,0.9032861590385437,9.670281,9.670281410217285
3926,148.38967061042786,0.90329826,0.9032973647117615,1.8716767158366565e-07,0.9032971858978271,9.670174,9.670263528823853
3927,148.43285465240479,0.90329826,0.9032973647117615,2.0284568336137454e-07,0.9032971858978271,9.670174,9.670263528823853
3928,148.4685447216034,0.90329826,0.9032973647117615,2.5613451271055965e-07,0.9032971858978271,9.670174,9.670263528823853
3929,148.50314712524414,0.90329826,0.9032975435256958,4.2948576606249844e-07,0.9032971858978271,9.670174,9.67024564743042
3930,148.537109375,0.90329826,0.9032977223396301,5.364418029785156e-07,0.9032971858978271,9.670174,9.670227766036987
3931,148.57284879684448,0.90329826,0.9032979607582092,5.304985393195238e-07,0.9032971858978271,9.670174,9.670203924179077
3932,148.60797905921936,0.90329826,0.9032983183860779,5.960464477539063e-08,0.9032982587814331,9.670174,9.670168161392212
3933,148.6429784297943,0.90329826,0.9032983183860779,5.960464477539063e-08,0.9032982587814331,9.670174,9.670168161392212
3934,148.67782425880432,0.90329826,0.9032983183860779,5.960464477539063e-08,0.9032982587814331,9.670174,9.670168161392212
3935,148.71302390098572,0.90329826,0.9032983183860779,5.960464477539063e-08,0.9032982587814331,9.670174,9.670168161392212
3936,148.74823379516602,0.90329826,0.9032983183860779,5.960464477539063e-08,0.9032982587814331,9.670174,9.670168161392212
3937,148.7837631702423,0.90329826,0.9032983183860779,5.960464477539063e-08,0.9032982587814331,9.670174,9.670168161392212
3938,148.8200967311859,0.90329826,0.9032983183860779,5.960464477539063e-08,0.9032982587814331,9.670174,9.670168161392212
3939,148.8556671142578,0.90329826,0.9032983183860779,5.960464477539063e-08,0.9032982587814331,9.670174,9.670168161392212
3940,148.89000606536865,0.90329826,0.9032983183860779,5.960464477539063e-08,0.9032982587814331,9.670174,9.670168161392212
3941,148.92505717277527,0.90329826,0.9032983183860779,5.960464477539063e-08,0.9032982587814331,9.670174,9.670168161392212
3942,148.95810985565186,0.90329826,0.9032983183860779,5.960464477539063e-08,0.9032982587814331,9.670174,9.670168161392212
3943,148.99417567253113,0.90329826,0.9032983183860779,5.960464477539063e-08,0.9032982587814331,9.670174,9.670168161392212
3944,149.02967143058777,0.90329826,0.9032983183860779,5.960464477539063e-08,0.9032982587814331,9.670174,9.670168161392212
3945,149.06487250328064,0.90329826,0.9032983183860779,5.960464477539063e-08,0.9032982587814331,9.670174,9.670168161392212
3946,149.10100030899048,0.90329826,0.9032983183860779,5.960464477539063e-08,0.9032982587814331,9.670174,9.670168161392212
3947,149.13672804832458,0.90329826,0.9032983183860779,5.960464477539063e-08,0.9032982587814331,9.670174,9.670168161392212
3948,149.17238855361938,0.90329826,0.9032983183860779,5.960464477539063e-08,0.9032982587814331,9.670174,9.670168161392212
3949,149.20646500587463,0.90329826,0.9032983183860779,5.960464477539063e-08,0.9032982587814331,9.670174,9.670168161392212
3950,149.24170184135437,0.90329826,0.9032983183860779,5.960464477539063e-08,0.9032982587814331,9.670174,9.670168161392212
3951,149.2763431072235,0.90329826,0.9032983183860779,5.960464477539063e-08,0.9032982587814331,9.670174,9.670168161392212
3952,149.3113420009613,0.90329826,0.9032983183860779,5.960464477539063e-08,0.9032982587814331,9.670174,9.670168161392212
3953,149.3464639186859,0.9032996,0.9032983183860779,1.0192747623705145e-07,0.9032982587814331,9.670037,9.670168161392212
3954,149.38892364501953,0.9032996,0.9032983779907227,1.8101674470472062e-07,0.9032982587814331,9.670037,9.670162200927734
3955,149.4250705242157,0.9032996,0.9032983779907227,2.973813479911769e-07,0.9032982587814331,9.670037,9.670162200927734
3956,149.45955300331116,0.90330476,0.903298556804657,6.242437962100666e-07,0.9032982587814331,9.669524,9.670144319534302
3957,149.50093245506287,0.90330476,0.9032987952232361,8.330050036420289e-07,0.9032982587814331,9.669524,9.670120477676392
3958,149.5366017818451,0.90330476,0.9032992720603943,1.118294903790229e-06,0.9032982587814331,9.669524,9.670072793960571
3959,149.57094645500183,0.9033061,0.9032999873161316,1.4910467598383548e-06,0.9032996296882629,9.669388,9.67000126838684
3960,149.61363816261292,0.9033061,0.9033006429672241,2.225048547188635e-06,0.9032996296882629,9.669388,9.669935703277588
3961,149.64882969856262,0.9033061,0.9033018946647644,2.915512823165045e-06,0.9032996296882629,9.669388,9.66981053352356
3962,149.6855125427246,0.9033061,0.9033041596412659,2.6356071884947596e-06,0.9032996296882629,9.669388,9.669584035873413
3963,149.72026085853577,0.90331024,0.9033060669898987,2.753877197392285e-07,0.9033058881759644,9.668976,9.669393301010132
3964,149.76355028152466,0.90332776,0.9033061265945435,1.4377951629285235e-06,0.9033061265945435,9.667224,9.669387340545654
3965,149.8079912662506,0.9033286,0.903306782245636,3.431848654145142e-06,0.9033061265945435,9.66714,9.669321775436401
3966,149.8528184890747,0.9033327,0.9033083319664001,6.2114377215038985e-06,0.9033061265945435,9.666729,9.669166803359985
3967,149.89613604545593,0.9033327,0.9033113121986389,8.643685760034714e-06,0.9033061265945435,9.666729,9.668868780136108
3968,149.93140864372253,0.9033327,0.9033175110816956,1.0216996997769456e-05,0.9033061265945435,9.666729,9.668248891830444
3969,149.96580839157104,0.9033327,0.9033271074295044,6.863357612019172e-06,0.903310239315033,9.666729,9.66728925704956
3970,150.00104784965515,0.9033327,0.9033311605453491,1.8940429526992375e-06,0.9033285975456238,9.666729,9.666883945465088
