generation,elapsed_time_sec,best,mean,std,worst,best_error,mean_error
1,0.03445172309875488,0.5608531,0.4400482177734375,0.036327507346868515,0.3959677219390869,43.91469,55.99517822265625
2,0.0754392147064209,0.5632324,0.47495174407958984,0.03382940590381622,0.43727219104766846,43.676758,52.504825592041016
3,0.11374878883361816,0.5687329,0.5015516877174377,0.030183207243680954,0.46289461851119995,43.12671,49.844831228256226
4,0.1525890827178955,0.6032016,0.5290431976318359,0.023114033043384552,0.4953969717025757,39.679836,47.095680236816406
5,0.19161462783813477,0.61481273,0.5518092513084412,0.017121795564889908,0.525281548500061,38.518726,44.819074869155884
6,0.23202180862426758,0.61481273,0.568951427936554,0.01430022343993187,0.5526026487350464,38.518726,43.104857206344604
7,0.2656683921813965,0.61779046,0.5814079642295837,0.014217142947018147,0.5647006034851074,38.220955,41.859203577041626
8,0.30543971061706543,0.6256374,0.5945111513137817,0.011638058349490166,0.5795934796333313,37.43626,40.548884868621826
9,0.3472259044647217,0.63969874,0.605330765247345,0.008387771435081959,0.5932878255844116,36.030125,39.4669234752655
10,0.38939523696899414,0.6461315,0.6137441396713257,0.007838779129087925,0.6036235094070435,35.38685,38.62558603286743
11,0.43082404136657715,0.6510192,0.6209938526153564,0.008424048312008381,0.6123076677322388,34.89808,37.900614738464355
12,0.4733133316040039,0.65229917,0.6284788846969604,0.008651708252727985,0.6177904605865479,34.770084,37.152111530303955
13,0.5146663188934326,0.65539294,0.6365094780921936,0.006924164481461048,0.6274449825286865,34.460705,36.34905219078064
14,0.5562238693237305,0.66005594,0.6433315277099609,0.005593237467110157,0.6355118751525879,33.994408,35.666847229003906
15,0.5964903831481934,0.6633084,0.6485288739204407,0.0043046483770012856,0.6424804925918579,33.669163,35.14711260795593
16,0.6378355026245117,0.66383505,0.6527193188667297,0.00363107118755579,0.647953987121582,33.616493,34.728068113327026
17,0.6768183708190918,0.6740268,0.6564359068870544,0.003597727743908763,0.6520254611968994,32.59732,34.356409311294556
18,0.7182950973510742,0.67647314,0.6603813767433167,0.0043614571914076805,0.6554486155509949,32.352684,33.961862325668335
19,0.7572970390319824,0.6772013,0.6642633676528931,0.0044732242822647095,0.6594189405441284,32.279873,33.57366323471069
20,0.797255277633667,0.694497,0.6683681607246399,0.004892225377261639,0.6627973914146423,30.5503,33.16318392753601
21,0.8374543190002441,0.69578964,0.6731876730918884,0.0053095160983502865,0.6670965552330017,30.421036,32.68123269081116
22,0.8781564235687256,0.69789946,0.677809476852417,0.0059138210490345955,0.6722935438156128,30.210054,32.2190523147583
23,0.9174962043762207,0.6991763,0.6823418736457825,0.006557377986609936,0.6758947372436523,30.082369,31.765812635421753
24,0.9579172134399414,0.7025675,0.6879115104675293,0.006251477170735598,0.6800003051757812,29.743248,31.20884895324707
25,0.9999794960021973,0.7074194,0.6943448185920715,0.0046284873969852924,0.6862798929214478,29.25806,30.565518140792847
26,1.041123390197754,0.7098347,0.6987960338592529,0.003400682006031275,0.694566547870636,29.016531,30.120396614074707
27,1.081317663192749,0.7148284,0.702093243598938,0.003447330091148615,0.6981562376022339,28.517162,29.7906756401062
28,1.1208910942077637,0.7160094,0.7054048180580139,0.003110610879957676,0.7014659643173218,28.399063,29.45951819419861
29,1.1613476276397705,0.7208171,0.7083833813667297,0.0031104458030313253,0.7048161625862122,27.918291,29.161661863327026
30,1.1990983486175537,0.7256701,0.7111420631408691,0.0033799230586737394,0.7074569463729858,27.432991,28.885793685913086
31,1.2390906810760498,0.7256701,0.7142559289932251,0.0033451819326728582,0.7099114656448364,27.432991,28.57440710067749
32,1.2728643417358398,0.7297665,0.7177533507347107,0.003163202665746212,0.7136703133583069,27.023352,28.22466492652893
33,1.314324140548706,0.7327069,0.7205570936203003,0.002980296267196536,0.7171909809112549,26.72931,27.94429063796997
34,1.3556838035583496,0.73535097,0.7233070135116577,0.0030615192372351885,0.719882607460022,26.464903,27.66929864883423
35,1.395179033279419,0.73535097,0.7259275317192078,0.002722639823332429,0.7223947048187256,26.464903,27.407246828079224
36,1.42911696434021,0.73702276,0.728274405002594,0.0025677497033029795,0.7256700992584229,26.297724,27.1725594997406
37,1.469494104385376,0.7375673,0.7305324077606201,0.00241833901964128,0.7275234460830688,26.243269,26.94675922393799
38,1.5121612548828125,0.73821485,0.7327150702476501,0.002058687387034297,0.72979736328125,26.178514,26.728492975234985
39,1.555204153060913,0.7411196,0.7345886826515198,0.0018650887068361044,0.7323870658874512,25.888039,26.541131734848022
40,1.5958845615386963,0.74528384,0.7364031672477722,0.001988826785236597,0.7339709997177124,25.471615,26.35968327522278
41,1.6354880332946777,0.7471657,0.7383448481559753,0.002250405726954341,0.7357794046401978,25.283432,26.165515184402466
42,1.6824817657470703,0.752449,0.7405982613563538,0.0025060726329684258,0.737810492515564,24.755102,25.940173864364624
43,1.7241137027740479,0.7533766,0.7428888082504272,0.002742158016189933,0.740034818649292,24.66234,25.711119174957275
44,1.7649006843566895,0.758649,0.745527982711792,0.0029874297324568033,0.7422144412994385,24.135101,25.4472017288208
45,1.8053779602050781,0.758649,0.7482101917266846,0.003303383244201541,0.7449765205383301,24.135101,25.178980827331543
46,1.838651418685913,0.7586913,0.7511372566223145,0.003125692019239068,0.7471656799316406,24.130869,24.886274337768555
47,1.8797128200531006,0.7586913,0.7540645003318787,0.0023987216409295797,0.750725507736206,24.130869,24.593549966812134
48,1.9131677150726318,0.7611288,0.7564400434494019,0.0016168737784028053,0.7536022663116455,23.887121,24.355995655059814
49,1.9527456760406494,0.7629632,0.7579639554023743,0.001004801015369594,0.7565990090370178,23.703682,24.203604459762573
50,1.9937081336975098,0.7632957,0.758806586265564,0.0009802853455767035,0.7577773332595825,23.67043,24.119341373443604
51,2.034370183944702,0.7650719,0.7596644163131714,0.0012778842356055975,0.75864577293396,23.492807,24.03355836868286
52,2.0745537281036377,0.77125055,0.7609001994132996,0.0017466708086431026,0.7592459321022034,22.874945,23.909980058670044
53,2.1158013343811035,0.77462155,0.7627028822898865,0.0022895196452736855,0.7603262662887573,22.537846,23.729711771011353
54,2.154710531234741,0.77462155,0.7647226452827454,0.002615282079204917,0.7621402740478516,22.537846,23.527735471725464
55,2.187610387802124,0.77660584,0.7672564387321472,0.0029794378206133842,0.7638000845909119,22.339417,23.27435612678528
56,2.224933385848999,0.78108793,0.7701238989830017,0.002947460161522031,0.766838788986206,21.891207,22.98761010169983
57,2.264951467514038,0.78174824,0.7731809616088867,0.0027471811044961214,0.7698770761489868,21.825176,22.681903839111328
58,2.3047268390655518,0.7846356,0.7758903503417969,0.002244931412860751,0.7729450464248657,21.53644,22.410964965820312
59,2.3443233966827393,0.7855323,0.77815181016922,0.0026701276656240225,0.7753549814224243,21.44677,22.184818983078003
60,2.384697914123535,0.7861302,0.7807781100273132,0.002187540754675865,0.7771366238594055,21.386982,21.922188997268677
61,2.4230659008026123,0.7866624,0.7828673720359802,0.0017108966130763292,0.7808732986450195,21.33376,21.713262796401978
62,2.4634923934936523,0.7890246,0.7846553921699524,0.0010733248200267553,0.7824944853782654,21.097542,21.53446078300476
63,2.5036723613739014,0.7890246,0.7855361104011536,0.0006359834223985672,0.7847599983215332,21.097542,21.446388959884644
64,2.5373692512512207,0.7890246,0.7861297726631165,0.0006553721032105386,0.7854477167129517,21.097542,21.387022733688354
65,2.5704710483551025,0.78982085,0.7867828607559204,0.0007634255453012884,0.7860378623008728,21.017916,21.32171392440796
66,2.6128649711608887,0.7910725,0.7874948382377625,0.0008857598295435309,0.7866621017456055,20.892752,21.250516176223755
67,2.6538987159729004,0.7926214,0.7882726788520813,0.0009143861243501306,0.7871930599212646,20.737862,21.17273211479187
68,2.6957716941833496,0.7939565,0.789238452911377,0.0010155672207474709,0.7880653738975525,20.604347,21.076154708862305
69,2.7361104488372803,0.79489875,0.7900711894035339,0.0012542004697024822,0.7890245914459229,20.510124,20.992881059646606
70,2.7760071754455566,0.79535574,0.7911019325256348,0.0015096550341695547,0.7895902991294861,20.464426,20.889806747436523
71,2.8165440559387207,0.795488,0.7925258874893188,0.0013451505219563842,0.7905123233795166,20.4512,20.747411251068115
72,2.8595781326293945,0.7961189,0.7937706708908081,0.0008614954422228038,0.7926138639450073,20.38811,20.62293291091919
73,2.915775775909424,0.79717743,0.7946180701255798,0.0006939854356460273,0.7937238812446594,20.282257,20.538192987442017
74,2.9690816402435303,0.79717743,0.7952730655670166,0.0005919220275245607,0.7945259809494019,20.282257,20.47269344329834
75,3.007117509841919,0.7977104,0.7958449125289917,0.0005299808690324426,0.7952066659927368,20.228958,20.41550874710083
76,3.048973321914673,0.7980245,0.7963457107543945,0.00046846026089042425,0.795723021030426,20.197552,20.365428924560547
77,3.0890626907348633,0.79834217,0.7968278527259827,0.00046486727660521865,0.7962578535079956,20.165783,20.317214727401733
78,3.128755569458008,0.7995058,0.7972638607025146,0.0004572883772198111,0.7967270612716675,20.049423,20.273613929748535
79,3.1690778732299805,0.8002619,0.7976979613304138,0.0005151216173544526,0.7971774339675903,19.973808,20.230203866958618
80,3.2109358310699463,0.8009634,0.7982281446456909,0.0005893397610634565,0.7975541949272156,19.90366,20.177185535430908
81,3.250471830368042,0.8009945,0.798815131187439,0.0006567139062099159,0.7981017231941223,19.900549,20.118486881256104
82,3.2903928756713867,0.8021902,0.7994746565818787,0.0006778458482585847,0.798700749874115,19.780981,20.052534341812134
83,3.3309178352355957,0.8050705,0.800213634967804,0.0007894645677879453,0.7993479371070862,19.492949,19.978636503219604
84,3.3712832927703857,0.80623335,0.8009551763534546,0.0008406973211094737,0.8000422716140747,19.376665,19.90448236465454
85,3.4096732139587402,0.8082356,0.8017454743385315,0.0011838856153190136,0.8008493185043335,19.176441,19.82545256614685
86,3.447404384613037,0.8084652,0.8026455640792847,0.001544823287986219,0.801456093788147,19.153482,19.735443592071533
87,3.489061117172241,0.80851215,0.8037840127944946,0.0019527814583852887,0.8021004796028137,19.148785,19.621598720550537
88,3.5301005840301514,0.80908847,0.8054138422012329,0.0019943437073379755,0.8028862476348877,19.091152,19.45861577987671
89,3.5710346698760986,0.80908847,0.8074154257774353,0.0008168597123585641,0.8061492443084717,19.091152,19.25845742225647
90,3.603640079498291,0.8095134,0.8081734776496887,0.0004394733114168048,0.807555079460144,19.04866,19.182652235031128
91,3.6458585262298584,0.80993664,0.8085954785346985,0.0003951584512833506,0.808127760887146,19.006336,19.14045214653015
92,3.6847853660583496,0.81003416,0.8089362978935242,0.0003686890413518995,0.8084811568260193,18.996584,19.106370210647583
93,3.7227954864501953,0.8101407,0.8093011975288391,0.0003395658277440816,0.8088160753250122,18.985928,19.06988024711609
94,3.763218641281128,0.8106277,0.8096660375595093,0.0002575379330664873,0.8092779517173767,18.93723,19.033396244049072
95,3.804567337036133,0.8111716,0.8099572062492371,0.0002676683652680367,0.8096500635147095,18.882841,19.004279375076294
96,3.8718552589416504,0.8124511,0.8080098628997803,0.002205547410994768,0.8031322956085205,18.754887,19.199013710021973
97,3.912834405899048,0.81287515,0.8099169135093689,0.0010410096729174256,0.8083544969558716,18.712484,19.00830864906311
98,3.9530673027038574,0.81433415,0.810890793800354,0.0009453349048271775,0.8097460269927979,18.566586,18.9109206199646
99,3.993706703186035,0.81433415,0.8117247819900513,0.0007048615370877087,0.8106019496917725,18.566586,18.827521800994873
100,4.025956392288208,0.8144731,0.8123826384544373,0.0005412811879068613,0.8118312358856201,18.55269,18.761736154556274
101,4.067760467529297,0.8150845,0.8128411173820496,0.000600018014665693,0.8122379183769226,18.491549,18.715888261795044
102,4.1094841957092285,0.815154,0.8133060336112976,0.000665131607092917,0.8127052783966064,18.484598,18.66939663887024
103,4.151571750640869,0.81532645,0.8139307498931885,0.0007171947509050369,0.813052773475647,18.467354,18.606925010681152
104,4.19062352180481,0.8167911,0.8146587014198303,0.0004276864347048104,0.8139912486076355,18.320889,18.534129858016968
105,4.231420516967773,0.8167911,0.8150609135627747,0.0003432883240748197,0.8146070241928101,18.320889,18.493908643722534
106,4.264085531234741,0.8169539,0.8153546452522278,0.000400429533328861,0.815039873123169,18.304611,18.46453547477722
107,4.307036876678467,0.81765723,0.8157045245170593,0.0005389520083554089,0.8152577877044678,18.234276,18.429547548294067
108,4.3474814891815186,0.81772137,0.8161755204200745,0.0005983615992590785,0.8154871463775635,18.227863,18.382447957992554
109,4.387741327285767,0.8178037,0.8168015480041504,0.0003845345927402377,0.8161231279373169,18.219631,18.31984519958496
110,4.427026033401489,0.8188733,0.8171541690826416,0.00036912719951942563,0.8167859315872192,18.11267,18.28458309173584
111,4.4692137241363525,0.819223,0.8174988627433777,0.0003950145619455725,0.8170498609542847,18.077702,18.25011372566223
112,4.509382247924805,0.81934655,0.8179003000259399,0.0003763655258808285,0.8174512386322021,18.065346,18.209969997406006
113,4.55114483833313,0.81969714,0.8182622790336609,0.00044975991477258503,0.8178249597549438,18.030285,18.17377209663391
114,4.593118667602539,0.8199181,0.8186778426170349,0.00047110836021602154,0.8180612325668335,18.00819,18.13221573829651
115,4.633264780044556,0.821071,0.8191773891448975,0.00042376769124530256,0.81868577003479,17.892897,18.082261085510254
116,4.673489570617676,0.8211667,0.8195603489875793,0.0005518037942238152,0.8190633058547974,17.883331,18.043965101242065
117,4.712123155593872,0.82165045,0.820033848285675,0.0006512890686281025,0.8193156719207764,17.834955,17.996615171432495
118,4.753527402877808,0.8220951,0.8206952810287476,0.0005258122109808028,0.8198018074035645,17.790491,17.930471897125244
119,4.792505979537964,0.8221018,0.8211753964424133,0.0002636933058965951,0.820871889591217,17.789824,17.882460355758667
120,4.83248496055603,0.82213724,0.8214183449745178,0.00026375078596174717,0.8210839033126831,17.786276,17.858165502548218
121,4.871918439865112,0.8225632,0.8216702342033386,0.00024320856027770787,0.8214042782783508,17.743683,17.832976579666138
122,4.914976358413696,0.82295907,0.8218891620635986,0.00027374012279324234,0.8215897083282471,17.704094,17.811083793640137
123,4.955353736877441,0.82376456,0.822192907333374,0.0002482397248968482,0.821816086769104,17.623543,17.780709266662598
124,4.996098041534424,0.82376456,0.8224185109138489,0.0002873169432859868,0.8221460580825806,17.623543,17.758148908615112
125,5.028611898422241,0.8239497,0.822688639163971,0.0003681253583636135,0.8223344683647156,17.60503,17.731136083602905
126,5.06830906867981,0.82486737,0.8230646848678589,0.0004803944902960211,0.8225858211517334,17.513264,17.69353151321411
127,5.110105991363525,0.8254607,0.8235004544258118,0.0005289005348458886,0.8229233026504517,17.453934,17.649954557418823
128,5.1512672901153564,0.825544,0.8239890336990356,0.0004642164858523756,0.8233839273452759,17.4456,17.601096630096436
129,5.192088603973389,0.8259469,0.8244315981864929,0.00043953931890428066,0.8238064050674438,17.405308,17.556840181350708
130,5.233263969421387,0.82642376,0.824850857257843,0.0004157366347499192,0.8243655562400818,17.357624,17.5149142742157
131,5.273356199264526,0.8266396,0.8252511024475098,0.00039459331310354173,0.8248037695884705,17.33604,17.474889755249023
132,5.314134359359741,0.8267869,0.8256210684776306,0.00034588389098644257,0.8251597285270691,17.321312,17.43789315223694
133,5.354056358337402,0.8273516,0.825983464717865,0.00033236417220905423,0.8255928158760071,17.264837,17.4016535282135
134,5.395172119140625,0.8277339,0.8263120651245117,0.00031556739122606814,0.8259238004684448,17.226612,17.368793487548828
135,5.435739994049072,0.8283671,0.8266069293022156,0.00033071773941628635,0.8262895941734314,17.163288,17.339307069778442
136,5.475525140762329,0.8284529,0.8268811702728271,0.00041606154991313815,0.8265050053596497,17.15471,17.311882972717285
137,5.517574310302734,0.82856315,0.8272624015808105,0.0004870606935583055,0.8267147541046143,17.143684,17.273759841918945
138,5.557694435119629,0.8290578,0.8277590274810791,0.00040850095683708787,0.8271480202674866,17.09422,17.22409725189209
139,5.603492736816406,0.8291084,0.8281224966049194,0.00033427742891944945,0.8277227878570557,17.089159,17.187750339508057
140,5.6481239795684814,0.8297636,0.8284395337104797,0.00030097216949798167,0.8280662298202515,17.023642,17.156046628952026
141,5.689299821853638,0.8297636,0.8287262320518494,0.0002936832024715841,0.8283671140670776,17.023642,17.127376794815063
142,5.723541736602783,0.8301475,0.829022228717804,0.00030266388785094023,0.8286741971969604,16.985249,17.097777128219604
143,5.764739274978638,0.8306148,0.8293322920799255,0.00034519730252213776,0.8289390802383423,16.938519,17.066770792007446
144,5.802189588546753,0.8306148,0.8296836018562317,0.0003121374174952507,0.8292750716209412,16.938519,17.03163981437683
145,5.83489727973938,0.83081686,0.8300021290779114,0.00027804929413832724,0.829637885093689,16.918314,16.999787092208862
146,5.874679803848267,0.8311066,0.8302770853042603,0.0002589148934930563,0.829963743686676,16.88934,16.972291469573975
147,5.913111209869385,0.83135617,0.8305356502532959,0.00021468146587722003,0.8302359580993652,16.864384,16.94643497467041
148,5.950953483581543,0.83145374,0.8307441473007202,0.000199234185856767,0.8305351138114929,16.854626,16.92558526992798
149,5.991509199142456,0.83178186,0.830917239189148,0.0002342162188142538,0.8306885361671448,16.821814,16.908276081085205
150,6.030802011489868,0.83216035,0.83115154504776,0.0002766098768915981,0.8308224081993103,16.783964,16.884845495224
151,6.070315361022949,0.8324521,0.8314389586448669,0.0002852855541277677,0.8311011791229248,16.754787,16.856104135513306
152,6.110642433166504,0.83295226,0.8317297101020813,0.0003014101239386946,0.8314025402069092,16.704773,16.82702898979187
153,6.151571989059448,0.83295226,0.83203125,0.00030518462881445885,0.8316640853881836,16.704773,16.796875
154,6.1851091384887695,0.83295625,0.8322989344596863,0.00026160385459661484,0.8319700956344604,16.704374,16.770106554031372
155,6.225142002105713,0.8334539,0.832528293132782,0.00023494752531405538,0.8322386145591736,16.65461,16.7471706867218
156,6.264222145080566,0.8336177,0.8327433466911316,0.00021375408687163144,0.8324686288833618,16.638231,16.72566533088684
157,6.303238391876221,0.8336177,0.8329453468322754,0.0001915810425998643,0.832710862159729,16.638231,16.70546531677246
158,6.336709022521973,0.8336177,0.8331072330474854,0.0001925225806189701,0.8329108953475952,16.638231,16.689276695251465
159,6.369353771209717,0.83380336,0.8332908153533936,0.0001747872884152457,0.8330254554748535,16.619665,16.670918464660645
160,6.408928394317627,0.83400863,0.8334539532661438,0.00014681073662359267,0.8332855701446533,16.599136,16.65460467338562
161,6.44928503036499,0.83412796,0.8335778713226318,0.00014722377818543464,0.833416223526001,16.587204,16.642212867736816
162,6.4900994300842285,0.8350383,0.8337105512619019,0.0001674884115345776,0.8335283994674683,16.49617,16.628944873809814
163,6.531889200210571,0.8350383,0.8338646292686462,0.00023245895863510668,0.8336530923843384,16.49617,16.613537073135376
164,6.5657830238342285,0.8354516,0.8340632915496826,0.0003039969888050109,0.8337885141372681,16.45484,16.59367084503174
165,6.606192588806152,0.8358187,0.8343460559844971,0.0004073726595379412,0.8339501023292542,16.418129,16.565394401550293
166,6.647030353546143,0.83655244,0.8347739577293396,0.000476224347949028,0.8342489004135132,16.344755,16.52260422706604
167,6.687505483627319,0.83663505,0.835252583026886,0.0005036366055719554,0.834659993648529,16.336494,16.4747416973114
168,6.7278430461883545,0.8367707,0.8357600569725037,0.0004041545616928488,0.8352826833724976,16.32293,16.423994302749634
169,6.768286466598511,0.83677423,0.8361479640007019,0.00029648473719134927,0.83571457862854,16.322577,16.38520359992981
170,6.808616876602173,0.83680713,0.8364045023918152,0.00019106960098724812,0.8361337780952454,16.319286,16.35954976081848
171,6.84798526763916,0.8369361,0.8365756273269653,0.00012658807099796832,0.8363826274871826,16.306389,16.342437267303467
172,6.8893609046936035,0.83698416,0.8366868495941162,0.00010383591143181548,0.8365524411201477,16.301584,16.33131504058838
173,6.929471254348755,0.8371009,0.836783766746521,8.439931116299704e-05,0.8366599082946777,16.289907,16.3216233253479
174,6.969572067260742,0.83731717,0.8368672132492065,9.8184566013515e-05,0.8367706537246704,16.268284,16.313278675079346
175,7.01091742515564,0.8376124,0.8369549512863159,0.00011284156062174588,0.8368386626243591,16.238762,16.304504871368408
176,7.05052638053894,0.8381618,0.837063193321228,0.00015090311353560537,0.8369287848472595,16.183817,16.293680667877197
177,7.089724540710449,0.83817375,0.8371993899345398,0.0002049190370598808,0.8370120525360107,16.182625,16.28006100654602
178,7.129790306091309,0.83840364,0.837380051612854,0.0002734211157076061,0.8371419906616211,16.159636,16.2619948387146
179,7.1730122566223145,0.8386228,0.8376368284225464,0.00031987903639674187,0.8373022675514221,16.137718,16.23631715774536
180,7.214735984802246,0.83884084,0.8379408121109009,0.0002907871385104954,0.8375568985939026,16.115915,16.205918788909912
181,7.256510019302368,0.83888274,0.838215172290802,0.0002201098104706034,0.8379034399986267,16.111725,16.1784827709198
182,7.323192834854126,0.8398927,0.8358561396598816,0.002336542122066021,0.8303841352462769,16.01073,16.41438603401184
183,7.366990804672241,0.8402028,0.8379353284835815,0.0007586071733385324,0.8366149663925171,15.979719,16.206467151641846
184,7.41019344329834,0.8402028,0.8385970592498779,0.0005751176504418254,0.8378784656524658,15.979719,16.140294075012207
185,7.442569732666016,0.84044224,0.8391094207763672,0.000496548367664218,0.8384419083595276,15.955776,16.08905792236328
186,7.483256578445435,0.84065,0.8395538926124573,0.0004143932892475277,0.8390076160430908,15.934998,16.044610738754272
187,7.523231506347656,0.84091103,0.8399403691291809,0.00031441645114682615,0.8394776582717896,15.908897,16.00596308708191
188,7.564800977706909,0.84091103,0.8402093052864075,0.00024184118956327438,0.8399190306663513,15.908897,15.979069471359253
189,7.596683025360107,0.8410416,0.8404207825660706,0.0002023888664552942,0.8401849269866943,15.895838,15.957921743392944
190,7.636978626251221,0.8411423,0.8406179547309875,0.00017071492038667202,0.8404102325439453,15.885771,15.938204526901245
191,7.679636001586914,0.84144664,0.8407799005508423,0.000151762185851112,0.8405864238739014,15.855336,15.922009944915771
192,7.718907117843628,0.8418319,0.8409318923950195,0.00015622010687366128,0.840764582157135,15.816808,15.906810760498047
193,7.759584903717041,0.84283984,0.8410800099372864,0.00024598289746791124,0.8409048914909363,15.716017,15.891999006271362
194,7.802098751068115,0.84283984,0.8413035869598389,0.00038688769564032555,0.8410047888755798,15.716017,15.869641304016113
195,7.836102724075317,0.8430362,0.8416081666946411,0.0005059512332081795,0.8411788940429688,15.6963825,15.839183330535889
196,7.874918699264526,0.8434243,0.8420223593711853,0.0005619397270493209,0.8414159417152405,15.657568,15.79776406288147
197,7.916792631149292,0.8434243,0.84263014793396,0.0003309431194793433,0.841903030872345,15.657568,15.736985206604004
198,7.950258493423462,0.8434243,0.8429149985313416,0.00019191374303773046,0.8426560163497925,15.657568,15.708500146865845
199,7.983268737792969,0.84373444,0.8430846929550171,0.000168321916135028,0.842876672744751,15.626555,15.691530704498291
200,8.025003910064697,0.8438563,0.8432465195655823,0.00016731079085730016,0.8430458307266235,15.614372,15.675348043441772
201,8.063382863998413,0.8439515,0.8434154391288757,0.0001560164091642946,0.8432227373123169,15.604848,15.658456087112427
202,8.103404521942139,0.8441451,0.8435799479484558,0.00016061801579780877,0.8434132933616638,15.585488,15.642005205154419
203,8.143109321594238,0.84446067,0.8437461256980896,0.00016917560424190015,0.8435225486755371,15.553933,15.62538743019104
204,8.182268142700195,0.8445144,0.8439084887504578,0.0001691073994152248,0.8437344431877136,15.548557,15.609151124954224
205,8.222356081008911,0.8446366,0.8440670967102051,0.0001842800120357424,0.8438671231269836,15.536338,15.593290328979492
206,8.262548208236694,0.84480184,0.8442404866218567,0.00016630282334517688,0.8440245985984802,15.519815,15.575951337814331
207,8.301923036575317,0.84480184,0.8443949222564697,0.00012731463357340544,0.8442212343215942,15.519815,15.560507774353027
208,8.337379693984985,0.84512466,0.8445240259170532,0.00012055649858666584,0.8443816900253296,15.487534,15.547597408294678
209,8.379303216934204,0.845267,0.8446367979049683,0.00015657902986276895,0.844494640827179,15.4733,15.536320209503174
210,8.41938328742981,0.8455458,0.8447615504264832,0.00021019259293098003,0.8445916175842285,15.445417,15.523844957351685
211,8.459609746932983,0.8460341,0.8449575901031494,0.00027122898609377444,0.8446744680404663,15.396589,15.504240989685059
212,8.50086522102356,0.8460707,0.8452123999595642,0.0002775539178401232,0.8448055386543274,15.392929,15.478760004043579
213,8.540882349014282,0.8464146,0.8454951643943787,0.0002550007775425911,0.8452025055885315,15.358538,15.450483560562134
214,8.58089828491211,0.8467797,0.8457431197166443,0.00027395616052672267,0.845435380935669,15.322029,15.425688028335571
215,8.621062278747559,0.84717107,0.8460373878479004,0.00028970991843380034,0.8456590175628662,15.282893,15.396261215209961
216,8.661953926086426,0.8478564,0.8463267683982849,0.00032727239886298776,0.8460127115249634,15.214359,15.367323160171509
217,8.701926946640015,0.8478564,0.8466465473175049,0.0003507428918965161,0.84623783826828,15.214359,15.335345268249512
218,8.735097646713257,0.84832203,0.84698486328125,0.00035230632056482136,0.846622109413147,15.167797,15.301513671875
219,8.774329900741577,0.8487382,0.847330629825592,0.00036998451105318964,0.8468690514564514,15.126181,15.266937017440796
220,8.81434941291809,0.8487382,0.8476912379264832,0.00033141253516077995,0.8472851514816284,15.126181,15.230876207351685
221,8.84770393371582,0.8487394,0.8480305671691895,0.0002810792939271778,0.8476670980453491,15.126061,15.196943283081055
222,8.88774061203003,0.848969,0.8483051061630249,0.0002277799794683233,0.8479902744293213,15.103102,15.16948938369751
223,8.926311016082764,0.849227,0.8485107421875,0.00020019263320136815,0.8482716083526611,15.077299,15.14892578125
224,8.96760606765747,0.8492428,0.8486939668655396,0.00017253986152354628,0.8484423756599426,15.07572,15.130603313446045
225,9.008251905441284,0.8492428,0.8488627672195435,0.00012300086382310838,0.8487381935119629,15.07572,15.113723278045654
226,9.040088653564453,0.8493288,0.8489691615104675,0.00011162889131810516,0.8488374352455139,15.067119,15.103083848953247
227,9.0770845413208,0.84952563,0.8490588665008545,0.0001149025047197938,0.8489423990249634,15.047437,15.09411334991455
228,9.117564678192139,0.84967744,0.8491689562797546,0.00012466350744944066,0.8490199446678162,15.032255,15.083104372024536
229,9.15700101852417,0.84971935,0.84928297996521,0.00012397492537274957,0.8491535186767578,15.028066,15.071702003479004
230,9.19735336303711,0.84994304,0.849383533000946,0.00015291583258658648,0.8492428064346313,15.005695,15.061646699905396
231,9.236865520477295,0.85002923,0.8495312929153442,0.00014052576443646103,0.8493288159370422,14.997077,15.046870708465576
232,9.27849555015564,0.8502418,0.8496682047843933,0.00011935883230762556,0.8495379686355591,14.975822,15.033179521560669
233,9.318839073181152,0.8504337,0.8497803211212158,0.00015198202163446695,0.8496519327163696,14.956629,15.021967887878418
234,9.359243631362915,0.85048735,0.8499006628990173,0.00019750288629438728,0.8497193455696106,14.951265,15.009933710098267
235,9.42839527130127,0.8503861,0.8474364876747131,0.002214813604950905,0.8419618010520935,14.961391,15.256351232528687
236,9.47049069404602,0.85094064,0.8493167757987976,0.0006369475740939379,0.8479940295219421,14.905935,15.06832242012024
237,9.511597871780396,0.85094064,0.8498820662498474,0.00033154519042000175,0.8494449853897095,14.905935,15.011793375015259
238,9.546008825302124,0.85094064,0.8501753807067871,0.00030032420181669295,0.8497720956802368,14.905935,14.982461929321289
239,9.580750942230225,0.85094064,0.8504359126091003,0.00022601080127060413,0.8501671552658081,14.905935,14.956408739089966
240,9.612911701202393,0.8511596,0.8506309986114502,0.00018256015027873218,0.8503742218017578,14.884043,14.93690013885498
241,9.652561902999878,0.85121244,0.8507887125015259,0.00015197166067082435,0.8506002426147461,14.878756,14.921128749847412
242,9.69245719909668,0.8515384,0.8509271740913391,0.00011150893988087773,0.8507474660873413,14.846158,14.907282590866089
243,9.733145713806152,0.851668,0.8510203957557678,0.0001307358907070011,0.8509406447410583,14.8332,14.897960424423218
244,9.773695230484009,0.85176724,0.8511281609535217,0.00017970027693081647,0.8509623408317566,14.823276,14.887183904647827
245,9.813877582550049,0.85202557,0.8512824177742004,0.0002039897080976516,0.8510714769363403,14.797443,14.871758222579956
246,9.854677677154541,0.85202557,0.851455569267273,0.00021427671890705824,0.8512017130851746,14.797443,14.854443073272705
247,9.889955043792725,0.8521884,0.8516605496406555,0.00017087139713112265,0.8513895273208618,14.781159,14.833945035934448
248,9.930649280548096,0.8522509,0.8518187999725342,0.00012936799612361938,0.851664125919342,14.774913,14.818120002746582
249,9.971018075942993,0.85241646,0.851939857006073,0.00011230482050450519,0.851811408996582,14.758354,14.8060142993927
250,10.011263608932495,0.8524445,0.8520369529724121,0.00011170915968250483,0.8519088625907898,14.755547,14.796304702758789
251,10.052146196365356,0.85261154,0.8521372675895691,0.00012550079554785043,0.852025032043457,14.738846,14.78627324104309
252,10.090738296508789,0.85271436,0.852247416973114,0.00013358202704694122,0.8520846366882324,14.728564,14.775258302688599
253,10.13042950630188,0.85280955,0.8523753881454468,0.00013567006681114435,0.8522031903266907,14.719046,14.762461185455322
254,10.171142101287842,0.8530111,0.8525139689445496,0.00013260648120194674,0.8523391485214233,14.698893,14.748603105545044
255,10.212146043777466,0.85317934,0.852630078792572,0.0001329746883129701,0.85247802734375,14.682066,14.736992120742798
256,10.25264596939087,0.853349,0.8527564406394958,0.00014299120812211186,0.8526010513305664,14.665103,14.724355936050415
257,10.29150915145874,0.8533813,0.8528993725776672,0.0001486092951381579,0.852729320526123,14.661873,14.710062742233276
258,10.332330465316772,0.8536926,0.8530458807945251,0.0001536182244308293,0.8528662919998169,14.630741,14.695411920547485
259,10.370054006576538,0.8536926,0.8531761169433594,0.00015552646073047072,0.8530112504959106,14.630741,14.682388305664062
260,10.404033660888672,0.8539449,0.8533204793930054,0.00016292516374960542,0.8531355261802673,14.605511,14.667952060699463
261,10.446510553359985,0.8539449,0.8534746170043945,0.00015619730402249843,0.8532824516296387,14.605511,14.652538299560547
262,10.480563879013062,0.8542077,0.8536316156387329,0.0001434946316294372,0.8534333109855652,14.57923,14.636838436126709
263,10.521497249603271,0.8543293,0.8537756204605103,0.00013162857794668525,0.8536235094070435,14.567071,14.622437953948975
264,10.560367107391357,0.85436434,0.8538944125175476,0.00014470134919974953,0.853736162185669,14.563566,14.61055874824524
265,10.600704669952393,0.8544504,0.8540229201316833,0.00014411567826755345,0.8538643717765808,14.554959,14.597707986831665
266,10.642303228378296,0.8544504,0.8541571497917175,0.0001250170753337443,0.8539937138557434,14.554959,14.584285020828247
267,10.67622685432434,0.8545888,0.8542771935462952,9.478435822529718e-05,0.8541455864906311,14.54112,14.572280645370483
268,10.716832399368286,0.8545888,0.8543659448623657,7.157654908951372e-05,0.8542656302452087,14.54112,14.563405513763428
269,10.751354217529297,0.85464704,0.8544383645057678,6.0754697187803686e-05,0.8543594479560852,14.5352955,14.556163549423218
270,10.791038274765015,0.85474706,0.8544982671737671,6.023792229825631e-05,0.8544299602508545,14.525294,14.550173282623291
271,10.832152128219604,0.85481274,0.8545587658882141,6.079980084905401e-05,0.85448157787323,14.518726,14.544123411178589
272,10.872615337371826,0.85491085,0.8546142578125,6.246317207114771e-05,0.8545506596565247,14.508915,14.53857421875
273,10.910285949707031,0.8549244,0.85467529296875,7.448375254170969e-05,0.8545975089073181,14.507562,14.532470703125
274,10.950205564498901,0.85495347,0.8547433018684387,7.613551133545116e-05,0.8546502590179443,14.504653,14.525669813156128
275,10.990241765975952,0.85495865,0.8548167943954468,5.958015754004009e-05,0.8547325730323792,14.504135,14.518320560455322
276,11.028631687164307,0.85508865,0.8548721075057983,4.525884651229717e-05,0.8548105955123901,14.491135,14.512789249420166
277,11.067032814025879,0.8550927,0.8549188375473022,4.669170448323712e-05,0.8548660278320312,14.490729,14.508116245269775
278,11.106362104415894,0.8552314,0.8549641966819763,5.805565160699189e-05,0.8549115061759949,14.47686,14.503580331802368
279,11.146844863891602,0.8553193,0.8550233244895935,7.01058961567469e-05,0.8549449443817139,14.468068,14.49766755104065
280,11.187246561050415,0.85539734,0.8550985455513,6.241937808226794e-05,0.8550109267234802,14.460266,14.490145444869995
281,11.227045774459839,0.85539734,0.8551528453826904,6.98240619385615e-05,0.8550910949707031,14.460266,14.484715461730957
282,11.259656190872192,0.8554308,0.8552188277244568,7.865736552048475e-05,0.8551292419433594,14.456922,14.478117227554321
283,11.299823522567749,0.8560036,0.8553029894828796,7.963147072587162e-05,0.8552154302597046,14.399642,14.469701051712036
284,11.339088678359985,0.8560036,0.8553728461265564,0.00010030745033873245,0.8552893996238708,14.399642,14.46271538734436
285,11.37205696105957,0.8562872,0.8554466962814331,0.000151416941662319,0.8553507924079895,14.371282,14.45533037185669
286,11.4126136302948,0.85629034,0.8555530905723572,0.0002360295329708606,0.8554131984710693,14.370966,14.444690942764282
287,11.453712463378906,0.85643053,0.8557115793228149,0.0003022011951543391,0.8554476499557495,14.356947,14.428842067718506
288,11.494506120681763,0.85649896,0.8560094833374023,0.0002626044151838869,0.8555004000663757,14.350104,14.399051666259766
289,11.53429889678955,0.8565294,0.8562337756156921,0.00013730151113122702,0.8560168743133545,14.347058,14.376622438430786
290,11.576613664627075,0.85653234,0.8563594222068787,7.212427590275183e-05,0.8562842011451721,14.346766,14.364057779312134
291,11.61884355545044,0.8565704,0.8564221858978271,6.364985165419057e-05,0.8563375473022461,14.3429575,14.357781410217285
292,11.659168004989624,0.85663956,0.8564853668212891,3.924377597286366e-05,0.8564209938049316,14.336043,14.351463317871094
293,11.698013544082642,0.8566605,0.8565248847007751,2.9320179237402044e-05,0.85649174451828,14.333952,14.347511529922485
294,11.741057634353638,0.8566675,0.8565500974655151,3.268447471782565e-05,0.8565192222595215,14.333248,14.344990253448486
295,11.782862901687622,0.8567177,0.8565792441368103,4.07547595386859e-05,0.8565346002578735,14.32823,14.34207558631897
296,11.849551916122437,0.85706484,0.853577733039856,0.002669346984475851,0.847267210483551,14.293516,14.642226696014404
297,11.889429092407227,0.8571658,0.8558551073074341,0.0007517030462622643,0.8543248176574707,14.283419,14.414489269256592
298,11.92969274520874,0.8571658,0.856480598449707,0.00029394536977633834,0.8560476303100586,14.283419,14.351940155029297
299,11.962647914886475,0.8572294,0.8567337989807129,0.00021844533330295235,0.8564835786819458,14.277059,14.326620101928711
300,12.003480911254883,0.85729426,0.8569215536117554,0.00016577345377299935,0.8566727638244629,14.270574,14.307844638824463
301,12.04503607749939,0.8574219,0.8570725917816162,7.890016422607005e-05,0.8569491505622864,14.2578125,14.292740821838379
302,12.086690425872803,0.85773903,0.8571498394012451,7.993572216946632e-05,0.8570648431777954,14.226097,14.285016059875488
303,12.126493453979492,0.85773903,0.8572160005569458,0.00010523473611101508,0.8571398258209229,14.226097,14.27839994430542
304,12.159249544143677,0.85785127,0.8572980761528015,0.00016206562577281147,0.8571658134460449,14.214873,14.270192384719849
305,12.198887825012207,0.8579085,0.8574411273002625,0.0001935713953571394,0.8572485446929932,14.209151,14.255887269973755
306,12.23835825920105,0.8580501,0.8576315641403198,0.00015861426072660834,0.8573800921440125,14.194989,14.236843585968018
307,12.27688193321228,0.85820544,0.8577824831008911,9.689764556242153e-05,0.8576676845550537,14.179457,14.221751689910889
308,12.318013191223145,0.85820544,0.85786372423172,9.951533138519153e-05,0.8577438592910767,14.179457,14.213627576828003
309,12.349096536636353,0.85838103,0.8579582571983337,9.794404468266293e-05,0.8578512668609619,14.161897,14.204174280166626
310,12.391445875167847,0.85838103,0.8580473065376282,9.412304643774405e-05,0.8579527735710144,14.161897,14.195269346237183
311,12.422360181808472,0.85838103,0.8581350445747375,9.646018588682637e-05,0.8580124378204346,14.161897,14.186495542526245
312,12.455783128738403,0.8584828,0.8582295775413513,6.705402483930811e-05,0.8581358790397644,14.151722,14.177042245864868
313,12.496546268463135,0.85850894,0.8582944273948669,7.767189526930451e-05,0.8582054376602173,14.149105,14.170557260513306
314,12.535704851150513,0.859363,0.8583762049674988,8.427604916505516e-05,0.8582733869552612,14.063698,14.162379503250122
315,12.57939600944519,0.85937625,0.8584344983100891,0.00013432203559204936,0.8583577871322632,14.062375,14.156550168991089
316,12.619333744049072,0.85944057,0.8585360050201416,0.0002472370397299528,0.8583810329437256,14.0559435,14.14639949798584
317,12.659420490264893,0.8594438,0.8586999773979187,0.000318344944389537,0.8584702014923096,14.055622,14.13000226020813
318,12.702509641647339,0.8594855,0.8589102029800415,0.0003515335847623646,0.8585866689682007,14.051449,14.10897970199585
319,12.743315935134888,0.85957885,0.8592405319213867,0.00027291959850117564,0.8586840629577637,14.042115,14.075946807861328
320,12.785417318344116,0.85957885,0.8594235777854919,4.4384509237715974e-05,0.8593735694885254,14.042115,14.057642221450806
321,12.818866968154907,0.8596513,0.8594626188278198,4.4913613237440586e-05,0.8594092726707458,14.034867,14.053738117218018
322,12.860769987106323,0.8596513,0.8595035672187805,4.2369309085188434e-05,0.859454333782196,14.034867,14.049643278121948
323,12.893036365509033,0.86051077,0.8595456480979919,7.405567885143682e-05,0.8594963550567627,13.948923,14.045435190200806
324,12.950738668441772,0.860514,0.8595895767211914,0.00010866241791518405,0.8595202565193176,13.948602,14.04104232788086
325,13.003471374511719,0.86058986,0.8596533536911011,0.0001886229874799028,0.8595788478851318,13.941013,14.034664630889893
326,13.049636125564575,0.8608473,0.8597543835639954,0.00030060423887334764,0.8596058487892151,13.915271,14.024561643600464
327,13.090722799301147,0.86095953,0.8599149584770203,0.0004014880978502333,0.8596367835998535,13.904047,14.008504152297974
328,13.131022691726685,0.860972,0.8602263927459717,0.00045686381054110825,0.8597054481506348,13.9028015,13.977360725402832
329,13.172179937362671,0.861058,0.8606917262077332,0.0001474983582738787,0.8604795932769775,13.8942,13.930827379226685
330,13.213178873062134,0.861058,0.8608241081237793,0.00010706421744544059,0.8606642484664917,13.8942,13.91758918762207
331,13.245786666870117,0.8612225,0.8609259128570557,8.1103942648042e-05,0.8608145713806152,13.877749,13.907408714294434
332,13.284857749938965,0.8612699,0.8610057830810547,7.07575018168427e-05,0.8609142303466797,13.873011,13.899421691894531
333,13.325410842895508,0.8612736,0.8610720634460449,6.632442091358826e-05,0.8609935641288757,13.872642,13.892793655395508
334,13.36484670639038,0.8613346,0.8611320853233337,6.84379629092291e-05,0.861053466796875,13.866538,13.886791467666626
335,13.404280662536621,0.8614156,0.8611981272697449,5.69962321605999e-05,0.8611268401145935,13.858438,13.880187273025513
336,13.444022178649902,0.8616851,0.8612598776817322,6.59906945656985e-05,0.8611921072006226,13.8314905,13.874012231826782
337,13.484190225601196,0.86187536,0.8613232374191284,0.0001032628133543767,0.8612388372421265,13.812465,13.867676258087158
338,13.52746868133545,0.86187536,0.8614134788513184,0.00014051178004592657,0.8612978458404541,13.812465,13.858652114868164
339,13.561447143554688,0.86212975,0.8615409731864929,0.00015761898248456419,0.8613610863685608,13.787025,13.845902681350708
340,13.604315757751465,0.8622158,0.861694872379303,0.00015971233369782567,0.861497700214386,13.778419,13.830512762069702
341,13.64419937133789,0.86230814,0.8618583083152771,0.0001512521121185273,0.8616850972175598,13.769186,13.81416916847229
342,13.686098575592041,0.8625478,0.8620056509971619,0.0001454823650419712,0.8618366718292236,13.745218,13.799434900283813
343,13.724631547927856,0.86255294,0.8621459603309631,0.00010784142796183005,0.8619869947433472,13.744706,13.785403966903687
344,13.764679908752441,0.8626009,0.8622452020645142,9.798916289582849e-05,0.8621377944946289,13.739908,13.775479793548584
345,13.804901599884033,0.8626009,0.8623217940330505,0.00010364101035520434,0.8622188568115234,13.739908,13.767820596694946
346,13.838186264038086,0.8627598,0.8624034523963928,0.00010807499347720295,0.862291157245636,13.724017,13.759654760360718
347,13.878005743026733,0.86280274,0.8624999523162842,9.122454503085464e-05,0.8623499274253845,13.719726,13.750004768371582
348,13.91752576828003,0.86280274,0.8625829219818115,6.409573688870296e-05,0.8625112175941467,13.719726,13.741707801818848
349,13.950696468353271,0.8628216,0.8626359105110168,7.651741179870442e-05,0.8625718355178833,13.717842,13.736408948898315
350,13.9904944896698,0.8628451,0.8627052307128906,7.470764830941334e-05,0.8626009225845337,13.7154875,13.729476928710938
351,14.031343460083008,0.862899,0.8627784848213196,3.03092019748874e-05,0.8627264499664307,13.710099,13.722151517868042
352,14.06956934928894,0.862899,0.8628052473068237,2.2525431631947868e-05,0.8627730011940002,13.710099,13.719475269317627
353,14.10213828086853,0.8629086,0.8628261685371399,2.381918966420926e-05,0.8628027439117432,13.70914,13.71738314628601
354,14.144134998321533,0.86293495,0.8628482222557068,2.650353781064041e-05,0.8628219366073608,13.706505,13.715177774429321
355,14.184722900390625,0.8630796,0.8628725409507751,2.9803206416545436e-05,0.8628417253494263,13.6920395,13.712745904922485
356,14.22556209564209,0.8630796,0.8629017472267151,2.884851892304141e-05,0.8628655076026917,13.6920395,13.709825277328491
357,14.258790731430054,0.8630796,0.86292564868927,3.3744021493475884e-05,0.8629010915756226,13.6920395,13.707435131072998
358,14.291760921478271,0.8630866,0.8629484176635742,4.54846303910017e-05,0.8629156351089478,13.691341,13.705158233642578
359,14.331691265106201,0.8631345,0.862978458404541,5.438432708615437e-05,0.8629283905029297,13.68655,13.702154159545898
360,14.371863603591919,0.8631345,0.8630256652832031,4.335827179602347e-05,0.8629592657089233,13.68655,13.697433471679688
361,14.403786659240723,0.8632369,0.8630689978599548,3.5270757507532835e-05,0.8630154728889465,13.67631,13.693100214004517
362,14.443572282791138,0.86329263,0.8631042242050171,3.9151553210103884e-05,0.8630796074867249,13.670736,13.689577579498291
363,14.484727621078491,0.86330557,0.863136887550354,5.213377153268084e-05,0.8630865812301636,13.669443,13.6863112449646
364,14.524780750274658,0.8633305,0.8631877303123474,5.200440500630066e-05,0.8631274700164795,13.666952,13.681226968765259
365,14.56855845451355,0.8633738,0.863238513469696,4.338545477367006e-05,0.8631775975227356,13.662619,13.676148653030396
366,14.609896421432495,0.863428,0.8632826209068298,3.865501275868155e-05,0.8632339239120483,13.6572,13.671737909317017
367,14.651190996170044,0.8634336,0.8633201122283936,3.403394657652825e-05,0.8632763028144836,13.65664,13.667988777160645
368,14.692667245864868,0.8634821,0.8633502125740051,3.788888352573849e-05,0.8633113503456116,13.651789,13.664978742599487
369,14.733757495880127,0.8634821,0.863384485244751,3.527145236148499e-05,0.863330602645874,13.651789,13.661551475524902
370,14.766918182373047,0.8635757,0.8634217381477356,3.1136140023591e-05,0.8633801937103271,13.64243,13.65782618522644
371,14.80611252784729,0.86359954,0.8634491562843323,3.6201814509695396e-05,0.8634172677993774,13.640046,13.655084371566772
372,14.847534418106079,0.86368525,0.8634782433509827,4.907387847197242e-05,0.8634336590766907,13.631475,13.652175664901733
373,14.886974096298218,0.8637517,0.8635249733924866,6.245704571483657e-05,0.8634589314460754,13.624829,13.647502660751343
374,14.928626537322998,0.86375356,0.86358642578125,6.34859679848887e-05,0.8634974360466003,13.624644,13.641357421875
375,14.96941614151001,0.8638964,0.8636512160301208,6.334843783406541e-05,0.8635804653167725,13.610357,13.634878396987915
376,15.00954008102417,0.86393166,0.8637179732322693,5.964679075987078e-05,0.8636372685432434,13.606834,13.628202676773071
377,15.050530672073364,0.8640543,0.8637732863426208,5.7758403272600845e-05,0.8637142181396484,13.594568,13.622671365737915
378,15.090445518493652,0.8640543,0.8638200759887695,6.478176510427147e-05,0.8637545704841614,13.594568,13.617992401123047
379,15.12369704246521,0.86411583,0.8638794422149658,7.148394070100039e-05,0.8638030886650085,13.588417,13.612055778503418
380,15.163879156112671,0.86420923,0.8639466762542725,6.734959606546909e-05,0.8638572692871094,13.579077,13.605332374572754
381,15.203603267669678,0.86421955,0.8640105128288269,6.474636757047847e-05,0.8639316558837891,13.578045,13.59894871711731
382,15.244622468948364,0.86430025,0.8640750646591187,5.945555312791839e-05,0.8639988899230957,13.569975,13.592493534088135
383,15.285170793533325,0.8644108,0.8641337752342224,5.873105692444369e-05,0.8640667200088501,13.558918,13.586622476577759
384,15.325530052185059,0.8644108,0.8641904592514038,6.147354724816978e-05,0.864115834236145,13.558918,13.58095407485962
385,15.357011556625366,0.86448777,0.8642501831054688,6.467683124355972e-05,0.864181637763977,13.551224,13.574981689453125
386,15.39609956741333,0.86451477,0.8643122911453247,7.011453271843493e-05,0.8642337918281555,13.548523,13.56877088546753
387,15.435433864593506,0.86465484,0.864388644695282,7.332424138439819e-05,0.8642988204956055,13.534516,13.561135530471802
388,15.475400686264038,0.8647191,0.8644589185714722,6.490663508884609e-05,0.8643812537193298,13.5280905,13.554108142852783
389,15.517893075942993,0.86477053,0.8645169138908386,6.752025365130976e-05,0.8644433617591858,13.522947,13.548308610916138
390,15.557800769805908,0.8648069,0.8645780086517334,7.426919910358265e-05,0.8644949197769165,13.519311,13.54219913482666
391,15.60005807876587,0.86484194,0.8646476864814758,7.06831124261953e-05,0.8645568490028381,13.515806,13.535231351852417
392,15.641759634017944,0.8648633,0.8647186756134033,5.671211692970246e-05,0.8646434545516968,13.513672,13.528132438659668
393,15.683672666549683,0.86486363,0.8647686243057251,4.076606273883954e-05,0.8647151589393616,13.513637,13.52313756942749
394,15.723994731903076,0.8648776,0.8648059368133545,3.2553423807257786e-05,0.8647696375846863,13.512241,13.51940631866455
395,15.764931917190552,0.86515486,0.8648384213447571,3.130780896754004e-05,0.8647981882095337,13.484514,13.516157865524292
396,15.804927825927734,0.86515486,0.8648617267608643,3.0262159270932898e-05,0.8648347854614258,13.484514,13.513827323913574
397,15.837893962860107,0.86515486,0.8648791313171387,4.6456512791337445e-05,0.8648622035980225,13.484514,13.512086868286133
398,15.87086272239685,0.86526144,0.864904522895813,7.754007674520835e-05,0.8648636341094971,13.473856,13.509547710418701
399,15.910886287689209,0.86529136,0.8649469017982483,0.00011163201997987926,0.8648775815963745,13.470864,13.505309820175171
400,15.951311111450195,0.86531776,0.8650281429290771,0.00013869648682884872,0.8648897409439087,13.468224,13.497185707092285
401,15.99040174484253,0.86539143,0.8651533126831055,0.0001296542613999918,0.8649541139602661,13.460856,13.484668731689453
402,16.030061721801758,0.86539143,0.8652727603912354,4.096088377991691e-05,0.8651906251907349,13.460856,13.472723960876465
403,16.063303470611572,0.8654513,0.8653120398521423,3.8199254049686715e-05,0.865261435508728,13.454872,13.468796014785767
404,16.103424549102783,0.8654752,0.8653474450111389,2.7546864657779224e-05,0.8653125762939453,13.452482,13.465255498886108
405,16.14289927482605,0.865486,0.8653711080551147,2.942801256722305e-05,0.8653436899185181,13.451397,13.462889194488525
406,16.1832537651062,0.865553,0.8653938174247742,3.717467188835144e-05,0.8653594851493835,13.444698,13.460618257522583
407,16.223496437072754,0.86570966,0.8654228448867798,4.633740900317207e-05,0.8653823733329773,13.429033,13.457715511322021
408,16.264349937438965,0.86570966,0.8654645085334778,5.027932638768107e-05,0.8653959035873413,13.429033,13.453549146652222
409,16.297727823257446,0.86570966,0.8655052185058594,4.4384796638041735e-05,0.8654575347900391,13.429033,13.449478149414062
410,16.330490589141846,0.8657774,0.8655427694320679,5.528768815565854e-05,0.8654952049255371,13.422262,13.445723056793213
411,16.371635913848877,0.8657882,0.8655867576599121,6.729480082867667e-05,0.8655163049697876,13.421178,13.441324234008789
412,16.41292905807495,0.86583936,0.8656454682350159,6.960712926229462e-05,0.8655714392662048,13.416063,13.435453176498413
413,16.453562021255493,0.8658887,0.865715742111206,6.437420233851299e-05,0.8656163811683655,13.411129,13.428425788879395
414,16.493122816085815,0.8658887,0.8657727241516113,4.575285856844857e-05,0.865709662437439,13.411129,13.422727584838867
415,16.527230739593506,0.8658887,0.8658151030540466,2.5788591301534325e-05,0.8657773733139038,13.411129,13.418489694595337
416,16.561209678649902,0.8658967,0.8658385276794434,1.7897078578243963e-05,0.8658164143562317,13.41033,13.416147232055664
417,16.601881742477417,0.8659176,0.8658548593521118,1.6541360309929587e-05,0.865836501121521,13.408237,13.414514064788818
418,16.641228437423706,0.866155,0.8658719062805176,2.6362642529420555e-05,0.8658504486083984,13.384497,13.412809371948242
419,16.682984828948975,0.866155,0.8658948540687561,4.8897782107815146e-05,0.8658629655838013,13.384497,13.41051459312439
420,16.71635675430298,0.8661932,0.865929126739502,7.657773676328361e-05,0.8658851385116577,13.380682,13.407087326049805
421,16.758041858673096,0.8662245,0.86597740650177,9.610124106984586e-05,0.8658894300460815,13.377547,13.402259349822998
422,16.798327922821045,0.8662263,0.8660571575164795,0.0001009008483379148,0.8659330606460571,13.377369,13.39428424835205
423,16.83799648284912,0.86622834,0.8661573529243469,4.4637115934165195e-05,0.8660416603088379,13.377166,13.384264707565308
424,16.878424406051636,0.8662339,0.8661908507347107,2.9809172701789066e-05,0.8661549091339111,13.376612,13.38091492652893
425,16.918778657913208,0.866256,0.8662183880805969,9.07016874407418e-06,0.8661982417106628,13.3744,13.378161191940308
426,16.958544492721558,0.866256,0.8662258982658386,4.8052706915768795e-06,0.8662225008010864,13.3744,13.377410173416138
427,16.993003606796265,0.8662933,0.8662291765213013,9.594215953256935e-06,0.8662245869636536,13.370668,13.377082347869873
428,17.030855417251587,0.86630136,0.8662364482879639,1.737896127451677e-05,0.866226315498352,13.369864,13.376355171203613
429,17.080440521240234,0.86634827,0.8662490844726562,2.533099723223131e-05,0.8662282824516296,13.365173,13.375091552734375
430,17.119837760925293,0.86634827,0.8662720918655396,2.591064367152285e-05,0.8662394285202026,13.365173,13.372790813446045
431,17.153804302215576,0.86636263,0.8662993907928467,1.9417197108850814e-05,0.8662634491920471,13.363737,13.370060920715332
432,17.193805932998657,0.8664075,0.866316556930542,1.8236072719446383e-05,0.8662967681884766,13.359249,13.3683443069458
433,17.234945058822632,0.86645573,0.8663325905799866,1.9476725356071256e-05,0.8663105964660645,13.354426,13.366740942001343
434,17.27833914756775,0.86646897,0.8663492202758789,2.1145457139937207e-05,0.8663275241851807,13.353104,13.36507797241211
435,17.320676803588867,0.86650383,0.8663675785064697,3.113730781478807e-05,0.8663455843925476,13.349617,13.363242149353027
436,17.361639261245728,0.86651105,0.8663887977600098,4.2778126953635365e-05,0.8663595914840698,13.348895,13.361120223999023
437,17.403890371322632,0.86654705,0.8664180040359497,5.139788117958233e-05,0.8663661479949951,13.345295,13.35819959640503
438,17.44551944732666,0.8666367,0.8664701581001282,4.100235310033895e-05,0.866383969783783,13.33633,13.352984189987183
439,17.485077381134033,0.8666687,0.8665078282356262,3.341888077557087e-05,0.866470992565155,13.33313,13.349217176437378
440,17.527563333511353,0.86675304,0.8665393590927124,5.023531412007287e-05,0.8665038347244263,13.324696,13.34606409072876
441,17.5697979927063,0.8667539,0.8665837049484253,6.455721450038254e-05,0.8665192723274231,13.324613,13.34162950515747
442,17.611655712127686,0.8668088,0.8666473031044006,6.055420089978725e-05,0.8665496110916138,13.319122,13.335269689559937
443,17.653945684432983,0.8668276,0.8667007088661194,3.568008469301276e-05,0.8666563630104065,13.31724,13.329929113388062
444,17.698311805725098,0.8668276,0.8667313456535339,3.5098459193250164e-05,0.8666914105415344,13.31724,13.326865434646606
445,17.735538721084595,0.8668343,0.8667626976966858,2.5429792003706098e-05,0.8667178153991699,13.316572,13.323730230331421
446,17.776764392852783,0.86686736,0.8667865991592407,2.3822274670237675e-05,0.866759717464447,13.313264,13.321340084075928
447,17.82269263267517,0.86686736,0.866805911064148,2.0661746020778082e-05,0.8667792677879333,13.313264,13.319408893585205
448,17.857062816619873,0.8668689,0.8668253421783447,1.5468656783923507e-05,0.8668020963668823,13.313108,13.317465782165527
449,17.89899444580078,0.8669008,0.8668385744094849,1.4453034964390099e-05,0.8668214678764343,13.309919,13.316142559051514
450,17.940418004989624,0.8669015,0.8668518662452698,1.5367479136330076e-05,0.8668344020843506,13.309849,13.314813375473022
451,17.980835437774658,0.86690164,0.8668672442436218,1.4593442756449804e-05,0.866849958896637,13.309836,13.313275575637817
452,18.02245283126831,0.86692804,0.8668801188468933,1.4758825273020193e-05,0.8668673038482666,13.307196,13.311988115310669
453,18.06414270401001,0.86692804,0.8668942451477051,1.088392673409544e-05,0.8668704032897949,13.307196,13.310575485229492
454,18.09736704826355,0.86692804,0.8669036030769348,6.658840902673546e-06,0.8668988943099976,13.307196,13.309639692306519
455,18.13076400756836,0.86692816,0.8669069409370422,8.996406904770993e-06,0.8669016361236572,13.307184,13.309305906295776
456,18.17178988456726,0.86692816,0.866912841796875,1.065063952410128e-05,0.8669036626815796,13.307184,13.3087158203125
457,18.205201625823975,0.8669325,0.8669210076332092,9.47482021729229e-06,0.8669047355651855,13.306749,13.307899236679077
458,18.24667239189148,0.86698145,0.8669285178184509,3.815844138443936e-06,0.8669271469116211,13.301855,13.307148218154907
459,18.28961205482483,0.8669921,0.8669303059577942,8.852841347106732e-06,0.8669280409812927,13.300789,13.306969404220581
460,18.330201864242554,0.8669921,0.8669341206550598,1.4506914340017829e-05,0.8669281601905823,13.300789,13.306587934494019
461,18.36545491218567,0.867011,0.8669419884681702,2.0708228475996293e-05,0.8669281601905823,13.298899,13.305801153182983
462,18.407227993011475,0.8670541,0.8669577836990356,2.3703398255747743e-05,0.8669281601905823,13.29459,13.304221630096436
463,18.449299573898315,0.8670541,0.8669794201850891,2.061626764771063e-05,0.8669565916061401,13.29459,13.302057981491089
464,18.484472036361694,0.867072,0.866997480392456,2.1433676010929048e-05,0.8669815063476562,13.292801,13.300251960754395
465,18.524933338165283,0.86710256,0.8670165538787842,2.1733774701715447e-05,0.866987407207489,13.289743,13.298344612121582
466,18.56705379486084,0.86713123,0.8670342564582825,2.5373577955178916e-05,0.8670099973678589,13.286877,13.296574354171753
467,18.60690665245056,0.86713123,0.8670576214790344,2.0825227693421766e-05,0.8670257329940796,13.286877,13.294237852096558
468,18.64365029335022,0.86714774,0.8670774698257446,2.450394276820589e-05,0.8670541048049927,13.285226,13.292253017425537
469,18.683789253234863,0.86716694,0.8671029210090637,2.0093208149774e-05,0.8670768737792969,13.283306,13.289707899093628
470,18.72368311882019,0.867259,0.86712247133255,1.8748147340375e-05,0.8671025633811951,13.274097,13.287752866744995
471,18.766531944274902,0.8673546,0.8671419024467468,2.723021498240996e-05,0.8671311736106873,13.264543,13.285809755325317
472,18.808499097824097,0.8673546,0.8671583533287048,4.676449316320941e-05,0.867131233215332,13.264543,13.284164667129517
473,18.843801975250244,0.8673623,0.8671923875808716,7.084654498612508e-05,0.8671438694000244,13.263768,13.280761241912842
474,18.88612723350525,0.8674711,0.8672506809234619,8.369918941752985e-05,0.8671541213989258,13.25289,13.274931907653809
475,18.92740774154663,0.86755687,0.8673380613327026,5.6406039220746607e-05,0.8672446012496948,13.244313,13.266193866729736
476,18.967209577560425,0.86756456,0.8673895001411438,5.400036388891749e-05,0.8673495650291443,13.243544,13.26104998588562
477,19.00971245765686,0.8675748,0.8674295544624329,6.172060238895938e-05,0.8673623204231262,13.242519,13.257044553756714
478,19.051202535629272,0.86763394,0.8674883842468262,4.676836761063896e-05,0.867416262626648,13.236607,13.251161575317383
479,19.093387603759766,0.86763394,0.8675304651260376,3.760095205507241e-05,0.8674710988998413,13.236607,13.24695348739624
480,19.12845206260681,0.86763394,0.8675684332847595,2.2259751858655363e-05,0.8675332069396973,13.236607,13.243156671524048
481,19.163232564926147,0.86764514,0.8675864934921265,2.4819739337544888e-05,0.8675587773323059,13.235485,13.241350650787354
482,19.20442008972168,0.86770743,0.8676080107688904,2.3000351575319655e-05,0.8675717115402222,13.229257,13.239198923110962
483,19.246387004852295,0.86770743,0.8676315546035767,1.5819099644431844e-05,0.8676159381866455,13.229257,13.236844539642334
484,19.27820134162903,0.867743,0.8676466941833496,1.9904075088561513e-05,0.8676307201385498,13.225698,13.235330581665039
485,19.319061279296875,0.867743,0.8676630258560181,2.4665492674103007e-05,0.867641806602478,13.225698,13.233697414398193
486,19.35293436050415,0.867771,0.8676838278770447,2.862356268451549e-05,0.8676565885543823,13.222897,13.231617212295532
487,19.39341402053833,0.86780787,0.8677096366882324,2.712555397010874e-05,0.867668867111206,13.2192135,13.229036331176758
488,19.43340802192688,0.86782265,0.8677360415458679,2.523658076825086e-05,0.8677074313163757,13.217735,13.226395845413208
489,19.47526788711548,0.86784923,0.8677595853805542,2.662479892023839e-05,0.8677347302436829,13.215076,13.22404146194458
490,19.518317461013794,0.8678838,0.8677847981452942,2.8058018870069645e-05,0.8677470684051514,13.21162,13.221520185470581
491,19.561081647872925,0.8679822,0.8678158521652222,2.9235014153528027e-05,0.8677783608436584,13.201779,13.218414783477783
492,19.60496425628662,0.8680995,0.8678429126739502,4.008286487078294e-05,0.8678081631660461,13.190049,13.21570873260498
493,19.647017002105713,0.8681344,0.8678742051124573,6.0533737268997356e-05,0.8678328990936279,13.186562,13.212579488754272
494,19.68838357925415,0.86815226,0.8679243326187134,8.65167094161734e-05,0.8678492307662964,13.184774,13.207566738128662
495,19.728665351867676,0.86824095,0.8679969906806946,9.059021977009252e-05,0.8678776621818542,13.175905,13.200300931930542
496,19.77004599571228,0.86827296,0.86808842420578,6.11004579695873e-05,0.8679937720298767,13.172704,13.191157579421997
497,19.813740253448486,0.8682935,0.8681445717811584,5.0314687541686e-05,0.8680893182754517,13.170648,13.185542821884155
498,19.856021881103516,0.8682935,0.8681897521018982,4.503964737523347e-05,0.868125855922699,13.170648,13.18102478981018
499,19.89336109161377,0.86835515,0.8682323098182678,3.273221227573231e-05,0.8681889772415161,13.164484,13.176769018173218
500,19.93483877182007,0.86835515,0.8682612180709839,2.9389500923571177e-05,0.8682246208190918,13.164484,13.173878192901611
501,19.977847576141357,0.8683926,0.8682891130447388,2.881819091271609e-05,0.8682512044906616,13.160742,13.171088695526123
502,20.019590616226196,0.8683926,0.8683162331581116,2.6032836103695445e-05,0.8682861924171448,13.160742,13.168376684188843
503,20.054425954818726,0.868412,0.8683398365974426,2.3610857169842348e-05,0.8683095574378967,13.158798,13.166016340255737
504,20.095319271087646,0.86843973,0.868360698223114,2.0078381567145698e-05,0.8683364987373352,13.156027,13.163930177688599
505,20.136443853378296,0.86843973,0.8683781027793884,1.9856928702211007e-05,0.8683551549911499,13.156027,13.162189722061157
506,20.170554399490356,0.8684781,0.8683989644050598,2.519953704904765e-05,0.8683711886405945,13.152188,13.160103559494019
507,20.215026378631592,0.8684979,0.8684230446815491,2.7194908398087136e-05,0.8683925867080688,13.150209,13.157695531845093
508,20.25534677505493,0.86857665,0.8684502243995667,2.4493972887285054e-05,0.868415355682373,13.142336,13.154977560043335
509,20.296961784362793,0.86857665,0.8684737682342529,2.236663749499712e-05,0.8684481978416443,13.142336,13.152623176574707
510,20.33134412765503,0.86872244,0.8684938549995422,3.282109537394717e-05,0.868468165397644,13.127756,13.150614500045776
511,20.370684146881104,0.86872244,0.8685182332992554,4.016751336166635e-05,0.8684831857681274,13.127756,13.148176670074463
512,20.405144929885864,0.8687366,0.8685518503189087,4.593171252054162e-05,0.868507444858551,13.126337,13.14481496810913
513,20.44849944114685,0.86873794,0.8685954213142395,4.8887064622249454e-05,0.8685436248779297,13.126206,13.14045786857605
514,20.489798545837402,0.86877495,0.8686349391937256,5.774797682533972e-05,0.8685766458511353,13.122505,13.136506080627441
515,20.53307604789734,0.8688826,0.8686965703964233,5.6474738812539726e-05,0.8686116933822632,13.11174,13.130342960357666
516,20.57605767250061,0.8689567,0.8687533736228943,4.0623614040669054e-05,0.8687160015106201,13.104332,13.124662637710571
517,20.61916494369507,0.8689825,0.868788480758667,5.286725718178786e-05,0.8687366247177124,13.10175,13.1211519241333
518,20.66162371635437,0.8689825,0.8688350915908813,6.61627491354011e-05,0.8687747120857239,13.10175,13.116490840911865
519,20.697224617004395,0.8690151,0.8688983917236328,5.7279547036159784e-05,0.8688055276870728,13.09849,13.110160827636719
520,20.73783850669861,0.86907107,0.8689536452293396,2.474529537721537e-05,0.8689122200012207,13.092894,13.10463547706604
521,20.777041912078857,0.86907107,0.8689756393432617,2.521144961065147e-05,0.8689500093460083,13.092894,13.102436065673828
522,20.81255292892456,0.86914,0.8689995408058167,2.978689553856384e-05,0.8689718246459961,13.085997,13.100045919418335
523,20.85388493537903,0.86914,0.869026243686676,3.626569377956912e-05,0.8689875602722168,13.085997,13.097375631332397
524,20.889652729034424,0.86919606,0.8690586686134338,3.524089333950542e-05,0.8690143823623657,13.080395,13.094133138656616
525,20.931218147277832,0.86919606,0.8690934777259827,2.8935635782545432e-05,0.8690550923347473,13.080395,13.090652227401733
526,20.966815948486328,0.8692274,0.8691214323043823,2.6199480998911895e-05,0.8690880537033081,13.077259,13.087856769561768
527,21.00751805305481,0.8692325,0.8691450357437134,2.7112648240290582e-05,0.8691108226776123,13.076753,13.085496425628662
528,21.050182104110718,0.8692591,0.8691669702529907,2.871012839023024e-05,0.8691400289535522,13.074088,13.083302974700928
529,21.090972423553467,0.8693395,0.86919105052948,3.068303340114653e-05,0.8691547513008118,13.066048,13.080894947052002
530,21.130534172058105,0.8693395,0.869218111038208,2.8362861485220492e-05,0.8691840171813965,13.066048,13.0781888961792
531,21.1645085811615,0.8693639,0.869247317314148,3.020000076503493e-05,0.8692165613174438,13.06361,13.075268268585205
532,21.20719265937805,0.8694965,0.8692741394042969,3.9406299038091674e-05,0.8692362308502197,13.050347,13.072586059570312
533,21.248683214187622,0.86950994,0.8693077564239502,4.810364043805748e-05,0.8692614436149597,13.049006,13.06922435760498
534,21.29021978378296,0.8695346,0.8693524599075317,5.435050115920603e-05,0.8692924380302429,13.046539,13.064754009246826
535,21.330790758132935,0.86955273,0.8693988919258118,6.660127837676555e-05,0.869336724281311,13.044727,13.060110807418823
536,21.372337102890015,0.86957836,0.8694655299186707,5.8854791859630495e-05,0.8693665266036987,13.042164,13.053447008132935
537,21.413365364074707,0.86957836,0.869523286819458,2.319062150490936e-05,0.8694937825202942,13.042164,13.0476713180542
538,21.44882893562317,0.86957836,0.8695435523986816,1.5784893548698165e-05,0.8695212602615356,13.042164,13.045644760131836
539,21.48290777206421,0.8695837,0.8695573806762695,1.1597351658565458e-05,0.8695417046546936,13.041628,13.044261932373047
540,21.524946212768555,0.8696126,0.8695685863494873,8.261585207947064e-06,0.8695558905601501,13.038742,13.04314136505127
541,21.567296028137207,0.86962587,0.8695763945579529,7.25168501958251e-06,0.8695676326751709,13.037414,13.042360544204712
542,21.60893702507019,0.86962587,0.8695819973945618,9.352007509733085e-06,0.8695770502090454,13.037414,13.041800260543823
543,21.64445972442627,0.8696871,0.8695880770683289,1.6554316971451044e-05,0.8695783615112305,13.031292,13.041192293167114
544,21.683566093444824,0.8697054,0.8696010708808899,2.759923881967552e-05,0.8695812225341797,13.029462,13.03989291191101
545,21.726760864257812,0.8697101,0.8696216940879822,3.411888610571623e-05,0.8695860505104065,13.028992,13.037830591201782
546,21.76755404472351,0.86977357,0.869653046131134,3.4690390748437494e-05,0.8696116209030151,13.022643,13.034695386886597
547,21.808317184448242,0.8698577,0.8696893453598022,3.38105128321331e-05,0.8696521520614624,13.014227,13.031065464019775
548,21.848312616348267,0.8699017,0.8697258830070496,4.6871224185451865e-05,0.8696842193603516,13.009829,13.027411699295044
549,21.890679836273193,0.8699397,0.8697640895843506,5.665831849910319e-05,0.8697051405906677,13.006031,13.023591041564941
550,21.939690113067627,0.8700849,0.8698188662528992,5.208951188251376e-05,0.8697629570960999,12.991512,13.018113374710083
551,21.981958389282227,0.8700849,0.8698658347129822,5.8838770200964063e-05,0.8698004484176636,12.991512,13.013416528701782
552,22.016166925430298,0.87011606,0.8699204921722412,6.089072849135846e-05,0.8698632717132568,12.988395,13.007950782775879
553,22.056716203689575,0.87016743,0.8699728846549988,7.072164589772001e-05,0.8698945641517639,12.983256,13.002711534500122
554,22.095893621444702,0.8701712,0.8700403571128845,5.66082562727388e-05,0.8699484467506409,12.982882,12.995964288711548
555,22.136858224868774,0.8702119,0.8700920939445496,3.2487765565747395e-05,0.8700573444366455,12.97881,12.990790605545044
556,22.176700115203857,0.8702392,0.8701200485229492,3.384675073903054e-05,0.8700816631317139,12.97608,12.987995147705078
557,22.220781564712524,0.87024426,0.8701522946357727,2.9769282264169306e-05,0.8701135516166687,12.975574,12.98477053642273
558,22.271567821502686,0.87027323,0.8701786398887634,2.732542452577036e-05,0.8701473474502563,12.972677,12.982136011123657
559,22.31181240081787,0.87030727,0.8702033758163452,3.066568751819432e-05,0.8701674938201904,12.969274,12.979662418365479
560,22.352043390274048,0.8703181,0.8702355623245239,2.5668203306850046e-05,0.8701978325843811,12.968188,12.976443767547607
561,22.392529249191284,0.8703181,0.8702591061592102,2.243313065264374e-05,0.8702322840690613,12.968188,12.97408938407898
562,22.42597794532776,0.8703462,0.8702783584594727,2.168329228879884e-05,0.8702518343925476,12.965382,12.972164154052734
563,22.464975357055664,0.8703492,0.8702986836433411,1.81091672857292e-05,0.8702728152275085,12.965077,12.970131635665894
564,22.507158279418945,0.8704493,0.8703173398971558,1.869610059657134e-05,0.8702978491783142,12.95507,12.968266010284424
565,22.550194025039673,0.8704505,0.8703356981277466,2.3177106413641013e-05,0.8703140020370483,12.95495,12.966430187225342
566,22.591335773468018,0.8704505,0.8703575730323792,2.767688056337647e-05,0.8703296184539795,12.95495,12.964242696762085
567,22.62596321105957,0.8704813,0.8703824281692505,3.376611493877135e-05,0.8703490495681763,12.951869,12.961757183074951
568,22.66498351097107,0.87049705,0.8704149127006531,3.256705167586915e-05,0.8703749179840088,12.950295,12.958508729934692
569,22.70606279373169,0.87052745,0.8704454898834229,2.448108534736093e-05,0.8704110980033875,12.947255,12.955451011657715
570,22.74747085571289,0.8705668,0.8704679012298584,2.1420661141746677e-05,0.8704493045806885,12.943321,12.95320987701416
571,22.789024353027344,0.8705668,0.8704861998558044,2.1590798496617936e-05,0.8704622983932495,12.943321,12.951380014419556
572,22.82356834411621,0.87057066,0.8705036044120789,2.405746818112675e-05,0.8704819679260254,12.942934,12.949639558792114
573,22.8645236492157,0.87063897,0.8705247640609741,2.6646337573765777e-05,0.8704949617385864,12.936104,12.947523593902588
574,22.913354873657227,0.870656,0.8705503940582275,2.5599318178137764e-05,0.8705224990844727,12.934399,12.944960594177246
575,22.964661359786987,0.87069017,0.8705756664276123,2.82408764178399e-05,0.8705445528030396,12.930984,12.94243335723877
576,23.01082754135132,0.87069714,0.8706004619598389,3.589857806218788e-05,0.8705667853355408,12.930286,12.939953804016113
577,23.051713705062866,0.870741,0.8706344366073608,3.692652899189852e-05,0.8705877065658569,12.9258995,12.936556339263916
578,23.093568563461304,0.87075925,0.8706731796264648,2.9113209166098386e-05,0.8706353306770325,12.924075,12.932682037353516
579,23.13521957397461,0.87075925,0.8707009553909302,2.1887137336307205e-05,0.870675265789032,12.924075,12.929904460906982
580,23.169031381607056,0.870821,0.8707186579704285,2.2045194782549515e-05,0.8706942796707153,12.9179,12.928134202957153
581,23.21100926399231,0.870821,0.8707390427589417,1.7808510165195912e-05,0.8707163333892822,12.9179,12.926095724105835
582,23.244057655334473,0.87084746,0.870755672454834,2.2461605112766847e-05,0.87073814868927,12.915254,12.924432754516602
583,23.283300399780273,0.87085736,0.8707726001739502,2.670447611308191e-05,0.8707480430603027,12.914265,12.92273998260498
584,23.32560443878174,0.8708893,0.8707939386367798,3.09247880068142e-05,0.8707596063613892,12.91107,12.920606136322021
585,23.36455464363098,0.8709038,0.8708229660987854,2.2453066776506603e-05,0.870789647102356,12.909621,12.91770339012146
586,23.404001235961914,0.8709421,0.8708441257476807,2.191547173424624e-05,0.8708209991455078,12.905788,12.915587425231934
587,23.443440914154053,0.8709555,0.8708636164665222,2.5407600332982838e-05,0.870835542678833,12.904448,12.913638353347778
588,23.484495401382446,0.8709572,0.8708850741386414,3.0583658372052014e-05,0.8708562850952148,12.904281,12.911492586135864
589,23.52589774131775,0.8709583,0.8709160089492798,2.48244650720153e-05,0.8708636164665222,12.904167,12.908399105072021
590,23.566093683242798,0.87096,0.8709373474121094,1.373494160361588e-05,0.8709160685539246,12.904,12.906265258789062
591,23.606431007385254,0.8709648,0.8709503412246704,6.548279088747222e-06,0.870937705039978,12.903518,12.904965877532959
592,23.648224353790283,0.87105656,0.8709565997123718,6.733734608133091e-06,0.8709518313407898,12.894344,12.904340028762817
593,23.687754154205322,0.8710587,0.8709609508514404,1.4940686924092006e-05,0.8709561228752136,12.89413,12.903904914855957
594,23.728906869888306,0.8710587,0.8709681630134583,2.6302863261662424e-05,0.8709578514099121,12.89413,12.903183698654175
595,23.763857126235962,0.8710622,0.8709798455238342,3.642538649728522e-05,0.870959997177124,12.893778,12.902015447616577
596,23.802510499954224,0.8710932,0.8709989190101624,4.4034091843059286e-05,0.8709622621536255,12.890678,12.900108098983765
597,23.84184694290161,0.8711531,0.8710379600524902,3.7909820093773305e-05,0.870965838432312,12.884688,12.896203994750977
598,23.88243317604065,0.8711576,0.8710659146308899,2.14720748772379e-05,0.8710565567016602,12.884241,12.89340853691101
599,23.923851251602173,0.8711741,0.8710775971412659,3.201870640623383e-05,0.8710587024688721,12.88259,12.892240285873413
600,23.966493129730225,0.8711828,0.8710973858833313,3.963993367506191e-05,0.8710624575614929,12.88172,12.89026141166687
601,24.007601499557495,0.8712114,0.8711321353912354,3.365617885719985e-05,0.8710747957229614,12.878859,12.886786460876465
602,24.04687523841858,0.8712226,0.8711632490158081,1.54148401634302e-05,0.8711498975753784,12.877739,12.88367509841919
603,24.08833646774292,0.87122434,0.8711745142936707,1.755273660819512e-05,0.8711564540863037,12.877565,12.882548570632935
604,24.127547025680542,0.8712649,0.8711902499198914,1.4981560525484383e-05,0.871173620223999,12.873512,12.880975008010864
605,24.168232440948486,0.8713018,0.8712027668952942,1.6966378098004498e-05,0.871186375617981,12.869823,12.879723310470581
606,24.207763195037842,0.87134737,0.8712183833122253,1.9838393200188875e-05,0.8711952567100525,12.865263,12.878161668777466
607,24.24732542037964,0.87139404,0.8712376952171326,3.2249270589090884e-05,0.8712143898010254,12.860596,12.876230478286743
608,24.288368225097656,0.87139404,0.8712611794471741,4.421006087795831e-05,0.8712249994277954,12.860596,12.873882055282593
609,24.32234811782837,0.8714187,0.8712969422340393,5.2613748266594484e-05,0.871243953704834,12.858129,12.87030577659607
610,24.362579107284546,0.8714307,0.8713469505310059,4.119789082324132e-05,0.8712648749351501,12.856931,12.865304946899414
611,24.403016328811646,0.8714307,0.8713805079460144,2.029832285188604e-05,0.8713535070419312,12.856931,12.86194920539856
612,24.4365074634552,0.8714396,0.87139892578125,1.4893767911416944e-05,0.8713791966438293,12.856043,12.860107421875
613,24.475731372833252,0.87145954,0.8714125752449036,1.3417353329714388e-05,0.8713948130607605,12.854046,12.858742475509644
614,24.51735758781433,0.8714974,0.8714262247085571,1.155706740973983e-05,0.8714144229888916,12.850261,12.857377529144287
615,24.556702613830566,0.8715067,0.8714370727539062,1.5032040209916886e-05,0.8714238405227661,12.849331,12.856292724609375
616,24.598973274230957,0.87150985,0.8714495897293091,1.844033795350697e-05,0.8714314103126526,12.849015,12.855041027069092
617,24.63943338394165,0.8715443,0.8714649677276611,2.0256684365449473e-05,0.8714445233345032,12.84557,12.853503227233887
618,24.681278228759766,0.8715538,0.8714823722839355,2.2257994714891538e-05,0.8714550733566284,12.844622,12.851762771606445
619,24.723135471343994,0.871556,0.87150639295578,1.7572347132954746e-05,0.8714815378189087,12.844401,12.849360704421997
620,24.763959646224976,0.871556,0.8715211153030396,1.4544472833222244e-05,0.8715052604675293,12.844401,12.847888469696045
621,24.796651124954224,0.87156194,0.8715346455574036,1.1418484973546583e-05,0.8715174198150635,12.843805,12.846535444259644
622,24.837116956710815,0.8715917,0.8715459704399109,9.821410458243918e-06,0.8715325593948364,12.840832,12.845402956008911
623,24.875832557678223,0.8715972,0.8715550899505615,1.0703837688197382e-05,0.871544361114502,12.840282,12.844491004943848
624,24.9175386428833,0.8715972,0.8715638518333435,1.2956335922353901e-05,0.8715537786483765,12.840282,12.84361481666565
625,24.952430248260498,0.87159723,0.8715739250183105,1.406332194164861e-05,0.8715571761131287,12.840277,12.842607498168945
626,24.996142387390137,0.8716299,0.8715884685516357,8.007553333300166e-06,0.8715672492980957,12.83701,12.841153144836426
627,25.03682827949524,0.87166226,0.871595561504364,8.355153113370761e-06,0.8715896010398865,12.833775,12.840443849563599
628,25.076993703842163,0.8717649,0.8716021776199341,1.7939939425559714e-05,0.8715949654579163,12.82351,12.839782238006592
629,25.117005586624146,0.8717955,0.8716129660606384,3.145975279039703e-05,0.871597170829773,12.820453,12.838703393936157
630,25.158945083618164,0.8717955,0.8716331720352173,4.377862569526769e-05,0.8715978860855103,12.820453,12.836682796478271
631,25.194077253341675,0.87180096,0.8716631531715393,5.005009370506741e-05,0.871624231338501,12.819904,12.83368468284607
632,25.23581314086914,0.87180096,0.8716954588890076,5.305651211529039e-05,0.8716320991516113,12.819904,12.830454111099243
633,25.268898963928223,0.8718238,0.8717455267906189,3.751405529328622e-05,0.8716892004013062,12.817621,12.82544732093811
634,25.309371948242188,0.8718411,0.871780276298523,1.9903285647160374e-05,0.871745765209198,12.815893,12.821972370147705
635,25.350916862487793,0.87184554,0.871799111366272,1.1921493751287926e-05,0.8717782497406006,12.815446,12.820088863372803
636,25.39114809036255,0.8718587,0.8718098402023315,1.2680426152655855e-05,0.8717997670173645,12.814129,12.819015979766846
637,25.43132519721985,0.8718587,0.8718205690383911,1.4482720871455967e-05,0.8718017339706421,12.814129,12.817943096160889
638,25.465186595916748,0.87188303,0.8718338012695312,1.631625673326198e-05,0.8718159198760986,12.811697,12.816619873046875
639,25.505311250686646,0.8718977,0.8718487024307251,1.678465196164325e-05,0.8718258142471313,12.81023,12.81512975692749
640,25.545387744903564,0.8719,0.8718658685684204,1.5725052435300313e-05,0.871842622756958,12.809998,12.813413143157959
641,25.586622953414917,0.8719126,0.8718799948692322,1.2348861673672218e-05,0.8718591928482056,12.808741,12.812000513076782
642,25.62580442428589,0.8719662,0.8718920350074768,1.0405379725852981e-05,0.8718807101249695,12.803382,12.81079649925232
643,25.666414976119995,0.87198794,0.8719026446342468,1.3064451195532456e-05,0.8718929290771484,12.801207,12.809735536575317
644,25.705443859100342,0.8720118,0.8719127178192139,2.3359001716016792e-05,0.8719000220298767,12.798822,12.808728218078613
645,25.745527267456055,0.87201285,0.871929943561554,3.2011008443078026e-05,0.8719019889831543,12.798715,12.807005643844604
646,25.78466796875,0.87202585,0.8719546794891357,3.4296881494810805e-05,0.8719125986099243,12.797415,12.804532051086426
647,25.825676918029785,0.8720321,0.8719900250434875,1.64316388691077e-05,0.8719573616981506,12.796789,12.800997495651245
648,25.86665678024292,0.8720851,0.8720051050186157,1.5815247024875134e-05,0.8719852566719055,12.791491,12.799489498138428
649,25.907170295715332,0.8721228,0.8720192313194275,1.509327830717666e-05,0.8720025420188904,12.787718,12.798076868057251
650,25.947774410247803,0.8721349,0.8720314502716064,2.10849211725872e-05,0.872015118598938,12.786508,12.796854972839355
651,25.989851474761963,0.87216884,0.8720472455024719,2.894496537919622e-05,0.8720232248306274,12.783116,12.795275449752808
652,26.030449867248535,0.87217116,0.8720694780349731,3.4247434086864814e-05,0.8720327615737915,12.782884,12.793052196502686
653,26.070051908493042,0.8722025,0.8720989227294922,3.507514702505432e-05,0.8720582723617554,12.779749,12.790107727050781
654,26.109915494918823,0.87222946,0.8721297979354858,2.847985342668835e-05,0.8720850944519043,12.777054,12.787020206451416
655,26.15070366859436,0.8722471,0.8721565008163452,2.5478964744252153e-05,0.8721292018890381,12.77529,12.784349918365479
656,26.191718339920044,0.87225956,0.8721808791160583,2.41896395891672e-05,0.8721516132354736,12.774044,12.781912088394165
657,26.2348473072052,0.87225956,0.8722028732299805,2.3047017748467624e-05,0.8721721768379211,12.774044,12.779712677001953
658,26.267457246780396,0.8722932,0.8722237348556519,1.9489652913762257e-05,0.8722017407417297,12.770682,12.777626514434814
659,26.308303594589233,0.8722932,0.8722434043884277,1.5327552318922244e-05,0.8722182512283325,12.770682,12.775659561157227
660,26.341208457946777,0.8722987,0.87225741147995,1.386311760143144e-05,0.8722470998764038,12.770128,12.774258852005005
661,26.38167667388916,0.8722987,0.872268557548523,1.4338398614199832e-05,0.872248649597168,12.770128,12.773144245147705
662,26.415601015090942,0.872342,0.8722827434539795,1.0515915164432954e-05,0.8722653985023499,12.7658,12.77172565460205
663,26.456008195877075,0.872342,0.8722916841506958,9.039032192958985e-06,0.8722823262214661,12.7658,12.77083158493042
664,26.490170001983643,0.8723914,0.8723000288009644,1.3581267921836115e-05,0.8722931742668152,12.7608595,12.769997119903564
665,26.530888080596924,0.87240344,0.8723100423812866,2.324878551007714e-05,0.8722951412200928,12.759656,12.768995761871338
666,26.574488878250122,0.87242985,0.8723260164260864,3.1532767025055364e-05,0.8723008632659912,12.757015,12.767398357391357
667,26.614052057266235,0.87242985,0.8723481893539429,3.6835095670539886e-05,0.8723081350326538,12.757015,12.765181064605713
668,26.646099090576172,0.87243664,0.8723851442337036,2.2223975975066423e-05,0.872342586517334,12.756336,12.761485576629639
669,26.685524702072144,0.8724414,0.8724043965339661,1.2297673492867034e-05,0.8723876476287842,12.755859,12.759560346603394
670,26.724942445755005,0.8724414,0.8724141120910645,1.154422261606669e-05,0.8724009394645691,12.755859,12.758588790893555
671,26.7587251663208,0.87244207,0.8724250793457031,8.12514281278709e-06,0.8724117279052734,12.755794,12.757492065429688
672,26.80076026916504,0.8724439,0.8724324107170105,5.065130153525388e-06,0.8724244832992554,12.755609,12.75675892829895
673,26.840705156326294,0.87245744,0.8724370002746582,4.101938884559786e-06,0.8724315762519836,12.754255,12.75629997253418
674,26.879226207733154,0.8724652,0.8724408149719238,3.969023509853287e-06,0.8724366426467896,12.753481,12.755918502807617
675,26.918635368347168,0.8724666,0.8724439740180969,5.135823357704794e-06,0.872440755367279,12.753338,12.755602598190308
676,26.958762407302856,0.872482,0.8724478483200073,8.175894436135422e-06,0.8724414110183716,12.7518,12.755215167999268
677,27.000057220458984,0.872482,0.8724541664123535,1.0290420505043585e-05,0.8724439144134521,12.7518,12.754583358764648
678,27.033198833465576,0.87248445,0.8724645376205444,7.592599104100373e-06,0.8724521994590759,12.751555,12.753546237945557
679,27.073244333267212,0.87248445,0.8724718689918518,5.194711320655188e-06,0.872465193271637,12.751555,12.75281310081482
680,27.105592012405396,0.8724854,0.8724765777587891,4.4096691453887615e-06,0.8724707365036011,12.75146,12.752342224121094
681,27.145505905151367,0.8725035,0.8724808692932129,3.1150932500167983e-06,0.8724759817123413,12.749648,12.751913070678711
682,27.185627222061157,0.8725071,0.8724836707115173,3.0048306598473573e-06,0.8724815845489502,12.74929,12.751632928848267
683,27.225136280059814,0.8725071,0.8724854588508606,4.320990228734445e-06,0.8724832534790039,12.74929,12.75145411491394
684,27.25897240638733,0.8725154,0.8724877834320068,6.990052952460246e-06,0.8724844455718994,12.748462,12.751221656799316
685,27.302407264709473,0.8725171,0.8724925518035889,9.835232049226761e-06,0.8724852204322815,12.748289,12.750744819641113
686,27.343753337860107,0.8725228,0.8725006580352783,9.852197763393633e-06,0.8724864721298218,12.747723,12.749934196472168
687,27.38546586036682,0.8726834,0.8725112676620483,1.1851576346089132e-05,0.8725035190582275,12.731659,12.748873233795166
688,27.42683744430542,0.8726834,0.8725164532661438,1.527861604699865e-05,0.8725097179412842,12.731659,12.74835467338562
689,27.459266662597656,0.8726834,0.8725216388702393,2.0421262888703495e-05,0.8725146055221558,12.731659,12.747836112976074
690,27.491031169891357,0.87293804,0.8725382685661316,6.602560461033136e-05,0.87251877784729,12.706196,12.74617314338684
691,27.529388427734375,0.87293804,0.8725715279579163,0.0001156186917796731,0.8725225329399109,12.706196,12.742847204208374
692,27.563308000564575,0.8729464,0.8726414442062378,0.00016598284128122032,0.8725237250328064,12.705362,12.73585557937622
693,27.6025390625,0.8729538,0.8727713823318481,0.00016840852913446724,0.8725277185440063,12.704622,12.722861766815186
694,27.644572734832764,0.8729645,0.8729259967803955,1.94721305888379e-05,0.8728872537612915,12.70355,12.70740032196045
695,27.684434413909912,0.87296486,0.8729400634765625,5.6775697885314e-06,0.872934103012085,12.703514,12.70599365234375
696,27.725812435150146,0.87301975,0.8729445338249207,7.795235433150083e-06,0.8729388117790222,12.698025,12.705546617507935
697,27.766608953475952,0.8730369,0.8729495406150818,1.2250438885530457e-05,0.8729426264762878,12.696308,12.705045938491821
698,27.808085203170776,0.87304056,0.872958779335022,1.862852877820842e-05,0.872943639755249,12.695944,12.704122066497803
699,27.849292755126953,0.8730832,0.8729748725891113,2.435409987810999e-05,0.8729534149169922,12.691683,12.702512741088867
700,27.889343738555908,0.8731026,0.8729974627494812,2.6324261853005737e-05,0.8729648590087891,12.689739,12.70025372505188
701,27.930612802505493,0.87320197,0.8730230927467346,2.7140777092427015e-05,0.8729923963546753,12.679804,12.697690725326538
702,27.971996307373047,0.87320197,0.873045802116394,2.5679264581413008e-05,0.8730197548866272,12.679804,12.695419788360596
703,28.003379583358765,0.87320197,0.8730678558349609,3.155625381623395e-05,0.8730387687683105,12.679804,12.693214416503906
704,28.036345958709717,0.873205,0.8730959892272949,3.344660945003852e-05,0.8730567097663879,12.6795,12.690401077270508
705,28.076867818832397,0.8732133,0.8731209635734558,3.5035689506912604e-05,0.8730911016464233,12.678671,12.687903642654419
706,28.11959958076477,0.8732239,0.8731480836868286,3.578656105673872e-05,0.8731077313423157,12.67761,12.685191631317139
707,28.159475803375244,0.8732645,0.8731784224510193,2.630609924381133e-05,0.873137354850769,12.673551,12.682157754898071
708,28.20047640800476,0.8732661,0.8732026815414429,1.230241650773678e-05,0.8731781244277954,12.673389,12.679731845855713
709,28.241515636444092,0.8732666,0.8732125759124756,1.5190986232482828e-05,0.8732019662857056,12.673342,12.678742408752441
710,28.28241467475891,0.8733086,0.8732250928878784,2.042434789473191e-05,0.8732067346572876,12.66914,12.677490711212158
711,28.32261347770691,0.8733086,0.8732421398162842,2.145779217244126e-05,0.8732153177261353,12.66914,12.675786018371582
712,28.35519552230835,0.8733086,0.8732632398605347,1.6534473616047762e-05,0.8732396364212036,12.66914,12.673676013946533
713,28.388903617858887,0.8733179,0.8732768893241882,1.392226477037184e-05,0.8732630014419556,12.66821,12.672311067581177
714,28.426984786987305,0.8733179,0.8732882142066956,1.4439452570513822e-05,0.8732718229293823,12.66821,12.671178579330444
715,28.460875272750854,0.87333965,0.8733014464378357,1.0766932973638177e-05,0.8732819557189941,12.666035,12.66985535621643
716,28.500746965408325,0.8733461,0.8733109831809998,7.025612831057515e-06,0.8733015656471252,12.665391,12.668901681900024
717,28.540374994277954,0.87337863,0.8733173608779907,1.001376767817419e-05,0.8733085989952087,12.662136,12.668263912200928
718,28.580140352249146,0.87337863,0.8733248114585876,1.5047628039610572e-05,0.8733140230178833,12.662136,12.667518854141235
719,28.613582134246826,0.8733882,0.8733351826667786,1.994484591705259e-05,0.8733184337615967,12.661182,12.666481733322144
720,28.654313564300537,0.87339044,0.8733530044555664,1.804903513402678e-05,0.8733214139938354,12.660956,12.66469955444336
721,28.694054126739502,0.8734525,0.8733706474304199,1.0978596037602983e-05,0.8733530640602112,12.654752,12.662935256958008
722,28.73484444618225,0.8734525,0.8733816742897034,1.4934762475604657e-05,0.8733694553375244,12.654752,12.661832571029663
723,28.7673180103302,0.8734577,0.8733914494514465,2.1086250853841193e-05,0.8733786344528198,12.654233,12.660855054855347
724,28.80619502067566,0.8734659,0.8734074831008911,2.5206281861755997e-05,0.8733816146850586,12.65341,12.659251689910889
725,28.84645390510559,0.8734702,0.8734297752380371,2.278794090670999e-05,0.873396635055542,12.652981,12.657022476196289
726,28.887516975402832,0.873486,0.8734517693519592,9.27658038563095e-06,0.8734381794929504,12.6514015,12.654823064804077
727,28.92869257926941,0.873486,0.8734596371650696,8.717311175132636e-06,0.8734524846076965,12.6514015,12.654036283493042
728,28.962245225906372,0.87350494,0.8734678030014038,9.064765436050948e-06,0.8734559416770935,12.649507,12.65321969985962
729,29.004722833633423,0.87351364,0.8734763264656067,9.318492629972752e-06,0.8734679222106934,12.648636,12.652367353439331
730,29.042802572250366,0.8735418,0.873485267162323,1.159746079792967e-05,0.8734723329544067,12.645823,12.6514732837677
731,29.0826096534729,0.8735418,0.8734954595565796,1.3151017810741905e-05,0.873482882976532,12.645823,12.650454044342041
732,29.115321159362793,0.87355745,0.8735073208808899,1.511133541498566e-05,0.8734896779060364,12.644255,12.64926791191101
733,29.155627489089966,0.8735953,0.873522162437439,1.576596696395427e-05,0.8735049366950989,12.6404705,12.647783756256104
734,29.19523286819458,0.8736228,0.873538076877594,1.8125982023775578e-05,0.8735183477401733,12.637722,12.6461923122406
735,29.234822273254395,0.87364477,0.8735557198524475,2.008846240642015e-05,0.8735354542732239,12.635523,12.644428014755249
736,29.27541708946228,0.87364477,0.8735731244087219,2.2668220481136814e-05,0.8735514879226685,12.635523,12.642687559127808
737,29.309438943862915,0.8736631,0.8735917806625366,2.2374637410393916e-05,0.8735625743865967,12.633687,12.640821933746338
738,29.349120378494263,0.87366736,0.8736124634742737,2.0571051209117286e-05,0.8735876679420471,12.633265,12.638753652572632
739,29.392845392227173,0.87368065,0.8736338019371033,1.550794331706129e-05,0.8736094236373901,12.631935,12.636619806289673
740,29.434455156326294,0.8736913,0.873649537563324,1.333289037575014e-05,0.8736288547515869,12.630868,12.635046243667603
741,29.476644039154053,0.8736962,0.8736617565155029,1.352512845187448e-05,0.873645007610321,12.630379,12.633824348449707
742,29.518304347991943,0.87369645,0.8736749887466431,1.0478339390829206e-05,0.8736616373062134,12.630356,12.632501125335693
743,29.557114362716675,0.8737015,0.8736850619316101,6.653778655163478e-06,0.8736735582351685,12.6298485,12.63149380683899
744,29.598541021347046,0.87375796,0.8736913204193115,5.3827293413633015e-06,0.8736855387687683,12.624205,12.630867958068848
745,29.641486167907715,0.87375796,0.8736957311630249,9.077785762201529e-06,0.8736910223960876,12.624205,12.63042688369751
746,29.673621654510498,0.87375796,0.8737021088600159,1.5690071450080723e-05,0.8736941814422607,12.624205,12.629789113998413
747,29.705610036849976,0.8737664,0.8737112283706665,2.2263930077315308e-05,0.8736966252326965,12.623358,12.62887716293335
748,29.7451012134552,0.8737737,0.8737278580665588,2.5576624466339126e-05,0.8737006187438965,12.622631,12.627214193344116
749,29.787391424179077,0.87378246,0.8737513422966003,1.8143073248211294e-05,0.8737128973007202,12.621755,12.624865770339966
750,29.828176975250244,0.8737825,0.8737642765045166,6.6423458520148415e-06,0.8737579584121704,12.621748,12.62357234954834
751,29.867839336395264,0.8737856,0.8737702965736389,6.418483735615155e-06,0.8737631440162659,12.621439,12.622970342636108
752,29.908262014389038,0.8737856,0.8737766742706299,3.6251040000934154e-06,0.8737704157829285,12.621439,12.622332572937012
753,29.941955089569092,0.8737893,0.8737799525260925,2.5729643766680965e-06,0.8737751841545105,12.621069,12.622004747390747
754,29.982778787612915,0.8737958,0.8737822771072388,2.4858218239387497e-06,0.8737796545028687,12.6204195,12.621772289276123
755,30.022814989089966,0.8737958,0.873784065246582,3.0599412639276125e-06,0.8737817406654358,12.6204195,12.621593475341797
756,30.05764603614807,0.87379754,0.873786449432373,4.26309179601958e-06,0.8737825155258179,12.620247,12.621355056762695
757,30.098793268203735,0.87379855,0.8737900257110596,4.751323558593867e-06,0.8737856149673462,12.620145,12.620997428894043
758,30.14043092727661,0.87379867,0.8737945556640625,2.9324548904696712e-06,0.8737866878509521,12.620133,12.62054443359375
759,30.178515911102295,0.8738057,0.8737967014312744,1.2422678992152214e-06,0.873794674873352,12.61943,12.620329856872559
760,30.219263315200806,0.8738066,0.8737978339195251,1.0990831924573286e-06,0.8737968802452087,12.619341,12.620216608047485
761,30.259522199630737,0.8738066,0.8737984299659729,1.996633500311873e-06,0.8737975358963013,12.619341,12.62015700340271
762,30.291192531585693,0.87380755,0.8737996220588684,2.7204271191294538e-06,0.8737975358963013,12.619246,12.62003779411316
763,30.330392599105835,0.87381256,0.873801589012146,3.5514904084266163e-06,0.8737985491752625,12.618744,12.6198410987854
764,30.37080216407776,0.8738351,0.8738048076629639,3.5661621495819418e-06,0.8737995028495789,12.616491,12.619519233703613
765,30.412482261657715,0.87389237,0.8738080263137817,6.402638518920867e-06,0.8738057017326355,12.610764,12.619197368621826
766,30.454622983932495,0.87389815,0.8738116025924683,1.5305569831980392e-05,0.8738065958023071,12.610186,12.618839740753174
767,30.494704723358154,0.8739011,0.8738209009170532,2.7531084924703464e-05,0.8738076686859131,12.609887,12.617909908294678
768,30.535929918289185,0.8739028,0.8738405704498291,3.727480725501664e-05,0.8738083839416504,12.60972,12.61594295501709
769,30.5767982006073,0.8739028,0.873875081539154,2.8713770007016137e-05,0.8738206624984741,12.60972,12.612491846084595
770,30.6102614402771,0.8739358,0.8738990426063538,3.6516214549919823e-06,0.8738923668861389,12.606419,12.610095739364624
771,30.649874210357666,0.8739755,0.8739022612571716,8.01204441813752e-06,0.8738990426063538,12.602448,12.609773874282837
772,30.688902139663696,0.87397724,0.8739069700241089,1.4643476788478438e-05,0.8739005327224731,12.602276,12.609302997589111
773,30.75366473197937,0.87408215,0.8709148168563843,0.0027475692331790924,0.8639846444129944,12.591785,12.908518314361572
774,30.793505907058716,0.87408215,0.8731129169464111,0.0007409753743559122,0.8716483116149902,12.591785,12.688708305358887
775,30.82744073867798,0.87412447,0.8737832903862,0.0002223340852651745,0.873295783996582,12.587553,12.621670961380005
776,30.866673469543457,0.87415624,0.8739623427391052,8.353873272426426e-05,0.8738452792167664,12.584376,12.603765726089478
777,30.905592679977417,0.87417054,0.8740297555923462,7.030100823612884e-05,0.8739414811134338,12.582946,12.59702444076538
778,30.947068214416504,0.8742142,0.8740958571434021,2.7765778213506564e-05,0.8740809559822083,12.578583,12.59041428565979
779,30.987852096557617,0.8742142,0.8741138577461243,3.845580795314163e-05,0.8740821480751038,12.578583,12.588614225387573
780,31.021944999694824,0.8742142,0.8741480112075806,3.2544317946303636e-05,0.8740821480751038,12.578583,12.585198879241943
781,31.055971384048462,0.8742466,0.8741795420646667,2.6338908355683088e-05,0.8741277456283569,12.57534,12.582045793533325
782,31.097241401672363,0.8742466,0.8742004036903381,2.0116609448450617e-05,0.8741705417633057,12.57534,12.579959630966187
783,31.129891633987427,0.8742478,0.8742167949676514,7.98190558271017e-06,0.8742129802703857,12.575221,12.578320503234863
784,31.17062783241272,0.87425834,0.8742214441299438,1.25724136523786e-05,0.8742141723632812,12.574166,12.577855587005615
785,31.21533513069153,0.8742822,0.8742295503616333,1.5922927559586242e-05,0.8742141723632812,12.571782,12.57704496383667
786,31.25932025909424,0.8742969,0.8742444515228271,1.333330601482885e-05,0.8742174506187439,12.57031,12.575554847717285
787,31.29971933364868,0.8743002,0.8742555975914001,1.4187253327690996e-05,0.8742465972900391,12.569982,12.574440240859985
788,31.340070724487305,0.8743138,0.874266505241394,1.846062696131412e-05,0.8742477893829346,12.568623,12.573349475860596
789,31.380688190460205,0.87434024,0.8742826581001282,1.7868009308585897e-05,0.8742583394050598,12.565976,12.571734189987183
790,31.42079520225525,0.874357,0.8743005990982056,1.0740738616732415e-05,0.8742860555648804,12.5643015,12.569940090179443
791,31.46674919128418,0.874357,0.8743082284927368,1.6034795407904312e-05,0.8742969036102295,12.5643015,12.569177150726318
792,31.500786781311035,0.87437457,0.8743204474449158,1.8989056115970016e-05,0.8743001818656921,12.562543,12.567955255508423
793,31.543458700180054,0.87439144,0.8743376135826111,1.6276106180157512e-05,0.8743137717247009,12.560856,12.566238641738892
794,31.584609270095825,0.8743937,0.8743519186973572,1.1409363651182503e-05,0.8743402361869812,12.56063,12.564808130264282
795,31.624577045440674,0.87440497,0.8743621110916138,1.0597537766443565e-05,0.8743569850921631,12.559504,12.563788890838623
796,31.66363263130188,0.8744218,0.8743688464164734,1.4759638361283578e-05,0.8743571043014526,12.557822,12.563115358352661
797,31.704293966293335,0.8744222,0.874380886554718,1.583447192388121e-05,0.8743603825569153,12.557781,12.561911344528198
798,31.74406862258911,0.87444407,0.8743962049484253,1.0089925126521848e-05,0.874390184879303,12.5555935,12.56037950515747
799,31.784411430358887,0.8745019,0.8744040131568909,1.5290370356524363e-05,0.8743924498558044,12.549811,12.559598684310913
800,31.825215816497803,0.8745019,0.874417781829834,1.9015171346836723e-05,0.8743947148323059,12.549811,12.558221817016602
801,31.858004093170166,0.8745174,0.8744369149208069,2.1797080989927053e-05,0.8744202852249146,12.548262,12.556308507919312
802,31.897820234298706,0.8745336,0.8744539618492126,2.5037117666215636e-05,0.8744277954101562,12.54664,12.554603815078735
803,31.9358172416687,0.8745449,0.8744760155677795,2.6154712031711824e-05,0.874446451663971,12.545508,12.552398443222046
804,31.97446036338806,0.8745627,0.8745013475418091,1.958674329216592e-05,0.874468982219696,12.543732,12.549865245819092
805,32.01507639884949,0.8746277,0.8745185732841492,1.645104566705413e-05,0.8745018839836121,12.53723,12.548142671585083
806,32.055195808410645,0.8746277,0.8745334148406982,1.6343243260052986e-05,0.8745145201683044,12.53723,12.546658515930176
807,32.08761954307556,0.8746285,0.8745461702346802,1.8312195606995374e-05,0.8745304942131042,12.537151,12.545382976531982
808,32.12818694114685,0.87464917,0.8745588064193726,2.5007395379361697e-05,0.8745426535606384,12.535084,12.544119358062744
809,32.16904258728027,0.8746494,0.8745759129524231,2.9973565688123927e-05,0.8745459914207458,12.535059,12.54240870475769
810,32.2091965675354,0.8746841,0.8746007084846497,2.922154453699477e-05,0.874562680721283,12.53159,12.539929151535034
811,32.24917721748352,0.8746961,0.8746287822723389,1.7740463590598665e-05,0.8746039271354675,12.530393,12.537121772766113
812,32.290000200271606,0.8747149,0.87464439868927,1.8540133169153705e-05,0.8746277093887329,12.528509,12.535560131072998
813,32.32968330383301,0.8747149,0.8746595978736877,1.8626329620019533e-05,0.8746393322944641,12.528509,12.534040212631226
814,32.363367557525635,0.8747238,0.8746744990348816,1.8935346815851517e-05,0.8746508955955505,12.52762,12.53255009651184
815,32.40359592437744,0.87473214,0.8746943473815918,1.3467666576616466e-05,0.8746716976165771,12.526787,12.53056526184082
816,32.44349718093872,0.87475306,0.874707043170929,1.0622214176692069e-05,0.8746953010559082,12.524694,12.529295682907104
817,32.48512864112854,0.87477565,0.874717652797699,1.3041257261647843e-05,0.8747048377990723,12.522435,12.528234720230103
818,32.52905321121216,0.8748354,0.8747293949127197,1.7202766684931703e-05,0.8747149705886841,12.516462,12.527060508728027
819,32.571306228637695,0.87484944,0.8747438192367554,2.286797644046601e-05,0.8747237920761108,12.515057,12.525618076324463
820,32.612361669540405,0.8748658,0.8747642636299133,2.7760244847740978e-05,0.8747321367263794,12.513423,12.523573637008667
821,32.653900146484375,0.8748959,0.8747852444648743,3.3973108656937256e-05,0.8747552633285522,12.510413,12.521475553512573
822,32.695120096206665,0.8749007,0.8748129606246948,3.9385959098581225e-05,0.8747671246528625,12.50993,12.518703937530518
823,32.736064195632935,0.87491024,0.8748520016670227,2.177199348807335e-05,0.8748164176940918,12.508976,12.51479983329773
824,32.77704095840454,0.8749862,0.874872088432312,2.037316698988434e-05,0.8748462200164795,12.501383,12.512791156768799
825,32.819096326828,0.87498856,0.874890923500061,1.936828084581066e-05,0.874873697757721,12.501144,12.510907649993896
826,32.86062812805176,0.8750001,0.8749067783355713,2.748849874478765e-05,0.874885082244873,12.499989,12.509322166442871
827,32.90319514274597,0.8750061,0.8749253153800964,3.0309325666166842e-05,0.8748958706855774,12.499392,12.507468461990356
828,32.959988832473755,0.8750423,0.8749521374702454,2.8729722544085234e-05,0.8749102354049683,12.495768,12.504786252975464
829,33.00878286361694,0.8750423,0.874978244304657,2.0953168132109568e-05,0.8749449253082275,12.495768,12.502175569534302
830,33.042747497558594,0.87506783,0.8749986290931702,1.6103404050227255e-05,0.8749860525131226,12.493217,12.500137090682983
831,33.08470797538757,0.87510324,0.8750129342079163,2.006869181059301e-05,0.874992847442627,12.489676,12.498706579208374
832,33.12569046020508,0.875122,0.8750305771827698,2.5999825083999895e-05,0.8750045895576477,12.487799,12.496942281723022
833,33.16592502593994,0.875173,0.8750532269477844,2.9337406886043027e-05,0.8750218152999878,12.482702,12.494677305221558
834,33.20864009857178,0.875173,0.875079333782196,2.7082256565336138e-05,0.8750426769256592,12.482702,12.492066621780396
835,33.24079155921936,0.8752312,0.8751073479652405,2.593863791844342e-05,0.8750739097595215,12.476879,12.489265203475952
836,33.27924633026123,0.875256,0.8751305341720581,3.0215525839594193e-05,0.8751049637794495,12.4744,12.48694658279419
837,33.32033848762512,0.87532234,0.8751539587974548,4.414008799358271e-05,0.8751207590103149,12.467766,12.484604120254517
838,33.36188554763794,0.87534654,0.8751955628395081,5.59038708161097e-05,0.8751319050788879,12.465345,12.480443716049194
839,33.402034282684326,0.87535,0.8752532601356506,4.090920265298337e-05,0.8751946091651917,12.465,12.474673986434937
840,33.4422128200531,0.87535286,0.8752899765968323,2.9419672500807792e-05,0.8752466440200806,12.464714,12.471002340316772
841,33.48258852958679,0.875355,0.8753162026405334,2.070159462164156e-05,0.8752871155738831,12.464499,12.468379735946655
842,33.523871660232544,0.87537587,0.875335693359375,1.1754919796658214e-05,0.8753172755241394,12.462414,12.4664306640625
843,33.565526723861694,0.87539846,0.8753466010093689,1.0384800589235965e-05,0.8753340840339661,12.460155,12.46533989906311
844,33.607067584991455,0.8754312,0.8753558993339539,1.3305027096066624e-05,0.8753465414047241,12.456882,12.464410066604614
845,33.64926028251648,0.8754312,0.8753658533096313,1.73877488123253e-05,0.8753502368927002,12.456882,12.463414669036865
846,33.682464838027954,0.8754346,0.8753818869590759,1.810840331017971e-05,0.8753564357757568,12.456542,12.461811304092407
847,33.72238826751709,0.87544394,0.8753987550735474,1.8559810996521264e-05,0.8753767609596252,12.455606,12.460124492645264
848,33.76267862319946,0.87547904,0.8754174113273621,1.6116926417453215e-05,0.8753973245620728,12.452096,12.458258867263794
849,33.80372643470764,0.87550086,0.8754354119300842,1.42526614581584e-05,0.8754193782806396,12.449914,12.456458806991577
850,33.843761920928955,0.87551564,0.875446617603302,2.1234101950540207e-05,0.8754311800003052,12.448436,12.4553382396698
851,33.88357901573181,0.875525,0.8754646182060242,2.462395787006244e-05,0.8754364252090454,12.4475,12.453538179397583
852,33.923736333847046,0.8755517,0.8754880428314209,1.6132018572534434e-05,0.8754622936248779,12.44483,12.45119571685791
853,33.96638512611389,0.8755517,0.8755031824111938,1.4064150491321925e-05,0.8754876852035522,12.44483,12.449681758880615
854,33.99958348274231,0.87555444,0.8755171895027161,1.227996290253941e-05,0.8755000829696655,12.444555,12.448281049728394
855,34.03964686393738,0.87556356,0.8755269646644592,1.2459349818527699e-05,0.875515341758728,12.443644,12.447303533554077
856,34.080140352249146,0.87556356,0.8755365610122681,1.2988707567274105e-05,0.875522255897522,12.443644,12.446343898773193
857,34.11396598815918,0.87556547,0.8755489587783813,8.415876436629333e-06,0.8755295872688293,12.443453,12.445104122161865
858,34.15460252761841,0.8755714,0.8755553364753723,3.754739054784295e-06,0.875551700592041,12.442857,12.444466352462769
859,34.19457411766052,0.87560314,0.8755587339401245,5.656297162204282e-06,0.8755544424057007,12.439686,12.444126605987549
860,34.23457598686218,0.8756051,0.8755624890327454,7.941947842482477e-06,0.8755568861961365,12.439489,12.443751096725464
861,34.27458190917969,0.8756098,0.875568687915802,1.2185538253106643e-05,0.8755611777305603,12.439018,12.4431312084198
862,34.3191454410553,0.8756118,0.8755767941474915,1.697000152489636e-05,0.8755635619163513,12.438822,12.442320585250854
863,34.358670711517334,0.875618,0.875592052936554,1.5688487110310234e-05,0.8755668997764587,12.438202,12.440794706344604
864,34.42705249786377,0.8758501,0.8725273609161377,0.0026156504172831774,0.8670819401741028,12.414991,12.74726390838623
865,34.467841148376465,0.87588084,0.8747620582580566,0.0007281223661266267,0.8730700016021729,12.411917,12.523794174194336
866,34.508413553237915,0.8758814,0.8753853440284729,0.00025509073748253286,0.8748970627784729,12.411862,12.46146559715271
867,34.55005979537964,0.875889,0.8756115436553955,0.00013423991913441569,0.8754298686981201,12.411099,12.43884563446045
868,34.591925859451294,0.8758957,0.875722348690033,0.0001214369258377701,0.8755910992622375,12.410432,12.427765130996704
869,34.63623571395874,0.8758957,0.8758324384689331,7.92595383245498e-05,0.8756616711616516,12.410432,12.41675615310669
870,34.671337842941284,0.8758957,0.8758831024169922,5.98104952587164e-06,0.8758721351623535,12.410432,12.411689758300781
871,34.705341815948486,0.87595755,0.8758885860443115,5.960105227131862e-06,0.8758808374404907,12.404245,12.411141395568848
872,34.74443244934082,0.87600803,0.8758931756019592,1.3489584489434492e-05,0.8758875131607056,12.399197,12.410682439804077
873,34.78538107872009,0.87609017,0.8759042024612427,3.2715943234506994e-05,0.875889003276825,12.390984,12.409579753875732
874,34.82582354545593,0.87609833,0.8759253025054932,5.7248445955337957e-05,0.8758956789970398,12.390166,12.407469749450684
875,34.86676502227783,0.8761187,0.8759648203849792,7.514168828492984e-05,0.8758956789970398,12.388128,12.403517961502075
876,34.910011529922485,0.8762309,0.8760408759117126,5.554072049562819e-05,0.8759509325027466,12.37691,12.395912408828735
877,34.95300507545471,0.8762632,0.8760955333709717,4.568891745293513e-05,0.8760372400283813,12.37368,12.390446662902832
878,34.99480390548706,0.87631273,0.876131534576416,5.3713964007329196e-05,0.8760901689529419,12.368727,12.386846542358398
879,35.034919023513794,0.876374,0.8761735558509827,6.0188678617123514e-05,0.8760983347892761,12.362599,12.382644414901733
880,35.073474407196045,0.87640303,0.8762384653091431,4.6233213652158156e-05,0.8761595487594604,12.359696,12.376153469085693
881,35.11181163787842,0.8764237,0.8762749433517456,5.6645600125193596e-05,0.8762300610542297,12.357628,12.37250566482544
882,35.15184426307678,0.8764237,0.8763217926025391,6.5441126935184e-05,0.8762503862380981,12.357628,12.367820739746094
883,35.18514919281006,0.8764237,0.8763886094093323,3.00386000162689e-05,0.8763027191162109,12.357628,12.361139059066772
884,35.218212366104126,0.8764766,0.8764107823371887,1.0613901395117864e-05,0.8763997554779053,12.352342,12.358921766281128
885,35.25930857658386,0.8764817,0.8764204978942871,9.702026545710396e-06,0.8764033317565918,12.351829,12.357950210571289
886,35.298322916030884,0.8764927,0.8764272332191467,1.3421814401226584e-05,0.8764232397079468,12.350732,12.357276678085327
887,35.34071969985962,0.8764971,0.8764333128929138,2.1704405298805796e-05,0.876423716545105,12.350291,12.356668710708618
888,35.41585850715637,0.8769069,0.8733327984809875,0.0024416246451437473,0.8680060505867004,12.309313,12.666720151901245
889,35.456990242004395,0.8769069,0.8754088282585144,0.0008128806948661804,0.8739469647407532,12.309313,12.45911717414856
890,35.49125838279724,0.8769069,0.876148521900177,0.0003340711409691721,0.8755481243133545,12.309313,12.3851478099823
891,35.52616333961487,0.8769872,0.8764362335205078,0.00022466636437457055,0.8761661648750305,12.301278,12.356376647949219
892,35.56719923019409,0.8769872,0.8766244649887085,0.00019906401576008648,0.876419723033905,12.301278,12.33755350112915
893,35.60130858421326,0.87699324,0.8767815232276917,0.00018544466001912951,0.8765063881874084,12.300676,12.321847677230835
894,35.64320707321167,0.87699324,0.8769260048866272,3.240384830860421e-05,0.8769068717956543,12.300676,12.30739951133728
895,35.67624068260193,0.8770234,0.8769475221633911,3.722685141838156e-05,0.8769068717956543,12.29766,12.305247783660889
896,35.71802544593811,0.8770378,0.8769837021827698,8.202659046219196e-06,0.8769692182540894,12.296218,12.301629781723022
897,35.7611243724823,0.8770378,0.8769906163215637,1.0490271051821765e-05,0.876980185508728,12.296218,12.300938367843628
898,35.79311537742615,0.8770378,0.8769978880882263,1.4031558748683892e-05,0.876991331577301,12.296218,12.300211191177368
899,35.826194524765015,0.8770378,0.8770046830177307,1.8207669199910015e-05,0.8769917488098145,12.296218,12.299531698226929
900,35.85951375961304,0.8770378,0.8770173788070679,1.982078902074136e-05,0.8769936561584473,12.296218,12.298262119293213
901,35.89222764968872,0.87709033,0.8770365118980408,7.852756425563712e-06,0.8770233988761902,12.290966,12.296348810195923
902,35.93199276924133,0.8771116,0.8770419955253601,1.2901263289677445e-05,0.8770378232002258,12.288838,12.29580044746399
903,35.9723858833313,0.8771346,0.8770488500595093,2.0543842765619047e-05,0.8770378232002258,12.286538,12.295114994049072
904,36.014681816101074,0.8771346,0.8770615458488464,2.708618194446899e-05,0.8770378232002258,12.286538,12.293845415115356
905,36.04797625541687,0.87718713,0.877086877822876,2.2072676074458286e-05,0.8770378232002258,12.281286,12.291312217712402
906,36.08867931365967,0.87718713,0.8771044611930847,2.553744343458675e-05,0.877090334892273,12.281286,12.289553880691528
907,36.121312856674194,0.87718713,0.8771222829818726,3.522793122101575e-05,0.877090334892273,12.281286,12.287771701812744
908,36.1540846824646,0.87719095,0.877156674861908,2.6621855795383453e-05,0.8771116137504578,12.280905,12.284332513809204
909,36.19385766983032,0.87719095,0.8771810531616211,1.1720394468284212e-05,0.8771383762359619,12.280905,12.28189468383789
910,36.22642517089844,0.8772377,0.8771876692771912,3.3209419143531704e-06,0.8771871328353882,12.276232,12.281233072280884
911,36.2669312953949,0.8772377,0.8771887421607971,5.937892638030462e-06,0.8771871328353882,12.276232,12.281125783920288
912,36.30377817153931,0.87724036,0.8771917819976807,1.1098548384325113e-05,0.8771871328353882,12.275964,12.280821800231934
913,36.345207929611206,0.87726146,0.8771975040435791,1.5817207895452157e-05,0.8771909475326538,12.273854,12.28024959564209
914,36.38559174537659,0.8772697,0.8772053122520447,2.1486435798578896e-05,0.8771909475326538,12.273031,12.279468774795532
915,36.42675256729126,0.8772697,0.8772230744361877,2.202283576480113e-05,0.8771909475326538,12.273031,12.277692556381226
916,36.45992302894592,0.87728614,0.8772426843643188,1.243105361936614e-05,0.8772236704826355,12.271386,12.275731563568115
917,36.50041627883911,0.87729436,0.8772534132003784,1.2222755685797893e-05,0.8772376775741577,12.270564,12.274658679962158
918,36.542792081832886,0.8773023,0.8772655129432678,8.671469004184473e-06,0.877252995967865,12.269772,12.273448705673218
919,36.58663034439087,0.8773086,0.877273678779602,9.915323971654288e-06,0.877265214920044,12.269139,12.272632122039795
920,36.627487659454346,0.87739176,0.8772822022438049,1.3445896001940127e-05,0.8772696852684021,12.260824,12.271779775619507
921,36.669331789016724,0.87739176,0.8772938847541809,1.442666234652279e-05,0.8772771954536438,12.260824,12.27061152458191
922,36.70415782928467,0.87739563,0.8773065209388733,2.0582130673574284e-05,0.8772935271263123,12.260437,12.269347906112671
923,36.74803352355957,0.8774142,0.8773205280303955,3.016517439391464e-05,0.8773022890090942,12.258577,12.26794719696045
924,36.790202140808105,0.8774298,0.8773428201675415,3.837563781416975e-05,0.8773086071014404,12.257022,12.26571798324585
925,36.830952644348145,0.87743044,0.877373456954956,3.71680835087318e-05,0.8773219585418701,12.256956,12.262654304504395
926,36.87113666534424,0.8774477,0.8774054646492004,1.2815603440685663e-05,0.8773917555809021,12.255228,12.259453535079956
927,36.910879373550415,0.8774477,0.8774169683456421,1.0406301953480579e-05,0.8774001598358154,12.255228,12.258303165435791
928,36.94358730316162,0.8774477,0.877426028251648,9.180636880046222e-06,0.8774144053459167,12.255228,12.257397174835205
929,36.97694706916809,0.87746507,0.8774338364601135,6.9679344960604794e-06,0.877426266670227,12.253493,12.256616353988647
930,37.01742386817932,0.87746507,0.8774389624595642,7.698841727687977e-06,0.8774304389953613,12.253493,12.256103754043579
931,37.051684617996216,0.8774656,0.877446174621582,6.154678885650355e-06,0.8774367570877075,12.253439,12.255382537841797
932,37.09206199645996,0.8775083,0.8774508833885193,6.9151524257904384e-06,0.8774477243423462,12.249172,12.254911661148071
933,37.131964445114136,0.8775083,0.8774547576904297,1.054005952028092e-05,0.8774477243423462,12.249172,12.254524230957031
934,37.166003465652466,0.8775338,0.8774629831314087,1.4292379091784824e-05,0.8774511814117432,12.24662,12.25370168685913
935,37.20705962181091,0.87753797,0.8774739503860474,1.6408765077358112e-05,0.877461314201355,12.246203,12.252604961395264
936,37.24710941314697,0.8775414,0.8774866461753845,2.2015665308572352e-05,0.8774674534797668,12.245857,12.251335382461548
937,37.2897846698761,0.8775451,0.8775045275688171,2.200786730099935e-05,0.8774716258049011,12.245488,12.249547243118286
938,37.3314642906189,0.8775451,0.877522349357605,1.4369918972079176e-05,0.8775070309638977,12.245488,12.247765064239502
939,37.39685773849487,0.8776573,0.8744504451751709,0.00267678196541965,0.8678258657455444,12.23427,12.55495548248291
940,37.435993671417236,0.8776573,0.8766980171203613,0.0007288199849426746,0.8752684593200684,12.23427,12.330198287963867
941,37.47001600265503,0.8776603,0.8773353695869446,0.00022455144790001214,0.8768505454063416,12.233973,12.266463041305542
942,37.51343131065369,0.8776603,0.8775286674499512,5.3533411119133234e-05,0.8774012327194214,12.233973,12.247133255004883
943,37.5476393699646,0.8776603,0.8775652050971985,4.616404839907773e-05,0.8775244951248169,12.233973,12.243479490280151
944,37.5824134349823,0.87766826,0.8776010870933533,4.670022099162452e-05,0.8775550723075867,12.233173,12.239891290664673
945,37.623390913009644,0.87766844,0.87764573097229,2.2931630155653693e-05,0.8775630593299866,12.233156,12.235426902770996
946,37.66527581214905,0.8776709,0.8776593804359436,3.1800655051483773e-06,0.8776559233665466,12.232912,12.23406195640564
947,37.70779752731323,0.877703,0.877661943435669,4.2611081880750135e-06,0.8776589035987854,12.229699,12.233805656433105
948,37.75095772743225,0.8777417,0.8776651620864868,6.747768566128798e-06,0.8776602745056152,12.22583,12.233483791351318
949,37.790698766708374,0.8777417,0.8776710629463196,1.3696228961634915e-05,0.8776640892028809,12.22583,12.232893705368042
950,37.82493233680725,0.87778974,0.8776782155036926,2.2732114302925766e-05,0.8776682615280151,12.221026,12.232178449630737
951,37.866610527038574,0.8777908,0.8776904940605164,3.179436316713691e-05,0.877669632434845,12.220919,12.230950593948364
952,37.908586502075195,0.87784237,0.8777128458023071,3.743861452676356e-05,0.8776708841323853,12.215763,12.228715419769287
953,37.94875407218933,0.8778696,0.8777511715888977,2.134888563887216e-05,0.877730131149292,12.213039,12.22488284111023
954,37.989415407180786,0.8778942,0.8777665495872498,3.1410403607878834e-05,0.8777419328689575,12.210578,12.223345041275024
955,38.02906823158264,0.8778982,0.8777887225151062,3.8792117265984416e-05,0.8777511119842529,12.210178,12.22112774848938
956,38.070194482803345,0.8779009,0.877820611000061,3.617336551542394e-05,0.8777892589569092,12.20991,12.217938899993896
957,38.109389305114746,0.87792325,0.8778553605079651,2.8594802643056028e-05,0.8777945041656494,12.207675,12.214463949203491
958,38.149941205978394,0.87793314,0.8778798580169678,1.6922320355661213e-05,0.8778523802757263,12.206686,12.212014198303223
959,38.19026827812195,0.8779486,0.8778936266899109,1.8775384887703694e-05,0.8778737187385559,12.205142,12.210637331008911
960,38.22743225097656,0.877952,0.8779125213623047,1.4369867130881175e-05,0.8778952956199646,12.204802,12.208747863769531
961,38.26739168167114,0.87795943,0.8779274225234985,1.1859488040499855e-05,0.8779088258743286,12.204057,12.207257747650146
962,38.30895924568176,0.87796724,0.8779380917549133,1.025768415274797e-05,0.8779261708259583,12.203276,12.206190824508667
963,38.34925818443298,0.8779846,0.8779478669166565,1.0150100933969952e-05,0.8779336214065552,12.201542,12.20521330833435
964,38.38910126686096,0.8779945,0.8779584169387817,9.919446711137425e-06,0.8779485821723938,12.200552,12.204158306121826
965,38.42915630340576,0.8779945,0.8779670596122742,1.0890938028751407e-05,0.877956748008728,12.200552,12.203294038772583
966,38.4613356590271,0.87799466,0.8779757618904114,1.094461367756594e-05,0.8779623508453369,12.200535,12.202423810958862
967,38.5023729801178,0.87800294,0.877986490726471,4.824335064768093e-06,0.8779721260070801,12.199706,12.201350927352905
968,38.54300546646118,0.87800294,0.8779903650283813,3.3840842661447823e-06,0.8779845833778381,12.199706,12.200963497161865
969,38.57698106765747,0.87804985,0.8779934644699097,4.741154953080695e-06,0.8779897093772888,12.195015,12.200653553009033
970,38.61739706993103,0.87804985,0.8779970407485962,7.693442057643551e-06,0.8779943585395813,12.195015,12.20029592514038
971,38.6523003578186,0.87804985,0.8780006170272827,1.2483623322623316e-05,0.8779946565628052,12.195015,12.199938297271729
972,38.71337532997131,0.87805325,0.8743964433670044,0.002755202818661928,0.8688468933105469,12.194675,12.56035566329956
973,38.75406861305237,0.87805325,0.8768466711044312,0.000982706667855382,0.874918520450592,12.194675,12.315332889556885
974,38.78681659698486,0.8780651,0.8776943683624268,0.0002612750104162842,0.8772678375244141,12.193489,12.230563163757324
975,38.826847553253174,0.8780651,0.8779374957084656,0.00010820096940733492,0.8776869773864746,12.193489,12.206250429153442
976,38.860719203948975,0.87810755,0.8780293464660645,2.9792206987622194e-05,0.8779677152633667,12.189245,12.197065353393555
977,38.903035402297974,0.8781081,0.878054678440094,1.3621588550449815e-05,0.8780393600463867,12.189192,12.1945321559906
978,38.944082736968994,0.8781091,0.878065288066864,1.8568347513792105e-05,0.8780532479286194,12.189091,12.193471193313599
979,38.98470592498779,0.878115,0.8780776858329773,2.033202508755494e-05,0.8780537843704224,12.1885,12.19223141670227
980,39.02480435371399,0.8781215,0.8780969381332397,1.2007936675217934e-05,0.8780681490898132,12.187851,12.190306186676025
981,39.066100120544434,0.8781921,0.878108024597168,6.672743893432198e-06,0.8781012892723083,12.180787,12.189197540283203
982,39.1036434173584,0.8781976,0.8781120181083679,1.1221141903661191e-05,0.8781075477600098,12.180239,12.188798189163208
983,39.14336371421814,0.8781976,0.8781174421310425,1.6899899492273107e-05,0.8781080842018127,12.180239,12.188255786895752
984,39.1767578125,0.8781976,0.878128170967102,2.2798765712650493e-05,0.8781090974807739,12.180239,12.187182903289795
985,39.209906339645386,0.87823343,0.8781431317329407,3.085010757786222e-05,0.8781229257583618,12.176657,12.185686826705933
986,39.2499418258667,0.87823385,0.878166139125824,3.522156475810334e-05,0.8781235218048096,12.176615,12.183386087417603
987,39.29194688796997,0.87823397,0.8781968355178833,2.0059011148987338e-05,0.878160834312439,12.176603,12.18031644821167
988,39.33285903930664,0.8782368,0.878211259841919,1.6315416360157542e-05,0.8781964182853699,12.176323,12.178874015808105
989,39.37337255477905,0.87829673,0.8782246112823486,1.4458213627221994e-05,0.8781992793083191,12.170326,12.177538871765137
990,39.41486835479736,0.8783188,0.878235936164856,1.0426359040138777e-05,0.8782321810722351,12.168121,12.176406383514404
991,39.45630145072937,0.8783193,0.8782406449317932,1.82765052159084e-05,0.8782338500022888,12.168068,12.175935506820679
992,39.49817991256714,0.8783342,0.8782503604888916,2.7185431463294663e-05,0.8782338500022888,12.166577,12.17496395111084
993,39.54002022743225,0.8783568,0.8782710433006287,3.370482227182947e-05,0.8782339692115784,12.164318,12.172895669937134
994,39.58158326148987,0.878357,0.8783037066459656,2.5924553483491763e-05,0.8782713413238525,12.164301,12.169629335403442
995,39.62377738952637,0.8783646,0.8783275485038757,1.8551367247710004e-05,0.8783038854598999,12.163538,12.167245149612427
996,39.67260980606079,0.8783646,0.8783425688743591,1.4691237993247341e-05,0.8783193230628967,12.163538,12.165743112564087
997,39.70573449134827,0.87842846,0.8783563375473022,5.352357675292296e-06,0.8783500790596008,12.157154,12.164366245269775
998,39.746286392211914,0.87842894,0.878358781337738,9.002112165035214e-06,0.8783568143844604,12.157106,12.164121866226196
999,39.78636288642883,0.87848055,0.8783625960350037,1.7102427591453306e-05,0.8783569931983948,12.151945,12.163740396499634
1000,39.82696580886841,0.8784882,0.8783716559410095,2.9376027669059113e-05,0.8783569931983948,12.151182,12.162834405899048
1001,39.867846727371216,0.8784921,0.8783897757530212,4.0831488149706274e-05,0.878364086151123,12.150788,12.161022424697876
1002,39.91842579841614,0.878556,0.878419041633606,4.8173751565627754e-05,0.8783648014068604,12.144399,12.158095836639404
1003,39.96586894989014,0.878556,0.8784653544425964,2.6088007871294394e-05,0.8784284591674805,12.144399,12.153464555740356
1004,40.00094771385193,0.87860054,0.87848961353302,2.664945350261405e-05,0.8784587383270264,12.139946,12.151038646697998
1005,40.04014754295349,0.8786856,0.8785143494606018,3.944138370570727e-05,0.8784805536270142,12.131441,12.14856505393982
1006,40.08310413360596,0.87877953,0.8785542845726013,5.1111190259689465e-05,0.8784921169281006,12.122047,12.144571542739868
1007,40.12580919265747,0.8787929,0.8786001801490784,6.110274262027815e-05,0.8785383701324463,12.120712,12.139981985092163
1008,40.16676306724548,0.8788618,0.8786673545837402,6.065510387998074e-05,0.8785772919654846,12.113821,12.133264541625977
1009,40.207597970962524,0.8788776,0.8787240386009216,5.99542872805614e-05,0.8786620497703552,12.112242,12.127596139907837
1010,40.24890899658203,0.8788785,0.8787813186645508,5.195968333282508e-05,0.8786975741386414,12.112152,12.121868133544922
1011,40.289194107055664,0.87887895,0.8788313269615173,3.412509977351874e-05,0.8787795305252075,12.112104,12.116867303848267
1012,40.3295464515686,0.8788829,0.878861665725708,1.0786306120280642e-05,0.8788422346115112,12.1117115,12.1138334274292
1013,40.371222496032715,0.87890124,0.8788715600967407,7.026410003163619e-06,0.8788609504699707,12.109876,12.112843990325928
1014,40.411439180374146,0.87890613,0.8788774013519287,5.723547474190127e-06,0.8788719177246094,12.109386,12.112259864807129
1015,40.45174193382263,0.8789147,0.8788819313049316,7.875883056840394e-06,0.878877580165863,12.108528,12.111806869506836
1016,40.49379777908325,0.8789147,0.8788865208625793,1.063522904587444e-05,0.8788784742355347,12.108528,12.111347913742065
1017,40.52686357498169,0.8789304,0.8788947463035583,1.0498188203200698e-05,0.8788789510726929,12.106961,12.110525369644165
1018,40.56940293312073,0.8789304,0.8789052367210388,6.057729024178116e-06,0.87889564037323,12.106961,12.109476327896118
1019,40.60225820541382,0.8789336,0.8789103627204895,6.604414011235349e-06,0.878904402256012,12.106639,12.10896372795105
1020,40.642576456069946,0.878953,0.8789152503013611,9.148788194579538e-06,0.8789071440696716,12.104702,12.108474969863892
1021,40.68345093727112,0.8789762,0.878923773765564,9.769780263013672e-06,0.8789147138595581,12.102377,12.107622623443604
1022,40.7230544090271,0.8789814,0.878932535648346,1.180932031275006e-05,0.8789215683937073,12.101859,12.106746435165405
1023,40.76377272605896,0.87901956,0.8789433836936951,1.468539448978845e-05,0.878930389881134,12.098044,12.105661630630493
1024,40.803869009017944,0.8790239,0.8789570331573486,1.8098813598044217e-05,0.8789379000663757,12.097609,12.104296684265137
1025,40.8454155921936,0.8790593,0.8789722323417664,2.437337207084056e-05,0.878952145576477,12.094069,12.102776765823364
1026,40.88476276397705,0.8790791,0.8789942264556885,2.7103940738015808e-05,0.8789610862731934,12.09209,12.100577354431152
1027,40.925742626190186,0.8790791,0.8790203332901001,2.195309025410097e-05,0.8789887428283691,12.09209,12.09796667098999
1028,40.96100926399231,0.87914896,0.87904292345047,2.14589927054476e-05,0.879019558429718,12.085104,12.095707654953003
1029,41.00254273414612,0.87915766,0.8790653347969055,2.3828390112612396e-05,0.8790382146835327,12.084234,12.093466520309448
1030,41.043946266174316,0.87917244,0.8790872693061829,3.0583218176616356e-05,0.8790605068206787,12.082756,12.091273069381714
1031,41.08468008041382,0.8791753,0.8791140913963318,3.105841460637748e-05,0.8790723085403442,12.08247,12.088590860366821
1032,41.12569880485535,0.87917584,0.8791452646255493,1.4109564290265553e-05,0.8791190385818481,12.082416,12.085473537445068
1033,41.16691970825195,0.87917894,0.8791564702987671,8.208857252611779e-06,0.8791477084159851,12.082106,12.084352970123291
1034,41.207489252090454,0.87917894,0.8791625499725342,8.541418537788559e-06,0.8791542649269104,12.082106,12.083745002746582
1035,41.240840673446655,0.8791803,0.8791697025299072,7.954133252496831e-06,0.8791576623916626,12.081968,12.083029747009277
1036,41.280325412750244,0.8792013,0.8791764974594116,2.9133502721379045e-06,0.8791724443435669,12.07987,12.082350254058838
1037,41.32103395462036,0.87928784,0.8791795969009399,9.38868379307678e-06,0.8791758418083191,12.071217,12.082040309906006
1038,41.362752199172974,0.87928784,0.8791857361793518,2.031895019172225e-05,0.8791789412498474,12.071217,12.08142638206482
1039,41.39580202102661,0.87929106,0.8791954517364502,3.070926686632447e-05,0.8791789412498474,12.070894,12.08045482635498
1040,41.43673014640808,0.8793106,0.8792136311531067,3.841452416963875e-05,0.8791802525520325,12.068939,12.078636884689331
1041,41.47888445854187,0.8793546,0.8792502880096436,3.30033217323944e-05,0.8791952133178711,12.064541,12.074971199035645
1042,41.521867990493774,0.87935483,0.8792819380760193,2.8548694899654947e-05,0.8792440295219421,12.064516,12.071806192398071
1043,41.563467264175415,0.87941635,0.8793073296546936,2.717520146688912e-05,0.8792864680290222,12.058365,12.06926703453064
1044,41.60538387298584,0.87941635,0.8793319463729858,2.852901343430858e-05,0.8792910575866699,12.058365,12.066805362701416
1045,41.63883972167969,0.8794602,0.8793588876724243,1.9279614207334816e-05,0.8793458938598633,12.053978,12.064111232757568
1046,41.67909073829651,0.8794602,0.8793700933456421,2.732315260800533e-05,0.8793545961380005,12.053978,12.062990665435791
1047,41.713050842285156,0.87949955,0.8793895840644836,3.513369301799685e-05,0.8793545961380005,12.050045,12.061041593551636
1048,41.755074977874756,0.8795395,0.879425048828125,2.4427439711871557e-05,0.8793772459030151,12.046051,12.0574951171875
1049,41.796855211257935,0.8795508,0.8794434070587158,3.073336847592145e-05,0.8794163465499878,12.044918,12.055659294128418
1050,41.83680987358093,0.87955105,0.879472017288208,3.0695860914420336e-05,0.8794342279434204,12.044895,12.0527982711792
1051,41.877989530563354,0.87956166,0.8795007467269897,2.4040429707383737e-05,0.8794602155685425,12.043834,12.049925327301025
1052,41.91808080673218,0.87956166,0.8795202970504761,2.086548920487985e-05,0.8794995546340942,12.043834,12.047970294952393
1053,41.951183557510376,0.8795657,0.8795390129089355,1.3481051610142458e-05,0.8795096278190613,12.043428,12.046098709106445
1054,41.99354124069214,0.8796022,0.8795490264892578,7.019329132162966e-06,0.879541277885437,12.039781,12.045097351074219
1055,42.0342903137207,0.8796022,0.8795552253723145,7.281098987732548e-06,0.8795502781867981,12.039781,12.044477462768555
1056,42.068811893463135,0.8796108,0.8795608282089233,1.0763043974293396e-05,0.879553496837616,12.038922,12.043917179107666
1057,42.109755992889404,0.8796244,0.8795696496963501,1.4349174307426438e-05,0.8795616626739502,12.037558,12.04303503036499
1058,42.14966630935669,0.8796249,0.87957763671875,1.8658347471500747e-05,0.8795649409294128,12.03751,12.042236328125
1059,42.18988013267517,0.87962574,0.8795910477638245,2.0558363758027554e-05,0.8795657157897949,12.037426,12.040895223617554
1060,42.22979784011841,0.87964,0.8796109557151794,9.214900273946114e-06,0.8795970678329468,12.036001,12.038904428482056
1061,42.26948380470276,0.87964,0.879618763923645,6.100525752117392e-06,0.8796107769012451,12.036001,12.038123607635498
1062,42.30255460739136,0.87964,0.879625141620636,3.0426613193412777e-06,0.8796181678771973,12.036001,12.037485837936401
1063,42.3360550403595,0.87965316,0.879626989364624,4.98685903949081e-06,0.8796249032020569,12.034684,12.037301063537598
1064,42.376654386520386,0.87965316,0.8796300292015076,7.862031452532392e-06,0.8796252012252808,12.034684,12.036997079849243
1065,42.410078287124634,0.8796861,0.8796364665031433,1.0636257684382144e-05,0.8796257376670837,12.031388,12.036353349685669
1066,42.45054531097412,0.87970865,0.8796472549438477,9.518907063466031e-06,0.8796345591545105,12.029135,12.035274505615234
1067,42.490411043167114,0.8797238,0.8796550631523132,1.3317012417246588e-05,0.8796482086181641,12.027621,12.034493684768677
1068,42.53204131126404,0.8797293,0.8796642422676086,2.0425994080142118e-05,0.8796482086181641,12.027073,12.033575773239136
1069,42.573007583618164,0.87974954,0.8796793222427368,2.792085797409527e-05,0.8796536326408386,12.025046,12.032067775726318
1070,42.61511039733887,0.87975943,0.8797039985656738,2.6774952857522294e-05,0.8796639442443848,12.024057,12.029600143432617
1071,42.6556122303009,0.8797599,0.8797287940979004,1.1566273315111175e-05,0.8797087073326111,12.02401,12.027120590209961
1072,42.695098638534546,0.87976533,0.8797389268875122,9.467088602832519e-06,0.8797292709350586,12.023467,12.02610731124878
1073,42.73513150215149,0.87976533,0.8797474503517151,7.450973953382345e-06,0.8797395825386047,12.023467,12.025254964828491
1074,42.76837921142578,0.87976533,0.879753053188324,7.627497325302102e-06,0.8797450065612793,12.023467,12.024694681167603
1075,42.80128502845764,0.87976533,0.8797602653503418,5.378475179895759e-06,0.8797495365142822,12.023467,12.02397346496582
1076,42.83303785324097,0.8797797,0.8797644972801208,2.291319106006995e-06,0.8797599077224731,12.02203,12.023550271987915
1077,42.879127979278564,0.87980855,0.8797658681869507,3.1606521133653587e-06,0.8797653317451477,12.019146,12.023413181304932
1078,42.93159222602844,0.87980855,0.8797671794891357,6.153318281576503e-06,0.8797653317451477,12.019146,12.023282051086426
1079,42.97649002075195,0.87982297,0.8797705173492432,1.120693104894599e-05,0.8797653317451477,12.017703,12.022948265075684
1080,43.02514719963074,0.879827,0.8797769546508789,1.5908010027487762e-05,0.8797653317451477,12.017298,12.02230453491211
1081,43.066993951797485,0.8798427,0.879789412021637,1.6783182218205184e-05,0.8797682523727417,12.01573,12.021058797836304
1082,43.10783672332764,0.87985194,0.8798052072525024,1.6293846783810295e-05,0.8797796964645386,12.014807,12.019479274749756
1083,43.148428201675415,0.87988544,0.8798208236694336,1.544216320326086e-05,0.8798084855079651,12.0114565,12.01791763305664
1084,43.190185546875,0.879887,0.8798373937606812,1.7668951841187663e-05,0.8798159956932068,12.011301,12.016260623931885
1085,43.232266902923584,0.879887,0.8798545598983765,1.6101788787636906e-05,0.8798342347145081,12.011301,12.014544010162354
1086,43.265883445739746,0.87989414,0.8798699378967285,1.161449654318858e-05,0.879854142665863,12.010586,12.013006210327148
1087,43.30691051483154,0.8800074,0.8798809051513672,1.1446158168837428e-05,0.8798624277114868,11.999262,12.011909484863281
1088,43.34729719161987,0.8800182,0.879889726638794,1.556918323331047e-05,0.8798854351043701,11.998182,12.011027336120605
1089,43.38931322097778,0.8800362,0.8798969388008118,3.052504689549096e-05,0.8798869848251343,11.996383,12.010306119918823
1090,43.42940926551819,0.88003623,0.8799118995666504,4.694364906754345e-05,0.8798869848251343,11.996376,12.008810043334961
1091,43.470893144607544,0.88003623,0.879940390586853,6.18057165411301e-05,0.8798941373825073,11.996376,12.005960941314697
1092,43.504966020584106,0.88003623,0.8799880146980286,5.85871166549623e-05,0.8798941969871521,11.996376,12.001198530197144
1093,43.53911781311035,0.88004553,0.8800321221351624,6.273523467825726e-06,0.8800181746482849,11.995447,11.996787786483765
1094,43.58155679702759,0.88004553,0.8800369501113892,2.384370873187436e-06,0.8800361752510071,11.995447,11.996304988861084
1095,43.61563301086426,0.8800456,0.8800380825996399,3.4920287816930795e-06,0.8800362348556519,11.9954405,11.99619174003601
1096,43.658884048461914,0.8800456,0.8800404071807861,4.2548958845145535e-06,0.8800362348556519,11.9954405,11.995959281921387
1097,43.69301152229309,0.8800456,0.8800439238548279,2.687812866497552e-06,0.8800379037857056,11.9954405,11.995607614517212
1098,43.72837209701538,0.88004637,0.8800455927848816,7.385621358935168e-08,0.8800455331802368,11.995363,11.99544072151184
1099,43.76906728744507,0.88004637,0.8800455927848816,8.592984812594295e-08,0.8800455331802368,11.995363,11.99544072151184
1100,43.801724672317505,0.88004637,0.8800455927848816,1.1585711945372168e-07,0.8800455331802368,11.995363,11.99544072151184
1101,43.83310270309448,0.88004637,0.8800456523895264,2.011606596852289e-07,0.8800455331802368,11.995363,11.995434761047363
1102,43.86586570739746,0.88004637,0.8800457119941711,3.025363355391164e-07,0.8800455927848816,11.995363,11.995428800582886
1103,43.89947700500488,0.8800514,0.8800459504127502,5.076055913377786e-07,0.8800455927848816,11.994863,11.995404958724976
1104,43.94204354286194,0.8800514,0.8800463080406189,6.232343139345176e-07,0.8800455927848816,11.994863,11.99536919593811
1105,43.97587847709656,0.8800886,0.8800470232963562,3.472605612842017e-06,0.8800463676452637,11.9911375,11.99529767036438
1106,44.0161566734314,0.8800886,0.8800486922264099,7.192724297055975e-06,0.8800463676452637,11.9911375,11.995130777359009
1107,44.049912452697754,0.8800966,0.8800532221794128,1.2101210813852958e-05,0.8800463676452637,11.990338,11.994677782058716
1108,44.09003448486328,0.88009816,0.8800618052482605,1.4697135156893637e-05,0.8800463676452637,11.990184,11.99381947517395
1109,44.130441188812256,0.8800982,0.8800748586654663,1.2115259778511245e-05,0.8800579309463501,11.990177,11.99251413345337
1110,44.171430826187134,0.8801017,0.8800866603851318,7.138044566090684e-06,0.8800766468048096,11.989832,11.991333961486816
1111,44.21109461784363,0.88010323,0.880093514919281,4.515450655162567e-06,0.8800885677337646,11.989677,11.9906485080719
1112,44.25078630447388,0.88014936,0.8800979256629944,3.5710636439034715e-06,0.8800966143608093,11.985064,11.990207433700562
1113,44.2927303314209,0.88015866,0.8801000118255615,6.938560545677319e-06,0.8800966739654541,11.984134,11.989998817443848
1114,44.333688735961914,0.88017416,0.8801032900810242,1.3283220141602214e-05,0.8800982236862183,11.982584,11.989670991897583
1115,44.37355303764343,0.88021696,0.8801119923591614,2.3221075025503524e-05,0.8800982236862183,11.978304,11.988800764083862
1116,44.415555238723755,0.88021857,0.8801261782646179,3.174006997141987e-05,0.8801032304763794,11.978144,11.987382173538208
1117,44.45689678192139,0.8803026,0.8801531791687012,3.539780300343409e-05,0.8801032304763794,11.969739,11.984682083129883
1118,44.49729347229004,0.8803606,0.8801847696304321,3.4743814467219636e-05,0.8801586627960205,11.96394,11.981523036956787
1119,44.53676795959473,0.8803606,0.8802105188369751,5.289325417834334e-05,0.8801741600036621,11.96394,11.97894811630249
1120,44.57104754447937,0.88037276,0.880250871181488,6.590986595256254e-05,0.8801819086074829,11.962724,11.974912881851196
1121,44.6139395236969,0.88037276,0.8803108930587769,4.5627115468960255e-05,0.8802185654640198,11.962724,11.968910694122314
1122,44.64895009994507,0.88037276,0.8803486824035645,2.2330890715238638e-05,0.8803026080131531,11.962724,11.965131759643555
1123,44.68230605125427,0.8803746,0.8803630471229553,4.3593386180873495e-06,0.8803591132164001,11.962539,11.963695287704468
1124,44.72185778617859,0.88038254,0.8803659677505493,5.196673100726912e-06,0.8803606033325195,11.961746,11.963403224945068
1125,44.7616183757782,0.88038254,0.8803712129592896,2.770223773040925e-06,0.8803642988204956,11.961746,11.962878704071045
1126,44.799057722091675,0.8804188,0.8803737163543701,3.962317350669764e-06,0.880370557308197,11.958122,11.962628364562988
1127,44.840975761413574,0.8804188,0.8803761005401611,6.4569794631097466e-06,0.8803727626800537,11.958122,11.962389945983887
1128,44.87497639656067,0.88041925,0.8803800940513611,1.0426410881336778e-05,0.8803746104240417,11.958075,11.961990594863892
1129,44.915061712265015,0.88041943,0.8803871273994446,1.3484831470123027e-05,0.8803750872612,11.958056,11.961287260055542
1130,44.95634078979492,0.88041943,0.8803961873054504,1.4778363038203679e-05,0.8803825378417969,11.958056,11.960381269454956
1131,44.990771770477295,0.8804231,0.8804075121879578,1.2282396710361354e-05,0.8803882002830505,11.957687,11.959248781204224
1132,45.031426429748535,0.880425,0.8804181218147278,3.1513095564150717e-06,0.8804089426994324,11.957502,11.958187818527222
1133,45.07254934310913,0.880425,0.8804197311401367,1.2726280829156167e-06,0.8804189562797546,11.957502,11.958026885986328
1134,45.10501050949097,0.88042504,0.8804206252098083,1.7846048194769537e-06,0.8804194331169128,11.957497,11.957937479019165
1135,45.14547276496887,0.88042504,0.8804219961166382,1.974049609998474e-06,0.8804194331169128,11.957497,11.957800388336182
1136,45.17783880233765,0.8804519,0.880423903465271,1.9749836610571947e-06,0.8804211616516113,11.954808,11.9576096534729
1137,45.22034740447998,0.88046056,0.8804250955581665,4.657275439967634e-06,0.8804231286048889,11.953944,11.95749044418335
1138,45.26114010810852,0.88046783,0.8804277181625366,9.155352017842233e-06,0.8804249167442322,11.953217,11.957228183746338
1139,45.30102801322937,0.8804697,0.8804312944412231,1.3806039532937575e-05,0.880424976348877,11.953032,11.956870555877686
1140,45.341679096221924,0.88046974,0.8804385662078857,1.8354188796365634e-05,0.8804250359535217,11.953026,11.956143379211426
1141,45.38231039047241,0.88049805,0.8804531097412109,1.8188889953307807e-05,0.8804250359535217,11.950195,11.954689025878906
1142,45.42172884941101,0.88049805,0.8804675936698914,4.863563390244963e-06,0.8804605603218079,11.950195,11.953240633010864
1143,45.45503306388855,0.88049805,0.8804708123207092,5.9683707149815746e-06,0.8804678320884705,11.950195,11.952918767929077
1144,45.48783326148987,0.88049996,0.8804729580879211,9.096642315853387e-06,0.8804696798324585,11.950005,11.952704191207886
1145,45.529396772384644,0.8805313,0.8804774284362793,1.3242423847259488e-05,0.8804697394371033,11.946869,11.95225715637207
1146,45.570313930511475,0.88058615,0.8804863691329956,1.7071246475097723e-05,0.8804697394371033,11.941385,11.95136308670044
1147,45.61208128929138,0.88061637,0.8805039525032043,1.8640632333699614e-05,0.8804980516433716,11.938363,11.949604749679565
1148,45.65217447280884,0.88061637,0.8805152773857117,3.281564931967296e-05,0.8804980516433716,11.938363,11.948472261428833
1149,45.6863067150116,0.8806164,0.880535900592804,4.462015931494534e-05,0.8804999589920044,11.938357,11.946409940719604
1150,45.72915315628052,0.88061965,0.8805773258209229,3.6314748285803944e-05,0.8804999589920044,11.938036,11.942267417907715
1151,45.77054262161255,0.88062453,0.8806091547012329,1.2630584933503997e-05,0.8805860877037048,11.937547,11.939084529876709
1152,45.811639070510864,0.88062644,0.8806167244911194,1.8308455764781684e-06,0.8806163668632507,11.937356,11.938327550888062
1153,45.852152585983276,0.8806546,0.8806176781654358,3.793574478549999e-06,0.8806163668632507,11.934543,11.938232183456421
1154,45.892921924591064,0.8806853,0.8806197643280029,6.860558187327115e-06,0.8806163668632507,11.931467,11.938023567199707
1155,45.93356132507324,0.8806854,0.8806252479553223,1.2427613000909332e-05,0.8806164264678955,11.931461,11.937475204467773
1156,45.97413158416748,0.88068664,0.8806338906288147,1.792376315279398e-05,0.880624532699585,11.931335,11.93661093711853
1157,46.016056299209595,0.8806867,0.8806427717208862,2.4036156901274808e-05,0.8806264400482178,11.93133,11.935722827911377
1158,46.05641555786133,0.8806915,0.8806592226028442,2.5650939278420992e-05,0.8806264400482178,11.930847,11.934077739715576
1159,46.09642171859741,0.8806915,0.8806833624839783,6.939731520105852e-06,0.8806545734405518,11.930847,11.931663751602173
1160,46.12967920303345,0.8807077,0.8806862831115723,1.9244523628003662e-06,0.8806853294372559,11.929232,11.931371688842773
1161,46.16933298110962,0.88070774,0.8806875944137573,4.145112143305596e-06,0.8806853890419006,11.929226,11.931240558624268
1162,46.209105253219604,0.88070863,0.8806899785995483,6.8526292125170585e-06,0.8806866407394409,11.929136,11.931002140045166
1163,46.24951362609863,0.88070863,0.8806939125061035,9.00103259482421e-06,0.8806867003440857,11.929136,11.930608749389648
1164,46.28282380104065,0.880712,0.8807017207145691,8.029194759728853e-06,0.8806915283203125,11.9288025,11.92982792854309
1165,46.325191497802734,0.880712,0.8807083368301392,6.598595518880757e-07,0.8807076811790466,11.9288025,11.929166316986084
1166,46.35871076583862,0.880712,0.8807088136672974,8.32309069664916e-07,0.8807085752487183,11.9288025,11.929118633270264
1167,46.38979125022888,0.8807121,0.8807092308998108,1.2701249261226621e-06,0.880708634853363,11.928791,11.929076910018921
1168,46.42926812171936,0.8807121,0.8807099461555481,1.6403730569436448e-06,0.880708634853363,11.928791,11.92900538444519
1169,46.46176362037659,0.8807121,0.8807114958763123,1.2163908422735403e-06,0.880708634853363,11.928791,11.928850412368774
1170,46.49506068229675,0.8807121,0.8807121515274048,1.1390582699277729e-07,0.8807119727134705,11.928791,11.928784847259521
1171,46.52909016609192,0.8807121,0.8807122111320496,1.4562827743702655e-07,0.8807120323181152,11.928791,11.928778886795044
1172,46.5637640953064,0.8807566,0.8807124495506287,2.777500867523486e-06,0.88071209192276,11.924338,11.928755044937134
1173,46.60524225234985,0.8807566,0.8807132244110107,6.140975528978743e-06,0.88071209192276,11.924338,11.928677558898926
1174,46.63903880119324,0.8807921,0.88071608543396,1.2474782124627382e-05,0.88071209192276,11.920792,11.928391456604004
1175,46.67801856994629,0.8807921,0.8807219862937927,1.972921018023044e-05,0.88071209192276,11.920792,11.927801370620728
1176,46.71147394180298,0.8807921,0.8807331323623657,2.6816222089109942e-05,0.88071209192276,11.920792,11.926686763763428
1177,46.74515223503113,0.8808044,0.8807565569877625,2.5722625650814734e-05,0.8807181715965271,11.919558,11.924344301223755
1178,46.7862069606781,0.8808113,0.8807778358459473,1.888427505036816e-05,0.8807566165924072,11.918873,11.922216415405273
1179,46.826674699783325,0.8808113,0.8807950615882874,5.610630068986211e-06,0.8807920813560486,11.918873,11.920493841171265
1180,46.85806465148926,0.8808113,0.8807979822158813,6.754566129529849e-06,0.8807920813560486,11.918873,11.920201778411865
1181,46.890167236328125,0.8808113,0.8808047771453857,3.88425360142719e-06,0.8807961940765381,11.918873,11.919522285461426
1182,46.92306852340698,0.8808113,0.8808080554008484,3.426835064601619e-06,0.8808044195175171,11.918873,11.919194459915161
1183,46.95606851577759,0.8808113,0.8808113932609558,1.1920928955078125e-07,0.8808112740516663,11.918873,11.918860673904419
1184,46.99026823043823,0.8808342,0.8808115124702454,1.4243487385101616e-06,0.8808112740516663,11.916578,11.918848752975464
1185,47.02999687194824,0.8808342,0.8808116316795349,2.445589643684798e-06,0.8808112740516663,11.916578,11.918836832046509
1186,47.06301784515381,0.8808342,0.8808123469352722,4.607737992046168e-06,0.8808112740516663,11.916578,11.918765306472778
1187,47.09552979469299,0.8808342,0.880813717842102,6.983081675571157e-06,0.8808112740516663,11.916578,11.918628215789795
1188,47.12869143486023,0.8808342,0.8808167576789856,9.705782758828718e-06,0.8808112740516663,11.916578,11.91832423210144
1189,47.16094732284546,0.8808342,0.8808217644691467,1.1420012924645562e-05,0.8808112740516663,11.916578,11.917823553085327
1190,47.193965911865234,0.8808342,0.8808324933052063,6.237481557036517e-06,0.8808112740516663,11.916578,11.91675066947937
1191,47.2273063659668,0.8808342,0.8808342814445496,5.960464477539063e-08,0.8808342218399048,11.916578,11.916571855545044
1192,47.26258087158203,0.8808342,0.8808342814445496,5.960464477539063e-08,0.8808342218399048,11.916578,11.916571855545044
1193,47.29639792442322,0.8808342,0.8808342814445496,5.960464477539063e-08,0.8808342218399048,11.916578,11.916571855545044
1194,47.33025622367859,0.88085246,0.8808344006538391,1.1309997489661328e-06,0.8808342218399048,11.914754,11.916559934616089
1195,47.371291399002075,0.88085586,0.8808346390724182,2.353087893425254e-06,0.8808342218399048,11.914414,11.916536092758179
1196,47.41347646713257,0.88085586,0.8808355927467346,4.810540758626303e-06,0.8808342218399048,11.914414,11.916440725326538
1197,47.44759249687195,0.88085586,0.880837082862854,6.878794465592364e-06,0.8808342218399048,11.914414,11.9162917137146
1198,47.48180794715881,0.88085586,0.8808402419090271,9.255293662135955e-06,0.8808342218399048,11.914414,11.91597580909729
1199,47.51577568054199,0.88085586,0.8808459639549255,1.0167580512643326e-05,0.8808342218399048,11.914414,11.915403604507446
1200,47.549187898635864,0.88085586,0.8808550238609314,1.433606598766346e-06,0.880852460861206,11.914414,11.91449761390686
1201,47.582781076431274,0.88092,0.8808560967445374,3.9584501791978255e-06,0.8808558583259583,11.908001,11.914390325546265
1202,47.62383699417114,0.88092,0.8808565735816956,6.829887297499226e-06,0.8808558583259583,11.908001,11.914342641830444
1203,47.65795922279358,0.88092,0.8808580636978149,1.1694124623318203e-05,0.8808558583259583,11.908001,11.914193630218506
1204,47.69048070907593,0.88092,0.8808615803718567,1.816747317207046e-05,0.8808558583259583,11.908001,11.913841962814331
1205,47.72307229042053,0.88092,0.8808675408363342,2.4599065000074916e-05,0.8808558583259583,11.908001,11.913245916366577
1206,47.756317377090454,0.88092,0.880881667137146,3.122932685073465e-05,0.8808558583259583,11.908001,11.9118332862854
1207,47.78869414329529,0.8809386,0.8809074759483337,2.5232946427422576e-05,0.8808558583259583,11.906141,11.909252405166626
1208,47.830498695373535,0.8809386,0.8809208273887634,3.0515473099512747e-06,0.8809199929237366,11.906141,11.907917261123657
1209,47.86377787590027,0.8809386,0.8809221386909485,5.260038051346783e-06,0.8809199929237366,11.906141,11.907786130905151
1210,47.89771866798401,0.88094825,0.8809248805046082,7.4026352194778156e-06,0.8809199929237366,11.905175,11.907511949539185
1211,47.937841176986694,0.88094825,0.8809305429458618,8.715065632713959e-06,0.8809199929237366,11.905175,11.906945705413818
1212,47.97112584114075,0.880978,0.8809383511543274,6.097654022596544e-06,0.8809296488761902,11.902201,11.90616488456726
1213,48.01263380050659,0.8809798,0.8809428215026855,6.229267455637455e-06,0.8809385895729065,11.902022,11.905717849731445
1214,48.053194522857666,0.8809831,0.8809475898742676,7.662310963496566e-06,0.8809385895729065,11.901689,11.905241012573242
1215,48.09451150894165,0.8809943,0.8809522986412048,1.0000127076637e-05,0.8809482455253601,11.900568,11.904770135879517
1216,48.13407516479492,0.8809943,0.8809576034545898,1.3840952306054533e-05,0.8809482455253601,11.900568,11.904239654541016
1217,48.16775894165039,0.88100576,0.880967915058136,1.4828910934738815e-05,0.8809482455253601,11.899424,11.903208494186401
1218,48.20790505409241,0.88100576,0.8809823989868164,5.8443019952392206e-06,0.880966067314148,11.899424,11.90176010131836
1219,48.240959882736206,0.8810081,0.8809868097305298,6.80193124935613e-06,0.8809808492660522,11.899191,11.901319026947021
1220,48.280702114105225,0.88102156,0.8809909820556641,8.740960765862837e-06,0.8809831142425537,11.897844,11.900901794433594
1221,48.32173562049866,0.8810221,0.8809995055198669,6.514146207337035e-06,0.8809855580329895,11.897791,11.900049448013306
1222,48.36281085014343,0.8810245,0.8810048699378967,7.740840374026448e-06,0.8809970617294312,11.8975525,11.899513006210327
1223,48.40525412559509,0.8810481,0.8810120224952698,6.736193881806685e-06,0.8810057640075684,11.895191,11.898797750473022
1224,48.44679141044617,0.8810953,0.8810167908668518,9.559817954141181e-06,0.8810080885887146,11.8904705,11.89832091331482
1225,48.48666191101074,0.8810977,0.8810248374938965,1.1435055057518184e-05,0.8810198307037354,11.890232,11.897516250610352
1226,48.52725100517273,0.8811117,0.8810310959815979,2.246258191007655e-05,0.8810220956802368,11.888832,11.89689040184021
1227,48.570396184921265,0.88112074,0.8810457587242126,3.3891828934429213e-05,0.8810220956802368,11.887926,11.895424127578735
1228,48.61329102516174,0.88120455,0.8810742497444153,3.815742093138397e-05,0.8810244798660278,11.879545,11.892575025558472
1229,48.653411865234375,0.8812046,0.8811107873916626,2.2568665372091345e-05,0.8810919523239136,11.8795395,11.88892126083374
1230,48.69431138038635,0.88121253,0.8811291456222534,3.336452937219292e-05,0.8811060190200806,11.878747,11.887085437774658
1231,48.73503351211548,0.88121253,0.8811538219451904,3.987891977885738e-05,0.8811116814613342,11.878747,11.884617805480957
1232,48.76823687553406,0.8812908,0.8811924457550049,2.37849417317193e-05,0.8811264038085938,11.87092,11.880755424499512
1233,48.809298276901245,0.8812908,0.881210207939148,9.884936844173353e-06,0.8812046051025391,11.87092,11.878979206085205
1234,48.842796087265015,0.88132024,0.8812171816825867,1.9844677808578126e-05,0.8812102675437927,11.867976,11.878281831741333
1235,48.88448905944824,0.8813229,0.8812277913093567,3.3025153243215755e-05,0.8812125325202942,11.867708,11.877220869064331
1236,48.924569845199585,0.8813229,0.881249189376831,4.542516398942098e-05,0.8812125325202942,11.867708,11.875081062316895
1237,48.95772337913513,0.88133407,0.8812903761863708,3.700322122313082e-05,0.8812125325202942,11.866593,11.870962381362915
1238,48.998597145080566,0.88133407,0.8813202381134033,2.607467877169256e-06,0.881314754486084,11.866593,11.867976188659668
1239,49.05874943733215,0.8813483,0.8773344159126282,0.0031260778196156025,0.8701962828636169,11.865169,12.266558408737183
1240,49.099631786346436,0.8813483,0.8802031874656677,0.0009313682094216347,0.878078043460846,11.865169,11.979681253433228
1241,49.13262987136841,0.8813483,0.8810049891471863,0.0002999541175086051,0.8803674578666687,11.865169,11.899501085281372
1242,49.1660099029541,0.8813483,0.8812676072120667,7.506740075768903e-05,0.8810727596282959,11.865169,11.873239278793335
1243,49.199615716934204,0.8813483,0.8813260793685913,2.3315908038057387e-05,0.8812865614891052,11.865169,11.86739206314087
1244,49.232325315475464,0.88136315,0.8813459873199463,5.647531907015946e-06,0.8813229203224182,11.863685,11.865401268005371
1245,49.27210760116577,0.88136315,0.881348729133606,2.24153859562648e-06,0.8813483119010925,11.863685,11.865127086639404
1246,49.30400109291077,0.8813658,0.881349503993988,3.898348950315267e-06,0.8813483119010925,11.863422,11.865049600601196
1247,49.34367370605469,0.8813658,0.8813514709472656,6.124440915300511e-06,0.8813483119010925,11.863422,11.864852905273438
1248,49.38730072975159,0.8813658,0.8813551068305969,7.7327622420853e-06,0.8813483119010925,11.863422,11.864489316940308
1249,49.42725348472595,0.8813658,0.8813627362251282,4.379704932944151e-06,0.8813483119010925,11.863422,11.863726377487183
1250,49.46059560775757,0.8813658,0.881365180015564,1.0896700359808165e-06,0.8813631534576416,11.863422,11.863481998443604
1251,49.49370861053467,0.8813658,0.8813657164573669,5.960464477539063e-08,0.8813657760620117,11.863422,11.863428354263306
1252,49.5283727645874,0.8813824,0.8813657760620117,1.0283678193445667e-06,0.8813657760620117,11.861759,11.863422393798828
1253,49.5706582069397,0.8813824,0.8813661932945251,2.8126471534051234e-06,0.8813657760620117,11.861759,11.863380670547485
1254,49.60603046417236,0.8813824,0.8813672661781311,4.71286602987675e-06,0.8813657760620117,11.861759,11.86327338218689
1255,49.63962006568909,0.8813824,0.8813691735267639,6.714218216075096e-06,0.8813657760620117,11.861759,11.863082647323608
1256,49.67327904701233,0.88139343,0.881373405456543,8.219765732064843e-06,0.8813657760620117,11.860657,11.862659454345703
1257,49.71349358558655,0.88139343,0.8813813924789429,3.7142267501621973e-06,0.8813657760620117,11.860657,11.861860752105713
1258,49.747780323028564,0.8813963,0.8813831806182861,2.872618097171653e-06,0.881382405757904,11.860371,11.861681938171387
1259,49.78742957115173,0.8813988,0.8813844323158264,4.195266228634864e-06,0.881382405757904,11.860121,11.861556768417358
1260,49.82889461517334,0.8813988,0.8813866376876831,5.321484422893263e-06,0.881382405757904,11.860121,11.86133623123169
1261,49.86266589164734,0.8814012,0.8813912868499756,4.596629878506064e-06,0.8813825845718384,11.859882,11.860871315002441
1262,49.90408110618591,0.8814032,0.881395161151886,2.241588390461402e-06,0.8813934326171875,11.859679,11.860483884811401
1263,49.94575643539429,0.881404,0.8813968896865845,2.3291484012588626e-06,0.8813934326171875,11.859602,11.860311031341553
1264,49.986950635910034,0.88140655,0.8813989162445068,2.1770056264358573e-06,0.8813962936401367,11.859345,11.860108375549316
1265,50.02838706970215,0.88140833,0.8814009428024292,2.045588189503178e-06,0.8813987970352173,11.859167,11.85990571975708
1266,50.069860219955444,0.8814106,0.881402850151062,2.2364597498381045e-06,0.8814007639884949,11.85894,11.859714984893799
1267,50.10997247695923,0.8814138,0.8814051747322083,2.5234637632820522e-06,0.8814014792442322,11.858618,11.859482526779175
1268,50.149317026138306,0.8814523,0.8814079165458679,3.817768629232887e-06,0.8814039826393127,11.854768,11.859208345413208
1269,50.19140863418579,0.8814787,0.8814116716384888,8.818350579531398e-06,0.8814065456390381,11.852127,11.858832836151123
1270,50.23247170448303,0.8814813,0.8814168572425842,1.4810944776399992e-05,0.8814105987548828,11.8518715,11.858314275741577
1271,50.27274942398071,0.8814871,0.8814257383346558,2.24112045543734e-05,0.8814109563827515,11.851293,11.857426166534424
1272,50.31360936164856,0.8814937,0.8814423680305481,2.8214635676704347e-05,0.8814138770103455,11.850632,11.85576319694519
1273,50.35295128822327,0.8815441,0.8814724087715149,1.8372333215666004e-05,0.881423830986023,11.845589,11.85275912284851
1274,50.39344596862793,0.88155496,0.8814889788627625,1.570799940964207e-05,0.8814756274223328,11.844503,11.851102113723755
1275,50.434558629989624,0.88155496,0.8815000653266907,2.0444220353965648e-05,0.8814853429794312,11.844503,11.849993467330933
1276,50.46884727478027,0.88156426,0.8815154433250427,2.4599834432592615e-05,0.8814901113510132,11.843575,11.848455667495728
1277,50.51015281677246,0.8816138,0.8815404772758484,1.6334050087607466e-05,0.8815011382102966,11.838621,11.845952272415161
1278,50.552321910858154,0.8816138,0.8815541863441467,1.1378918316040654e-05,0.8815432786941528,11.838621,11.844581365585327
1279,50.58765888214111,0.8816138,0.8815633058547974,1.3623153790831566e-05,0.8815509676933289,11.838621,11.843669414520264
1280,50.62243175506592,0.88165563,0.8815748691558838,1.621870615053922e-05,0.8815590143203735,11.834436,11.842513084411621
1281,50.66059732437134,0.88165563,0.8815900087356567,1.6461046470794827e-05,0.8815712928771973,11.834436,11.840999126434326
1282,50.69413661956787,0.8816647,0.8816055059432983,1.6800044249976054e-05,0.8815872073173523,11.83353,11.839449405670166
1283,50.73518443107605,0.8816746,0.8816218376159668,1.7843396562966518e-05,0.8815998435020447,11.832541,11.83781623840332
1284,50.775694847106934,0.8816892,0.8816367387771606,1.9121032892144285e-05,0.8816148042678833,11.831081,11.836326122283936
1285,50.81647539138794,0.88174546,0.881657063961029,1.5957622963469476e-05,0.881632924079895,11.825455,11.834293603897095
1286,50.85619831085205,0.88174546,0.8816713690757751,1.5973386325640604e-05,0.8816556334495544,11.825455,11.832863092422485
1287,50.8901903629303,0.88181436,0.8816866874694824,2.2420221284846775e-05,0.8816708326339722,11.818563,11.831331253051758
1288,50.932422161102295,0.88181436,0.8817040920257568,2.9055865525151603e-05,0.8816777467727661,11.818563,11.829590797424316
1289,50.966386556625366,0.88181925,0.8817301988601685,3.4062461054418236e-05,0.881688117980957,11.818075,11.826980113983154
1290,51.00699329376221,0.8818237,0.8817600607872009,2.8885237043141387e-05,0.8817319869995117,11.817628,11.823993921279907
1291,51.04777479171753,0.8818381,0.8817849159240723,2.7706651962944306e-05,0.8817471265792847,11.816192,11.821508407592773
1292,51.08801507949829,0.8818381,0.88181072473526,9.99903477350017e-06,0.8817918300628662,11.816192,11.818927526473999
1293,51.12245178222656,0.8818381,0.8818195462226868,5.998111191729549e-06,0.8818115592002869,11.816192,11.818045377731323
1294,51.156906604766846,0.8818381,0.8818249702453613,5.447950570669491e-06,0.8818192481994629,11.816192,11.817502975463867
1295,51.189608573913574,0.8818397,0.8818283677101135,6.1938985709275585e-06,0.881823718547821,11.8160305,11.817163228988647
1296,51.23061418533325,0.8818488,0.8818333745002747,5.88851116845035e-06,0.881823718547821,11.815119,11.816662549972534
1297,51.271353244781494,0.8818532,0.8818386197090149,1.8509249457565602e-06,0.8818377256393433,11.814678,11.81613802909851
1298,51.311283588409424,0.8818574,0.8818399310112,3.548852873791475e-06,0.8818380832672119,11.8142605,11.816006898880005
1299,51.352879762649536,0.8818664,0.8818422555923462,5.181796495890012e-06,0.881839394569397,11.81336,11.81577444076538
1300,51.3934543132782,0.88186765,0.8818455338478088,7.246417226269841e-06,0.8818396925926208,11.813235,11.815446615219116
1301,51.43433475494385,0.8818688,0.8818517923355103,6.7372238845564425e-06,0.8818396925926208,11.813122,11.814820766448975
1302,51.47601675987244,0.88217354,0.8818588852882385,2.0354184016468935e-05,0.8818508386611938,11.782646,11.814111471176147
1303,51.51780128479004,0.88217354,0.8818670511245728,3.4565025998745114e-05,0.8818563222885132,11.782646,11.813294887542725
1304,51.55301237106323,0.88218254,0.8818839192390442,6.349823524942622e-05,0.8818653225898743,11.781746,11.811608076095581
1305,51.59182786941528,0.8822053,0.8819108605384827,9.887040505418554e-05,0.8818676471710205,11.7794695,11.808913946151733
1306,51.63335180282593,0.8822365,0.8819655776023865,0.0001293819659622386,0.8818687796592712,11.776352,11.803442239761353
1307,51.673996686935425,0.8822491,0.8820657730102539,0.00011608358909143135,0.881870687007904,11.775088,11.79342269897461
1308,51.71647000312805,0.8823881,0.8821709752082825,5.501224586623721e-05,0.8820651173591614,11.7611885,11.782902479171753
1309,51.76091814041138,0.88240266,0.8822171092033386,4.692484435508959e-05,0.8821825385093689,11.759734,11.778289079666138
1310,51.80334711074829,0.8824205,0.8822519779205322,6.491496606031433e-05,0.882196307182312,11.757952,11.774802207946777
1311,51.84325385093689,0.88242424,0.882308304309845,6.684202526230365e-05,0.8822231888771057,11.757576,11.769169569015503
1312,51.884835958480835,0.8824327,0.8823655843734741,4.881266431766562e-05,0.8822739720344543,11.75673,11.763441562652588
1313,51.92645597457886,0.8824427,0.8824019432067871,1.2343493835942354e-05,0.8823881149291992,11.755729,11.759805679321289
1314,51.968857765197754,0.88249385,0.8824141025543213,1.3660693184647243e-05,0.8824011087417603,11.750614,11.758589744567871
1315,52.011364221572876,0.88250923,0.882426917552948,1.6918962501222268e-05,0.8824101090431213,11.749077,11.7573082447052
1316,52.05251336097717,0.88255113,0.8824409246444702,2.5966810426325537e-05,0.8824225068092346,11.744886,11.755907535552979
1317,52.09611678123474,0.88255113,0.8824613094329834,2.9749340683338232e-05,0.8824242353439331,11.744886,11.75386905670166
1318,52.12914800643921,0.88255113,0.8824889659881592,2.7549614969757386e-05,0.8824620842933655,11.744886,11.751103401184082
1319,52.162137508392334,0.88255113,0.8825175762176514,2.203325493610464e-05,0.8824814558029175,11.744886,11.748242378234863
1320,52.19662809371948,0.8825581,0.8825356364250183,1.6539472198928706e-05,0.8825092315673828,11.744189,11.746436357498169
1321,52.23757600784302,0.8826,0.8825498223304749,5.694301762559917e-06,0.8825389742851257,11.739999,11.745017766952515
1322,52.27813124656677,0.8826,0.88255375623703,9.396730092703365e-06,0.8825511336326599,11.739999,11.744624376296997
1323,52.311904191970825,0.8826,0.8825583457946777,1.4783161532250233e-05,0.8825511336326599,11.739999,11.744165420532227
1324,52.34445643424988,0.8826,0.8825688362121582,1.8979153537657112e-05,0.8825511336326599,11.739999,11.74311637878418
1325,52.37663292884827,0.88260067,0.8825874924659729,1.0946069778583478e-05,0.8825632333755493,11.739933,11.74125075340271
1326,52.417073488235474,0.88260067,0.8825970888137817,5.029378371546045e-06,0.8825847506523132,11.739933,11.740291118621826
1327,52.45064854621887,0.88260067,0.8826000094413757,1.9444682664016e-07,0.8826000094413757,11.739933,11.739999055862427
1328,52.482274293899536,0.88260067,0.8826001286506653,2.698022854019655e-07,0.8826000094413757,11.739933,11.739987134933472
1329,52.51541256904602,0.88260067,0.8826002478599548,3.2787994541649823e-07,0.8826000094413757,11.739933,11.739975214004517
1330,52.54839086532593,0.88260067,0.8826005458831787,2.1956680029688869e-07,0.8826000094413757,11.739933,11.739945411682129
1331,52.583534955978394,0.88260067,0.8826006650924683,0.0,0.8826006650924683,11.739933,11.739933490753174
1332,52.617671489715576,0.88260067,0.8826006650924683,0.0,0.8826006650924683,11.739933,11.739933490753174
1333,52.6526517868042,0.88260067,0.8826006650924683,0.0,0.8826006650924683,11.739933,11.739933490753174
1334,52.68636655807495,0.88260067,0.8826006650924683,0.0,0.8826006650924683,11.739933,11.739933490753174
1335,52.719364643096924,0.88260067,0.8826006650924683,0.0,0.8826006650924683,11.739933,11.739933490753174
1336,52.75314736366272,0.88260067,0.8826006650924683,0.0,0.8826006650924683,11.739933,11.739933490753174
1337,52.78589987754822,0.88260067,0.8826006650924683,0.0,0.8826006650924683,11.739933,11.739933490753174
1338,52.81946873664856,0.88260067,0.8826006650924683,0.0,0.8826006650924683,11.739933,11.739933490753174
1339,52.85226511955261,0.88260067,0.8826006650924683,0.0,0.8826006650924683,11.739933,11.739933490753174
1340,52.88701248168945,0.88260067,0.8826006650924683,0.0,0.8826006650924683,11.739933,11.739933490753174
1341,52.922574043273926,0.88260067,0.8826006650924683,0.0,0.8826006650924683,11.739933,11.739933490753174
1342,52.9764199256897,0.88260067,0.8826006650924683,0.0,0.8826006650924683,11.739933,11.739933490753174
1343,53.01698088645935,0.88261944,0.8826007843017578,1.159807652584277e-06,0.8826006650924683,11.738056,11.739921569824219
1344,53.05736970901489,0.88276243,0.8826016187667847,1.0259973350912333e-05,0.8826006650924683,11.723757,11.739838123321533
1345,53.099093198776245,0.88276243,0.8826054334640503,2.4461689463350922e-05,0.8826006650924683,11.723757,11.73945665359497
1346,53.13353943824768,0.88276243,0.8826144933700562,4.185422585578635e-05,0.8826006650924683,11.723757,11.738550662994385
1347,53.16719126701355,0.8827853,0.88263338804245,6.069294977351092e-05,0.8826006650924683,11.721468,11.736661195755005
1348,53.208513021469116,0.8827853,0.8826716542243958,7.446204836014658e-05,0.8826006650924683,11.721468,11.732834577560425
1349,53.24290442466736,0.88281286,0.8827348947525024,6.008333366480656e-05,0.882623553276062,11.718714,11.726510524749756
1350,53.28238344192505,0.882817,0.8827717900276184,1.1660360542009585e-05,0.8827624320983887,11.718303,11.72282099723816
1351,53.322709798812866,0.882817,0.8827826380729675,1.116758539865259e-05,0.8827624320983887,11.718303,11.721736192703247
1352,53.356173038482666,0.8828221,0.8827904462814331,9.90339231066173e-06,0.8827853202819824,11.717791,11.72095537185669
1353,53.39677691459656,0.8828221,0.882796049118042,1.2235673239047173e-05,0.8827853202819824,11.717791,11.7203950881958
1354,53.43009662628174,0.8828691,0.8828076720237732,9.641164069762453e-06,0.8827964067459106,11.713087,11.71923279762268
1355,53.471715688705444,0.8829479,0.8828185796737671,1.4270857718656771e-05,0.8828012347221375,11.705208,11.718142032623291
1356,53.51285481452942,0.88295984,0.8828282356262207,2.567518276919145e-05,0.8828169703483582,11.704016,11.71717643737793
1357,53.553855657577515,0.88295984,0.8828442692756653,3.7255249480949715e-05,0.8828169703483582,11.704016,11.715573072433472
1358,53.588921308517456,0.88296,0.8828710913658142,4.291339428164065e-05,0.8828300833702087,11.703998,11.712890863418579
1359,53.630780935287476,0.88296366,0.882906973361969,3.9844464481575415e-05,0.8828426599502563,11.703634,11.7093026638031
1360,53.674771785736084,0.8829643,0.8829445838928223,1.3893892173655331e-05,0.8829232454299927,11.703568,11.705541610717773
1361,53.715434312820435,0.8829702,0.8829567432403564,5.5469272410846315e-06,0.8829479217529297,11.702978,11.704325675964355
1362,53.75573372840881,0.8829702,0.8829610347747803,2.1090099835419096e-06,0.8829598426818848,11.702978,11.703896522521973
1363,53.789058446884155,0.88299483,0.8829629421234131,3.5685823149833595e-06,0.8829600214958191,11.700517,11.703705787658691
1364,53.830517053604126,0.88299483,0.882965624332428,4.749837898998521e-06,0.8829636573791504,11.700517,11.703437566757202
1365,53.86439275741577,0.8830178,0.8829687833786011,8.646327842143364e-06,0.8829636573791504,11.698222,11.703121662139893
1366,53.90550875663757,0.88304114,0.8829757571220398,1.4346950592880603e-05,0.8829643130302429,11.695886,11.70242428779602
1367,53.94755148887634,0.88305897,0.8829864859580994,2.0379475245135836e-05,0.8829715251922607,11.694103,11.701351404190063
1368,53.98898363113403,0.883114,0.8830019235610962,2.5138724595308304e-05,0.8829755187034607,11.688602,11.69980764389038
1369,54.02882623672485,0.88311553,0.8830255270004272,1.8279601135873236e-05,0.8829948306083679,11.688447,11.697447299957275
1370,54.069554805755615,0.88315165,0.8830421566963196,2.2992111553321593e-05,0.8830190896987915,11.684835,11.695784330368042
1371,54.11074495315552,0.88316435,0.8830598592758179,2.8602900783880614e-05,0.8830294609069824,11.683565,11.694014072418213
1372,54.15289640426636,0.88316435,0.8830847144126892,2.776015935523901e-05,0.8830528259277344,11.683565,11.691528558731079
1373,54.18856430053711,0.88316435,0.8831108212471008,1.801332473405637e-05,0.8830859661102295,11.683565,11.688917875289917
1374,54.221802949905396,0.8831981,0.8831259608268738,1.9853418052662164e-05,0.8831086754798889,11.680192,11.687403917312622
1375,54.26200532913208,0.8832533,0.8831427693367004,2.3054313714965247e-05,0.8831155300140381,11.674672,11.685723066329956
1376,54.304168701171875,0.88327175,0.8831637501716614,1.853436879173387e-05,0.8831387758255005,11.672825,11.683624982833862
1377,54.344725608825684,0.8833373,0.8831835985183716,2.9957887818454765e-05,0.883159875869751,11.666268,11.681640148162842
1378,54.384812355041504,0.883379,0.8832079768180847,4.262272341293283e-05,0.8831724524497986,11.662102,11.679202318191528
1379,54.425408601760864,0.8833879,0.8832428455352783,5.7478689996059984e-05,0.8831948041915894,11.661207,11.675715446472168
1380,54.46703481674194,0.883565,0.8832991123199463,5.228763257036917e-05,0.8832036852836609,11.643499,11.670088768005371
1381,54.50750279426575,0.8837119,0.8833495378494263,4.897865073871799e-05,0.883294939994812,11.628813,11.665046215057373
1382,54.548933267593384,0.88372785,0.8833918571472168,6.893889076309279e-05,0.8833464980125427,11.627215,11.66081428527832
1383,54.59024238586426,0.88378245,0.8834353089332581,0.00010834637942025438,0.8833745718002319,11.621756,11.656469106674194
1384,54.631317377090454,0.88379484,0.8835095763206482,0.0001464128727093339,0.8833876848220825,11.620516,11.64904236793518
1385,54.672173261642456,0.88385737,0.8836472630500793,0.00012855223030783236,0.8834041357040405,11.614264,11.635273694992065
1386,54.713782787323,0.88388455,0.8837662935256958,3.6566980270436034e-05,0.8837116360664368,11.611546,11.62337064743042
1387,54.75741004943848,0.88388455,0.883798360824585,2.5522169380565174e-05,0.8837707042694092,11.611546,11.620163917541504
1388,54.789828300476074,0.8839055,0.8838184475898743,3.060269227717072e-05,0.8837894201278687,11.609453,11.618155241012573
1389,54.830326557159424,0.8839064,0.8838443756103516,3.0007695386302657e-05,0.883804440498352,11.609358,11.615562438964844
1390,54.8719687461853,0.88392305,0.8838725090026855,1.560984856041614e-05,0.8838501572608948,11.607695,11.612749099731445
1391,54.914172887802124,0.88392305,0.8838861584663391,1.2675691323238425e-05,0.8838697075843811,11.607695,11.611384153366089
1392,54.94826912879944,0.8839718,0.8838983178138733,1.1140805327158887e-05,0.8838845491409302,11.602819,11.610168218612671
1393,54.99395799636841,0.8839718,0.8839085102081299,1.0727197150117718e-05,0.8838974237442017,11.602819,11.609148979187012
1394,55.027814626693726,0.88400817,0.883918046951294,1.7551799828652292e-05,0.8839054703712463,11.599183,11.608195304870605
1395,55.06836009025574,0.8840171,0.8839300870895386,2.3700527890468948e-05,0.8839153051376343,11.5982895,11.606991291046143
1396,55.10987997055054,0.8840767,0.8839467167854309,3.455279875197448e-05,0.8839218616485596,11.592329,11.60532832145691
1397,55.1502103805542,0.88408566,0.8839759826660156,3.854271926684305e-05,0.8839230537414551,11.5914345,11.602401733398438
1398,55.189263105392456,0.88417685,0.8840128779411316,2.4889008273021318e-05,0.8839837908744812,11.582315,11.59871220588684
1399,55.23033094406128,0.8841773,0.8840333223342896,3.558172466000542e-05,0.8840093016624451,11.582268,11.596667766571045
1400,55.27143931388855,0.88420504,0.8840602040290833,5.095941014587879e-05,0.8840191960334778,11.579495,11.593979597091675
1401,55.31203603744507,0.88420564,0.8841019868850708,5.321285061654635e-05,0.884032130241394,11.579436,11.58980131149292
1402,55.35065031051636,0.88422143,0.8841519951820374,4.475017703953199e-05,0.8840872049331665,11.577856,11.584800481796265
1403,55.39163279533386,0.88422143,0.8841919302940369,1.213824452861445e-05,0.884175181388855,11.577856,11.580806970596313
1404,55.42512106895447,0.8842343,0.8842036128044128,8.152856935339514e-06,0.8841878771781921,11.576569,11.579638719558716
1405,55.46561813354492,0.8842393,0.8842113018035889,8.654551493236795e-06,0.8842036724090576,11.576069,11.578869819641113
1406,55.507320404052734,0.8842455,0.8842195272445679,8.939733561419416e-06,0.8842064142227173,11.575449,11.578047275543213
1407,55.54814028739929,0.88425183,0.8842275738716125,8.78360151546076e-06,0.8842171430587769,11.574817,11.577242612838745
1408,55.58977746963501,0.88426715,0.8842365741729736,6.82759082337725e-06,0.8842265605926514,11.573285,11.576342582702637
1409,55.63149070739746,0.88426715,0.884243369102478,6.520273018395528e-06,0.8842360377311707,11.573285,11.575663089752197
1410,55.66489934921265,0.8842801,0.8842495083808899,6.7662303990800865e-06,0.8842414617538452,11.571991,11.57504916191101
1411,55.70786690711975,0.8842831,0.8842560052871704,6.775525434932206e-06,0.8842498064041138,11.571688,11.574399471282959
1412,55.75107669830322,0.88428634,0.884261965751648,7.887769243097864e-06,0.884253203868866,11.571365,11.573803424835205
1413,55.79102683067322,0.88428867,0.8842688798904419,7.315452421607915e-06,0.8842591047286987,11.571133,11.57311201095581
1414,55.833672761917114,0.88429356,0.8842753767967224,6.641422260145191e-06,0.8842671513557434,11.570644,11.572462320327759
1415,55.87395644187927,0.88429356,0.8842820525169373,4.101369995623827e-06,0.8842755556106567,11.570644,11.571794748306274
1416,55.90735650062561,0.8842993,0.8842856884002686,3.6148724120721454e-06,0.8842812776565552,11.570072,11.571431159973145
1417,55.94694805145264,0.8843022,0.8842892646789551,3.957799890486058e-06,0.8842849731445312,11.56978,11.571073532104492
1418,55.98849320411682,0.8843033,0.8842929601669312,3.8692878661095165e-06,0.8842880725860596,11.569673,11.570703983306885
1419,56.040244579315186,0.8843035,0.8842965960502625,2.9575003281934187e-06,0.884292721748352,11.569649,11.570340394973755
1420,56.08079266548157,0.88430613,0.8842991590499878,2.053623575193342e-06,0.8842962980270386,11.5693865,11.57008409500122
1421,56.1222460269928,0.8843062,0.8843010067939758,1.765312390489271e-06,0.8842992782592773,11.569381,11.569899320602417
1422,56.163020610809326,0.8843068,0.8843026757240295,1.484187123423908e-06,0.8842999339103699,11.569321,11.569732427597046
1423,56.201152324676514,0.88434744,0.8843039870262146,3.00459350910387e-06,0.8843022584915161,11.565256,11.56960129737854
1424,56.241108894348145,0.88434744,0.8843053579330444,4.732586603495292e-06,0.8843034505844116,11.565256,11.569464206695557
1425,56.27544331550598,0.88434803,0.8843079209327698,8.248531230492517e-06,0.8843046426773071,11.565197,11.569207906723022
1426,56.31627821922302,0.88434803,0.8843111395835876,1.2523983969003893e-05,0.8843061923980713,11.565197,11.568886041641235
1427,56.350337505340576,0.8843486,0.8843169212341309,1.6840644093463197e-05,0.884306788444519,11.565143,11.568307876586914
1428,56.391541957855225,0.88434863,0.8843286037445068,1.828465610742569e-05,0.884306788444519,11.565137,11.567139625549316
1429,56.430938720703125,0.88434863,0.884345531463623,4.879037078353576e-06,0.8843306303024292,11.565137,11.565446853637695
1430,56.49211096763611,0.8846766,0.8813074827194214,0.0025419523008167744,0.8759375810623169,11.532343,11.869251728057861
1431,56.56145429611206,0.88434744,0.8777899742126465,0.0035580710973590612,0.8713198304176331,11.565256,12.221002578735352
1432,56.602867603302,0.88434744,0.8809272050857544,0.002041272120550275,0.8776941895484924,11.565256,11.90727949142456
1433,56.63599729537964,0.88438153,0.8827553391456604,0.0011742475908249617,0.8807228803634644,11.561847,11.72446608543396
1434,56.67654466629028,0.88438153,0.8838080763816833,0.00043640114017762244,0.8828004598617554,11.561847,11.619192361831665
1435,56.71040964126587,0.88438517,0.8841731548309326,0.00016375479754060507,0.8838339447975159,11.561483,11.582684516906738
1436,56.75170397758484,0.88438517,0.8843145370483398,6.186042446643114e-05,0.8841701745986938,11.561483,11.568546295166016
1437,56.785988330841064,0.8844385,0.884361743927002,1.740570951369591e-05,0.8843417167663574,11.556149,11.563825607299805
1438,56.82994222640991,0.8844385,0.8843767046928406,1.3046830645180307e-05,0.8843485713005066,11.556149,11.562329530715942
1439,56.863009452819824,0.88446,0.8843849301338196,9.7538923000684e-06,0.8843815326690674,11.554003,11.561506986618042
1440,56.90307664871216,0.88446945,0.8843908905982971,1.6461426639580168e-05,0.8843815326690674,11.553055,11.560910940170288
1441,56.94384527206421,0.88446945,0.8844005465507507,2.2877791707287543e-05,0.8843851685523987,11.553055,11.559945344924927
1442,56.97935152053833,0.88450986,0.8844174742698669,2.9935756174381822e-05,0.8843910098075867,11.549014,11.558252573013306
1443,57.020450830459595,0.884522,0.8844447135925293,2.610168121464085e-05,0.8843916058540344,11.547798,11.55552864074707
1444,57.0623095035553,0.88452524,0.8844656348228455,2.4393053536186926e-05,0.884443461894989,11.547476,11.553436517715454
1445,57.10197377204895,0.884628,0.8844877481460571,2.658344055816997e-05,0.8844599723815918,11.5372,11.551225185394287
1446,57.1434166431427,0.88463247,0.8845123648643494,2.374653377046343e-05,0.8844694495201111,11.536753,11.548763513565063
1447,57.183905601501465,0.8846964,0.8845294117927551,3.0639082979178056e-05,0.884515106678009,11.530357,11.547058820724487
1448,57.22477960586548,0.8846964,0.8845468759536743,4.7377714508911595e-05,0.8845193386077881,11.530357,11.545312404632568
1449,57.257051944732666,0.8846975,0.8845770955085754,6.311062315944582e-05,0.8845252394676208,11.530251,11.542290449142456
1450,57.298030376434326,0.8848039,0.8846330642700195,6.04751257924363e-05,0.8845263123512268,11.519611,11.536693572998047
1451,57.33873200416565,0.8848039,0.8846895694732666,3.909532824764028e-05,0.8846314549446106,11.519611,11.53104305267334
1452,57.37277936935425,0.8848068,0.8847169280052185,3.679679866763763e-05,0.884693443775177,11.519319,11.52830719947815
1453,57.440950870513916,0.8847661,0.8809336423873901,0.0031295185908675194,0.8737519979476929,11.52339,11.906635761260986
1454,57.48171830177307,0.8849388,0.8835717439651489,0.000982159050181508,0.8816235065460205,11.506123,11.642825603485107
1455,57.5248749256134,0.88494223,0.8844339847564697,0.00027976513956673443,0.8839126229286194,11.505776,11.556601524353027
1456,57.566282749176025,0.88494223,0.8846856951713562,8.265498763648793e-05,0.8845154047012329,11.505776,11.53143048286438
1457,57.601988315582275,0.8849813,0.8847556114196777,7.743239984847605e-05,0.8846786022186279,11.501873,11.524438858032227
1458,57.64363646507263,0.8849813,0.8848180174827576,7.6083313615527e-05,0.8847408890724182,11.501873,11.518198251724243
1459,57.677573442459106,0.88502187,0.8848798274993896,7.028258551144972e-05,0.8847750425338745,11.497813,11.512017250061035
1460,57.72036290168762,0.8850253,0.8849443197250366,1.7698394003673457e-05,0.884918749332428,11.497468,11.505568027496338
1461,57.760674476623535,0.8850253,0.8849565386772156,2.5609271688153967e-05,0.8849387764930725,11.497468,11.504346132278442
1462,57.79429531097412,0.8850489,0.884975016117096,3.1161460356088355e-05,0.8849422335624695,11.495108,11.502498388290405
1463,57.839542388916016,0.8850565,0.8850036263465881,2.3971022528712638e-05,0.8849738836288452,11.49435,11.499637365341187
1464,57.88280177116394,0.8850565,0.8850277662277222,1.1628806532826275e-05,0.8850162625312805,11.49435,11.497223377227783
1465,57.91669535636902,0.8850565,0.8850350379943848,1.3760699403064791e-05,0.8850253224372864,11.49435,11.496496200561523
1466,57.949161767959595,0.8850603,0.8850449323654175,1.3929427041148301e-05,0.8850253224372864,11.493969,11.495506763458252
1467,57.99004769325256,0.8850603,0.8850565552711487,1.1191111752850702e-06,0.8850536942481995,11.493969,11.494344472885132
1468,58.02397108078003,0.88507247,0.8850570321083069,1.546934868201788e-06,0.8850564956665039,11.492753,11.494296789169312
1469,58.063697814941406,0.8851219,0.8850580453872681,4.648388767236611e-06,0.8850564956665039,11.487812,11.494195461273193
1470,58.103856325149536,0.8851219,0.8850603103637695,8.712037924851757e-06,0.8850564956665039,11.487812,11.493968963623047
1471,58.137587547302246,0.8851219,0.8850648403167725,1.3770950317848474e-05,0.8850599527359009,11.487812,11.493515968322754
1472,58.172571659088135,0.8851257,0.8850709199905396,1.9794764739344828e-05,0.8850603103637695,11.487431,11.492908000946045
1473,58.212921142578125,0.8851379,0.8850836157798767,2.537981345085427e-05,0.8850603103637695,11.486208,11.491638422012329
1474,58.28196430206299,0.8851601,0.8819057941436768,0.00268803583458066,0.8753015995025635,11.483992,11.809420585632324
1475,58.3227379322052,0.88516045,0.8841730356216431,0.0007807067013345659,0.8825973868370056,11.483955,11.582696437835693
1476,58.36460566520691,0.88516045,0.8848273158073425,0.0002555777318775654,0.8843435645103455,11.483955,11.517268419265747
1477,58.39974093437195,0.88516605,0.8850509524345398,7.671037747059017e-05,0.8848562240600586,11.483395,11.49490475654602
1478,58.44005870819092,0.88520855,0.8851119875907898,3.50058835465461e-05,0.8850584030151367,11.479145,11.48880124092102
1479,58.48033690452576,0.88520855,0.885143518447876,2.222325565526262e-05,0.885104775428772,11.479145,11.485648155212402
1480,58.517271280288696,0.8852178,0.885166347026825,1.424525362381246e-05,0.8851434588432312,11.478222,11.483365297317505
1481,58.56346082687378,0.88525236,0.8851765394210815,1.955365041794721e-05,0.8851604461669922,11.474764,11.482346057891846
1482,58.60703372955322,0.88525236,0.885191798210144,2.167533602914773e-05,0.8851660490036011,11.474764,11.480820178985596
1483,58.64326810836792,0.8852558,0.88521409034729,1.4843550161458552e-05,0.8851916193962097,11.474419,11.478590965270996
1484,58.68379735946655,0.8852558,0.8852277398109436,1.546172279631719e-05,0.8852085471153259,11.474419,11.47722601890564
1485,58.717159032821655,0.8853343,0.885242223739624,1.2609454643097706e-05,0.8852226734161377,11.466569,11.475777626037598
1486,58.7583909034729,0.8853402,0.8852535486221313,1.225272808369482e-05,0.8852459788322449,11.465979,11.474645137786865
1487,58.79859948158264,0.8853402,0.8852611184120178,2.111137109750416e-05,0.8852523565292358,11.465979,11.473888158798218
1488,58.8309907913208,0.88535464,0.8852725625038147,2.9753708076896146e-05,0.8852523565292358,11.464537,11.47274374961853
1489,58.87299203872681,0.8853589,0.885295569896698,3.547210508259013e-05,0.8852558135986328,11.4641075,11.4704430103302
1490,58.91350841522217,0.8853589,0.8853266835212708,2.797221350192558e-05,0.8852710723876953,11.4641075,11.467331647872925
1491,58.94830346107483,0.8853611,0.885345458984375,8.22880792838987e-06,0.8853368163108826,11.463892,11.4654541015625
1492,58.9899480342865,0.88536453,0.885351836681366,7.058760274958331e-06,0.8853402137756348,11.463547,11.464816331863403
1493,59.03205847740173,0.8853947,0.8853579759597778,3.5840180316881742e-06,0.8853546380996704,11.460531,11.464202404022217
1494,59.07232141494751,0.8853947,0.885360598564148,6.640470473939786e-06,0.8853579163551331,11.460531,11.463940143585205
1495,59.107224464416504,0.885398,0.8853639364242554,1.0986318557115737e-05,0.8853589296340942,11.460203,11.463606357574463
1496,59.14925217628479,0.88539857,0.8853716850280762,1.5386434824904427e-05,0.8853589296340942,11.460143,11.462831497192383
1497,59.18934106826782,0.88539857,0.8853856325149536,1.2288684956729412e-05,0.8853594660758972,11.460143,11.461436748504639
1498,59.22380208969116,0.88539857,0.8853954076766968,3.938265763281379e-06,0.8853834867477417,11.460143,11.460459232330322
1499,59.25788879394531,0.88539857,0.8853980302810669,4.3868476495845243e-07,0.8853969573974609,11.460143,11.46019697189331
1500,59.29166269302368,0.88539857,0.8853983283042908,2.9113991217855073e-07,0.8853979706764221,11.460143,11.460167169570923
1501,59.33234667778015,0.88544554,0.8853987455368042,2.8989352358621545e-06,0.8853985667228699,11.455446,11.46012544631958
1502,59.372941732406616,0.88544554,0.8853991031646729,4.838500444748206e-06,0.8853985667228699,11.455446,11.460089683532715
1503,59.40677332878113,0.88548195,0.88540118932724,1.0758428288681898e-05,0.8853985667228699,11.451805,11.459881067276001
1504,59.44713759422302,0.8854843,0.8854050636291504,1.657372558838688e-05,0.8853985667228699,11.451572,11.459493637084961
1505,59.48727512359619,0.88552624,0.8854138851165771,2.459221286699176e-05,0.8853985667228699,11.447376,11.458611488342285
1506,59.5285222530365,0.885532,0.885431170463562,2.98974755423842e-05,0.8853985667228699,11.446798,11.456882953643799
1507,59.571285009384155,0.8855329,0.8854585289955139,2.520831549190916e-05,0.8854405283927917,11.446709,11.454147100448608
1508,59.61149549484253,0.88553727,0.8854791522026062,3.0281364161055535e-05,0.8854455351829529,11.446274,11.45208477973938
1509,59.652925968170166,0.8855379,0.8855066299438477,1.9926863387809135e-05,0.8854819536209106,11.446208,11.449337005615234
1510,59.69405913352966,0.8855381,0.8855257034301758,1.1130940038128756e-05,0.8855019807815552,11.44619,11.447429656982422
1511,59.736492395401,0.8855381,0.88553386926651,2.5842907689366257e-06,0.8855312466621399,11.44619,11.446613073348999
1512,59.77029085159302,0.88557255,0.8855361938476562,3.582402996471501e-06,0.8855322599411011,11.442745,11.446380615234375
1513,59.81240129470825,0.88557255,0.8855392336845398,6.100573045841884e-06,0.8855372667312622,11.442745,11.44607663154602
1514,59.846336126327515,0.88562924,0.8855420351028442,1.1433774488978088e-05,0.8855379223823547,11.437077,11.445796489715576
1515,59.88684844970703,0.88562924,0.8855478167533875,1.6151010640896857e-05,0.8855381011962891,11.437077,11.445218324661255
1516,59.92254304885864,0.8856538,0.8855599761009216,2.0553738067974336e-05,0.8855381011962891,11.434621,11.444002389907837
1517,59.964040994644165,0.8856883,0.8855779767036438,1.9565190086723305e-05,0.8855665326118469,11.4311695,11.44220232963562
1518,60.00508427619934,0.8856883,0.8855878114700317,3.3103347959695384e-05,0.8855725526809692,11.4311695,11.441218852996826
1519,60.03963780403137,0.8857311,0.8856090903282166,4.602786066243425e-05,0.8855725526809692,11.426889,11.439090967178345
1520,60.080546617507935,0.8857311,0.8856469988822937,4.101013473700732e-05,0.8855725526809692,11.426889,11.43530011177063
1521,60.11328315734863,0.8857554,0.8856823444366455,1.4674568774353247e-05,0.8856634497642517,11.424458,11.43176555633545
1522,60.154542446136475,0.8857554,0.885692834854126,1.4266328435041942e-05,0.885688304901123,11.424458,11.430716514587402
1523,60.190879583358765,0.8857554,0.8856995105743408,2.1932943127467297e-05,0.885688304901123,11.424458,11.430048942565918
1524,60.224608421325684,0.8857554,0.8857145309448242,2.792445957311429e-05,0.885688304901123,11.424458,11.428546905517578
1525,60.25862455368042,0.8857563,0.8857424855232239,1.2973003322258592e-05,0.8856946229934692,11.424369,11.425751447677612
1526,60.29908204078674,0.88575685,0.8857529759407043,2.753535682131769e-06,0.8857492208480835,11.4243145,11.424702405929565
1527,60.33983135223389,0.88575685,0.8857554793357849,3.642432488959457e-07,0.8857547044754028,11.4243145,11.424452066421509
1528,60.37393260002136,0.88576245,0.8857557773590088,1.037168317452597e-06,0.8857554197311401,11.423755,11.424422264099121
1529,60.4154634475708,0.88576245,0.8857564926147461,2.115496499754954e-06,0.8857554197311401,11.423755,11.42435073852539
1530,60.44866156578064,0.88576245,0.8857578635215759,2.7373218927095877e-06,0.8857554197311401,11.423755,11.424213647842407
1531,60.4843966960907,0.88576293,0.8857598900794983,2.750092335190857e-06,0.8857568502426147,11.423707,11.424010992050171
1532,60.52564334869385,0.8857834,0.8857623934745789,1.3017433957429603e-06,0.8857619166374207,11.421662,11.423760652542114
1533,60.56815314292908,0.8857868,0.8857628107070923,3.0936612347431947e-06,0.8857624530792236,11.421323,11.423718929290771
1534,60.6093065738678,0.8857868,0.8857641220092773,6.056495294615161e-06,0.8857624530792236,11.421323,11.423587799072266
1535,60.64317750930786,0.8857868,0.8857671022415161,9.1706733655883e-06,0.8857624530792236,11.421323,11.423289775848389
1536,60.67691779136658,0.8857873,0.8857726454734802,1.125518792832736e-05,0.8857624530792236,11.421269,11.422735452651978
1537,60.71682620048523,0.8857873,0.8857822418212891,8.062569577305112e-06,0.8857636451721191,11.421269,11.421775817871094
1538,60.74974775314331,0.88579035,0.8857864141464233,6.367982905430836e-07,0.8857855796813965,11.420965,11.421358585357666
1539,60.79046106338501,0.88581145,0.8857871294021606,1.5765297121106414e-06,0.885786771774292,11.418856,11.421287059783936
1540,60.832677602767944,0.88581145,0.8857875466346741,2.7155099360243184e-06,0.885786771774292,11.418856,11.421245336532593
1541,60.86688041687012,0.88581145,0.8857887387275696,4.895422989648068e-06,0.885787308216095,11.418856,11.421126127243042
1542,60.89987850189209,0.8858163,0.8857911825180054,7.899824595369864e-06,0.885787308216095,11.418372,11.420881748199463
1543,60.94159722328186,0.8858163,0.8857957124710083,1.0035814739239868e-05,0.885787308216095,11.418372,11.42042875289917
1544,60.97552680969238,0.88583165,0.8858033418655396,1.0600373570923693e-05,0.8857910633087158,11.416835,11.419665813446045
1545,61.020429372787476,0.88583165,0.8858131170272827,2.8438955723686377e-06,0.885811448097229,11.416835,11.418688297271729
1546,61.0540771484375,0.88585633,0.8858153223991394,4.803734100278234e-06,0.885811984539032,11.414367,11.41846776008606
1547,61.09494686126709,0.88586074,0.885819673538208,9.388059879711363e-06,0.8858156800270081,11.413926,11.4180326461792
1548,61.1362886428833,0.88586533,0.8858252167701721,1.438382241758518e-05,0.885816216468811,11.413467,11.417478322982788
1549,61.17765665054321,0.88586533,0.8858356475830078,1.7029180526151322e-05,0.8858166337013245,11.413467,11.416435241699219
1550,61.21179151535034,0.88586533,0.8858518004417419,1.2044486538798083e-05,0.8858316540718079,11.413467,11.414819955825806
1551,61.24582004547119,0.88586557,0.8858619332313538,2.267623131047003e-06,0.8858563303947449,11.413443,11.413806676864624
1552,61.285279989242554,0.885867,0.885863721370697,1.987634732358856e-06,0.8858610391616821,11.4133,11.413627862930298
1553,61.32682800292969,0.8858698,0.8858654499053955,4.3241504954494303e-07,0.885865330696106,11.41302,11.41345500946045
1554,61.36805510520935,0.8858698,0.8858655691146851,7.366281238319061e-07,0.885865330696106,11.41302,11.413443088531494
1555,61.40101718902588,0.8858698,0.885866105556488,1.2924633665534202e-06,0.885865330696106,11.41302,11.413389444351196
1556,61.43383598327637,0.8858878,0.8858670592308044,2.071080643872847e-06,0.8858655691146851,11.41122,11.413294076919556
1557,61.474207401275635,0.8858878,0.8858687281608582,3.2181094411498634e-06,0.8858669996261597,11.41122,11.413127183914185
1558,61.50589156150818,0.8859174,0.8858712315559387,6.104412932472769e-06,0.8858669996261597,11.4082575,11.412876844406128
1559,61.546359062194824,0.8859268,0.8858746290206909,1.1312889000691939e-05,0.8858698010444641,11.407322,11.412537097930908
1560,61.585383892059326,0.8859268,0.8858814239501953,1.686237555986736e-05,0.8858698010444641,11.407322,11.411857604980469
1561,61.647748947143555,0.8858999,0.8826864957809448,0.002722635865211487,0.8756077289581299,11.410009,11.731350421905518
1562,61.695311069488525,0.885935,0.8849952816963196,0.0007498559425584972,0.8834928274154663,11.406499,11.500471830368042
1563,61.73738884925842,0.885935,0.8856272101402283,0.0002507073513697833,0.8850730657577515,11.406499,11.437278985977173
1564,61.77122139930725,0.885935,0.8858480453491211,6.135850708233193e-05,0.885694682598114,11.406499,11.41519546508789
1565,61.80587434768677,0.885935,0.8858960270881653,2.1504682081285864e-05,0.8858698010444641,11.406499,11.410397291183472
1566,61.84045624732971,0.885935,0.8859165906906128,1.344962129223859e-05,0.8858969211578369,11.406499,11.40834093093872
1567,61.874523639678955,0.885935,0.8859279751777649,5.8450991673453245e-06,0.8859179615974426,11.406499,11.40720248222351
1568,61.90607047080994,0.8859352,0.8859332799911499,2.339123284400557e-06,0.8859272599220276,11.406481,11.40667200088501
1569,61.94733262062073,0.88594496,0.8859349489212036,6.232288569663069e-07,0.8859350085258484,11.405504,11.406505107879639
1570,61.98889350891113,0.8859505,0.8859350085258484,1.295531660616689e-06,0.8859350085258484,11.404949,11.406499147415161
1571,62.03111267089844,0.8859505,0.8859354257583618,2.61482364294352e-06,0.8859350085258484,11.404949,11.406457424163818
1572,62.065715074539185,0.8859507,0.8859367966651917,4.758254817716079e-06,0.8859350085258484,11.404932,11.406320333480835
1573,62.10792827606201,0.8859507,0.8859391808509827,6.610809577978216e-06,0.8859350085258484,11.404932,11.406081914901733
1574,62.14153480529785,0.8859507,0.8859434127807617,7.3471296673233155e-06,0.8859351873397827,11.404932,11.405658721923828
1575,62.1749165058136,0.8859715,0.88595050573349,1.408746811648598e-06,0.8859479427337646,11.402851,11.404949426651001
1576,62.21481728553772,0.8859815,0.8859511017799377,2.9186849133111537e-06,0.88595050573349,11.40185,11.404889822006226
1577,62.25373339653015,0.885996,0.8859526515007019,7.144414666981902e-06,0.8859506845474243,11.400402,11.40473484992981
1578,62.29467821121216,0.885996,0.8859562277793884,1.1842703315778635e-05,0.8859506845474243,11.400402,11.404377222061157
1579,62.32975792884827,0.8859961,0.8859632611274719,1.588697159604635e-05,0.8859506845474243,11.40039,11.403673887252808
1580,62.371341943740845,0.8859961,0.8859759569168091,1.3814264093525708e-05,0.8859506845474243,11.40039,11.402404308319092
1581,62.40601396560669,0.88600415,0.8859869241714478,7.043607183732092e-06,0.8859815001487732,11.399585,11.401307582855225
1582,62.44617033004761,0.8860246,0.8859926462173462,7.041725439194124e-06,0.8859816789627075,11.397541,11.40073537826538
1583,62.487648725509644,0.8860247,0.8859976530075073,6.007988304190803e-06,0.8859959840774536,11.397529,11.400234699249268
1584,62.527594327926636,0.88604116,0.8860003352165222,9.378604772791732e-06,0.8859961032867432,11.395884,11.399966478347778
1585,62.572112798690796,0.88604116,0.8860058784484863,1.2355682883935515e-05,0.8859961032867432,11.395884,11.399412155151367
1586,62.606884241104126,0.8860467,0.8860172629356384,1.2025003343296703e-05,0.8859970569610596,11.395329,11.398273706436157
1587,62.64776921272278,0.88604766,0.8860292434692383,8.579642781114671e-06,0.8860188126564026,11.395234,11.397075653076172
1588,62.688446044921875,0.88604766,0.8860354423522949,9.251771189155988e-06,0.8860247135162354,11.395234,11.396455764770508
1589,62.72279763221741,0.88604766,0.8860439658164978,2.8322019716142677e-06,0.8860409259796143,11.395234,11.39560341835022
1590,62.75696039199829,0.88604766,0.8860466480255127,5.839922323502833e-07,0.886042058467865,11.395234,11.39533519744873
1591,62.7910258769989,0.88604766,0.8860470056533813,4.381036831091478e-07,0.8860467076301575,11.395234,11.395299434661865
1592,62.82508325576782,0.88604766,0.88604736328125,3.737424947303225e-07,0.8860467076301575,11.395234,11.395263671875
1593,62.88741993904114,0.88670886,0.882919430732727,0.002463448094204068,0.8768430352210999,11.329115,11.708056926727295
1594,62.93766522407532,0.88670886,0.8850607872009277,0.0007462289649993181,0.8836549520492554,11.329115,11.493921279907227
1595,62.98858380317688,0.88670886,0.8857300877571106,0.00038271601079031825,0.885172963142395,11.329115,11.42699122428894
1596,63.02852654457092,0.88670886,0.8860559463500977,0.0002602788445074111,0.8857437372207642,11.329115,11.394405364990234
1597,63.06328010559082,0.88673484,0.8862391710281372,0.0003069336526095867,0.8860205411911011,11.326515,11.37608289718628
1598,63.103689670562744,0.88673484,0.886454164981842,0.0003210419963579625,0.8860476613044739,11.326515,11.354583501815796
1599,63.13938498497009,0.88673484,0.8867097496986389,4.480252300709253e-06,0.8867088556289673,11.326515,11.329025030136108
1600,63.1746039390564,0.88673484,0.8867113590240479,7.360673862422118e-06,0.8867088556289673,11.326515,11.328864097595215
1601,63.207855463027954,0.88673484,0.886714518070221,1.028139467962319e-05,0.8867088556289673,11.326515,11.328548192977905
1602,63.24155521392822,0.88673663,0.8867200613021851,1.2083475667168386e-05,0.8867089152336121,11.326337,11.327993869781494
1603,63.281872034072876,0.8867421,0.8867300748825073,8.523225005774293e-06,0.8867117166519165,11.3257885,11.326992511749268
1604,63.322755336761475,0.8867421,0.8867353796958923,1.6433107248303713e-06,0.8867348432540894,11.3257885,11.326462030410767
1605,63.35611152648926,0.8867421,0.8867361545562744,2.5323729460069444e-06,0.8867348432540894,11.3257885,11.326384544372559
1606,63.38989233970642,0.8867421,0.886737585067749,3.2318364446837222e-06,0.8867348432540894,11.3257885,11.326241493225098
1607,63.42450952529907,0.88674337,0.8867403864860535,2.41925886257377e-06,0.8867348432540894,11.325664,11.325961351394653
1608,63.46521329879761,0.88674337,0.8867420554161072,1.8490247555291717e-07,0.886742115020752,11.325664,11.325794458389282
1609,63.49975657463074,0.8867434,0.886742115020752,3.198996978426294e-07,0.886742115020752,11.325657,11.325788497924805
1610,63.540825605392456,0.8867761,0.8867424726486206,2.2502720185002545e-06,0.886742115020752,11.3223915,11.32575273513794
1611,63.58157777786255,0.88677776,0.8867435455322266,5.202250576985534e-06,0.886742115020752,11.322224,11.325645446777344
1612,63.62351703643799,0.88685113,0.8867466449737549,1.2401527783367783e-05,0.886742115020752,11.314887,11.325335502624512
1613,63.66443419456482,0.88685113,0.8867541551589966,2.391040288785007e-05,0.8867433667182922,11.314887,11.324584484100342
1614,63.69781446456909,0.88685805,0.8867700099945068,3.57836797775235e-05,0.886743426322937,11.314196,11.322999000549316
1615,63.73990845680237,0.88685805,0.886796236038208,4.02311998186633e-05,0.8867489695549011,11.314196,11.3203763961792
1616,63.77388548851013,0.8868628,0.8868276476860046,3.410844146856107e-05,0.8867778182029724,11.313719,11.317235231399536
1617,63.81484365463257,0.8868628,0.8868536353111267,3.1306026357924566e-06,0.8868499398231506,11.313719,11.314636468887329
1618,63.84919309616089,0.8868713,0.8868564367294312,2.8610786557692336e-06,0.8868511319160461,11.312872,11.314356327056885
1619,63.89066982269287,0.8868716,0.8868588209152222,2.3668926587561145e-06,0.8868564963340759,11.312842,11.314117908477783
1620,63.93159079551697,0.88688815,0.8868602514266968,4.352006271801656e-06,0.8868580460548401,11.311186,11.313974857330322
1621,63.97820472717285,0.88689226,0.8868632912635803,7.297962383745471e-06,0.8868580460548401,11.310774,11.313670873641968
1622,64.01835060119629,0.88689226,0.8868683576583862,9.469098586123437e-06,0.8868628144264221,11.310774,11.313164234161377
1623,64.05240726470947,0.88689226,0.8868752121925354,1.1448170880612452e-05,0.8868631720542908,11.310774,11.31247878074646
1624,64.08602523803711,0.8869467,0.8868868947029114,6.873547590657836e-06,0.8868715763092041,11.305332,11.311310529708862
1625,64.12553429603577,0.8869578,0.8868919610977173,6.5483932303322945e-06,0.8868881464004517,11.304217,11.310803890228271
1626,64.16645550727844,0.8869581,0.8868947625160217,1.148245792137459e-05,0.8868922591209412,11.304188,11.310523748397827
1627,64.2072823047638,0.8869581,0.8869005441665649,1.9816712665488012e-05,0.8868922591209412,11.304188,11.309945583343506
1628,64.24192070960999,0.8869602,0.886910617351532,2.5883658963721246e-05,0.8868922591209412,11.303979,11.308938264846802
1629,64.2825677394867,0.88696027,0.8869293332099915,2.5139392164419405e-05,0.8868922591209412,11.303973,11.307066679000854
1630,64.3231213092804,0.8869675,0.8869509100914001,8.141038961184677e-06,0.8869377970695496,11.303252,11.304908990859985
1631,64.36273241043091,0.88718075,0.8869596719741821,1.3981298252474517e-05,0.8869514465332031,11.281925,11.304032802581787
1632,64.40326070785522,0.88718075,0.8869633674621582,2.371715527260676e-05,0.886958122253418,11.281925,11.30366325378418
1633,64.43753480911255,0.8871808,0.8869714140892029,3.96953837480396e-05,0.886958122253418,11.2819195,11.302858591079712
1634,64.47900462150574,0.887203,0.8869868516921997,6.158096948638558e-05,0.8869670629501343,11.279702,11.30131483078003
1635,64.51940488815308,0.8872031,0.8870129585266113,8.90979717951268e-05,0.8869674801826477,11.27969,11.298704147338867
1636,64.56047749519348,0.88722515,0.8870669603347778,0.00011049943714169785,0.8869674801826477,11.277485,11.293303966522217
1637,64.60128450393677,0.88724244,0.8871665000915527,7.188237941591069e-05,0.8869705200195312,11.275757,11.283349990844727
1638,64.64191484451294,0.88724244,0.8872043490409851,1.2248698112671264e-05,0.8871932029724121,11.275757,11.27956509590149
1639,64.67796492576599,0.88724244,0.8872131109237671,1.546167186461389e-05,0.8872029781341553,11.275757,11.278688907623291
1640,64.71172261238098,0.887244,0.8872250318527222,1.6603200492681935e-05,0.8872030973434448,11.275601,11.277496814727783
1641,64.75249695777893,0.88724524,0.887239933013916,3.668831141112605e-06,0.8872312903404236,11.275476,11.276006698608398
1642,64.79258823394775,0.8872515,0.8872424960136414,8.844600074553455e-07,0.8872424364089966,11.274851,11.275750398635864
1643,64.8318190574646,0.88725275,0.8872431516647339,2.297818809893215e-06,0.8872424364089966,11.274725,11.275684833526611
1644,64.87290525436401,0.8872543,0.8872441649436951,3.4241847970406525e-06,0.8872424364089966,11.27457,11.275583505630493
1645,64.91367316246033,0.8872618,0.8872463703155518,4.338766302680597e-06,0.8872424364089966,11.273819,11.275362968444824
1646,64.95679569244385,0.8872618,0.8872507810592651,3.691098527269787e-06,0.8872439861297607,11.273819,11.274921894073486
1647,64.99375176429749,0.8872618,0.8872531056404114,3.290691665824852e-06,0.8872514963150024,11.273819,11.274689435958862
1648,65.02728509902954,0.8872621,0.8872553706169128,4.397598786454182e-06,0.8872514963150024,11.273789,11.274462938308716
1649,65.06678199768066,0.8872693,0.8872592449188232,3.556811407179339e-06,0.88725346326828,11.273068,11.274075508117676
1650,65.10583567619324,0.8872693,0.8872619867324829,1.3582025530922692e-06,0.8872618079185486,11.273068,11.273801326751709
1651,65.1391384601593,0.8872693,0.8872627019882202,2.3344562123384094e-06,0.8872618079185486,11.273068,11.273729801177979
1652,65.17187261581421,0.8872693,0.88726407289505,3.200321771146264e-06,0.8872618079185486,11.273068,11.273592710494995
1653,65.2061173915863,0.88729036,0.8872668743133545,3.2316431770595955e-06,0.8872618079185486,11.270964,11.27331256866455
1654,65.24778413772583,0.88729036,0.8872694373130798,2.9712164177908562e-06,0.8872673511505127,11.270964,11.273056268692017
1655,65.28102421760559,0.88730437,0.887270987033844,5.8383861869515385e-06,0.8872693181037903,11.269564,11.2729012966156
1656,65.3209376335144,0.88738924,0.8872742056846619,1.1926156730623916e-05,0.8872693181037903,11.261076,11.272579431533813
1657,65.35986828804016,0.8874202,0.8872820734977722,2.433505142107606e-05,0.8872693181037903,11.257982,11.271792650222778
1658,65.40144681930542,0.8874421,0.8873012065887451,3.9532838854938745e-05,0.8872693181037903,11.255789,11.269879341125488
1659,65.4439332485199,0.8874437,0.8873273730278015,5.481109474203549e-05,0.887290358543396,11.255628,11.267262697219849
1660,65.48417806625366,0.8874437,0.8873720169067383,6.078516162233427e-05,0.8872923254966736,11.255628,11.262798309326172
1661,65.51715683937073,0.8876368,0.8874291181564331,1.944855466717854e-05,0.8873941898345947,11.236322,11.25708818435669
1662,65.5596399307251,0.8876511,0.887444794178009,2.4695065803825855e-05,0.8874282836914062,11.234892,11.255520582199097
1663,65.60077738761902,0.8876876,0.887458086013794,5.160550426808186e-05,0.8874437212944031,11.231237,11.254191398620605
1664,65.641606092453,0.8876895,0.8874849677085876,8.512484055245295e-05,0.8874437212944031,11.231052,11.251503229141235
1665,65.68279266357422,0.8877107,0.8875350952148438,0.00011016444477718323,0.8874437212944031,11.228931,11.246490478515625
1666,65.72387933731079,0.8877107,0.8876222372055054,9.231230797013268e-05,0.8874437212944031,11.228931,11.237776279449463
1667,65.75947976112366,0.8877107,0.8876863121986389,1.0786471648316365e-05,0.887656569480896,11.228931,11.231368780136108
1668,65.7931559085846,0.8877107,0.8876934051513672,8.1529005910852e-06,0.887689471244812,11.228931,11.230659484863281
1669,65.8273708820343,0.8877107,0.8876978158950806,1.0279504749632906e-05,0.887689471244812,11.228931,11.230218410491943
1670,65.86089134216309,0.8877107,0.8877065181732178,8.262858500529546e-06,0.887689471244812,11.228931,11.229348182678223
1671,65.89495635032654,0.88772506,0.8877106308937073,8.939708777688793e-07,0.887710690498352,11.227494,11.228936910629272
1672,65.93518924713135,0.88772506,0.8877108693122864,1.96955897990847e-06,0.887710690498352,11.227494,11.228913068771362
1673,65.96837902069092,0.88772506,0.8877114653587341,3.340615421620896e-06,0.887710690498352,11.227494,11.228853464126587
1674,66.00235104560852,0.88772506,0.8877127170562744,5.0627604650799185e-06,0.887710690498352,11.227494,11.228728294372559
1675,66.03642153739929,0.88772506,0.8877153992652893,6.758670224371599e-06,0.887710690498352,11.227494,11.22846007347107
1676,66.07023596763611,0.88772506,0.8877206444740295,6.605406269954983e-06,0.887710690498352,11.227494,11.227935552597046
1677,66.10308289527893,0.88772506,0.8877249360084534,1.1920928955078125e-07,0.8877250552177429,11.227494,11.227506399154663
1678,66.13784527778625,0.88772506,0.8877249360084534,1.1920928955078125e-07,0.8877250552177429,11.227494,11.227506399154663
1679,66.17156791687012,0.8877797,0.8877251744270325,3.3747021461749682e-06,0.8877250552177429,11.222029,11.227482557296753
1680,66.21307754516602,0.8877797,0.8877256512641907,5.835991942149121e-06,0.8877250552177429,11.222029,11.227434873580933
1681,66.24631476402283,0.88779426,0.8877277374267578,1.127195810113335e-05,0.8877250552177429,11.220574,11.227226257324219
1682,66.28813624382019,0.88779426,0.8877323269844055,1.8078797438647598e-05,0.8877250552177429,11.220574,11.226767301559448
1683,66.32164120674133,0.88779426,0.8877410292625427,2.3754517314955592e-05,0.8877250552177429,11.220574,11.225897073745728
1684,66.35444188117981,0.88779426,0.887759268283844,2.3607473849551752e-05,0.8877250552177429,11.220574,11.2240731716156
1685,66.38732838630676,0.88781196,0.8877792358398438,1.4594885215046816e-05,0.8877545595169067,11.218804,11.222076416015625
1686,66.4275336265564,0.88781196,0.887792706489563,4.076296136190649e-06,0.887785792350769,11.218804,11.220729351043701
1687,66.46114325523376,0.8878445,0.887795627117157,5.017458533984609e-06,0.8877942562103271,11.215549,11.220437288284302
1688,66.50093674659729,0.8878445,0.8877979516983032,8.809288374322932e-06,0.8877942562103271,11.215549,11.220204830169678
1689,66.53555202484131,0.8878626,0.8878037333488464,1.4458328223554417e-05,0.8877942562103271,11.2137375,11.219626665115356
1690,66.5758798122406,0.88786304,0.8878135085105896,1.694593083811924e-05,0.8877942562103271,11.213696,11.21864914894104
1691,66.61574625968933,0.88787097,0.8878298401832581,1.3090489119349513e-05,0.8878099322319031,11.212903,11.217015981674194
1692,66.65696978569031,0.8878949,0.8878414034843445,1.2691657502728049e-05,0.8878262042999268,11.210507,11.215859651565552
1693,66.69645977020264,0.8879034,0.8878529071807861,1.5478663044632412e-05,0.8878359794616699,11.209661,11.214709281921387
1694,66.73659920692444,0.8879229,0.8878664970397949,1.8541426470619626e-05,0.8878448605537415,11.207712,11.213350296020508
1695,66.77650713920593,0.88792425,0.8878850936889648,1.803983650461305e-05,0.8878626227378845,11.207575,11.211490631103516
1696,66.81753945350647,0.8879734,0.8879032731056213,1.1855283446493559e-05,0.8878886699676514,11.202658,11.209672689437866
1697,66.85881114006042,0.8879734,0.8879138827323914,1.0916803148575127e-05,0.8879028558731079,11.202658,11.208611726760864
1698,66.89333581924438,0.8880006,0.8879250288009644,1.3754617611994036e-05,0.8879126906394958,11.19994,11.207497119903564
1699,66.93330645561218,0.8880548,0.8879339694976807,2.2475291189039126e-05,0.8879224061965942,11.194521,11.206603050231934
1700,66.97446322441101,0.88805616,0.8879491686820984,3.3421812986489385e-05,0.8879242539405823,11.194384,11.205083131790161
1701,67.0145115852356,0.88805616,0.8879731893539429,3.9121041481848806e-05,0.8879321813583374,11.194384,11.202681064605713
1702,67.04828810691833,0.88806874,0.8880106806755066,2.4500661311321892e-05,0.887965977191925,11.193127,11.19893193244934
1703,67.08854269981384,0.88808495,0.8880314826965332,1.6497755495947786e-05,0.8880084753036499,11.191505,11.19685173034668
1704,67.12863421440125,0.8880925,0.8880456686019897,1.3255395060696173e-05,0.888027012348175,11.190748,11.195433139801025
1705,67.16873979568481,0.88809484,0.8880584239959717,1.0008357094193343e-05,0.888046383857727,11.1905155,11.194157600402832
1706,67.20772957801819,0.8881147,0.8880656957626343,1.368434004689334e-05,0.8880552053451538,11.188531,11.193430423736572
1707,67.24835562705994,0.8881349,0.8880780935287476,1.4961708075134084e-05,0.8880561590194702,11.18651,11.192190647125244
1708,67.28927612304688,0.8881353,0.8880939483642578,1.222638093167916e-05,0.8880783319473267,11.186468,11.190605163574219
1709,67.33081340789795,0.8881353,0.8881019353866577,1.4875345186737832e-05,0.8880925178527832,11.186468,11.189806461334229
1710,67.36356401443481,0.8881377,0.8881123065948486,1.790982423699461e-05,0.8880948424339294,11.18623,11.188769340515137
1711,67.4044873714447,0.8881377,0.8881295323371887,7.887671017670073e-06,0.8881073594093323,11.18623,11.187046766281128
1712,67.43796467781067,0.8881377,0.8881345987319946,1.0567499657554436e-06,0.8881330490112305,11.18623,11.186540126800537
1713,67.4712336063385,0.8881799,0.8881359100341797,3.638849875642336e-06,0.8881348967552185,11.182011,11.186408996582031
1714,67.51177906990051,0.8882142,0.8881380558013916,1.0328843018214684e-05,0.8881353139877319,11.178583,11.18619441986084
1715,67.55318760871887,0.8882142,0.8881435394287109,1.8535603885538876e-05,0.8881353139877319,11.178583,11.185646057128906
1716,67.58761072158813,0.8882142,0.8881534934043884,2.680007673916407e-05,0.888137698173523,11.178583,11.184650659561157
1717,67.62181663513184,0.88823354,0.8881706595420837,3.180036583216861e-05,0.8881394863128662,11.176645,11.182934045791626
1718,67.66255211830139,0.8882546,0.8882021307945251,2.0748622773680836e-05,0.888157844543457,11.174541,11.179786920547485
1719,67.70509266853333,0.88827395,0.8882230520248413,1.732286182232201e-05,0.8882107734680176,11.172605,11.17769479751587
1720,67.74464702606201,0.888277,0.8882362246513367,1.9785262338700704e-05,0.8882141709327698,11.1723,11.176377534866333
1721,67.78683924674988,0.88827735,0.8882550001144409,9.33690807869425e-06,0.8882335424423218,11.172265,11.174499988555908
1722,67.82665467262268,0.888309,0.8882616758346558,1.0042637768492568e-05,0.8882542252540588,11.1691,11.173832416534424
1723,67.86820483207703,0.8883094,0.8882696628570557,1.0923179615929257e-05,0.8882557153701782,11.169058,11.173033714294434
1724,67.90870141983032,0.88831455,0.8882793188095093,8.690230970387347e-06,0.8882739543914795,11.168546,11.172068119049072
1725,67.94948506355286,0.88834083,0.8882849216461182,1.4260568605095614e-05,0.888276994228363,11.165916,11.171507835388184
1726,67.99370050430298,0.88834083,0.8882949352264404,1.9446499209152535e-05,0.8882785439491272,11.165916,11.170506477355957
1727,68.0331540107727,0.888352,0.8883110284805298,1.8643142539076507e-05,0.8882803916931152,11.164803,11.168897151947021
1728,68.07866978645325,0.8883901,0.8883265256881714,1.1497173545649275e-05,0.8883094191551208,11.160988,11.167347431182861
1729,68.11844658851624,0.8883901,0.8883369565010071,7.799318154866342e-06,0.8883317708969116,11.160988,11.166304349899292
1730,68.15222215652466,0.88847107,0.8883439898490906,1.666795833443757e-05,0.8883349895477295,11.152893,11.165601015090942
1731,68.19210052490234,0.88847107,0.8883539438247681,2.488543941581156e-05,0.8883403539657593,11.152893,11.164605617523193
1732,68.22583174705505,0.88849455,0.8883711099624634,3.4812652302207425e-05,0.8883408308029175,11.150545,11.162889003753662
1733,68.26800537109375,0.88854295,0.8884027600288391,3.30787333950866e-05,0.8883519768714905,11.145705,11.159723997116089
1734,68.30850529670715,0.88854295,0.8884279727935791,4.140319288126193e-05,0.8883957266807556,11.145705,11.15720272064209
1735,68.34257626533508,0.8885572,0.8884621858596802,4.647694731829688e-05,0.8884064555168152,11.14428,11.153781414031982
1736,68.38331055641174,0.8885572,0.8885044455528259,2.3448203137377277e-05,0.8884710669517517,11.14428,11.149555444717407
1737,68.4165050983429,0.8885679,0.888526976108551,1.4409301911655348e-05,0.8885093927383423,11.143208,11.147302389144897
1738,68.45738339424133,0.88857424,0.8885394334793091,1.1450323654571548e-05,0.8885222673416138,11.142576,11.146056652069092
1739,68.49902653694153,0.88857424,0.8885504007339478,8.71160864335252e-06,0.8885415196418762,11.142576,11.144959926605225
1740,68.532705783844,0.88858014,0.8885584473609924,8.73244152899133e-06,0.8885480165481567,11.141986,11.144155263900757
1741,68.57609033584595,0.88858193,0.8885660171508789,6.273677172430325e-06,0.8885571956634521,11.141807,11.14339828491211
1742,68.61811852455139,0.8886178,0.8885713815689087,5.567831522057531e-06,0.8885679244995117,11.138219,11.14286184310913
1743,68.65842628479004,0.8886178,0.8885751366615295,6.681867489533033e-06,0.8885679244995117,11.138219,11.142486333847046
1744,68.69171738624573,0.8886295,0.8885794878005981,1.1050090506614652e-05,0.8885742425918579,11.137051,11.142051219940186
1745,68.73274350166321,0.8886372,0.8885864615440369,1.548644831927959e-05,0.8885742425918579,11.136282,11.141353845596313
1746,68.77331209182739,0.88864064,0.8885992765426636,1.848197825893294e-05,0.8885801434516907,11.135936,11.140072345733643
1747,68.81449675559998,0.88864064,0.8886165618896484,1.3977663911646232e-05,0.8885853290557861,11.135936,11.138343811035156
1748,68.84805560112,0.88864064,0.888628363609314,6.9476914177357685e-06,0.8886178731918335,11.135936,11.137163639068604
1749,68.8819830417633,0.8886641,0.8886346817016602,4.664977041102247e-06,0.8886289596557617,11.133587,11.136531829833984
1750,68.92374658584595,0.8886641,0.8886388540267944,3.4482511637179414e-06,0.888633668422699,11.133587,11.136114597320557
1751,68.95806694030762,0.8886935,0.8886421322822571,7.350173291342799e-06,0.8886406421661377,11.130649,11.135786771774292
1752,68.99830770492554,0.8886935,0.8886450529098511,1.2449294445104897e-05,0.8886406421661377,11.130649,11.135494709014893
1753,69.03197932243347,0.88869774,0.8886519074440002,1.8444041415932588e-05,0.8886406421661377,11.130226,11.134809255599976
1754,69.07244443893433,0.88870054,0.8886638283729553,2.1307972929207608e-05,0.8886406421661377,11.129946,11.133617162704468
1755,69.113107919693,0.88870054,0.8886837363243103,1.0761381417978555e-05,0.8886641263961792,11.129946,11.13162636756897
1756,69.14750790596008,0.88870454,0.8886924982070923,4.099526449863333e-06,0.888687014579773,11.129546,11.130750179290771
1757,69.18810391426086,0.88870454,0.8886961340904236,3.256708168919431e-06,0.8886911869049072,11.129546,11.130386590957642
1758,69.22106504440308,0.88870454,0.8886992335319519,2.2620999970968114e-06,0.8886957168579102,11.129546,11.13007664680481
1759,69.25380992889404,0.88870454,0.8887013792991638,1.638276330595545e-06,0.8887003064155579,11.129546,11.129862070083618
1760,69.28782033920288,0.88870454,0.888702392578125,1.9932522263843566e-06,0.888700544834137,11.129546,11.1297607421875
1761,69.32155442237854,0.8887084,0.8887042999267578,7.999095714694704e-07,0.888700544834137,11.129159,11.129570007324219
1762,69.35968852043152,0.8887084,0.8887045979499817,1.0024817811427056e-06,0.8887045383453369,11.129159,11.129540205001831
1763,69.39180994033813,0.8887084,0.8887050151824951,1.4524691778206034e-06,0.8887045383453369,11.129159,11.129498481750488
1764,69.425537109375,0.8887084,0.8887057900428772,1.8534701666794717e-06,0.8887045383453369,11.129159,11.12942099571228
1765,69.45859289169312,0.8887084,0.8887071013450623,1.7948924551092205e-06,0.8887045383453369,11.129159,11.129289865493774
1766,69.49159121513367,0.8887084,0.8887084126472473,0.0,0.8887084126472473,11.129159,11.129158735275269
1767,69.52447366714478,0.8887084,0.8887084126472473,0.0,0.8887084126472473,11.129159,11.129158735275269
1768,69.55791974067688,0.8887084,0.8887084126472473,0.0,0.8887084126472473,11.129159,11.129158735275269
1769,69.59283113479614,0.8887084,0.8887084126472473,0.0,0.8887084126472473,11.129159,11.129158735275269
1770,69.62724137306213,0.8887084,0.8887084126472473,0.0,0.8887084126472473,11.129159,11.129158735275269
1771,69.66103482246399,0.8887084,0.8887084126472473,0.0,0.8887084126472473,11.129159,11.129158735275269
1772,69.69443893432617,0.8887084,0.8887084126472473,0.0,0.8887084126472473,11.129159,11.129158735275269
1773,69.72694540023804,0.8887084,0.8887084126472473,0.0,0.8887084126472473,11.129159,11.129158735275269
1774,69.75982427597046,0.88871485,0.8887084126472473,3.9807784446566075e-07,0.8887084126472473,11.128515,11.129158735275269
1775,69.80100345611572,0.88871485,0.8887085914611816,1.0390431270934641e-06,0.8887084126472473,11.128515,11.129140853881836
1776,69.83448529243469,0.88876325,0.8887092471122742,3.844479579129256e-06,0.8887084126472473,11.123675,11.129075288772583
1777,69.87451004981995,0.88876325,0.8887102603912354,5.361291187000461e-06,0.8887084126472473,11.123675,11.128973960876465
1778,69.90970492362976,0.88876784,0.8887138366699219,1.1367618753865827e-05,0.8887084126472473,11.123217,11.128616333007812
1779,69.94988989830017,0.8887709,0.8887204527854919,1.6112138837343082e-05,0.8887084126472473,11.122912,11.127954721450806
1780,69.9909393787384,0.8887709,0.8887284994125366,2.259257780679036e-05,0.8887148499488831,11.122912,11.127150058746338
1781,70.0263819694519,0.8887709,0.888742208480835,2.6018122298410162e-05,0.8887148499488831,11.122912,11.125779151916504
1782,70.0599684715271,0.8888257,0.8887693285942078,1.0778304385894444e-05,0.8887632489204407,11.117429,11.123067140579224
1783,70.10187458992004,0.8888257,0.8887792229652405,2.002598557737656e-05,0.8887696862220764,11.117429,11.122077703475952
1784,70.13531637191772,0.8888257,0.8887932896614075,2.6356963644502684e-05,0.8887708783149719,11.117429,11.120671033859253
1785,70.16876602172852,0.88884056,0.8888163566589355,1.936536318680737e-05,0.8887708783149719,11.115944,11.118364334106445
1786,70.2124834060669,0.8888506,0.8888262510299683,3.007151690326282e-06,0.8888257145881653,11.114937,11.117374897003174
1787,70.25220084190369,0.8888506,0.8888272047042847,4.6602781367255375e-06,0.8888257145881653,11.114937,11.117279529571533
1788,70.28605628013611,0.8888506,0.8888291716575623,6.726782430632738e-06,0.8888257145881653,11.114937,11.117082834243774
1789,70.31899881362915,0.8888656,0.8888329863548279,8.735579285712447e-06,0.8888257145881653,11.113441,11.116701364517212
1790,70.35887622833252,0.8888656,0.8888410329818726,7.673995241930243e-06,0.8888257145881653,11.113441,11.115896701812744
1791,70.39215397834778,0.8888656,0.8888459205627441,7.816571269358974e-06,0.8888405561447144,11.113441,11.115407943725586
1792,70.42650699615479,0.8888656,0.8888522982597351,8.01849273557309e-06,0.8888405561447144,11.113441,11.11477017402649
1793,70.46197581291199,0.8888656,0.8888587951660156,6.649812348769046e-06,0.888849139213562,11.113441,11.114120483398438
1794,70.49563837051392,0.8888656,0.8888646960258484,1.2048882354065427e-06,0.888861894607544,11.113441,11.113530397415161
1795,70.53034377098083,0.8888656,0.8888654708862305,1.1920928955078125e-07,0.88886559009552,11.113441,11.113452911376953
1796,70.56464290618896,0.8888656,0.8888654708862305,1.1920928955078125e-07,0.88886559009552,11.113441,11.113452911376953
1797,70.59740400314331,0.8888656,0.8888654708862305,1.1920928955078125e-07,0.88886559009552,11.113441,11.113452911376953
1798,70.63100504875183,0.8888656,0.8888654708862305,1.1920928955078125e-07,0.88886559009552,11.113441,11.113452911376953
1799,70.6636278629303,0.8888656,0.8888654708862305,1.1920928955078125e-07,0.88886559009552,11.113441,11.113452911376953
1800,70.69653725624084,0.8888656,0.8888654708862305,1.1920928955078125e-07,0.88886559009552,11.113441,11.113452911376953
1801,70.73158860206604,0.8888656,0.8888654708862305,1.1920928955078125e-07,0.88886559009552,11.113441,11.113452911376953
1802,70.76404571533203,0.8889047,0.8888656497001648,2.4150012905010954e-06,0.88886559009552,11.109531,11.11343502998352
1803,70.80320620536804,0.8889047,0.8888658285140991,3.406941914363415e-06,0.88886559009552,11.109531,11.113417148590088
1804,70.83721590042114,0.8889054,0.8888665437698364,6.361647592711961e-06,0.88886559009552,11.109459,11.113345623016357
1805,70.87776851654053,0.8889054,0.8888689875602722,1.1160653230035678e-05,0.88886559009552,11.109459,11.113101243972778
1806,70.90972566604614,0.8889054,0.888873815536499,1.5916742995614186e-05,0.88886559009552,11.109459,11.112618446350098
1807,70.94358038902283,0.8889054,0.8888824582099915,1.9141238226438873e-05,0.88886559009552,11.109459,11.111754179000854
1808,70.97838878631592,0.8889054,0.8888998031616211,1.2063099347869866e-05,0.8888692259788513,11.109459,11.11001968383789
1809,71.01245069503784,0.8889054,0.8889055252075195,1.1920928955078125e-07,0.88890540599823,11.109459,11.109447479248047
1810,71.0478720664978,0.8889054,0.8889055252075195,1.1920928955078125e-07,0.88890540599823,11.109459,11.109447479248047
1811,71.08145689964294,0.8889054,0.8889055252075195,1.1920928955078125e-07,0.88890540599823,11.109459,11.109447479248047
1812,71.11458253860474,0.8889054,0.8889055252075195,1.1920928955078125e-07,0.88890540599823,11.109459,11.109447479248047
1813,71.1487889289856,0.8889054,0.8889055252075195,1.1920928955078125e-07,0.88890540599823,11.109459,11.109447479248047
1814,71.18138861656189,0.88892496,0.8889055848121643,1.211141238854907e-06,0.88890540599823,11.107504,11.10944151878357
1815,71.22160911560059,0.88893336,0.8889057636260986,2.419908923911862e-06,0.88890540599823,11.106664,11.109423637390137
1816,71.26278305053711,0.88894606,0.8889065980911255,5.183709617995191e-06,0.88890540599823,11.105394,11.109340190887451
1817,71.3036596775055,0.88899076,0.8889092803001404,1.0944641871901695e-05,0.88890540599823,11.100924,11.109071969985962
1818,71.34393501281738,0.8890314,0.8889158368110657,1.9327368136146106e-05,0.88890540599823,11.096859,11.108416318893433
1819,71.38465929031372,0.8890314,0.8889291882514954,2.7005835363524966e-05,0.88890540599823,11.096859,11.107081174850464
1820,71.4182550907135,0.8890314,0.8889508843421936,2.8059357646270655e-05,0.8889249563217163,11.096859,11.10491156578064
1821,71.45245623588562,0.88903177,0.8889747262001038,3.204779204679653e-05,0.8889460563659668,11.096823,11.102527379989624
1822,71.49297165870667,0.88907075,0.8890073895454407,2.173706525354646e-05,0.8889699578285217,11.092925,11.099261045455933
1823,71.53474068641663,0.88907075,0.8890281319618225,1.723015338939149e-05,0.8889910578727722,11.092925,11.097186803817749
1824,71.57159113883972,0.88907087,0.8890383243560791,1.490488193667261e-05,0.8890314102172852,11.092913,11.09616756439209
1825,71.61327052116394,0.88907117,0.8890469074249268,1.9023114873562008e-05,0.8890314102172852,11.092883,11.095309257507324
1826,71.65526676177979,0.88907117,0.8890623450279236,1.5840774722164497e-05,0.8890317678451538,11.092883,11.093765497207642
1827,71.68968296051025,0.88907117,0.8890706300735474,2.391866189555003e-07,0.8890707492828369,11.092883,11.092936992645264
1828,71.72352361679077,0.88907117,0.8890708088874817,2.172653239540523e-07,0.8890707492828369,11.092883,11.092919111251831
1829,71.75872945785522,0.889089,0.8890712261199951,1.1151738590342575e-06,0.8890708684921265,11.091101,11.092877388000488
1830,71.80036306381226,0.88913417,0.889072060585022,6.855861101939809e-06,0.8890711665153503,11.086583,11.092793941497803
1831,71.84057402610779,0.88913417,0.8890742063522339,1.2780178622051608e-05,0.8890711665153503,11.086583,11.092579364776611
1832,71.87380480766296,0.8891342,0.8890786170959473,1.965700721484609e-05,0.8890711665153503,11.086577,11.092138290405273
1833,71.91473865509033,0.8891342,0.8890873193740845,2.6767043891595677e-05,0.8890711665153503,11.086577,11.091268062591553
1834,71.94963455200195,0.8891342,0.8891057372093201,3.0296267141238786e-05,0.8890711665153503,11.086577,11.089426279067993
1835,71.984384059906,0.8891441,0.8891342878341675,6.331985105134663e-07,0.8891339302062988,11.0855875,11.086571216583252
1836,72.026123046875,0.8891441,0.8891344666481018,1.2230294714754564e-06,0.8891341686248779,11.0855875,11.08655333518982
1837,72.0598497390747,0.8891441,0.8891348838806152,2.3024422262096778e-06,0.8891342282295227,11.0855875,11.086511611938477
1838,72.09325933456421,0.8891441,0.8891357183456421,3.43062924912374e-06,0.8891342282295227,11.0855875,11.086428165435791
1839,72.12650322914124,0.88914466,0.8891373872756958,4.586559498420684e-06,0.8891342282295227,11.085534,11.08626127243042
1840,72.16748976707458,0.88914466,0.8891405463218689,4.756088856083807e-06,0.8891342282295227,11.085534,11.08594536781311
1841,72.20069432258606,0.88914466,0.8891440629959106,1.6253549972589099e-07,0.8891441226005554,11.085534,11.085593700408936
1842,72.23414874076843,0.88915455,0.8891448974609375,2.6644054287316976e-06,0.8891441226005554,11.084545,11.08551025390625
1843,72.2742931842804,0.88915455,0.8891465067863464,4.304121830500662e-06,0.8891441226005554,11.084545,11.085349321365356
1844,72.30802941322327,0.8892621,0.8891497254371643,8.61093940329738e-06,0.8891441226005554,11.0737915,11.08502745628357
1845,72.34814453125,0.8892717,0.8891556262969971,1.1879473277076613e-05,0.8891446590423584,11.072832,11.084437370300293
1846,72.39377450942993,0.8893001,0.8891584277153015,2.069694164674729e-05,0.8891545534133911,11.069989,11.084157228469849
1847,72.4362576007843,0.88930035,0.8891656994819641,3.5947581636719406e-05,0.8891545534133911,11.069965,11.083430051803589
1848,72.47746515274048,0.8893048,0.8891825675964355,5.4078951507108286e-05,0.8891545534133911,11.069518,11.081743240356445
1849,72.51792049407959,0.8893048,0.889215350151062,6.74584589432925e-05,0.8891545534133911,11.069518,11.078464984893799
1850,72.55262327194214,0.8893048,0.8892772197723389,4.1640982090029866e-05,0.8891593217849731,11.069518,11.072278022766113
1851,72.58654642105103,0.8893048,0.8893017172813416,2.2294964310276555e-06,0.8893000483512878,11.069518,11.069828271865845
1852,72.6238625049591,0.8893048,0.88930344581604,2.1244795789243653e-06,0.8893001079559326,11.069518,11.069655418395996
1853,72.65631008148193,0.8893048,0.8893048763275146,5.960464477539063e-08,0.8893048167228699,11.069518,11.069512367248535
1854,72.68798542022705,0.8893048,0.8893048763275146,5.960464477539063e-08,0.8893048167228699,11.069518,11.069512367248535
1855,72.72311067581177,0.8893048,0.8893048763275146,5.960464477539063e-08,0.8893048167228699,11.069518,11.069512367248535
1856,72.75665855407715,0.88931453,0.8893049359321594,6.052410412848985e-07,0.8893048167228699,11.068546,11.069506406784058
1857,72.79619336128235,0.88931453,0.8893049955368042,8.528353419023915e-07,0.8893048167228699,11.068546,11.06950044631958
1858,72.8309998512268,0.8893205,0.8893051743507385,1.7147070821010857e-06,0.8893048167228699,11.067951,11.069482564926147
1859,72.87285709381104,0.8893205,0.889305830001831,2.9324282877496444e-06,0.8893048167228699,11.067951,11.069416999816895
1860,72.90806937217712,0.8893205,0.8893069624900818,4.566596544464119e-06,0.8893048167228699,11.067951,11.069303750991821
1861,72.95427632331848,0.8893205,0.8893098831176758,6.131034297141014e-06,0.8893048167228699,11.067951,11.069011688232422
1862,72.9959168434143,0.8893205,0.8893151879310608,4.944602551404387e-06,0.8893054723739624,11.067951,11.068481206893921
1863,73.03409743309021,0.88935876,0.889319121837616,3.3414989957236685e-06,0.8893145322799683,11.064124,11.068087816238403
1864,73.0754029750824,0.88935876,0.8893207907676697,3.827726231975248e-06,0.8893198370933533,11.064124,11.067920923233032
1865,73.11021399497986,0.8893682,0.8893222808837891,8.037393854465336e-06,0.8893204927444458,11.063183,11.067771911621094
1866,73.15231990814209,0.88937396,0.8893255591392517,1.3345964362088125e-05,0.8893204927444458,11.062604,11.067444086074829
1867,73.19138503074646,0.88939846,0.8893320560455322,1.9286128008388914e-05,0.8893204927444458,11.060154,11.066794395446777
1868,73.23116517066956,0.8894044,0.8893447518348694,2.2882770281285048e-05,0.8893204927444458,11.059559,11.065524816513062
1869,73.27222537994385,0.88940525,0.8893671631813049,1.3414334716799203e-05,0.8893415927886963,11.059475,11.063283681869507
1870,73.31346917152405,0.88940525,0.889378011226654,1.3243700777820777e-05,0.8893672227859497,11.059475,11.062198877334595
1871,73.34704923629761,0.8894072,0.8893877267837524,1.233775674336357e-05,0.889369010925293,11.0592785,11.061227321624756
1872,73.38617873191833,0.88941085,0.8893994092941284,5.962629984423984e-06,0.889386773109436,11.058914,11.060059070587158
1873,73.4274537563324,0.88941085,0.8894045352935791,1.923123136293725e-06,0.8894010782241821,11.058914,11.05954647064209
1874,73.46351146697998,0.8894253,0.889406144618988,2.7997107281407807e-06,0.8894044160842896,11.057472,11.059385538101196
1875,73.50391721725464,0.88946486,0.8894088268280029,5.722772129956866e-06,0.8894052505493164,11.0535145,11.059117317199707
1876,73.54428696632385,0.8895408,0.8894131779670715,1.4485292922472581e-05,0.889407217502594,11.045921,11.058682203292847
1877,73.58785057067871,0.88954383,0.8894227147102356,2.6619989512255415e-05,0.889407217502594,11.045617,11.05772852897644
1878,73.63078308105469,0.88956314,0.8894412517547607,3.982107955380343e-05,0.8894119262695312,11.043686,11.055874824523926
1879,73.67361879348755,0.88956314,0.8894692659378052,4.840647670789622e-05,0.8894238471984863,11.043686,11.053073406219482
1880,73.7074806690216,0.8895737,0.8895139098167419,3.664716496132314e-05,0.8894511461257935,11.042631,11.048609018325806
1881,73.74807929992676,0.8895953,0.8895460963249207,1.2869067177234683e-05,0.889524519443512,11.040467,11.045390367507935
1882,73.78837990760803,0.8895953,0.8895568251609802,1.1394873581593856e-05,0.8895438313484192,11.040467,11.044317483901978
1883,73.82343649864197,0.8895953,0.8895671963691711,1.0124565051228274e-05,0.889556884765625,11.040467,11.043280363082886
1884,73.85828614234924,0.88959587,0.8895758986473083,1.1401902156649157e-05,0.8895631432533264,11.040413,11.042410135269165
1885,73.89800834655762,0.8895978,0.8895866274833679,8.209372936107684e-06,0.8895715475082397,11.040222,11.041337251663208
1886,73.93915343284607,0.8896701,0.8895935416221619,5.501506620930741e-06,0.8895888328552246,11.032992,11.040645837783813
1887,73.9812068939209,0.8896701,0.8895964622497559,6.5468670982227195e-06,0.8895938992500305,11.032992,11.040353775024414
1888,74.01546025276184,0.88969916,0.8895984888076782,1.2635251550818793e-05,0.8895953297615051,11.030084,11.040151119232178
1889,74.05615520477295,0.88969916,0.8896052241325378,2.4336193746421486e-05,0.8895977735519409,11.030084,11.039477586746216
1890,74.09069490432739,0.88969916,0.8896154165267944,3.6192832340020686e-05,0.8895977735519409,11.030084,11.038458347320557
1891,74.12386989593506,0.88971066,0.8896394371986389,4.674758747569285e-05,0.8895977735519409,11.028934,11.036056280136108
1892,74.16463446617126,0.8897168,0.889682412147522,3.0961255106376484e-05,0.889600396156311,11.028319,11.031758785247803
1893,74.20541143417358,0.88978684,0.8897011280059814,8.051139957387932e-06,0.8896991610527039,11.021317,11.029887199401855
1894,74.24637699127197,0.88978684,0.8897039890289307,1.3002793821215164e-05,0.8896991610527039,11.021317,11.029601097106934
1895,74.28111910820007,0.88980424,0.8897119164466858,2.1896550606470555e-05,0.8896991610527039,11.019575,11.028808355331421
1896,74.3224937915802,0.88980424,0.8897246718406677,2.879446037695743e-05,0.8897018432617188,11.019575,11.027532815933228
1897,74.35593318939209,0.88980424,0.8897451758384705,3.4145021345466375e-05,0.8897165656089783,11.019575,11.025482416152954
1898,74.39018440246582,0.88980424,0.889774739742279,2.893957389460411e-05,0.8897191882133484,11.019575,11.022526025772095
1899,74.42347931861877,0.88980424,0.8897950053215027,8.310938937938772e-06,0.8897868394851685,11.019575,11.020499467849731
1900,74.4566719532013,0.88980424,0.8898035287857056,1.3999917882756563e-06,0.88979572057724,11.019575,11.019647121429443
1901,74.49059271812439,0.88980424,0.8898041248321533,1.1920928955078125e-07,0.8898042440414429,11.019575,11.019587516784668
1902,74.52326679229736,0.88980424,0.8898041248321533,1.1920928955078125e-07,0.8898042440414429,11.019575,11.019587516784668
1903,74.55568075180054,0.88980424,0.8898041248321533,1.1920928955078125e-07,0.8898042440414429,11.019575,11.019587516784668
1904,74.58950471878052,0.88981104,0.8898041844367981,4.280335303974425e-07,0.8898042440414429,11.018896,11.01958155632019
1905,74.63054060935974,0.8898119,0.8898042440414429,9.873550652628182e-07,0.8898042440414429,11.018812,11.019575595855713
1906,74.67254877090454,0.88981605,0.8898047208786011,2.0660152131313225e-06,0.8898042440414429,11.018395,11.019527912139893
1907,74.71479797363281,0.88981605,0.8898054957389832,3.127146328552044e-06,0.8898042440414429,11.018395,11.019450426101685
1908,74.74892687797546,0.88981605,0.8898072242736816,4.297971827327274e-06,0.8898042440414429,11.018395,11.019277572631836
1909,74.78286576271057,0.88984066,0.8898107409477234,4.764244749821955e-06,0.8898042440414429,11.015934,11.018925905227661
1910,74.82397198677063,0.88984835,0.8898144960403442,3.733926405402599e-06,0.8898118734359741,11.015165,11.018550395965576
1911,74.86637020111084,0.88988185,0.8898181319236755,9.086523277801462e-06,0.8898152112960815,11.011815,11.018186807632446
1912,74.90448951721191,0.88988185,0.889822244644165,1.679549677646719e-05,0.8898160457611084,11.011815,11.017775535583496
1913,74.93885564804077,0.88988185,0.8898310661315918,2.5283208742621355e-05,0.8898160457611084,11.011815,11.01689338684082
1914,74.9745409488678,0.88988185,0.889846920967102,2.9640468710567802e-05,0.8898160457611084,11.011815,11.015307903289795
1915,75.00838279724121,0.88988185,0.8898768424987793,9.989204954763409e-06,0.8898483514785767,11.011815,11.01231575012207
1916,75.04210710525513,0.88988185,0.8898820877075195,2.384185791015625e-07,0.8898818492889404,11.011815,11.011791229248047
1917,75.07591104507446,0.88988185,0.8898820877075195,2.384185791015625e-07,0.8898818492889404,11.011815,11.011791229248047
1918,75.11083602905273,0.88988185,0.8898820877075195,2.384185791015625e-07,0.8898818492889404,11.011815,11.011791229248047
1919,75.14400935173035,0.88988185,0.8898820877075195,2.384185791015625e-07,0.8898818492889404,11.011815,11.011791229248047
1920,75.17705416679382,0.88988185,0.8898820877075195,2.384185791015625e-07,0.8898818492889404,11.011815,11.011791229248047
1921,75.2113835811615,0.88988185,0.8898820877075195,2.384185791015625e-07,0.8898818492889404,11.011815,11.011791229248047
1922,75.2454993724823,0.88988185,0.8898820877075195,2.384185791015625e-07,0.8898818492889404,11.011815,11.011791229248047
1923,75.27926993370056,0.88988185,0.8898820877075195,2.384185791015625e-07,0.8898818492889404,11.011815,11.011791229248047
1924,75.31396436691284,0.88988185,0.8898820877075195,2.384185791015625e-07,0.8898818492889404,11.011815,11.011791229248047
1925,75.34719586372375,0.88988185,0.8898820877075195,2.384185791015625e-07,0.8898818492889404,11.011815,11.011791229248047
1926,75.37913703918457,0.88988197,0.8898820877075195,2.380764385634393e-07,0.8898818492889404,11.011803,11.011791229248047
1927,75.41900491714478,0.88988197,0.8898820877075195,2.3566749973724654e-07,0.8898818492889404,11.011803,11.011791229248047
1928,75.45224785804749,0.88988197,0.8898820877075195,2.3059753573306807e-07,0.8898818492889404,11.011803,11.011791229248047
1929,75.4866132736206,0.8899462,0.8898823261260986,3.9775554796506185e-06,0.8898818492889404,11.005378,11.011767387390137
1930,75.52664923667908,0.8899462,0.8898829817771912,7.563950930489227e-06,0.8898818492889404,11.005378,11.011701822280884
1931,75.56054282188416,0.8899462,0.8898853659629822,1.291156149818562e-05,0.8898818492889404,11.005378,11.011463403701782
1932,75.5948133468628,0.88995445,0.8898917436599731,2.097651486110408e-05,0.88988196849823,11.004555,11.010825634002686
1933,75.63707900047302,0.88996345,0.8899039030075073,2.7728097848012112e-05,0.88988196849823,11.003655,11.009609699249268
1934,75.67916965484619,0.88996345,0.8899279236793518,2.4469560230500065e-05,0.8898909091949463,11.003655,11.00720763206482
1935,75.71370530128479,0.88996345,0.8899481892585754,8.66874870553147e-06,0.889937162399292,11.003655,11.005181074142456
1936,75.74755692481995,0.88996345,0.889955461025238,6.507820671686204e-06,0.8899462223052979,11.003655,11.004453897476196
1937,75.7815260887146,0.88996345,0.8899616003036499,3.520168547765934e-06,0.8899544477462769,11.003655,11.00383996963501
1938,75.81486248970032,0.88996345,0.8899633288383484,1.1667508204027399e-07,0.8899633288383484,11.003655,11.003667116165161
1939,75.84878420829773,0.88999,0.8899633884429932,1.644990106797195e-06,0.8899634480476379,11.001003,11.003661155700684
1940,75.8883867263794,0.88999,0.8899639844894409,3.5858474802807905e-06,0.8899634480476379,11.001003,11.003601551055908
1941,75.92312335968018,0.88999,0.8899650573730469,5.780070750915911e-06,0.8899634480476379,11.001003,11.003494262695312
1942,75.95725011825562,0.88999,0.8899676203727722,8.599934517405927e-06,0.8899634480476379,11.001003,11.003237962722778
1943,75.99078178405762,0.88999,0.8899722695350647,1.0707220098993275e-05,0.8899634480476379,11.001003,11.00277304649353
1944,76.02365946769714,0.88999206,0.8899809718132019,8.283177521661855e-06,0.8899674415588379,11.000794,11.00190281867981
1945,76.0642101764679,0.88999206,0.8899883031845093,2.6134750896744663e-06,0.8899821043014526,11.000794,11.001169681549072
1946,76.09768319129944,0.88999206,0.8899900913238525,5.356434371606156e-07,0.889989972114563,11.000794,11.000990867614746
1947,76.13130736351013,0.88999206,0.8899903297424316,7.839507247808797e-07,0.889989972114563,11.000794,11.000967025756836
1948,76.16620540618896,0.88999206,0.8899906873703003,1.0055398433905793e-06,0.889989972114563,11.000794,11.00093126296997
1949,76.19980692863464,0.88999206,0.8899914026260376,9.287568900617771e-07,0.889989972114563,11.000794,11.00085973739624
1950,76.23363447189331,0.88999206,0.8899919986724854,5.960464477539063e-08,0.8899920582771301,11.000794,11.000800132751465
1951,76.26783776283264,0.88999206,0.8899919986724854,5.960464477539063e-08,0.8899920582771301,11.000794,11.000800132751465
1952,76.3022780418396,0.88999206,0.8899919986724854,5.960464477539063e-08,0.8899920582771301,11.000794,11.000800132751465
1953,76.33596897125244,0.88999206,0.8899919986724854,5.960464477539063e-08,0.8899920582771301,11.000794,11.000800132751465
1954,76.37139582633972,0.88999206,0.8899919986724854,5.960464477539063e-08,0.8899920582771301,11.000794,11.000800132751465
1955,76.40471196174622,0.88999206,0.8899919986724854,5.960464477539063e-08,0.8899920582771301,11.000794,11.000800132751465
1956,76.43904995918274,0.89000964,0.8899920582771301,1.0873422979784664e-06,0.8899920582771301,10.999036,11.000794172286987
1957,76.47991752624512,0.890013,0.8899922370910645,2.269792503284407e-06,0.8899920582771301,10.998702,11.000776290893555
1958,76.51890397071838,0.89005494,0.88999342918396,5.846125532116275e-06,0.8899920582771301,10.994506,11.000657081604004
1959,76.5600790977478,0.89007235,0.889996349811554,1.1201533197890967e-05,0.8899920582771301,10.992765,11.000365018844604
1960,76.60258865356445,0.89007235,0.8900027275085449,1.758027974574361e-05,0.8899920582771301,10.992765,10.999727249145508
1961,76.63621020317078,0.8900726,0.8900159001350403,2.2407873984775506e-05,0.8899920582771301,10.992742,10.998409986495972
1962,76.67670035362244,0.8900726,0.8900323510169983,2.549493729020469e-05,0.8900096416473389,10.992742,10.996764898300171
1963,76.70954275131226,0.8900726,0.890056312084198,1.7661674064584076e-05,0.8900129795074463,10.992742,10.9943687915802
1964,76.74167394638062,0.8900726,0.8900691270828247,6.002957888995297e-06,0.8900549411773682,10.992742,10.99308729171753
1965,76.77546453475952,0.8900726,0.8900724649429321,1.1920928955078125e-07,0.8900723457336426,10.992742,10.992753505706787
1966,76.81282544136047,0.8900726,0.890072762966156,2.08945692747875e-07,0.8900723457336426,10.992742,10.9927237033844
1967,76.84704303741455,0.8900726,0.890072762966156,1.7881393432617188e-07,0.8900725841522217,10.992742,10.9927237033844
1968,76.88003945350647,0.8900726,0.890072762966156,1.7881393432617188e-07,0.8900725841522217,10.992742,10.9927237033844
1969,76.91487908363342,0.8901134,0.8900728821754456,2.5240046852559317e-06,0.8900725841522217,10.988659,10.992711782455444
1970,76.95784091949463,0.8901134,0.8900737166404724,5.833829163748305e-06,0.8900725841522217,10.988659,10.992628335952759
1971,76.99159407615662,0.89026415,0.8900788426399231,2.7440168196335435e-05,0.8900725841522217,10.973585,10.99211573600769
1972,77.0320336818695,0.89026415,0.8900936841964722,5.3720257710665464e-05,0.8900725841522217,10.973585,10.990631580352783
1973,77.0665180683136,0.89026505,0.8901239037513733,7.799562445143238e-05,0.8900725841522217,10.9734955,10.987609624862671
1974,77.10726642608643,0.8902766,0.8901833295822144,8.235730638261884e-05,0.8900725841522217,10.972339,10.981667041778564
1975,77.15027594566345,0.8902766,0.8902605772018433,9.421343747817446e-06,0.8902041912078857,10.972339,10.973942279815674
1976,77.18235039710999,0.89029145,0.8902661204338074,4.838893346459372e-06,0.8902641534805298,10.970855,10.973387956619263
1977,77.22415828704834,0.89029145,0.8902689218521118,7.298911441466771e-06,0.8902641534805298,10.970855,10.973107814788818
1978,77.2583601474762,0.8903094,0.8902745246887207,9.08611218619626e-06,0.8902649283409119,10.969061,10.97254753112793
1979,77.3014748096466,0.89031875,0.8902838230133057,8.13468432170339e-06,0.8902766108512878,10.968124,10.971617698669434
1980,77.34297728538513,0.89031875,0.8902909755706787,9.886419320537243e-06,0.8902832269668579,10.968124,10.970902442932129
1981,77.37750172615051,0.8903199,0.8902978897094727,1.256275390915107e-05,0.8902859687805176,10.968012,10.970211029052734
1982,77.41891384124756,0.8903199,0.8903088569641113,9.650572792452294e-06,0.8902941346168518,10.968012,10.969114303588867
1983,77.45225882530212,0.8903199,0.8903180956840515,2.1233058760117274e-06,0.8903093934059143,10.968012,10.968190431594849
1984,77.48612236976624,0.8903199,0.8903190493583679,4.813460350305832e-07,0.890318751335144,10.968012,10.968095064163208
1985,77.51771473884583,0.8903199,0.8903193473815918,5.665154958478524e-07,0.890318751335144,10.968012,10.96806526184082
1986,77.55096411705017,0.8903199,0.8903199434280396,9.472849882286027e-08,0.890318751335144,10.968012,10.968005657196045
1987,77.5861656665802,0.8903199,0.8903199434280396,5.960464477539063e-08,0.8903198838233948,10.968012,10.968005657196045
1988,77.6217885017395,0.8903199,0.8903199434280396,5.960464477539063e-08,0.8903198838233948,10.968012,10.968005657196045
1989,77.65517139434814,0.8903199,0.8903199434280396,5.960464477539063e-08,0.8903198838233948,10.968012,10.968005657196045
1990,77.68996715545654,0.8903199,0.8903199434280396,5.960464477539063e-08,0.8903198838233948,10.968012,10.968005657196045
1991,77.72365641593933,0.8903199,0.8903199434280396,5.960464477539063e-08,0.8903198838233948,10.968012,10.968005657196045
1992,77.75677633285522,0.8903199,0.8903199434280396,5.960464477539063e-08,0.8903198838233948,10.968012,10.968005657196045
1993,77.79288601875305,0.8903199,0.8903199434280396,5.960464477539063e-08,0.8903198838233948,10.968012,10.968005657196045
1994,77.83455681800842,0.8903247,0.8903199434280396,3.008137525739585e-07,0.8903198838233948,10.967529,10.968005657196045
1995,77.87487268447876,0.8903247,0.8903199434280396,5.14160774400807e-07,0.8903198838233948,10.967529,10.968005657196045
1996,77.90827488899231,0.89033663,0.8903201818466187,1.6914996194827836e-06,0.8903198838233948,10.966337,10.967981815338135
1997,77.94770669937134,0.8903374,0.8903210759162903,3.674347226478858e-06,0.8903198838233948,10.966259,10.967892408370972
1998,77.99072742462158,0.8903374,0.890322744846344,5.717391559301177e-06,0.8903198838233948,10.966259,10.9677255153656
1999,78.02809190750122,0.8903374,0.8903266191482544,7.5041225500172e-06,0.8903198838233948,10.966259,10.96733808517456
2000,78.06205081939697,0.8903374,0.890333354473114,5.554316430789186e-06,0.8903247117996216,10.966259,10.966664552688599
2001,78.10276389122009,0.8903374,0.8903370499610901,3.776839889724215e-07,0.8903366327285767,10.966259,10.966295003890991
2002,78.13753008842468,0.8903374,0.8903372883796692,1.1920928955078125e-07,0.8903374075889587,10.966259,10.966271162033081
2003,78.17062044143677,0.8903374,0.8903372883796692,1.1920928955078125e-07,0.8903374075889587,10.966259,10.966271162033081
2004,78.20241808891296,0.8903374,0.8903372883796692,1.1920928955078125e-07,0.8903374075889587,10.966259,10.966271162033081
2005,78.23557448387146,0.8903374,0.8903372883796692,1.1920928955078125e-07,0.8903374075889587,10.966259,10.966271162033081
2006,78.26838183403015,0.8903468,0.890337347984314,5.890707370781456e-07,0.8903374075889587,10.965318,10.966265201568604
2007,78.30803728103638,0.8903468,0.8903374671936035,1.295329866479733e-06,0.8903374075889587,10.965318,10.966253280639648
2008,78.3415732383728,0.8903784,0.890338122844696,3.5266243685327936e-06,0.8903374075889587,10.962158,10.966187715530396
2009,78.38226366043091,0.8903784,0.8903393149375916,5.5893879107316025e-06,0.8903374075889587,10.962158,10.966068506240845
2010,78.41578149795532,0.89039105,0.8903427720069885,9.658623639552388e-06,0.8903374075889587,10.960895,10.965722799301147
2011,78.45576810836792,0.89039105,0.8903492093086243,1.2787059858965222e-05,0.8903374075889587,10.960895,10.965079069137573
2012,78.48965835571289,0.89039475,0.8903583884239197,1.571679240441881e-05,0.8903468251228333,10.9605255,10.964161157608032
2013,78.52910733222961,0.8904026,0.8903684020042419,1.7519294488010928e-05,0.8903500437736511,10.959739,10.963159799575806
2014,78.57062435150146,0.89044106,0.8903861045837402,7.371758783847326e-06,0.8903784155845642,10.955894,10.961389541625977
2015,78.6132664680481,0.89044106,0.8903932571411133,8.143725608533714e-06,0.8903878331184387,10.955894,10.960674285888672
2016,78.64757251739502,0.89044476,0.8903985619544983,1.522370530437911e-05,0.8903910517692566,10.955524,10.960143804550171
2017,78.68792939186096,0.89044476,0.8904075622558594,2.055540244327858e-05,0.8903910517692566,10.955524,10.959243774414062
2018,78.72192573547363,0.89044726,0.8904241323471069,2.174448309233412e-05,0.8903947472572327,10.955275,10.957586765289307
2019,78.76297998428345,0.8904474,0.890442430973053,1.800281211217225e-06,0.8904409408569336,10.955262,10.955756902694702
2020,78.81102418899536,0.8904474,0.8904440999031067,1.6623763485767995e-06,0.8904410600662231,10.955262,10.955590009689331
2021,78.84840679168701,0.8904474,0.890445351600647,1.038261530084128e-06,0.8904447555541992,10.955262,10.955464839935303
2022,78.88125514984131,0.8904573,0.8904460072517395,1.4630470559495734e-06,0.8904447555541992,10.954273,10.95539927482605
2023,78.92338180541992,0.8904573,0.890447199344635,1.3923823871664354e-06,0.8904447555541992,10.954273,10.955280065536499
2024,78.95817875862122,0.8904573,0.8904480934143066,2.162128794225282e-06,0.8904473781585693,10.954273,10.955190658569336
2025,78.99223756790161,0.8904573,0.8904488682746887,3.411511670492473e-06,0.8904473781585693,10.954273,10.955113172531128
2026,79.02599692344666,0.8904573,0.8904502987861633,4.449927473615389e-06,0.8904473781585693,10.954273,10.954970121383667
2027,79.06025719642639,0.8904573,0.8904531002044678,4.888320290774573e-06,0.8904473781585693,10.954273,10.954689979553223
2028,79.09211826324463,0.8904573,0.8904571533203125,1.1920928955078125e-07,0.890457272529602,10.954273,10.95428466796875
2029,79.12549567222595,0.8904573,0.8904571533203125,1.1920928955078125e-07,0.890457272529602,10.954273,10.95428466796875
2030,79.15878701210022,0.8904573,0.8904571533203125,1.1920928955078125e-07,0.890457272529602,10.954273,10.95428466796875
2031,79.19238519668579,0.8904576,0.8904571533203125,1.2174653818419756e-07,0.890457272529602,10.954243,10.95428466796875
2032,79.23282384872437,0.8904576,0.8904571533203125,1.2423198825217696e-07,0.890457272529602,10.954243,10.95428466796875
2033,79.26743459701538,0.8904576,0.8904572129249573,9.11470223741162e-08,0.890457272529602,10.954243,10.954278707504272
2034,79.30198764801025,0.8904576,0.8904572129249573,1.2135534177559748e-07,0.890457272529602,10.954243,10.954278707504272
2035,79.33533763885498,0.8904576,0.8904572129249573,1.6886920661818294e-07,0.890457272529602,10.954243,10.954278707504272
2036,79.3692901134491,0.8904576,0.890457272529602,1.9547468355085584e-07,0.890457272529602,10.954243,10.954272747039795
2037,79.40263509750366,0.8904576,0.8904573917388916,1.723333582503983e-07,0.890457272529602,10.954243,10.95426082611084
2038,79.43687868118286,0.8904576,0.8904573917388916,1.7881393432617188e-07,0.8904575705528259,10.954243,10.95426082611084
2039,79.47171306610107,0.8904576,0.8904573917388916,1.7881393432617188e-07,0.8904575705528259,10.954243,10.95426082611084
2040,79.50613808631897,0.8904576,0.8904573917388916,1.7881393432617188e-07,0.8904575705528259,10.954243,10.95426082611084
2041,79.53925728797913,0.8904576,0.8904573917388916,1.7881393432617188e-07,0.8904575705528259,10.954243,10.95426082611084
2042,79.57278966903687,0.89045817,0.8904573917388916,1.8479222774203663e-07,0.8904575705528259,10.954184,10.95426082611084
2043,79.6135151386261,0.89045817,0.8904573917388916,1.9058307998420787e-07,0.8904575705528259,10.954184,10.95426082611084
2044,79.64902663230896,0.89045817,0.8904573917388916,2.1723406007367885e-07,0.8904575705528259,10.954184,10.95426082611084
2045,79.68295645713806,0.89045817,0.8904575109481812,1.9228633618695312e-07,0.8904575705528259,10.954184,10.954248905181885
2046,79.71529865264893,0.89045817,0.8904575705528259,2.580134150775848e-07,0.8904575705528259,10.954184,10.954242944717407
2047,79.74851274490356,0.89045817,0.8904577493667603,2.937993031082442e-07,0.8904575705528259,10.954184,10.954225063323975
2048,79.78366041183472,0.8904584,0.8904579877853394,2.5359193500662514e-07,0.8904575705528259,10.95416,10.954201221466064
2049,79.82414531707764,0.8904584,0.8904581069946289,6.731195156817193e-08,0.8904581665992737,10.95416,10.95418930053711
2050,79.8575177192688,0.89045894,0.8904581665992737,6.685628051172898e-08,0.8904581665992737,10.954105,10.954183340072632
2051,79.89924311637878,0.89047986,0.8904582858085632,1.34255549255613e-06,0.8904581665992737,10.952014,10.954171419143677
2052,79.94018745422363,0.89047986,0.8904592990875244,4.670820999308489e-06,0.8904581665992737,10.952014,10.954070091247559
2053,79.9758996963501,0.8905008,0.8904618620872498,8.375551260542125e-06,0.8904581665992737,10.949922,10.953813791275024
2054,80.01763606071472,0.8905008,0.8904673457145691,1.1467921467556152e-05,0.8904584050178528,10.949922,10.95326542854309
2055,80.05177712440491,0.8905187,0.8904780745506287,1.2836238056479488e-05,0.8904589414596558,10.948128,10.952192544937134
2056,80.0929708480835,0.8905187,0.8904874324798584,1.3854602912033442e-05,0.8904798626899719,10.948128,10.95125675201416
2057,80.12591814994812,0.89051896,0.890496015548706,1.7299367755185813e-05,0.8904798626899719,10.948104,10.950398445129395
2058,80.16739630699158,0.8905336,0.8905125260353088,9.528547707304824e-06,0.8904798626899719,10.946637,10.948747396469116
2059,80.20719599723816,0.8905394,0.8905191421508789,1.9361798422323773e-06,0.8905187249183655,10.946059,10.94808578491211
2060,80.2488865852356,0.8905635,0.8905199766159058,4.674918272939976e-06,0.8905187249183655,10.943651,10.948002338409424
2061,80.29080891609192,0.89056724,0.8905217051506042,8.231565516325645e-06,0.8905187249183655,10.943275,10.947829484939575
2062,80.33157348632812,0.8905977,0.8905260562896729,1.3760353795078117e-05,0.8905187249183655,10.940229,10.947394371032715
2063,80.37079048156738,0.89060324,0.890535831451416,2.000957101699896e-05,0.8905189633369446,10.939675,10.946416854858398
2064,80.41169738769531,0.8906058,0.8905525207519531,2.127383413608186e-05,0.89052814245224,10.939419,10.944747924804688
2065,80.45216679573059,0.8906075,0.8905699253082275,2.2212076146388426e-05,0.8905436992645264,10.939253,10.943007469177246
2066,80.49276304244995,0.89061147,0.8905924558639526,1.1740406989702024e-05,0.8905750513076782,10.938853,10.940754413604736
2067,80.53431153297424,0.89061147,0.8906039595603943,3.94890594179742e-06,0.8905922174453735,10.938853,10.939604043960571
2068,80.56845092773438,0.89061147,0.8906073570251465,2.1859364096599165e-06,0.8906058073043823,10.938853,10.939264297485352
2069,80.60411524772644,0.89061147,0.8906091451644897,2.2793790321884444e-06,0.8906060457229614,10.938853,10.939085483551025
2070,80.63806390762329,0.89061147,0.890611469745636,1.372226705598223e-07,0.8906112909317017,10.938853,10.938853025436401
2071,80.67116379737854,0.89061356,0.8906115293502808,1.691706472684018e-07,0.8906112909317017,10.938644,10.938847064971924
2072,80.71387553215027,0.8906473,0.8906117081642151,2.227769527962664e-06,0.890611469745636,10.93527,10.938829183578491
2073,80.75452733039856,0.89065814,0.8906124234199524,5.246027285465971e-06,0.890611469745636,10.934186,10.93875765800476
2074,80.79360055923462,0.89065814,0.8906141519546509,9.27015207707882e-06,0.890611469745636,10.934186,10.938584804534912
2075,80.83016419410706,0.8906602,0.8906181454658508,1.4582453331968281e-05,0.890611469745636,10.933977,10.938185453414917
2076,80.87076354026794,0.89066064,0.8906251192092896,1.893483022286091e-05,0.890611469745636,10.933935,10.937488079071045
2077,80.9096667766571,0.89066064,0.8906387090682983,2.0335566659923643e-05,0.8906139731407166,10.933935,10.936129093170166
2078,80.94190621376038,0.89066064,0.8906564712524414,4.772236934513785e-06,0.890647292137146,10.933935,10.93435287475586
2079,80.97595429420471,0.8906642,0.8906596899032593,1.2355429817034747e-06,0.8906581401824951,10.9335785,10.934031009674072
2080,81.01740455627441,0.8906642,0.8906606435775757,4.3674486960298964e-07,0.8906606435775757,10.9335785,10.933935642242432
2081,81.0537703037262,0.89066553,0.8906607031822205,7.143956963773235e-07,0.8906606435775757,10.933447,10.933929681777954
2082,81.09490990638733,0.8906727,0.8906610608100891,1.4267860706240754e-06,0.8906606435775757,10.932732,10.933893918991089
2083,81.13602995872498,0.8906797,0.890661895275116,2.6025263650808483e-06,0.8906606435775757,10.932028,10.933810472488403
2084,81.17599368095398,0.8906809,0.890663743019104,4.450023425306426e-06,0.8906606435775757,10.93191,10.9336256980896
2085,81.21490550041199,0.8906846,0.8906672596931458,5.472471912071342e-06,0.8906638622283936,10.93154,10.933274030685425
2086,81.25555443763733,0.89068586,0.8906708359718323,7.158979315136094e-06,0.8906655311584473,10.931415,10.932916402816772
2087,81.29584646224976,0.89068586,0.8906769156455994,6.757116807420971e-06,0.8906655311584473,10.931415,10.932308435440063
2088,81.32920932769775,0.8907001,0.8906825184822083,3.540262468959554e-06,0.8906797170639038,10.92999,10.931748151779175
2089,81.37058615684509,0.8907043,0.8906856775283813,4.61631088910508e-06,0.8906809091567993,10.929573,10.931432247161865
2090,81.41105699539185,0.890705,0.8906877636909485,6.617238341277698e-06,0.8906846046447754,10.929501,10.931223630905151
2091,81.45180225372314,0.890705,0.8906921148300171,8.699466889083851e-06,0.8906846046447754,10.929501,10.930788516998291
2092,81.4852283000946,0.890705,0.8906993269920349,7.298249784071231e-06,0.8906858563423157,10.929501,10.930067300796509
2093,81.51923203468323,0.89071363,0.8907045722007751,6.624845809710678e-07,0.8907042741775513,10.928637,10.929542779922485
2094,81.58856678009033,0.8907232,0.8869020342826843,0.0032722335308790207,0.8802127838134766,10.927677,11.309796571731567
2095,81.62961030006409,0.8907232,0.8897618651390076,0.0008845253032632172,0.8876932263374329,10.927677,11.023813486099243
2096,81.66360902786255,0.8907232,0.8904991745948792,0.00021087648929096758,0.8900797963142395,10.927677,10.950082540512085
2097,81.72691774368286,0.890672,0.8878719210624695,0.002193357329815626,0.8831250667572021,10.932797,11.212807893753052
2098,81.77127456665039,0.890672,0.8896805644035339,0.0006304698763415217,0.8885728716850281,10.932797,11.031943559646606
2099,81.80621194839478,0.890672,0.8902400135993958,0.0002971361100208014,0.8896424770355225,10.932797,10.975998640060425
2100,81.8411180973053,0.8907078,0.8904938101768494,0.00014852496678940952,0.8902308940887451,10.929221,10.950618982315063
2101,81.88243865966797,0.8907232,0.8906278014183044,4.393203926156275e-05,0.8905407190322876,10.927677,10.937219858169556
2102,81.92364692687988,0.8907232,0.8906686305999756,1.81374853127636e-05,0.8906298875808716,10.927677,10.933136940002441
2103,81.95799517631531,0.8907232,0.8906813859939575,1.6664631402818486e-05,0.8906720280647278,10.927677,10.931861400604248
2104,81.99256300926208,0.8907474,0.8906933665275574,2.0536155716399662e-05,0.8906720280647278,10.925257,10.930663347244263
2105,82.03363800048828,0.8907506,0.8907122015953064,1.5146899386309087e-05,0.8906807899475098,10.924941,10.92877984046936
2106,82.07768726348877,0.8907987,0.8907239437103271,7.730188372079283e-06,0.8907188773155212,10.920132,10.927605628967285
2107,82.12231636047363,0.8907987,0.8907286524772644,1.6672309357090853e-05,0.8907232284545898,10.920132,10.92713475227356
2108,82.15746879577637,0.8907987,0.8907379508018494,2.7017573302146047e-05,0.8907232284545898,10.920132,10.926204919815063
2109,82.19162726402283,0.8907994,0.89075767993927,3.386654861969873e-05,0.8907232284545898,10.920059,10.924232006072998
2110,82.23261046409607,0.8907994,0.8907899856567383,1.8506640117266215e-05,0.8907474279403687,10.920059,10.921001434326172
2111,82.268723487854,0.8907994,0.8907986879348755,2.2115436593139748e-07,0.8907986879348755,10.920059,10.920131206512451
2112,82.30274605751038,0.8907994,0.890798807144165,3.051520707231248e-07,0.8907986879348755,10.920059,10.920119285583496
2113,82.33690977096558,0.8907994,0.8907989859580994,3.624484747888346e-07,0.8907986879348755,10.920059,10.920101404190063
2114,82.37150597572327,0.8907994,0.8907994627952576,1.3132898857293185e-07,0.8907986879348755,10.920059,10.920053720474243
2115,82.40616607666016,0.8907994,0.8907994627952576,5.960464477539063e-08,0.8907994031906128,10.920059,10.920053720474243
2116,82.43948554992676,0.8907994,0.8907994627952576,5.960464477539063e-08,0.8907994031906128,10.920059,10.920053720474243
2117,82.47462439537048,0.8907994,0.8907994627952576,5.960464477539063e-08,0.8907994031906128,10.920059,10.920053720474243
2118,82.50913906097412,0.8907994,0.8907994627952576,5.960464477539063e-08,0.8907994031906128,10.920059,10.920053720474243
2119,82.54459810256958,0.8907994,0.8907994627952576,5.960464477539063e-08,0.8907994031906128,10.920059,10.920053720474243
2120,82.5800290107727,0.8907994,0.8907994627952576,5.960464477539063e-08,0.8907994031906128,10.920059,10.920053720474243
2121,82.61568784713745,0.8907994,0.8907994627952576,5.960464477539063e-08,0.8907994031906128,10.920059,10.920053720474243
2122,82.65105557441711,0.8907994,0.8907994627952576,5.960464477539063e-08,0.8907994031906128,10.920059,10.920053720474243
2123,82.68569421768188,0.8907994,0.8907994627952576,5.960464477539063e-08,0.8907994031906128,10.920059,10.920053720474243
2124,82.72548723220825,0.8907994,0.8907994627952576,5.960464477539063e-08,0.8907994031906128,10.920059,10.920053720474243
2125,82.76346516609192,0.8907994,0.8907994627952576,5.960464477539063e-08,0.8907994031906128,10.920059,10.920053720474243
2126,82.79745435714722,0.8908314,0.8907995820045471,1.9763485852308804e-06,0.8907994031906128,10.916859,10.920041799545288
2127,82.83857440948486,0.8908314,0.8907998204231262,3.4089480323018506e-06,0.8907994031906128,10.916859,10.920017957687378
2128,82.8737633228302,0.8908314,0.8908013701438904,7.671237653994467e-06,0.8907994031906128,10.916859,10.919862985610962
2129,82.90884470939636,0.8908314,0.8908039331436157,1.1093371540482622e-05,0.8907994031906128,10.916859,10.919606685638428
2130,82.95308470726013,0.8908314,0.8908094167709351,1.4774127521377522e-05,0.8907994031906128,10.916859,10.919058322906494
2131,83.00021719932556,0.8908314,0.890819787979126,1.523430910310708e-05,0.8907994031906128,10.916859,10.918021202087402
2132,83.04054880142212,0.8908446,0.8908314108848572,1.2073015795976971e-06,0.8908314108848572,10.915542,10.916858911514282
2133,83.08297753334045,0.8908446,0.890831708908081,2.347020654269727e-06,0.8908314108848572,10.915542,10.916829109191895
2134,83.1184778213501,0.8908446,0.8908325433731079,3.820227902906481e-06,0.8908314108848572,10.915542,10.916745662689209
2135,83.1548764705658,0.8908446,0.8908340334892273,5.229126600170275e-06,0.8908314108848572,10.915542,10.91659665107727
2136,83.19045615196228,0.8908446,0.8908369541168213,6.316086910373997e-06,0.8908314108848572,10.915542,10.916304588317871
2137,83.2269446849823,0.8908446,0.8908429145812988,3.5915215903514763e-06,0.8908314108848572,10.915542,10.915708541870117
2138,83.26206088066101,0.8908446,0.8908444046974182,1.7881393432617188e-07,0.8908445835113525,10.915542,10.915559530258179
2139,83.29649233818054,0.8908446,0.8908444046974182,1.7881393432617188e-07,0.8908445835113525,10.915542,10.915559530258179
2140,83.3319935798645,0.8908446,0.8908444046974182,1.7881393432617188e-07,0.8908445835113525,10.915542,10.915559530258179
2141,83.36660861968994,0.8908446,0.8908444046974182,1.7881393432617188e-07,0.8908445835113525,10.915542,10.915559530258179
2142,83.40147137641907,0.8908446,0.8908444046974182,1.7881393432617188e-07,0.8908445835113525,10.915542,10.915559530258179
2143,83.43703246116638,0.8908446,0.8908444046974182,1.7881393432617188e-07,0.8908445835113525,10.915542,10.915559530258179
2144,83.47237968444824,0.8908446,0.8908444046974182,1.7881393432617188e-07,0.8908445835113525,10.915542,10.915559530258179
2145,83.50698614120483,0.8908446,0.8908444046974182,1.7881393432617188e-07,0.8908445835113525,10.915542,10.915559530258179
2146,83.54169392585754,0.8908446,0.8908444046974182,1.7881393432617188e-07,0.8908445835113525,10.915542,10.915559530258179
2147,83.57743239402771,0.8908446,0.8908444046974182,1.7881393432617188e-07,0.8908445835113525,10.915542,10.915559530258179
2148,83.61395978927612,0.8908446,0.8908444046974182,1.7881393432617188e-07,0.8908445835113525,10.915542,10.915559530258179
2149,83.64812636375427,0.8908446,0.8908444046974182,1.7881393432617188e-07,0.8908445835113525,10.915542,10.915559530258179
2150,83.6834626197815,0.89084655,0.890844464302063,1.7549713504649844e-07,0.8908445835113525,10.915345,10.915553569793701
2151,83.72197961807251,0.89084655,0.890844464302063,2.838386876646837e-07,0.8908445835113525,10.915345,10.915553569793701
2152,83.75626015663147,0.8908496,0.8908445835113525,6.689691076644522e-07,0.8908445835113525,10.915041,10.915541648864746
2153,83.79811763763428,0.8908496,0.8908448815345764,1.1649796078927466e-06,0.8908445835113525,10.915041,10.915511846542358
2154,83.83320999145508,0.8908496,0.8908454775810242,1.7826433804657427e-06,0.8908445835113525,10.915041,10.915452241897583
2155,83.86863112449646,0.89085233,0.8908466696739197,2.1208650196058443e-06,0.8908445835113525,10.914766,10.915333032608032
2156,83.91040587425232,0.89085233,0.8908488154411316,1.2289443702684366e-06,0.8908465504646301,10.914766,10.91511845588684
2157,83.94592308998108,0.89085746,0.8908498883247375,8.971945248958946e-07,0.8908495903015137,10.914254,10.915011167526245
2158,83.98963689804077,0.89086246,0.8908504843711853,2.16923785956169e-06,0.8908495903015137,10.9137535,10.91495156288147
2159,84.03102922439575,0.89086246,0.8908519744873047,3.986950105172582e-06,0.8908495903015137,10.9137535,10.914802551269531
2160,84.06611394882202,0.89086246,0.8908543586730957,4.834136234421749e-06,0.8908495903015137,10.9137535,10.91456413269043
2161,84.10056018829346,0.89086246,0.8908591866493225,3.1176655284070875e-06,0.8908523321151733,10.9137535,10.914081335067749
2162,84.13650679588318,0.89086246,0.8908616304397583,1.8184707641921705e-06,0.890857458114624,10.9137535,10.91383695602417
2163,84.17326951026917,0.89086246,0.8908624649047852,0.0,0.8908624649047852,10.9137535,10.913753509521484
2164,84.2088840007782,0.89086246,0.8908624649047852,0.0,0.8908624649047852,10.9137535,10.913753509521484
2165,84.24436640739441,0.8908752,0.8908624649047852,7.887838933129387e-07,0.8908624649047852,10.9124775,10.913753509521484
2166,84.285320520401,0.8908752,0.8908625841140747,1.3586251270680805e-06,0.8908624649047852,10.9124775,10.91374158859253
2167,84.3207311630249,0.89087623,0.8908631801605225,2.8224944799148943e-06,0.8908624649047852,10.912376,10.913681983947754
2168,84.36086630821228,0.89087623,0.8908640742301941,4.038171482534381e-06,0.8908624649047852,10.912376,10.91359257698059
2169,84.42563390731812,0.8909234,0.8867027163505554,0.0032566459849476814,0.8799434304237366,10.907661,11.329728364944458
2170,84.46643853187561,0.8909234,0.889528214931488,0.0010567321442067623,0.8874449133872986,10.907661,11.047178506851196
2171,84.50141334533691,0.8909234,0.8904484510421753,0.0003916041168849915,0.889724850654602,10.907661,10.95515489578247
2172,84.53584313392639,0.89092577,0.8908177614212036,8.33981903269887e-05,0.8905381560325623,10.907423,10.918223857879639
2173,84.57857894897461,0.89093614,0.8908822536468506,3.287380241090432e-05,0.890830397605896,10.906386,10.911774635314941
2174,84.62115287780762,0.89093614,0.8909110426902771,1.671806603553705e-05,0.8908864259719849,10.906386,10.90889573097229
2175,84.6565568447113,0.89093614,0.8909254670143127,4.015495505882427e-06,0.8909233808517456,10.906386,10.907453298568726
2176,84.68998432159424,0.89093614,0.8909279704093933,5.0323801588092465e-06,0.8909233808517456,10.906386,10.907202959060669
2177,84.72524452209473,0.89094704,0.8909323811531067,4.167389761278173e-06,0.8909257650375366,10.905295,10.906761884689331
2178,84.76820349693298,0.89094704,0.8909354209899902,1.978825139303808e-06,0.8909337520599365,10.905295,10.906457901000977
2179,84.80285835266113,0.8909495,0.8909367918968201,2.837170995917404e-06,0.8909361362457275,10.905051,10.906320810317993
2180,84.8443763256073,0.8909495,0.8909379243850708,4.369605903775664e-06,0.8909361362457275,10.905051,10.90620756149292
2181,84.87925052642822,0.8909495,0.890940248966217,5.807358775200555e-06,0.8909361362457275,10.905051,10.905975103378296
2182,84.91370606422424,0.8909495,0.8909444212913513,5.746371243731119e-06,0.8909361362457275,10.905051,10.905557870864868
2183,84.94893431663513,0.8909495,0.8909485936164856,1.1179056400578702e-06,0.8909470438957214,10.905051,10.90514063835144
2184,84.98500490188599,0.8909495,0.8909493088722229,1.7881393432617188e-07,0.8909494876861572,10.905051,10.90506911277771
2185,85.01894974708557,0.8909495,0.8909493088722229,1.7881393432617188e-07,0.8909494876861572,10.905051,10.90506911277771
2186,85.05354189872742,0.8909495,0.8909493088722229,1.7881393432617188e-07,0.8909494876861572,10.905051,10.90506911277771
2187,85.08860445022583,0.8909623,0.8909493684768677,8.086427669695695e-07,0.8909494876861572,10.9037695,10.905063152313232
2188,85.13134121894836,0.8909623,0.890949547290802,1.5786761196068255e-06,0.8909494876861572,10.9037695,10.9050452709198
2189,85.16724610328674,0.8909623,0.8909500241279602,2.888564267777838e-06,0.8909494876861572,10.9037695,10.90499758720398
2190,85.20219039916992,0.8909623,0.8909510970115662,4.418129265104653e-06,0.8909494876861572,10.9037695,10.904890298843384
2191,85.2376115322113,0.8909623,0.8909536004066467,6.002683676342713e-06,0.8909494876861572,10.9037695,10.904639959335327
2192,85.27395129203796,0.8909623,0.8909574747085571,6.215760549821425e-06,0.8909494876861572,10.9037695,10.904252529144287
2193,85.3084990978241,0.8909623,0.8909623622894287,5.960464477539063e-08,0.8909623026847839,10.9037695,10.903763771057129
2194,85.34421372413635,0.8910854,0.8909628391265869,7.5971133810526226e-06,0.8909623026847839,10.891461,10.903716087341309
2195,85.38616681098938,0.89109576,0.8909647464752197,1.7149837731267326e-05,0.8909623026847839,10.890425,10.903525352478027
2196,85.42802858352661,0.89109576,0.8909719586372375,3.389956327737309e-05,0.8909623026847839,10.890425,10.902804136276245
2197,85.46159553527832,0.89109576,0.8909833431243896,4.8038389650173485e-05,0.8909623026847839,10.890425,10.901665687561035
2198,85.49711084365845,0.89109576,0.8910062313079834,6.182301149237901e-05,0.8909623026847839,10.890425,10.89937686920166
2199,85.5322093963623,0.89109576,0.8910526037216187,6.106455839471892e-05,0.8909623026847839,10.890425,10.894739627838135
2200,85.56724071502686,0.89109576,0.8910958170890808,5.960464477539063e-08,0.891095757484436,10.890425,10.890418291091919
2201,85.60190534591675,0.89109576,0.8910958170890808,5.960464477539063e-08,0.891095757484436,10.890425,10.890418291091919
2202,85.63626670837402,0.89109576,0.8910958170890808,5.960464477539063e-08,0.891095757484436,10.890425,10.890418291091919
2203,85.67137122154236,0.89109576,0.8910958170890808,5.960464477539063e-08,0.891095757484436,10.890425,10.890418291091919
2204,85.70668172836304,0.89109576,0.8910958170890808,5.960464477539063e-08,0.891095757484436,10.890425,10.890418291091919
2205,85.74412322044373,0.89109576,0.8910958170890808,5.960464477539063e-08,0.891095757484436,10.890425,10.890418291091919
2206,85.77928280830383,0.89109576,0.8910958170890808,5.960464477539063e-08,0.891095757484436,10.890425,10.890418291091919
2207,85.81423878669739,0.89109576,0.8910958170890808,5.960464477539063e-08,0.891095757484436,10.890425,10.890418291091919
2208,85.850506067276,0.89109576,0.8910958170890808,5.960464477539063e-08,0.891095757484436,10.890425,10.890418291091919
2209,85.88518166542053,0.89109576,0.8910958170890808,5.960464477539063e-08,0.891095757484436,10.890425,10.890418291091919
2210,85.91986179351807,0.89109576,0.8910958170890808,5.960464477539063e-08,0.891095757484436,10.890425,10.890418291091919
2211,85.95451879501343,0.89109576,0.8910958170890808,5.960464477539063e-08,0.891095757484436,10.890425,10.890418291091919
2212,85.98931431770325,0.89109576,0.8910958170890808,5.960464477539063e-08,0.891095757484436,10.890425,10.890418291091919
2213,86.02381134033203,0.89109576,0.8910958170890808,5.960464477539063e-08,0.891095757484436,10.890425,10.890418291091919
2214,86.05832648277283,0.89109576,0.8910958170890808,5.960464477539063e-08,0.891095757484436,10.890425,10.890418291091919
2215,86.09249782562256,0.89109576,0.8910958170890808,5.960464477539063e-08,0.891095757484436,10.890425,10.890418291091919
2216,86.12878775596619,0.89109576,0.8910958170890808,5.960464477539063e-08,0.891095757484436,10.890425,10.890418291091919
2217,86.1640453338623,0.89109576,0.8910958170890808,5.960464477539063e-08,0.891095757484436,10.890425,10.890418291091919
2218,86.19997310638428,0.89109576,0.8910958170890808,5.960464477539063e-08,0.891095757484436,10.890425,10.890418291091919
2219,86.23657941818237,0.89109576,0.8910958170890808,5.960464477539063e-08,0.891095757484436,10.890425,10.890418291091919
2220,86.27141380310059,0.89109576,0.8910958170890808,5.960464477539063e-08,0.891095757484436,10.890425,10.890418291091919
2221,86.30622148513794,0.89109576,0.8910958170890808,5.960464477539063e-08,0.891095757484436,10.890425,10.890418291091919
2222,86.34206414222717,0.8910976,0.8910958170890808,1.2599653587130888e-07,0.891095757484436,10.89024,10.890418291091919
2223,86.38319087028503,0.8910976,0.8910958766937256,2.443285893605207e-07,0.891095757484436,10.89024,10.890412330627441
2224,86.41656017303467,0.8911386,0.8910961151123047,2.674225697774091e-06,0.891095757484436,10.886139,10.890388488769531
2225,86.45852780342102,0.89115405,0.8910969495773315,6.344725079543423e-06,0.891095757484436,10.884595,10.890305042266846
2226,86.49916577339172,0.89115405,0.8911001682281494,1.3290637070895173e-05,0.891095757484436,10.884595,10.889983177185059
2227,86.53407907485962,0.89115596,0.8911071419715881,2.06816075660754e-05,0.891095757484436,10.884404,10.889285802841187
2228,86.57720565795898,0.89115596,0.8911185264587402,2.586241862445604e-05,0.8910976052284241,10.884404,10.888147354125977
2229,86.6109607219696,0.89115596,0.891139030456543,2.2347416233969852e-05,0.8910976052284241,10.884404,10.886096954345703
2230,86.64500093460083,0.8911562,0.8911551833152771,9.796574431675253e-07,0.8911540508270264,10.88438,10.88448166847229
2231,86.68606066703796,0.8911562,0.8911561369895935,2.833476457908546e-07,0.8911542892456055,10.88438,10.88438630104065
2232,86.71958899497986,0.8911562,0.8911561965942383,2.053549224001472e-07,0.8911559581756592,10.88438,10.884380340576172
2233,86.75284576416016,0.8911576,0.8911561965942383,1.8995831396750873e-07,0.8911559581756592,10.884237,10.884380340576172
2234,86.79535174369812,0.8911627,0.8911562561988831,4.251353402651148e-07,0.8911561965942383,10.883731,10.884374380111694
2235,86.8336911201477,0.8911818,0.8911565542221069,2.1756682144769e-06,0.8911561965942383,10.881817,10.884344577789307
2236,86.87476682662964,0.8911818,0.8911575078964233,4.47389493274386e-06,0.8911561965942383,10.881817,10.884249210357666
2237,86.9093906879425,0.89118856,0.8911598920822144,7.692994586250279e-06,0.8911561965942383,10.881144,10.884010791778564
2238,86.95048451423645,0.89118856,0.8911646008491516,1.0272829968016595e-05,0.8911561965942383,10.881144,10.883539915084839
2239,86.984858751297,0.89118856,0.8911730051040649,9.731062164064497e-06,0.8911576271057129,10.881144,10.882699489593506
2240,87.0183584690094,0.89118856,0.8911828398704529,3.2494215247425018e-06,0.891170084476471,10.881144,10.881716012954712
2241,87.05103731155396,0.89118856,0.8911845088005066,3.2423604352516122e-06,0.8911818265914917,10.881144,10.88154911994934
2242,87.08326029777527,0.89118856,0.891187310218811,2.4784915240161354e-06,0.8911818265914917,10.881144,10.881268978118896
2243,87.11632513999939,0.89118856,0.8911885619163513,0.0,0.8911885619163513,10.881144,10.881143808364868
2244,87.15058469772339,0.89118856,0.8911885619163513,0.0,0.8911885619163513,10.881144,10.881143808364868
2245,87.18403387069702,0.89118856,0.8911885619163513,0.0,0.8911885619163513,10.881144,10.881143808364868
2246,87.21758842468262,0.89118856,0.8911885619163513,0.0,0.8911885619163513,10.881144,10.881143808364868
2247,87.25091409683228,0.89118856,0.8911885619163513,0.0,0.8911885619163513,10.881144,10.881143808364868
2248,87.28372478485107,0.89119613,0.8911886215209961,4.6821890009596245e-07,0.8911885619163513,10.880386,10.88113784790039
2249,87.32332873344421,0.89119613,0.8911886811256409,6.623153581131191e-07,0.8911885619163513,10.880386,10.881131887435913
2250,87.35929679870605,0.89119613,0.8911888003349304,1.222337800754758e-06,0.8911885619163513,10.880386,10.881119966506958
2251,87.3952419757843,0.89119613,0.8911892771720886,2.1237297005427536e-06,0.8911885619163513,10.880386,10.881072282791138
2252,87.42688989639282,0.89119613,0.8911899924278259,2.9653967885678867e-06,0.8911885619163513,10.880386,10.881000757217407
2253,87.46051502227783,0.89119613,0.8911915421485901,3.681987664094777e-06,0.8911885619163513,10.880386,10.880845785140991
2254,87.49330043792725,0.89119613,0.8911945819854736,3.0942023840907495e-06,0.8911885619163513,10.880386,10.880541801452637
2255,87.52609753608704,0.8911968,0.8911961913108826,6.998369883604028e-08,0.8911961317062378,10.8803215,10.880380868911743
2256,87.56585025787354,0.8911968,0.8911961913108826,9.451312621422403e-08,0.8911961317062378,10.8803215,10.880380868911743
2257,87.60123181343079,0.8911968,0.8911961913108826,1.4504402656712045e-07,0.8911961317062378,10.8803215,10.880380868911743
2258,87.63607549667358,0.89120007,0.8911962509155273,3.213615400454728e-07,0.8911961317062378,10.879993,10.880374908447266
2259,87.67954659461975,0.89120007,0.8911964297294617,5.487298153639131e-07,0.8911961317062378,10.879993,10.880357027053833
2260,87.7152247428894,0.8912016,0.8911968469619751,9.998050245485501e-07,0.8911961317062378,10.879839,10.88031530380249
2261,87.75686001777649,0.8912016,0.8911975622177124,1.4855801282465109e-06,0.8911967873573303,10.879839,10.88024377822876
2262,87.7908730506897,0.8912034,0.8911982774734497,1.9751830677705584e-06,0.8911967873573303,10.87966,10.88017225265503
2263,87.83344864845276,0.8912085,0.8911997675895691,2.0347470126580447e-06,0.8911968469619751,10.879147,10.88002324104309
2264,87.87744307518005,0.8912085,0.8912016153335571,1.1835633131340728e-06,0.891200065612793,10.879147,10.879838466644287
2265,87.9393355846405,0.8912639,0.8877294063568115,0.0029700184240937233,0.8812019228935242,10.87361,11.227059364318848
2266,87.97890043258667,0.8912639,0.890209436416626,0.000808403012342751,0.8886697888374329,10.87361,10.979056358337402
2267,88.01346230506897,0.89126396,0.8909350037574768,0.0002467121521476656,0.8904544115066528,10.873604,10.90649962425232
2268,88.05422306060791,0.8912643,0.8911474943161011,0.00011183136666659266,0.8909433484077454,10.873568,10.885250568389893
2269,88.09443306922913,0.89127076,0.8912447094917297,2.8545970053528436e-05,0.8912007808685303,10.872925,10.875529050827026
2270,88.13394713401794,0.89127076,0.8912640810012817,8.149437462634523e-07,0.8912639021873474,10.872925,10.873591899871826
2271,88.16896343231201,0.8912709,0.8912644982337952,1.8038961115962593e-06,0.8912639021873474,10.872912,10.873550176620483
2272,88.20958471298218,0.8912709,0.8912652134895325,2.5355698198836762e-06,0.8912639617919922,10.872912,10.873478651046753
2273,88.24381279945374,0.8912709,0.8912666440010071,3.1879421840130817e-06,0.8912639617919922,10.872912,10.873335599899292
2274,88.27692794799805,0.8912709,0.891269326210022,2.520422640372999e-06,0.8912643194198608,10.872912,10.873067378997803
2275,88.31183576583862,0.8912709,0.8912706971168518,1.390910711052129e-07,0.8912707567214966,10.872912,10.87293028831482
2276,88.34558129310608,0.8912709,0.8912706971168518,1.7881393432617188e-07,0.8912708759307861,10.872912,10.87293028831482
2277,88.37981057167053,0.8912709,0.8912706971168518,1.7881393432617188e-07,0.8912708759307861,10.872912,10.87293028831482
2278,88.41354393959045,0.8912709,0.8912706971168518,1.7881393432617188e-07,0.8912708759307861,10.872912,10.87293028831482
2279,88.44835996627808,0.8912709,0.8912706971168518,1.7881393432617188e-07,0.8912708759307861,10.872912,10.87293028831482
2280,88.4814395904541,0.8912709,0.8912706971168518,1.7881393432617188e-07,0.8912708759307861,10.872912,10.87293028831482
2281,88.51538634300232,0.8912709,0.8912706971168518,1.7881393432617188e-07,0.8912708759307861,10.872912,10.87293028831482
2282,88.54880738258362,0.8912709,0.8912706971168518,1.7881393432617188e-07,0.8912708759307861,10.872912,10.87293028831482
2283,88.58324337005615,0.8912709,0.8912706971168518,1.7881393432617188e-07,0.8912708759307861,10.872912,10.87293028831482
2284,88.61686825752258,0.8912709,0.8912706971168518,1.7881393432617188e-07,0.8912708759307861,10.872912,10.87293028831482
2285,88.65104055404663,0.8912737,0.8912707567214966,2.1627820956382493e-07,0.8912708759307861,10.872632,10.872924327850342
2286,88.6910891532898,0.8912737,0.8912707567214966,3.3452516845500213e-07,0.8912708759307861,10.872632,10.872924327850342
2287,88.7248432636261,0.89127564,0.8912708759307861,6.884853860356088e-07,0.8912708759307861,10.872436,10.872912406921387
2288,88.76575303077698,0.89127564,0.89127117395401,1.1928989351872588e-06,0.8912708759307861,10.872436,10.872882604598999
2289,88.8000373840332,0.89127564,0.8912717700004578,1.763360273798753e-06,0.8912708759307861,10.872436,10.872822999954224
2290,88.83512091636658,0.89127564,0.8912727236747742,2.115665211022133e-06,0.8912708759307861,10.872436,10.872727632522583
2291,88.86924505233765,0.89127564,0.8912746906280518,1.1573891924854252e-06,0.8912708759307861,10.872436,10.872530937194824
2292,88.90235018730164,0.89127564,0.8912755250930786,1.1920928955078125e-07,0.8912756443023682,10.872436,10.872447490692139
2293,88.93510365486145,0.89128876,0.8912755250930786,8.268761462204566e-07,0.8912756443023682,10.871124,10.872447490692139
2294,88.97573041915894,0.89128876,0.8912757039070129,1.805949182198674e-06,0.8912756443023682,10.871124,10.872429609298706
2295,89.01058864593506,0.89128876,0.8912764191627502,3.450711801633588e-06,0.8912756443023682,10.871124,10.872358083724976
2296,89.04409265518188,0.89128876,0.8912779092788696,5.04037961945869e-06,0.8912756443023682,10.871124,10.872209072113037
2297,89.07847213745117,0.8912888,0.8912805914878845,6.359281542245299e-06,0.8912756443023682,10.871119,10.871940851211548
2298,89.11940813064575,0.8912888,0.89128577709198,5.46299088455271e-06,0.8912756443023682,10.871119,10.871422290802002
2299,89.15411353111267,0.8912888,0.8912887573242188,1.6276519687608015e-08,0.8912887573242188,10.871119,10.871124267578125
2300,89.18692135810852,0.8912888,0.8912887573242188,2.619328398623111e-08,0.8912887573242188,10.871119,10.871124267578125
2301,89.21878385543823,0.8912888,0.8912888169288635,4.46892336469773e-08,0.8912887573242188,10.871119,10.871118307113647
2302,89.25249457359314,0.8912888,0.8912888169288635,2.2571471802734777e-08,0.8912887573242188,10.871119,10.871118307113647
2303,89.28662610054016,0.8912888,0.8912888169288635,0.0,0.8912888169288635,10.871119,10.871118307113647
2304,89.32150363922119,0.8912888,0.8912888169288635,0.0,0.8912888169288635,10.871119,10.871118307113647
2305,89.35560870170593,0.8912888,0.8912888169288635,0.0,0.8912888169288635,10.871119,10.871118307113647
2306,89.38970351219177,0.891352,0.8912891149520874,3.9257865864783525e-06,0.8912888169288635,10.8648,10.87108850479126
2307,89.43033051490784,0.891352,0.8912896513938904,6.819735972385388e-06,0.8912888169288635,10.8648,10.871034860610962
2308,89.46318578720093,0.891352,0.8912918567657471,1.2285837328818161e-05,0.8912888169288635,10.8648,10.870814323425293
2309,89.49732255935669,0.891352,0.8912968635559082,1.975216764549259e-05,0.8912888169288635,10.8648,10.87031364440918
2310,89.53108525276184,0.891352,0.8913059830665588,2.6155834348173812e-05,0.8912888169288635,10.8648,10.869401693344116
2311,89.56459355354309,0.89137083,0.8913253545761108,2.7843518182635307e-05,0.8912888169288635,10.862917,10.867464542388916
2312,89.60739827156067,0.8913738,0.8913519978523254,9.270251212001313e-06,0.8913044333457947,10.862618,10.864800214767456
2313,89.64857482910156,0.8914076,0.8913557529449463,8.103803338599391e-06,0.8913519978523254,10.85924,10.864424705505371
2314,89.68964385986328,0.8914076,0.8913608193397522,1.1532073585840408e-05,0.8913519978523254,10.85924,10.86391806602478
2315,89.7232711315155,0.89141977,0.8913698792457581,1.3157752619008534e-05,0.8913519978523254,10.858023,10.863012075424194
2316,89.76487684249878,0.89141977,0.8913788795471191,1.4130875570117496e-05,0.8913706541061401,10.858023,10.862112045288086
2317,89.79829454421997,0.8914386,0.8913887143135071,1.7342459614155814e-05,0.8913708329200745,10.85614,10.861128568649292
2318,89.83831834793091,0.8914386,0.8914051651954651,1.3424301869235933e-05,0.891380250453949,10.85614,10.859483480453491
2319,89.87201976776123,0.8914386,0.8914164900779724,1.0038017535407562e-05,0.8914076089859009,10.85614,10.858350992202759
2320,89.90709114074707,0.8914415,0.8914250135421753,9.727183169161435e-06,0.8914113640785217,10.855847,10.85749864578247
2321,89.94651412963867,0.8914434,0.8914337158203125,6.883465175633319e-06,0.8914197683334351,10.855663,10.85662841796875
2322,89.98909425735474,0.8914434,0.8914384841918945,1.3468873021338368e-06,0.8914366960525513,10.855663,10.856151580810547
2323,90.02370929718018,0.8914435,0.8914393186569214,1.5592188447044464e-06,0.8914386034011841,10.855651,10.856068134307861
2324,90.0648422241211,0.8914435,0.8914402723312378,1.9715582766366424e-06,0.8914386034011841,10.855651,10.85597276687622
2325,90.09836006164551,0.8914435,0.8914422392845154,1.2705366998488898e-06,0.8914387226104736,10.855651,10.855776071548462
2326,90.13045024871826,0.8914435,0.8914433121681213,1.1414412171006916e-07,0.8914433717727661,10.855651,10.855668783187866
2327,90.16401314735413,0.8914435,0.8914433121681213,1.4858362362701882e-07,0.8914433717727661,10.855651,10.855668783187866
2328,90.20140886306763,0.8914435,0.8914433121681213,1.7881393432617188e-07,0.8914434909820557,10.855651,10.855668783187866
2329,90.23480796813965,0.8914435,0.8914433121681213,1.7881393432617188e-07,0.8914434909820557,10.855651,10.855668783187866
2330,90.2683572769165,0.8914435,0.8914433121681213,1.7881393432617188e-07,0.8914434909820557,10.855651,10.855668783187866
2331,90.30172371864319,0.8914435,0.8914433121681213,1.7881393432617188e-07,0.8914434909820557,10.855651,10.855668783187866
2332,90.33554863929749,0.8914435,0.8914433121681213,1.7881393432617188e-07,0.8914434909820557,10.855651,10.855668783187866
2333,90.37091946601868,0.8914435,0.8914433121681213,1.7881393432617188e-07,0.8914434909820557,10.855651,10.855668783187866
2334,90.40513467788696,0.8914435,0.8914433121681213,1.7881393432617188e-07,0.8914434909820557,10.855651,10.855668783187866
2335,90.43895268440247,0.8914435,0.8914433121681213,1.7881393432617188e-07,0.8914434909820557,10.855651,10.855668783187866
2336,90.47189664840698,0.8914435,0.8914433121681213,1.7881393432617188e-07,0.8914434909820557,10.855651,10.855668783187866
2337,90.5071132183075,0.8914435,0.8914433121681213,1.7881393432617188e-07,0.8914434909820557,10.855651,10.855668783187866
2338,90.54260325431824,0.8914435,0.8914433121681213,1.7881393432617188e-07,0.8914434909820557,10.855651,10.855668783187866
2339,90.5763008594513,0.8914435,0.8914433121681213,1.7881393432617188e-07,0.8914434909820557,10.855651,10.855668783187866
2340,90.60867094993591,0.8914435,0.8914433121681213,1.7881393432617188e-07,0.8914434909820557,10.855651,10.855668783187866
2341,90.64402341842651,0.89144856,0.8914433121681213,3.702180322306958e-07,0.8914434909820557,10.8551445,10.855668783187866
2342,90.68380570411682,0.8914495,0.8914434313774109,6.68049494834122e-07,0.8914434909820557,10.855049,10.855656862258911
2343,90.72599864006042,0.8914495,0.8914435505867004,1.153073071691324e-06,0.8914434909820557,10.855049,10.855644941329956
2344,90.75959634780884,0.8914495,0.8914440274238586,1.7382359374096268e-06,0.8914434909820557,10.855049,10.855597257614136
2345,90.79246997833252,0.8914495,0.8914448022842407,2.3689724457653938e-06,0.8914434909820557,10.855049,10.855519771575928
2346,90.82525610923767,0.8914495,0.8914463520050049,2.697616082514287e-06,0.8914434909820557,10.855049,10.855364799499512
2347,90.8584201335907,0.8914546,0.8914492130279541,1.0831641930053593e-06,0.8914485573768616,10.854542,10.85507869720459
2348,90.89859461784363,0.8914546,0.8914501070976257,1.8766257880997728e-06,0.8914485573768616,10.854542,10.854989290237427
2349,90.93236255645752,0.8914546,0.8914512395858765,2.3760603653499857e-06,0.891449511051178,10.854542,10.854876041412354
2350,90.96649837493896,0.8914546,0.8914530277252197,2.3666459583182586e-06,0.891449511051178,10.854542,10.854697227478027
2351,91.00117349624634,0.89146334,0.8914546966552734,5.499230724126392e-07,0.8914545178413391,10.853666,10.854530334472656
2352,91.04386401176453,0.89146334,0.891454815864563,1.08039182578068e-06,0.8914545774459839,10.853666,10.854518413543701
2353,91.0774245262146,0.891472,0.891455352306366,2.475120936651365e-06,0.8914545774459839,10.852802,10.854464769363403
2354,91.11864042282104,0.8915383,0.8914565443992615,6.1918399296700954e-06,0.8914545774459839,10.846168,10.854345560073853
2355,91.15971446037292,0.8915383,0.8914592266082764,1.0786699021991808e-05,0.8914545774459839,10.846168,10.854077339172363
2356,91.19422721862793,0.8915383,0.8914659023284912,1.875437556009274e-05,0.8914545774459839,10.846168,10.853409767150879
2357,91.22815918922424,0.8915471,0.8914768099784851,2.8938695322722197e-05,0.8914633393287659,10.845291,10.85231900215149
2358,91.26980543136597,0.8915471,0.8914923071861267,3.7662255635950714e-05,0.8914633393287659,10.845291,10.850769281387329
2359,91.30268406867981,0.8915471,0.8915223479270935,3.407110853004269e-05,0.8914633393287659,10.845291,10.84776520729065
2360,91.3374080657959,0.8915471,0.8915455341339111,3.1057668365974678e-06,0.8915383219718933,10.845291,10.845446586608887
2361,91.37005853652954,0.8915471,0.8915472030639648,1.1920928955078125e-07,0.8915470838546753,10.845291,10.845279693603516
2362,91.40409111976624,0.8915471,0.8915472030639648,1.1920928955078125e-07,0.8915470838546753,10.845291,10.845279693603516
2363,91.4372398853302,0.8915471,0.8915472030639648,1.1920928955078125e-07,0.8915470838546753,10.845291,10.845279693603516
2364,91.47096633911133,0.8915471,0.8915472030639648,1.1920928955078125e-07,0.8915470838546753,10.845291,10.845279693603516
2365,91.50404715538025,0.8915471,0.8915472030639648,1.1920928955078125e-07,0.8915470838546753,10.845291,10.845279693603516
2366,91.53821921348572,0.8915471,0.8915472030639648,1.1920928955078125e-07,0.8915470838546753,10.845291,10.845279693603516
2367,91.57287931442261,0.8915471,0.8915472030639648,1.1920928955078125e-07,0.8915470838546753,10.845291,10.845279693603516
2368,91.60759329795837,0.8915471,0.8915472030639648,1.1920928955078125e-07,0.8915470838546753,10.845291,10.845279693603516
2369,91.6423511505127,0.8915471,0.8915472030639648,1.1920928955078125e-07,0.8915470838546753,10.845291,10.845279693603516
2370,91.67493557929993,0.8915471,0.8915472030639648,1.1920928955078125e-07,0.8915470838546753,10.845291,10.845279693603516
2371,91.7078447341919,0.8915471,0.8915472030639648,1.1920928955078125e-07,0.8915470838546753,10.845291,10.845279693603516
2372,91.74116325378418,0.8915471,0.8915472030639648,1.1920928955078125e-07,0.8915470838546753,10.845291,10.845279693603516
2373,91.77527642250061,0.8915471,0.8915472030639648,1.1920928955078125e-07,0.8915470838546753,10.845291,10.845279693603516
2374,91.80827736854553,0.8915471,0.8915472030639648,1.1920928955078125e-07,0.8915470838546753,10.845291,10.845279693603516
2375,91.84171652793884,0.8915471,0.8915472030639648,1.1920928955078125e-07,0.8915470838546753,10.845291,10.845279693603516
2376,91.87493538856506,0.8915471,0.8915472030639648,1.1920928955078125e-07,0.8915470838546753,10.845291,10.845279693603516
2377,91.90889620780945,0.8915471,0.8915472030639648,1.1920928955078125e-07,0.8915470838546753,10.845291,10.845279693603516
2378,91.94318389892578,0.8915471,0.8915472030639648,1.1920928955078125e-07,0.8915470838546753,10.845291,10.845279693603516
2379,91.97767567634583,0.8915471,0.8915472030639648,1.1920928955078125e-07,0.8915470838546753,10.845291,10.845279693603516
2380,92.01014471054077,0.8915471,0.8915472030639648,1.1920928955078125e-07,0.8915470838546753,10.845291,10.845279693603516
2381,92.04382944107056,0.8915471,0.8915472030639648,1.1920928955078125e-07,0.8915470838546753,10.845291,10.845279693603516
2382,92.07840967178345,0.8915471,0.8915472030639648,1.1920928955078125e-07,0.8915470838546753,10.845291,10.845279693603516
2383,92.11411190032959,0.8915471,0.8915472030639648,1.1920928955078125e-07,0.8915470838546753,10.845291,10.845279693603516
2384,92.14866256713867,0.8915471,0.8915472030639648,1.1920928955078125e-07,0.8915470838546753,10.845291,10.845279693603516
2385,92.18187689781189,0.8915471,0.8915472030639648,1.1920928955078125e-07,0.8915470838546753,10.845291,10.845279693603516
2386,92.2153673171997,0.8915471,0.8915472030639648,1.1920928955078125e-07,0.8915470838546753,10.845291,10.845279693603516
2387,92.24829411506653,0.8915471,0.8915472030639648,1.1920928955078125e-07,0.8915470838546753,10.845291,10.845279693603516
2388,92.28184914588928,0.8916394,0.8915475010871887,5.698902441508835e-06,0.8915470838546753,10.836059,10.845249891281128
2389,92.3220386505127,0.8916394,0.8915485739707947,1.1292991985101253e-05,0.8915470838546753,10.836059,10.845142602920532
2390,92.35652232170105,0.8916394,0.8915524482727051,2.1350642782635987e-05,0.8915470838546753,10.836059,10.844755172729492
2391,92.38934206962585,0.8916394,0.8915615081787109,3.338470560265705e-05,0.8915470838546753,10.836059,10.843849182128906
2392,92.42303490638733,0.8916394,0.8915767073631287,4.28284693043679e-05,0.8915470838546753,10.836059,10.842329263687134
2393,92.45626306533813,0.8916394,0.8916088938713074,4.278688720660284e-05,0.8915470838546753,10.836059,10.839110612869263
2394,92.49061441421509,0.8916394,0.891639232635498,4.959358648193302e-07,0.8916381597518921,10.836059,10.836076736450195
2395,92.5242063999176,0.89164186,0.8916394710540771,1.589860829653844e-07,0.8916394114494324,10.835814,10.836052894592285
2396,92.56497406959534,0.89164186,0.8916394710540771,3.445780123456643e-07,0.8916394114494324,10.835814,10.836052894592285
2397,92.60095024108887,0.89164186,0.8916395902633667,6.194954380589479e-07,0.8916394114494324,10.835814,10.83604097366333
2398,92.63622641563416,0.89164186,0.8916398286819458,9.080280278794817e-07,0.8916394114494324,10.835814,10.83601713180542
2399,92.6706657409668,0.89164186,0.891640305519104,1.1605512781898142e-06,0.8916394114494324,10.835814,10.8359694480896
2400,92.70358562469482,0.891655,0.8916411995887756,1.5919508769002277e-06,0.8916394114494324,10.834497,10.835880041122437
2401,92.7446665763855,0.8916594,0.8916422128677368,2.573253368609585e-06,0.8916418552398682,10.834063,10.835778713226318
2402,92.78570127487183,0.8916594,0.8916431069374084,3.894714154739631e-06,0.8916418552398682,10.834063,10.835689306259155
2403,92.81989455223083,0.8916594,0.8916448950767517,5.439831056719413e-06,0.8916418552398682,10.834063,10.835510492324829
2404,92.85431551933289,0.8916747,0.8916487693786621,6.575214229087578e-06,0.8916418552398682,10.83253,10.835123062133789
2405,92.89750480651855,0.8916747,0.8916547298431396,4.777144113177201e-06,0.8916459083557129,10.83253,10.834527015686035
2406,92.93365812301636,0.8916747,0.8916594386100769,4.802058811037568e-06,0.8916550278663635,10.83253,10.83405613899231
2407,92.98009705543518,0.89167714,0.891663670539856,5.611378128378419e-06,0.8916585445404053,10.832286,10.833632946014404
2408,93.03295493125916,0.8916786,0.8916683793067932,5.248493380349828e-06,0.8916618824005127,10.832143,10.833162069320679
2409,93.07492470741272,0.8916786,0.8916735649108887,2.998007175847306e-06,0.8916670083999634,10.832143,10.832643508911133
2410,93.10940456390381,0.8917074,0.8916759490966797,2.746609652604093e-06,0.8916746973991394,10.829258,10.832405090332031
2411,93.14969801902771,0.8917443,0.8916777968406677,6.36375534668332e-06,0.8916746973991394,10.825568,10.832220315933228
2412,93.19042205810547,0.8917443,0.8916812539100647,1.2837646863772534e-05,0.8916771411895752,10.825568,10.83187460899353
2413,93.22580146789551,0.8917443,0.8916889429092407,2.1071258743177168e-05,0.8916771411895752,10.825568,10.831105709075928
2414,93.2607855796814,0.8917443,0.8917009830474854,2.6248882932122797e-05,0.8916785717010498,10.825568,10.829901695251465
2415,93.29390239715576,0.8917443,0.8917228579521179,2.1483259843080305e-05,0.8916785717010498,10.825568,10.827714204788208
2416,93.32810473442078,0.8917443,0.8917412757873535,3.1094925816432806e-06,0.891734778881073,10.825568,10.825872421264648
2417,93.36196827888489,0.8917443,0.8917437195777893,9.109745064961317e-07,0.8917421102523804,10.825568,10.82562804222107
2418,93.39577031135559,0.8917453,0.8917444348335266,1.3119961295160465e-07,0.8917443156242371,10.825467,10.825556516647339
2419,93.43535161018372,0.8917453,0.8917444348335266,1.619283551690387e-07,0.8917443156242371,10.825467,10.825556516647339
2420,93.47062611579895,0.8917453,0.8917444348335266,2.173434694441312e-07,0.8917443156242371,10.825467,10.825556516647339
2421,93.50483894348145,0.8917467,0.8917445540428162,4.100228920833615e-07,0.8917443156242371,10.82533,10.825544595718384
2422,93.54607725143433,0.8917467,0.8917447328567505,6.008931450196542e-07,0.8917443156242371,10.82533,10.825526714324951
2423,93.57994413375854,0.89175224,0.8917452096939087,8.205591939258738e-07,0.8917443156242371,10.824776,10.82547903060913
2424,93.62244725227356,0.89175457,0.8917458653450012,1.0374335488450015e-06,0.8917453289031982,10.824543,10.825413465499878
2425,93.69414639472961,0.89183086,0.8886116743087769,0.0024784428533166647,0.8831661939620972,10.816914,11.138832569122314
2426,93.73700547218323,0.89183086,0.8907663226127625,0.000812749785836786,0.8889421820640564,10.816914,10.923367738723755
2427,93.77062201499939,0.89183384,0.8914741277694702,0.000255600200034678,0.8910087943077087,10.816616,10.852587223052979
2428,93.81092119216919,0.8918396,0.8917035460472107,0.00010414254938950762,0.8914791941642761,10.816038,10.82964539527893
2429,93.8521375656128,0.8918396,0.891786515712738,4.226948294672184e-05,0.8917311429977417,10.816038,10.821348428726196
2430,93.88536334037781,0.8918396,0.8918277025222778,1.7305159417446703e-05,0.8917562365531921,10.816038,10.817229747772217
2431,93.91893601417542,0.8918396,0.8918338418006897,3.3504177281429293e-06,0.8918308615684509,10.816038,10.81661581993103
2432,93.95261526107788,0.8918396,0.891836404800415,2.8769434265996097e-06,0.8918323516845703,10.816038,10.816359519958496
2433,93.98616480827332,0.8918396,0.8918390274047852,1.362484567835054e-06,0.8918338418006897,10.816038,10.816097259521484
2434,94.0193452835083,0.8918396,0.8918396830558777,5.960464477539063e-08,0.8918396234512329,10.816038,10.816031694412231
2435,94.05250334739685,0.8918518,0.8918397426605225,7.539998136962822e-07,0.8918396234512329,10.814821,10.816025733947754
2436,94.09428787231445,0.89185214,0.8918399214744568,1.6769272406236269e-06,0.8918396234512329,10.814786,10.816007852554321
2437,94.13516545295715,0.8918777,0.8918408155441284,4.434243237483315e-06,0.8918396234512329,10.812229,10.815918445587158
2438,94.17604613304138,0.89187783,0.8918437361717224,9.859859346761368e-06,0.8918396234512329,10.812217,10.815626382827759
2439,94.22135972976685,0.89187783,0.8918501138687134,1.4576596186088864e-05,0.8918396234512329,10.812217,10.814988613128662
2440,94.2556004524231,0.89187783,0.8918619751930237,1.4587337318516802e-05,0.8918406963348389,10.812217,10.813802480697632
2441,94.28952670097351,0.89187783,0.8918748497962952,7.410897978843423e-06,0.8918521404266357,10.812217,10.812515020370483
2442,94.32382988929749,0.89187783,0.8918776512145996,3.805865276262921e-07,0.8918768167495728,10.812217,10.812234878540039
2443,94.35710215568542,0.89187783,0.8918778896331787,5.960464477539063e-08,0.8918778300285339,10.812217,10.812211036682129
2444,94.39107179641724,0.89187783,0.8918778896331787,5.960464477539063e-08,0.8918778300285339,10.812217,10.812211036682129
2445,94.45327377319336,0.891912,0.8885753750801086,0.0026555447839200497,0.8827727437019348,10.808802,11.142462491989136
2446,94.495680809021,0.891912,0.8907838463783264,0.0007815363933332264,0.8893181085586548,10.808802,10.921615362167358
2447,94.52912068367004,0.891912,0.8914811015129089,0.00036880315747112036,0.890751838684082,10.808802,10.851889848709106
2448,94.56378746032715,0.891912,0.8917965888977051,0.00011241139145568013,0.8915189504623413,10.808802,10.820341110229492
2449,94.59725284576416,0.891912,0.8918888568878174,2.3937616788316518e-05,0.8918226957321167,10.808802,10.811114311218262
2450,94.63244700431824,0.891912,0.8919102549552917,7.800959792803042e-06,0.8918778300285339,10.808802,10.808974504470825
2451,94.6663281917572,0.891912,0.8919121623039246,1.7881393432617188e-07,0.8919119834899902,10.808802,10.808783769607544
2452,94.7001838684082,0.891912,0.8919121623039246,1.7881393432617188e-07,0.8919119834899902,10.808802,10.808783769607544
2453,94.73599171638489,0.891912,0.8919121623039246,1.7881393432617188e-07,0.8919119834899902,10.808802,10.808783769607544
2454,94.77067756652832,0.891912,0.8919121623039246,1.7881393432617188e-07,0.8919119834899902,10.808802,10.808783769607544
2455,94.80481767654419,0.891912,0.8919121623039246,1.7881393432617188e-07,0.8919119834899902,10.808802,10.808783769607544
2456,94.83849763870239,0.891912,0.8919121623039246,1.7881393432617188e-07,0.8919119834899902,10.808802,10.808783769607544
2457,94.87162780761719,0.891912,0.8919121623039246,1.7881393432617188e-07,0.8919119834899902,10.808802,10.808783769607544
2458,94.90538024902344,0.891912,0.8919121623039246,1.7881393432617188e-07,0.8919119834899902,10.808802,10.808783769607544
2459,94.93807697296143,0.891912,0.8919121623039246,1.7881393432617188e-07,0.8919119834899902,10.808802,10.808783769607544
2460,94.97603797912598,0.891912,0.8919121623039246,1.7881393432617188e-07,0.8919119834899902,10.808802,10.808783769607544
2461,95.00960421562195,0.891912,0.8919121623039246,1.7881393432617188e-07,0.8919119834899902,10.808802,10.808783769607544
2462,95.04302501678467,0.891912,0.8919121623039246,1.7881393432617188e-07,0.8919119834899902,10.808802,10.808783769607544
2463,95.07608652114868,0.891912,0.8919121623039246,1.7881393432617188e-07,0.8919119834899902,10.808802,10.808783769607544
2464,95.10975909233093,0.891912,0.8919121623039246,1.7881393432617188e-07,0.8919119834899902,10.808802,10.808783769607544
2465,95.14361929893494,0.891912,0.8919121623039246,1.7881393432617188e-07,0.8919119834899902,10.808802,10.808783769607544
2466,95.17647671699524,0.8919129,0.8919121623039246,1.8387093803085008e-07,0.8919119834899902,10.808712,10.808783769607544
2467,95.21965837478638,0.8919129,0.8919121623039246,1.98098163650684e-07,0.8919119834899902,10.808712,10.808783769607544
2468,95.25351619720459,0.8919129,0.8919122219085693,2.819176074808638e-07,0.8919119834899902,10.808712,10.808777809143066
2469,95.28636312484741,0.8919384,0.8919123411178589,1.6563154758841847e-06,0.8919119834899902,10.806161,10.808765888214111
2470,95.32688975334167,0.8920039,0.8919128775596619,6.098157882661326e-06,0.8919119834899902,10.79961,10.808712244033813
2471,95.36772561073303,0.8920039,0.891916036605835,1.5360546967713162e-05,0.8919119834899902,10.79961,10.808396339416504
2472,95.40252184867859,0.89200395,0.8919236063957214,2.7179408789379522e-05,0.8919128775596619,10.799604,10.807639360427856
2473,95.44370436668396,0.89200395,0.8919383883476257,3.743359775398858e-05,0.8919128775596619,10.799604,10.806161165237427
2474,95.47852873802185,0.89200395,0.8919672966003418,3.653979001683183e-05,0.8919128775596619,10.799604,10.80327033996582
2475,95.5126383304596,0.89200395,0.8920019865036011,4.787927082361421e-06,0.8919591903686523,10.799604,10.799801349639893
2476,95.54593658447266,0.89200395,0.8920039534568787,4.7202629360754145e-08,0.8920038938522339,10.799604,10.799604654312134
2477,95.58018851280212,0.89200395,0.8920039534568787,3.0617435697877227e-08,0.8920038938522339,10.799604,10.799604654312134
2478,95.61477851867676,0.89201295,0.8920040130615234,5.560772819990234e-07,0.8920039534568787,10.798704,10.799598693847656
2479,95.65552711486816,0.89201295,0.8920040726661682,9.5859775228746e-07,0.8920039534568787,10.798704,10.799592733383179
2480,95.68870830535889,0.89201295,0.8920044302940369,1.8658258795767324e-06,0.8920039534568787,10.798704,10.799556970596313
2481,95.7216386795044,0.89201295,0.8920051455497742,2.9636723866133252e-06,0.8920039534568787,10.798704,10.799485445022583
2482,95.75685954093933,0.89201295,0.8920065760612488,3.9654996726312675e-06,0.8920039534568787,10.798704,10.799342393875122
2483,95.79177784919739,0.89201295,0.8920090794563293,4.219808488414856e-06,0.8920039534568787,10.798704,10.799092054367065
2484,95.82761979103088,0.8920276,0.8920128345489502,9.434479579795152e-07,0.8920124173164368,10.797238,10.79871654510498
2485,95.86644172668457,0.892036,0.8920132517814636,2.5336507860629354e-06,0.8920129537582397,10.796398,10.798674821853638
2486,95.90783143043518,0.892036,0.8920137286186218,3.853611815429758e-06,0.8920129537582397,10.796398,10.798627138137817
2487,95.9411952495575,0.892036,0.892015814781189,7.077241207298357e-06,0.8920129537582397,10.796398,10.798418521881104
2488,95.98044872283936,0.892036,0.8920202851295471,1.0069269592349883e-05,0.8920129537582397,10.796398,10.797971487045288
2489,96.01350998878479,0.892036,0.89202880859375,9.567542292643338e-06,0.8920129537582397,10.796398,10.797119140625
2490,96.04619789123535,0.892036,0.8920361399650574,1.1920928955078125e-07,0.8920360207557678,10.796398,10.796386003494263
2491,96.08032083511353,0.892036,0.8920361399650574,1.1920928955078125e-07,0.8920360207557678,10.796398,10.796386003494263
2492,96.11481165885925,0.892036,0.8920361399650574,1.1920928955078125e-07,0.8920360207557678,10.796398,10.796386003494263
2493,96.15135288238525,0.892036,0.8920361399650574,1.1920928955078125e-07,0.8920360207557678,10.796398,10.796386003494263
2494,96.18445467948914,0.892036,0.8920361399650574,1.1920928955078125e-07,0.8920360207557678,10.796398,10.796386003494263
2495,96.21766662597656,0.892036,0.8920361399650574,1.1920928955078125e-07,0.8920360207557678,10.796398,10.796386003494263
2496,96.25233435630798,0.892036,0.8920361399650574,1.1920928955078125e-07,0.8920360207557678,10.796398,10.796386003494263
2497,96.28686213493347,0.892036,0.8920361399650574,1.1920928955078125e-07,0.8920360207557678,10.796398,10.796386003494263
2498,96.32038259506226,0.892036,0.8920361399650574,1.1920928955078125e-07,0.8920360207557678,10.796398,10.796386003494263
2499,96.35473084449768,0.892036,0.8920361399650574,1.1920928955078125e-07,0.8920360207557678,10.796398,10.796386003494263
2500,96.3889319896698,0.892036,0.8920361399650574,1.1920928955078125e-07,0.8920360207557678,10.796398,10.796386003494263
2501,96.4289870262146,0.892036,0.8920361399650574,1.1920928955078125e-07,0.8920360207557678,10.796398,10.796386003494263
2502,96.46479630470276,0.892036,0.8920361399650574,1.1920928955078125e-07,0.8920360207557678,10.796398,10.796386003494263
2503,96.49932956695557,0.892036,0.8920361399650574,1.1920928955078125e-07,0.8920360207557678,10.796398,10.796386003494263
2504,96.53271150588989,0.892036,0.8920361399650574,1.1920928955078125e-07,0.8920360207557678,10.796398,10.796386003494263
2505,96.56640338897705,0.892036,0.8920361399650574,1.1920928955078125e-07,0.8920360207557678,10.796398,10.796386003494263
2506,96.60066556930542,0.892036,0.8920361399650574,1.1920928955078125e-07,0.8920360207557678,10.796398,10.796386003494263
2507,96.63470411300659,0.892036,0.8920361399650574,1.1920928955078125e-07,0.8920360207557678,10.796398,10.796386003494263
2508,96.66893935203552,0.892036,0.8920361399650574,1.1920928955078125e-07,0.8920360207557678,10.796398,10.796386003494263
2509,96.70284128189087,0.892036,0.8920361399650574,1.1920928955078125e-07,0.8920360207557678,10.796398,10.796386003494263
2510,96.73593401908875,0.892036,0.8920361399650574,1.1920928955078125e-07,0.8920360207557678,10.796398,10.796386003494263
2511,96.76955389976501,0.892036,0.8920361399650574,1.1920928955078125e-07,0.8920360207557678,10.796398,10.796386003494263
2512,96.80359148979187,0.892036,0.8920361399650574,1.1920928955078125e-07,0.8920360207557678,10.796398,10.796386003494263
2513,96.83848357200623,0.892036,0.8920361399650574,1.1920928955078125e-07,0.8920360207557678,10.796398,10.796386003494263
2514,96.87268900871277,0.892036,0.8920361399650574,1.1920928955078125e-07,0.8920360207557678,10.796398,10.796386003494263
2515,96.90586400032043,0.892036,0.8920361399650574,1.1920928955078125e-07,0.8920360207557678,10.796398,10.796386003494263
2516,96.93995189666748,0.892036,0.8920361399650574,1.1920928955078125e-07,0.8920360207557678,10.796398,10.796386003494263
2517,96.97372841835022,0.8920932,0.8920363783836365,3.5307575672050007e-06,0.8920360207557678,10.790682,10.796362161636353
2518,97.01302313804626,0.89209414,0.8920376300811768,8.826233170111664e-06,0.8920360207557678,10.790586,10.796236991882324
2519,97.05458903312683,0.89209414,0.8920413255691528,1.621251976757776e-05,0.8920360207557678,10.790586,10.795867443084717
2520,97.08798170089722,0.89209414,0.8920482993125916,2.3263439288712107e-05,0.8920360207557678,10.790586,10.795170068740845
2521,97.1209647655487,0.89209414,0.8920633792877197,2.853007936209906e-05,0.8920360207557678,10.790586,10.793662071228027
2522,97.15477991104126,0.89210266,0.8920931220054626,2.8018764623993775e-06,0.8920807242393494,10.789734,10.790687799453735
2523,97.19736862182617,0.89210266,0.8920941352844238,1.2880963140560198e-06,0.8920941352844238,10.789734,10.790586471557617
2524,97.23110795021057,0.89210266,0.892094612121582,2.2356334739015438e-06,0.8920941352844238,10.789734,10.790538787841797
2525,97.26545095443726,0.89210266,0.8920953273773193,3.01835189020494e-06,0.8920941352844238,10.789734,10.790467262268066
2526,97.29908895492554,0.89210266,0.8920966386795044,3.90368586522527e-06,0.8920941352844238,10.789734,10.79033613204956
2527,97.3334538936615,0.89210266,0.8920995593070984,4.044836259708973e-06,0.8920941352844238,10.789734,10.790044069290161
2528,97.36752367019653,0.89210266,0.8921025395393372,1.0946582307269637e-07,0.8921025395393372,10.789734,10.789746046066284
2529,97.40044856071472,0.8921037,0.8921025395393372,1.380616652113531e-07,0.8921026587486267,10.789633,10.789746046066284
2530,97.44041752815247,0.89210486,0.8921025395393372,2.2219624895569723e-07,0.8921026587486267,10.789514,10.789746046066284
2531,97.48111391067505,0.8921056,0.8921026587486267,4.907794846076285e-07,0.8921026587486267,10.789442,10.789734125137329
2532,97.52369618415833,0.8921056,0.892102837562561,8.038867349569045e-07,0.8921026587486267,10.789442,10.789716243743896
2533,97.56096887588501,0.8921056,0.8921032547950745,1.1221632121305447e-06,0.8921026587486267,10.789442,10.789674520492554
2534,97.59606122970581,0.8921056,0.8921040892601013,1.2674828440140118e-06,0.8921026587486267,10.789442,10.789591073989868
2535,97.63188862800598,0.8921073,0.892105221748352,3.7944249697829946e-07,0.8921048641204834,10.789269,10.789477825164795
2536,97.67212581634521,0.8921073,0.8921053409576416,2.932554536982934e-07,0.8921055793762207,10.789269,10.78946590423584
2537,97.70632028579712,0.892128,0.8921055197715759,1.4212621408660198e-06,0.8921055793762207,10.787201,10.789448022842407
2538,97.74881029129028,0.892128,0.8921060562133789,3.369494606886292e-06,0.8921055793762207,10.787201,10.78939437866211
2539,97.78870487213135,0.8921297,0.8921074867248535,6.0332331486279145e-06,0.8921055793762207,10.787028,10.789251327514648
2540,97.83709573745728,0.8921297,0.892110288143158,8.805720426607877e-06,0.8921055793762207,10.787028,10.788971185684204
2541,97.87232184410095,0.89216423,0.8921155333518982,1.0962631677102763e-05,0.8921055793762207,10.783577,10.78844666481018
2542,97.91407108306885,0.89216423,0.89212566614151,9.63772527029505e-06,0.8921073079109192,10.783577,10.787433385848999
2543,97.94828605651855,0.892188,0.8921318650245667,9.542074622004293e-06,0.8921279907226562,10.7811985,10.786813497543335
2544,97.98968148231506,0.89219534,0.8921378254890442,1.7523705537314527e-05,0.8921297192573547,10.780466,10.786217451095581
2545,98.0329978466034,0.89219534,0.8921486735343933,2.412297726550605e-05,0.8921297192573547,10.780466,10.785132646560669
2546,98.06657075881958,0.8922261,0.8921693563461304,2.2389534933608957e-05,0.8921297192573547,10.77739,10.783064365386963
2547,98.10811853408813,0.8922261,0.8921891450881958,7.808431291778106e-06,0.8921659588813782,10.77739,10.78108549118042
2548,98.1431655883789,0.89226806,0.8921947479248047,9.993777894123923e-06,0.8921898007392883,10.773193,10.780525207519531
2549,98.18467330932617,0.89231294,0.8922023177146912,1.7643011233303696e-05,0.8921898007392883,10.768705,10.779768228530884
2550,98.22648453712463,0.89237714,0.8922156691551208,2.7348998628440313e-05,0.8921953439712524,10.762286,10.778433084487915
2551,98.26786279678345,0.89237714,0.8922363519668579,3.9496437238994986e-05,0.8922023773193359,10.762286,10.776364803314209
2552,98.30319690704346,0.89237714,0.8922731876373291,4.113492104806937e-05,0.8922260999679565,10.762286,10.77268123626709
2553,98.33759117126465,0.89239126,0.8923093676567078,3.101689799223095e-05,0.8922665119171143,10.760874,10.769063234329224
2554,98.38138628005981,0.89239126,0.8923355340957642,3.081344402744435e-05,0.8923009037971497,10.760874,10.766446590423584
2555,98.41611838340759,0.8924025,0.8923637866973877,2.458299059071578e-05,0.8923129439353943,10.759747,10.76362133026123
2556,98.45735096931458,0.89241666,0.8923810720443726,7.647556230949704e-06,0.8923771381378174,10.758334,10.761892795562744
2557,98.4984860420227,0.89241666,0.8923860788345337,9.47357330005616e-06,0.8923771381378174,10.758334,10.76139211654663
2558,98.53231811523438,0.89241666,0.8923938274383545,9.473239515500609e-06,0.892382800579071,10.758334,10.76061725616455
2559,98.56664443016052,0.89243,0.8924023509025574,8.714255272934679e-06,0.8923912644386292,10.756999,10.759764909744263
2560,98.60829734802246,0.8924385,0.8924099802970886,6.3018255787028465e-06,0.8924025297164917,10.756153,10.759001970291138
2561,98.65220332145691,0.8924385,0.8924155831336975,4.811964117834577e-06,0.8924081921577454,10.756153,10.758441686630249
2562,98.68568873405457,0.89246386,0.8924192786216736,7.65688037063228e-06,0.8924166560173035,10.753613,10.758072137832642
2563,98.72744345664978,0.89246386,0.8924237489700317,1.3732175830227789e-05,0.8924166560173035,10.753613,10.757625102996826
2564,98.76202845573425,0.89246386,0.8924338817596436,1.8647153410711326e-05,0.8924166560173035,10.753613,10.756611824035645
2565,98.79546308517456,0.89246386,0.8924503326416016,1.4052182450541295e-05,0.8924300074577332,10.753613,10.754966735839844
2566,98.82732129096985,0.89246386,0.8924633860588074,1.4710367395309731e-06,0.8924553990364075,10.753613,10.753661394119263
2567,98.8617844581604,0.8924684,0.892463743686676,3.1052528015607095e-07,0.8924636840820312,10.75316,10.753625631332397
2568,98.90306258201599,0.8924684,0.892463743686676,5.11876692144142e-07,0.8924638628959656,10.75316,10.753625631332397
2569,98.93855857849121,0.8924685,0.8924639821052551,8.660310868435772e-07,0.8924638628959656,10.753149,10.753601789474487
2570,98.98018264770508,0.8924685,0.8924643397331238,1.417536395820207e-06,0.8924638628959656,10.753149,10.753566026687622
2571,99.01443004608154,0.8924685,0.8924650549888611,1.983608171940432e-06,0.8924638628959656,10.753149,10.753494501113892
2572,99.0485429763794,0.8924685,0.8924664258956909,2.1422551981231663e-06,0.8924638628959656,10.753149,10.753357410430908
2573,99.08255696296692,0.8924685,0.8924684524536133,2.2110828012955608e-07,0.8924678564071655,10.753149,10.753154754638672
2574,99.11631989479065,0.8924703,0.8924685120582581,1.1300773650191331e-07,0.8924683928489685,10.75297,10.753148794174194
2575,99.15699625015259,0.89248466,0.8924685716629028,1.0251889079881948e-06,0.8924685120582581,10.7515335,10.753142833709717
2576,99.19856142997742,0.89252216,0.8924691081047058,4.463274763111258e-06,0.8924685120582581,10.747785,10.753089189529419
2577,99.23858880996704,0.89252216,0.8924714922904968,1.1007056855305564e-05,0.8924685120582581,10.747785,10.752850770950317
2578,99.2722818851471,0.89252216,0.8924756646156311,1.6265637896140106e-05,0.8924685120582581,10.747785,10.75243353843689
2579,99.30625343322754,0.8925427,0.892484188079834,2.207806392107159e-05,0.8924685120582581,10.745728,10.751581192016602
2580,99.34729790687561,0.8925427,0.8924999237060547,2.419833435851615e-05,0.8924703001976013,10.745728,10.750007629394531
2581,99.38150215148926,0.89254427,0.892521858215332,1.0496945833438076e-05,0.8925070762634277,10.745573,10.747814178466797
2582,99.42259407043457,0.89254427,0.8925302624702454,9.93202775134705e-06,0.8925221562385559,10.745573,10.746973752975464
2583,99.45595812797546,0.89254427,0.8925389051437378,7.898139301687479e-06,0.8925221562385559,10.745573,10.74610948562622
2584,99.49048686027527,0.89254427,0.8925431370735168,6.938271326362155e-07,0.8925427198410034,10.745573,10.745686292648315
2585,99.52336931228638,0.89254427,0.8925434350967407,7.854007435526e-07,0.8925427198410034,10.745573,10.745656490325928
2586,99.55784630775452,0.89254916,0.892544150352478,3.3169058610837965e-07,0.8925442695617676,10.745085,10.745584964752197
2587,99.59902882575989,0.89254916,0.892544150352478,4.5368096834863536e-07,0.8925442695617676,10.745085,10.745584964752197
2588,99.63302516937256,0.89267665,0.8925447463989258,8.20433888293337e-06,0.8925442695617676,10.732335,10.745525360107422
2589,99.67425203323364,0.89271516,0.8925479650497437,2.1464791643666103e-05,0.8925442695617676,10.728484,10.745203495025635
2590,99.71366214752197,0.8927262,0.8925594091415405,4.295571125112474e-05,0.8925442695617676,10.727382,10.744059085845947
2591,99.75574588775635,0.8927264,0.8925796151161194,6.124510400695726e-05,0.8925442695617676,10.727358,10.742038488388062
2592,99.79583311080933,0.8928601,0.8926255106925964,7.555942283943295e-05,0.8925476670265198,10.713988,10.737448930740356
2593,99.83639025688171,0.8928601,0.8927034735679626,4.944206011714414e-05,0.8926353454589844,10.713988,10.729652643203735
2594,99.87015533447266,0.8928622,0.8927456736564636,6.278364890022203e-05,0.8926780223846436,10.713779,10.725432634353638
2595,99.91135168075562,0.8928622,0.8927885890007019,6.47008782834746e-05,0.8927261829376221,10.713779,10.72114109992981
2596,99.9456377029419,0.8928622,0.8928515315055847,2.6893798349192366e-05,0.8927374482154846,10.713779,10.714846849441528
2597,99.98162198066711,0.89288324,0.8928601741790771,2.0830325411225203e-06,0.8928587436676025,10.711676,10.713982582092285
2598,100.02333402633667,0.89288324,0.8928619027137756,2.4870062134141335e-06,0.8928601145744324,10.711676,10.713809728622437
2599,100.05751824378967,0.89288646,0.8928631544113159,4.211514806229388e-06,0.8928622007369995,10.711354,10.713684558868408
2600,100.0984275341034,0.89288664,0.8928651213645935,7.0532632889808156e-06,0.8928622007369995,10.711336,10.71348786354065
2601,100.14134860038757,0.89288664,0.8928685784339905,9.545254215481691e-06,0.8928622007369995,10.711336,10.713142156600952
2602,100.17580199241638,0.89288664,0.8928760886192322,9.74825434241211e-06,0.8928622007369995,10.711336,10.712391138076782
2603,100.20946216583252,0.89288664,0.8928846716880798,2.7257631245447556e-06,0.8928770422935486,10.711336,10.711532831192017
2604,100.24282956123352,0.892892,0.8928868174552917,3.6699299243991845e-07,0.8928866386413574,10.7108,10.711318254470825
2605,100.28508615493774,0.8929241,0.8928871750831604,3.310718284410541e-06,0.8928866386413574,10.707593,10.71128249168396
2606,100.3282458782196,0.8929241,0.8928884267807007,7.209926025097957e-06,0.8928866386413574,10.707593,10.711157321929932
2607,100.36248445510864,0.8929241,0.8928913474082947,1.1888878361787647e-05,0.8928866386413574,10.707593,10.710865259170532
2608,100.39553427696228,0.8929241,0.8928971886634827,1.6378582586185075e-05,0.8928866386413574,10.707593,10.710281133651733
2609,100.42924809455872,0.8929306,0.8929104804992676,1.748797694745008e-05,0.8928866386413574,10.706938,10.708951950073242
2610,100.47176742553711,0.8929306,0.892924427986145,1.2024983107039589e-06,0.8929240703582764,10.706938,10.707557201385498
2611,100.50632047653198,0.8929306,0.8929248452186584,1.9172859992977465e-06,0.8929240703582764,10.706938,10.707515478134155
2612,100.5409996509552,0.8929306,0.8929255604743958,2.623571617732523e-06,0.8929240703582764,10.706938,10.707443952560425
2613,100.57533597946167,0.8929306,0.892926812171936,3.2138141250470653e-06,0.8929240703582764,10.706938,10.707318782806396
2614,100.61080503463745,0.8929306,0.8929295539855957,2.4865419163688784e-06,0.8929240703582764,10.706938,10.70704460144043
2615,100.64458799362183,0.8929306,0.8929306864738464,5.960464477539063e-08,0.8929306268692017,10.706938,10.706931352615356
2616,100.67759990692139,0.8929319,0.8929306864738464,9.472849882286027e-08,0.8929306268692017,10.706812,10.706931352615356
2617,100.71902108192444,0.8929319,0.8929306864738464,1.7509023564343806e-07,0.8929306268692017,10.706812,10.706931352615356
2618,100.75411915779114,0.8929319,0.892930805683136,3.031307471701439e-07,0.8929306268692017,10.706812,10.706919431686401
2619,100.78730750083923,0.8929319,0.8929308652877808,4.405390257034014e-07,0.8929306268692017,10.706812,10.706913471221924
2620,100.82172441482544,0.8929319,0.8929310441017151,5.717195676879783e-07,0.8929306268692017,10.706812,10.706895589828491
2621,100.85699033737183,0.8929319,0.8929314017295837,6.187603389662399e-07,0.8929306268692017,10.706812,10.706859827041626
2622,100.8910219669342,0.8929319,0.8929318785667419,0.0,0.8929318785667419,10.706812,10.706812143325806
2623,100.92517852783203,0.8929319,0.8929318785667419,0.0,0.8929318785667419,10.706812,10.706812143325806
2624,100.95867824554443,0.8929319,0.8929318785667419,0.0,0.8929318785667419,10.706812,10.706812143325806
2625,100.9931309223175,0.8929319,0.8929318785667419,0.0,0.8929318785667419,10.706812,10.706812143325806
2626,101.02609944343567,0.8929319,0.8929318785667419,0.0,0.8929318785667419,10.706812,10.706812143325806
2627,101.05819344520569,0.8929319,0.8929318785667419,0.0,0.8929318785667419,10.706812,10.706812143325806
2628,101.09256768226624,0.8929319,0.8929318785667419,0.0,0.8929318785667419,10.706812,10.706812143325806
2629,101.12718725204468,0.8929593,0.8929319381713867,1.69287648077443e-06,0.8929318785667419,10.70407,10.706806182861328
2630,101.16854524612427,0.892971,0.8929324150085449,4.125893156015081e-06,0.8929318785667419,10.702902,10.706758499145508
2631,101.21019315719604,0.892971,0.8929335474967957,7.03015030012466e-06,0.8929318785667419,10.702902,10.706645250320435
2632,101.24431037902832,0.8929907,0.8929382562637329,1.5181359231064562e-05,0.8929318785667419,10.70093,10.706174373626709
2633,101.28564953804016,0.8929907,0.8929473757743835,2.232398219348397e-05,0.8929318785667419,10.70093,10.705262422561646
2634,101.32035446166992,0.8929907,0.892964780330658,2.376936754444614e-05,0.8929318785667419,10.70093,10.703521966934204
2635,101.35349774360657,0.8929907,0.8929870128631592,5.997595508233644e-06,0.8929709792137146,10.70093,10.701298713684082
2636,101.38737106323242,0.8929907,0.89299076795578,5.960464477539063e-08,0.8929907083511353,10.70093,10.700923204421997
2637,101.42048859596252,0.8930351,0.8929910063743591,3.132342499156948e-06,0.8929907083511353,10.696488,10.700899362564087
2638,101.46282148361206,0.8931328,0.892993152141571,1.536557283543516e-05,0.8929907083511353,10.68672,10.700684785842896
2639,101.50296115875244,0.8931328,0.8929993510246277,3.032082531717606e-05,0.8929907083511353,10.68672,10.700064897537231
2640,101.5374014377594,0.8931328,0.8930124044418335,4.758427894557826e-05,0.8929907083511353,10.68672,10.69875955581665
2641,101.56900525093079,0.89315116,0.8930395841598511,6.269715231610462e-05,0.8929907083511353,10.684883,10.696041584014893
2642,101.60986542701721,0.89315116,0.8930928707122803,5.546235843212344e-05,0.8929907083511353,10.684883,10.690712928771973
2643,101.64490914344788,0.89315116,0.893134355545044,4.552035534288734e-06,0.8931328058242798,10.684883,10.686564445495605
2644,101.68017745018005,0.8931575,0.8931363224983215,6.6770321609510574e-06,0.8931328058242798,10.684252,10.686367750167847
2645,101.72172236442566,0.8931575,0.8931400179862976,8.353494195034727e-06,0.8931328058242798,10.684252,10.68599820137024
2646,101.75613594055176,0.8931575,0.8931474089622498,6.563062925124541e-06,0.893139123916626,10.684252,10.685259103775024
2647,101.7894651889801,0.8931575,0.8931532502174377,2.919845883297967e-06,0.8931511640548706,10.684252,10.684674978256226
2648,101.82396078109741,0.8931575,0.8931553959846497,3.0245043944887584e-06,0.8931511640548706,10.684252,10.684460401535034
2649,101.85799312591553,0.8931575,0.8931576609611511,1.7881393432617188e-07,0.8931574821472168,10.684252,10.684233903884888
2650,101.89146161079407,0.8931575,0.8931576609611511,1.7881393432617188e-07,0.8931574821472168,10.684252,10.684233903884888
2651,101.92424178123474,0.8931575,0.8931576609611511,1.7881393432617188e-07,0.8931574821472168,10.684252,10.684233903884888
2652,101.95787811279297,0.8931575,0.8931576609611511,1.7881393432617188e-07,0.8931574821472168,10.684252,10.684233903884888
2653,101.99193096160889,0.8931575,0.8931576609611511,1.7881393432617188e-07,0.8931574821472168,10.684252,10.684233903884888
2654,102.02540421485901,0.8931575,0.8931576609611511,1.7881393432617188e-07,0.8931574821472168,10.684252,10.684233903884888
2655,102.05890965461731,0.8931575,0.8931576609611511,1.7881393432617188e-07,0.8931574821472168,10.684252,10.684233903884888
2656,102.09662961959839,0.8931972,0.8931577801704407,2.4544742700527422e-06,0.8931574821472168,10.680283,10.684221982955933
2657,102.13707232475281,0.8932043,0.8931584358215332,5.394294021243695e-06,0.8931574821472168,10.679573,10.68415641784668
2658,102.17735004425049,0.8932043,0.8931607007980347,1.0445625775901135e-05,0.8931574821472168,10.679573,10.683929920196533
2659,102.21124863624573,0.8932043,0.8931642770767212,1.4310454389487859e-05,0.8931574821472168,10.679573,10.68357229232788
2660,102.24490022659302,0.8932432,0.8931726813316345,1.969022923731245e-05,0.8931574821472168,10.67568,10.682731866836548
2661,102.28688621520996,0.89324564,0.8931890726089478,2.0018502254970372e-05,0.8931574821472168,10.675436,10.681092739105225
2662,102.32756304740906,0.8932473,0.8932074308395386,1.6793026588857174e-05,0.8931856751441956,10.675269,10.679256916046143
2663,102.36842513084412,0.8932473,0.8932209014892578,1.729229734337423e-05,0.8932013511657715,10.675269,10.677909851074219
2664,102.40251517295837,0.8932473,0.8932381272315979,8.509298822900746e-06,0.8932191133499146,10.675269,10.67618727684021
2665,102.43740940093994,0.8932473,0.8932457566261292,1.6587703157711076e-06,0.8932431936264038,10.675269,10.675424337387085
2666,102.47062230110168,0.8932473,0.8932471871376038,5.106011258249055e-07,0.8932456374168396,10.675269,10.675281286239624
2667,102.50379347801208,0.89325035,0.8932474255561829,2.1627820956382493e-07,0.8932473063468933,10.674965,10.675257444381714
2668,102.54518556594849,0.89325035,0.8932474255561829,3.8009537206562527e-07,0.8932473063468933,10.674965,10.675257444381714
2669,102.5801649093628,0.89325035,0.8932475447654724,6.884459367029194e-07,0.8932473063468933,10.674965,10.675245523452759
2670,102.61741423606873,0.89325035,0.8932477831840515,1.0256228506477783e-06,0.8932473063468933,10.674965,10.675221681594849
2671,102.65203475952148,0.89325035,0.8932482004165649,1.3802892908643116e-06,0.8932473063468933,10.674965,10.675179958343506
2672,102.68570899963379,0.89325035,0.8932491540908813,1.5006165767772472e-06,0.8932473063468933,10.674965,10.675084590911865
2673,102.7199501991272,0.89325035,0.8932504653930664,1.1920928955078125e-07,0.8932503461837769,10.674965,10.67495346069336
2674,102.75466012954712,0.89325035,0.8932504653930664,1.1920928955078125e-07,0.8932503461837769,10.674965,10.67495346069336
2675,102.78844547271729,0.89325035,0.8932504653930664,1.1920928955078125e-07,0.8932503461837769,10.674965,10.67495346069336
2676,102.81987380981445,0.89325035,0.8932504653930664,1.1920928955078125e-07,0.8932503461837769,10.674965,10.67495346069336
2677,102.85384249687195,0.89325035,0.8932504653930664,1.1920928955078125e-07,0.8932503461837769,10.674965,10.67495346069336
2678,102.88855791091919,0.89325035,0.8932504653930664,1.1920928955078125e-07,0.8932503461837769,10.674965,10.67495346069336
2679,102.92377972602844,0.89329815,0.8932506442070007,2.9526879643526627e-06,0.8932503461837769,10.670185,10.674935579299927
2680,102.97568869590759,0.8933016,0.8932520747184753,8.929642717703246e-06,0.8932503461837769,10.66984,10.674792528152466
2681,103.03049230575562,0.8933016,0.8932551145553589,1.4472455404757056e-05,0.8932503461837769,10.66984,10.674488544464111
2682,103.06699419021606,0.8933016,0.8932603597640991,1.986274764931295e-05,0.8932503461837769,10.66984,10.673964023590088
2683,103.10323405265808,0.8933016,0.8932722806930542,2.475309702276718e-05,0.8932503461837769,10.66984,10.67277193069458
2684,103.13809442520142,0.8933016,0.8932937383651733,1.711864570097532e-05,0.8932503461837769,10.66984,10.670626163482666
2685,103.17246985435486,0.8933016,0.8933016657829285,5.960464477539063e-08,0.8933016061782837,10.66984,10.669833421707153
2686,103.20661616325378,0.8933016,0.8933016657829285,5.960464477539063e-08,0.8933016061782837,10.66984,10.669833421707153
2687,103.23932218551636,0.8933016,0.8933016657829285,5.960464477539063e-08,0.8933016061782837,10.66984,10.669833421707153
2688,103.27395224571228,0.8933126,0.8933017253875732,6.813045843045984e-07,0.8933016061782837,10.668743,10.669827461242676
2689,103.31619453430176,0.8933126,0.8933018445968628,1.3478527307597687e-06,0.8933016061782837,10.668743,10.66981554031372
2690,103.3505687713623,0.8933245,0.8933025002479553,3.4837476050597616e-06,0.8933016061782837,10.667551,10.669749975204468
2691,103.39102172851562,0.8933379,0.893304169178009,6.867095635243459e-06,0.8933016061782837,10.666209,10.669583082199097
2692,103.43253302574158,0.8933379,0.8933078646659851,1.0805581041495316e-05,0.8933016061782837,10.666209,10.66921353340149
2693,103.46590065956116,0.8933379,0.893316388130188,1.3116288755554706e-05,0.8933016061782837,10.666209,10.668361186981201
2694,103.49974346160889,0.8933379,0.8933289647102356,6.611159278691048e-06,0.8933210968971252,10.666209,10.66710352897644
2695,103.5329360961914,0.8933379,0.8933352828025818,3.7635186345141847e-06,0.8933244943618774,10.666209,10.666471719741821
2696,103.5662271976471,0.8933379,0.8933379650115967,5.960464477539063e-08,0.8933379054069519,10.666209,10.666203498840332
2697,103.59988617897034,0.8933379,0.8933379650115967,5.960464477539063e-08,0.8933379054069519,10.666209,10.666203498840332
2698,103.63511991500854,0.8933618,0.893338143825531,1.8672124042495852e-06,0.8933379054069519,10.663819,10.6661856174469
2699,103.67760181427002,0.8933687,0.8933388590812683,4.641571194952121e-06,0.8933379054069519,10.663128,10.666114091873169
2700,103.71814036369324,0.8933687,0.8933407068252563,8.229850209318101e-06,0.8933379054069519,10.663128,10.665929317474365
2701,103.75182318687439,0.8933687,0.8933441638946533,1.1670727872115094e-05,0.8933379054069519,10.663128,10.665583610534668
2702,103.78339719772339,0.8933687,0.8933504223823547,1.4153653864923399e-05,0.8933379054069519,10.663128,10.664957761764526
2703,103.84462976455688,0.89336026,0.8898206353187561,0.002855630125850439,0.8834308981895447,10.663975,11.01793646812439
2704,103.88594222068787,0.89336026,0.8921966552734375,0.0009015948162414134,0.8903915882110596,10.663975,10.78033447265625
2705,103.92022848129272,0.89336026,0.8929275274276733,0.0003509869275148958,0.8922867774963379,10.663975,10.707247257232666
2706,103.95494866371155,0.8933911,0.8932459950447083,0.00010575489432085305,0.892966091632843,10.6608925,10.675400495529175
2707,103.99804186820984,0.8933911,0.8933314085006714,2.6212577722617425e-05,0.8932991027832031,10.6608925,10.666859149932861
2708,104.03252029418945,0.8933911,0.8933565616607666,1.4780523997615092e-05,0.8933355808258057,10.6608925,10.66434383392334
2709,104.06643748283386,0.8933911,0.8933670520782471,1.1708982128766365e-05,0.8933602571487427,10.6608925,10.663294792175293
2710,104.10211443901062,0.8933911,0.8933746814727783,1.3657718227477744e-05,0.8933602571487427,10.6608925,10.662531852722168
2711,104.14030480384827,0.8933911,0.8933864235877991,8.68787810759386e-06,0.8933663368225098,10.6608925,10.661357641220093
2712,104.1744818687439,0.89340967,0.8933917880058289,3.733646281034453e-06,0.8933910727500916,10.659033,10.660821199417114
2713,104.21930265426636,0.89340967,0.89339280128479,5.566046638705302e-06,0.8933910727500916,10.659033,10.660719871520996
2714,104.25382804870605,0.89340967,0.8933953642845154,7.897348041296937e-06,0.8933910727500916,10.659033,10.660463571548462
2715,104.28829145431519,0.89340967,0.8934001326560974,9.282473001803737e-06,0.8933910727500916,10.659033,10.659986734390259
2716,104.32159399986267,0.89341706,0.893409013748169,3.320368250570027e-06,0.8933910727500916,10.658294,10.659098625183105
2717,104.3619909286499,0.8934171,0.8934097290039062,7.896144893493329e-07,0.8934096693992615,10.658288,10.659027099609375
2718,104.40403723716736,0.8934171,0.8934099674224854,1.4891630826241453e-06,0.8934096693992615,10.658288,10.659003257751465
2719,104.43690752983093,0.8934171,0.8934104442596436,2.3152051653596573e-06,0.8934096693992615,10.658288,10.658955574035645
2720,104.47058963775635,0.8934171,0.89341139793396,3.1069214401213685e-06,0.8934096693992615,10.658288,10.658860206604004
2721,104.50430178642273,0.8934245,0.8934131860733032,3.874680714943679e-06,0.8934096693992615,10.657549,10.658681392669678
2722,104.54454970359802,0.8934245,0.893417239189148,3.0306150620162953e-06,0.8934096693992615,10.657549,10.658276081085205
2723,104.57921600341797,0.8934245,0.8934192061424255,3.218101028323872e-06,0.8934171199798584,10.657549,10.658079385757446
2724,104.61330771446228,0.8934245,0.8934212923049927,3.6925162021361757e-06,0.8934171199798584,10.657549,10.657870769500732
2725,104.64884305000305,0.8934245,0.8934246897697449,1.7881393432617188e-07,0.8934245109558105,10.657549,10.657531023025513
2726,104.68383002281189,0.8934245,0.8934246897697449,1.7881393432617188e-07,0.8934245109558105,10.657549,10.657531023025513
2727,104.71891641616821,0.8934245,0.8934246897697449,1.7881393432617188e-07,0.8934245109558105,10.657549,10.657531023025513
2728,104.75314855575562,0.8934245,0.8934246897697449,1.7881393432617188e-07,0.8934245109558105,10.657549,10.657531023025513
2729,104.78734540939331,0.8934245,0.8934246897697449,1.7881393432617188e-07,0.8934245109558105,10.657549,10.657531023025513
2730,104.82057595252991,0.8934245,0.8934246897697449,1.7881393432617188e-07,0.8934245109558105,10.657549,10.657531023025513
2731,104.8542742729187,0.8934245,0.8934246897697449,1.7881393432617188e-07,0.8934245109558105,10.657549,10.657531023025513
2732,104.88954997062683,0.8934245,0.8934246897697449,1.7881393432617188e-07,0.8934245109558105,10.657549,10.657531023025513
2733,104.92240142822266,0.8934245,0.8934246897697449,1.7881393432617188e-07,0.8934245109558105,10.657549,10.657531023025513
2734,104.95521473884583,0.8934245,0.8934246897697449,1.7881393432617188e-07,0.8934245109558105,10.657549,10.657531023025513
2735,104.9916353225708,0.8934245,0.8934246897697449,1.7881393432617188e-07,0.8934245109558105,10.657549,10.657531023025513
2736,105.02541828155518,0.8934245,0.8934246897697449,1.7881393432617188e-07,0.8934245109558105,10.657549,10.657531023025513
2737,105.06016063690186,0.8934245,0.8934246897697449,1.7881393432617188e-07,0.8934245109558105,10.657549,10.657531023025513
2738,105.09297466278076,0.8934245,0.8934246897697449,1.7881393432617188e-07,0.8934245109558105,10.657549,10.657531023025513
2739,105.1260313987732,0.8934301,0.8934246897697449,3.7994342960701033e-07,0.8934245109558105,10.656988,10.657531023025513
2740,105.16594791412354,0.8934301,0.8934247493743896,6.215535108822223e-07,0.8934245109558105,10.656988,10.657525062561035
2741,105.20019912719727,0.8934301,0.8934249877929688,1.2768140322805266e-06,0.8934245109558105,10.656988,10.657501220703125
2742,105.23399639129639,0.8934301,0.8934255242347717,1.9845565475407057e-06,0.8934245109558105,10.656988,10.657447576522827
2743,105.26920175552368,0.8934322,0.8934261798858643,2.5433901100768708e-06,0.8934245109558105,10.65678,10.657382011413574
2744,105.31259846687317,0.8934322,0.893427848815918,2.7713479084923165e-06,0.8934245109558105,10.65678,10.657215118408203
2745,105.3482449054718,0.8934322,0.8934301733970642,5.563642844208516e-07,0.8934301137924194,10.65678,10.656982660293579
2746,105.38147640228271,0.8934322,0.8934304118156433,7.822245038369147e-07,0.8934301137924194,10.65678,10.656958818435669
2747,105.4144983291626,0.8934461,0.8934310078620911,1.37758240725816e-06,0.8934301137924194,10.655392,10.656899213790894
2748,105.45544981956482,0.8934482,0.8934322595596313,2.5293279577454086e-06,0.8934301137924194,10.655183,10.656774044036865
2749,105.49739527702332,0.89344823,0.8934334516525269,3.8129740005388157e-06,0.8934321999549866,10.655176,10.656654834747314
2750,105.53973507881165,0.89344823,0.8934349417686462,5.640899416903267e-06,0.8934321999549866,10.655176,10.656505823135376
2751,105.5739688873291,0.8934491,0.8934378623962402,7.216219273686875e-06,0.8934321999549866,10.655087,10.656213760375977
2752,105.6170802116394,0.89346504,0.8934433460235596,6.719805242028087e-06,0.8934321999549866,10.653496,10.655665397644043
2753,105.65882849693298,0.89346504,0.8934487104415894,4.17092769566807e-06,0.8934460878372192,10.653496,10.655128955841064
2754,105.69279599189758,0.8934671,0.8934510350227356,6.201691121532349e-06,0.8934481739997864,10.653287,10.65489649772644
2755,105.73392462730408,0.8934671,0.893454909324646,8.085285116976593e-06,0.8934482336044312,10.653287,10.6545090675354
2756,105.76943278312683,0.8934671,0.8934618234634399,6.493997261713957e-06,0.8934491276741028,10.653287,10.653817653656006
2757,105.80305743217468,0.8934671,0.8934657573699951,9.836778644967126e-07,0.8934650421142578,10.653287,10.653424263000488
2758,105.83679103851318,0.8934671,0.8934666514396667,7.222824365271663e-07,0.8934650421142578,10.653287,10.653334856033325
2759,105.87029695510864,0.8934671,0.8934670686721802,5.960464477539063e-08,0.893467128276825,10.653287,10.653293132781982
2760,105.90395736694336,0.89347345,0.8934670686721802,3.9885352975943533e-07,0.893467128276825,10.652656,10.653293132781982
2761,105.94393420219421,0.89347345,0.8934671878814697,7.762968152746907e-07,0.893467128276825,10.652656,10.653281211853027
2762,105.97740888595581,0.89347345,0.893467366695404,1.421747242602578e-06,0.893467128276825,10.652656,10.653263330459595
2763,106.00907635688782,0.89347345,0.8934679627418518,2.0529487301246263e-06,0.893467128276825,10.652656,10.65320372581482
2764,106.04399156570435,0.89347345,0.8934691548347473,2.6038310352305416e-06,0.893467128276825,10.652656,10.653084516525269
2765,106.07794547080994,0.89347345,0.8934714794158936,1.9785918539128033e-06,0.893467128276825,10.652656,10.652852058410645
2766,106.11136078834534,0.89347345,0.893473207950592,9.673484555605683e-07,0.8934704065322876,10.652656,10.652679204940796
2767,106.14707684516907,0.89347345,0.8934735655784607,1.1920928955078125e-07,0.8934734463691711,10.652656,10.65264344215393
2768,106.18024277687073,0.89347345,0.8934735655784607,1.1920928955078125e-07,0.8934734463691711,10.652656,10.65264344215393
2769,106.21337461471558,0.89347345,0.8934735655784607,1.1920928955078125e-07,0.8934734463691711,10.652656,10.65264344215393
2770,106.24664044380188,0.8934749,0.8934735655784607,1.4398641212665098e-07,0.8934734463691711,10.652513,10.65264344215393
2771,106.28865933418274,0.8934749,0.8934735655784607,1.6508580813479057e-07,0.8934734463691711,10.652513,10.65264344215393
2772,106.32362341880798,0.8934749,0.8934735655784607,2.3095076073786913e-07,0.8934734463691711,10.652513,10.65264344215393
2773,106.35705399513245,0.89347947,0.8934736847877502,5.349645562091609e-07,0.8934734463691711,10.652054,10.652631521224976
2774,106.39738464355469,0.8934796,0.8934738636016846,9.394180437993782e-07,0.8934734463691711,10.652041,10.652613639831543
2775,106.4382586479187,0.8934796,0.8934744000434875,1.4287581961980322e-06,0.8934734463691711,10.652041,10.652559995651245
2776,106.47273921966553,0.8934809,0.8934754729270935,1.7837310224422254e-06,0.8934734463691711,10.651911,10.65245270729065
2777,106.51323318481445,0.8934902,0.8934767246246338,2.373473080297117e-06,0.8934748768806458,10.65098,10.652327537536621
2778,106.55566644668579,0.8934916,0.89347904920578,2.191902694903547e-06,0.8934748768806458,10.650837,10.652095079421997
2779,106.59869360923767,0.893499,0.8934807181358337,2.859901996998815e-06,0.893479585647583,10.650099,10.651928186416626
2780,106.64180254936218,0.8935007,0.8934825658798218,4.427743533597095e-06,0.893479585647583,10.649931,10.651743412017822
2781,106.6847460269928,0.8935169,0.8934854865074158,6.235312412172789e-06,0.8934808969497681,10.64831,10.651451349258423
2782,106.72524285316467,0.89352584,0.8934911489486694,7.73099236539565e-06,0.8934839963912964,10.647416,10.650885105133057
2783,106.76751613616943,0.89352584,0.89349764585495,9.136663720710203e-06,0.8934871554374695,10.647416,10.650235414505005
2784,106.80218410491943,0.89352584,0.8935052156448364,9.149885954684578e-06,0.8934944272041321,10.647416,10.649478435516357
2785,106.83693313598633,0.89352584,0.8935133218765259,7.260445272549987e-06,0.8935006856918335,10.647416,10.648667812347412
2786,106.87206196784973,0.89352584,0.8935191035270691,4.592322966345819e-06,0.8935133814811707,10.647416,10.64808964729309
2787,106.90372896194458,0.89352584,0.8935230374336243,3.098826709901914e-06,0.8935182094573975,10.647416,10.647696256637573
2788,106.93788242340088,0.89352584,0.8935259580612183,2.8584196343217627e-07,0.8935244679450989,10.647416,10.647404193878174
2789,106.97216820716858,0.8935274,0.893526017665863,1.9758311964324093e-07,0.8935258388519287,10.647261,10.647398233413696
2790,107.0124716758728,0.8935588,0.8935261368751526,2.0458089693420334e-06,0.8935258388519287,10.64412,10.647386312484741
2791,107.0565242767334,0.89356273,0.8935268521308899,5.141181645740289e-06,0.8935258388519287,10.643726,10.64731478691101
2792,107.09695959091187,0.89357173,0.8935293555259705,1.0354668120271526e-05,0.8935258388519287,10.642826,10.647064447402954
2793,107.13741254806519,0.89357173,0.8935345411300659,1.5525351045653224e-05,0.8935258388519287,10.642826,10.646545886993408
2794,107.17179799079895,0.89357173,0.8935452103614807,1.8603632270242088e-05,0.8935258388519287,10.642826,10.645478963851929
2795,107.20586204528809,0.89357173,0.8935642838478088,4.12846247854759e-06,0.8935588002204895,10.642826,10.643571615219116
2796,107.26757597923279,0.8937571,0.8901000618934631,0.002863108180463314,0.8841002583503723,10.6242895,10.989993810653687
2797,107.3100073337555,0.89376426,0.892702579498291,0.0007943939999677241,0.8907780051231384,10.623574,10.729742050170898
2798,107.34890651702881,0.8937661,0.8933554291725159,0.0002315351302968338,0.8929868340492249,10.623389,10.664457082748413
2799,107.39187932014465,0.8937661,0.8935683369636536,0.00011611278750933707,0.8933614492416382,10.623389,10.643166303634644
2800,107.42578434944153,0.8937661,0.8936538696289062,9.529681847197935e-05,0.8935452699661255,10.623389,10.634613037109375
2801,107.45940661430359,0.8937661,0.8937437534332275,2.3646432964596897e-05,0.8937064409255981,10.623389,10.625624656677246
2802,107.49231791496277,0.8937661,0.8937614560127258,3.820968231593724e-06,0.8937571048736572,10.623389,10.623854398727417
2803,107.52613878250122,0.8937661,0.8937652111053467,1.7120031543527148e-06,0.8937588930130005,10.623389,10.623478889465332
2804,107.55960392951965,0.8937661,0.8937661647796631,5.960464477539063e-08,0.8937661051750183,10.623389,10.623383522033691
2805,107.59351921081543,0.89376956,0.8937662243843079,2.3824756567591976e-07,0.8937661051750183,10.623044,10.623377561569214
2806,107.63483905792236,0.89376956,0.8937662243843079,3.1513957310380647e-07,0.8937661051750183,10.623044,10.623377561569214
2807,107.66923546791077,0.89376956,0.8937662839889526,4.86672206534422e-07,0.8937661051750183,10.623044,10.623371601104736
2808,107.70399332046509,0.8937787,0.8937665224075317,1.2980434576093103e-06,0.8937661051750183,10.622131,10.623347759246826
2809,107.74505162239075,0.8937787,0.893767237663269,2.7504231638886267e-06,0.8937661051750183,10.622131,10.623276233673096
2810,107.77939105033875,0.8937787,0.893768846988678,4.039241048303666e-06,0.8937661051750183,10.622131,10.623115301132202
2811,107.81391716003418,0.8937787,0.8937720060348511,4.318530955060851e-06,0.8937661051750183,10.622131,10.622799396514893
2812,107.8490560054779,0.8937787,0.8937753438949585,3.6698752410302404e-06,0.8937695622444153,10.622131,10.62246561050415
2813,107.88343358039856,0.8937787,0.8937786221504211,6.587519578715728e-07,0.8937747478485107,10.622131,10.622137784957886
2814,107.91708517074585,0.8937787,0.8937787413597107,5.960464477539063e-08,0.8937786817550659,10.622131,10.62212586402893
2815,107.95042109489441,0.8937787,0.8937787413597107,5.960464477539063e-08,0.8937786817550659,10.622131,10.62212586402893
2816,107.98417615890503,0.8937787,0.8937787413597107,5.960464477539063e-08,0.8937786817550659,10.622131,10.62212586402893
2817,108.01859617233276,0.8937787,0.8937787413597107,5.960464477539063e-08,0.8937786817550659,10.622131,10.62212586402893
2818,108.05336332321167,0.8937787,0.8937787413597107,5.960464477539063e-08,0.8937786817550659,10.622131,10.62212586402893
2819,108.08752703666687,0.8937787,0.8937787413597107,5.960464477539063e-08,0.8937786817550659,10.622131,10.62212586402893
2820,108.12087798118591,0.8937787,0.8937787413597107,5.960464477539063e-08,0.8937786817550659,10.622131,10.62212586402893
2821,108.15504813194275,0.8937787,0.8937787413597107,5.960464477539063e-08,0.8937786817550659,10.622131,10.62212586402893
2822,108.18885660171509,0.8937787,0.8937787413597107,5.960464477539063e-08,0.8937786817550659,10.622131,10.62212586402893
2823,108.22287631034851,0.89381206,0.8937788605690002,2.0607924398063915e-06,0.8937786817550659,10.6187935,10.622113943099976
2824,108.26369023323059,0.89381206,0.8937789797782898,2.908218448283151e-06,0.8937786817550659,10.6187935,10.62210202217102
2825,108.29672384262085,0.8938235,0.8937796950340271,5.689765657734824e-06,0.8937786817550659,10.617649,10.62203049659729
2826,108.33967733383179,0.89383215,0.8937824964523315,1.188829992315732e-05,0.8937786817550659,10.616785,10.621750354766846
2827,108.38086748123169,0.89383215,0.893788754940033,1.8251341316499747e-05,0.8937786817550659,10.616785,10.621124505996704
2828,108.41590476036072,0.89383215,0.8938005566596985,2.2543512386619113e-05,0.8937786817550659,10.616785,10.619944334030151
2829,108.45034980773926,0.89383215,0.8938219547271729,1.0968116839649156e-05,0.8937873840332031,10.616785,10.617804527282715
2830,108.48384499549866,0.89383215,0.8938292860984802,4.054452347190818e-06,0.893823504447937,10.616785,10.617071390151978
2831,108.51731610298157,0.89383215,0.8938320875167847,5.960464477539063e-08,0.8938321471214294,10.616785,10.616791248321533
2832,108.55153369903564,0.89383215,0.8938320875167847,5.960464477539063e-08,0.8938321471214294,10.616785,10.616791248321533
2833,108.58613610267639,0.89383215,0.8938320875167847,5.960464477539063e-08,0.8938321471214294,10.616785,10.616791248321533
2834,108.62243962287903,0.89383215,0.8938320875167847,5.960464477539063e-08,0.8938321471214294,10.616785,10.616791248321533
2835,108.65791916847229,0.89383215,0.8938320875167847,5.960464477539063e-08,0.8938321471214294,10.616785,10.616791248321533
2836,108.6915020942688,0.89383215,0.8938320875167847,5.960464477539063e-08,0.8938321471214294,10.616785,10.616791248321533
2837,108.72461438179016,0.89383215,0.8938320875167847,5.960464477539063e-08,0.8938321471214294,10.616785,10.616791248321533
2838,108.75870895385742,0.89383215,0.8938320875167847,5.960464477539063e-08,0.8938321471214294,10.616785,10.616791248321533
2839,108.79313731193542,0.89383215,0.8938320875167847,5.960464477539063e-08,0.8938321471214294,10.616785,10.616791248321533
2840,108.8272545337677,0.89383215,0.8938320875167847,5.960464477539063e-08,0.8938321471214294,10.616785,10.616791248321533
2841,108.85921859741211,0.89383215,0.8938320875167847,5.960464477539063e-08,0.8938321471214294,10.616785,10.616791248321533
2842,108.89460563659668,0.89383215,0.8938320875167847,5.960464477539063e-08,0.8938321471214294,10.616785,10.616791248321533
2843,108.92814612388611,0.89383215,0.8938320875167847,5.960464477539063e-08,0.8938321471214294,10.616785,10.616791248321533
2844,108.96182346343994,0.8938649,0.893832266330719,2.0233776467648568e-06,0.8938321471214294,10.613507,10.6167733669281
2845,109.00239491462708,0.8938649,0.8938326239585876,4.023442670586519e-06,0.8938321471214294,10.613507,10.616737604141235
2846,109.03592991828918,0.8938649,0.8938338756561279,7.379476301139221e-06,0.8938321471214294,10.613507,10.616612434387207
2847,109.06986045837402,0.8938649,0.893836259841919,1.0886098607443273e-05,0.8938321471214294,10.613507,10.616374015808105
2848,109.10181283950806,0.8938649,0.8938406705856323,1.4414491488423664e-05,0.8938321471214294,10.613507,10.615932941436768
2849,109.13519191741943,0.8938649,0.8938500285148621,1.63192416948732e-05,0.8938321471214294,10.613507,10.614997148513794
2850,109.16882109642029,0.8938649,0.8938648700714111,5.960464477539063e-08,0.8938649296760559,10.613507,10.613512992858887
2851,109.20156240463257,0.8938649,0.8938648700714111,5.960464477539063e-08,0.8938649296760559,10.613507,10.613512992858887
2852,109.23464298248291,0.8938649,0.8938648700714111,5.960464477539063e-08,0.8938649296760559,10.613507,10.613512992858887
2853,109.26745271682739,0.8938649,0.8938648700714111,5.960464477539063e-08,0.8938649296760559,10.613507,10.613512992858887
2854,109.30320286750793,0.89387894,0.8938648700714111,8.71905740496004e-07,0.8938649296760559,10.612106,10.613512992858887
2855,109.34397912025452,0.8938835,0.8938651084899902,2.0624133867386263e-06,0.8938649296760559,10.611648,10.613489151000977
2856,109.38411831855774,0.8938835,0.8938660621643066,4.282462668925291e-06,0.8938649296760559,10.611648,10.613393783569336
2857,109.41829037666321,0.8938835,0.8938678503036499,6.499371465906734e-06,0.8938649296760559,10.611648,10.61321496963501
2858,109.45177149772644,0.8938835,0.8938714861869812,8.444532795692794e-06,0.8938649296760559,10.611648,10.61285138130188
2859,109.48680663108826,0.8938835,0.893878161907196,7.67825167713454e-06,0.8938649296760559,10.611648,10.612183809280396
2860,109.52103281021118,0.8938835,0.8938836455345154,1.1920928955078125e-07,0.8938835263252258,10.611648,10.611635446548462
2861,109.55396819114685,0.8938835,0.8938836455345154,1.1920928955078125e-07,0.8938835263252258,10.611648,10.611635446548462
2862,109.58917593955994,0.8938835,0.8938836455345154,1.1920928955078125e-07,0.8938835263252258,10.611648,10.611635446548462
2863,109.62447261810303,0.8938835,0.8938836455345154,1.1920928955078125e-07,0.8938835263252258,10.611648,10.611635446548462
2864,109.65938448905945,0.8938835,0.8938836455345154,1.1920928955078125e-07,0.8938835263252258,10.611648,10.611635446548462
2865,109.69403386116028,0.8938835,0.8938836455345154,1.1920928955078125e-07,0.8938835263252258,10.611648,10.611635446548462
2866,109.72779059410095,0.8938835,0.8938836455345154,1.1920928955078125e-07,0.8938835263252258,10.611648,10.611635446548462
2867,109.76248908042908,0.8938835,0.8938836455345154,1.1920928955078125e-07,0.8938835263252258,10.611648,10.611635446548462
2868,109.79594564437866,0.8938835,0.8938836455345154,1.1920928955078125e-07,0.8938835263252258,10.611648,10.611635446548462
2869,109.82908916473389,0.8938835,0.8938836455345154,1.1920928955078125e-07,0.8938835263252258,10.611648,10.611635446548462
2870,109.86303281784058,0.8938835,0.8938836455345154,1.1920928955078125e-07,0.8938835263252258,10.611648,10.611635446548462
2871,109.89787411689758,0.8938835,0.8938836455345154,1.1920928955078125e-07,0.8938835263252258,10.611648,10.611635446548462
2872,109.93130850791931,0.8938835,0.8938836455345154,1.1920928955078125e-07,0.8938835263252258,10.611648,10.611635446548462
2873,109.96509742736816,0.89388466,0.8938836455345154,1.3447244384678925e-07,0.8938835263252258,10.611534,10.611635446548462
2874,110.00600099563599,0.89388466,0.8938836455345154,1.9350129321082932e-07,0.8938835263252258,10.611534,10.611635446548462
2875,110.03967881202698,0.89388466,0.8938837051391602,3.278385065641487e-07,0.8938835263252258,10.611534,10.611629486083984
2876,110.07316994667053,0.8938951,0.8938838839530945,8.321744076056348e-07,0.8938835263252258,10.610491,10.611611604690552
2877,110.11375570297241,0.89390063,0.8938842415809631,1.828606968956592e-06,0.8938835263252258,10.609937,10.611575841903687
2878,110.15458011627197,0.89390063,0.89388507604599,3.2376933631894644e-06,0.8938835263252258,10.609937,10.611492395401001
2879,110.18865847587585,0.89390177,0.8938866853713989,5.153867277840618e-06,0.8938846588134766,10.609823,10.611331462860107
2880,110.23017907142639,0.89390177,0.8938892483711243,7.14461884854245e-06,0.8938846588134766,10.609823,10.611075162887573
2881,110.26321601867676,0.89390177,0.8938944935798645,7.76910746935755e-06,0.8938846588134766,10.609823,10.61055064201355
2882,110.29623484611511,0.89390177,0.8939014077186584,5.44005274605297e-07,0.8939006328582764,10.609823,10.609859228134155
2883,110.32917332649231,0.89390177,0.8939017653465271,0.0,0.8939017653465271,10.609823,10.60982346534729
2884,110.36172366142273,0.89390177,0.8939017653465271,0.0,0.8939017653465271,10.609823,10.60982346534729
2885,110.39495611190796,0.89390177,0.8939017653465271,0.0,0.8939017653465271,10.609823,10.60982346534729
2886,110.42774295806885,0.893966,0.8939020037651062,3.96580890082987e-06,0.8939017653465271,10.603398,10.60979962348938
2887,110.46987438201904,0.893966,0.8939024806022644,6.842586572020082e-06,0.8939017653465271,10.603398,10.60975193977356
2888,110.50385212898254,0.8940019,0.893905758857727,1.708430500002578e-05,0.8939017653465271,10.59981,10.609424114227295
2889,110.54704809188843,0.8940019,0.8939141035079956,3.04586865240708e-05,0.8939017653465271,10.59981,10.60858964920044
2890,110.58037519454956,0.8940206,0.8939304947853088,4.2614472476998344e-05,0.8939017653465271,10.597939,10.606950521469116
2891,110.62267875671387,0.8940206,0.8939604759216309,4.533819810603745e-05,0.8939017653465271,10.597939,10.603952407836914
2892,110.6566252708435,0.8940206,0.8940024375915527,4.50198604085017e-06,0.8939983248710632,10.597939,10.599756240844727
2893,110.6922345161438,0.8940206,0.8940043449401855,6.1837326938984916e-06,0.8940019011497498,10.597939,10.599565505981445
2894,110.7260811328888,0.8940206,0.89400714635849,8.256685759988613e-06,0.8940019011497498,10.597939,10.599285364151001
2895,110.76056385040283,0.89402133,0.8940125703811646,9.13980693439953e-06,0.8940019011497498,10.597867,10.598742961883545
2896,110.80114364624023,0.8940241,0.8940207958221436,2.82963810604997e-07,0.8940193057060242,10.597592,10.597920417785645
2897,110.84071779251099,0.8940241,0.8940208554267883,5.469070174513035e-07,0.8940206170082092,10.597592,10.597914457321167
2898,110.87517213821411,0.8940241,0.8940210342407227,9.56870735535631e-07,0.8940206170082092,10.597592,10.597896575927734
2899,110.90959668159485,0.8940241,0.8940215110778809,1.416987515767687e-06,0.8940206170082092,10.597592,10.597848892211914
2900,110.94323921203613,0.8940411,0.8940224051475525,2.0229210804245668e-06,0.8940206170082092,10.595888,10.597759485244751
2901,110.98708033561707,0.8940446,0.8940240740776062,2.3271995814866386e-06,0.8940213322639465,10.595542,10.59759259223938
2902,111.02848482131958,0.8940446,0.8940253257751465,4.833246748603415e-06,0.8940240740776062,10.595542,10.597467422485352
2903,111.062335729599,0.8940451,0.8940271735191345,7.187994015112054e-06,0.8940240740776062,10.595489,10.597282648086548
2904,111.1026680469513,0.8940451,0.8940303921699524,9.25155654840637e-06,0.8940240740776062,10.595489,10.59696078300476
2905,111.13608813285828,0.8940451,0.8940371870994568,9.499784937361255e-06,0.8940240740776062,10.595489,10.596281290054321
2906,111.16967010498047,0.8940451,0.894044816493988,2.731925405896618e-07,0.8940445780754089,10.595489,10.595518350601196
2907,111.20418214797974,0.8940451,0.8940449357032776,1.7881393432617188e-07,0.8940451145172119,10.595489,10.595506429672241
2908,111.23685765266418,0.8940451,0.8940449357032776,1.7881393432617188e-07,0.8940451145172119,10.595489,10.595506429672241
2909,111.26909804344177,0.8940451,0.8940449357032776,1.7881393432617188e-07,0.8940451145172119,10.595489,10.595506429672241
2910,111.30216836929321,0.8940451,0.8940449357032776,1.7881393432617188e-07,0.8940451145172119,10.595489,10.595506429672241
2911,111.33511161804199,0.8940451,0.8940449357032776,1.7881393432617188e-07,0.8940451145172119,10.595489,10.595506429672241
2912,111.36915469169617,0.8940451,0.8940449357032776,1.7881393432617188e-07,0.8940451145172119,10.595489,10.595506429672241
2913,111.40401005744934,0.8940451,0.8940449357032776,1.7881393432617188e-07,0.8940451145172119,10.595489,10.595506429672241
2914,111.43649530410767,0.8940451,0.8940449357032776,1.7881393432617188e-07,0.8940451145172119,10.595489,10.595506429672241
2915,111.47024035453796,0.8940451,0.8940449357032776,1.7881393432617188e-07,0.8940451145172119,10.595489,10.595506429672241
2916,111.50445127487183,0.8940451,0.8940449357032776,1.7881393432617188e-07,0.8940451145172119,10.595489,10.595506429672241
2917,111.53846621513367,0.8940457,0.8940449357032776,1.8479222774203663e-07,0.8940451145172119,10.595428,10.595506429672241
2918,111.58044242858887,0.8940457,0.8940449357032776,1.9058307998420787e-07,0.8940451145172119,10.595428,10.595506429672241
2919,111.61519479751587,0.89406,0.8940449953079224,9.445273576602631e-07,0.8940451145172119,10.593998,10.595500469207764
2920,111.65689086914062,0.89406,0.8940451741218567,1.7948716504179174e-06,0.8940451145172119,10.593998,10.595482587814331
2921,111.69233679771423,0.89406,0.8940461277961731,3.7629274629580323e-06,0.8940451145172119,10.593998,10.59538722038269
2922,111.7256019115448,0.89406,0.8940482139587402,5.7782667681749444e-06,0.8940451145172119,10.593998,10.595178604125977
2923,111.76048445701599,0.89406,0.8940522074699402,6.873453912703553e-06,0.8940451145172119,10.593998,10.594779253005981
2924,111.79576182365417,0.89406,0.8940584659576416,3.5688212847162504e-06,0.8940476179122925,10.593998,10.59415340423584
2925,111.82893896102905,0.89406,0.8940600156784058,0.0,0.8940600156784058,10.593998,10.593998432159424
2926,111.86300873756409,0.89406,0.8940600156784058,0.0,0.8940600156784058,10.593998,10.593998432159424
2927,111.89677214622498,0.89406,0.8940600156784058,0.0,0.8940600156784058,10.593998,10.593998432159424
2928,111.92948365211487,0.89406,0.8940600156784058,0.0,0.8940600156784058,10.593998,10.593998432159424
2929,111.9627103805542,0.89406,0.8940600156784058,0.0,0.8940600156784058,10.593998,10.593998432159424
2930,111.99680256843567,0.89406,0.8940600156784058,0.0,0.8940600156784058,10.593998,10.593998432159424
2931,112.03030252456665,0.89406,0.8940600156784058,0.0,0.8940600156784058,10.593998,10.593998432159424
2932,112.06485390663147,0.89406,0.8940600156784058,0.0,0.8940600156784058,10.593998,10.593998432159424
2933,112.09835314750671,0.89406,0.8940600156784058,0.0,0.8940600156784058,10.593998,10.593998432159424
2934,112.13342952728271,0.89406,0.8940600156784058,0.0,0.8940600156784058,10.593998,10.593998432159424
2935,112.16794967651367,0.89406,0.8940600156784058,0.0,0.8940600156784058,10.593998,10.593998432159424
2936,112.20149421691895,0.89406,0.8940600156784058,0.0,0.8940600156784058,10.593998,10.593998432159424
2937,112.2348062992096,0.89406,0.8940600156784058,0.0,0.8940600156784058,10.593998,10.593998432159424
2938,112.26958298683167,0.89406,0.8940600156784058,0.0,0.8940600156784058,10.593998,10.593998432159424
2939,112.3034520149231,0.89406,0.8940600156784058,0.0,0.8940600156784058,10.593998,10.593998432159424
2940,112.33753943443298,0.89406,0.8940600156784058,0.0,0.8940600156784058,10.593998,10.593998432159424
2941,112.37328600883484,0.89406,0.8940600156784058,0.0,0.8940600156784058,10.593998,10.593998432159424
2942,112.40877556800842,0.89406,0.8940600156784058,0.0,0.8940600156784058,10.593998,10.593998432159424
2943,112.44315934181213,0.89406,0.8940600156784058,0.0,0.8940600156784058,10.593998,10.593998432159424
2944,112.47642707824707,0.89406,0.8940600156784058,0.0,0.8940600156784058,10.593998,10.593998432159424
2945,112.51036858558655,0.89406,0.8940600156784058,0.0,0.8940600156784058,10.593998,10.593998432159424
2946,112.54412055015564,0.89406,0.8940600156784058,0.0,0.8940600156784058,10.593998,10.593998432159424
2947,112.57784700393677,0.89406,0.8940600156784058,0.0,0.8940600156784058,10.593998,10.593998432159424
2948,112.6140468120575,0.8940602,0.8940600752830505,5.994557028543568e-08,0.8940600156784058,10.593981,10.593992471694946
2949,112.65749096870422,0.89408195,0.8940601348876953,1.3542581882575178e-06,0.8940600156784058,10.5918045,10.593986511230469
2950,112.69898223876953,0.89408344,0.894060492515564,3.0450157737504924e-06,0.8940600156784058,10.591656,10.593950748443604
2951,112.74030447006226,0.89408344,0.8940613269805908,5.189289822737919e-06,0.8940600156784058,10.591656,10.593867301940918
2952,112.77375769615173,0.894086,0.8940632343292236,7.771553100610618e-06,0.8940600156784058,10.5914,10.593676567077637
2953,112.81594491004944,0.8941069,0.8940672278404236,1.067596076609334e-05,0.8940600156784058,10.589308,10.593277215957642
2954,112.85585474967957,0.8941078,0.8940752744674683,1.1678459486574866e-05,0.8940603137016296,10.589218,10.592472553253174
2955,112.89717555046082,0.8941365,0.8940858244895935,8.064735084190033e-06,0.8940819501876831,10.586351,10.59141755104065
2956,112.93896293640137,0.8941374,0.8940902352333069,1.3364463484322187e-05,0.8940834403038025,10.586262,10.590976476669312
2957,112.99907779693604,0.8941374,0.8940991163253784,1.8258926502312534e-05,0.8940843343734741,10.586262,10.590088367462158
2958,113.03848528862,0.8941374,0.894116997718811,1.448803686798783e-05,0.8940860033035278,10.586262,10.588300228118896
2959,113.0732069015503,0.8941374,0.8941289782524109,9.151389349426609e-06,0.8941150307655334,10.586262,10.587102174758911
2960,113.10896277427673,0.8941374,0.8941370248794556,4.811695930584392e-07,0.8941357731819153,10.586262,10.586297512054443
2961,113.14414358139038,0.8941374,0.8941373825073242,0.0,0.8941373825073242,10.586262,10.586261749267578
2962,113.17792320251465,0.8941374,0.8941373825073242,0.0,0.8941373825073242,10.586262,10.586261749267578
2963,113.21128916740417,0.8941374,0.8941373825073242,0.0,0.8941373825073242,10.586262,10.586261749267578
2964,113.24504065513611,0.8941374,0.8941373825073242,0.0,0.8941373825073242,10.586262,10.586261749267578
2965,113.27803707122803,0.89415854,0.8941375017166138,1.3065535995337996e-06,0.8941373825073242,10.584146,10.586249828338623
2966,113.31986021995544,0.89415854,0.8941377401351929,2.5971230570576154e-06,0.8941373825073242,10.584146,10.586225986480713
2967,113.35480427742004,0.89415854,0.8941382765769958,4.06550316256471e-06,0.8941373825073242,10.584146,10.586172342300415
2968,113.38841915130615,0.89415854,0.8941397070884705,6.359688995871693e-06,0.8941373825073242,10.584146,10.586029291152954
2969,113.42226982116699,0.89415854,0.8941426873207092,8.499116120219696e-06,0.8941373825073242,10.584146,10.585731267929077
2970,113.45696783065796,0.89415854,0.894148588180542,8.943585271481425e-06,0.8941373825073242,10.584146,10.5851411819458
2971,113.490877866745,0.89415854,0.8941567540168762,2.4441310415568296e-06,0.8941515684127808,10.584146,10.584324598312378
2972,113.52461624145508,0.89415854,0.8941583633422852,1.7881393432617188e-07,0.8941585421562195,10.584146,10.584163665771484
2973,113.55893278121948,0.89415854,0.8941583633422852,1.7881393432617188e-07,0.8941585421562195,10.584146,10.584163665771484
2974,113.59295010566711,0.89415854,0.8941583633422852,1.7881393432617188e-07,0.8941585421562195,10.584146,10.584163665771484
2975,113.62775802612305,0.89415854,0.8941583633422852,1.7881393432617188e-07,0.8941585421562195,10.584146,10.584163665771484
2976,113.66400384902954,0.89415854,0.8941583633422852,1.7881393432617188e-07,0.8941585421562195,10.584146,10.584163665771484
2977,113.69914507865906,0.89416426,0.8941584229469299,3.8030978544156824e-07,0.8941585421562195,10.583573,10.584157705307007
2978,113.74087977409363,0.8941697,0.8941584825515747,9.312184374721255e-07,0.8941585421562195,10.583031,10.58415174484253
2979,113.78145122528076,0.8941697,0.8941587209701538,1.4976189959270414e-06,0.8941585421562195,10.583031,10.58412790298462
2980,113.81519174575806,0.89417434,0.8941593766212463,2.6337520466768183e-06,0.8941585421562195,10.582566,10.584062337875366
2981,113.85586094856262,0.89417434,0.8941607475280762,4.100261776329717e-06,0.8941585421562195,10.582566,10.583925247192383
2982,113.89033436775208,0.89417905,0.8941637277603149,5.2516083997034e-06,0.8941585421562195,10.582095,10.583627223968506
2983,113.93072128295898,0.89418477,0.894167959690094,5.095102096674964e-06,0.8941642642021179,10.581523,10.5832040309906
2984,113.9745705127716,0.89418477,0.8941724896430969,5.299690201354679e-06,0.8941642642021179,10.581523,10.582751035690308
2985,114.01145339012146,0.894255,0.8941773176193237,6.017166469973745e-06,0.8941742181777954,10.574502,10.582268238067627
2986,114.05428171157837,0.894255,0.8941807746887207,7.367546459136065e-06,0.8941746354103088,10.574502,10.58192253112793
2987,114.09034323692322,0.894258,0.894185483455658,1.3497662621375639e-05,0.8941790461540222,10.574198,10.581451654434204
2988,114.13513350486755,0.894258,0.8941923379898071,2.19217108679004e-05,0.8941847681999207,10.574198,10.580766201019287
2989,114.17120742797852,0.894258,0.894200325012207,2.956554453703575e-05,0.8941847681999207,10.574198,10.579967498779297
2990,114.20751953125,0.894258,0.8942159414291382,3.5678040148923174e-05,0.8941847681999207,10.574198,10.578405857086182
2991,114.24108624458313,0.894258,0.8942483067512512,2.3283650079974905e-05,0.8941847681999207,10.574198,10.575169324874878
2992,114.27421379089355,0.8942989,0.8942583799362183,2.6472966965229716e-06,0.8942580223083496,10.570108,10.574162006378174
2993,114.31590104103088,0.8942989,0.8942589163780212,5.005114871892147e-06,0.8942580223083496,10.570108,10.574108362197876
2994,114.35022974014282,0.8942989,0.8942609429359436,9.587738531990908e-06,0.8942580223083496,10.570108,10.57390570640564
2995,114.3833544254303,0.8942989,0.8942655324935913,1.4950498552934732e-05,0.8942580223083496,10.570108,10.57344675064087
2996,114.41774725914001,0.8942989,0.8942751884460449,1.904416967590805e-05,0.8942580223083496,10.570108,10.572481155395508
2997,114.4515221118927,0.89430463,0.8942925930023193,1.1573797564778943e-05,0.8942580223083496,10.569536,10.570740699768066
2998,114.50155854225159,0.89430463,0.8942989110946655,6.128809673100477e-07,0.8942989110946655,10.569536,10.570108890533447
2999,114.53730320930481,0.89430463,0.8942991495132446,1.0975338682328584e-06,0.8942989110946655,10.569536,10.570085048675537
3000,114.57131600379944,0.89430463,0.8942995071411133,1.7833310721471207e-06,0.8942989110946655,10.569536,10.570049285888672
3001,114.61445140838623,0.89430463,0.8943002820014954,2.4668970581842586e-06,0.8942989110946655,10.569536,10.569971799850464
3002,114.64944744110107,0.89430463,0.8943018317222595,2.8592498892976437e-06,0.8942989110946655,10.569536,10.569816827774048
3003,114.68451452255249,0.89430463,0.8943045735359192,5.960464477539063e-08,0.894304633140564,10.569536,10.569542646408081
3004,114.7201132774353,0.89430463,0.8943045735359192,5.960464477539063e-08,0.894304633140564,10.569536,10.569542646408081
3005,114.75416135787964,0.89430463,0.8943045735359192,5.960464477539063e-08,0.894304633140564,10.569536,10.569542646408081
3006,114.78774046897888,0.89430463,0.8943045735359192,5.960464477539063e-08,0.894304633140564,10.569536,10.569542646408081
3007,114.82146000862122,0.89430463,0.8943045735359192,5.960464477539063e-08,0.894304633140564,10.569536,10.569542646408081
3008,114.85597681999207,0.89430463,0.8943045735359192,5.960464477539063e-08,0.894304633140564,10.569536,10.569542646408081
3009,114.88997006416321,0.89430463,0.8943045735359192,5.960464477539063e-08,0.894304633140564,10.569536,10.569542646408081
3010,114.92354702949524,0.89430463,0.8943045735359192,5.960464477539063e-08,0.894304633140564,10.569536,10.569542646408081
3011,114.95728969573975,0.89430463,0.8943045735359192,5.960464477539063e-08,0.894304633140564,10.569536,10.569542646408081
3012,114.99300765991211,0.89430463,0.8943045735359192,5.960464477539063e-08,0.894304633140564,10.569536,10.569542646408081
3013,115.0273814201355,0.89430463,0.8943045735359192,5.960464477539063e-08,0.894304633140564,10.569536,10.569542646408081
3014,115.06110334396362,0.89430463,0.8943045735359192,5.960464477539063e-08,0.894304633140564,10.569536,10.569542646408081
3015,115.09361052513123,0.89430463,0.8943045735359192,5.960464477539063e-08,0.894304633140564,10.569536,10.569542646408081
3016,115.12599301338196,0.89430463,0.8943045735359192,5.960464477539063e-08,0.894304633140564,10.569536,10.569542646408081
3017,115.1603307723999,0.89430463,0.8943045735359192,5.960464477539063e-08,0.894304633140564,10.569536,10.569542646408081
3018,115.19411659240723,0.89430463,0.8943045735359192,5.960464477539063e-08,0.894304633140564,10.569536,10.569542646408081
3019,115.22879600524902,0.89430463,0.8943045735359192,5.960464477539063e-08,0.894304633140564,10.569536,10.569542646408081
3020,115.26215529441833,0.89430463,0.8943045735359192,5.960464477539063e-08,0.894304633140564,10.569536,10.569542646408081
3021,115.2937240600586,0.89430463,0.8943045735359192,5.960464477539063e-08,0.894304633140564,10.569536,10.569542646408081
3022,115.32690405845642,0.89430463,0.8943045735359192,5.960464477539063e-08,0.894304633140564,10.569536,10.569542646408081
3023,115.3597297668457,0.89430463,0.8943045735359192,5.960464477539063e-08,0.894304633140564,10.569536,10.569542646408081
3024,115.39585065841675,0.89430463,0.8943045735359192,5.960464477539063e-08,0.894304633140564,10.569536,10.569542646408081
3025,115.4291398525238,0.89430463,0.8943045735359192,5.960464477539063e-08,0.894304633140564,10.569536,10.569542646408081
3026,115.46239948272705,0.8943125,0.894304633140564,4.865395908382197e-07,0.894304633140564,10.56875,10.569536685943604
3027,115.50399470329285,0.8943473,0.8943049907684326,3.234953283026698e-06,0.894304633140564,10.565269,10.569500923156738
3028,115.54357719421387,0.8943473,0.8943060040473938,5.854854407516541e-06,0.894304633140564,10.565269,10.56939959526062
3029,115.57742834091187,0.8943473,0.8943098783493042,1.1819481187558267e-05,0.894304633140564,10.565269,10.56901216506958
3030,115.61209058761597,0.8943473,0.8943161368370056,1.602794145583175e-05,0.894304633140564,10.565269,10.568386316299438
3031,115.64394903182983,0.8943473,0.8943291306495667,1.6373749531339854e-05,0.894304633140564,10.565269,10.567086935043335
3032,115.6795027256012,0.8943473,0.8943438529968262,8.695493306731805e-06,0.8943213224411011,10.565269,10.565614700317383
3033,115.71330261230469,0.8943473,0.8943471908569336,1.1920928955078125e-07,0.8943473100662231,10.565269,10.56528091430664
3034,115.74743413925171,0.8943473,0.8943471908569336,1.1920928955078125e-07,0.8943473100662231,10.565269,10.56528091430664
3035,115.78107166290283,0.8943473,0.8943471908569336,1.1920928955078125e-07,0.8943473100662231,10.565269,10.56528091430664
3036,115.81768321990967,0.8943473,0.8943471908569336,1.1920928955078125e-07,0.8943473100662231,10.565269,10.56528091430664
3037,115.85283780097961,0.89435035,0.8943472504615784,2.0068733874722966e-07,0.8943473100662231,10.564965,10.565274953842163
3038,115.89344000816345,0.8943508,0.8943473100662231,4.3432737584225833e-07,0.8943473100662231,10.564918,10.565268993377686
3039,115.93747186660767,0.8943508,0.8943474292755127,7.908394650257833e-07,0.8943473100662231,10.564918,10.56525707244873
3040,115.9723744392395,0.8943508,0.8943477869033813,1.19921446639637e-06,0.8943473100662231,10.564918,10.565221309661865
3041,116.00526261329651,0.8943508,0.8943484425544739,1.580875505169388e-06,0.8943473100662231,10.564918,10.565155744552612
3042,116.03821802139282,0.8943508,0.8943498134613037,1.4507329524349188e-06,0.8943473100662231,10.564918,10.565018653869629
3043,116.07213807106018,0.8943508,0.8943508863449097,1.6072833375346818e-07,0.8943503499031067,10.564918,10.564911365509033
3044,116.10492181777954,0.8943508,0.8943509459495544,1.1920928955078125e-07,0.8943508267402649,10.564918,10.564905405044556
3045,116.13854765892029,0.8943508,0.8943509459495544,1.1920928955078125e-07,0.8943508267402649,10.564918,10.564905405044556
3046,116.17334032058716,0.8943508,0.8943509459495544,1.1920928955078125e-07,0.8943508267402649,10.564918,10.564905405044556
3047,116.20619511604309,0.8943508,0.8943509459495544,1.1920928955078125e-07,0.8943508267402649,10.564918,10.564905405044556
3048,116.23905396461487,0.8943508,0.8943509459495544,1.1920928955078125e-07,0.8943508267402649,10.564918,10.564905405044556
3049,116.27211928367615,0.8943508,0.8943509459495544,1.1920928955078125e-07,0.8943508267402649,10.564918,10.564905405044556
3050,116.30599665641785,0.8943508,0.8943509459495544,1.1920928955078125e-07,0.8943508267402649,10.564918,10.564905405044556
3051,116.33940315246582,0.8943508,0.8943509459495544,1.1920928955078125e-07,0.8943508267402649,10.564918,10.564905405044556
3052,116.37241244316101,0.8943508,0.8943509459495544,1.1920928955078125e-07,0.8943508267402649,10.564918,10.564905405044556
3053,116.40559148788452,0.8943508,0.8943509459495544,1.1920928955078125e-07,0.8943508267402649,10.564918,10.564905405044556
3054,116.43863010406494,0.89437735,0.8943510055541992,1.6389168422392686e-06,0.8943508267402649,10.562265,10.564899444580078
3055,116.48123121261597,0.89437735,0.8943514227867126,3.633516371337464e-06,0.8943508267402649,10.562265,10.564857721328735
3056,116.51525902748108,0.89437735,0.8943527936935425,6.885069524287246e-06,0.8943508267402649,10.562265,10.564720630645752
3057,116.54950308799744,0.89437735,0.894355058670044,9.691812010714784e-06,0.8943508267402649,10.562265,10.564494132995605
3058,116.58329844474792,0.89437735,0.8943610191345215,1.2890147445432376e-05,0.8943508267402649,10.562265,10.563898086547852
3059,116.61888861656189,0.89437735,0.8943712711334229,1.121787317970302e-05,0.8943508267402649,10.562265,10.562872886657715
3060,116.65198874473572,0.89437735,0.8943774104118347,5.960464477539063e-08,0.8943773508071899,10.562265,10.562258958816528
3061,116.68715858459473,0.89437735,0.8943774104118347,5.960464477539063e-08,0.8943773508071899,10.562265,10.562258958816528
3062,116.72067332267761,0.89437735,0.8943774104118347,5.960464477539063e-08,0.8943773508071899,10.562265,10.562258958816528
3063,116.75415372848511,0.89437735,0.8943774104118347,5.960464477539063e-08,0.8943773508071899,10.562265,10.562258958816528
3064,116.78846621513367,0.89437735,0.8943774104118347,5.960464477539063e-08,0.8943773508071899,10.562265,10.562258958816528
3065,116.82519102096558,0.89437735,0.8943774104118347,5.960464477539063e-08,0.8943773508071899,10.562265,10.562258958816528
3066,116.8590395450592,0.89437735,0.8943774104118347,5.960464477539063e-08,0.8943773508071899,10.562265,10.562258958816528
3067,116.89272928237915,0.89437735,0.8943774104118347,5.960464477539063e-08,0.8943773508071899,10.562265,10.562258958816528
3068,116.92787623405457,0.89437735,0.8943774104118347,5.960464477539063e-08,0.8943773508071899,10.562265,10.562258958816528
3069,116.9614462852478,0.89437735,0.8943774104118347,5.960464477539063e-08,0.8943773508071899,10.562265,10.562258958816528
3070,116.99555778503418,0.89437735,0.8943774104118347,5.960464477539063e-08,0.8943773508071899,10.562265,10.562258958816528
3071,117.02861404418945,0.89437735,0.8943774104118347,5.960464477539063e-08,0.8943773508071899,10.562265,10.562258958816528
3072,117.06158018112183,0.89437735,0.8943774104118347,5.960464477539063e-08,0.8943773508071899,10.562265,10.562258958816528
3073,117.0955011844635,0.89437735,0.8943774104118347,5.960464477539063e-08,0.8943773508071899,10.562265,10.562258958816528
3074,117.1289849281311,0.89437735,0.8943774104118347,5.960464477539063e-08,0.8943773508071899,10.562265,10.562258958816528
3075,117.16212606430054,0.89439297,0.8943774700164795,9.656932888901792e-07,0.8943773508071899,10.560703,10.56225299835205
3076,117.20218348503113,0.89439297,0.8943775296211243,1.3617789136333158e-06,0.8943773508071899,10.560703,10.562247037887573
3077,117.23546433448792,0.89442706,0.894378125667572,4.755718236992834e-06,0.8943773508071899,10.557294,10.562187433242798
3078,117.27763032913208,0.89442706,0.8943805694580078,1.0684212611522526e-05,0.8943773508071899,10.557294,10.561943054199219
3079,117.31196427345276,0.89442706,0.8943859934806824,1.6826304999995045e-05,0.8943773508071899,10.557294,10.561400651931763
3080,117.34613680839539,0.89442706,0.8943967223167419,2.0877891074633226e-05,0.8943773508071899,10.557294,10.560327768325806
3081,117.37986826896667,0.89442706,0.8944156169891357,1.4148764421406668e-05,0.8943846225738525,10.557294,10.558438301086426
3082,117.41372227668762,0.89442706,0.8944253921508789,2.8089264105801703e-06,0.89441978931427,10.557294,10.55746078491211
3083,117.44719624519348,0.89442706,0.8944272398948669,1.7881393432617188e-07,0.8944270610809326,10.557294,10.557276010513306
3084,117.48055505752563,0.89442706,0.8944272398948669,1.7881393432617188e-07,0.8944270610809326,10.557294,10.557276010513306
3085,117.51395082473755,0.89442706,0.8944272398948669,1.7881393432617188e-07,0.8944270610809326,10.557294,10.557276010513306
3086,117.54719758033752,0.89442706,0.8944272398948669,1.7881393432617188e-07,0.8944270610809326,10.557294,10.557276010513306
3087,117.58279776573181,0.8944329,0.8944272398948669,3.930202581159392e-07,0.8944270610809326,10.556709,10.557276010513306
3088,117.62489867210388,0.8944522,0.8944273591041565,1.6740405044401996e-06,0.8944270610809326,10.554779,10.55726408958435
3089,117.66822266578674,0.8944644,0.8944280743598938,4.443615125637734e-06,0.8944270610809326,10.553562,10.55719256401062
3090,117.7100350856781,0.8944644,0.8944299817085266,8.190406333596911e-06,0.8944270610809326,10.553562,10.557001829147339
3091,117.74360632896423,0.8944644,0.8944340348243713,1.254346079804236e-05,0.8944270610809326,10.553562,10.556596517562866
3092,117.77688527107239,0.8944644,0.8944413661956787,1.5245685062836856e-05,0.8944270610809326,10.553562,10.555863380432129
3093,117.8106210231781,0.894477,0.89445561170578,1.0508040759305004e-05,0.8944329023361206,10.5522995,10.554438829421997
3094,117.85207843780518,0.8944944,0.8944646120071411,2.1513317278731847e-06,0.894464373588562,10.550558,10.553538799285889
3095,117.89487791061401,0.89450824,0.8944653868675232,5.051070729678031e-06,0.894464373588562,10.549175,10.55346131324768
3096,117.93865370750427,0.89450824,0.8944678902626038,9.64500486588804e-06,0.894464373588562,10.549175,10.553210973739624
3097,117.97253942489624,0.89451116,0.8944727182388306,1.4518624084303156e-05,0.894464373588562,10.548883,10.552728176116943
3098,118.04309511184692,0.8944944,0.8907558917999268,0.00322539359331131,0.8832914233207703,10.550558,10.924410820007324
3099,118.08505702018738,0.89453495,0.8934814929962158,0.0007950866711325943,0.891669511795044,10.546505,10.651850700378418
3100,118.12856531143188,0.89453787,0.8941774368286133,0.00026764345238916576,0.8936203718185425,10.546213,10.582256317138672
3101,118.16915106773376,0.89453787,0.8944048881530762,0.0001005975718726404,0.8941850066184998,10.546213,10.559511184692383
3102,118.20540595054626,0.89454246,0.8944858312606812,2.8634665795834735e-05,0.894444465637207,10.545754,10.551416873931885
3103,118.2468774318695,0.89454246,0.894509494304657,2.0114344806643203e-05,0.8944824934005737,10.545754,10.549050569534302
3104,118.28082227706909,0.89454544,0.8945286870002747,1.3899947589379735e-05,0.8945006728172302,10.545456,10.547131299972534
3105,118.32241463661194,0.89454705,0.8945390582084656,2.874219717341475e-06,0.8945349454879761,10.545296,10.546094179153442
3106,118.36471581459045,0.89454705,0.8945409655570984,3.1369929729407886e-06,0.8945378661155701,10.545296,10.545903444290161
3107,118.39827132225037,0.89454997,0.8945441246032715,1.7865050949694705e-06,0.8945424556732178,10.545004,10.545587539672852
3108,118.4408016204834,0.89454997,0.8945459723472595,1.2130971072110697e-06,0.8945454359054565,10.545004,10.545402765274048
3109,118.475510597229,0.89454997,0.8945465683937073,1.739148160595505e-06,0.8945454359054565,10.545004,10.545343160629272
3110,118.50853967666626,0.89454997,0.8945479393005371,2.004626367124729e-06,0.8945454359054565,10.545004,10.545206069946289
3111,118.54262733459473,0.89454997,0.8945496678352356,9.856714768829988e-07,0.8945470452308655,10.545004,10.54503321647644
3112,118.57667684555054,0.89454997,0.8945500254631042,5.960464477539063e-08,0.8945499658584595,10.545004,10.544997453689575
3113,118.60945844650269,0.89454997,0.8945500254631042,5.960464477539063e-08,0.8945499658584595,10.545004,10.544997453689575
3114,118.64451313018799,0.89454997,0.8945500254631042,5.960464477539063e-08,0.8945499658584595,10.545004,10.544997453689575
3115,118.67814707756042,0.89454997,0.8945500254631042,5.960464477539063e-08,0.8945499658584595,10.545004,10.544997453689575
3116,118.71268200874329,0.89454997,0.8945500254631042,5.960464477539063e-08,0.8945499658584595,10.545004,10.544997453689575
3117,118.74654364585876,0.89454997,0.8945500254631042,5.960464477539063e-08,0.8945499658584595,10.545004,10.544997453689575
3118,118.77985739707947,0.89454997,0.8945500254631042,5.960464477539063e-08,0.8945499658584595,10.545004,10.544997453689575
3119,118.81397891044617,0.89454997,0.8945500254631042,5.960464477539063e-08,0.8945499658584595,10.545004,10.544997453689575
3120,118.8475923538208,0.89454997,0.8945500254631042,5.960464477539063e-08,0.8945499658584595,10.545004,10.544997453689575
3121,118.88264584541321,0.89454997,0.8945500254631042,5.960464477539063e-08,0.8945499658584595,10.545004,10.544997453689575
3122,118.91769981384277,0.89454997,0.8945500254631042,5.960464477539063e-08,0.8945499658584595,10.545004,10.544997453689575
3123,118.95236468315125,0.89454997,0.8945500254631042,5.960464477539063e-08,0.8945499658584595,10.545004,10.544997453689575
3124,118.98720049858093,0.89454997,0.8945500254631042,5.960464477539063e-08,0.8945499658584595,10.545004,10.544997453689575
3125,119.02006602287292,0.89454997,0.8945500254631042,5.960464477539063e-08,0.8945499658584595,10.545004,10.544997453689575
3126,119.05382013320923,0.89454997,0.8945500254631042,5.960464477539063e-08,0.8945499658584595,10.545004,10.544997453689575
3127,119.08852171897888,0.89454997,0.8945500254631042,5.960464477539063e-08,0.8945499658584595,10.545004,10.544997453689575
3128,119.12239003181458,0.89454997,0.8945500254631042,5.960464477539063e-08,0.8945499658584595,10.545004,10.544997453689575
3129,119.15546083450317,0.89454997,0.8945500254631042,5.960464477539063e-08,0.8945499658584595,10.545004,10.544997453689575
3130,119.18925666809082,0.89454997,0.8945500254631042,5.960464477539063e-08,0.8945499658584595,10.545004,10.544997453689575
3131,119.2223973274231,0.89454997,0.8945500254631042,5.960464477539063e-08,0.8945499658584595,10.545004,10.544997453689575
3132,119.25591921806335,0.89454997,0.8945500254631042,5.960464477539063e-08,0.8945499658584595,10.545004,10.544997453689575
3133,119.28995943069458,0.89454997,0.8945500254631042,5.960464477539063e-08,0.8945499658584595,10.545004,10.544997453689575
3134,119.32351899147034,0.89454997,0.8945500254631042,5.960464477539063e-08,0.8945499658584595,10.545004,10.544997453689575
3135,119.35712552070618,0.89454997,0.8945500254631042,5.960464477539063e-08,0.8945499658584595,10.545004,10.544997453689575
3136,119.38832831382751,0.89454997,0.8945500254631042,5.960464477539063e-08,0.8945499658584595,10.545004,10.544997453689575
3137,119.4217541217804,0.89454997,0.8945500254631042,5.960464477539063e-08,0.8945499658584595,10.545004,10.544997453689575
3138,119.45651459693909,0.89454997,0.8945500254631042,5.960464477539063e-08,0.8945499658584595,10.545004,10.544997453689575
3139,119.4900496006012,0.89454997,0.8945500254631042,5.960464477539063e-08,0.8945499658584595,10.545004,10.544997453689575
3140,119.52309846878052,0.89454997,0.8945500254631042,5.960464477539063e-08,0.8945499658584595,10.545004,10.544997453689575
3141,119.55683088302612,0.89454997,0.8945500254631042,5.960464477539063e-08,0.8945499658584595,10.545004,10.544997453689575
3142,119.59245562553406,0.89454997,0.8945500254631042,5.960464477539063e-08,0.8945499658584595,10.545004,10.544997453689575
3143,119.63168215751648,0.89454997,0.8945500254631042,5.960464477539063e-08,0.8945499658584595,10.545004,10.544997453689575
3144,119.66959285736084,0.89454997,0.8945500254631042,5.960464477539063e-08,0.8945499658584595,10.545004,10.544997453689575
3145,119.70790386199951,0.89454997,0.8945500254631042,5.960464477539063e-08,0.8945499658584595,10.545004,10.544997453689575
3146,119.7419638633728,0.89454997,0.8945500254631042,5.960464477539063e-08,0.8945499658584595,10.545004,10.544997453689575
3147,119.77369689941406,0.89454997,0.8945500254631042,5.960464477539063e-08,0.8945499658584595,10.545004,10.544997453689575
3148,119.80743741989136,0.8945583,0.8945500254631042,5.15783256105351e-07,0.8945499658584595,10.544168,10.544997453689575
3149,119.84892296791077,0.89456534,0.8945502638816833,1.5129443227124284e-06,0.8945499658584595,10.543466,10.544973611831665
3150,119.89015936851501,0.89456534,0.8945507407188416,2.4832340841385303e-06,0.8945499658584595,10.543466,10.544925928115845
3151,119.92364978790283,0.89456534,0.8945518732070923,3.9829228626331314e-06,0.8945499658584595,10.543466,10.544812679290771
3152,119.9573814868927,0.8945716,0.8945541977882385,5.390526439441601e-06,0.8945499658584595,10.54284,10.544580221176147
3153,119.99938106536865,0.8945716,0.8945591449737549,4.596160124492599e-06,0.894553542137146,10.54284,10.544085502624512
3154,120.03364181518555,0.89458346,0.8945637941360474,3.4739346119749825e-06,0.894558310508728,10.541654,10.543620586395264
3155,120.0742883682251,0.8945869,0.8945668935775757,5.339177732821554e-06,0.8945618271827698,10.541307,10.543310642242432
3156,120.11612677574158,0.8945869,0.8945693373680115,6.944339929759735e-06,0.8945653438568115,10.541307,10.543066263198853
3157,120.14969968795776,0.8945869,0.8945737481117249,8.526525562047027e-06,0.8945653438568115,10.541307,10.542625188827515
3158,120.18408012390137,0.8945869,0.8945811986923218,5.9192338994762395e-06,0.8945716023445129,10.541307,10.541880130767822
3159,120.21813631057739,0.8945869,0.8945856094360352,1.6833657809911529e-06,0.8945834636688232,10.541307,10.541439056396484
3160,120.25196576118469,0.8945869,0.8945868015289307,1.1920928955078125e-07,0.8945869207382202,10.541307,10.541319847106934
3161,120.28505158424377,0.8945869,0.8945868015289307,1.1920928955078125e-07,0.8945869207382202,10.541307,10.541319847106934
3162,120.31860733032227,0.8945869,0.8945868015289307,1.1920928955078125e-07,0.8945869207382202,10.541307,10.541319847106934
3163,120.35216569900513,0.8945869,0.8945868015289307,1.1920928955078125e-07,0.8945869207382202,10.541307,10.541319847106934
3164,120.3879406452179,0.89463544,0.8945870399475098,2.9953198463772424e-06,0.8945869207382202,10.536456,10.541296005249023
3165,120.42934942245483,0.89463544,0.8945876359939575,5.9546446209424175e-06,0.8945869207382202,10.536456,10.541236400604248
3166,120.4621889591217,0.89463544,0.8945894241333008,1.092195998353418e-05,0.8945869207382202,10.536456,10.541057586669922
3167,120.49667072296143,0.89463544,0.8945928812026978,1.6006499208742753e-05,0.8945869207382202,10.536456,10.540711879730225
3168,120.53089499473572,0.89463544,0.8945990800857544,2.1075689801364206e-05,0.8945869207382202,10.536456,10.54009199142456
3169,120.56531190872192,0.89463544,0.8946132063865662,2.4161421606549993e-05,0.8945869207382202,10.536456,10.538679361343384
3170,120.59980154037476,0.89463544,0.8946352601051331,1.7881393432617188e-07,0.8946354389190674,10.536456,10.536473989486694
3171,120.63424253463745,0.89463544,0.8946352601051331,1.7881393432617188e-07,0.8946354389190674,10.536456,10.536473989486694
3172,120.66722846031189,0.89463544,0.8946352601051331,1.7881393432617188e-07,0.8946354389190674,10.536456,10.536473989486694
3173,120.70179677009583,0.89463544,0.8946352601051331,1.7881393432617188e-07,0.8946354389190674,10.536456,10.536473989486694
3174,120.76314926147461,0.89465976,0.8908260464668274,0.003234198549762368,0.8831059336662292,10.534024,10.91739535331726
3175,120.80450320243835,0.89465976,0.8935278058052063,0.0008587485644966364,0.8917392492294312,10.534024,10.64721941947937
3176,120.83777284622192,0.89465976,0.8942754864692688,0.0003143819631077349,0.8936148285865784,10.534024,10.57245135307312
3177,120.87094211578369,0.89465976,0.8945474028587341,0.00012019708810839802,0.8942883014678955,10.534024,10.545259714126587
3178,120.9056499004364,0.89465976,0.8946400284767151,1.6402058463427238e-05,0.8946045637130737,10.534024,10.535997152328491
3179,120.94055676460266,0.89465976,0.8946536779403687,1.057435292750597e-05,0.8946354389190674,10.534024,10.534632205963135
3180,120.97775793075562,0.89465976,0.8946599960327148,2.384185791015625e-07,0.8946597576141357,10.534024,10.534000396728516
3181,121.01515007019043,0.89465976,0.8946599960327148,2.384185791015625e-07,0.8946597576141357,10.534024,10.534000396728516
3182,121.0495445728302,0.89465976,0.8946599960327148,2.384185791015625e-07,0.8946597576141357,10.534024,10.534000396728516
3183,121.08394622802734,0.89465976,0.8946599960327148,2.384185791015625e-07,0.8946597576141357,10.534024,10.534000396728516
3184,121.11752605438232,0.8946668,0.8946599960327148,4.828958708458231e-07,0.8946597576141357,10.533321,10.534000396728516
3185,121.1591796875,0.8947352,0.8946602940559387,4.715294380730484e-06,0.8946597576141357,10.526478,10.533970594406128
3186,121.20028018951416,0.89473724,0.8946623206138611,1.235682975675445e-05,0.8946597576141357,10.526276,10.533767938613892
3187,121.24338006973267,0.8947443,0.8946667313575745,2.0969500837964006e-05,0.8946597576141357,10.525572,10.533326864242554
3188,121.28627514839172,0.8947504,0.8946784734725952,3.2331652619177476e-05,0.8946597576141357,10.524959,10.532152652740479
3189,121.32689785957336,0.8947504,0.89469975233078,3.8071335438871756e-05,0.8946597576141357,10.524959,10.530024766921997
3190,121.36068058013916,0.8947504,0.8947405815124512,4.7482431000389624e-06,0.8947352170944214,10.524959,10.525941848754883
3191,121.3934166431427,0.8947504,0.894744336605072,3.7907279875071254e-06,0.8947372436523438,10.524959,10.525566339492798
3192,121.42694640159607,0.8947504,0.8947474360466003,3.0561029689124553e-06,0.8947442770004272,10.524959,10.525256395339966
3193,121.46151876449585,0.8947504,0.8947505354881287,1.1920928955078125e-07,0.8947504162788391,10.524959,10.524946451187134
3194,121.49653172492981,0.8947504,0.8947505354881287,1.1920928955078125e-07,0.8947504162788391,10.524959,10.524946451187134
3195,121.53222727775574,0.8947504,0.8947505354881287,1.1920928955078125e-07,0.8947504162788391,10.524959,10.524946451187134
3196,121.56588768959045,0.8947504,0.8947505354881287,1.1920928955078125e-07,0.8947504162788391,10.524959,10.524946451187134
3197,121.59989166259766,0.8947504,0.8947505354881287,1.1920928955078125e-07,0.8947504162788391,10.524959,10.524946451187134
3198,121.63344979286194,0.8947504,0.8947505354881287,1.1920928955078125e-07,0.8947504162788391,10.524959,10.524946451187134
3199,121.66844487190247,0.8947504,0.8947505354881287,1.1920928955078125e-07,0.8947504162788391,10.524959,10.524946451187134
3200,121.7088098526001,0.8947504,0.8947505354881287,1.1920928955078125e-07,0.8947504162788391,10.524959,10.524946451187134
3201,121.7446916103363,0.8947526,0.8947505354881287,1.7549713504649844e-07,0.8947504162788391,10.524738,10.524946451187134
3202,121.78621935844421,0.8947526,0.8947505354881287,3.3725535786288674e-07,0.8947504162788391,10.524738,10.524946451187134
3203,121.82056474685669,0.8947526,0.8947506546974182,5.519636374629044e-07,0.8947504162788391,10.524738,10.524934530258179
3204,121.85493350028992,0.8947526,0.8947508931159973,8.505982123097056e-07,0.8947504162788391,10.524738,10.524910688400269
3205,121.88633680343628,0.8947526,0.8947513699531555,1.0814947017934173e-06,0.8947504162788391,10.524738,10.524863004684448
3206,121.92112278938293,0.8947526,0.8947521448135376,8.780776852290728e-07,0.8947504162788391,10.524738,10.52478551864624
3207,121.95600438117981,0.8947526,0.8947525024414062,1.1920928955078125e-07,0.8947526216506958,10.524738,10.524749755859375
3208,121.99059772491455,0.8947526,0.8947525024414062,1.1920928955078125e-07,0.8947526216506958,10.524738,10.524749755859375
3209,122.02370882034302,0.8947526,0.8947525024414062,1.1920928955078125e-07,0.8947526216506958,10.524738,10.524749755859375
3210,122.0583016872406,0.8947526,0.8947525024414062,1.1920928955078125e-07,0.8947526216506958,10.524738,10.524749755859375
3211,122.09320950508118,0.8947526,0.8947525024414062,1.1920928955078125e-07,0.8947526216506958,10.524738,10.524749755859375
3212,122.12767386436462,0.8947526,0.8947525024414062,1.1920928955078125e-07,0.8947526216506958,10.524738,10.524749755859375
3213,122.16303062438965,0.8947526,0.8947525024414062,1.1920928955078125e-07,0.8947526216506958,10.524738,10.524749755859375
3214,122.19662141799927,0.8947526,0.8947525024414062,1.1920928955078125e-07,0.8947526216506958,10.524738,10.524749755859375
3215,122.23036122322083,0.8947526,0.8947525024414062,1.1920928955078125e-07,0.8947526216506958,10.524738,10.524749755859375
3216,122.2635109424591,0.8947526,0.8947525024414062,1.1920928955078125e-07,0.8947526216506958,10.524738,10.524749755859375
3217,122.29651689529419,0.8947526,0.8947525024414062,1.1920928955078125e-07,0.8947526216506958,10.524738,10.524749755859375
3218,122.33106470108032,0.8947568,0.894752562046051,2.683759703359101e-07,0.8947526216506958,10.524321,10.524743795394897
3219,122.37302780151367,0.8947568,0.8947526216506958,5.76935519802646e-07,0.8947526216506958,10.524321,10.52473783493042
3220,122.40673279762268,0.8947568,0.8947528004646301,1.0328004691473325e-06,0.8947526216506958,10.524321,10.524719953536987
3221,122.44101428985596,0.8947568,0.894753098487854,1.413899326507817e-06,0.8947526216506958,10.524321,10.5246901512146
3222,122.47467422485352,0.8947568,0.8947536945343018,1.8910745893663261e-06,0.8947526216506958,10.524321,10.524630546569824
3223,122.50832867622375,0.8947568,0.894754946231842,2.049779823209974e-06,0.8947526216506958,10.524321,10.524505376815796
3224,122.54187321662903,0.8947568,0.8947566151618958,1.7881393432617188e-07,0.8947567939758301,10.524321,10.524338483810425
3225,122.5763692855835,0.8947568,0.8947566151618958,1.7881393432617188e-07,0.8947567939758301,10.524321,10.524338483810425
3226,122.6109983921051,0.8947568,0.8947566151618958,1.7881393432617188e-07,0.8947567939758301,10.524321,10.524338483810425
3227,122.64566707611084,0.8947568,0.8947566151618958,1.7881393432617188e-07,0.8947567939758301,10.524321,10.524338483810425
3228,122.67923021316528,0.8947568,0.8947566151618958,1.7881393432617188e-07,0.8947567939758301,10.524321,10.524338483810425
3229,122.7122118473053,0.89478225,0.8947567343711853,1.5786890799063258e-06,0.8947567939758301,10.521775,10.52432656288147
3230,122.7531898021698,0.89478225,0.8947569727897644,2.7127227895107353e-06,0.8947567939758301,10.521775,10.52430272102356
3231,122.78725695610046,0.8947908,0.8947575092315674,4.843343504035147e-06,0.8947567939758301,10.520917,10.524249076843262
3232,122.82803297042847,0.8947908,0.8947596549987793,8.662538675707765e-06,0.8947567939758301,10.520917,10.52403450012207
3233,122.86203336715698,0.8947908,0.8947633504867554,1.1866547538375016e-05,0.8947567939758301,10.520917,10.523664951324463
3234,122.89564061164856,0.8947908,0.8947709798812866,1.3855173165211454e-05,0.8947567939758301,10.520917,10.522902011871338
3235,122.93001103401184,0.8947908,0.8947835564613342,6.18441936239833e-06,0.894770085811615,10.520917,10.521644353866577
3236,122.97230625152588,0.8947908,0.8947883248329163,3.8288139876385685e-06,0.8947822451591492,10.520917,10.521167516708374
3237,123.01988434791565,0.8947908,0.8947906494140625,1.7881393432617188e-07,0.8947908282279968,10.520917,10.52093505859375
3238,123.06006693840027,0.8947908,0.8947906494140625,1.7881393432617188e-07,0.8947908282279968,10.520917,10.52093505859375
3239,123.09544777870178,0.8947908,0.8947906494140625,1.7881393432617188e-07,0.8947908282279968,10.520917,10.52093505859375
3240,123.13109850883484,0.8947908,0.8947906494140625,1.7881393432617188e-07,0.8947908282279968,10.520917,10.52093505859375
3241,123.16564798355103,0.8947908,0.8947906494140625,1.7881393432617188e-07,0.8947908282279968,10.520917,10.52093505859375
3242,123.20044541358948,0.89483947,0.8947908878326416,3.0085857360973023e-06,0.8947908282279968,10.516053,10.52091121673584
3243,123.24135231971741,0.89483947,0.8947916626930237,6.663470685452921e-06,0.8947908282279968,10.516053,10.520833730697632
3244,123.27612257003784,0.8949504,0.8947959542274475,2.2222175175556913e-05,0.8947908282279968,10.504961,10.520404577255249
3245,123.31749129295349,0.8949504,0.8948063850402832,4.116943455301225e-05,0.8947908282279968,10.504961,10.51936149597168
3246,123.35132431983948,0.8949504,0.8948285579681396,6.0124621086288244e-05,0.8947908282279968,10.504961,10.517144203186035
3247,123.38719391822815,0.8949529,0.8948763608932495,6.847012264188379e-05,0.8947908282279968,10.504711,10.512363910675049
3248,123.42982721328735,0.8949541,0.8949388861656189,3.416537947487086e-05,0.8948394656181335,10.504591,10.50611138343811
3249,123.47132802009583,0.8949541,0.8949510455131531,1.170711925624346e-06,0.8949503898620605,10.504591,10.504895448684692
3250,123.50568914413452,0.8949541,0.8949515223503113,1.5451707895408617e-06,0.8949503898620605,10.504591,10.504847764968872
3251,123.5401599407196,0.8949541,0.8949524760246277,1.6549410020161304e-06,0.8949503898620605,10.504591,10.504752397537231
3252,123.57462573051453,0.8949541,0.8949538469314575,3.84890483928757e-07,0.8949528932571411,10.504591,10.504615306854248
3253,123.60946607589722,0.8949554,0.8949540257453918,1.0356674096101415e-07,0.8949540853500366,10.50446,10.504597425460815
3254,123.65294289588928,0.8949554,0.8949540257453918,1.5834388022994972e-07,0.8949540853500366,10.50446,10.504597425460815
3255,123.6864824295044,0.8949554,0.8949540853500366,3.1405997447109257e-07,0.8949540853500366,10.50446,10.504591464996338
3256,123.7184989452362,0.8949554,0.894954264163971,4.825229780180962e-07,0.8949540853500366,10.50446,10.504573583602905
3257,123.75373029708862,0.8949554,0.89495450258255,6.132964358585014e-07,0.8949540853500366,10.50446,10.504549741744995
3258,123.78716444969177,0.8949554,0.8949549794197083,6.315442533377791e-07,0.8949540853500366,10.50446,10.504502058029175
3259,123.82105088233948,0.8949554,0.894955575466156,1.7881393432617188e-07,0.8949553966522217,10.50446,10.5044424533844
3260,123.85465145111084,0.8949554,0.894955575466156,1.7881393432617188e-07,0.8949553966522217,10.50446,10.5044424533844
3261,123.88858699798584,0.8949571,0.894955575466156,2.025739860300746e-07,0.8949553966522217,10.504288,10.5044424533844
3262,123.92899632453918,0.8949571,0.894955575466156,2.779989358714374e-07,0.8949553966522217,10.504288,10.5044424533844
3263,123.96310782432556,0.8949571,0.8949556946754456,4.567177995795646e-07,0.8949553966522217,10.504288,10.504430532455444
3264,123.99813342094421,0.8949571,0.8949558138847351,6.406853572116233e-07,0.8949553966522217,10.504288,10.50441861152649
3265,124.0320827960968,0.8949571,0.8949561715126038,8.400025421906321e-07,0.8949553966522217,10.504288,10.504382848739624
3266,124.06736707687378,0.8949571,0.8949568271636963,8.01729072463786e-07,0.8949553966522217,10.504288,10.504317283630371
3267,124.10106420516968,0.8949571,0.8949572443962097,1.1920928955078125e-07,0.8949571251869202,10.504288,10.504275560379028
3268,124.13429975509644,0.8949571,0.8949572443962097,1.1920928955078125e-07,0.8949571251869202,10.504288,10.504275560379028
3269,124.16846418380737,0.8949571,0.8949572443962097,1.1920928955078125e-07,0.8949571251869202,10.504288,10.504275560379028
3270,124.20248937606812,0.8949571,0.8949572443962097,1.1920928955078125e-07,0.8949571251869202,10.504288,10.504275560379028
3271,124.23724412918091,0.8950046,0.894957423210144,2.930685923274723e-06,0.8949571251869202,10.499543,10.504257678985596
3272,124.2783989906311,0.8950046,0.8949577808380127,5.053797394793946e-06,0.8949571251869202,10.499543,10.50422191619873
3273,124.31379842758179,0.8950046,0.8949593901634216,9.163848517346196e-06,0.8949571251869202,10.499543,10.504060983657837
3274,124.34686136245728,0.8950101,0.8949631452560425,1.4485221981885843e-05,0.8949571251869202,10.498989,10.503685474395752
3275,124.3896484375,0.8950101,0.8949704170227051,1.8594037101138383e-05,0.8949571251869202,10.498989,10.502958297729492
3276,124.42298173904419,0.8950101,0.8949844241142273,1.677952241152525e-05,0.8949571251869202,10.498989,10.50155758857727
3277,124.45703649520874,0.8950101,0.8949970602989197,1.1382556294847745e-05,0.8949809074401855,10.498989,10.500293970108032
3278,124.49213981628418,0.8950101,0.8950066566467285,2.691387862796546e-06,0.8950045704841614,10.498989,10.499334335327148
3279,124.52606749534607,0.8950101,0.89500892162323,2.236896989415982e-06,0.8950045704841614,10.498989,10.499107837677002
3280,124.55955743789673,0.8950101,0.8950100541114807,5.960464477539063e-08,0.8950101137161255,10.498989,10.498994588851929
3281,124.59412002563477,0.8950101,0.8950100541114807,5.960464477539063e-08,0.8950101137161255,10.498989,10.498994588851929
3282,124.62875866889954,0.8950101,0.8950100541114807,5.960464477539063e-08,0.8950101137161255,10.498989,10.498994588851929
3283,124.66312551498413,0.8950101,0.8950100541114807,5.960464477539063e-08,0.8950101137161255,10.498989,10.498994588851929
3284,124.69632363319397,0.8950101,0.8950100541114807,5.960464477539063e-08,0.8950101137161255,10.498989,10.498994588851929
3285,124.73039484024048,0.8950101,0.8950100541114807,5.960464477539063e-08,0.8950101137161255,10.498989,10.498994588851929
3286,124.76462745666504,0.8950101,0.8950100541114807,5.960464477539063e-08,0.8950101137161255,10.498989,10.498994588851929
3287,124.7962110042572,0.8950101,0.8950100541114807,5.960464477539063e-08,0.8950101137161255,10.498989,10.498994588851929
3288,124.82961845397949,0.8950101,0.8950100541114807,5.960464477539063e-08,0.8950101137161255,10.498989,10.498994588851929
3289,124.86405801773071,0.8950101,0.8950100541114807,5.960464477539063e-08,0.8950101137161255,10.498989,10.498994588851929
3290,124.89749956130981,0.8950101,0.8950100541114807,5.960464477539063e-08,0.8950101137161255,10.498989,10.498994588851929
3291,124.93274188041687,0.8950101,0.8950100541114807,5.960464477539063e-08,0.8950101137161255,10.498989,10.498994588851929
3292,124.96476864814758,0.8950101,0.8950100541114807,5.960464477539063e-08,0.8950101137161255,10.498989,10.498994588851929
3293,125.00048804283142,0.89501506,0.8950100541114807,3.1527966370958893e-07,0.8950101137161255,10.498494,10.498994588851929
3294,125.04190683364868,0.89501506,0.8950101137161255,6.840807031949225e-07,0.8950101137161255,10.498494,10.498988628387451
3295,125.07535576820374,0.89501506,0.8950103521347046,1.2225267482790514e-06,0.8950101137161255,10.498494,10.498964786529541
3296,125.10900235176086,0.89501506,0.8950108289718628,1.827326741477009e-06,0.8950101137161255,10.498494,10.49891710281372
3297,125.14203476905823,0.89501506,0.8950117826461792,2.3538673303846736e-06,0.8950101137161255,10.498494,10.49882173538208
3298,125.17501783370972,0.89501506,0.8950133919715881,2.3081527160684345e-06,0.8950101137161255,10.498494,10.498660802841187
3299,125.20753455162048,0.89501506,0.8950150012969971,5.960464477539063e-08,0.8950150609016418,10.498494,10.498499870300293
3300,125.24266910552979,0.89501506,0.8950150012969971,5.960464477539063e-08,0.8950150609016418,10.498494,10.498499870300293
3301,125.27741241455078,0.89501506,0.8950150012969971,5.960464477539063e-08,0.8950150609016418,10.498494,10.498499870300293
3302,125.3109142780304,0.89501506,0.8950150012969971,5.960464477539063e-08,0.8950150609016418,10.498494,10.498499870300293
3303,125.34417414665222,0.89501506,0.8950150012969971,5.960464477539063e-08,0.8950150609016418,10.498494,10.498499870300293
3304,125.37854337692261,0.89501506,0.8950150012969971,5.960464477539063e-08,0.8950150609016418,10.498494,10.498499870300293
3305,125.41182565689087,0.89501506,0.8950150012969971,5.960464477539063e-08,0.8950150609016418,10.498494,10.498499870300293
3306,125.44479322433472,0.89501506,0.8950150012969971,5.960464477539063e-08,0.8950150609016418,10.498494,10.498499870300293
3307,125.47847366333008,0.89501506,0.8950150012969971,5.960464477539063e-08,0.8950150609016418,10.498494,10.498499870300293
3308,125.51381325721741,0.89501506,0.8950150012969971,5.960464477539063e-08,0.8950150609016418,10.498494,10.498499870300293
3309,125.54724740982056,0.89501506,0.8950150012969971,5.960464477539063e-08,0.8950150609016418,10.498494,10.498499870300293
3310,125.58129811286926,0.89501506,0.8950150012969971,5.960464477539063e-08,0.8950150609016418,10.498494,10.498499870300293
3311,125.61708950996399,0.89501506,0.8950150012969971,5.960464477539063e-08,0.8950150609016418,10.498494,10.498499870300293
3312,125.65167427062988,0.89501506,0.8950150012969971,5.960464477539063e-08,0.8950150609016418,10.498494,10.498499870300293
3313,125.68578743934631,0.89506865,0.8950151801109314,3.3083979360526428e-06,0.8950150609016418,10.493135,10.49848198890686
3314,125.7282350063324,0.89506865,0.8950161933898926,7.328572337428341e-06,0.8950150609016418,10.493135,10.498380661010742
3315,125.76360535621643,0.8950732,0.8950186967849731,1.2636249266506638e-05,0.8950150609016418,10.492682,10.498130321502686
3316,125.80286145210266,0.8950732,0.8950240612030029,1.8139862731914036e-05,0.8950150609016418,10.492682,10.497593879699707
3317,125.83740711212158,0.8950732,0.8950352072715759,2.201647475885693e-05,0.8950150609016418,10.492682,10.496479272842407
3318,125.87068223953247,0.89507616,0.89505535364151,1.391494970448548e-05,0.8950282335281372,10.492384,10.494464635848999
3319,125.9116268157959,0.89507616,0.8950672149658203,6.324141850200249e-06,0.8950516581535339,10.492384,10.493278503417969
3320,125.94639658927917,0.89507616,0.895071804523468,2.5512474621791625e-06,0.8950686454772949,10.492384,10.492819547653198
3321,125.98027753829956,0.89507616,0.8950737714767456,1.334837520516885e-06,0.8950731754302979,10.492384,10.49262285232544
3322,126.01470351219177,0.89507616,0.8950746059417725,1.4955152209950029e-06,0.8950731754302979,10.492384,10.492539405822754
3323,126.04847431182861,0.89507616,0.8950760960578918,5.960464477539063e-08,0.8950761556625366,10.492384,10.492390394210815
3324,126.08313703536987,0.89507616,0.8950760960578918,5.960464477539063e-08,0.8950761556625366,10.492384,10.492390394210815
3325,126.11622858047485,0.89507616,0.8950760960578918,5.960464477539063e-08,0.8950761556625366,10.492384,10.492390394210815
3326,126.14971113204956,0.89507616,0.8950760960578918,5.960464477539063e-08,0.8950761556625366,10.492384,10.492390394210815
3327,126.18352770805359,0.89507616,0.8950760960578918,5.960464477539063e-08,0.8950761556625366,10.492384,10.492390394210815
3328,126.21741604804993,0.89507616,0.8950760960578918,5.960464477539063e-08,0.8950761556625366,10.492384,10.492390394210815
3329,126.2516086101532,0.89507616,0.8950760960578918,5.960464477539063e-08,0.8950761556625366,10.492384,10.492390394210815
3330,126.28546023368835,0.89507616,0.8950760960578918,5.960464477539063e-08,0.8950761556625366,10.492384,10.492390394210815
3331,126.3193428516388,0.89507616,0.8950760960578918,5.960464477539063e-08,0.8950761556625366,10.492384,10.492390394210815
3332,126.35389590263367,0.89507616,0.8950760960578918,5.960464477539063e-08,0.8950761556625366,10.492384,10.492390394210815
3333,126.38858938217163,0.89507616,0.8950760960578918,5.960464477539063e-08,0.8950761556625366,10.492384,10.492390394210815
3334,126.42159414291382,0.8950764,0.8950760960578918,6.227981685924533e-08,0.8950761556625366,10.492361,10.492390394210815
3335,126.4619574546814,0.8950764,0.8950760960578918,6.731195156817193e-08,0.8950761556625366,10.492361,10.492390394210815
3336,126.49603033065796,0.8950886,0.8950762748718262,1.3268288512335857e-06,0.8950761556625366,10.491138,10.492372512817383
3337,126.53919267654419,0.8950886,0.8950768709182739,3.069987997150747e-06,0.8950761556625366,10.491138,10.492312908172607
3338,126.57307124137878,0.8950886,0.895078182220459,4.585489932651399e-06,0.8950761556625366,10.491138,10.492181777954102
3339,126.60863709449768,0.8950886,0.8950808644294739,6.003594080539187e-06,0.8950761556625366,10.491138,10.491913557052612
3340,126.64253306388855,0.8950886,0.895085334777832,5.298802534525748e-06,0.8950763940811157,10.491138,10.491466522216797
3341,126.6769700050354,0.8950886,0.8950884938240051,1.1920928955078125e-07,0.8950886130332947,10.491138,10.491150617599487
3342,126.70991063117981,0.8950886,0.8950884938240051,1.1920928955078125e-07,0.8950886130332947,10.491138,10.491150617599487
3343,126.74468445777893,0.8950886,0.8950884938240051,1.1920928955078125e-07,0.8950886130332947,10.491138,10.491150617599487
3344,126.77875351905823,0.8950886,0.8950884938240051,1.1920928955078125e-07,0.8950886130332947,10.491138,10.491150617599487
3345,126.81244134902954,0.8950886,0.8950884938240051,1.1920928955078125e-07,0.8950886130332947,10.491138,10.491150617599487
3346,126.8472318649292,0.8950886,0.8950884938240051,1.1920928955078125e-07,0.8950886130332947,10.491138,10.491150617599487
3347,126.88108468055725,0.8950886,0.8950884938240051,1.1920928955078125e-07,0.8950886130332947,10.491138,10.491150617599487
3348,126.9155113697052,0.8950886,0.8950884938240051,1.1920928955078125e-07,0.8950886130332947,10.491138,10.491150617599487
3349,126.94987440109253,0.8950886,0.8950884938240051,1.1920928955078125e-07,0.8950886130332947,10.491138,10.491150617599487
3350,126.98383617401123,0.8950886,0.8950884938240051,1.1920928955078125e-07,0.8950886130332947,10.491138,10.491150617599487
3351,127.01753854751587,0.8950886,0.8950884938240051,1.1920928955078125e-07,0.8950886130332947,10.491138,10.491150617599487
3352,127.05192303657532,0.8951079,0.8950884938240051,1.2074816595486482e-06,0.8950886130332947,10.489207,10.491150617599487
3353,127.09318399429321,0.89513445,0.8950888514518738,3.623397560659214e-06,0.8950886130332947,10.486555,10.491114854812622
3354,127.13682270050049,0.89513445,0.8950904607772827,7.72171733842697e-06,0.8950886130332947,10.486555,10.490953922271729
3355,127.17118215560913,0.89513445,0.8950939774513245,1.2721718121611048e-05,0.8950886130332947,10.486555,10.490602254867554
3356,127.2043890953064,0.89513445,0.8951014280319214,1.7176775145344436e-05,0.8950886130332947,10.486555,10.489857196807861
3357,127.23814010620117,0.89513445,0.8951152563095093,1.5671534129069187e-05,0.8950886130332947,10.486555,10.488474369049072
3358,127.26964211463928,0.89513445,0.8951290845870972,7.06522860127734e-06,0.8951135873794556,10.486555,10.487091541290283
3359,127.30308818817139,0.89513445,0.8951342701911926,1.7881393432617188e-07,0.895134449005127,10.486555,10.486572980880737
3360,127.33869194984436,0.89513445,0.8951342701911926,1.7881393432617188e-07,0.895134449005127,10.486555,10.486572980880737
3361,127.37354612350464,0.89513445,0.8951342701911926,1.7881393432617188e-07,0.895134449005127,10.486555,10.486572980880737
3362,127.40652370452881,0.89513445,0.8951342701911926,1.7881393432617188e-07,0.895134449005127,10.486555,10.486572980880737
3363,127.43947839736938,0.89513445,0.8951342701911926,1.7881393432617188e-07,0.895134449005127,10.486555,10.486572980880737
3364,127.47270655632019,0.89519876,0.8951345086097717,3.973852017224999e-06,0.895134449005127,10.4801235,10.486549139022827
3365,127.51323437690735,0.89519876,0.895135760307312,9.630840395402629e-06,0.895134449005127,10.4801235,10.486423969268799
3366,127.54680061340332,0.89519876,0.8951390385627747,1.6896128727239557e-05,0.895134449005127,10.4801235,10.486096143722534
3367,127.58076238632202,0.89519876,0.8951461911201477,2.4997843866003677e-05,0.895134449005127,10.4801235,10.48538088798523
3368,127.61483216285706,0.89519876,0.895159900188446,3.147678216919303e-05,0.895134449005127,10.4801235,10.484009981155396
3369,127.65030145645142,0.89519876,0.8951871395111084,2.4796181605779566e-05,0.895134449005127,10.4801235,10.48128604888916
3370,127.68483471870422,0.89519876,0.8951987624168396,0.0,0.8951987624168396,10.4801235,10.48012375831604
3371,127.72074723243713,0.89519876,0.8951987624168396,0.0,0.8951987624168396,10.4801235,10.48012375831604
3372,127.754079580307,0.89519876,0.8951987624168396,0.0,0.8951987624168396,10.4801235,10.48012375831604
3373,127.7878897190094,0.89519876,0.8951987624168396,0.0,0.8951987624168396,10.4801235,10.48012375831604
3374,127.82145380973816,0.89519876,0.8951987624168396,0.0,0.8951987624168396,10.4801235,10.48012375831604
3375,127.85720086097717,0.89519876,0.8951987624168396,0.0,0.8951987624168396,10.4801235,10.48012375831604
3376,127.89127516746521,0.89519876,0.8951987624168396,0.0,0.8951987624168396,10.4801235,10.48012375831604
3377,127.92515802383423,0.89519876,0.8951987624168396,0.0,0.8951987624168396,10.4801235,10.48012375831604
3378,127.95938515663147,0.89523876,0.8951988816261292,2.468739921823726e-06,0.8951987624168396,10.476124,10.480111837387085
3379,128.001957654953,0.89527106,0.8951993584632874,5.646660156344296e-06,0.8951987624168396,10.472894,10.480064153671265
3380,128.0453999042511,0.89527106,0.8952008485794067,1.0354188816563692e-05,0.8951987624168396,10.472894,10.479915142059326
3381,128.08076095581055,0.89527106,0.8952048420906067,1.852649438660592e-05,0.8951987624168396,10.472894,10.479515790939331
3382,128.11470007896423,0.89527684,0.8952144980430603,2.8393775210133754e-05,0.8951987624168396,10.472316,10.47855019569397
3383,128.15522480010986,0.89527684,0.8952316045761108,3.4134500310756266e-05,0.8951987624168396,10.472316,10.476839542388916
3384,128.18978762626648,0.89527684,0.8952650427818298,1.2659843378060032e-05,0.8951987624168396,10.472316,10.473495721817017
3385,128.22391295433044,0.89527684,0.8952717185020447,1.6137850025188527e-06,0.8952710628509521,10.472316,10.472828149795532
3386,128.25568342208862,0.89527684,0.895272433757782,2.3398913526762044e-06,0.8952710628509521,10.472316,10.472756624221802
3387,128.2882661819458,0.89527684,0.895273745059967,2.8763779482687823e-06,0.8952710628509521,10.472316,10.472625494003296
3388,128.32117891311646,0.89527684,0.8952763676643372,1.654045945542748e-06,0.8952710628509521,10.472316,10.472363233566284
3389,128.35559129714966,0.89527684,0.8952769637107849,1.1920928955078125e-07,0.8952768445014954,10.472316,10.472303628921509
3390,128.3893666267395,0.89527684,0.8952769637107849,1.1920928955078125e-07,0.8952768445014954,10.472316,10.472303628921509
3391,128.42458176612854,0.89527684,0.8952769637107849,1.1920928955078125e-07,0.8952768445014954,10.472316,10.472303628921509
3392,128.46044731140137,0.89527684,0.8952769637107849,1.1920928955078125e-07,0.8952768445014954,10.472316,10.472303628921509
3393,128.4945526123047,0.89527684,0.8952769637107849,1.1920928955078125e-07,0.8952768445014954,10.472316,10.472303628921509
3394,128.52914929389954,0.89527684,0.8952769637107849,1.1920928955078125e-07,0.8952768445014954,10.472316,10.472303628921509
3395,128.56401085853577,0.89527684,0.8952769637107849,1.1920928955078125e-07,0.8952768445014954,10.472316,10.472303628921509
3396,128.59902262687683,0.89527684,0.8952769637107849,1.1920928955078125e-07,0.8952768445014954,10.472316,10.472303628921509
3397,128.63509273529053,0.89527684,0.8952769637107849,1.1920928955078125e-07,0.8952768445014954,10.472316,10.472303628921509
3398,128.67042016983032,0.89527684,0.8952769637107849,1.1920928955078125e-07,0.8952768445014954,10.472316,10.472303628921509
3399,128.7034296989441,0.89527684,0.8952769637107849,1.1920928955078125e-07,0.8952768445014954,10.472316,10.472303628921509
3400,128.7382848262787,0.89527684,0.8952769637107849,1.1920928955078125e-07,0.8952768445014954,10.472316,10.472303628921509
3401,128.77228617668152,0.89527684,0.8952769637107849,1.1920928955078125e-07,0.8952768445014954,10.472316,10.472303628921509
3402,128.80607175827026,0.89527684,0.8952769637107849,1.1920928955078125e-07,0.8952768445014954,10.472316,10.472303628921509
3403,128.8404824733734,0.89527684,0.8952769637107849,1.1920928955078125e-07,0.8952768445014954,10.472316,10.472303628921509
3404,128.87406420707703,0.89527684,0.8952769637107849,1.1920928955078125e-07,0.8952768445014954,10.472316,10.472303628921509
3405,128.9069962501526,0.89527684,0.8952769637107849,1.1920928955078125e-07,0.8952768445014954,10.472316,10.472303628921509
3406,128.94139456748962,0.89527684,0.8952769637107849,1.1920928955078125e-07,0.8952768445014954,10.472316,10.472303628921509
3407,128.97595405578613,0.89527684,0.8952769637107849,1.1920928955078125e-07,0.8952768445014954,10.472316,10.472303628921509
3408,129.00981307029724,0.89527684,0.8952769637107849,1.1920928955078125e-07,0.8952768445014954,10.472316,10.472303628921509
3409,129.04387021064758,0.89527684,0.8952769637107849,1.1920928955078125e-07,0.8952768445014954,10.472316,10.472303628921509
3410,129.07757782936096,0.8953059,0.8952770233154297,1.7928836086866795e-06,0.8952768445014954,10.469413,10.472297668457031
3411,129.12103867530823,0.8953059,0.8952773809432983,3.570873559510801e-06,0.8952768445014954,10.469413,10.472261905670166
3412,129.15499019622803,0.89531,0.8952788710594177,7.221732630569022e-06,0.8952768445014954,10.469002,10.472112894058228
3413,129.19709634780884,0.89531,0.8952816724777222,1.0971831216011196e-05,0.8952768445014954,10.469002,10.471832752227783
3414,129.23166823387146,0.89531,0.8952875137329102,1.4560223462467548e-05,0.8952768445014954,10.469002,10.471248626708984
3415,129.26635456085205,0.89531,0.895298421382904,1.4093083336774725e-05,0.8952768445014954,10.469002,10.470157861709595
3416,129.29862475395203,0.8953142,0.8953086137771606,2.0022037006128812e-06,0.895305871963501,10.468578,10.469138622283936
3417,129.33978867530823,0.8953142,0.8953101634979248,4.6890025373613753e-07,0.8953099846839905,10.468578,10.46898365020752
3418,129.37382435798645,0.8953142,0.8953103423118591,9.90288526736549e-07,0.8953099846839905,10.468578,10.468965768814087
3419,129.40804386138916,0.8953142,0.8953107595443726,1.5130116253203596e-06,0.8953099846839905,10.468578,10.468924045562744
3420,129.44334959983826,0.8953142,0.8953114748001099,1.9840379081870196e-06,0.8953099846839905,10.468578,10.468852519989014
3421,129.47813987731934,0.8953142,0.8953127861022949,1.9801345843006857e-06,0.8953099846839905,10.468578,10.468721389770508
3422,129.51243805885315,0.8953288,0.8953143358230591,9.035433095050394e-07,0.8953142166137695,10.467118,10.468566417694092
3423,129.5532352924347,0.8953288,0.8953145742416382,2.001413122343365e-06,0.8953142166137695,10.467118,10.468542575836182
3424,129.58904027938843,0.8953288,0.8953153491020203,3.925202690879814e-06,0.8953142166137695,10.467118,10.468465089797974
3425,129.6231927871704,0.8953288,0.8953168988227844,5.6073795349220745e-06,0.8953142166137695,10.467118,10.468310117721558
3426,129.6579008102417,0.8953288,0.895319938659668,7.129104687919607e-06,0.8953142166137695,10.467118,10.468006134033203
3427,129.6920609474182,0.8953288,0.895325779914856,5.891150067327544e-06,0.8953142166137695,10.467118,10.467422008514404
3428,129.72649312019348,0.8953288,0.8953288197517395,0.0,0.8953288197517395,10.467118,10.46711802482605
3429,129.75946760177612,0.8953288,0.8953288197517395,0.0,0.8953288197517395,10.467118,10.46711802482605
3430,129.79371166229248,0.8953288,0.8953288197517395,0.0,0.8953288197517395,10.467118,10.46711802482605
3431,129.8279356956482,0.8953288,0.8953288197517395,0.0,0.8953288197517395,10.467118,10.46711802482605
3432,129.86227703094482,0.8953288,0.8953288197517395,0.0,0.8953288197517395,10.467118,10.46711802482605
3433,129.89742803573608,0.8953288,0.8953288197517395,0.0,0.8953288197517395,10.467118,10.46711802482605
3434,129.93301367759705,0.8953288,0.8953288197517395,0.0,0.8953288197517395,10.467118,10.46711802482605
3435,129.96931552886963,0.89534605,0.8953288793563843,1.0632065823301673e-06,0.8953288197517395,10.465395,10.467112064361572
3436,130.00954365730286,0.89534605,0.8953290581703186,2.360790404054569e-06,0.8953288197517395,10.465395,10.46709418296814
3437,130.04282569885254,0.89534605,0.8953299522399902,4.304522917664144e-06,0.8953288197517395,10.465395,10.467004776000977
3438,130.07614850997925,0.89534605,0.895331621170044,6.3531219893775415e-06,0.8953288197517395,10.465395,10.466837882995605
3439,130.11042547225952,0.89534605,0.8953347206115723,8.207978680729866e-06,0.8953288197517395,10.465395,10.466527938842773
3440,130.14387702941895,0.89534605,0.8953415155410767,7.522297892137431e-06,0.8953288197517395,10.465395,10.465848445892334
3441,130.17791104316711,0.89534605,0.89534592628479,1.1920928955078125e-07,0.8953460454940796,10.465395,10.465407371520996
3442,130.21150493621826,0.89534605,0.89534592628479,1.1920928955078125e-07,0.8953460454940796,10.465395,10.465407371520996
3443,130.2452573776245,0.89534605,0.89534592628479,1.1920928955078125e-07,0.8953460454940796,10.465395,10.465407371520996
3444,130.27731561660767,0.89534605,0.89534592628479,1.1920928955078125e-07,0.8953460454940796,10.465395,10.465407371520996
3445,130.31117343902588,0.89534605,0.89534592628479,1.1920928955078125e-07,0.8953460454940796,10.465395,10.465407371520996
3446,130.34425020217896,0.89534605,0.89534592628479,1.1920928955078125e-07,0.8953460454940796,10.465395,10.465407371520996
3447,130.37730264663696,0.89534605,0.89534592628479,1.1920928955078125e-07,0.8953460454940796,10.465395,10.465407371520996
3448,130.41123223304749,0.89534605,0.89534592628479,1.1920928955078125e-07,0.8953460454940796,10.465395,10.465407371520996
3449,130.44511914253235,0.89534605,0.89534592628479,1.1920928955078125e-07,0.8953460454940796,10.465395,10.465407371520996
3450,130.4791305065155,0.89534605,0.89534592628479,1.1920928955078125e-07,0.8953460454940796,10.465395,10.465407371520996
3451,130.51290369033813,0.89534605,0.89534592628479,1.1920928955078125e-07,0.8953460454940796,10.465395,10.465407371520996
3452,130.5475583076477,0.89534605,0.89534592628479,1.1920928955078125e-07,0.8953460454940796,10.465395,10.465407371520996
3453,130.58216071128845,0.89534605,0.89534592628479,1.1920928955078125e-07,0.8953460454940796,10.465395,10.465407371520996
3454,130.61766147613525,0.89534605,0.89534592628479,1.1920928955078125e-07,0.8953460454940796,10.465395,10.465407371520996
3455,130.65327620506287,0.89534605,0.89534592628479,1.1920928955078125e-07,0.8953460454940796,10.465395,10.465407371520996
3456,130.687566280365,0.89534605,0.89534592628479,1.1920928955078125e-07,0.8953460454940796,10.465395,10.465407371520996
3457,130.7200310230255,0.89534605,0.89534592628479,1.1920928955078125e-07,0.8953460454940796,10.465395,10.465407371520996
3458,130.75292253494263,0.89534605,0.89534592628479,1.1920928955078125e-07,0.8953460454940796,10.465395,10.465407371520996
3459,130.7855989933014,0.89534605,0.89534592628479,1.1920928955078125e-07,0.8953460454940796,10.465395,10.465407371520996
3460,130.8208065032959,0.89534605,0.89534592628479,1.1920928955078125e-07,0.8953460454940796,10.465395,10.465407371520996
3461,130.85395050048828,0.89534605,0.89534592628479,1.1920928955078125e-07,0.8953460454940796,10.465395,10.465407371520996
3462,130.88774466514587,0.89534605,0.89534592628479,1.1920928955078125e-07,0.8953460454940796,10.465395,10.465407371520996
3463,130.92191863059998,0.89534605,0.89534592628479,1.1920928955078125e-07,0.8953460454940796,10.465395,10.465407371520996
3464,130.95542883872986,0.89534605,0.89534592628479,1.1920928955078125e-07,0.8953460454940796,10.465395,10.465407371520996
3465,130.9897346496582,0.89534605,0.89534592628479,1.1920928955078125e-07,0.8953460454940796,10.465395,10.465407371520996
3466,131.02325415611267,0.89534605,0.89534592628479,1.1920928955078125e-07,0.8953460454940796,10.465395,10.465407371520996
3467,131.05822920799255,0.89534605,0.89534592628479,1.1920928955078125e-07,0.8953460454940796,10.465395,10.465407371520996
3468,131.0922691822052,0.89534605,0.89534592628479,1.1920928955078125e-07,0.8953460454940796,10.465395,10.465407371520996
3469,131.125727891922,0.89534605,0.89534592628479,1.1920928955078125e-07,0.8953460454940796,10.465395,10.465407371520996
3470,131.16217684745789,0.89534605,0.89534592628479,1.1920928955078125e-07,0.8953460454940796,10.465395,10.465407371520996
3471,131.1995129585266,0.89534605,0.89534592628479,1.1920928955078125e-07,0.8953460454940796,10.465395,10.465407371520996
3472,131.2350103855133,0.89534605,0.89534592628479,1.1920928955078125e-07,0.8953460454940796,10.465395,10.465407371520996
3473,131.2706606388092,0.89534605,0.89534592628479,1.1920928955078125e-07,0.8953460454940796,10.465395,10.465407371520996
3474,131.3044879436493,0.89534605,0.89534592628479,1.1920928955078125e-07,0.8953460454940796,10.465395,10.465407371520996
3475,131.3377821445465,0.89534605,0.89534592628479,1.1920928955078125e-07,0.8953460454940796,10.465395,10.465407371520996
3476,131.37183904647827,0.89534605,0.89534592628479,1.1920928955078125e-07,0.8953460454940796,10.465395,10.465407371520996
3477,131.4046688079834,0.89534605,0.89534592628479,1.1920928955078125e-07,0.8953460454940796,10.465395,10.465407371520996
3478,131.4385209083557,0.89534605,0.89534592628479,1.1920928955078125e-07,0.8953460454940796,10.465395,10.465407371520996
3479,131.4731056690216,0.89534605,0.89534592628479,1.1920928955078125e-07,0.8953460454940796,10.465395,10.465407371520996
3480,131.50707626342773,0.89534605,0.89534592628479,1.1920928955078125e-07,0.8953460454940796,10.465395,10.465407371520996
3481,131.54162001609802,0.8953884,0.8953461647033691,2.648953795869602e-06,0.8953460454940796,10.461158,10.465383529663086
3482,131.58285784721375,0.8953884,0.8953466415405273,4.58363865618594e-06,0.8953460454940796,10.461158,10.465335845947266
3483,131.61754083633423,0.89548975,0.8953492045402527,1.257324947800953e-05,0.8953460454940796,10.451025,10.465079545974731
3484,131.65805077552795,0.89548975,0.8953548073768616,2.2849497327115387e-05,0.8953460454940796,10.451025,10.464519262313843
3485,131.691663980484,0.8954971,0.895370364189148,3.9175771235022694e-05,0.8953460454940796,10.450292,10.462963581085205
3486,131.7341775894165,0.8955043,0.8953978419303894,4.594086203724146e-05,0.8953543305397034,10.449571,10.46021580696106
3487,131.77468419075012,0.89551806,0.8954324722290039,4.914660530630499e-05,0.895376443862915,10.448194,10.45675277709961
3488,131.8197376728058,0.89551806,0.8954750299453735,3.0342973332153633e-05,0.8954030275344849,10.448194,10.452497005462646
3489,131.85440111160278,0.89551806,0.8954961895942688,8.810793588054366e-06,0.8954897522926331,10.448194,10.45038104057312
3490,131.88844799995422,0.89551806,0.8955040574073792,9.087792932405137e-06,0.8954897522926331,10.448194,10.449594259262085
3491,131.92161774635315,0.89551806,0.8955121636390686,4.952816198056098e-06,0.8955042958259583,10.448194,10.44878363609314
3492,131.95489525794983,0.89551806,0.8955164551734924,3.662955350591801e-06,0.8955086469650269,10.448194,10.448354482650757
3493,131.9891541004181,0.8955316,0.8955182433128357,8.4471201944325e-07,0.8955180644989014,10.44684,10.44817566871643
3494,132.0313742160797,0.8955316,0.8955186009407043,2.190813120250823e-06,0.8955180644989014,10.44684,10.448139905929565
3495,132.06558203697205,0.8955316,0.8955193758010864,3.7970887660776498e-06,0.8955180644989014,10.44684,10.448062419891357
3496,132.0999629497528,0.8955316,0.895520806312561,5.361984676710563e-06,0.8955180644989014,10.44684,10.447919368743896
3497,132.13335990905762,0.8955316,0.8955235481262207,6.627829407079844e-06,0.8955180644989014,10.44684,10.44764518737793
3498,132.16595816612244,0.8955316,0.8955289125442505,5.361170678952476e-06,0.8955180644989014,10.44684,10.447108745574951
3499,132.19976019859314,0.8955316,0.8955315947532654,0.0,0.8955315947532654,10.44684,10.446840524673462
3500,132.23286056518555,0.8955316,0.8955315947532654,0.0,0.8955315947532654,10.44684,10.446840524673462
3501,132.27409029006958,0.8955316,0.8955315947532654,0.0,0.8955315947532654,10.44684,10.446840524673462
3502,132.3071837425232,0.8955316,0.8955315947532654,0.0,0.8955315947532654,10.44684,10.446840524673462
3503,132.33988785743713,0.8955316,0.8955315947532654,0.0,0.8955315947532654,10.44684,10.446840524673462
3504,132.37275433540344,0.8955316,0.8955315947532654,0.0,0.8955315947532654,10.44684,10.446840524673462
3505,132.40666961669922,0.8955316,0.8955315947532654,0.0,0.8955315947532654,10.44684,10.446840524673462
3506,132.44128823280334,0.8955328,0.8955315947532654,7.371811960865671e-08,0.8955315947532654,10.446721,10.446840524673462
3507,132.4820055961609,0.8955629,0.8955317139625549,1.9336468994879397e-06,0.8955315947532654,10.443711,10.446828603744507
3508,132.5209231376648,0.8955629,0.8955321907997131,4.285450359020615e-06,0.8955315947532654,10.443711,10.446780920028687
3509,132.554292678833,0.8955629,0.8955337405204773,7.81113158154767e-06,0.8955315947532654,10.443711,10.44662594795227
3510,132.58924889564514,0.8955629,0.8955366611480713,1.1407804777263664e-05,0.8955315947532654,10.443711,10.446333885192871
3511,132.62319540977478,0.8955629,0.8955438137054443,1.5154712855292019e-05,0.8955315947532654,10.443711,10.445618629455566
3512,132.6582911014557,0.89556384,0.8955575823783875,1.1629820619418751e-05,0.8955315947532654,10.443616,10.444241762161255
3513,132.70029640197754,0.89556384,0.8955630660057068,2.0698585956324678e-07,0.8955628871917725,10.443616,10.443693399429321
3514,132.73506379127502,0.89556384,0.8955631256103516,2.9689280722777767e-07,0.8955628871917725,10.443616,10.443687438964844
3515,132.7696304321289,0.89556384,0.8955631852149963,3.8151353010107414e-07,0.8955628871917725,10.443616,10.443681478500366
3516,132.80359315872192,0.89556384,0.8955633640289307,4.76837158203125e-07,0.8955628871917725,10.443616,10.443663597106934
3517,132.83656430244446,0.89556384,0.8955637812614441,4.3496035573298286e-07,0.8955628871917725,10.443616,10.44362187385559
3518,132.87031316757202,0.8956336,0.8955642580986023,4.3068885133834556e-06,0.8955638408660889,10.436642,10.44357419013977
3519,132.9122052192688,0.8956336,0.8955652713775635,9.451143341721036e-06,0.8955638408660889,10.436642,10.443472862243652
3520,132.94816040992737,0.89563614,0.8955684900283813,1.6960175344138406e-05,0.8955638408660889,10.436386,10.443150997161865
3521,133.0040431022644,0.89565897,0.8955748677253723,2.578120620455593e-05,0.8955638408660889,10.434103,10.442513227462769
3522,133.05571484565735,0.89566267,0.8955894708633423,3.6007699236506596e-05,0.8955638408660889,10.433733,10.441052913665771
3523,133.13312578201294,0.89565635,0.8922286033630371,0.0029245426412671804,0.8859512805938721,10.434365,10.777139663696289
3524,133.17515325546265,0.89565897,0.8947135210037231,0.0008072591735981405,0.8930623531341553,10.434103,10.528647899627686
3525,133.21853137016296,0.89565897,0.8953834772109985,0.00019083866209257394,0.8949998021125793,10.434103,10.461652278900146
3526,133.25206065177917,0.89566267,0.8955486416816711,7.55147120798938e-05,0.895416796207428,10.433733,10.445135831832886
3527,133.29235124588013,0.8956933,0.8956159353256226,4.106013511773199e-05,0.8955612182617188,10.43067,10.438406467437744
3528,133.3336625099182,0.8956933,0.8956552743911743,1.3280568055051845e-05,0.8956298232078552,10.43067,10.434472560882568
3529,133.36806321144104,0.8956933,0.8956643342971802,1.1651429304038174e-05,0.8956563472747803,10.43067,10.433566570281982
3530,133.40227246284485,0.8956933,0.8956719040870667,1.4129326700640377e-05,0.8956589698791504,10.43067,10.432809591293335
3531,133.43588304519653,0.8956933,0.8956845998764038,1.0168799235543702e-05,0.8956626653671265,10.43067,10.43154001235962
3532,133.4693238735199,0.8956933,0.8956910371780396,2.687280812097015e-06,0.8956875801086426,10.43067,10.430896282196045
3533,133.50416445732117,0.8956933,0.8956931233406067,1.7881393432617188e-07,0.895693302154541,10.43067,10.430687665939331
3534,133.53730821609497,0.8956933,0.8956931233406067,1.7881393432617188e-07,0.895693302154541,10.43067,10.430687665939331
3535,133.57112193107605,0.8956933,0.8956931233406067,1.7881393432617188e-07,0.895693302154541,10.43067,10.430687665939331
3536,133.6055452823639,0.8956933,0.8956931233406067,1.7881393432617188e-07,0.895693302154541,10.43067,10.430687665939331
3537,133.64009857177734,0.8956933,0.8956931233406067,1.7881393432617188e-07,0.895693302154541,10.43067,10.430687665939331
3538,133.67682933807373,0.8956933,0.8956931233406067,1.7881393432617188e-07,0.895693302154541,10.43067,10.430687665939331
3539,133.71076941490173,0.8956933,0.8956931233406067,1.7881393432617188e-07,0.895693302154541,10.43067,10.430687665939331
3540,133.7451684474945,0.8956946,0.8956931233406067,2.0085651897261414e-07,0.895693302154541,10.430538,10.430687665939331
3541,133.78718876838684,0.8956946,0.8956931233406067,2.7169653549208306e-07,0.895693302154541,10.430538,10.430687665939331
3542,133.82121896743774,0.8956948,0.8956932425498962,3.7023639265498787e-07,0.895693302154541,10.430521,10.430675745010376
3543,133.86310195922852,0.8956948,0.8956933617591858,5.405730121310626e-07,0.895693302154541,10.430521,10.430663824081421
3544,133.89692854881287,0.8956948,0.8956936597824097,6.791625537516666e-07,0.895693302154541,10.430521,10.430634021759033
3545,133.93155074119568,0.8956948,0.8956942558288574,6.732103088324948e-07,0.895693302154541,10.430521,10.430574417114258
3546,133.9661147594452,0.8956948,0.8956947922706604,5.3604274796725804e-08,0.8956946134567261,10.430521,10.43052077293396
3547,134.00190615653992,0.8956948,0.8956947922706604,0.0,0.8956947922706604,10.430521,10.43052077293396
3548,134.03630471229553,0.8956948,0.8956947922706604,0.0,0.8956947922706604,10.430521,10.43052077293396
3549,134.07033610343933,0.8956948,0.8956947922706604,0.0,0.8956947922706604,10.430521,10.43052077293396
3550,134.10376644134521,0.89570004,0.8956948518753052,3.2614542533337954e-07,0.8956947922706604,10.4299965,10.430514812469482
3551,134.14666628837585,0.8957029,0.8956949710845947,8.73128044531768e-07,0.8956947922706604,10.42971,10.430502891540527
3552,134.19044852256775,0.8957029,0.8956952095031738,1.547591182315955e-06,0.8956947922706604,10.42971,10.430479049682617
3553,134.22443556785583,0.8957029,0.8956959843635559,2.3805760065442882e-06,0.8956947922706604,10.42971,10.43040156364441
3554,134.25804615020752,0.89570296,0.895697295665741,3.005072585438029e-06,0.8956947922706604,10.429705,10.430270433425903
3555,134.2997682094574,0.895707,0.8956998586654663,2.5743051992321853e-06,0.8956948518753052,10.429298,10.43001413345337
3556,134.3391695022583,0.8957071,0.8957017660140991,1.9022149899683427e-06,0.8956999778747559,10.429293,10.429823398590088
3557,134.37964749336243,0.8957071,0.8957037329673767,1.5022656043583993e-06,0.8957026600837708,10.429293,10.429626703262329
3558,134.41532611846924,0.8957071,0.8957046866416931,1.8535454273660434e-06,0.8957028985023499,10.429293,10.429531335830688
3559,134.4560375213623,0.8957071,0.8957061767578125,1.2754246654367307e-06,0.8957029581069946,10.429293,10.42938232421875
3560,134.48922729492188,0.8957071,0.8957070112228394,4.476517290186166e-08,0.8957070112228394,10.429293,10.429298877716064
3561,134.5234899520874,0.8957071,0.8957070112228394,5.960464477539063e-08,0.8957070708274841,10.429293,10.429298877716064
3562,134.5576570034027,0.8957071,0.8957070112228394,5.960464477539063e-08,0.8957070708274841,10.429293,10.429298877716064
3563,134.5921561717987,0.8957071,0.8957070112228394,5.960464477539063e-08,0.8957070708274841,10.429293,10.429298877716064
3564,134.6257619857788,0.8957071,0.8957070112228394,5.960464477539063e-08,0.8957070708274841,10.429293,10.429298877716064
3565,134.6612994670868,0.8957071,0.8957070112228394,5.960464477539063e-08,0.8957070708274841,10.429293,10.429298877716064
3566,134.69718074798584,0.8957071,0.8957070112228394,5.960464477539063e-08,0.8957070708274841,10.429293,10.429298877716064
3567,134.73205280303955,0.8957071,0.8957070112228394,5.960464477539063e-08,0.8957070708274841,10.429293,10.429298877716064
3568,134.76677918434143,0.8957071,0.8957070112228394,5.960464477539063e-08,0.8957070708274841,10.429293,10.429298877716064
3569,134.80092072486877,0.8957071,0.8957070112228394,5.960464477539063e-08,0.8957070708274841,10.429293,10.429298877716064
3570,134.83506846427917,0.8957071,0.8957070112228394,5.960464477539063e-08,0.8957070708274841,10.429293,10.429298877716064
3571,134.86744499206543,0.8957071,0.8957070112228394,5.960464477539063e-08,0.8957070708274841,10.429293,10.429298877716064
3572,134.90173292160034,0.8957071,0.8957070112228394,5.960464477539063e-08,0.8957070708274841,10.429293,10.429298877716064
3573,134.93544840812683,0.8957081,0.8957070708274841,6.266040486480051e-08,0.8957070708274841,10.429192,10.429292917251587
3574,134.9774031639099,0.89572686,0.8957071304321289,1.2271437981326017e-06,0.8957070708274841,10.427314,10.42928695678711
3575,135.01870775222778,0.89572686,0.8957074284553528,2.278896090501803e-06,0.8957070708274841,10.427314,10.429257154464722
3576,135.05276346206665,0.89572686,0.8957079648971558,3.439737383814645e-06,0.8957070708274841,10.427314,10.429203510284424
3577,135.08642077445984,0.89572686,0.8957095146179199,5.514897566172294e-06,0.8957070708274841,10.427314,10.429048538208008
3578,135.12012338638306,0.89572686,0.8957126140594482,7.136981821531663e-06,0.8957070708274841,10.427314,10.428738594055176
3579,135.15472626686096,0.8957279,0.8957180976867676,6.5768231252150144e-06,0.8957080841064453,10.427213,10.428190231323242
3580,135.19529128074646,0.8957279,0.8957239389419556,3.8033799683034886e-06,0.8957186937332153,10.427213,10.427606105804443
3581,135.2297718524933,0.8957279,0.8957270383834839,3.06949885953145e-07,0.8957268595695496,10.427213,10.427296161651611
3582,135.2636501789093,0.8957279,0.8957271575927734,4.1579730236662726e-07,0.8957268595695496,10.427213,10.427284240722656
3583,135.29737520217896,0.8957279,0.8957273960113525,5.125530151417479e-07,0.8957268595695496,10.427213,10.427260398864746
3584,135.33146858215332,0.89573187,0.8957278728485107,4.854983330915275e-07,0.8957268595695496,10.426813,10.427212715148926
3585,135.37153935432434,0.8957546,0.8957282304763794,1.6975668586383108e-06,0.8957278728485107,10.424542,10.42717695236206
3586,135.41166377067566,0.8957546,0.8957285284996033,2.9901434572821017e-06,0.8957278728485107,10.424542,10.427147150039673
3587,135.4460928440094,0.89578116,0.8957295417785645,5.759867690358078e-06,0.8957278728485107,10.421885,10.427045822143555
3588,135.48597741127014,0.89578116,0.8957332968711853,1.1495896615087986e-05,0.8957278728485107,10.421885,10.42667031288147
3589,135.52059602737427,0.89578116,0.895740270614624,1.670268648013007e-05,0.8957278728485107,10.421885,10.425972938537598
3590,135.55465149879456,0.89578646,0.8957530856132507,1.8124212147085927e-05,0.8957331776618958,10.421353,10.424691438674927
3591,135.59741520881653,0.89578646,0.8957706689834595,1.1860165614052676e-05,0.8957489728927612,10.421353,10.422933101654053
3592,135.63230872154236,0.89578646,0.8957804441452026,2.72110742116638e-06,0.895775556564331,10.421353,10.421955585479736
3593,135.6670422554016,0.89578646,0.8957825303077698,2.1140060653124237e-06,0.8957811594009399,10.421353,10.421746969223022
3594,135.70278000831604,0.89578646,0.8957838416099548,2.4030537133512553e-06,0.8957811594009399,10.421353,10.421615839004517
3595,135.73847484588623,0.89578646,0.8957861661911011,8.309040708809334e-07,0.8957821726799011,10.421353,10.421383380889893
3596,135.77381205558777,0.89578646,0.8957864046096802,5.960464477539063e-08,0.895786464214325,10.421353,10.421359539031982
3597,135.80792427062988,0.89578646,0.8957864046096802,5.960464477539063e-08,0.895786464214325,10.421353,10.421359539031982
3598,135.84314966201782,0.89578646,0.8957864046096802,5.960464477539063e-08,0.895786464214325,10.421353,10.421359539031982
3599,135.87758660316467,0.89578646,0.8957864046096802,5.960464477539063e-08,0.895786464214325,10.421353,10.421359539031982
3600,135.91071724891663,0.89578646,0.8957864046096802,5.960464477539063e-08,0.895786464214325,10.421353,10.421359539031982
3601,135.94466018676758,0.89578646,0.8957864046096802,5.960464477539063e-08,0.895786464214325,10.421353,10.421359539031982
3602,135.97971630096436,0.89578646,0.8957864046096802,5.960464477539063e-08,0.895786464214325,10.421353,10.421359539031982
3603,136.01538395881653,0.89578646,0.8957864046096802,5.960464477539063e-08,0.895786464214325,10.421353,10.421359539031982
3604,136.04908514022827,0.89578646,0.8957864046096802,5.960464477539063e-08,0.895786464214325,10.421353,10.421359539031982
3605,136.08189034461975,0.89578646,0.8957864046096802,5.960464477539063e-08,0.895786464214325,10.421353,10.421359539031982
3606,136.11678671836853,0.8957878,0.8957864046096802,1.0356674096101415e-07,0.895786464214325,10.421223,10.421359539031982
3607,136.15924382209778,0.8957878,0.8957864046096802,1.5834388022994972e-07,0.895786464214325,10.421223,10.421359539031982
3608,136.1933662891388,0.8957878,0.895786464214325,2.689448876935785e-07,0.895786464214325,10.421223,10.421353578567505
3609,136.22752237319946,0.8958465,0.895786702632904,3.722642759385053e-06,0.895786464214325,10.415352,10.421329736709595
3610,136.2715711593628,0.8958465,0.8957872986793518,5.2305072131275665e-06,0.895786464214325,10.415352,10.42127013206482
3611,136.30536079406738,0.8958465,0.8957890868186951,1.006486127153039e-05,0.895786464214325,10.415352,10.421091318130493
3612,136.3386812210083,0.8958465,0.8957930207252502,1.6204181520151906e-05,0.89578777551651,10.415352,10.420697927474976
3613,136.37155675888062,0.8958465,0.8957995772361755,2.2477033780887723e-05,0.89578777551651,10.415352,10.420042276382446
3614,136.40546870231628,0.8958465,0.8958122730255127,2.690327528398484e-05,0.89578777551651,10.415352,10.41877269744873
3615,136.43900227546692,0.8958465,0.895837128162384,1.6073447113740258e-05,0.8957952857017517,10.415352,10.416287183761597
3616,136.47250533103943,0.8958465,0.8958463668823242,1.1920928955078125e-07,0.8958464860916138,10.415352,10.415363311767578
3617,136.50644707679749,0.8958465,0.8958463668823242,1.1920928955078125e-07,0.8958464860916138,10.415352,10.415363311767578
3618,136.54013395309448,0.8958465,0.8958463668823242,1.1920928955078125e-07,0.8958464860916138,10.415352,10.415363311767578
3619,136.57399153709412,0.8958465,0.8958463668823242,1.1920928955078125e-07,0.8958464860916138,10.415352,10.415363311767578
3620,136.60727763175964,0.8958465,0.8958463668823242,1.1920928955078125e-07,0.8958464860916138,10.415352,10.415363311767578
3621,136.64411330223083,0.8958465,0.8958463668823242,1.1920928955078125e-07,0.8958464860916138,10.415352,10.415363311767578
3622,136.6788809299469,0.8958465,0.8958463668823242,1.1920928955078125e-07,0.8958464860916138,10.415352,10.415363311767578
3623,136.7115387916565,0.8958465,0.8958463668823242,1.1920928955078125e-07,0.8958464860916138,10.415352,10.415363311767578
3624,136.7452654838562,0.8958465,0.8958463668823242,1.1920928955078125e-07,0.8958464860916138,10.415352,10.415363311767578
3625,136.7794427871704,0.8958465,0.8958463668823242,1.1920928955078125e-07,0.8958464860916138,10.415352,10.415363311767578
3626,136.813481092453,0.8958465,0.8958463668823242,1.1920928955078125e-07,0.8958464860916138,10.415352,10.415363311767578
3627,136.84757590293884,0.8958465,0.8958463668823242,1.1920928955078125e-07,0.8958464860916138,10.415352,10.415363311767578
3628,136.88374757766724,0.8958465,0.8958463668823242,1.1920928955078125e-07,0.8958464860916138,10.415352,10.415363311767578
3629,136.9179425239563,0.8958465,0.8958463668823242,1.1920928955078125e-07,0.8958464860916138,10.415352,10.415363311767578
3630,136.95114040374756,0.8958465,0.8958463668823242,1.1920928955078125e-07,0.8958464860916138,10.415352,10.415363311767578
3631,136.9849956035614,0.8958465,0.8958463668823242,1.1920928955078125e-07,0.8958464860916138,10.415352,10.415363311767578
3632,137.01946711540222,0.8958465,0.8958463668823242,1.1920928955078125e-07,0.8958464860916138,10.415352,10.415363311767578
3633,137.05291104316711,0.8958465,0.8958463668823242,1.1920928955078125e-07,0.8958464860916138,10.415352,10.415363311767578
3634,137.08481168746948,0.8958465,0.8958463668823242,1.1920928955078125e-07,0.8958464860916138,10.415352,10.415363311767578
3635,137.117516040802,0.8958465,0.8958463668823242,1.1920928955078125e-07,0.8958464860916138,10.415352,10.415363311767578
3636,137.1510202884674,0.8958465,0.8958463668823242,1.1920928955078125e-07,0.8958464860916138,10.415352,10.415363311767578
3637,137.21551990509033,0.8958465,0.8921929597854614,0.0028807702474296093,0.8857218027114868,10.415352,10.780704021453857
3638,137.2558834552765,0.8958465,0.8947128653526306,0.0009138837922364473,0.8928961157798767,10.415352,10.528713464736938
3639,137.29025101661682,0.8958465,0.8954955339431763,0.0003081717877648771,0.8948832750320435,10.415352,10.450446605682373
3640,137.32377099990845,0.8958465,0.8957708477973938,9.476202831137925e-05,0.8954876065254211,10.415352,10.42291522026062
3641,137.35723638534546,0.89586,0.8958398699760437,1.0977802958223037e-05,0.8958132266998291,10.413999,10.41601300239563
3642,137.3988687992096,0.89586,0.8958465456962585,1.4440404356719228e-06,0.8958464860916138,10.413999,10.415345430374146
3643,137.43245935440063,0.89586,0.8958468437194824,2.4688940811756765e-06,0.8958464860916138,10.413999,10.415315628051758
3644,137.46623921394348,0.89586,0.8958478569984436,4.184387307759607e-06,0.8958464860916138,10.413999,10.41521430015564
3645,137.49983549118042,0.89586,0.8958497643470764,5.8635478126234375e-06,0.8958464860916138,10.413999,10.415023565292358
3646,137.53398990631104,0.89586,0.8958530426025391,6.762702469131909e-06,0.8958464860916138,10.413999,10.414695739746094
3647,137.56800484657288,0.89586,0.8958596587181091,1.7540285170980496e-06,0.8958464860916138,10.413999,10.414034128189087
3648,137.60093879699707,0.8958804,0.8958600163459778,1.260579892914393e-06,0.8958600163459778,10.41196,10.413998365402222
3649,137.6699342727661,0.8958974,0.8922427296638489,0.003171555232256651,0.8843768835067749,10.410261,10.775727033615112
3650,137.71157145500183,0.8958974,0.8949273228645325,0.0007813163683749735,0.8931561708450317,10.410261,10.507267713546753
3651,137.7465465068817,0.8958974,0.8955690860748291,0.00024237579782493412,0.895096480846405,10.410261,10.44309139251709
3652,137.7818145751953,0.8958974,0.8957701921463013,9.682807285571471e-05,0.8955792784690857,10.410261,10.422980785369873
3653,137.81635284423828,0.8958986,0.8958553671836853,3.5003991797566414e-05,0.8957836627960205,10.410142,10.41446328163147
3654,137.85837626457214,0.8959148,0.8958818316459656,1.8658254703041166e-05,0.8958553075790405,10.408521,10.411816835403442
3655,137.90126037597656,0.8959148,0.8958976864814758,2.8389097224135185e-06,0.895897388458252,10.408521,10.410231351852417
3656,137.93597102165222,0.8959148,0.895898699760437,4.619821993401274e-06,0.895897388458252,10.408521,10.410130023956299
3657,137.9691059589386,0.8959148,0.8959003686904907,6.345637757476652e-06,0.895897388458252,10.408521,10.409963130950928
3658,138.00247883796692,0.8959159,0.8959038853645325,8.017248546821065e-06,0.895897388458252,10.408407,10.409611463546753
3659,138.04440689086914,0.8959182,0.8959105610847473,7.0492742452188395e-06,0.8958985805511475,10.408181,10.408943891525269
3660,138.0868628025055,0.8959193,0.8959153890609741,1.0238296681563952e-06,0.8959147930145264,10.408068,10.408461093902588
3661,138.12886118888855,0.8959193,0.8959159255027771,1.3642808198710554e-06,0.8959147930145264,10.408068,10.40840744972229
3662,138.16236448287964,0.8959193,0.8959169983863831,1.3405909840003005e-06,0.8959147930145264,10.408068,10.408300161361694
3663,138.19623708724976,0.8959193,0.8959182500839233,1.1181242598468089e-06,0.8959159255027771,10.408068,10.408174991607666
3664,138.2308211326599,0.8959193,0.8959192633628845,5.434805530057929e-07,0.8959181904792786,10.408068,10.408073663711548
3665,138.26576471328735,0.8959193,0.8959195613861084,2.384185791015625e-07,0.8959193229675293,10.408068,10.40804386138916
3666,138.2991979122162,0.8959193,0.8959195613861084,2.384185791015625e-07,0.8959193229675293,10.408068,10.40804386138916
3667,138.33283376693726,0.8959193,0.8959195613861084,2.384185791015625e-07,0.8959193229675293,10.408068,10.40804386138916
3668,138.3679165840149,0.8959193,0.8959195613861084,2.384185791015625e-07,0.8959193229675293,10.408068,10.40804386138916
3669,138.40175104141235,0.8959193,0.8959195613861084,2.384185791015625e-07,0.8959193229675293,10.408068,10.40804386138916
3670,138.43530106544495,0.8959193,0.8959195613861084,2.384185791015625e-07,0.8959193229675293,10.408068,10.40804386138916
3671,138.46810245513916,0.8959193,0.8959195613861084,2.384185791015625e-07,0.8959193229675293,10.408068,10.40804386138916
3672,138.5029833316803,0.8959193,0.8959195613861084,2.384185791015625e-07,0.8959193229675293,10.408068,10.40804386138916
3673,138.53735184669495,0.8959441,0.895919680595398,1.559286374686053e-06,0.8959193229675293,10.405588,10.408031940460205
3674,138.57773208618164,0.8959441,0.8959198594093323,3.055299430343439e-06,0.8959193229675293,10.405588,10.408014059066772
3675,138.61145687103271,0.8959441,0.8959208130836487,5.262599188426975e-06,0.8959193229675293,10.405588,10.407918691635132
3676,138.64657378196716,0.8959468,0.8959231376647949,8.416052878601477e-06,0.8959193229675293,10.40532,10.407686233520508
3677,138.68906474113464,0.8959881,0.8959277272224426,1.1424632248235866e-05,0.8959193229675293,10.40119,10.407227277755737
3678,138.73145246505737,0.89599085,0.8959364891052246,1.2465835425246041e-05,0.8959220051765442,10.400915,10.406351089477539
3679,138.77388048171997,0.8960143,0.8959473371505737,1.1934266694879625e-05,0.8959410190582275,10.398573,10.405266284942627
3680,138.81391048431396,0.8960143,0.8959524631500244,1.8020205970969982e-05,0.8959441184997559,10.398573,10.404753684997559
3681,138.8487777709961,0.8960205,0.8959644436836243,2.602017229946796e-05,0.8959441184997559,10.397953,10.403555631637573
3682,138.88963651657104,0.8960205,0.8959851264953613,2.6358748073107563e-05,0.8959468007087708,10.397953,10.401487350463867
3683,138.92342448234558,0.8960205,0.8960070013999939,1.1632192581600975e-05,0.8959919214248657,10.397953,10.39929986000061
3684,138.96024417877197,0.8960205,0.8960176110267639,2.205975533797755e-06,0.8960142731666565,10.397953,10.398238897323608
3685,138.99803519248962,0.8960205,0.896019458770752,1.2756803471347666e-06,0.8960174322128296,10.397953,10.398054122924805
3686,139.03242921829224,0.8960205,0.8960203528404236,1.7906069160744664e-07,0.8960201144218445,10.397953,10.397964715957642
3687,139.06654810905457,0.8960205,0.8960205912590027,1.1920928955078125e-07,0.8960204720497131,10.397953,10.397940874099731
3688,139.09922742843628,0.8960205,0.8960205912590027,1.1920928955078125e-07,0.8960204720497131,10.397953,10.397940874099731
3689,139.13345527648926,0.8960237,0.8960205912590027,2.2559430590263219e-07,0.8960204720497131,10.397631,10.397940874099731
3690,139.17358827590942,0.8960237,0.8960205912590027,2.973043535803299e-07,0.8960204720497131,10.397631,10.397940874099731
3691,139.20885801315308,0.8960237,0.8960207104682922,5.723964022763539e-07,0.8960204720497131,10.397631,10.397928953170776
3692,139.24156713485718,0.8960237,0.8960208892822266,9.114963290812739e-07,0.8960204720497131,10.397631,10.397911071777344
3693,139.27386045455933,0.8960237,0.8960211873054504,1.2610216799657792e-06,0.8960204720497131,10.397631,10.397881269454956
3694,139.3077573776245,0.8960243,0.8960219025611877,1.5557230881313444e-06,0.8960204720497131,10.397572,10.397809743881226
3695,139.34829354286194,0.8960243,0.8960232734680176,9.69284656093805e-07,0.8960204720497131,10.397572,10.397672653198242
3696,139.38246536254883,0.8960243,0.8960237503051758,1.640745779241115e-07,0.896023690700531,10.397572,10.397624969482422
3697,139.41707849502563,0.8960243,0.8960238695144653,2.4431469114460924e-07,0.896023690700531,10.397572,10.397613048553467
3698,139.45175194740295,0.8960243,0.8960239887237549,2.980232238769531e-07,0.896023690700531,10.397572,10.397601127624512
3699,139.48576951026917,0.8960243,0.8960243463516235,2.736769602051936e-07,0.896023690700531,10.397572,10.397565364837646
3700,139.51946115493774,0.8960357,0.8960244655609131,7.200594609457767e-07,0.8960242867469788,10.396433,10.397553443908691
3701,139.56030535697937,0.8960546,0.8960248231887817,2.6586612875689752e-06,0.8960242867469788,10.394537,10.397517681121826
3702,139.6018726825714,0.8961706,0.8960270285606384,1.3620233403344173e-05,0.8960242867469788,10.382938,10.397297143936157
3703,139.6438205242157,0.89618206,0.8960360884666443,3.44460058840923e-05,0.8960242867469788,10.381794,10.396391153335571
3704,139.68779873847961,0.89618206,0.8960515260696411,5.008841981180012e-05,0.8960242867469788,10.381794,10.394847393035889
3705,139.722398519516,0.8962362,0.8960849046707153,6.254477921174839e-05,0.8960242867469788,10.376382,10.391509532928467
3706,139.7639021873474,0.8962364,0.8961445093154907,4.971261660102755e-05,0.8960546255111694,10.376358,10.385549068450928
3707,139.80566000938416,0.89624757,0.8961808681488037,1.905975295812823e-05,0.8961700201034546,10.375243,10.381913185119629
3708,139.8461675643921,0.89624786,0.8961921334266663,2.4017699615797028e-05,0.8961706161499023,10.375214,10.380786657333374
3709,139.88796424865723,0.89624786,0.8962080478668213,2.88264545815764e-05,0.8961820602416992,10.375214,10.379195213317871
3710,139.92315101623535,0.89624786,0.8962351083755493,1.7744321667123586e-05,0.8961820602416992,10.375214,10.376489162445068
3711,139.95745635032654,0.89624786,0.896244466304779,5.123057235323358e-06,0.8962364196777344,10.375214,10.375553369522095
3712,139.99462795257568,0.89624786,0.8962478637695312,5.047134621349869e-08,0.8962475657463074,10.375214,10.375213623046875
3713,140.02840328216553,0.89624786,0.8962478637695312,0.0,0.8962478637695312,10.375214,10.375213623046875
3714,140.0616455078125,0.89624786,0.8962478637695312,0.0,0.8962478637695312,10.375214,10.375213623046875
3715,140.09575200080872,0.89624786,0.8962478637695312,0.0,0.8962478637695312,10.375214,10.375213623046875
3716,140.12910985946655,0.89624786,0.8962478637695312,0.0,0.8962478637695312,10.375214,10.375213623046875
3717,140.16294121742249,0.89624786,0.8962478637695312,0.0,0.8962478637695312,10.375214,10.375213623046875
3718,140.1963608264923,0.89624786,0.8962478637695312,0.0,0.8962478637695312,10.375214,10.375213623046875
3719,140.23143219947815,0.89624786,0.8962478637695312,0.0,0.8962478637695312,10.375214,10.375213623046875
3720,140.26620841026306,0.89624786,0.8962478637695312,0.0,0.8962478637695312,10.375214,10.375213623046875
3721,140.30106663703918,0.89624786,0.8962478637695312,0.0,0.8962478637695312,10.375214,10.375213623046875
3722,140.33557963371277,0.89624786,0.8962478637695312,0.0,0.8962478637695312,10.375214,10.375213623046875
3723,140.3689820766449,0.89624786,0.8962478637695312,0.0,0.8962478637695312,10.375214,10.375213623046875
3724,140.4024999141693,0.8962792,0.8962479829788208,1.935076170411776e-06,0.8962478637695312,10.372078,10.37520170211792
3725,140.4448959827423,0.8962792,0.8962481021881104,2.731353333729203e-06,0.8962478637695312,10.372078,10.375189781188965
3726,140.48101115226746,0.8962792,0.8962486386299133,4.583537247526692e-06,0.8962478637695312,10.372078,10.375136137008667
3727,140.51522946357727,0.8962792,0.8962499499320984,7.599290256621316e-06,0.8962478637695312,10.372078,10.375005006790161
3728,140.5496587753296,0.8962792,0.8962528109550476,1.1026711945305578e-05,0.8962478637695312,10.372078,10.37471890449524
3729,140.5845878124237,0.8962792,0.8962580561637878,1.3838455743098166e-05,0.8962478637695312,10.372078,10.374194383621216
3730,140.617990732193,0.8962792,0.8962673544883728,1.3361938727030065e-05,0.8962478637695312,10.372078,10.37326455116272
3731,140.65226888656616,0.8962792,0.8962782621383667,2.0470288291107863e-06,0.8962740898132324,10.372078,10.37217378616333
3732,140.68701910972595,0.8962792,0.8962792158126831,0.0,0.8962792158126831,10.372078,10.37207841873169
3733,140.72150588035583,0.8962792,0.8962792158126831,0.0,0.8962792158126831,10.372078,10.37207841873169
3734,140.75592303276062,0.8962792,0.8962792158126831,0.0,0.8962792158126831,10.372078,10.37207841873169
3735,140.7895634174347,0.8962792,0.8962792158126831,0.0,0.8962792158126831,10.372078,10.37207841873169
3736,140.82295298576355,0.8962792,0.8962792158126831,0.0,0.8962792158126831,10.372078,10.37207841873169
3737,140.8565354347229,0.8962792,0.8962792158126831,0.0,0.8962792158126831,10.372078,10.37207841873169
3738,140.89135026931763,0.8962792,0.8962792158126831,0.0,0.8962792158126831,10.372078,10.37207841873169
3739,140.9247579574585,0.8962792,0.8962792158126831,0.0,0.8962792158126831,10.372078,10.37207841873169
3740,140.95816731452942,0.8962792,0.8962792158126831,0.0,0.8962792158126831,10.372078,10.37207841873169
3741,140.99282097816467,0.8962792,0.8962792158126831,0.0,0.8962792158126831,10.372078,10.37207841873169
3742,141.02704572677612,0.8962792,0.8962792158126831,0.0,0.8962792158126831,10.372078,10.37207841873169
3743,141.06142234802246,0.8962792,0.8962792158126831,0.0,0.8962792158126831,10.372078,10.37207841873169
3744,141.0959415435791,0.8962792,0.8962792158126831,0.0,0.8962792158126831,10.372078,10.37207841873169
3745,141.12984490394592,0.8962792,0.8962792158126831,0.0,0.8962792158126831,10.372078,10.37207841873169
3746,141.16492676734924,0.8962792,0.8962792158126831,0.0,0.8962792158126831,10.372078,10.37207841873169
3747,141.19911170005798,0.8962792,0.8962792158126831,0.0,0.8962792158126831,10.372078,10.37207841873169
3748,141.23314595222473,0.8962792,0.8962792158126831,0.0,0.8962792158126831,10.372078,10.37207841873169
3749,141.26661849021912,0.8962792,0.8962792158126831,0.0,0.8962792158126831,10.372078,10.37207841873169
3750,141.3012318611145,0.8962792,0.8962792158126831,0.0,0.8962792158126831,10.372078,10.37207841873169
3751,141.3349587917328,0.8962792,0.8962792158126831,0.0,0.8962792158126831,10.372078,10.37207841873169
3752,141.36781477928162,0.89636445,0.8962795734405518,5.260853413346922e-06,0.8962792158126831,10.363555,10.372042655944824
3753,141.4080924987793,0.89636445,0.8962799310684204,7.425811872963095e-06,0.8962792158126831,10.363555,10.372006893157959
3754,141.44176578521729,0.89637506,0.896281898021698,1.499132667959202e-05,0.8962792158126831,10.3624935,10.3718101978302
3755,141.48357105255127,0.8963784,0.896287739276886,2.638182559167035e-05,0.8962792158126831,10.36216,10.371226072311401
3756,141.52351784706116,0.8963784,0.8963010907173157,3.935210042982362e-05,0.8962792158126831,10.36216,10.369890928268433
3757,141.55668687820435,0.8963784,0.8963282108306885,4.6753400965826586e-05,0.8962792158126831,10.36216,10.367178916931152
3758,141.5908706188202,0.8963784,0.8963735103607178,5.0121570893679745e-06,0.8963644504547119,10.36216,10.362648963928223
3759,141.62571024894714,0.8963784,0.8963773846626282,1.575730266267783e-06,0.8963750600814819,10.36216,10.362261533737183
3760,141.66357231140137,0.8963784,0.8963783979415894,0.0,0.8963783979415894,10.36216,10.362160205841064
3761,141.6992928981781,0.8963784,0.8963783979415894,0.0,0.8963783979415894,10.36216,10.362160205841064
3762,141.73225378990173,0.8963784,0.8963783979415894,0.0,0.8963783979415894,10.36216,10.362160205841064
3763,141.76629519462585,0.8963784,0.8963783979415894,0.0,0.8963783979415894,10.36216,10.362160205841064
3764,141.79988837242126,0.8963784,0.8963783979415894,0.0,0.8963783979415894,10.36216,10.362160205841064
3765,141.83369326591492,0.8963784,0.8963783979415894,0.0,0.8963783979415894,10.36216,10.362160205841064
3766,141.86667919158936,0.89641094,0.8963785767555237,2.009388481383212e-06,0.8963783979415894,10.358906,10.362142324447632
3767,141.90649962425232,0.89641094,0.8963789343833923,3.9942938201420475e-06,0.8963783979415894,10.358906,10.362106561660767
3768,141.94067788124084,0.89641094,0.896380603313446,8.12050075182924e-06,0.8963783979415894,10.358906,10.361939668655396
3769,141.97475504875183,0.89641094,0.8963837623596191,1.2031764526909683e-05,0.8963783979415894,10.358906,10.361623764038086
3770,142.00881123542786,0.89641094,0.8963888883590698,1.5155640539887827e-05,0.8963783979415894,10.358906,10.361111164093018
3771,142.04380583763123,0.89641094,0.8964002132415771,1.512887411081465e-05,0.8963783979415894,10.358906,10.359978675842285
3772,142.07857084274292,0.89641094,0.8964108824729919,5.960464477539063e-08,0.8964109420776367,10.358906,10.358911752700806
3773,142.11495280265808,0.89641094,0.8964108824729919,5.960464477539063e-08,0.8964109420776367,10.358906,10.358911752700806
3774,142.1489713191986,0.89641094,0.8964108824729919,5.960464477539063e-08,0.8964109420776367,10.358906,10.358911752700806
3775,142.18177771568298,0.89641094,0.8964108824729919,5.960464477539063e-08,0.8964109420776367,10.358906,10.358911752700806
3776,142.21559500694275,0.89641094,0.8964108824729919,5.960464477539063e-08,0.8964109420776367,10.358906,10.358911752700806
3777,142.2493588924408,0.89641094,0.8964108824729919,5.960464477539063e-08,0.8964109420776367,10.358906,10.358911752700806
3778,142.2844362258911,0.89641094,0.8964108824729919,5.960464477539063e-08,0.8964109420776367,10.358906,10.358911752700806
3779,142.3174021244049,0.89641094,0.8964108824729919,5.960464477539063e-08,0.8964109420776367,10.358906,10.358911752700806
3780,142.35091304779053,0.89641094,0.8964108824729919,5.960464477539063e-08,0.8964109420776367,10.358906,10.358911752700806
3781,142.38352942466736,0.89641094,0.8964108824729919,5.960464477539063e-08,0.8964109420776367,10.358906,10.358911752700806
3782,142.41788578033447,0.89641094,0.8964108824729919,5.960464477539063e-08,0.8964109420776367,10.358906,10.358911752700806
3783,142.45153856277466,0.89641094,0.8964108824729919,5.960464477539063e-08,0.8964109420776367,10.358906,10.358911752700806
3784,142.48592138290405,0.89641094,0.8964108824729919,5.960464477539063e-08,0.8964109420776367,10.358906,10.358911752700806
3785,142.52005124092102,0.89641094,0.8964108824729919,5.960464477539063e-08,0.8964109420776367,10.358906,10.358911752700806
3786,142.55687713623047,0.89641094,0.8964108824729919,5.960464477539063e-08,0.8964109420776367,10.358906,10.358911752700806
3787,142.59224390983582,0.89641094,0.8964108824729919,5.960464477539063e-08,0.8964109420776367,10.358906,10.358911752700806
3788,142.6251974105835,0.89641094,0.8964108824729919,5.960464477539063e-08,0.8964109420776367,10.358906,10.358911752700806
3789,142.65979599952698,0.89641964,0.8964109420776367,5.381422738537367e-07,0.8964109420776367,10.358036,10.358905792236328
3790,142.7016100883484,0.8964231,0.8964110016822815,1.065204514816287e-06,0.8964109420776367,10.35769,10.35889983177185
3791,142.74350833892822,0.8964231,0.8964111804962158,1.747896931192372e-06,0.8964109420776367,10.35769,10.358881950378418
3792,142.77817583084106,0.89642394,0.8964117765426636,2.902243295466178e-06,0.8964109420776367,10.357607,10.358822345733643
3793,142.81975865364075,0.89642394,0.8964125514030457,3.972011199948611e-06,0.8964109420776367,10.357607,10.358744859695435
3794,142.85312747955322,0.89642453,0.8964143991470337,5.3222770475258585e-06,0.8964109420776367,10.357547,10.35856008529663
3795,142.89366722106934,0.89642453,0.8964177966117859,5.951470939180581e-06,0.8964109420776367,10.357547,10.358220338821411
3796,142.92834544181824,0.8964324,0.8964230418205261,1.7952992266145884e-06,0.8964196443557739,10.35676,10.357695817947388
3797,142.9706473350525,0.8964324,0.8964241743087769,9.756447525433032e-07,0.8964231014251709,10.35676,10.357582569122314
3798,143.0142307281494,0.89645875,0.8964245915412903,2.438469891785644e-06,0.8964239358901978,10.354126,10.357540845870972
3799,143.065420627594,0.8964589,0.8964256644248962,5.5638179219386075e-06,0.8964245319366455,10.354108,10.357433557510376
3800,143.1161618232727,0.8964595,0.8964281678199768,9.498365216131788e-06,0.8964245319366455,10.354048,10.35718321800232
3801,143.1597912311554,0.8964595,0.8964322209358215,1.258858264918672e-05,0.8964245319366455,10.354048,10.356777906417847
3802,143.19549894332886,0.8964595,0.8964396715164185,1.4434705008170567e-05,0.8964245319366455,10.354048,10.356032848358154
3803,143.2299451828003,0.8964595,0.8964516520500183,9.539298844174482e-06,0.8964323997497559,10.354048,10.354834794998169
3804,143.26547360420227,0.8964595,0.896458625793457,9.26149425595213e-07,0.8964561820030212,10.354048,10.354137420654297
3805,143.2996118068695,0.8964595,0.8964593410491943,3.0255878868956643e-07,0.8964587450027466,10.354048,10.354065895080566
3806,143.33443403244019,0.8964595,0.8964595198631287,0.0,0.8964595198631287,10.354048,10.354048013687134
3807,143.36776995658875,0.89646316,0.8964595794677734,2.2901610918779625e-07,0.8964595198631287,10.353684,10.354042053222656
3808,143.40831518173218,0.89646316,0.8964595794677734,3.8760768461543194e-07,0.8964595198631287,10.353684,10.354042053222656
3809,143.44229793548584,0.89646316,0.896459698677063,6.984135438869998e-07,0.8964595198631287,10.353684,10.354030132293701
3810,143.4759452342987,0.89646316,0.8964599967002869,1.1276463283138582e-06,0.8964595198631287,10.353684,10.354000329971313
3811,143.51046466827393,0.89646316,0.8964604139328003,1.5215538269330864e-06,0.8964595198631287,10.353684,10.35395860671997
3812,143.54503726959229,0.89646316,0.8964613676071167,1.8194958784079063e-06,0.8964595198631287,10.353684,10.35386323928833
3813,143.57856225967407,0.89646316,0.89646315574646,7.624704494446632e-07,0.8964595198631287,10.353684,10.353684425354004
3814,143.61206483840942,0.89646316,0.8964633345603943,1.7881393432617188e-07,0.89646315574646,10.353684,10.353666543960571
3815,143.64683175086975,0.89646316,0.8964633345603943,1.7881393432617188e-07,0.89646315574646,10.353684,10.353666543960571
3816,143.6821129322052,0.89646316,0.8964633345603943,1.7881393432617188e-07,0.89646315574646,10.353684,10.353666543960571
3817,143.71531748771667,0.89646316,0.8964633345603943,1.7881393432617188e-07,0.89646315574646,10.353684,10.353666543960571
3818,143.7514786720276,0.89646316,0.8964633345603943,1.7881393432617188e-07,0.89646315574646,10.353684,10.353666543960571
3819,143.78464150428772,0.89646316,0.8964633345603943,1.7881393432617188e-07,0.89646315574646,10.353684,10.353666543960571
3820,143.81849837303162,0.89646316,0.8964633345603943,1.7881393432617188e-07,0.89646315574646,10.353684,10.353666543960571
3821,143.8528871536255,0.89646316,0.8964633345603943,1.7881393432617188e-07,0.89646315574646,10.353684,10.353666543960571
3822,143.88537883758545,0.89646316,0.8964633345603943,1.7881393432617188e-07,0.89646315574646,10.353684,10.353666543960571
3823,143.9192659854889,0.89646316,0.8964633345603943,1.7881393432617188e-07,0.89646315574646,10.353684,10.353666543960571
3824,143.95298957824707,0.89646316,0.8964633345603943,1.7881393432617188e-07,0.89646315574646,10.353684,10.353666543960571
3825,143.9873983860016,0.89646316,0.8964633345603943,1.7881393432617188e-07,0.89646315574646,10.353684,10.353666543960571
3826,144.02154779434204,0.89646316,0.8964633345603943,1.7881393432617188e-07,0.89646315574646,10.353684,10.353666543960571
3827,144.05514430999756,0.89646316,0.8964633345603943,1.7881393432617188e-07,0.89646315574646,10.353684,10.353666543960571
3828,144.08948874473572,0.8964666,0.8964633941650391,3.1022980806483247e-07,0.89646315574646,10.353338,10.353660583496094
3829,144.1300835609436,0.89650196,0.8964635729789734,3.3979247291426873e-06,0.89646315574646,10.349804,10.353642702102661
3830,144.17362761497498,0.8965024,0.8964648842811584,7.4534709710860625e-06,0.89646315574646,10.349762,10.353511571884155
3831,144.2179515361786,0.8965024,0.8964674472808838,1.1686297511914745e-05,0.89646315574646,10.349762,10.353255271911621
3832,144.25346088409424,0.8965024,0.8964728116989136,1.6402040273533203e-05,0.89646315574646,10.349762,10.352718830108643
3833,144.28750562667847,0.8965024,0.8964831829071045,1.8879845811170526e-05,0.89646315574646,10.349762,10.35168170928955
3834,144.3219051361084,0.8965024,0.8965021371841431,2.0875053508007113e-07,0.8965019583702087,10.349762,10.349786281585693
3835,144.35558438301086,0.8965024,0.8965024352073669,8.352461122740351e-08,0.8965019583702087,10.349762,10.349756479263306
3836,144.3895561695099,0.8965024,0.8965024352073669,5.960464477539063e-08,0.8965023756027222,10.349762,10.349756479263306
3837,144.4228847026825,0.8965024,0.8965024352073669,5.960464477539063e-08,0.8965023756027222,10.349762,10.349756479263306
3838,144.4565989971161,0.8965024,0.8965024352073669,5.960464477539063e-08,0.8965023756027222,10.349762,10.349756479263306
3839,144.49048852920532,0.8965024,0.8965024352073669,5.960464477539063e-08,0.8965023756027222,10.349762,10.349756479263306
3840,144.5234398841858,0.8965024,0.8965024352073669,5.960464477539063e-08,0.8965023756027222,10.349762,10.349756479263306
3841,144.55725359916687,0.8965024,0.8965024352073669,5.960464477539063e-08,0.8965023756027222,10.349762,10.349756479263306
3842,144.59193181991577,0.8965024,0.8965024352073669,5.960464477539063e-08,0.8965023756027222,10.349762,10.349756479263306
3843,144.62677025794983,0.8965024,0.8965024352073669,5.960464477539063e-08,0.8965023756027222,10.349762,10.349756479263306
3844,144.66439414024353,0.8965024,0.8965024352073669,5.960464477539063e-08,0.8965023756027222,10.349762,10.349756479263306
3845,144.69910407066345,0.8965024,0.8965024352073669,5.960464477539063e-08,0.8965023756027222,10.349762,10.349756479263306
3846,144.73432087898254,0.8965024,0.8965024352073669,5.960464477539063e-08,0.8965023756027222,10.349762,10.349756479263306
3847,144.7674276828766,0.8965024,0.8965024352073669,5.960464477539063e-08,0.8965023756027222,10.349762,10.349756479263306
3848,144.8013880252838,0.8965024,0.8965024352073669,5.960464477539063e-08,0.8965023756027222,10.349762,10.349756479263306
3849,144.83506560325623,0.8965024,0.8965024352073669,5.960464477539063e-08,0.8965023756027222,10.349762,10.349756479263306
3850,144.86934638023376,0.8965024,0.8965024352073669,5.960464477539063e-08,0.8965023756027222,10.349762,10.349756479263306
3851,144.90403246879578,0.8965024,0.8965024352073669,5.960464477539063e-08,0.8965023756027222,10.349762,10.349756479263306
3852,144.93794703483582,0.89650404,0.8965024352073669,1.1594503490641728e-07,0.8965023756027222,10.349596,10.349756479263306
3853,144.97942185401917,0.89650404,0.8965024352073669,2.0764119312843832e-07,0.8965023756027222,10.349596,10.349756479263306
3854,145.014328956604,0.8965404,0.8965034484863281,5.732889803766739e-06,0.8965023756027222,10.34596,10.349655151367188
3855,145.05611848831177,0.8965404,0.8965061902999878,1.084545783669455e-05,0.8965023756027222,10.34596,10.34938097000122
3856,145.09076952934265,0.8965404,0.8965107798576355,1.5143462405831087e-05,0.8965023756027222,10.34596,10.34892201423645
3857,145.12546062469482,0.89655924,0.8965205550193787,1.820255783968605e-05,0.8965023756027222,10.344076,10.347944498062134
3858,145.16751718521118,0.89655924,0.8965392112731934,5.439445430965861e-06,0.896504819393158,10.344076,10.346078872680664
3859,145.20215106010437,0.89655924,0.8965420126914978,5.009735559724504e-06,0.8965404033660889,10.344076,10.34579873085022
3860,145.2359631061554,0.89655924,0.8965438604354858,7.1649847086519e-06,0.8965404033660889,10.344076,10.345613956451416
3861,145.27016067504883,0.89656067,0.8965477347373962,9.144159776042216e-06,0.8965404033660889,10.343933,10.345226526260376
3862,145.3130819797516,0.89656067,0.8965550661087036,7.675494089198764e-06,0.8965404033660889,10.343933,10.344493389129639
3863,145.3475832939148,0.89657736,0.8965592384338379,1.1845930885101552e-06,0.8965592384338379,10.342264,10.344076156616211
3864,145.39014625549316,0.89657736,0.8965596556663513,2.268403477501124e-06,0.8965592384338379,10.342264,10.344034433364868
3865,145.42392301559448,0.89657736,0.8965608477592468,4.37909420725191e-06,0.8965592384338379,10.342264,10.343915224075317
3866,145.4573450088501,0.8965792,0.8965634107589722,6.39948530078982e-06,0.8965599536895752,10.342079,10.343658924102783
3867,145.4982602596283,0.8965799,0.8965673446655273,8.091031304502394e-06,0.8965606689453125,10.342008,10.343265533447266
3868,145.539231300354,0.8965799,0.8965741395950317,7.081266630848404e-06,0.8965610265731812,10.342008,10.342586040496826
3869,145.5741584300995,0.8965799,0.8965784311294556,9.680890116214869e-07,0.8965773582458496,10.342008,10.342156887054443
3870,145.60778784751892,0.8965799,0.896579384803772,3.9087117897906865e-07,0.896578848361969,10.342008,10.342061519622803
3871,145.64192390441895,0.8965799,0.8965797424316406,2.323436802953438e-07,0.8965792059898376,10.342008,10.342025756835938
3872,145.6768295764923,0.8965799,0.8965798616409302,5.960464477539063e-08,0.896579921245575,10.342008,10.342013835906982
3873,145.71157050132751,0.8965799,0.8965798616409302,5.960464477539063e-08,0.896579921245575,10.342008,10.342013835906982
3874,145.74465131759644,0.8965799,0.8965798616409302,5.960464477539063e-08,0.896579921245575,10.342008,10.342013835906982
3875,145.77848100662231,0.8965799,0.8965798616409302,5.960464477539063e-08,0.896579921245575,10.342008,10.342013835906982
3876,145.81175708770752,0.8965799,0.8965798616409302,5.960464477539063e-08,0.896579921245575,10.342008,10.342013835906982
3877,145.84624218940735,0.8965799,0.8965798616409302,5.960464477539063e-08,0.896579921245575,10.342008,10.342013835906982
3878,145.88024258613586,0.8965799,0.8965798616409302,5.960464477539063e-08,0.896579921245575,10.342008,10.342013835906982
3879,145.91558265686035,0.8965799,0.8965798616409302,5.960464477539063e-08,0.896579921245575,10.342008,10.342013835906982
3880,145.94823551177979,0.8965799,0.8965798616409302,5.960464477539063e-08,0.896579921245575,10.342008,10.342013835906982
3881,145.9831805229187,0.8965799,0.8965798616409302,5.960464477539063e-08,0.896579921245575,10.342008,10.342013835906982
3882,146.01634287834167,0.8965799,0.8965798616409302,5.960464477539063e-08,0.896579921245575,10.342008,10.342013835906982
3883,146.0493040084839,0.8965799,0.8965798616409302,5.960464477539063e-08,0.896579921245575,10.342008,10.342013835906982
3884,146.08285212516785,0.8965799,0.8965798616409302,5.960464477539063e-08,0.896579921245575,10.342008,10.342013835906982
3885,146.11626172065735,0.8965799,0.8965798616409302,5.960464477539063e-08,0.896579921245575,10.342008,10.342013835906982
3886,146.1510946750641,0.8965799,0.8965798616409302,5.960464477539063e-08,0.896579921245575,10.342008,10.342013835906982
3887,146.1843979358673,0.8965799,0.8965798616409302,5.960464477539063e-08,0.896579921245575,10.342008,10.342013835906982
3888,146.2186577320099,0.8965799,0.8965798616409302,5.960464477539063e-08,0.896579921245575,10.342008,10.342013835906982
3889,146.25359058380127,0.8965799,0.8965798616409302,5.960464477539063e-08,0.896579921245575,10.342008,10.342013835906982
3890,146.28853702545166,0.8965799,0.8965798616409302,5.960464477539063e-08,0.896579921245575,10.342008,10.342013835906982
3891,146.3239245414734,0.8965799,0.8965798616409302,5.960464477539063e-08,0.896579921245575,10.342008,10.342013835906982
3892,146.35980892181396,0.8965838,0.8965798616409302,2.504382621282275e-07,0.896579921245575,10.34162,10.342013835906982
3893,146.40249061584473,0.8965849,0.8965799808502197,5.653932362292835e-07,0.896579921245575,10.341507,10.342001914978027
3894,146.44405364990234,0.8965849,0.896580159664154,1.1481878345875884e-06,0.896579921245575,10.341507,10.341984033584595
3895,146.4788019657135,0.8965849,0.8965806365013123,1.7430029402021319e-06,0.896579921245575,10.341507,10.341936349868774
3896,146.51410102844238,0.8965849,0.8965814113616943,2.2168005671119317e-06,0.896579921245575,10.341507,10.341858863830566
3897,146.5493905544281,0.8966297,0.8965833783149719,3.55508836946683e-06,0.896579921245575,10.33703,10.341662168502808
3898,146.59175491333008,0.8966716,0.8965861201286316,9.251569281332195e-06,0.8965849280357361,10.332841,10.34138798713684
3899,146.63431882858276,0.89667267,0.8965891599655151,1.6756952391006052e-05,0.8965849280357361,10.332733,10.341084003448486
3900,146.67766070365906,0.89667267,0.8965970277786255,2.801588925649412e-05,0.8965849280357361,10.332733,10.340297222137451
3901,146.71557021141052,0.89667267,0.896612286567688,3.772746640606783e-05,0.8965849280357361,10.332733,10.338771343231201
3902,146.75009322166443,0.89667267,0.8966416120529175,3.719969026860781e-05,0.8965849280357361,10.332733,10.335838794708252
3903,146.78651595115662,0.8966768,0.8966720700263977,1.3135872904967982e-06,0.8966677188873291,10.332322,10.33279299736023
3904,146.82901167869568,0.8966768,0.8966726064682007,5.79947766254918e-07,0.8966726660728455,10.332322,10.332739353179932
3905,146.86345076560974,0.8966806,0.8966729640960693,1.4149367189020268e-06,0.8966726660728455,10.331941,10.332703590393066
3906,146.90624475479126,0.896706,0.8966736197471619,2.996198418259155e-06,0.8966726660728455,10.329401,10.332638025283813
3907,146.94901204109192,0.8968054,0.8966765999794006,1.2842218893638346e-05,0.8966726660728455,10.31946,10.332340002059937
3908,146.99228739738464,0.8968054,0.8966842889785767,2.5612527679186314e-05,0.8966726660728455,10.31946,10.331571102142334
3909,147.0560326576233,0.89672315,0.8926376104354858,0.0035215059760957956,0.8844655752182007,10.327684,10.736238956451416
3910,147.09942317008972,0.89672315,0.8956494927406311,0.0008658585138618946,0.893883228302002,10.327684,10.43505072593689
3911,147.1349310874939,0.89674413,0.8964149355888367,0.00028045830549672246,0.8958055973052979,10.325586,10.358506441116333
3912,147.17629671096802,0.896856,0.8966526389122009,7.164390990510583e-05,0.8965111374855042,10.314399,10.334736108779907
3913,147.21890997886658,0.896856,0.896712601184845,3.818702680291608e-05,0.8966613411903381,10.314399,10.328739881515503
3914,147.25369334220886,0.896856,0.8967419266700745,3.98139854951296e-05,0.8967152237892151,10.314399,10.325807332992554
3915,147.28910279273987,0.896856,0.896765947341919,5.143483213032596e-05,0.8967231512069702,10.314399,10.323405265808105
3916,147.32592797279358,0.8968564,0.8968106508255005,4.351349707576446e-05,0.8967441320419312,10.314358,10.318934917449951
3917,147.3697681427002,0.8968564,0.8968490362167358,1.3422129086393397e-05,0.8968102931976318,10.314358,10.315096378326416
3918,147.40617513656616,0.8968564,0.8968561291694641,1.4112737289906363e-07,0.8968560099601746,10.314358,10.314387083053589
3919,147.44641160964966,0.8968564,0.8968561887741089,1.896541022006204e-07,0.8968560099601746,10.314358,10.314381122589111
3920,147.48133063316345,0.8968564,0.8968561887741089,2.0215438212289882e-07,0.8968560099601746,10.314358,10.314381122589111
3921,147.5150351524353,0.8968564,0.8968563079833984,1.8137879465029982e-07,0.8968560099601746,10.314358,10.314369201660156
3922,147.54957818984985,0.8968564,0.896856427192688,0.0,0.896856427192688,10.314358,10.314357280731201
3923,147.58435702323914,0.8968564,0.896856427192688,0.0,0.896856427192688,10.314358,10.314357280731201
3924,147.61959075927734,0.8968564,0.896856427192688,0.0,0.896856427192688,10.314358,10.314357280731201
3925,147.6546986103058,0.8968564,0.896856427192688,0.0,0.896856427192688,10.314358,10.314357280731201
3926,147.68981790542603,0.8968564,0.896856427192688,0.0,0.896856427192688,10.314358,10.314357280731201
3927,147.72677731513977,0.8968564,0.896856427192688,0.0,0.896856427192688,10.314358,10.314357280731201
3928,147.7614288330078,0.8968564,0.896856427192688,0.0,0.896856427192688,10.314358,10.314357280731201
3929,147.79740381240845,0.8968564,0.896856427192688,0.0,0.896856427192688,10.314358,10.314357280731201
3930,147.83298087120056,0.8968564,0.896856427192688,0.0,0.896856427192688,10.314358,10.314357280731201
3931,147.86763787269592,0.8968564,0.896856427192688,0.0,0.896856427192688,10.314358,10.314357280731201
3932,147.90221762657166,0.8968564,0.896856427192688,0.0,0.896856427192688,10.314358,10.314357280731201
3933,147.93727016448975,0.8968564,0.896856427192688,0.0,0.896856427192688,10.314358,10.314357280731201
3934,147.97289633750916,0.8968564,0.896856427192688,0.0,0.896856427192688,10.314358,10.314357280731201
3935,148.00868964195251,0.8968564,0.896856427192688,0.0,0.896856427192688,10.314358,10.314357280731201
3936,148.04443454742432,0.8968564,0.896856427192688,0.0,0.896856427192688,10.314358,10.314357280731201
3937,148.0789430141449,0.8968564,0.896856427192688,0.0,0.896856427192688,10.314358,10.314357280731201
3938,148.11579489707947,0.8968593,0.896856427192688,1.7692347853426327e-07,0.896856427192688,10.314072,10.314357280731201
3939,148.15985751152039,0.8968593,0.896856427192688,2.5020759153449035e-07,0.896856427192688,10.314072,10.314357280731201
3940,148.19352412223816,0.8968593,0.896856427192688,4.333722642968496e-07,0.896856427192688,10.314072,10.314357280731201
3941,148.2280671596527,0.8968593,0.8968566656112671,8.102833817247301e-07,0.896856427192688,10.314072,10.314333438873291
3942,148.2640597820282,0.8968593,0.8968570232391357,1.1690192422975088e-06,0.896856427192688,10.314072,10.314297676086426
3943,148.29923248291016,0.8968593,0.8968576788902283,1.4217926036508288e-06,0.896856427192688,10.314072,10.314232110977173
3944,148.3349301815033,0.8968593,0.8968589901924133,8.524768304596364e-07,0.8968564867973328,10.314072,10.314100980758667
3945,148.37010431289673,0.8968593,0.8968592286109924,5.960464477539063e-08,0.8968592882156372,10.314072,10.314077138900757
3946,148.40611839294434,0.8968593,0.8968592286109924,5.960464477539063e-08,0.8968592882156372,10.314072,10.314077138900757
3947,148.44373154640198,0.8968593,0.8968592286109924,5.960464477539063e-08,0.8968592882156372,10.314072,10.314077138900757
3948,148.47860765457153,0.8968593,0.8968592286109924,5.960464477539063e-08,0.8968592882156372,10.314072,10.314077138900757
3949,148.51367664337158,0.8968593,0.8968592286109924,5.960464477539063e-08,0.8968592882156372,10.314072,10.314077138900757
3950,148.54837608337402,0.8968593,0.8968592286109924,5.960464477539063e-08,0.8968592882156372,10.314072,10.314077138900757
3951,148.58446192741394,0.8968593,0.8968592286109924,5.960464477539063e-08,0.8968592882156372,10.314072,10.314077138900757
3952,148.61830615997314,0.8968593,0.8968592286109924,5.960464477539063e-08,0.8968592882156372,10.314072,10.314077138900757
3953,148.65374159812927,0.8968593,0.8968592286109924,5.960464477539063e-08,0.8968592882156372,10.314072,10.314077138900757
3954,148.68896865844727,0.8968593,0.8968592286109924,5.960464477539063e-08,0.8968592882156372,10.314072,10.314077138900757
3955,148.72418570518494,0.8968593,0.8968592286109924,5.960464477539063e-08,0.8968592882156372,10.314072,10.314077138900757
3956,148.75842905044556,0.8968593,0.8968592286109924,5.960464477539063e-08,0.8968592882156372,10.314072,10.314077138900757
3957,148.79277348518372,0.8968593,0.8968592286109924,5.960464477539063e-08,0.8968592882156372,10.314072,10.314077138900757
3958,148.82845425605774,0.8968593,0.8968592286109924,5.960464477539063e-08,0.8968592882156372,10.314072,10.314077138900757
3959,148.865624666214,0.8968593,0.8968592286109924,5.960464477539063e-08,0.8968592882156372,10.314072,10.314077138900757
3960,148.90188121795654,0.8968593,0.8968592286109924,5.960464477539063e-08,0.8968592882156372,10.314072,10.314077138900757
3961,148.93657302856445,0.8968593,0.8968592286109924,5.960464477539063e-08,0.8968592882156372,10.314072,10.314077138900757
3962,148.97547936439514,0.8968593,0.8968592286109924,5.960464477539063e-08,0.8968592882156372,10.314072,10.314077138900757
3963,149.01098704338074,0.8968593,0.8968592286109924,5.960464477539063e-08,0.8968592882156372,10.314072,10.314077138900757
3964,149.0485327243805,0.8968593,0.8968592286109924,5.960464477539063e-08,0.8968592882156372,10.314072,10.314077138900757
3965,149.08342099189758,0.8968593,0.8968592286109924,5.960464477539063e-08,0.8968592882156372,10.314072,10.314077138900757
3966,149.11878848075867,0.8968593,0.8968592286109924,5.960464477539063e-08,0.8968592882156372,10.314072,10.314077138900757
3967,149.15307569503784,0.8968593,0.8968592286109924,5.960464477539063e-08,0.8968592882156372,10.314072,10.314077138900757
3968,149.1871874332428,0.8968593,0.8968592286109924,5.960464477539063e-08,0.8968592882156372,10.314072,10.314077138900757
3969,149.22405219078064,0.8968593,0.8968592286109924,5.960464477539063e-08,0.8968592882156372,10.314072,10.314077138900757
3970,149.26124739646912,0.8968593,0.8968592286109924,5.960464477539063e-08,0.8968592882156372,10.314072,10.314077138900757
3971,149.29849243164062,0.8968593,0.8968592286109924,5.960464477539063e-08,0.8968592882156372,10.314072,10.314077138900757
3972,149.3346939086914,0.8968593,0.8968592286109924,5.960464477539063e-08,0.8968592882156372,10.314072,10.314077138900757
3973,149.3704960346222,0.89688766,0.896859347820282,1.7518158301754738e-06,0.8968592882156372,10.3112335,10.314065217971802
3974,149.41302251815796,0.89688766,0.8968598246574402,3.885479145537829e-06,0.8968592882156372,10.3112335,10.314017534255981
3975,149.44901156425476,0.8968878,0.89686119556427,7.184748938016128e-06,0.8968592882156372,10.311222,10.313880443572998
3976,149.4951777458191,0.8968878,0.8968636989593506,1.0325623406970408e-05,0.8968592882156372,10.311222,10.313630104064941
3977,149.5304765701294,0.8968878,0.8968693614006042,1.359047291771276e-05,0.8968592882156372,10.311222,10.313063859939575
3978,149.56516003608704,0.8968878,0.8968793153762817,1.2986849469598383e-05,0.8968592882156372,10.311222,10.312068462371826
3979,149.599844455719,0.8968878,0.8968877792358398,5.373085087967411e-08,0.8968876600265503,10.311222,10.311222076416016
3980,149.63533568382263,0.8968878,0.8968878388404846,5.960464477539063e-08,0.8968877792358398,10.311222,10.311216115951538
3981,149.67128372192383,0.8968878,0.8968878388404846,5.960464477539063e-08,0.8968877792358398,10.311222,10.311216115951538
3982,149.70724487304688,0.8968878,0.8968878388404846,5.960464477539063e-08,0.8968877792358398,10.311222,10.311216115951538
3983,149.7430682182312,0.8968878,0.8968878388404846,5.960464477539063e-08,0.8968877792358398,10.311222,10.311216115951538
3984,149.77811336517334,0.8968878,0.8968878388404846,5.960464477539063e-08,0.8968877792358398,10.311222,10.311216115951538
3985,149.81217217445374,0.8968878,0.8968878388404846,5.960464477539063e-08,0.8968877792358398,10.311222,10.311216115951538
3986,149.84764289855957,0.8968878,0.8968878388404846,5.960464477539063e-08,0.8968877792358398,10.311222,10.311216115951538
3987,149.88326001167297,0.8968878,0.8968878388404846,5.960464477539063e-08,0.8968877792358398,10.311222,10.311216115951538
3988,149.9187514781952,0.8968878,0.8968878388404846,5.960464477539063e-08,0.8968877792358398,10.311222,10.311216115951538
3989,149.95386934280396,0.8968878,0.8968878388404846,5.960464477539063e-08,0.8968877792358398,10.311222,10.311216115951538
3990,149.9893581867218,0.8968878,0.8968878388404846,5.960464477539063e-08,0.8968877792358398,10.311222,10.311216115951538
3991,150.02423667907715,0.8968878,0.8968878388404846,5.960464477539063e-08,0.8968877792358398,10.311222,10.311216115951538
