generation,elapsed_time_sec,best,mean,std,worst,best_error,mean_error
1,0.03311610221862793,0.5546675,0.44604891538619995,0.033156972378492355,0.40283143520355225,44.533253,55.395108461380005
2,0.07598328590393066,0.572719,0.4783223867416382,0.0302906334400177,0.44273996353149414,42.728104,52.16776132583618
3,0.11760568618774414,0.5882904,0.5070319175720215,0.028031745925545692,0.47209638357162476,41.17096,49.29680824279785
4,0.15775632858276367,0.60094655,0.534378707408905,0.023572761565446854,0.5012226104736328,39.905346,46.5621292591095
5,0.1967301368713379,0.61074257,0.5565540790557861,0.01838482916355133,0.5316821336746216,38.925743,44.34459209442139
6,0.23610663414001465,0.61555153,0.5737972259521484,0.01581707037985325,0.5543026328086853,38.444847,42.620277404785156
7,0.2747983932495117,0.6426908,0.5895218253135681,0.013851051218807697,0.5714870095252991,35.730923,41.04781746864319
8,0.3153705596923828,0.645192,0.6036338806152344,0.012382827699184418,0.5876720547676086,35.480797,39.63661193847656
9,0.3555276393890381,0.6509161,0.6164690256118774,0.011684807017445564,0.6023144125938416,34.90839,38.353097438812256
10,0.39569926261901855,0.66148865,0.6276365518569946,0.01116322074085474,0.6129482984542847,33.851135,37.23634481430054
11,0.4351379871368408,0.66528445,0.6383965015411377,0.009006628766655922,0.625579833984375,33.471554,36.16034984588623
12,0.47380971908569336,0.6707858,0.6466829180717468,0.00752519816160202,0.6369742155075073,32.92142,35.33170819282532
13,0.5142455101013184,0.67633945,0.6533337831497192,0.007203645072877407,0.6450316905975342,32.366055,34.666621685028076
14,0.553748607635498,0.68628126,0.6606469750404358,0.006489677354693413,0.6516380310058594,31.371874,33.93530249595642
15,0.5928916931152344,0.68946487,0.6672470569610596,0.006481043063104153,0.6598153710365295,31.053513,33.27529430389404
16,0.6341238021850586,0.69128513,0.6736545562744141,0.006458152085542679,0.6658540964126587,30.871487,32.634544372558594
17,0.6747355461120605,0.70153254,0.6802232265472412,0.006099691614508629,0.6724377870559692,29.846746,31.97767734527588
18,0.7156534194946289,0.70494115,0.6865876913070679,0.005596323870122433,0.6790567636489868,29.505884,31.341230869293213
19,0.7545583248138428,0.70760125,0.6924185156822205,0.005198527127504349,0.6860986351966858,29.239876,30.758148431777954
20,0.7953786849975586,0.71233034,0.6979450583457947,0.004868348594754934,0.6915222406387329,28.766966,30.205494165420532
21,0.8346512317657471,0.715557,0.7025633454322815,0.004159160889685154,0.6971153020858765,28.444302,29.74366545677185
22,0.8738596439361572,0.72425926,0.7064500451087952,0.0036398854572325945,0.7017820477485657,27.574074,29.354995489120483
23,0.9129409790039062,0.72425926,0.7098256945610046,0.0035564813297241926,0.7055070400238037,27.574074,29.017430543899536
24,0.9459118843078613,0.72868323,0.7132242918014526,0.003854736452922225,0.70903080701828,27.131676,28.677570819854736
25,0.9831633567810059,0.72868323,0.716825544834137,0.004053433891385794,0.7123634815216064,27.131676,28.317445516586304
26,1.0151429176330566,0.7322419,0.7203158140182495,0.003832274815067649,0.7155569791793823,26.775806,27.96841859817505
27,1.0545685291290283,0.7335589,0.7238994240760803,0.0034574056044220924,0.7195444107055664,26.644112,27.610057592391968
28,1.094679832458496,0.7406653,0.7272622585296631,0.0032057256903499365,0.7236935496330261,25.933468,27.27377414703369
29,1.1329407691955566,0.7435109,0.7305203080177307,0.0033234483562409878,0.726791501045227,25.64891,26.94796919822693
30,1.1721529960632324,0.74708205,0.7337035536766052,0.003338813316076994,0.7298023104667664,25.291794,26.629644632339478
31,1.212433099746704,0.74708205,0.7368302941322327,0.0032566667068749666,0.7329744696617126,25.291794,26.316970586776733
32,1.2469663619995117,0.74836373,0.7398490905761719,0.0028515716549009085,0.7362726926803589,25.163628,26.015090942382812
33,1.2870075702667236,0.75093114,0.7425786852836609,0.002606030087918043,0.7394574284553528,24.906885,25.74213147163391
34,1.3278672695159912,0.7527014,0.7449979186058044,0.002200463553890586,0.741984486579895,24.72986,25.500208139419556
35,1.3669700622558594,0.7527014,0.7470702528953552,0.0018526791827753186,0.7444817423820496,24.72986,25.292974710464478
36,1.3999958038330078,0.75375026,0.748816192150116,0.0016223080456256866,0.7470820546150208,24.624973,25.118380784988403
37,1.4384520053863525,0.7560032,0.750481367111206,0.0016035072039812803,0.7483866810798645,24.39968,24.951863288879395
38,1.4766559600830078,0.7560459,0.7521481513977051,0.0013954289024695754,0.750417172908783,24.395412,24.785184860229492
39,1.5153930187225342,0.758402,0.7535475492477417,0.0013255034573376179,0.7519201636314392,24.159801,24.64524507522583
40,1.554783821105957,0.7600189,0.7550264596939087,0.0012724222615361214,0.7532654404640198,23.998112,24.49735403060913
41,1.5939018726348877,0.76085514,0.7563403248786926,0.0012305000564083457,0.7549529075622559,23.914486,24.365967512130737
42,1.6344187259674072,0.763599,0.7575781941413879,0.0013226221781224012,0.7560403347015381,23.640102,24.242180585861206
43,1.674079418182373,0.76519006,0.7589200735092163,0.0013384658377617598,0.7573708295822144,23.480993,24.10799264907837
44,1.7131671905517578,0.76519006,0.7602697610855103,0.001480735489167273,0.7586073279380798,23.480993,23.973023891448975
45,1.748626470565796,0.7669797,0.7617682218551636,0.0016276352107524872,0.7599165439605713,23.30203,23.823177814483643
46,1.7888197898864746,0.76923215,0.7635427713394165,0.001679053995758295,0.7612882256507874,23.076784,23.64572286605835
47,1.8288118839263916,0.77202404,0.7653473615646362,0.0016880390467122197,0.7633742094039917,22.797596,23.465263843536377
48,1.8778386116027832,0.7745539,0.7672339677810669,0.0018937477143481374,0.7651886343955994,22.544611,23.27660322189331
49,1.9288978576660156,0.77549124,0.7692543864250183,0.001956766005605459,0.7668867707252502,22.450876,23.07456135749817
50,1.9727258682250977,0.778702,0.7712741494178772,0.0019374474650248885,0.7688871026039124,22.129799,22.87258505821228
51,2.0112063884735107,0.78096783,0.773277759552002,0.0018729581497609615,0.7710055708885193,21.903217,22.672224044799805
52,2.050197124481201,0.78096783,0.7754828929901123,0.001988372765481472,0.772987425327301,21.903217,22.45171070098877
53,2.0831875801086426,0.7855961,0.7775326371192932,0.001892923261038959,0.7752633690834045,21.440393,22.24673628807068
54,2.120959520339966,0.7855961,0.7794764637947083,0.0016098835039883852,0.7773150205612183,21.440393,22.052353620529175
55,2.1537649631500244,0.786396,0.7811447978019714,0.0014421064406633377,0.7793569564819336,21.360397,21.885520219802856
56,2.1949453353881836,0.78728604,0.7825169563293457,0.0014327293029055,0.7809653282165527,21.271397,21.74830436706543
57,2.2379119396209717,0.7880431,0.7840458154678345,0.0013380139134824276,0.7823479771614075,21.195692,21.595418453216553
58,2.2786290645599365,0.7896717,0.7854059338569641,0.0012328452430665493,0.7838008999824524,21.032827,21.45940661430359
59,2.3164451122283936,0.7898741,0.7867189645767212,0.0010288063203915954,0.7854033708572388,21.012592,21.32810354232788
60,2.356778860092163,0.79252046,0.7878636121749878,0.001113931299187243,0.7865077257156372,20.747953,21.21363878250122
61,2.3942928314208984,0.7933562,0.7891202569007874,0.0012335563078522682,0.7876483201980591,20.664383,21.087974309921265
62,2.4339957237243652,0.7944118,0.7903940677642822,0.0012858530972152948,0.7889611124992371,20.558823,20.960593223571777
63,2.4738197326660156,0.7952006,0.7916039228439331,0.0013062538346275687,0.7900525331497192,20.479942,20.83960771560669
64,2.514235019683838,0.79724693,0.7929261326789856,0.0010589472949504852,0.7913974523544312,20.275307,20.70738673210144
65,2.5543460845947266,0.79724693,0.7940155863761902,0.0008554310770705342,0.7929277420043945,20.275307,20.59844136238098
66,2.585787534713745,0.7980843,0.7948316931724548,0.0008813475142233074,0.7938938736915588,20.191568,20.516830682754517
67,2.6257176399230957,0.7980843,0.7956528067588806,0.0009071624372154474,0.7945502996444702,20.191568,20.43471932411194
68,2.6572840213775635,0.79949725,0.7966224551200867,0.0008238930604420602,0.7954933047294617,20.050276,20.337754487991333
69,2.6971871852874756,0.80006355,0.797417938709259,0.0007210849435068667,0.7964686751365662,19.993645,20.258206129074097
70,2.738013505935669,0.80095905,0.7981880903244019,0.0006962799234315753,0.7972763776779175,19.904095,20.181190967559814
71,2.779506206512451,0.80095905,0.7988874316215515,0.0006941926549188793,0.7980719208717346,19.904095,20.11125683784485
72,2.8128697872161865,0.80169636,0.7995803356170654,0.000709136831574142,0.7987610101699829,19.830364,20.041966438293457
73,2.8538002967834473,0.80271745,0.800312876701355,0.0006841144640929997,0.7994579076766968,19.728256,19.968712329864502
74,2.8955559730529785,0.80378616,0.8010455965995789,0.000676281051710248,0.800178587436676,19.621384,19.895440340042114
75,2.935878276824951,0.80386007,0.8017645478248596,0.0007022331701591611,0.800959050655365,19.613993,19.823545217514038
76,2.9769341945648193,0.80398005,0.802444577217102,0.0006406838656403124,0.8016101121902466,19.601995,19.755542278289795
77,3.0152714252471924,0.8045919,0.8031005859375,0.0005372111336328089,0.8023785948753357,19.54081,19.68994140625
78,3.0562336444854736,0.8055059,0.8036585450172424,0.0004328144423197955,0.8030535578727722,19.449413,19.634145498275757
79,3.0958776473999023,0.8055059,0.8040990233421326,0.0004260544083081186,0.8036493062973022,19.449413,19.590097665786743
80,3.1269009113311768,0.80585253,0.8045133948326111,0.00042862980626523495,0.8039975166320801,19.414747,19.54866051673889
81,3.1659963130950928,0.80768335,0.8049582242965698,0.00046545223449356854,0.8044110536575317,19.231665,19.504177570343018
82,3.206721067428589,0.80768335,0.8054202795028687,0.0005019261152483523,0.8048582673072815,19.231665,19.457972049713135
83,3.2397313117980957,0.80923593,0.8059170842170715,0.0006086129578761756,0.8053005337715149,19.076406,19.408291578292847
84,3.278999090194702,0.80923593,0.8064689636230469,0.0006879775319248438,0.8057706356048584,19.076406,19.353103637695312
85,3.3112566471099854,0.8095952,0.8071144223213196,0.0007873152499087155,0.8062885403633118,19.040478,19.288557767868042
86,3.35048508644104,0.8097306,0.8078523278236389,0.0007655869121663272,0.806890606880188,19.026941,19.21476721763611
87,3.3902530670166016,0.8120058,0.8085665106773376,0.0007255335804075003,0.8076833486557007,18.799417,19.143348932266235
88,3.4296011924743652,0.8120315,0.8092882037162781,0.0007135026971809566,0.8084390163421631,18.796848,19.071179628372192
89,3.4703011512756348,0.8127119,0.8099811673164368,0.0008712104172445834,0.8092359304428101,18.728811,19.001883268356323
90,3.511239767074585,0.81307995,0.8107283711433411,0.001033215899951756,0.8096083402633667,18.692005,18.927162885665894
91,3.5527617931365967,0.8134838,0.8117485046386719,0.0008060273248702288,0.8104064464569092,18.651623,18.825149536132812
92,3.5926320552825928,0.8135989,0.8125196695327759,0.0003904823388438672,0.8119748830795288,18.640114,18.748033046722412
93,3.6301095485687256,0.81448746,0.8128944635391235,0.0002980982535518706,0.8124988079071045,18.551254,18.710553646087646
94,3.679159164428711,0.81722033,0.8131950497627258,0.0003644396783784032,0.8128478527069092,18.277967,18.680495023727417
95,3.7196192741394043,0.81781894,0.813476026058197,0.0005130092613399029,0.8131307363510132,18.218105,18.652397394180298
96,3.760890245437622,0.81794333,0.813808798789978,0.0008094428922049701,0.8133770823478699,18.205666,18.619120121002197
97,3.8038296699523926,0.81799966,0.8143438100814819,0.0012482268502935767,0.8135775923728943,18.200033,18.565618991851807
98,3.8436481952667236,0.8196877,0.8152110576629639,0.0015915115363895893,0.8138351440429688,18.031227,18.478894233703613
99,3.8841910362243652,0.8196877,0.8164650201797485,0.0015450636856257915,0.8143717050552368,18.031227,18.353497982025146
100,3.9197187423706055,0.8197051,0.8179372549057007,0.0005466875154525042,0.8172203302383423,18.029488,18.20627450942993
101,3.959341049194336,0.820047,0.8183877468109131,0.0005852909525856376,0.8179016709327698,17.995298,18.16122531890869
102,4.000103950500488,0.8200936,0.8188357353210449,0.0006246521952562034,0.8181363344192505,17.990643,18.116426467895508
103,4.040431261062622,0.82018006,0.819404125213623,0.00043483206536620855,0.8186314702033997,17.981995,18.059587478637695
104,4.081243515014648,0.82074964,0.8198127150535583,0.00019417393195908517,0.8195525407791138,17.925035,18.018728494644165
105,4.127926826477051,0.8208399,0.820010781288147,0.00020728122035507113,0.8197531700134277,17.916012,17.998921871185303
106,4.171970844268799,0.8225367,0.8202299475669861,0.0002559409476816654,0.8199745416641235,17.74633,17.97700524330139
107,4.212803602218628,0.8225367,0.8204761147499084,0.00032891749287955463,0.820159912109375,17.74633,17.952388525009155
108,4.2478346824646,0.82276237,0.820792019367218,0.000416178343584761,0.8204030394554138,17.723763,17.9207980632782
109,4.290757894515991,0.82303894,0.8212238550186157,0.0005379836075007915,0.8207492232322693,17.696106,17.877614498138428
110,4.334209203720093,0.82303894,0.8216535449028015,0.00058303790865466,0.8210489749908447,17.696106,17.83464550971985
111,4.370444297790527,0.8238833,0.8222084045410156,0.0005563105223700404,0.8214372992515564,17.611671,17.779159545898438
112,4.411994218826294,0.8240125,0.8227707147598267,0.00034891959512606263,0.8223087787628174,17.598747,17.722928524017334
113,4.451282978057861,0.82422984,0.8231099843978882,0.0003620499628596008,0.8227407932281494,17.577017,17.68900156021118
114,4.49153470993042,0.8242873,0.8234373331069946,0.00033796660136431456,0.8230271339416504,17.57127,17.656266689300537
115,4.5320329666137695,0.82473,0.8237981200218201,0.0002648562949616462,0.8234217762947083,17.527002,17.620187997817993
116,4.575257301330566,0.8248211,0.8240445256233215,0.00021648041729349643,0.8237712979316711,17.517889,17.595547437667847
117,4.615635633468628,0.8248211,0.8242455720901489,0.00018986460054293275,0.8240188956260681,17.517889,17.575442790985107
118,4.648566484451294,0.8252946,0.8244534730911255,0.00020059336384292692,0.8242325186729431,17.47054,17.55465269088745
119,4.6901655197143555,0.8254751,0.8246619701385498,0.00020358456822577864,0.8243984580039978,17.45249,17.53380298614502
120,4.730730295181274,0.8258288,0.8248751163482666,0.0002454979985486716,0.8246413469314575,17.417122,17.51248836517334
121,4.772457838058472,0.82637316,0.8251444101333618,0.00034482928458601236,0.8247987031936646,17.362684,17.48555898666382
122,4.811806678771973,0.826897,0.8255128264427185,0.00038464696262963116,0.8250389099121094,17.310297,17.44871735572815
123,4.852474927902222,0.8275756,0.8259302973747253,0.0004086656554136425,0.8254290223121643,17.242437,17.406970262527466
124,4.894806861877441,0.82828224,0.826391875743866,0.0004756470734719187,0.8258287906646729,17.171776,17.360812425613403
125,4.9378581047058105,0.82894796,0.8269116282463074,0.0004897520993836224,0.8263354301452637,17.105204,17.308837175369263
126,4.977142095565796,0.82943386,0.8274277448654175,0.0005087785539217293,0.8268440961837769,17.056614,17.257225513458252
127,5.014970302581787,0.8298382,0.8279731869697571,0.0005261839251033962,0.8273823261260986,17.016178,17.202681303024292
128,5.053647041320801,0.8298858,0.8285024166107178,0.0005162893212400377,0.8278414011001587,17.011421,17.149758338928223
129,5.095787525177002,0.8301173,0.8290022611618042,0.00046619054046459496,0.8283907771110535,16.988272,17.09977388381958
130,5.136253833770752,0.8304282,0.8294582962989807,0.0003209511924069375,0.8289717435836792,16.957182,17.05417037010193
131,5.176123142242432,0.83046424,0.8297706842422485,0.00023739563766866922,0.8294338583946228,16.953575,17.022931575775146
132,5.216604709625244,0.83084255,0.8300049901008606,0.00021696247858926654,0.8297535181045532,16.915745,16.99950098991394
133,5.2576141357421875,0.8308534,0.8302060961723328,0.0002184035984100774,0.8299448490142822,16.91466,16.979390382766724
134,5.29684853553772,0.8310255,0.8304416537284851,0.0002083598228637129,0.8301775455474854,16.897451,16.95583462715149
135,5.341190576553345,0.83119863,0.8306453824043274,0.0001783486077329144,0.8304235935211182,16.880136,16.93546175956726
136,5.382932901382446,0.8313148,0.8308414220809937,0.00015590543625876307,0.8306187391281128,16.868519,16.915857791900635
137,5.424121379852295,0.83152694,0.8309999704360962,0.00014759298937860876,0.8308425545692444,16.847307,16.90000295639038
138,5.4645795822143555,0.8316483,0.8311533331871033,0.0001548012951388955,0.8309508562088013,16.83517,16.884666681289673
139,5.504213094711304,0.83179575,0.8313065767288208,0.0001303062163060531,0.8311367630958557,16.820425,16.86934232711792
140,5.544083118438721,0.83195937,0.8314414024353027,0.00014270628162194043,0.8312847018241882,16.804064,16.855859756469727
141,5.583775281906128,0.83213294,0.8315908312797546,0.00016287577454932034,0.8314064741134644,16.786707,16.840916872024536
142,5.625039100646973,0.8325142,0.8317572474479675,0.00018018082482740283,0.831554651260376,16.748577,16.824275255203247
143,5.667375564575195,0.8325142,0.8319410681724548,0.00017525618022773415,0.8317273855209351,16.748577,16.805893182754517
144,5.70067572593689,0.832676,0.8321143388748169,0.00016648416931275278,0.8319112062454224,16.7324,16.78856611251831
145,5.742729425430298,0.83306915,0.8322838544845581,0.00018276805349159986,0.8320713639259338,16.693085,16.77161455154419
146,5.7830400466918945,0.83313507,0.8324719071388245,0.00020428920106496662,0.8322316408157349,16.686493,16.752809286117554
147,5.824486255645752,0.8334592,0.8326890468597412,0.000204330644919537,0.8324331045150757,16.65408,16.73109531402588
148,5.864267349243164,0.8337697,0.8329176306724548,0.00021956863929517567,0.8326455354690552,16.623032,16.708236932754517
149,5.902808904647827,0.8342193,0.8331933617591858,0.0002787069824989885,0.8328890204429626,16.578072,16.68066382408142
150,5.942466974258423,0.8342193,0.8334564566612244,0.00029285080381669104,0.8331055045127869,16.578072,16.654354333877563
151,5.976929187774658,0.8345576,0.8337670564651489,0.00023451556626241654,0.8334217071533203,16.54424,16.623294353485107
152,6.018213748931885,0.8347608,0.8339899182319641,0.0001994428166653961,0.8337596654891968,16.523922,16.60100817680359
153,6.057581424713135,0.83487165,0.8341833353042603,0.0002127045881934464,0.8339634537696838,16.512835,16.581666469573975
154,6.099330186843872,0.8352817,0.8343793749809265,0.00025245046708732843,0.8341101408004761,16.471827,16.56206250190735
155,6.140395641326904,0.83534706,0.8346404433250427,0.00025717588141560555,0.8342773914337158,16.465294,16.535955667495728
156,6.181158781051636,0.8358497,0.83490389585495,0.00022378729772754014,0.8346320986747742,16.41503,16.509610414505005
157,6.221161603927612,0.83631223,0.8351622819900513,0.0002911472984123975,0.8348445296287537,16.368776,16.483771800994873
158,6.261432886123657,0.83637893,0.8354633450508118,0.00030612997943535447,0.835081934928894,16.362106,16.453665494918823
159,6.301814556121826,0.8369981,0.8357905745506287,0.00030885051819495857,0.835417628288269,16.30019,16.420942544937134
160,6.3414306640625,0.8372798,0.8361411690711975,0.00032517380896024406,0.8357365131378174,16.27202,16.38588309288025
161,6.382355451583862,0.8372798,0.8364626169204712,0.0003084669297095388,0.8361095786094666,16.27202,16.35373830795288
162,6.416400671005249,0.83774626,0.8367539048194885,0.0003146023373119533,0.836364209651947,16.225374,16.324609518051147
163,6.4598259925842285,0.8378244,0.8370903134346008,0.00024571066023781896,0.8367047309875488,16.21756,16.290968656539917
164,6.504722833633423,0.8379303,0.8373125195503235,0.00021369222667999566,0.8371005058288574,16.206968,16.26874804496765
165,6.545119047164917,0.8380643,0.8375188112258911,0.0002193171822000295,0.8372448086738586,16.19357,16.24811887741089
166,6.584875583648682,0.8383158,0.8377631902694702,0.00014962196291889995,0.8375070691108704,16.16842,16.22368097305298
167,6.627267122268677,0.8383158,0.8378990888595581,0.00011483432172099128,0.8377562761306763,16.16842,16.21009111404419
168,6.661622047424316,0.8383158,0.8380146622657776,0.00010441220365464687,0.8378821015357971,16.16842,16.19853377342224
169,6.695394992828369,0.83843803,0.8381115794181824,0.00010202763951383531,0.8380006551742554,16.156197,16.188842058181763
170,6.734674692153931,0.83855194,0.8382167220115662,0.00010216271039098501,0.8380904793739319,16.144806,16.178327798843384
171,6.775184392929077,0.8387231,0.8383297324180603,0.00010492906585568562,0.8382086157798767,16.127687,16.16702675819397
172,6.816980838775635,0.83881956,0.8384302854537964,0.00011055121285608038,0.8383112549781799,16.118044,16.15697145462036
173,6.858734369277954,0.8389752,0.8385389447212219,0.0001181749248644337,0.8384024500846863,16.102482,16.146105527877808
174,6.89812159538269,0.83905953,0.8386690616607666,0.00012327992590144277,0.83851158618927,16.094048,16.13309383392334
175,6.93770694732666,0.83924425,0.8388009667396545,0.00011633669055299833,0.8386511206626892,16.075575,16.119903326034546
176,6.976671457290649,0.83950865,0.8389267921447754,0.00012783307465724647,0.8387636542320251,16.049135,16.10732078552246
177,7.0170629024505615,0.8396431,0.8390833735466003,0.00015006288595031947,0.8389129638671875,16.035688,16.091662645339966
178,7.057609558105469,0.83966726,0.8392322659492493,0.000167575417435728,0.8390517830848694,16.033274,16.076773405075073
179,7.09907078742981,0.83976835,0.8393999338150024,0.0001464143570046872,0.8391765356063843,16.023165,16.060006618499756
180,7.139271020889282,0.83987886,0.8395543098449707,0.0001153384946519509,0.8393845558166504,16.012114,16.04456901550293
181,7.179572820663452,0.8400005,0.8396691083908081,8.993608935270458e-05,0.8395538926124573,15.9999485,16.03308916091919
182,7.219486474990845,0.84007657,0.8397592306137085,9.05755878193304e-05,0.8396503925323486,15.992344,16.02407693862915
183,7.260004281997681,0.8402175,0.8398520946502686,0.00010966694389935583,0.8397355675697327,15.978252,16.014790534973145
184,7.300037145614624,0.84028447,0.8399564623832703,0.00011202417954336852,0.8398230671882629,15.971554,16.004353761672974
185,7.339493751525879,0.84034145,0.8400748372077942,9.843477164395154e-05,0.8399339914321899,15.965855,15.992516279220581
186,7.37842321395874,0.8406143,0.8401837348937988,8.702043123776093e-05,0.8400629758834839,15.938568,15.981626510620117
187,7.419720649719238,0.8406166,0.8402732014656067,9.804159344639629e-05,0.8401777744293213,15.938341,15.972679853439331
188,7.460359334945679,0.84076625,0.8403655886650085,0.00011013547918992117,0.8402491211891174,15.923375,15.963441133499146
189,7.499699592590332,0.8409369,0.8404659032821655,0.00010820278839673847,0.840326726436615,15.90631,15.953409671783447
190,7.5397021770477295,0.84109306,0.8405836224555969,0.00010146875138161704,0.8404492139816284,15.890694,15.941637754440308
191,7.579335927963257,0.8414849,0.8406730890274048,0.0001232934300787747,0.8405735492706299,15.851509,15.932691097259521
192,7.617762088775635,0.84161615,0.8407996892929077,0.0002196641726186499,0.8406272530555725,15.838385,15.920031070709229
193,7.658350467681885,0.8416468,0.8409947752952576,0.00027894569211639464,0.8407143950462341,15.835321,15.900522470474243
194,7.69902491569519,0.841732,0.8412593603134155,0.0002798168861772865,0.8408710956573486,15.8267975,15.874063968658447
195,7.7392213344573975,0.8418964,0.8415359258651733,0.00012063439498888329,0.8413242101669312,15.810358,15.846407413482666
196,7.779071092605591,0.8419922,0.8416567444801331,7.308932254090905e-05,0.8415406942367554,15.80078,15.834325551986694
197,7.81788444519043,0.842109,0.8417283296585083,8.009716839296743e-05,0.8416467905044556,15.789098,15.82716703414917
198,7.857630252838135,0.84220403,0.8417991995811462,0.00010112048039445654,0.8417096734046936,15.779596,15.820080041885376
199,7.89760422706604,0.84252304,0.8418899178504944,0.00012790091568604112,0.8417601585388184,15.747696,15.811008214950562
200,7.9365551471710205,0.84252304,0.8420239090919495,0.0001288137718802318,0.8418601751327515,15.747696,15.797609090805054
201,7.969045639038086,0.84252304,0.8421586155891418,0.00011776549217756838,0.8420308232307434,15.747696,15.784138441085815
202,8.00048542022705,0.84287745,0.8422721028327942,0.0001473578595323488,0.8421214818954468,15.7122555,15.772789716720581
203,8.039392471313477,0.84287745,0.8424168229103088,0.00015274084580596536,0.8422240614891052,15.7122555,15.758317708969116
204,8.07272219657898,0.84299326,0.8425793647766113,0.00012724059342872351,0.842402994632721,15.700674,15.742063522338867
205,8.11091685295105,0.84319746,0.842711329460144,0.00013500178465619683,0.8425534963607788,15.680254,15.728867053985596
206,8.149783372879028,0.84324914,0.8428409099578857,0.00012792923371307552,0.8426744341850281,15.675086,15.715909004211426
207,8.188894748687744,0.84345543,0.8429809212684631,0.00012424521264620125,0.8428303599357605,15.654457,15.701907873153687
208,8.227333545684814,0.84351915,0.8431035876274109,0.00011691539111780003,0.8429617285728455,15.648085,15.689641237258911
209,8.26615834236145,0.84351957,0.8432215452194214,0.00011422178795328364,0.8430746793746948,15.648043,15.677845478057861
210,8.306892156600952,0.84372365,0.8433285355567932,0.0001132090765167959,0.8431974649429321,15.627634,15.667146444320679
211,8.372677564620972,0.8454268,0.8410154581069946,0.0022530057467520237,0.8360778093338013,15.45732,15.898454189300537
212,8.41039752960205,0.84553164,0.8430595993995667,0.0007324061007238925,0.8419903516769409,15.4468355,15.694040060043335
213,8.44827651977539,0.84558475,0.843691885471344,0.0007145272102206945,0.8431044816970825,15.4415245,15.6308114528656
214,8.48915982246399,0.8461768,0.8442814946174622,0.0008556778193451464,0.8434220552444458,15.382319,15.571850538253784
215,8.530384540557861,0.84618014,0.8451336026191711,0.0005082000861875713,0.8438384532928467,15.381986,15.486639738082886
216,8.569576740264893,0.84618014,0.8455679416656494,0.00021423082216642797,0.8453627824783325,15.381986,15.443205833435059
217,8.602919578552246,0.84627044,0.8457338809967041,0.0002450506726745516,0.8455216288566589,15.372955,15.42661190032959
218,8.639981746673584,0.84627044,0.8459235429763794,0.00023050224990583956,0.8456080555915833,15.372955,15.40764570236206
219,8.671308755874634,0.84635025,0.8461403846740723,7.815227581886575e-05,0.8459951877593994,15.364975,15.385961532592773
220,8.711468696594238,0.84637344,0.8462120890617371,3.829764318652451e-05,0.846153974533081,15.362656,15.378791093826294
221,8.75145673751831,0.84650904,0.8462486267089844,3.992615529568866e-05,0.8462075591087341,15.349096,15.375137329101562
222,8.791465520858765,0.846533,0.8462867736816406,5.5297954531852156e-05,0.8462414741516113,15.3467,15.371322631835938
223,8.831325769424438,0.84654766,0.8463352918624878,7.076353358570486e-05,0.8462704420089722,15.345234,15.36647081375122
224,8.871339797973633,0.846958,0.84641033411026,8.442057151114568e-05,0.8463045358657837,15.304202,15.358966588973999
225,8.911555290222168,0.84723127,0.8465017080307007,0.00010386158828623593,0.8464007377624512,15.276873,15.349829196929932
226,8.950798273086548,0.84729564,0.8466014862060547,0.00012784828140866011,0.8464766144752502,15.270435,15.339851379394531
227,8.989089727401733,0.84734094,0.8467205166816711,0.0001777936558937654,0.846569299697876,15.265905,15.327948331832886
228,9.028044700622559,0.8474024,0.8468554019927979,0.0002205840719398111,0.8466696739196777,15.259761,15.314459800720215
229,9.06706428527832,0.84771013,0.8470509648323059,0.000219322886550799,0.846749484539032,15.228987,15.29490351676941
230,9.105481147766113,0.84771013,0.8472697138786316,0.00011615416588028893,0.8470810651779175,15.228987,15.27302861213684
231,9.137566328048706,0.84771013,0.8473914861679077,0.00010574039333732799,0.8472812175750732,15.228987,15.260851383209229
232,9.169729232788086,0.8478532,0.8475027680397034,0.0001148107839981094,0.8473606109619141,15.214682,15.249723196029663
233,9.207063436508179,0.8480114,0.8476231694221497,0.00011079812975367531,0.8474672436714172,15.198862,15.237683057785034
234,9.245657920837402,0.84807944,0.8477473855018616,0.00010810466483235359,0.8476229906082153,15.192056,15.225261449813843
235,9.283920526504517,0.8481845,0.8478624224662781,0.00011667655780911446,0.8477151989936829,15.181547,15.213757753372192
236,9.323029518127441,0.84837264,0.847985565662384,0.00010067510447697714,0.8478333353996277,15.162736,15.201443433761597
237,9.36089825630188,0.8483973,0.8480787873268127,8.786383841652423e-05,0.8479759693145752,15.160269,15.192121267318726
238,9.400021076202393,0.8484427,0.8481624126434326,8.692860137671232e-05,0.8480579853057861,15.155733,15.183758735656738
239,9.439321517944336,0.84849983,0.8482458591461182,8.412943134317175e-05,0.8481453061103821,15.150017,15.175414085388184
240,9.478527545928955,0.8487829,0.8483330011367798,8.663073094794527e-05,0.8482261896133423,15.12171,15.166699886322021
241,9.518290758132935,0.8490296,0.8484331965446472,0.00011735658335965127,0.8483279943466187,15.09704,15.156680345535278
242,9.557182550430298,0.84919125,0.8485385775566101,0.000166049474501051,0.8483977317810059,15.080875,15.14614224433899
243,9.594032287597656,0.8492737,0.8486923575401306,0.00020962939015589654,0.848479688167572,15.072632,15.130764245986938
244,9.632077932357788,0.8494677,0.8488897085189819,0.00019438265007920563,0.8486114144325256,15.05323,15.111029148101807
245,9.671150922775269,0.8495582,0.8490865230560303,0.00013948944979347289,0.848882257938385,15.044183,15.091347694396973
246,9.711534976959229,0.8495582,0.849221408367157,0.00011209312651772052,0.8490654230117798,15.044183,15.077859163284302
247,9.742708683013916,0.84974015,0.8493321537971497,0.00010163072875002399,0.8492115139961243,15.025986,15.066784620285034
248,9.780413150787354,0.84974015,0.8494349122047424,9.130662510870025e-05,0.8493148684501648,15.025986,15.056508779525757
249,9.839296579360962,0.84973836,0.8463768362998962,0.002674584509804845,0.840591549873352,15.026164,15.362316370010376
250,9.87872314453125,0.85015035,0.8487017750740051,0.0007377741276286542,0.8472176194190979,14.984965,15.129822492599487
251,9.917306661605835,0.85015035,0.8493733406066895,0.0002831390011124313,0.8487657308578491,14.984965,15.062665939331055
252,9.949350833892822,0.85015035,0.8496127724647522,0.00015492746024392545,0.8494147658348083,14.984965,15.03872275352478
253,9.980390310287476,0.85015035,0.8497706055641174,0.00014882365940138698,0.8495848774909973,14.984965,15.022939443588257
254,10.010626077651978,0.85052013,0.8499159812927246,0.00014721814659424126,0.849738359451294,14.947987,15.008401870727539
255,10.05104398727417,0.85052013,0.8500667214393616,0.000138882125611417,0.8499143123626709,14.947987,14.993327856063843
256,10.082809209823608,0.8505894,0.8502140045166016,0.00015462392184417695,0.8500360250473022,14.941061,14.978599548339844
257,10.1221604347229,0.85064,0.8503710627555847,0.0001272166846320033,0.8501509428024292,14.936,14.962893724441528
258,10.162921667098999,0.85098237,0.8504940271377563,8.237285510404035e-05,0.8503734469413757,14.901763,14.950597286224365
259,10.200828075408936,0.85098237,0.850577712059021,8.824827091302723e-05,0.85048907995224,14.901763,14.9422287940979
260,10.232084035873413,0.8510846,0.8506604433059692,0.00012930457887705415,0.8505595326423645,14.891541,14.933955669403076
261,10.27077341079712,0.85115343,0.8507733345031738,0.00016011671687010676,0.8506044149398804,14.884657,14.922666549682617
262,10.309203147888184,0.85130537,0.8509381413459778,0.00013540565851144493,0.8507304191589355,14.869463,14.906185865402222
263,10.348420143127441,0.85158,0.8510754704475403,0.00010538077913224697,0.8509389162063599,14.841997,14.892452955245972
264,10.391732692718506,0.85158,0.851167619228363,9.650486754253507e-05,0.8510714173316956,14.841997,14.883238077163696
265,10.424058198928833,0.8517562,0.8512601256370544,0.00013670224871020764,0.8511469960212708,14.824379,14.873987436294556
266,10.462568759918213,0.8518455,0.8513800501823425,0.00017071016191039234,0.8512119054794312,14.81545,14.861994981765747
267,10.501116275787354,0.8519918,0.851534366607666,0.00017410601139999926,0.8513075113296509,14.800823,14.846563339233398
268,10.54224443435669,0.8523351,0.8517097234725952,0.0001164829809567891,0.8515467047691345,14.766491,14.829027652740479
269,10.581876516342163,0.8523351,0.8518195152282715,0.00010206332080997527,0.8517082929611206,14.766491,14.818048477172852
270,10.616018056869507,0.8523614,0.8519162535667419,0.00011496604565763846,0.8517999053001404,14.763862,14.808374643325806
271,10.657493114471436,0.8524638,0.8520244359970093,0.00014220920274965465,0.8518951535224915,14.753622,14.797556400299072
272,10.698870658874512,0.85296726,0.8521589636802673,0.00017570533964317292,0.8519629240036011,14.703274,14.784103631973267
273,10.741141557693481,0.8530073,0.8523536920547485,0.0001727455819491297,0.8521345257759094,14.699268,14.764630794525146
274,10.7812340259552,0.8531364,0.8525375723838806,0.00019784353207796812,0.8523383736610413,14.6863575,14.746242761611938
275,10.820825815200806,0.85337585,0.8527336120605469,0.0002033817145274952,0.8524690866470337,14.662415,14.726638793945312
276,10.860913515090942,0.8533994,0.8529555201530457,0.00018518375873100013,0.8527207970619202,14.660061,14.704447984695435
277,10.903648376464844,0.85344833,0.8531396389007568,0.00015140738105401397,0.8529484272003174,14.655167,14.686036109924316
278,10.943975687026978,0.8535116,0.8532920479774475,9.237571066478267e-05,0.8531203866004944,14.648843,14.670795202255249
279,10.98274540901184,0.85362566,0.8533786535263062,6.003506132401526e-05,0.8532978296279907,14.637434,14.662134647369385
280,11.019666194915771,0.8536577,0.8534399271011353,6.206538091646507e-05,0.8533757328987122,14.634228,14.656007289886475
281,11.059337139129639,0.854009,0.8535016179084778,8.529790648026392e-05,0.8534239530563354,14.599103,14.649838209152222
282,11.098412990570068,0.8542535,0.8535933494567871,0.00012772093759849668,0.8534793257713318,14.574653,14.640665054321289
283,11.136916160583496,0.8542612,0.8537209033966064,0.00017790801939554513,0.8535463809967041,14.573878,14.627909660339355
284,11.176250696182251,0.8543218,0.853894054889679,0.0001990485325222835,0.8536496162414551,14.567822,14.610594511032104
285,11.214178085327148,0.8543218,0.8540960550308228,0.00011995778186246753,0.8539021015167236,14.567822,14.590394496917725
286,11.246361255645752,0.854458,0.8542064428329468,7.427760283462703e-05,0.854087769985199,14.554203,14.579355716705322
287,11.28523564338684,0.8545103,0.8542777299880981,5.828898792969994e-05,0.8542102575302124,14.548969,14.572227001190186
288,11.324913024902344,0.8545935,0.854336142539978,7.407149678329006e-05,0.8542590737342834,14.540648,14.566385746002197
289,11.363517999649048,0.85461336,0.8544107675552368,8.167096530087292e-05,0.854317843914032,14.538664,14.558923244476318
290,11.408547401428223,0.8548291,0.8545026183128357,6.02507934672758e-05,0.854404091835022,14.517093,14.54973816871643
291,11.44823431968689,0.85505915,0.8545636534690857,7.088080019457266e-05,0.8545044660568237,14.494085,14.54363465309143
292,11.48720645904541,0.8551975,0.854629397392273,0.00011789807467721403,0.8545514941215515,14.480251,14.537060260772705
293,11.525505065917969,0.8553618,0.8547165393829346,0.00019958602206315845,0.8545944690704346,14.463818,14.528346061706543
294,11.563570976257324,0.8553896,0.8548709750175476,0.0002579186111688614,0.8546133637428284,14.4610405,14.51290249824524
295,11.60254454612732,0.855541,0.8551410436630249,0.00011755416198866442,0.8548908233642578,14.445901,14.48589563369751
296,11.642732381820679,0.8555494,0.8552529215812683,9.316524665337056e-05,0.8551805019378662,14.445061,14.474707841873169
297,11.683248281478882,0.8556336,0.8553324937820435,0.00012428087939042598,0.855223536491394,14.436638,14.466750621795654
298,11.723724126815796,0.855672,0.8554473519325256,9.582831989973783e-05,0.8552472591400146,14.4328,14.455264806747437
299,11.763494491577148,0.8558696,0.8555437326431274,4.775690467795357e-05,0.8554903268814087,14.413041,14.445626735687256
300,11.802865982055664,0.85592794,0.8555834889411926,7.23472548997961e-05,0.8555395007133484,14.407206,14.441651105880737
301,11.842496633529663,0.8559992,0.8556462526321411,0.00010041273344540969,0.8555494546890259,14.400083,14.435374736785889
302,11.896706104278564,0.85609615,0.8557412028312683,0.0001044758246280253,0.8556259274482727,14.390385,14.425879716873169
303,11.938499212265015,0.85615045,0.8558523654937744,0.00010037900210591033,0.8557276725769043,14.384955,14.414763450622559
304,11.97968864440918,0.85618675,0.8559525012969971,8.410609007114545e-05,0.8558449149131775,14.381325,14.404749870300293
305,12.018791675567627,0.85621226,0.856038510799408,6.615498568862677e-05,0.8559451699256897,14.378775,14.396148920059204
306,12.059152126312256,0.8564262,0.8561080694198608,4.8048623284557834e-05,0.8560321927070618,14.357382,14.389193058013916
307,12.098340511322021,0.8564262,0.856147050857544,4.016986713395454e-05,0.8561046123504639,14.357382,14.385294914245605
308,12.12912654876709,0.8566015,0.8561854958534241,5.760691419709474e-05,0.8561360836029053,14.339852,14.381450414657593
309,12.167124509811401,0.8567069,0.8562286496162415,9.456717816647142e-05,0.8561757802963257,14.3293085,14.377135038375854
310,12.206820964813232,0.8569286,0.8562940955162048,0.00014323821233119816,0.8561934232711792,14.307141,14.370590448379517
311,12.246314525604248,0.8569286,0.856414258480072,0.00017732624837663025,0.8562122583389282,14.307141,14.358574151992798
312,12.280553817749023,0.8570458,0.8565844893455505,0.00014775652380194515,0.8564261794090271,14.295417,14.341551065444946
313,12.32395601272583,0.8570458,0.8567030429840088,0.00015144124336075038,0.8565282225608826,14.295417,14.329695701599121
314,12.358956336975098,0.8571063,0.8568528294563293,0.0001314754190389067,0.8566590547561646,14.289368,14.314717054367065
315,12.398310661315918,0.8571313,0.8569817543029785,5.943486394244246e-05,0.8569133281707764,14.28687,14.301824569702148
316,12.436472415924072,0.8571313,0.8570380210876465,4.308451389078982e-05,0.8569676876068115,14.28687,14.296197891235352
317,12.469302415847778,0.8571354,0.8570787310600281,2.568596573837567e-05,0.8570454716682434,14.286459,14.292126893997192
318,12.508364915847778,0.85719365,0.8571048974990845,1.8227177861263044e-05,0.8570805788040161,14.280635,14.289510250091553
319,12.54794979095459,0.8572239,0.8571216464042664,1.9492028513923287e-05,0.8571004867553711,14.277607,14.287835359573364
320,12.587271451950073,0.85726404,0.8571414351463318,2.4423041395493783e-05,0.8571195602416992,14.273596,14.285856485366821
321,12.626206398010254,0.8572664,0.8571603894233704,2.8027319785906002e-05,0.8571313619613647,14.273357,14.283961057662964
322,12.665154933929443,0.8573587,0.8571862578392029,3.3964028261834756e-05,0.8571518659591675,14.264131,14.281374216079712
323,12.703601360321045,0.8573587,0.8572170734405518,3.69734043488279e-05,0.8571807742118835,14.264131,14.278292655944824
324,12.738145112991333,0.85741067,0.8572525382041931,4.3225780245848e-05,0.8572011590003967,14.258933,14.274746179580688
325,12.779030561447144,0.8574566,0.8572974801063538,4.393296330817975e-05,0.85725337266922,14.254337,14.270251989364624
326,12.819490671157837,0.8574826,0.8573426008224487,5.202537795412354e-05,0.8572841882705688,14.251739,14.265739917755127
327,12.858890295028687,0.8576071,0.8574029207229614,4.97569126309827e-05,0.8573319911956787,14.239287,14.259707927703857
328,12.899444818496704,0.8576416,0.8574596643447876,5.047349623055197e-05,0.8573957681655884,14.235842,14.25403356552124
329,12.939160346984863,0.85765207,0.8575131893157959,5.022963887313381e-05,0.8574509620666504,14.234793,14.24868106842041
330,12.980116367340088,0.85768104,0.8575690388679504,4.6487584768328816e-05,0.8575081825256348,14.231896,14.243096113204956
331,13.01962685585022,0.85783577,0.8576197624206543,3.2530322641832754e-05,0.8575655817985535,14.216423,14.23802375793457
332,13.058805465698242,0.85783714,0.8576489090919495,3.0160512324073352e-05,0.8576204180717468,14.216286,14.235109090805054
333,13.098175525665283,0.8579716,0.8576797842979431,5.468555900733918e-05,0.8576448559761047,14.202839,14.232021570205688
334,13.136251211166382,0.85802865,0.8577263355255127,8.720997720956802e-05,0.8576629161834717,14.197135,14.22736644744873
335,13.175448179244995,0.85805,0.8577989935874939,0.00010686190944397822,0.8576841354370117,14.195002,14.22010064125061
336,13.213141918182373,0.8580984,0.8579055070877075,7.180216925917193e-05,0.857780933380127,14.190161,14.209449291229248
337,13.252124786376953,0.8581424,0.8579705953598022,4.3922449549427256e-05,0.857913076877594,14.185762,14.202940464019775
338,13.290968418121338,0.85818803,0.8580131530761719,4.1937095375033095e-05,0.8579676747322083,14.181196,14.198684692382812
339,13.330029249191284,0.85824144,0.8580553531646729,4.663621439249255e-05,0.8580089211463928,14.175856,14.194464683532715
340,13.368001461029053,0.8582416,0.8580990433692932,5.0318383728154004e-05,0.8580397963523865,14.175838,14.190095663070679
341,13.407181739807129,0.858346,0.8581538200378418,5.124061499373056e-05,0.8580894470214844,14.165401,14.18461799621582
342,13.446194171905518,0.8583643,0.8582062125205994,5.367459380067885e-05,0.8581423759460449,14.163571,14.179378747940063
343,13.486863374710083,0.8584365,0.8582575917243958,5.152814628672786e-05,0.8581915497779846,14.156347,14.174240827560425
344,13.525811910629272,0.85851413,0.8583075404167175,5.515128214028664e-05,0.8582415580749512,14.148587,14.169245958328247
345,13.565338850021362,0.85851413,0.8583613634109497,4.8626374336890876e-05,0.8582996129989624,14.148587,14.16386365890503
346,13.597606420516968,0.85855156,0.858409583568573,4.835630898014642e-05,0.8583518862724304,14.144844,14.1590416431427
347,13.635156154632568,0.8585658,0.8584619164466858,4.0339407860301435e-05,0.858407735824585,14.143419,14.153808355331421
348,13.674309253692627,0.8586607,0.858506441116333,4.163222183706239e-05,0.8584521412849426,14.13393,14.1493558883667
349,13.712881326675415,0.8586735,0.8585513234138489,3.7879399314988405e-05,0.858500599861145,14.132648,14.144867658615112
350,13.753161907196045,0.85871196,0.8585892915725708,4.3666579585988075e-05,0.8585476279258728,14.128804,14.14107084274292
351,13.794710874557495,0.8587971,0.8586330413818359,4.2006031435448676e-05,0.8585690259933472,14.120293,14.136695861816406
352,13.83251166343689,0.8588269,0.8586777448654175,3.6687677493318915e-05,0.8586379885673523,14.117312,14.132225513458252
353,13.872015237808228,0.85885406,0.8587076663970947,4.394998541101813e-05,0.858668863773346,14.114594,14.129233360290527
354,13.911341667175293,0.8588567,0.8587439060211182,4.6443579776678234e-05,0.8586921691894531,14.114332,14.125609397888184
355,13.951450109481812,0.8589586,0.8587929010391235,4.308027928345837e-05,0.8587309122085571,14.104139,14.120709896087646
356,13.991384029388428,0.8589764,0.8588381409645081,4.3479692976688966e-05,0.8587895631790161,14.102358,14.116185903549194
357,14.030150175094604,0.8590365,0.8588796854019165,4.4663935113931075e-05,0.8588254451751709,14.09635,14.11203145980835
358,14.06868290901184,0.8590365,0.85892254114151,3.445207403274253e-05,0.8588706254959106,14.09635,14.107745885848999
359,14.101488828659058,0.85910946,0.8589589595794678,3.3107324270531535e-05,0.8589207530021667,14.089054,14.104104042053223
360,14.140816926956177,0.8591321,0.8589907884597778,3.74222217942588e-05,0.8589574098587036,14.086789,14.100921154022217
361,14.179348945617676,0.8591956,0.8590254187583923,4.276128311175853e-05,0.8589783906936646,14.0804405,14.097458124160767
362,14.219202518463135,0.85919785,0.8590671420097351,3.925517376046628e-05,0.8590220808982849,14.0802145,14.09328579902649
363,14.258327722549438,0.8592361,0.8591047525405884,4.379232268547639e-05,0.859053373336792,14.076387,14.089524745941162
364,14.29707956314087,0.8592571,0.859150767326355,3.862980520352721e-05,0.859093427658081,14.074289,14.084923267364502
365,14.334984302520752,0.8592571,0.8591912984848022,2.7975411285297014e-05,0.8591526746749878,14.074289,14.080870151519775
366,14.367323398590088,0.85925925,0.859216034412384,2.2952524886932224e-05,0.8591852784156799,14.074076,14.078396558761597
367,14.406175374984741,0.85932165,0.8592394590377808,1.5274063116521575e-05,0.8592157363891602,14.067835,14.076054096221924
368,14.446139812469482,0.85936093,0.8592541813850403,1.2666231668845285e-05,0.8592401146888733,14.063907,14.074581861495972
369,14.485133647918701,0.85939014,0.8592649698257446,2.2595839254790917e-05,0.859254777431488,14.060986,14.073503017425537
370,14.523112297058105,0.8594249,0.8592801690101624,3.726674913195893e-05,0.8592565059661865,14.057511,14.071983098983765
371,14.561639785766602,0.8594476,0.8593112826347351,4.647839887184091e-05,0.8592592477798462,14.055241,14.06887173652649
372,14.599946022033691,0.8595228,0.8593572974205017,4.528311546891928e-05,0.8593015670776367,14.047718,14.064270257949829
373,14.63879656791687,0.85960144,0.8594093322753906,4.750765219796449e-05,0.8593497276306152,14.039856,14.059066772460938
374,14.677483081817627,0.8596338,0.8594567775726318,4.946852641296573e-05,0.8594056963920593,14.036619,14.054322242736816
375,14.718367338180542,0.8596537,0.8595048189163208,5.196121128392406e-05,0.859443187713623,14.034629,14.04951810836792
376,14.758215427398682,0.85977465,0.859555184841156,4.8868063458940014e-05,0.8594914078712463,14.022535,14.0444815158844
377,14.797590017318726,0.85977465,0.8596053123474121,4.1994986531790346e-05,0.8595447540283203,14.022535,14.039468765258789
378,14.830741882324219,0.8598012,0.8596450686454773,5.135176616022363e-05,0.8595921397209167,14.019882,14.03549313545227
379,14.871948719024658,0.85991615,0.8596973419189453,5.505411172634922e-05,0.8596324920654297,14.008385,14.030265808105469
380,14.91287636756897,0.86023676,0.8597608208656311,6.973339623073116e-05,0.8596959710121155,13.976324,14.02391791343689
381,14.952368974685669,0.8603688,0.8598304986953735,0.00010510758875170723,0.8597429394721985,13.963121,14.016950130462646
382,14.991639614105225,0.8603941,0.8599321842193604,0.0001502556260675192,0.8597875833511353,13.960588,14.006781578063965
383,15.030977725982666,0.8604156,0.8600741028785706,0.00017783041403163224,0.8599094152450562,13.958443,13.992589712142944
384,15.070819616317749,0.8604156,0.8602396845817566,0.00014759328041691333,0.8599671125411987,13.958443,13.97603154182434
385,15.104722499847412,0.8604455,0.8603678941726685,3.7462861655512825e-05,0.8602747917175293,13.95545,13.963210582733154
386,15.144187211990356,0.8604455,0.8603996634483337,1.717995837680064e-05,0.8603691458702087,13.95545,13.960033655166626
387,15.174794912338257,0.8604759,0.860415518283844,1.1142748007841874e-05,0.8604060411453247,13.95241,13.9584481716156
388,15.21399211883545,0.86048955,0.8604252934455872,1.841077028075233e-05,0.8604127168655396,13.951045,13.957470655441284
389,15.253050327301025,0.8604995,0.8604404330253601,2.5852596081676893e-05,0.8604155778884888,13.95005,13.95595669746399
390,15.293850183486938,0.86054945,0.8604652881622314,2.164598299714271e-05,0.8604426980018616,13.945055,13.953471183776855
391,15.332334518432617,0.86059344,0.8604878783226013,1.5019712009234354e-05,0.8604556322097778,13.940657,13.951212167739868
392,15.373095512390137,0.8605952,0.8605011701583862,2.2832602553535253e-05,0.8604894876480103,13.940477,13.949882984161377
393,15.412967205047607,0.8606243,0.860517680644989,3.357080277055502e-05,0.8604899048805237,13.937569,13.948231935501099
394,15.455073595046997,0.86067903,0.8605472445487976,3.643776653916575e-05,0.860499918460846,13.9320965,13.94527554512024
395,15.496719121932983,0.86070883,0.8605841398239136,3.05507164739538e-05,0.8605437874794006,13.929117,13.941586017608643
396,15.540301084518433,0.86075026,0.8606165051460266,2.822708665917162e-05,0.8605920672416687,13.924974,13.938349485397339
397,15.579259395599365,0.8609161,0.8606467843055725,3.973011553171091e-05,0.8606060743331909,13.908392,13.935321569442749
398,15.618403673171997,0.86092395,0.8606858253479004,5.93812255829107e-05,0.8606376051902771,13.907605,13.931417465209961
399,15.659004211425781,0.86107093,0.8607380390167236,8.234960114350542e-05,0.8606683015823364,13.892907,13.926196098327637
400,15.700029850006104,0.86115605,0.8608127236366272,0.00010345376358600333,0.8606934547424316,13.884396,13.91872763633728
401,15.739946603775024,0.86115605,0.8609151244163513,9.75211660261266e-05,0.860794723033905,13.884396,13.908487558364868
402,15.772451639175415,0.8613926,0.8610143065452576,9.681803203420714e-05,0.8609036803245544,13.860739,13.898569345474243
403,15.81237006187439,0.8614706,0.8611191511154175,9.440680150873959e-05,0.8609969615936279,13.8529415,13.888084888458252
404,15.850568294525146,0.86149967,0.8612099885940552,0.00010852784180315211,0.8611016869544983,13.850033,13.879001140594482
405,15.889431715011597,0.86155874,0.8613183498382568,0.00010932172153843567,0.8611737489700317,13.844127,13.868165016174316
406,15.928128004074097,0.86157286,0.8614341616630554,6.699036748614162e-05,0.8613077402114868,13.842714,13.856583833694458
407,15.966215133666992,0.86158735,0.8614971041679382,3.745513822650537e-05,0.8614420294761658,13.841266,13.850289583206177
408,16.004692554473877,0.8616515,0.8615347146987915,3.128099342575297e-05,0.861487865447998,13.834852,13.84652853012085
409,16.044097423553467,0.861712,0.8615666031837463,2.7566087737795897e-05,0.8615390658378601,13.828802,13.843339681625366
410,16.08271551132202,0.86173874,0.8615897297859192,3.834850576822646e-05,0.8615591526031494,13.826126,13.841027021408081
411,16.12171483039856,0.8618474,0.8616275787353516,5.445353963295929e-05,0.861573338508606,13.81526,13.837242126464844
412,16.160157203674316,0.8619209,0.861684262752533,6.547261000378057e-05,0.8616105318069458,13.807911,13.831573724746704
413,16.199474573135376,0.8620216,0.8617531657218933,6.779030081816018e-05,0.8616687059402466,13.797837,13.824683427810669
414,16.239802360534668,0.8620818,0.8618167638778687,8.190365770133212e-05,0.8617297410964966,13.791818,13.818323612213135
415,16.278562307357788,0.86222064,0.8618946075439453,8.786231774138287e-05,0.8617857098579407,13.777935,13.810539245605469
416,16.317893505096436,0.8622367,0.8619774580001831,8.08122058515437e-05,0.8618713021278381,13.776332,13.80225419998169
417,16.356629848480225,0.8624139,0.8620667457580566,7.737852138234302e-05,0.8619828224182129,13.758612,13.793325424194336
418,16.396196603775024,0.8624139,0.8621327877044678,8.099658589344472e-05,0.8620635271072388,13.758612,13.786721229553223
419,16.427557706832886,0.86242795,0.8622040748596191,8.558319677831605e-05,0.862084686756134,13.757205,13.779592514038086
420,16.46658444404602,0.86266965,0.8622768521308899,8.231456013163552e-05,0.8622161149978638,13.733035,13.77231478691101
421,16.505455255508423,0.86266965,0.8623480200767517,0.00010352294339099899,0.8622360229492188,13.733035,13.765197992324829
422,16.536766052246094,0.8627413,0.8624526858329773,9.694413893157616e-05,0.8623342514038086,13.725871,13.75473141670227
423,16.574891328811646,0.86283517,0.8625508546829224,0.00010632319754222408,0.8624138832092285,13.716483,13.744914531707764
424,16.61405348777771,0.8628655,0.8626565337181091,7.656522211618721e-05,0.8625363111495972,13.7134495,13.734346628189087
425,16.65214490890503,0.8628655,0.8627262711524963,5.7178760471288115e-05,0.8626695871353149,13.7134495,13.727372884750366
426,16.68513774871826,0.8629143,0.8627780675888062,5.018452793592587e-05,0.8627201318740845,13.708568,13.722193241119385
427,16.724106311798096,0.86310273,0.8628306984901428,3.799148908001371e-05,0.862779974937439,13.689727,13.716930150985718
428,16.764042139053345,0.86310273,0.8628636002540588,3.4367370972177014e-05,0.8628142476081848,13.689727,13.713639974594116
429,16.7968966960907,0.86329645,0.8628941774368286,5.3635019867215306e-05,0.8628584146499634,13.670355,13.710582256317139
430,16.834737300872803,0.86337835,0.8629417419433594,8.927381713874638e-05,0.8628697395324707,13.662166,13.705825805664062
431,16.874459266662598,0.86349076,0.8630152344703674,0.00014043072587810457,0.8629122972488403,13.650924,13.698476552963257
432,16.913621425628662,0.86349076,0.8631319999694824,0.0001467816618969664,0.8629454970359802,13.650924,13.686800003051758
433,16.947328805923462,0.86352074,0.8632665872573853,9.864548337645829e-05,0.8631073832511902,13.647926,13.673341274261475
434,16.98851227760315,0.86352074,0.8633648157119751,5.401460293796845e-05,0.8632845878601074,13.647926,13.66351842880249
435,17.022727966308594,0.86365324,0.8634093999862671,5.5980948673095554e-05,0.8633697032928467,13.634676,13.659060001373291
436,17.061402559280396,0.86366093,0.8634578585624695,6.033402678440325e-05,0.8633783459663391,13.633907,13.654214143753052
437,17.098482370376587,0.86384106,0.8635167479515076,3.922303221770562e-05,0.8634907603263855,13.615894,13.648325204849243
438,17.136741161346436,0.86397475,0.8635472655296326,7.424766954500228e-05,0.8635100722312927,13.602525,13.645273447036743
439,17.176735401153564,0.8639791,0.8636029362678528,0.00012050394434481859,0.8635203242301941,13.60209,13.639706373214722
440,17.216267585754395,0.8641173,0.8636946678161621,0.00014375576574821025,0.8635261058807373,13.588267,13.630533218383789
441,17.25738525390625,0.8641434,0.8638103604316711,0.00016750798386055976,0.8636609315872192,13.585663,13.618963956832886
442,17.29737877845764,0.86415064,0.8639755249023438,0.00013143065734766424,0.8636851906776428,13.584936,13.602447509765625
443,17.33611536026001,0.8641538,0.8640766143798828,6.28849447821267e-05,0.8639744520187378,13.5846195,13.592338562011719
444,17.37528657913208,0.86422086,0.8641287088394165,1.5068804714246653e-05,0.8641146421432495,13.577914,13.58712911605835
445,17.41477084159851,0.8642455,0.8641415238380432,1.8109170923708007e-05,0.8641219139099121,13.575453,13.585847616195679
446,17.45234704017639,0.86427796,0.864160418510437,2.9433382223942317e-05,0.8641427755355835,13.572205,13.583958148956299
447,17.49097490310669,0.864282,0.8641825914382935,4.3488202209118754e-05,0.8641495704650879,13.571798,13.581740856170654
448,17.529654026031494,0.86429393,0.8642165660858154,4.856352825299837e-05,0.8641559481620789,13.570606,13.578343391418457
449,17.56896185874939,0.8643888,0.8642650842666626,2.1098359866300598e-05,0.8642244935035706,13.561117,13.57349157333374
450,17.60774278640747,0.86438936,0.8642847537994385,1.890232124424074e-05,0.8642693758010864,13.561064,13.571524620056152
451,17.645583629608154,0.8644029,0.8642984628677368,3.095010470133275e-05,0.8642812967300415,13.559711,13.570153713226318
452,17.68436861038208,0.8644029,0.8643187880516052,4.143186015426181e-05,0.8642868995666504,13.559711,13.568121194839478
453,17.71666121482849,0.86440647,0.8643520474433899,4.265139432391152e-05,0.8642962574958801,13.559353,13.56479525566101
454,17.757357120513916,0.86441314,0.8643931150436401,7.66324137657648e-06,0.8643808364868164,13.558685,13.560688495635986
455,17.79910969734192,0.86441314,0.8644004464149475,5.5835839702922385e-06,0.8643893599510193,13.558685,13.559955358505249
456,17.830209970474243,0.8644203,0.8644052147865295,2.6133034225495066e-06,0.8644027709960938,13.55797,13.559478521347046
457,17.869389057159424,0.86442083,0.8644076585769653,3.4400711683701957e-06,0.8644055128097534,13.557917,13.559234142303467
458,17.907560110092163,0.86442083,0.8644096851348877,4.915428235108266e-06,0.8644064664840698,13.557917,13.55903148651123
459,17.939276456832886,0.86442083,0.8644130825996399,5.636427431454649e-06,0.8644065260887146,13.557917,13.55869174003601
460,17.970884084701538,0.86442846,0.8644186854362488,2.4265082174679264e-06,0.8644136786460876,13.557154,13.558131456375122
461,18.008420705795288,0.86444813,0.8644209504127502,2.2641129362455104e-06,0.8644198179244995,13.555187,13.557904958724976
462,18.074461221694946,0.86468923,0.8617909550666809,0.0022885361686348915,0.8564611673355103,13.531076,13.82090449333191
463,18.113000869750977,0.86468923,0.8637483716011047,0.000621564220637083,0.8625873327255249,13.531076,13.625162839889526
464,18.145306825637817,0.86469686,0.864320695400238,0.00029598537366837263,0.8637161254882812,13.5303135,13.567930459976196
465,18.18393874168396,0.86472756,0.8645840287208557,0.00010085773101309314,0.8644110560417175,13.527245,13.541597127914429
466,18.222200632095337,0.8647856,0.8646768927574158,2.9142116545699537e-05,0.8646215200424194,13.521439,13.532310724258423
467,18.260320901870728,0.8647856,0.8646946549415588,1.5113139852473978e-05,0.8646891117095947,13.521439,13.530534505844116
468,18.293461322784424,0.8650599,0.8647134304046631,6.408662738977e-05,0.8646892309188843,13.494009,13.528656959533691
469,18.332138061523438,0.86524814,0.8647681474685669,0.0001246594765689224,0.8646957874298096,13.475185,13.52318525314331
470,18.370285749435425,0.86546904,0.8648671507835388,0.000163751989020966,0.8647085428237915,13.453096,13.513284921646118
471,18.409111976623535,0.8654917,0.8650250434875488,0.0001338216825388372,0.8647856116294861,13.450831,13.497495651245117
472,18.450048685073853,0.86550355,0.865135669708252,0.0001253761729458347,0.8650599122047424,13.449645,13.486433029174805
473,18.49030566215515,0.8655183,0.8652191758155823,0.00016072562721092254,0.8650798797607422,13.448173,13.478082418441772
474,18.530460119247437,0.8655262,0.865355372428894,0.00013875332660973072,0.8651191592216492,13.44738,13.464462757110596
475,18.570244789123535,0.865556,0.8654855489730835,2.1823658244102262e-05,0.8654299974441528,13.4444,13.45144510269165
476,18.609872817993164,0.86564296,0.8655048608779907,1.8785623979056254e-05,0.8654859662055969,13.435703,13.449513912200928
477,18.648985624313354,0.8656576,0.8655217885971069,2.08459696295904e-05,0.8655035495758057,13.4342375,13.447821140289307
478,18.68945813179016,0.8656576,0.8655363321304321,2.292898716405034e-05,0.8655182719230652,13.4342375,13.446366786956787
479,18.721001863479614,0.86565983,0.8655544519424438,3.0289089409052394e-05,0.8655288219451904,13.434017,13.444554805755615
480,18.760621070861816,0.8656917,0.8655797243118286,3.701487366924994e-05,0.8655458688735962,13.430828,13.442027568817139
481,18.800459146499634,0.8656994,0.8656127452850342,3.7853991670999676e-05,0.8655612468719482,13.430059,13.438725471496582
482,18.83957052230835,0.865715,0.8656505346298218,2.4068134734989144e-05,0.8656090497970581,13.428497,13.434946537017822
483,18.87931513786316,0.86573607,0.8656741976737976,1.6406063878093846e-05,0.8656561374664307,13.4263935,13.43258023262024
484,18.918631315231323,0.8658314,0.865690290927887,1.872028224170208e-05,0.8656712770462036,13.4168625,13.430970907211304
485,18.958896160125732,0.86585236,0.8657076358795166,2.973663322336506e-05,0.8656888604164124,13.414764,13.42923641204834
486,18.995429277420044,0.86585236,0.8657300472259521,4.3403502786532044e-05,0.8656986355781555,13.414764,13.426995277404785
487,19.028990507125854,0.86597615,0.8657707571983337,5.470154428621754e-05,0.8657087087631226,13.402385,13.422924280166626
488,19.070088148117065,0.86597615,0.8658303618431091,3.9677219319855794e-05,0.865768313407898,13.402385,13.416963815689087
489,19.104363203048706,0.8659806,0.8658692836761475,4.459715273696929e-05,0.8658313751220703,13.4019375,13.413071632385254
490,19.143513441085815,0.86598605,0.8658999800682068,5.09013443661388e-05,0.8658509850502014,13.401395,13.410001993179321
491,19.183894872665405,0.86598676,0.8659495711326599,3.188801929354668e-05,0.8658636808395386,13.401323,13.405042886734009
492,19.222585201263428,0.8660615,0.865973949432373,9.982317351386882e-06,0.8659593462944031,13.393849,13.402605056762695
493,19.260590076446533,0.8660899,0.8659815788269043,1.2990241884835996e-05,0.865975022315979,13.391012,13.40184211730957
494,19.30557084083557,0.8660921,0.8659924864768982,2.8023034246871248e-05,0.8659798502922058,13.390791,13.40075135231018
495,19.354168176651,0.8660936,0.8660087585449219,4.0083399653667584e-05,0.865982711315155,13.390642,13.399124145507812
496,19.394188404083252,0.86614585,0.8660359382629395,4.751921369461343e-05,0.8659865260124207,13.385415,13.396406173706055
497,19.433456659317017,0.86614585,0.8660855293273926,1.18858279165579e-05,0.8660610914230347,13.385415,13.391447067260742
498,19.465391397476196,0.8662117,0.8660953640937805,1.3926337487646379e-05,0.8660884499549866,13.378829,13.390463590621948
499,19.504170656204224,0.8662205,0.8661036491394043,2.4057178961811587e-05,0.8660920858383179,13.377953,13.38963508605957
500,19.543391942977905,0.8663525,0.8661213517189026,4.3234231270616874e-05,0.8660935759544373,13.36475,13.387864828109741
501,19.581695556640625,0.86647594,0.8661543130874634,6.441436562454328e-05,0.8661001324653625,13.352406,13.384568691253662
502,19.620354652404785,0.8665147,0.8662155866622925,8.243053162004799e-05,0.8661333322525024,13.348532,13.378441333770752
503,19.6586856842041,0.8665208,0.866294264793396,8.716373849892989e-05,0.8662117123603821,13.347918,13.3705735206604
504,19.697117805480957,0.86653095,0.866387665271759,6.838847184553742e-05,0.8662595152854919,13.346905,13.361233472824097
505,19.737364292144775,0.8665329,0.866447925567627,6.039818254066631e-05,0.8663617372512817,13.346708,13.355207443237305
506,19.776478052139282,0.8665367,0.8665027618408203,1.9853947378578596e-05,0.8664763569831848,13.346333,13.349723815917969
507,19.815025329589844,0.86657035,0.8665217757225037,9.02237843547482e-06,0.8664968609809875,13.342964,13.347822427749634
508,19.85519313812256,0.86657125,0.8665302395820618,7.501623258576728e-06,0.8665207028388977,13.3428755,13.346976041793823
509,19.893112421035767,0.8665738,0.866536557674408,9.481551387580112e-06,0.8665294051170349,13.342619,13.346344232559204
510,19.9297297000885,0.8665843,0.8665439486503601,1.4093291611061431e-05,0.8665341138839722,13.34157,13.34560513496399
511,19.968563556671143,0.8665843,0.866554856300354,1.6978461644612253e-05,0.8665366768836975,13.34157,13.3445143699646
512,20.001211643218994,0.8666375,0.8665732145309448,7.744218237348832e-06,0.8665581345558167,13.336247,13.342678546905518
513,20.039347410202026,0.8666437,0.8665814995765686,1.6735117242205888e-05,0.8665728569030762,13.335628,13.34185004234314
514,20.078762531280518,0.86665374,0.8665945529937744,2.5107810870395042e-05,0.8665751218795776,13.334626,13.340544700622559
515,20.117557764053345,0.86665726,0.8666197061538696,2.316388054168783e-05,0.8665805459022522,13.334274,13.338029384613037
516,20.155651330947876,0.8667117,0.8666414022445679,9.081937605515122e-06,0.866630494594574,13.328833,13.335859775543213
517,20.19538903236389,0.86724985,0.8666516542434692,4.2404844862176105e-05,0.866640567779541,13.275015,13.334834575653076
518,20.233460903167725,0.86726,0.8666741847991943,7.956912304507568e-05,0.8666437268257141,13.274002,13.332581520080566
519,20.273821353912354,0.86731887,0.8667313456535339,0.0001496472250437364,0.866645097732544,13.268113,13.326865434646606
520,20.339744091033936,0.8671371,0.863513708114624,0.002695695264264941,0.8566726446151733,13.286293,13.648629188537598
521,20.377467393875122,0.8672107,0.8658991456031799,0.0007380141178146005,0.8643641471862793,13.278932,13.410085439682007
522,20.41658043861389,0.867278,0.8665839433670044,0.0002865245915018022,0.8660383224487305,13.272202,13.34160566329956
523,20.455313205718994,0.8674565,0.866828978061676,0.00021892038057558239,0.8665724992752075,13.254351,13.317102193832397
524,20.494902849197388,0.8674565,0.8670306205749512,0.00020001771918032318,0.8667405247688293,13.254351,13.296937942504883
525,20.524881601333618,0.8675251,0.8672463297843933,9.812643838813528e-05,0.8670912384986877,13.24749,13.275367021560669
526,20.5640127658844,0.8675251,0.8673384785652161,8.574591629439965e-05,0.8672370910644531,13.24749,13.266152143478394
527,20.59724450111389,0.8675647,0.8674134612083435,7.61296832934022e-05,0.8673160076141357,13.243532,13.25865387916565
528,20.637866258621216,0.8675774,0.867486298084259,4.1368297388544306e-05,0.8673931360244751,13.242263,13.251370191574097
529,20.678632974624634,0.86759645,0.8675263524055481,2.1851452402188443e-05,0.867490828037262,13.2403555,13.24736475944519
530,20.7198429107666,0.867856,0.8675464987754822,3.055026172660291e-05,0.8675210475921631,13.214397,13.245350122451782
531,20.761373043060303,0.86788857,0.8675751686096191,4.591916149365716e-05,0.8675372004508972,13.2111435,13.242483139038086
532,20.801685333251953,0.8679765,0.8676139712333679,9.101597242988646e-05,0.8675709962844849,13.202352,13.238602876663208
533,20.839083671569824,0.86800706,0.8676749467849731,0.00013438671885523945,0.8675766587257385,13.199293,13.232505321502686
534,20.87801456451416,0.86800706,0.8677828311920166,0.0001496166514698416,0.8676061034202576,13.199293,13.22171688079834
535,20.910145044326782,0.8680129,0.8679279088973999,3.961583206546493e-05,0.8678785562515259,13.1987095,13.20720911026001
536,20.948757648468018,0.8680129,0.867963969707489,2.624936132633593e-05,0.8679288029670715,13.1987095,13.203603029251099
537,20.98150110244751,0.8680183,0.867987871170044,1.687235271674581e-05,0.867965579032898,13.198167,13.201212882995605
538,21.021807193756104,0.86807823,0.8680053949356079,7.5743992056231946e-06,0.8679891228675842,13.192177,13.199460506439209
539,21.061949253082275,0.86807823,0.8680106997489929,8.416411219513975e-06,0.8680068254470825,13.192177,13.198930025100708
540,21.094889402389526,0.8680801,0.8680168986320496,1.606241312401835e-05,0.8680083155632019,13.191992,13.198310136795044
541,21.134854078292847,0.86814445,0.8680279850959778,2.562081499490887e-05,0.8680129051208496,13.1855545,13.197201490402222
542,21.17498278617859,0.86815864,0.8680462837219238,3.4234559279866517e-05,0.8680183291435242,13.184136,13.195371627807617
543,21.215588092803955,0.8682237,0.8680791258811951,3.4797729313140735e-05,0.8680195212364197,13.177628,13.192087411880493
544,21.255418062210083,0.8682342,0.868108332157135,4.4119005906395614e-05,0.8680800795555115,13.1765785,13.189166784286499
545,21.29451060295105,0.86823684,0.86814284324646,5.847755164722912e-05,0.8680879473686218,13.176316,13.185715675354004
546,21.334317445755005,0.86823684,0.8682040572166443,3.390084020793438e-05,0.8681456446647644,13.176316,13.179594278335571
547,21.365773916244507,0.8682369,0.8682297468185425,3.917940830433508e-06,0.8682226538658142,13.17631,13.177025318145752
548,21.40554666519165,0.8682369,0.8682330846786499,2.396940772086964e-06,0.8682298064231873,13.17631,13.17669153213501
549,21.439033269882202,0.8682373,0.8682354688644409,1.0731072279668297e-06,0.8682337999343872,13.176269,13.176453113555908
550,21.47911834716797,0.8682373,0.8682365417480469,4.073560546657973e-07,0.8682357668876648,13.176269,13.176345825195312
551,21.510929584503174,0.8682375,0.8682368397712708,1.9573818121898512e-07,0.8682367205619812,13.17625,13.176316022872925
552,21.550224542617798,0.86823785,0.8682370185852051,2.44235963009487e-07,0.8682368397712708,13.176214,13.176298141479492
553,21.589475393295288,0.86823785,0.868237316608429,2.2447672165526456e-07,0.8682368993759155,13.176214,13.176268339157104
554,21.621045351028442,0.86827934,0.8682377338409424,2.6588354558043648e-06,0.868237316608429,13.172066,13.176226615905762
555,21.6599862575531,0.86827934,0.8682382702827454,5.250076810625615e-06,0.8682374954223633,13.172066,13.176172971725464
556,21.693570375442505,0.86830467,0.8682407140731812,1.0353126526752021e-05,0.8682376742362976,13.169533,13.175928592681885
557,21.73315119743347,0.86830467,0.8682460188865662,1.649086880206596e-05,0.8682378530502319,13.169533,13.175398111343384
558,21.76598334312439,0.86833787,0.8682571053504944,2.2033769710105844e-05,0.8682378530502319,13.166213,13.174289464950562
559,21.804782390594482,0.8683382,0.8682786226272583,1.867738137661945e-05,0.8682506680488586,13.166178,13.17213773727417
560,21.844428300857544,0.86838526,0.8682982325553894,2.138966192433145e-05,0.8682793378829956,13.161474,13.17017674446106
561,21.889705181121826,0.8684032,0.8683217763900757,2.504328585928306e-05,0.8682908415794373,13.15968,13.167822360992432
562,21.938586473464966,0.86841077,0.8683468103408813,2.0893900000373833e-05,0.8683134317398071,13.158923,13.165318965911865
563,21.98236393928528,0.8684112,0.8683640956878662,2.0543877326417714e-05,0.868337869644165,13.158882,13.163590431213379
564,22.022199153900146,0.86841255,0.8683839440345764,1.592209991940763e-05,0.8683632612228394,13.158745,13.161605596542358
565,22.06071972846985,0.86841255,0.8683993816375732,1.0586003554635681e-05,0.8683852553367615,13.158745,13.160061836242676
566,22.09231948852539,0.8688015,0.8684105277061462,2.5094002921832725e-05,0.8684031963348389,13.119852,13.158947229385376
567,22.131225109100342,0.8688591,0.8684259653091431,7.248322071973234e-05,0.8684107065200806,13.114089,13.157403469085693
568,22.17006802558899,0.8688591,0.8684585094451904,0.00012405829329509288,0.8684111833572388,13.114089,13.154149055480957
569,22.202990531921387,0.8688594,0.8685274720191956,0.00017519417451694608,0.8684125542640686,13.114059,13.147252798080444
570,22.244552850723267,0.8688722,0.8686720132827759,0.00018029360217042267,0.8684152960777283,13.112778,13.132798671722412
571,22.28662872314453,0.8688768,0.8688141107559204,2.7594614948611706e-05,0.8687876462936401,13.112318,13.118588924407959
572,22.329249620437622,0.8688828,0.8688346147537231,2.8146334443590604e-05,0.8688017129898071,13.111723,13.116538524627686
573,22.36907935142517,0.8688828,0.8688638806343079,8.507758138875943e-06,0.8688399195671082,13.111723,13.113611936569214
574,22.403624534606934,0.8689038,0.8688715100288391,6.576172381755896e-06,0.8688597679138184,13.109618,13.112848997116089
575,22.44270944595337,0.8689038,0.8688767552375793,4.324436758906813e-06,0.8688722848892212,13.109618,13.112324476242065
576,22.475741386413574,0.8689177,0.8688803315162659,6.196076810738305e-06,0.8688756227493286,13.10823,13.111966848373413
577,22.51401996612549,0.8689247,0.86888587474823,9.866897926258389e-06,0.8688791990280151,13.1075325,13.111412525177002
578,22.553194046020508,0.86892503,0.868894100189209,1.4762927094125189e-05,0.8688827753067017,13.107496,13.110589981079102
579,22.591366291046143,0.8689264,0.8689060807228088,1.5630354027962312e-05,0.868884265422821,13.107359,13.109391927719116
580,22.631080389022827,0.868927,0.8689207434654236,4.010805241705384e-06,0.8689122796058655,13.1073,13.107925653457642
581,22.66966724395752,0.86892736,0.8689246773719788,1.3751845244769356e-06,0.8689205050468445,13.107264,13.107532262802124
582,22.710628032684326,0.86892736,0.8689257502555847,8.141536227412871e-07,0.8689246773719788,13.107264,13.107424974441528
583,22.744161367416382,0.86892736,0.8689265251159668,5.317681939231989e-07,0.8689254522323608,13.107264,13.10734748840332
584,22.775798559188843,0.86897075,0.8689272403717041,2.787330458886572e-06,0.8689267635345459,13.102924,13.10727596282959
585,22.81612467765808,0.86897075,0.8689274787902832,3.901241143466905e-06,0.8689267635345459,13.102924,13.10725212097168
586,22.847575902938843,0.86898696,0.8689293265342712,9.954338565876242e-06,0.8689273595809937,13.101303,13.107067346572876
587,22.886882305145264,0.8689872,0.8689343929290771,1.8010754502029158e-05,0.8689273595809937,13.10128,13.106560707092285
588,22.92651391029358,0.8689872,0.8689438104629517,2.518600012990646e-05,0.8689273595809937,13.10128,13.105618953704834
589,22.958314418792725,0.86903024,0.8689623475074768,2.7440270059742033e-05,0.8689273595809937,13.096976,13.10376524925232
590,22.99716329574585,0.86903024,0.8689860701560974,4.607378741638968e-06,0.8689802885055542,13.096976,13.101392984390259
591,23.02811288833618,0.8690989,0.8689898252487183,1.2950776181241963e-05,0.8689872026443481,13.09011,13.101017475128174
592,23.066219091415405,0.8691056,0.8689965605735779,2.5299546905444004e-05,0.8689872026443481,13.089442,13.100343942642212
593,23.105257987976074,0.8691071,0.8690140247344971,4.165007339906879e-05,0.8689872026443481,13.089287,13.098597526550293
594,23.144431829452515,0.8691071,0.8690504431724548,4.522906237980351e-05,0.8689872026443481,13.089287,13.094955682754517
595,23.176316261291504,0.8691071,0.8690918684005737,2.1233658117125742e-05,0.8690453767776489,13.089287,13.090813159942627
596,23.208215475082397,0.8691573,0.8691059350967407,3.824633040494518e-06,0.8691014647483826,13.084269,13.089406490325928
597,23.24913501739502,0.86916715,0.8691075444221497,6.44066312815994e-06,0.8691055774688721,13.083285,13.089245557785034
598,23.289448261260986,0.86917096,0.8691105842590332,1.1800431821029633e-05,0.8691068887710571,13.082904,13.08894157409668
599,23.32857871055603,0.8691817,0.8691174387931824,2.025393769145012e-05,0.8691071271896362,13.081831,13.088256120681763
600,23.394933938980103,0.8693073,0.8658756017684937,0.00278256693854928,0.8597012758255005,13.069272,13.412439823150635
601,23.433489084243774,0.8693073,0.8682554960250854,0.0007966478005982935,0.8666971921920776,13.069272,13.174450397491455
602,23.463892698287964,0.86932904,0.8689749836921692,0.00020645293989218771,0.8685353994369507,13.067097,13.102501630783081
603,23.504596948623657,0.86936885,0.8691592216491699,9.407970355823636e-05,0.8690125346183777,13.063115,13.084077835083008
604,23.54465079307556,0.86939734,0.8692523241043091,6.443280290113762e-05,0.8691784143447876,13.060266,13.074767589569092
605,23.583457708358765,0.8694008,0.8693179488182068,3.1949752155924216e-05,0.8692399859428406,13.05992,13.068205118179321
606,23.621843099594116,0.8694624,0.8693439960479736,3.195142562617548e-05,0.869307279586792,13.053762,13.065600395202637
607,23.660009622573853,0.86946297,0.8693758845329285,2.060822407656815e-05,0.8693332672119141,13.053703,13.062411546707153
608,23.699602365493774,0.8694777,0.8693908452987671,3.0420911571127363e-05,0.869368851184845,13.052231,13.060915470123291
609,23.738492965698242,0.8694813,0.869422435760498,3.511919567245059e-05,0.8693847060203552,13.0518675,13.057756423950195
610,23.779651880264282,0.86949766,0.8694556355476379,2.5813755200942978e-05,0.8694007992744446,13.050234,13.054436445236206
611,23.81968879699707,0.86951447,0.8694725036621094,9.459779903409071e-06,0.8694623708724976,13.048553,13.052749633789062
612,23.859819412231445,0.86951447,0.86948162317276,8.735611118027009e-06,0.8694756031036377,13.048553,13.051837682723999
613,23.892715454101562,0.86951995,0.8694875836372375,1.234886804013513e-05,0.8694781064987183,13.048005,13.051241636276245
614,23.934276342391968,0.86956644,0.8694964051246643,1.4390247088158503e-05,0.8694813251495361,13.043356,13.05035948753357
615,23.973080158233643,0.86959183,0.8695111274719238,1.0641583685355727e-05,0.8694976568222046,13.040817,13.048887252807617
616,24.012913703918457,0.869752,0.8695202469825745,2.2677635570289567e-05,0.8695127367973328,13.024801,13.047975301742554
617,24.05174970626831,0.86976993,0.8695358633995056,4.546905984170735e-05,0.8695144653320312,13.023006,13.046413660049438
618,24.091392993927002,0.8698833,0.869571328163147,7.954300235724077e-05,0.8695181012153625,13.01167,13.042867183685303
619,24.131582498550415,0.8698833,0.8696406483650208,9.597797907190397e-05,0.8695297241210938,13.01167,13.035935163497925
620,24.16462993621826,0.8698917,0.8697272539138794,9.758277155924588e-05,0.8696007132530212,13.01083,13.02727460861206
621,24.20418095588684,0.8699717,0.8698233366012573,5.369780046748929e-05,0.8697512745857239,13.0028305,13.017666339874268
622,24.2430899143219,0.8699781,0.8698753118515015,2.77474318863824e-05,0.8698228597640991,13.002193,13.012468814849854
623,24.282326221466064,0.86998326,0.8699005246162415,2.962649887194857e-05,0.8698766827583313,13.001675,13.009947538375854
624,24.32135534286499,0.87002814,0.869924008846283,3.6989582440583035e-05,0.8698840141296387,12.997187,13.007599115371704
625,24.360920429229736,0.8700416,0.8699654340744019,3.17886151606217e-05,0.8699236512184143,12.995839,13.003456592559814
626,24.40003728866577,0.87004334,0.8699984550476074,2.4339706214959733e-05,0.8699713349342346,12.9956665,13.000154495239258
627,24.439064741134644,0.8700435,0.8700234293937683,1.3045625564700458e-05,0.8699837923049927,12.995648,12.997657060623169
628,24.47818374633789,0.8700439,0.8700331449508667,5.282252914184937e-06,0.8700244426727295,12.995613,12.99668550491333
629,24.517338037490845,0.8700813,0.8700383305549622,5.1867373258573934e-06,0.8700314164161682,12.991869,12.996166944503784
630,24.556305170059204,0.8700893,0.8700430393218994,8.768352927290834e-06,0.8700380325317383,12.991071,12.995696067810059
631,24.59547734260559,0.87010145,0.8700484037399292,1.3238231986179017e-05,0.8700416088104248,12.989855,12.99515962600708
632,24.634708642959595,0.87010145,0.8700557947158813,1.8990383978234604e-05,0.8700435161590576,12.989855,12.994420528411865
633,24.666263818740845,0.87014055,0.8700714111328125,2.105512066918891e-05,0.870043933391571,12.985945,12.99285888671875
634,24.70618462562561,0.87022024,0.8700911402702332,1.3209242752054706e-05,0.8700813055038452,12.977976,12.990885972976685
635,24.74706268310547,0.87022024,0.8700994849205017,2.1377256416599266e-05,0.8700891733169556,12.977976,12.990051507949829
636,24.77986431121826,0.87066853,0.8701152801513672,4.658543912228197e-05,0.8700895309448242,12.933147,12.988471984863281
637,24.819361686706543,0.8707345,0.8701595664024353,0.00010706107423175126,0.8701014518737793,12.926549,12.98404335975647
638,24.85874629020691,0.87074894,0.8702365159988403,0.00018286413978785276,0.870146632194519,12.925106,12.976348400115967
639,24.895491361618042,0.8707935,0.8703721165657043,0.00025032382109202445,0.8701527714729309,12.920648,12.962788343429565
640,24.934213876724243,0.870797,0.8705857992172241,0.00021567872317973524,0.870219886302948,12.920302,12.941420078277588
641,24.97392201423645,0.8707983,0.8707385063171387,3.0472367143374868e-05,0.8706814646720886,12.920171,12.926149368286133
642,25.013725757598877,0.87084043,0.8707643151283264,2.674562347237952e-05,0.8707279562950134,12.9159565,12.923568487167358
643,25.052650928497314,0.87086797,0.8707910180091858,1.1335583621985279e-05,0.8707687854766846,12.913203,12.920898199081421
644,25.090703010559082,0.8709246,0.8708012700080872,1.9751214495045133e-05,0.8707916140556335,12.907541,12.919872999191284
645,25.131398916244507,0.87097776,0.8708178400993347,4.029132833238691e-05,0.8707941770553589,12.902224,12.918215990066528
646,25.171062469482422,0.87110955,0.8708489537239075,5.7969853514805436e-05,0.8707990050315857,12.889046,12.915104627609253
647,25.210618495941162,0.87110955,0.8709054589271545,5.8020254073198885e-05,0.870834469795227,12.889046,12.909454107284546
648,25.243143796920776,0.87113875,0.8709704875946045,5.314676309353672e-05,0.8709165453910828,12.886125,12.90295124053955
649,25.284351348876953,0.87115365,0.871026873588562,5.800103463116102e-05,0.8709588050842285,12.884635,12.897312641143799
650,25.32432770729065,0.8712186,0.8710880875587463,3.5769891837844625e-05,0.871012806892395,12.878138,12.891191244125366
651,25.366729974746704,0.87152374,0.871124267578125,4.1969546145992354e-05,0.8710873126983643,12.847626,12.8875732421875
652,25.407220125198364,0.8715555,0.8711625337600708,8.185943443095312e-05,0.8711142539978027,12.844449,12.88374662399292
653,25.448348999023438,0.87155575,0.871230959892273,0.0001269303756998852,0.8711439967155457,12.844425,12.876904010772705
654,25.488996982574463,0.87155825,0.8713279962539673,0.00014987912436481565,0.8711536526679993,12.844175,12.867200374603271
655,25.528098821640015,0.87158,0.8714712858200073,8.608199277659878e-05,0.871343731880188,12.841999,12.852871417999268
656,25.567559957504272,0.8716063,0.8715476989746094,1.5924115359666757e-05,0.8715237379074097,12.839371,12.845230102539062
657,25.608532190322876,0.87161183,0.8715611100196838,1.1095101399405394e-05,0.8715554475784302,12.838817,12.843888998031616
658,25.64837670326233,0.87163395,0.8715706467628479,1.8330043531022966e-05,0.8715566396713257,12.836605,12.84293532371521
659,25.689398288726807,0.87163395,0.8715882897377014,1.8433702280162834e-05,0.8715593814849854,12.836605,12.841171026229858
660,25.72182846069336,0.87163734,0.8716059923171997,1.5086066014191601e-05,0.8715800046920776,12.836266,12.83940076828003
661,25.761456966400146,0.87164253,0.8716167211532593,9.211771612172015e-06,0.8716109395027161,12.835747,12.838327884674072
662,25.801005125045776,0.8716431,0.871623158454895,1.0905331691901665e-05,0.8716117739677429,12.835688,12.837684154510498
663,25.840742111206055,0.87175715,0.8716351985931396,9.953650987881701e-06,0.8716288805007935,12.8242855,12.836480140686035
664,25.879457235336304,0.87175715,0.8716385364532471,1.5678377167205326e-05,0.8716339468955994,12.8242855,12.836146354675293
665,25.911917209625244,0.87179446,0.8716477155685425,2.830890480254311e-05,0.8716343641281128,12.820554,12.835228443145752
666,25.950518369674683,0.8718055,0.8716687560081482,4.556886779027991e-05,0.8716380596160889,12.819451,12.83312439918518
667,25.990124940872192,0.87191474,0.8717058300971985,5.636994319502264e-05,0.8716452121734619,12.808525,12.829416990280151
668,26.02920150756836,0.8719151,0.8717629909515381,4.8560879804426804e-05,0.8717015981674194,12.80849,12.823700904846191
669,26.06657075881958,0.87193084,0.8718140721321106,4.9029076762963086e-05,0.8717571496963501,12.806916,12.81859278678894
670,26.10453224182129,0.87204707,0.8718581795692444,4.608558811014518e-05,0.871796190738678,12.795294,12.814182043075562
671,26.14319348335266,0.8720624,0.8718988299369812,3.424796159379184e-05,0.8718628883361816,12.793761,12.81011700630188
672,26.18217372894287,0.8720624,0.8719304203987122,3.3110387448687106e-05,0.8719142079353333,12.793761,12.806957960128784
673,26.213867902755737,0.87209845,0.8719520568847656,4.744913530885242e-05,0.8719184398651123,12.790155,12.804794311523438
674,26.253661632537842,0.87216413,0.8719895482063293,5.881595643586479e-05,0.8719305396080017,12.7835865,12.801045179367065
675,26.294023275375366,0.87221843,0.8720511198043823,5.025285645388067e-05,0.871978759765625,12.778157,12.794888019561768
676,26.335604429244995,0.87229663,0.8721041679382324,5.7793015002971515e-05,0.8720465302467346,12.770337,12.789583206176758
677,26.37609577178955,0.8723177,0.8721636533737183,5.75402555114124e-05,0.8720995187759399,12.768232,12.783634662628174
678,26.414889812469482,0.8723177,0.8722241520881653,4.566736606648192e-05,0.8721648454666138,12.768232,12.777584791183472
679,26.44616675376892,0.8723177,0.8722645044326782,3.6044177250005305e-05,0.8722180724143982,12.768232,12.773549556732178
680,26.477489709854126,0.8723217,0.8723015189170837,8.550784514227416e-06,0.872261643409729,12.767828,12.769848108291626
681,26.516838550567627,0.8725446,0.8723098039627075,1.6255024092970416e-05,0.872298538684845,12.745542,12.769019603729248
682,26.55616068840027,0.8725446,0.8723184466362,2.894572025979869e-05,0.8723093271255493,12.745542,12.768155336380005
683,26.58906364440918,0.87255824,0.8723286986351013,4.6685679990332574e-05,0.8723168969154358,12.744177,12.767130136489868
684,26.633100986480713,0.87255824,0.8723491430282593,7.59561444283463e-05,0.8723176717758179,12.744177,12.765085697174072
685,26.664774179458618,0.87256277,0.8723900318145752,0.00010419546742923558,0.8723214864730835,12.743723,12.76099681854248
686,26.704325675964355,0.87256277,0.8724664449691772,0.00010983210813719779,0.8723222017288208,12.743723,12.753355503082275
687,26.73720073699951,0.87293565,0.8725559115409851,2.454159221088048e-05,0.8725445866584778,12.706434,12.74440884590149
688,26.778447151184082,0.8731656,0.8725651502609253,5.629365477943793e-05,0.8725537061691284,12.683439,12.74348497390747
689,26.817861557006836,0.8731948,0.8725852966308594,0.00010591288446448743,0.8725582361221313,12.680519,12.741470336914062
690,26.8566153049469,0.87320465,0.8726359605789185,0.00018454183009453118,0.8725588917732239,12.679535,12.736403942108154
691,26.895636320114136,0.8732082,0.8727397322654724,0.0002602160384412855,0.8725627660751343,12.679177,12.726026773452759
692,26.934799432754517,0.87321466,0.8729477524757385,0.00027094664983451366,0.8725637793540955,12.678534,12.705224752426147
693,26.973679065704346,0.8732148,0.8731909990310669,1.5715660993009806e-05,0.8731604218482971,12.678522,12.68090009689331
694,27.018077611923218,0.87324107,0.8732044100761414,6.298865173448576e-06,0.8731971979141235,12.675894,12.679558992385864
695,27.059322118759155,0.8733211,0.8732106685638428,1.019220053422032e-05,0.8732022047042847,12.667889,12.678933143615723
696,27.097838640213013,0.8733211,0.8732180595397949,1.603590681042988e-05,0.8732085824012756,12.667889,12.678194046020508
697,27.129146575927734,0.8733283,0.873229444026947,2.561572728154715e-05,0.8732136487960815,12.667168,12.677055597305298
698,27.167829513549805,0.8733388,0.8732483386993408,3.296312934253365e-05,0.8732163906097412,12.666119,12.675166130065918
699,27.206032276153564,0.8733787,0.8732768893241882,3.3013631764333695e-05,0.8732404112815857,12.66213,12.672311067581177
700,27.245776653289795,0.8733787,0.8733087182044983,2.9540864488808438e-05,0.8732619285583496,12.66213,12.669128179550171
701,27.278104782104492,0.8733854,0.8733352422714233,1.8769911548588425e-05,0.873314380645752,12.661457,12.666475772857666
702,27.316587686538696,0.8733992,0.8733521699905396,1.7712305634631775e-05,0.873329758644104,12.66008,12.664783000946045
703,27.3558452129364,0.8733992,0.873369038105011,1.1517265193106141e-05,0.8733483552932739,12.66008,12.663096189498901
704,27.387800931930542,0.8734143,0.8733798861503601,6.034505531715695e-06,0.8733713030815125,12.658572,12.66201138496399
705,27.42624044418335,0.87344927,0.8733866214752197,1.1171835467393976e-05,0.8733786940574646,12.655073,12.661337852478027
706,27.465628385543823,0.8735069,0.8733964562416077,2.0991783458157443e-05,0.8733832836151123,12.649309,12.660354375839233
707,27.50680422782898,0.8735119,0.8734156489372253,3.4111460990970954e-05,0.8733870983123779,12.648809,12.658435106277466
708,27.54855990409851,0.8735125,0.8734492659568787,3.4702774428296834e-05,0.8733991980552673,12.648749,12.655073404312134
709,27.588435411453247,0.87351286,0.8734787702560425,2.5321523935417645e-05,0.8734405040740967,12.648714,12.652122974395752
710,27.62744903564453,0.87352586,0.8735020756721497,9.37239110498922e-06,0.873485803604126,12.647414,12.649792432785034
711,27.66727352142334,0.87352586,0.8735100030899048,3.2477407785336254e-06,0.8735049366950989,12.647414,12.648999691009521
712,27.700069665908813,0.8735279,0.8735131025314331,3.408343900446198e-06,0.8735108375549316,12.647211,12.64868974685669
713,27.74737524986267,0.8735847,0.8735157251358032,7.152002126531443e-06,0.8735120892524719,12.641531,12.648427486419678
714,27.795899152755737,0.8735847,0.8735201358795166,9.611645509721711e-06,0.873512864112854,12.641531,12.64798641204834
715,27.82635998725891,0.87360424,0.8735299706459045,1.323973719991045e-05,0.8735142946243286,12.639576,12.647002935409546
716,27.865670680999756,0.87361676,0.8735406398773193,2.000758468057029e-05,0.8735278844833374,12.638325,12.645936012268066
717,27.90416955947876,0.87362176,0.8735561966896057,2.735153611865826e-05,0.8735324144363403,12.637824,12.644380331039429
718,27.944260358810425,0.87362456,0.8735809326171875,2.7235955712967552e-05,0.8735449910163879,12.637544,12.64190673828125
719,27.982927560806274,0.87362456,0.87360680103302,1.038429491018178e-05,0.8735846877098083,12.637544,12.639319896697998
720,28.014080286026,0.8736251,0.873615026473999,8.043824891501572e-06,0.873604416847229,12.63749,12.638497352600098
721,28.053243398666382,0.8736885,0.8736226558685303,4.471592092158971e-06,0.8736187219619751,12.631148,12.637734413146973
722,28.09172248840332,0.8736885,0.8736245632171631,6.844456493126927e-06,0.873622477054596,12.631148,12.637543678283691
723,28.120961666107178,0.8736885,0.8736273646354675,1.2163199244241696e-05,0.8736237287521362,12.631148,12.637263536453247
724,28.151937246322632,0.8736915,0.8736329674720764,2.0210858565405942e-05,0.8736245632171631,12.63085,12.636703252792358
725,28.190606355667114,0.87369305,0.873645544052124,2.7509617211762816e-05,0.8736250996589661,12.630695,12.635445594787598
726,28.22990107536316,0.87369573,0.8736692667007446,2.4102047973428853e-05,0.8736286759376526,12.630426,12.633073329925537
727,28.269575119018555,0.87369573,0.8736885190010071,3.548371296346886e-06,0.8736818432807922,12.630426,12.631148099899292
728,28.30237627029419,0.87369573,0.8736917972564697,2.1558660137088737e-06,0.8736885190010071,12.630426,12.630820274353027
729,28.333892822265625,0.87372756,0.8736940026283264,2.8904139526275685e-06,0.8736920356750488,12.627244,12.630599737167358
730,28.37112045288086,0.87372756,0.8736956119537354,4.012237241113326e-06,0.8736937642097473,12.627244,12.630438804626465
731,28.40195369720459,0.87372756,0.8736976981163025,7.239801561809145e-06,0.8736951947212219,12.627244,12.630230188369751
732,28.432900428771973,0.873775,0.873702347278595,1.3286694411362987e-05,0.8736957311630249,12.622499,12.629765272140503
733,28.47190284729004,0.873775,0.873711109161377,1.8085935153067112e-05,0.8736957311630249,12.622499,12.628889083862305
734,28.504648447036743,0.8738056,0.8737286329269409,1.979712578759063e-05,0.8737016916275024,12.619442,12.627136707305908
735,28.54388737678528,0.8738123,0.8737460374832153,2.3573766156914644e-05,0.8737257719039917,12.618769,12.625396251678467
736,28.581926107406616,0.8740108,0.8737693428993225,2.6543179046711884e-05,0.873734176158905,12.59892,12.623065710067749
737,28.621145486831665,0.8740108,0.8737896680831909,2.4299304641317576e-05,0.8737711906433105,12.59892,12.621033191680908
738,28.652357816696167,0.8741773,0.8738089799880981,4.2797866626642644e-05,0.8737844228744507,12.582273,12.619102001190186
739,28.69017219543457,0.8742077,0.8738349080085754,8.560442074667662e-05,0.8738030791282654,12.579232,12.616509199142456
740,28.73116636276245,0.8742703,0.8738958239555359,0.00014838326023891568,0.8738072514533997,12.572968,12.610417604446411
741,28.77434229850769,0.87429154,0.8740097284317017,0.00018335589265916497,0.8738124370574951,12.570847,12.599027156829834
742,28.817201375961304,0.87429523,0.8741959929466248,5.739042171626352e-05,0.8740584254264832,12.570477,12.580400705337524
743,28.85849165916443,0.87429756,0.8742407560348511,3.1515064620180055e-05,0.8742028474807739,12.570244,12.575924396514893
744,28.898056507110596,0.8743102,0.8742690086364746,2.0882482203887776e-05,0.8742367625236511,12.56898,12.573099136352539
745,28.937936067581177,0.8743405,0.8742892146110535,8.567320946895052e-06,0.8742772936820984,12.565952,12.571078538894653
746,28.97550868988037,0.87434125,0.8742977380752563,1.1780547538364772e-05,0.8742896318435669,12.565875,12.570226192474365
747,29.0151526927948,0.8743448,0.8743073344230652,1.5332761904574e-05,0.8742920160293579,12.565517,12.569266557693481
748,29.055423736572266,0.8743501,0.8743215799331665,1.4426951565837953e-05,0.874301552772522,12.564993,12.56784200668335
749,29.095536470413208,0.8743509,0.8743356466293335,9.295803465647623e-06,0.8743197321891785,12.564909,12.56643533706665
750,29.135080814361572,0.8743535,0.8743439316749573,3.7589970816043206e-06,0.8743404746055603,12.564648,12.565606832504272
751,29.17334485054016,0.8743535,0.8743478059768677,3.156683760607848e-06,0.874343752861023,12.564648,12.565219402313232
752,29.20542287826538,0.87441033,0.8743511438369751,4.145188995607896e-06,0.8743500709533691,12.558967,12.56488561630249
753,29.24535632133484,0.8744757,0.8743537068367004,1.1184120012330823e-05,0.8743501901626587,12.552428,12.564629316329956
754,29.28439998626709,0.8744757,0.8743594884872437,1.9901968698832206e-05,0.874350905418396,12.552428,12.564051151275635
755,29.3157000541687,0.87451345,0.8743717074394226,3.294816633570008e-05,0.8743535280227661,12.5486555,12.56282925605774
756,29.354849815368652,0.87455225,0.8743975162506104,4.689169145422056e-05,0.8743541240692139,12.544775,12.560248374938965
757,29.394144296646118,0.8746514,0.874441921710968,5.167944254935719e-05,0.8743792772293091,12.5348625,12.555807828903198
758,29.43221616744995,0.87466544,0.8744987845420837,4.624119173968211e-05,0.8744267225265503,12.533456,12.550121545791626
759,29.472288846969604,0.87472034,0.8745447993278503,5.186213456909172e-05,0.8744785189628601,12.5279665,12.545520067214966
760,29.512528896331787,0.87476045,0.8745937943458557,5.1531980716390535e-05,0.8745286464691162,12.523955,12.540620565414429
761,29.550434827804565,0.8747729,0.8746479749679565,4.226288365316577e-05,0.8745821118354797,12.522709,12.535202503204346
762,29.591395378112793,0.8748398,0.8746874332427979,3.908593498636037e-05,0.8746488094329834,12.516022,12.531256675720215
763,29.63182806968689,0.8748398,0.8747250437736511,3.757392551051453e-05,0.874670684337616,12.516022,12.527495622634888
764,29.66601800918579,0.87486386,0.8747618794441223,2.6317356969229877e-05,0.8747235536575317,12.513614,12.523812055587769
765,29.706448793411255,0.8748771,0.8747862577438354,2.7900339773623273e-05,0.8747604489326477,12.512291,12.521374225616455
766,29.746813774108887,0.8748931,0.8748109340667725,2.9506660212064162e-05,0.8747759461402893,12.510687,12.518906593322754
767,29.786724090576172,0.8749952,0.8748434782028198,2.3924127162899822e-05,0.8748104572296143,12.500483,12.515652179718018
768,29.826804637908936,0.8749952,0.8748641014099121,3.111851401627064e-05,0.8748408555984497,12.500483,12.513589859008789
769,29.86003303527832,0.8750347,0.8748883605003357,4.4156720832688734e-05,0.8748565316200256,12.496531,12.51116394996643
770,29.900019645690918,0.8750727,0.8749212622642517,5.3411884437082335e-05,0.8748683929443359,12.492728,12.507873773574829
771,29.938857078552246,0.87509066,0.874973714351654,4.190982144791633e-05,0.8748976588249207,12.490934,12.502628564834595
772,29.978071212768555,0.8750939,0.8750108480453491,2.8594253308256157e-05,0.8749833703041077,12.490612,12.498915195465088
773,30.01916003227234,0.8751139,0.8750385046005249,3.289260348537937e-05,0.8749997019767761,12.488609,12.49614953994751
774,30.05807662010193,0.87511843,0.8750724196434021,1.9588125724112615e-05,0.8750391602516174,12.488156,12.49275803565979
775,30.09694766998291,0.8751213,0.8750898241996765,1.4983750588726252e-05,0.8750723600387573,12.48787,12.491017580032349
776,30.135727882385254,0.87512505,0.8751047253608704,1.0237679816782475e-05,0.8750906586647034,12.487495,12.489527463912964
777,30.175387859344482,0.87512857,0.8751144409179688,5.353818323783344e-06,0.8751052618026733,12.4871435,12.488555908203125
778,30.213338136672974,0.875133,0.8751190900802612,3.9820256461098325e-06,0.8751140236854553,12.486702,12.488090991973877
779,30.252624988555908,0.8751368,0.8751232028007507,4.042596174258506e-06,0.8751184344291687,12.4863205,12.487679719924927
780,30.293969869613647,0.87513757,0.8751274347305298,3.6487022043729667e-06,0.8751217126846313,12.486243,12.487256526947021
781,30.33318328857422,0.8751411,0.8751310110092163,2.8876754640805302e-06,0.875127911567688,12.485891,12.48689889907837
782,30.373018503189087,0.8751411,0.8751334547996521,2.529901166781201e-06,0.8751295208930969,12.485891,12.48665452003479
783,30.405079126358032,0.8751411,0.875135600566864,2.2030401396477828e-06,0.8751330375671387,12.485891,12.486439943313599
784,30.43628716468811,0.87514114,0.8751378655433655,1.5872359426793992e-06,0.8751367926597595,12.485886,12.486213445663452
785,30.500522136688232,0.8753806,0.8717522621154785,0.0027950352523475885,0.8662329912185669,12.461943,12.824773788452148
786,30.540032386779785,0.8753806,0.8742371797561646,0.0008374227327294648,0.8724475502967834,12.461943,12.576282024383545
787,30.571322679519653,0.87538487,0.8749955892562866,0.00021272973390296102,0.8745797872543335,12.4615135,12.500441074371338
788,30.610860586166382,0.87538487,0.8751789331436157,0.00010638002277119085,0.8750791549682617,12.4615135,12.482106685638428
789,30.644424200057983,0.87538487,0.8752649426460266,0.00010693131480365992,0.875136137008667,12.4615135,12.473505735397339
790,30.67849373817444,0.8753849,0.8753674626350403,5.154132304596715e-05,0.8751756548881531,12.461508,12.463253736495972
791,30.72043776512146,0.8753866,0.8753834366798401,2.0014117581013124e-06,0.8753806352615356,12.46134,12.461656332015991
792,30.759719610214233,0.8754013,0.8753851056098938,1.0776199133033515e-06,0.8753848075866699,12.459868,12.46148943901062
793,30.799872398376465,0.8754013,0.8753854036331177,2.1023092813265976e-06,0.8753848671913147,12.459868,12.461459636688232
794,30.830957412719727,0.8754116,0.8753859996795654,3.618782784542418e-06,0.8753849267959595,12.4588375,12.461400032043457
795,30.871079444885254,0.87541366,0.875388503074646,7.356652531598229e-06,0.8753849267959595,12.458634,12.4611496925354
796,30.909875631332397,0.8754137,0.8753923177719116,9.996185326599516e-06,0.8753849267959595,12.458629,12.460768222808838
797,30.948609113693237,0.8754138,0.875400185585022,1.1317772077745758e-05,0.8753869533538818,12.458622,12.459981441497803
798,30.988338708877563,0.8754512,0.8754109740257263,4.225923930789577e-06,0.8754013180732727,12.45488,12.458902597427368
799,31.028448820114136,0.8754887,0.8754134774208069,6.444266091421014e-06,0.8754116296768188,12.45113,12.458652257919312
800,31.069074869155884,0.8755509,0.8754176497459412,1.8244259990751743e-05,0.8754116296768188,12.444907,12.458235025405884
801,31.10837721824646,0.8755542,0.8754289150238037,3.8174537621671334e-05,0.875413715839386,12.44458,12.457108497619629
802,31.147361278533936,0.8755548,0.8754523396492004,5.664126729243435e-05,0.8754137754440308,12.44452,12.454766035079956
803,31.18672823905945,0.8755587,0.8754976391792297,5.8649555285228416e-05,0.8754137754440308,12.444133,12.450236082077026
804,31.226794004440308,0.87564665,0.8755518198013306,1.2189150766062085e-05,0.8755174875259399,12.435335,12.444818019866943
805,31.26616382598877,0.87566763,0.8755605220794678,2.145638245565351e-05,0.8755515813827515,12.433237,12.443947792053223
806,31.305903911590576,0.8756708,0.8755698204040527,3.28137721226085e-05,0.8755546808242798,12.43292,12.443017959594727
807,31.345255851745605,0.8757416,0.8755893111228943,4.425040606292896e-05,0.8755548000335693,12.42584,12.441068887710571
808,31.38501286506653,0.87585366,0.8756288290023804,4.736054688692093e-05,0.8755586743354797,12.414635,12.437117099761963
809,31.424257040023804,0.87585366,0.8756770491600037,4.237005123286508e-05,0.875624418258667,12.414635,12.432295083999634
810,31.456058025360107,0.8759469,0.8757179379463196,5.923698699916713e-05,0.8756676316261292,12.405312,12.428206205368042
811,31.497005939483643,0.8759923,0.8757748603820801,6.263519753701985e-05,0.8757009506225586,12.40077,12.422513961791992
812,31.535987615585327,0.8760432,0.8758416771888733,5.8388694014865905e-05,0.8757585287094116,12.395679,12.415832281112671
813,31.575347661972046,0.8760432,0.8759030699729919,5.005284765502438e-05,0.8758454918861389,12.395679,12.409693002700806
814,31.60620403289795,0.87605315,0.875949501991272,4.164731581113301e-05,0.8758986592292786,12.394685,12.405049800872803
815,31.65031361579895,0.87606883,0.8759925365447998,3.3667151001282036e-05,0.8759498000144958,12.393117,12.40074634552002
816,31.690490245819092,0.8760695,0.8760256767272949,2.3394764866679907e-05,0.8759922981262207,12.393051,12.397432327270508
817,31.73284411430359,0.87607485,0.8760491013526917,9.129847057920415e-06,0.8760392665863037,12.392515,12.395089864730835
818,31.775383472442627,0.87614244,0.8760570287704468,1.0982427738781553e-05,0.8760444521903992,12.385756,12.394297122955322
819,31.816043376922607,0.87614244,0.8760676383972168,1.262849855265813e-05,0.8760584592819214,12.385756,12.39323616027832
820,31.848586559295654,0.87616557,0.8760790228843689,1.9430452084634453e-05,0.876063883304596,12.383443,12.39209771156311
821,31.896503686904907,0.87617016,0.876095175743103,2.5593959435354918e-05,0.8760727047920227,12.382984,12.390482425689697
822,31.95058846473694,0.87618023,0.8761176466941833,2.6697931389207952e-05,0.8760872483253479,12.381977,12.388235330581665
823,31.995235681533813,0.8761939,0.876144528388977,2.152521483367309e-05,0.8761112689971924,12.380611,12.385547161102295
824,32.036431074142456,0.87623686,0.8761655688285828,1.8762020772555843e-05,0.8761424422264099,12.376314,12.383443117141724
825,32.07538056373596,0.87624717,0.8761840462684631,1.7198392015416175e-05,0.8761666417121887,12.375283,12.381595373153687
826,32.11656856536865,0.8762645,0.8761975765228271,2.0575447706505656e-05,0.8761795163154602,12.3735485,12.380242347717285
827,32.155457735061646,0.8762645,0.8762164115905762,1.9361901649972424e-05,0.876190185546875,12.3735485,12.378358840942383
828,32.18777942657471,0.87626785,0.876235842704773,1.0483776350156404e-05,0.8762209415435791,12.373215,12.376415729522705
829,32.227412700653076,0.8762696,0.876245379447937,9.281903658120427e-06,0.8762354850769043,12.373042,12.375462055206299
830,32.26596713066101,0.8763458,0.8762556314468384,1.0809185368998442e-05,0.8762403130531311,12.365418,12.374436855316162
831,32.305413246154785,0.8764008,0.8762661218643188,1.5031304428703152e-05,0.8762566447257996,12.359917,12.373387813568115
832,32.34611964225769,0.8764008,0.8762737512588501,2.2378013454726897e-05,0.8762645125389099,12.359917,12.37262487411499
833,32.37766432762146,0.87642515,0.8762893676757812,4.025869202450849e-05,0.8762677907943726,12.357485,12.371063232421875
834,32.41626691818237,0.87643,0.8763155937194824,5.613909524981864e-05,0.8762748837471008,12.357002,12.368440628051758
835,32.45460915565491,0.87678736,0.8763602375984192,6.568595563294366e-05,0.8762827515602112,12.321263,12.363976240158081
836,32.49190878868103,0.87678736,0.8764175176620483,3.856482726405375e-05,0.8763936758041382,12.321263,12.358248233795166
837,32.5238094329834,0.87679535,0.8764493465423584,7.854374416638166e-05,0.8764148950576782,12.320465,12.35506534576416
838,32.56257200241089,0.8767954,0.8764967322349548,0.00012699290527962148,0.8764296174049377,12.320459,12.350326776504517
839,32.59982419013977,0.87681526,0.8765818476676941,0.00015948532382026315,0.8764321208000183,12.318474,12.34181523323059
840,32.63889670372009,0.87681526,0.8767353296279907,9.517643775325269e-05,0.876528799533844,12.318474,12.326467037200928
841,32.671480894088745,0.87681526,0.8767949342727661,7.203024779300904e-06,0.8767873644828796,12.318474,12.320506572723389
842,32.70459175109863,0.87681574,0.876800537109375,7.5623356678988785e-06,0.8767948150634766,12.318426,12.3199462890625
843,32.7437424659729,0.8768197,0.8768061995506287,8.06053685664665e-06,0.8767954111099243,12.318033,12.319380044937134
844,32.78352379798889,0.8768372,0.8768144249916077,2.918774271165603e-06,0.8768081665039062,12.31628,12.318557500839233
845,32.82265758514404,0.8768372,0.8768174052238464,4.593841367750429e-06,0.8768152594566345,12.31628,12.318259477615356
846,32.855231285095215,0.8768373,0.8768202066421509,6.533486612170236e-06,0.8768156170845032,12.316269,12.317979335784912
847,32.89616942405701,0.87686104,0.8768253922462463,7.686176104471087e-06,0.8768163323402405,12.313896,12.317460775375366
848,32.938289403915405,0.87686116,0.8768323063850403,6.194465640874114e-06,0.876819908618927,12.313885,12.316769361495972
849,32.976221561431885,0.87692904,0.8768386840820312,1.2924997463414911e-05,0.8768330812454224,12.307096,12.316131591796875
850,33.01375770568848,0.87693,0.8768474459648132,2.620334635139443e-05,0.8768366575241089,12.307,12.315255403518677
851,33.053131103515625,0.8769301,0.8768631815910339,3.798439138336107e-05,0.8768371939659119,12.306988,12.313681840896606
852,33.09097218513489,0.87711626,0.876895546913147,4.1826941014733166e-05,0.8768373131752014,12.288374,12.310445308685303
853,33.13052845001221,0.87711626,0.8769335746765137,2.608044997032266e-05,0.8769255876541138,12.288374,12.306642532348633
854,33.16253471374512,0.8771357,0.8769437670707703,4.72603969683405e-05,0.8769298791885376,12.28643,12.305623292922974
855,33.202085971832275,0.8771365,0.8769658207893372,7.26186262909323e-05,0.8769299983978271,12.286347,12.303417921066284
856,33.24060297012329,0.87717354,0.8770094513893127,9.279163350583985e-05,0.8769301176071167,12.282646,12.299054861068726
857,33.28098440170288,0.8771767,0.8770857453346252,7.538690988440067e-05,0.876946210861206,12.28233,12.291425466537476
858,33.32146859169006,0.8771886,0.8771390318870544,1.2405579582264181e-05,0.8771169781684875,12.281137,12.286096811294556
859,33.360302448272705,0.87723935,0.8771489858627319,1.923202580655925e-05,0.877135694026947,12.276066,12.285101413726807
860,33.39946675300598,0.8773262,0.877165675163269,2.7484271413413808e-05,0.8771403431892395,12.267381,12.283432483673096
861,33.43832063674927,0.8773262,0.8771889209747314,3.144259608234279e-05,0.877152681350708,12.267381,12.281107902526855
862,33.470948696136475,0.87735146,0.8772197961807251,3.578051837394014e-05,0.8771793246269226,12.2648535,12.27802038192749
863,33.5104763507843,0.8773984,0.8772569894790649,3.823304359684698e-05,0.8772239685058594,12.260162,12.274301052093506
864,33.55019545555115,0.8774086,0.8772867321968079,4.516119952313602e-05,0.877239465713501,12.259138,12.271326780319214
865,33.58884048461914,0.8774361,0.8773304224014282,4.55995905213058e-05,0.8772744536399841,12.25639,12.266957759857178
866,33.62778091430664,0.8774408,0.8773818612098694,3.1680709071224555e-05,0.8773284554481506,12.2559185,12.261813879013062
867,33.666096210479736,0.8774418,0.8774112462997437,1.6642947230138816e-05,0.8773785829544067,12.255817,12.258875370025635
868,33.70652437210083,0.8774766,0.8774267435073853,9.535197932564188e-06,0.8774124979972839,12.252342,12.257325649261475
869,33.7451069355011,0.87761045,0.8774372339248657,1.406391675118357e-05,0.8774263858795166,12.2389555,12.256276607513428
870,33.78632140159607,0.877681,0.877450168132782,3.389958510524593e-05,0.8774360418319702,12.231898,12.254983186721802
871,33.827229261398315,0.877681,0.8774784207344055,6.546481017721817e-05,0.8774412274360657,12.231898,12.252157926559448
872,33.859397411346436,0.8776867,0.8775267601013184,8.800826617516577e-05,0.8774508237838745,12.231332,12.247323989868164
873,33.89780306816101,0.8776872,0.8776100873947144,6.889393262099475e-05,0.8774765729904175,12.231278,12.238991260528564
874,33.9402494430542,0.8776883,0.8776658177375793,1.4133848708297592e-05,0.8776394724845886,12.231171,12.233418226242065
875,33.97848987579346,0.8776949,0.8776787519454956,6.205058980413014e-06,0.8776671886444092,12.23051,12.23212480545044
876,34.04412841796875,0.8777068,0.8741925358772278,0.002825648756697774,0.8682475090026855,12.229318,12.580746412277222
877,34.08343267440796,0.8777151,0.876593291759491,0.0008793417364358902,0.8749327063560486,12.228489,12.340670824050903
878,34.1252281665802,0.8777168,0.8773758411407471,0.0003047530772164464,0.8766311407089233,12.228322,12.262415885925293
879,34.16422772407532,0.8777547,0.8776475787162781,6.096449578762986e-05,0.8775085210800171,12.224531,12.235242128372192
880,34.20458126068115,0.8777589,0.8777011632919312,1.6871821571839973e-05,0.8776713609695435,12.224108,12.229883670806885
881,34.24374437332153,0.87776387,0.8777162432670593,1.5000206985860132e-05,0.8777062296867371,12.223614,12.228375673294067
882,34.2854483127594,0.87779176,0.8777264952659607,1.9499384507071227e-05,0.8777113556861877,12.220823,12.22735047340393
883,34.325347661972046,0.8778207,0.8777405619621277,2.1933587049716152e-05,0.8777163624763489,12.217933,12.225943803787231
884,34.36590600013733,0.87782705,0.8777610659599304,1.4541093150910456e-05,0.8777256608009338,12.217295,12.223893404006958
885,34.40648341178894,0.87790495,0.8777753710746765,2.899430000979919e-05,0.8777589201927185,12.209505,12.222462892532349
886,34.444966316223145,0.877916,0.8777934908866882,4.292610174161382e-05,0.8777661323547363,12.208403,12.220650911331177
887,34.48295044898987,0.87793136,0.8778296113014221,5.745998350903392e-05,0.8777726292610168,12.206864,12.217038869857788
888,34.521504640579224,0.87793136,0.8778899908065796,3.1326017051469535e-05,0.8778230547904968,12.206864,12.211000919342041
889,34.554617166519165,0.87793654,0.8779177665710449,8.194865586119704e-06,0.8779042363166809,12.206346,12.208223342895508
890,34.594022035598755,0.8779366,0.8779250383377075,5.355366738513112e-06,0.8779174089431763,12.20634,12.207496166229248
891,34.632981300354004,0.87793666,0.877930223941803,3.135713768642745e-06,0.8779243230819702,12.206334,12.206977605819702
892,34.67432379722595,0.87793666,0.8779329657554626,2.286940343765309e-06,0.8779311776161194,12.206334,12.206703424453735
893,34.706552505493164,0.8779367,0.8779346942901611,2.324950855836505e-06,0.8779313564300537,12.206327,12.206530570983887
894,34.746634006500244,0.87793684,0.8779364824295044,1.778096958560127e-07,0.8779360055923462,12.206316,12.20635175704956
895,34.786624908447266,0.87793684,0.877936601638794,7.621662234669202e-08,0.877936601638794,12.206316,12.206339836120605
896,34.81810140609741,0.87793684,0.877936601638794,1.2455710418635135e-07,0.877936601638794,12.206316,12.206339836120605
897,34.85023903846741,0.87793684,0.8779367208480835,7.682505298589604e-08,0.8779366612434387,12.206316,12.20632791519165
898,34.88122081756592,0.87793684,0.8779368996620178,8.819707630891571e-08,0.8779367208480835,12.206316,12.206310033798218
899,34.91219234466553,0.87793684,0.8779369592666626,1.1920928955078125e-07,0.877936840057373,12.206316,12.20630407333374
900,34.94477939605713,0.87793684,0.8779369592666626,1.1920928955078125e-07,0.877936840057373,12.206316,12.20630407333374
901,34.97636699676514,0.87793684,0.8779369592666626,1.1920928955078125e-07,0.877936840057373,12.206316,12.20630407333374
902,35.00827383995056,0.87793684,0.8779369592666626,1.1920928955078125e-07,0.877936840057373,12.206316,12.20630407333374
903,35.03920936584473,0.87793684,0.8779369592666626,1.1920928955078125e-07,0.877936840057373,12.206316,12.20630407333374
904,35.07081627845764,0.87793684,0.8779369592666626,1.1920928955078125e-07,0.877936840057373,12.206316,12.20630407333374
905,35.102378606796265,0.87793684,0.8779369592666626,1.1920928955078125e-07,0.877936840057373,12.206316,12.20630407333374
906,35.1334593296051,0.87793905,0.8779369592666626,1.7805123775360698e-07,0.877936840057373,12.206096,12.20630407333374
907,35.17275023460388,0.8779424,0.8779370188713074,4.440446161879663e-07,0.877936840057373,12.205762,12.206298112869263
908,35.21216440200806,0.8779467,0.8779372572898865,1.225834012075211e-06,0.877936840057373,12.205333,12.206274271011353
909,35.25073289871216,0.8779497,0.8779382109642029,3.023667431989452e-06,0.877936840057373,12.205029,12.206178903579712
910,35.28966760635376,0.8779497,0.8779398202896118,4.1516386772855185e-06,0.877936840057373,12.205029,12.206017971038818
911,35.32266664505005,0.8779497,0.8779432773590088,4.266337327862857e-06,0.877936840057373,12.205029,12.205672264099121
912,35.35350942611694,0.87796044,0.8779472708702087,2.085831283693551e-06,0.8779438734054565,12.203956,12.205272912979126
913,35.39324998855591,0.87796044,0.8779493570327759,3.962813480029581e-06,0.8779474496841431,12.203956,12.205064296722412
914,35.42475342750549,0.87796044,0.8779518008232117,5.460357442643726e-06,0.8779475688934326,12.203956,12.204819917678833
915,35.45621156692505,0.87798816,0.8779563903808594,5.504461569216801e-06,0.8779497146606445,12.201184,12.204360961914062
916,35.49470019340515,0.87800205,0.8779609203338623,4.403275397635298e-06,0.8779603242874146,12.199795,12.20390796661377
917,35.53486514091492,0.8780025,0.8779624104499817,8.086646630545147e-06,0.8779604434967041,12.199747,12.203758955001831
918,35.57580065727234,0.8780684,0.8779683113098145,1.7641343220020644e-05,0.8779604434967041,12.193161,12.203168869018555
919,35.61572575569153,0.8780684,0.8779828548431396,2.9287564757396467e-05,0.8779604434967041,12.193161,12.201714515686035
920,35.64900207519531,0.8780684,0.8780118823051453,2.6134286599699408e-05,0.8779609799385071,12.193161,12.198811769485474
921,35.682151794433594,0.8780711,0.8780345320701599,2.2547792468685657e-05,0.8780025243759155,12.192887,12.196546792984009
922,35.72301936149597,0.8780711,0.8780523538589478,1.1018842997145839e-05,0.8780449032783508,12.192887,12.194764614105225
923,35.75511050224304,0.87807286,0.8780607581138611,1.1421395356592257e-05,0.8780449032783508,12.192715,12.193924188613892
924,35.795920848846436,0.87807286,0.8780694603919983,1.1452962098701391e-06,0.8780683875083923,12.192715,12.193053960800171
925,35.82862663269043,0.87807304,0.878070592880249,8.482607540827303e-07,0.8780701160430908,12.192697,12.192940711975098
926,35.86722254753113,0.87809277,0.8780714869499207,1.7127032378994045e-06,0.8780702948570251,12.190723,12.192851305007935
927,35.90691637992859,0.87809277,0.8780726790428162,2.2973804334469605e-06,0.878071129322052,12.190723,12.192732095718384
928,35.94105005264282,0.87809825,0.8780739903450012,4.474460183701012e-06,0.8780728578567505,12.190175,12.192600965499878
929,35.98134112358093,0.87809825,0.8780758380889893,7.452116278727772e-06,0.8780730366706848,12.190175,12.192416191101074
930,36.014182567596436,0.87813497,0.8780805468559265,1.1299404832243454e-05,0.8780730366706848,12.186503,12.191945314407349
931,36.053038358688354,0.8781352,0.8780891299247742,1.3591871720564086e-05,0.8780730366706848,12.18648,12.191087007522583
932,36.09225535392761,0.8781357,0.8781023621559143,1.2179867553641088e-05,0.8780947923660278,12.186432,12.18976378440857
933,36.131277322769165,0.8781358,0.8781092166900635,1.6703521396266297e-05,0.8780982494354248,12.18642,12.189078330993652
934,36.17137813568115,0.8781358,0.8781205415725708,1.7953494534594938e-05,0.8780982494354248,12.18642,12.18794584274292
935,36.20445466041565,0.87817395,0.8781360387802124,4.47916318080388e-06,0.8781349658966064,12.182606,12.18639612197876
936,36.24471974372864,0.87826055,0.8781391978263855,1.1911175533896312e-05,0.8781356811523438,12.173944,12.18608021736145
937,36.283594369888306,0.8782755,0.8781481385231018,2.7863456125487573e-05,0.8781358003616333,12.172449,12.18518614768982
938,36.32486867904663,0.87829304,0.8781664967536926,4.354058546596207e-05,0.8781358003616333,12.170696,12.183350324630737
939,36.36529302597046,0.87829477,0.8781991600990295,4.9258382205152884e-05,0.878144383430481,12.170524,12.180083990097046
940,36.4074821472168,0.87832403,0.8782464861869812,4.331985110184178e-05,0.8781745433807373,12.167597,12.17535138130188
941,36.447346687316895,0.87834966,0.8782834410667419,1.7746040612109937e-05,0.8782672882080078,12.165033,12.171655893325806
942,36.48576998710632,0.8783966,0.8783015608787537,1.914657150337007e-05,0.8782762289047241,12.160343,12.169843912124634
943,36.53286123275757,0.8784307,0.8783184289932251,2.262176167278085e-05,0.8782947659492493,12.156927,12.16815710067749
944,36.577160120010376,0.8784307,0.878339409828186,2.328007212781813e-05,0.8783168792724609,12.156927,12.166059017181396
945,36.610278844833374,0.8784423,0.8783594369888306,2.7727503038477153e-05,0.8783279657363892,12.155771,12.164056301116943
946,36.64961647987366,0.8784423,0.8783826231956482,2.9681057640118524e-05,0.8783496618270874,12.155771,12.16173768043518
947,36.682538747787476,0.87845564,0.8784133195877075,1.852132481872104e-05,0.8783726096153259,12.154436,12.158668041229248
948,36.72240233421326,0.87846035,0.8784309029579163,8.206047823478002e-06,0.8784159421920776,12.153965,12.156909704208374
949,36.76253008842468,0.87846047,0.8784388899803162,6.905324880790431e-06,0.8784313201904297,12.153954,12.156111001968384
950,36.801729917526245,0.8784869,0.8784460425376892,7.488074061257066e-06,0.8784407377243042,12.151313,12.155395746231079
951,36.84132385253906,0.87850964,0.8784520626068115,1.1999327398370951e-05,0.8784422874450684,12.149036,12.154793739318848
952,36.87983965873718,0.87850964,0.8784639239311218,1.3422584743238986e-05,0.8784449696540833,12.149036,12.153607606887817
953,36.91198134422302,0.87853456,0.8784762024879456,1.5372324924101122e-05,0.8784603476524353,12.146544,12.152379751205444
954,36.95173382759094,0.8785559,0.8784910440444946,1.605146644578781e-05,0.878477931022644,12.144411,12.150895595550537
955,36.990830183029175,0.8785561,0.8785080313682556,1.8638902474776842e-05,0.8784845471382141,12.144393,12.149196863174438
956,37.03054904937744,0.8785561,0.878525972366333,1.672069811320398e-05,0.8785053491592407,12.144393,12.1474027633667
957,37.06306028366089,0.8785608,0.8785417675971985,1.1072877896367572e-05,0.8785274028778076,12.143922,12.145823240280151
958,37.10273241996765,0.8785646,0.8785527348518372,6.18462945567444e-06,0.8785378336906433,12.14354,12.144726514816284
959,37.1431725025177,0.8785789,0.878557026386261,2.7695502922142623e-06,0.8785545825958252,12.14211,12.144297361373901
960,37.18282914161682,0.87858224,0.8785589337348938,4.305736183596309e-06,0.8785560727119446,12.141776,12.14410662651062
961,37.222856283187866,0.8785981,0.8785628080368042,6.653001946688164e-06,0.8785561919212341,12.14019,12.14371919631958
962,37.26068711280823,0.8785981,0.8785674571990967,9.634055459173396e-06,0.8785606622695923,12.14019,12.143254280090332
963,37.29363560676575,0.8786049,0.8785765767097473,1.10591954580741e-05,0.8785608410835266,12.139511,12.142342329025269
964,37.332359075546265,0.8786078,0.8785874843597412,8.270195394288749e-06,0.8785779476165771,12.139219,12.141251564025879
965,37.37112808227539,0.8786162,0.8785955309867859,6.996266620262759e-06,0.8785867691040039,12.138378,12.140446901321411
966,37.41077780723572,0.8786261,0.8786025643348694,5.203518867347157e-06,0.8785979747772217,12.137389,12.139743566513062
967,37.44923996925354,0.8786261,0.8786075711250305,4.8084266381920315e-06,0.8786038756370544,12.137389,12.139242887496948
968,37.48205900192261,0.8786284,0.8786119222640991,5.425051313068252e-06,0.8786048889160156,12.137163,12.138807773590088
969,37.52172040939331,0.87865084,0.8786174654960632,5.483441782416776e-06,0.8786101937294006,12.134915,12.138253450393677
970,37.56188678741455,0.87865084,0.8786219954490662,5.3022304200567305e-06,0.878616213798523,12.134915,12.137800455093384
971,37.59508013725281,0.87866235,0.8786271810531616,4.9623831728240475e-06,0.8786236643791199,12.133765,12.137281894683838
972,37.63317799568176,0.87866306,0.8786299824714661,9.228156159224454e-06,0.8786261081695557,12.133694,12.137001752853394
973,37.67102527618408,0.87866545,0.8786357641220093,1.3263048458611593e-05,0.8786262273788452,12.133455,12.136423587799072
974,37.71026349067688,0.87866545,0.8786447644233704,1.5857414837228134e-05,0.8786284923553467,12.133455,12.135523557662964
975,37.74315595626831,0.8786655,0.8786606788635254,4.866345989285037e-06,0.8786507248878479,12.13345,12.133932113647461
976,37.782318353652954,0.8786655,0.8786638975143433,1.114487190534419e-06,0.8786623477935791,12.13345,12.133610248565674
977,37.81551694869995,0.8786739,0.878665030002594,8.392239578824956e-07,0.8786635398864746,12.132608,12.1334969997406
978,37.85427141189575,0.878677,0.8786656856536865,1.0772176892714924e-06,0.8786653280258179,12.132299,12.133431434631348
979,37.89559888839722,0.878677,0.8786659836769104,1.9513106508384226e-06,0.8786654472351074,12.132299,12.13340163230896
980,37.927884340286255,0.8786775,0.8786670565605164,3.6149328934698133e-06,0.8786654472351074,12.132252,12.133294343948364
981,37.969878911972046,0.8786775,0.878669023513794,5.005520961276488e-06,0.8786654472351074,12.132252,12.133097648620605
982,38.00230598449707,0.8786892,0.8786729574203491,5.279695869830903e-06,0.8786655068397522,12.131077,12.132704257965088
983,38.04290151596069,0.8786892,0.878677487373352,1.3538356142817065e-06,0.8786743879318237,12.131077,12.132251262664795
984,38.07739305496216,0.87870467,0.878678023815155,3.1665977076045237e-06,0.8786773681640625,12.129534,12.132197618484497
985,38.11752438545227,0.8787135,0.8786799311637878,6.954752279852983e-06,0.878677487373352,12.128651,12.132006883621216
986,38.15757465362549,0.8787135,0.8786836266517639,1.0148412911803462e-05,0.878677487373352,12.128651,12.131637334823608
987,38.189908266067505,0.8787136,0.8786913752555847,1.2046489246131387e-05,0.8786776661872864,12.128639,12.130862474441528
988,38.229525089263916,0.8787163,0.8787025809288025,7.636780537723098e-06,0.8786892294883728,12.128371,12.129741907119751
989,38.268996477127075,0.87887037,0.8787104487419128,1.1514210200402886e-05,0.8787046670913696,12.112963,12.128955125808716
990,38.310387134552,0.87892926,0.8787163496017456,1.990248892980162e-05,0.8787133693695068,12.107075,12.12836503982544
991,38.35045027732849,0.8789381,0.8787238001823425,3.9859351090854034e-05,0.8787134885787964,12.106192,12.127619981765747
992,38.3899462223053,0.8790042,0.8787436485290527,7.000907498877496e-05,0.8787136077880859,12.099582,12.125635147094727
993,38.429317235946655,0.87900436,0.8787865042686462,9.7511219792068e-05,0.8787161707878113,12.099564,12.121349573135376
994,38.46841502189636,0.87900436,0.878868818283081,9.232122829416767e-05,0.8787164688110352,12.099564,12.113118171691895
995,38.50073480606079,0.87900436,0.87894207239151,2.2517484467243776e-05,0.8789292573928833,12.099564,12.105792760848999
996,38.533101320266724,0.8790089,0.8789548277854919,3.081310569541529e-05,0.8789335489273071,12.099112,12.104517221450806
997,38.572765827178955,0.87901103,0.8789772391319275,3.2801617635414004e-05,0.8789379596710205,12.098896,12.102276086807251
998,38.613008975982666,0.87901103,0.8790062665939331,2.3147092633735156e-06,0.8790041208267212,12.098896,12.09937334060669
999,38.64625597000122,0.87901103,0.8790083527565002,1.748442969073949e-06,0.8790043592453003,12.098896,12.099164724349976
1000,38.67866015434265,0.8790112,0.8790093660354614,9.214110150423949e-07,0.8790087103843689,12.098879,12.099063396453857
1001,38.71867537498474,0.87905157,0.8790101408958435,2.8426679818949196e-06,0.8790088891983032,12.094843,12.09898591041565
1002,38.75895285606384,0.87905157,0.8790120482444763,6.214400855242275e-06,0.8790095448493958,12.094843,12.098795175552368
1003,38.79431509971619,0.8790755,0.8790151476860046,1.3024073268752545e-05,0.8790110349655151,12.092447,12.098485231399536
1004,38.83341598510742,0.8790755,0.8790232539176941,2.2440341126639396e-05,0.8790111541748047,12.092447,12.09767460823059
1005,38.86555075645447,0.8790755,0.8790380954742432,2.797878005367238e-05,0.8790112137794495,12.092447,12.096190452575684
1006,38.924235820770264,0.8792665,0.8752807974815369,0.0031944436486810446,0.868745744228363,12.07335,12.471920251846313
1007,38.96290636062622,0.8792665,0.8782050609588623,0.0006921972963027656,0.87657630443573,12.07335,12.17949390411377
1008,38.995474100112915,0.8792667,0.878838837146759,0.00027022132417187095,0.8783143758773804,12.073332,12.116116285324097
1009,39.0342001914978,0.87928367,0.879088282585144,0.00011751971032936126,0.8789421916007996,12.071633,12.091171741485596
1010,39.074721574783325,0.8792838,0.8791921138763428,9.179730113828555e-05,0.8790180087089539,12.071621,12.080788612365723
1011,39.11358833312988,0.8792838,0.879262387752533,1.0691722309275065e-05,0.8792425394058228,12.071621,12.073761224746704
1012,39.14510989189148,0.8792838,0.879269003868103,5.872465408174321e-06,0.8792666792869568,12.071621,12.073099613189697
1013,39.17727828025818,0.8792838,0.8792718648910522,7.822150109859649e-06,0.8792666792869568,12.071621,12.072813510894775
1014,39.21033310890198,0.87928385,0.8792781233787537,8.015074854483828e-06,0.8792666792869568,12.071615,12.072187662124634
1015,39.27650499343872,0.8793944,0.8762422800064087,0.002641286002472043,0.8697670698165894,12.060558,12.37577199935913
1016,39.31532382965088,0.8794116,0.8785231113433838,0.0006181965582072735,0.8771981596946716,12.058842,12.147688865661621
1017,39.354673862457275,0.8794116,0.879037618637085,0.00023906408750917763,0.8786602020263672,12.058842,12.096238136291504
1018,39.38666915893555,0.87941724,0.8792579770088196,0.00012072133540641516,0.8790684342384338,12.058276,12.074202299118042
1019,39.42770552635193,0.87941724,0.8793697953224182,5.479892934090458e-05,0.8792678713798523,12.058276,12.063020467758179
1020,39.45951747894287,0.87941724,0.8794077038764954,7.364257726294454e-06,0.8793944120407104,12.058276,12.059229612350464
1021,39.49150896072388,0.8794173,0.8794121146202087,1.5491383464905084e-06,0.8794115781784058,12.0582695,12.058788537979126
1022,39.531564712524414,0.8794173,0.8794128894805908,2.266481260448927e-06,0.8794115781784058,12.0582695,12.058711051940918
1023,39.561946868896484,0.8794202,0.8794143199920654,2.6593688744469546e-06,0.8794115781784058,12.057978,12.058568000793457
1024,39.60258436203003,0.8794302,0.8794170618057251,1.0929414884230937e-06,0.8794145584106445,12.056982,12.05829381942749
1025,39.6415753364563,0.8794302,0.8794177770614624,1.4074786349738133e-06,0.8794172406196594,12.056982,12.05822229385376
1026,39.67379641532898,0.87946236,0.8794185519218445,3.6348233152239118e-06,0.8794172406196594,12.053764,12.058144807815552
1027,39.714983224868774,0.87951857,0.8794213533401489,1.1761837413359899e-05,0.8794173002243042,12.048143,12.057864665985107
1028,39.75476360321045,0.8795374,0.8794308304786682,2.6743466150946915e-05,0.8794196844100952,12.04626,12.056916952133179
1029,39.79529118537903,0.8795374,0.8794494867324829,4.1090574086410925e-05,0.8794202208518982,12.04626,12.055051326751709
1030,39.827707052230835,0.87963825,0.879485011100769,4.512822852120735e-05,0.879420280456543,12.036175,12.051498889923096
1031,39.867676973342896,0.8796388,0.8795315027236938,3.4705939469859004e-05,0.879481852054596,12.036121,12.046849727630615
1032,39.906136989593506,0.8796388,0.879558801651001,4.531399827101268e-05,0.8795216083526611,12.036121,12.044119834899902
1033,39.93797540664673,0.87968946,0.8795982003211975,4.4496428017737344e-05,0.8795373439788818,12.0310545,12.040179967880249
1034,39.97687125205994,0.8797225,0.8796379566192627,7.557047865702771e-06,0.8796306848526001,12.027752,12.03620433807373
1035,40.016470432281494,0.8797225,0.8796426057815552,1.6508465705555864e-05,0.8796387910842896,12.027752,12.035739421844482
1036,40.04820442199707,0.87974817,0.8796529173851013,3.170849595335312e-05,0.8796387910842896,12.025184,12.034708261489868
1037,40.08962893486023,0.87974817,0.8796734809875488,4.452139182831161e-05,0.8796387910842896,12.025184,12.032651901245117
1038,40.12315797805786,0.8797487,0.8797134757041931,3.8257021515164524e-05,0.8796388506889343,12.025129,12.028652429580688
1039,40.16412901878357,0.8797652,0.879742443561554,9.683742064225953e-06,0.8797224760055542,12.0234785,12.025755643844604
1040,40.20517444610596,0.87976575,0.8797492980957031,3.866598035529023e-06,0.8797481060028076,12.023425,12.025070190429688
1041,40.24624538421631,0.87976575,0.8797510266304016,6.135185230959905e-06,0.8797481656074524,12.023425,12.024897336959839
1042,40.27903723716736,0.87976575,0.8797541260719299,7.87797944212798e-06,0.8797481656074524,12.023425,12.024587392807007
1043,40.31105065345764,0.87976575,0.8797606825828552,7.352506145252846e-06,0.8797487020492554,12.023425,12.023931741714478
1044,40.34223914146423,0.8797659,0.8797653913497925,2.5489825361546536e-07,0.8797652125358582,12.023407,12.023460865020752
1045,40.38240909576416,0.8797659,0.8797655701637268,1.8472476881470357e-07,0.8797653913497925,12.023407,12.02344298362732
1046,40.415011405944824,0.8797659,0.8797656297683716,1.4176958984535304e-07,0.8797657489776611,12.023407,12.023437023162842
1047,40.44743347167969,0.8797659,0.8797656297683716,1.6913882916469447e-07,0.8797657489776611,12.023407,12.023437023162842
1048,40.47964811325073,0.8797659,0.8797656893730164,1.627286394523253e-07,0.8797657489776611,12.023407,12.023431062698364
1049,40.51144552230835,0.8797659,0.8797658085823059,1.0725364063546294e-07,0.8797657489776611,12.023407,12.02341914176941
1050,40.54376721382141,0.8797659,0.8797658085823059,1.1920928955078125e-07,0.8797659277915955,12.023407,12.02341914176941
1051,40.575387716293335,0.8797659,0.8797658085823059,1.1920928955078125e-07,0.8797659277915955,12.023407,12.02341914176941
1052,40.607625007629395,0.8797659,0.8797658085823059,1.1920928955078125e-07,0.8797659277915955,12.023407,12.02341914176941
1053,40.63897728919983,0.8797659,0.8797658085823059,1.1920928955078125e-07,0.8797659277915955,12.023407,12.02341914176941
1054,40.672975063323975,0.8797659,0.8797658085823059,1.1920928955078125e-07,0.8797659277915955,12.023407,12.02341914176941
1055,40.70545554161072,0.8797659,0.8797658085823059,1.1920928955078125e-07,0.8797659277915955,12.023407,12.02341914176941
1056,40.73784017562866,0.8797659,0.8797658085823059,1.1920928955078125e-07,0.8797659277915955,12.023407,12.02341914176941
1057,40.77170181274414,0.8797659,0.8797658085823059,1.1920928955078125e-07,0.8797659277915955,12.023407,12.02341914176941
1058,40.805498361587524,0.8798012,0.8797659277915955,2.2406600237445673e-06,0.8797659277915955,12.019878,12.023407220840454
1059,40.8455753326416,0.87984383,0.8797668814659119,7.994266525201965e-06,0.8797659277915955,12.015617,12.023311853408813
1060,40.88435077667236,0.87995493,0.8797727823257446,2.813765240716748e-05,0.8797659277915955,12.004507,12.022721767425537
1061,40.924139976501465,0.87995493,0.8797900080680847,5.581573350355029e-05,0.8797659277915955,12.004507,12.020999193191528
1062,40.956910371780396,0.87995493,0.8798189759254456,7.546215056208894e-05,0.8797659277915955,12.004507,12.018102407455444
1063,40.9884979724884,0.88003004,0.8798838257789612,7.465732051059604e-05,0.8797659277915955,11.996996,12.011617422103882
1064,41.02660131454468,0.88003004,0.8799550533294678,1.1966866622969974e-05,0.8799160718917847,11.996996,12.004494667053223
1065,41.05663251876831,0.88003004,0.8799605965614319,1.923091258504428e-05,0.8799549341201782,11.996996,12.003940343856812
1066,41.08922624588013,0.88003004,0.8799684047698975,2.8268343157833442e-05,0.8799549341201782,11.996996,12.003159523010254
1067,41.12150311470032,0.88003004,0.8799870014190674,3.641980583779514e-05,0.8799549341201782,11.996996,12.001299858093262
1068,41.153340339660645,0.8800301,0.8800210356712341,2.244761708425358e-05,0.8799558877944946,11.99699,11.997896432876587
1069,41.19230675697327,0.88004124,0.8800298571586609,7.996264912435436e-07,0.8800287246704102,11.995876,11.997014284133911
1070,41.236740827560425,0.8800422,0.88003009557724,1.4562222077074694e-06,0.8800300359725952,11.995781,11.996990442276001
1071,41.27673387527466,0.8800435,0.8800304532051086,2.5006368105096044e-06,0.8800300359725952,11.995649,11.996954679489136
1072,41.31698799133301,0.8800435,0.880031943321228,4.366159828350646e-06,0.8800300359725952,11.995649,11.996805667877197
1073,41.34977316856384,0.88004386,0.8800345659255981,5.800817689305404e-06,0.8800300359725952,11.995613,11.996543407440186
1074,41.387614727020264,0.880046,0.8800395131111145,5.029881322116125e-06,0.88003009557724,11.995399,11.99604868888855
1075,41.42577624320984,0.88004607,0.8800432682037354,1.0015975249189069e-06,0.8800421953201294,11.995393,11.995673179626465
1076,41.4638307094574,0.88004607,0.8800440430641174,1.0101567795572919e-06,0.8800434470176697,11.995393,11.995595693588257
1077,41.496641397476196,0.88004607,0.8800448179244995,1.133774617301242e-06,0.8800435066223145,11.995393,11.995518207550049
1078,41.52977108955383,0.8800548,0.8800458312034607,6.452725074268528e-07,0.8800450563430786,11.994523,11.99541687965393
1079,41.56968712806702,0.8800548,0.8800461292266846,9.605593049855088e-07,0.8800460696220398,11.994523,11.995387077331543
1080,41.60225486755371,0.8800575,0.8800464272499084,1.9145527403452434e-06,0.8800460696220398,11.994248,11.995357275009155
1081,41.64062261581421,0.8800575,0.8800473213195801,3.329799938001088e-06,0.8800460696220398,11.994248,11.995267868041992
1082,41.6717414855957,0.8800583,0.8800491094589233,4.728401108877733e-06,0.8800460696220398,11.994171,11.995089054107666
1083,41.71209168434143,0.88005966,0.8800528645515442,5.03340788782225e-06,0.8800460696220398,11.994034,11.994713544845581
1084,41.751362562179565,0.88005966,0.880057156085968,8.064543521868472e-07,0.8800560235977173,11.994034,11.994284391403198
1085,41.784836530685425,0.88006,0.8800578117370605,6.98823896527756e-07,0.8800575137138367,11.993999,11.994218826293945
1086,41.82325506210327,0.88006,0.880058228969574,9.347473906018422e-07,0.8800575137138367,11.993999,11.994177103042603
1087,41.85567808151245,0.88006,0.8800590634346008,7.788527227603481e-07,0.8800578713417053,11.993999,11.994093656539917
1088,41.89336633682251,0.88006,0.8800596594810486,1.7069851310225204e-07,0.8800596594810486,11.993999,11.994034051895142
1089,41.945077896118164,0.88006,0.8800598382949829,1.7881393432617188e-07,0.8800596594810486,11.993999,11.994016170501709
1090,41.982361793518066,0.88006,0.8800601363182068,1.1920928955078125e-07,0.8800600171089172,11.993999,11.993986368179321
1091,42.01451921463013,0.88006,0.8800601363182068,1.1920928955078125e-07,0.8800600171089172,11.993999,11.993986368179321
1092,42.04604387283325,0.88006,0.8800601363182068,1.1920928955078125e-07,0.8800600171089172,11.993999,11.993986368179321
1093,42.10901403427124,0.8800826,0.8772436380386353,0.002519692527130246,0.8715929985046387,11.991739,12.275636196136475
1094,42.15163540840149,0.8800826,0.879459023475647,0.0006178651819936931,0.8779791593551636,11.991739,12.054097652435303
1095,42.18428635597229,0.8801921,0.8799452185630798,0.000129177380586043,0.8796976804733276,11.98079,12.005478143692017
1096,42.226529359817505,0.8801921,0.8800591230392456,2.696049341466278e-05,0.879997968673706,11.98079,11.99408769607544
1097,42.26191282272339,0.8802392,0.8800816535949707,3.212693627574481e-05,0.8800600171089172,11.976081,11.99183464050293
1098,42.30172300338745,0.8802392,0.8800994157791138,4.639421604224481e-05,0.8800752758979797,11.976081,11.990058422088623
1099,42.335017681121826,0.88023955,0.8801280856132507,6.386884342646226e-05,0.8800826072692871,11.976046,11.987191438674927
1100,42.374626874923706,0.88023955,0.8801762461662292,6.516464782180265e-05,0.8800826072692871,11.976046,11.982375383377075
1101,42.406957387924194,0.88024276,0.8802334070205688,1.1807469491031952e-05,0.8801921010017395,11.975723,11.976659297943115
1102,42.447460889816284,0.88024557,0.88023841381073,1.4795250535826199e-06,0.8802363872528076,11.975443,11.976158618927002
1103,42.48767042160034,0.88024557,0.8802396655082703,1.2136724762967788e-06,0.8802391886711121,11.975443,11.976033449172974
1104,42.52013039588928,0.8802459,0.8802404999732971,2.0535280782496557e-06,0.8802391886711121,11.975408,11.975950002670288
1105,42.561933279037476,0.8802459,0.880241870880127,2.8325271159701515e-06,0.8802395462989807,11.975408,11.975812911987305
1106,42.59367823600769,0.8802459,0.8802446722984314,1.994142394323717e-06,0.8802395462989807,11.975408,11.97553277015686
1107,42.624760150909424,0.8802459,0.8802458047866821,1.8175397542563587e-07,0.880245566368103,11.975408,11.975419521331787
1108,42.655885219573975,0.8802459,0.8802460432052612,1.1920928955078125e-07,0.8802459239959717,11.975408,11.975395679473877
1109,42.68816542625427,0.88027966,0.8802462220191956,2.1440573618747294e-06,0.8802459239959717,11.972034,11.975377798080444
1110,42.72901511192322,0.88027966,0.8802467584609985,4.744198122352827e-06,0.8802459239959717,11.972034,11.975324153900146
1111,42.76130223274231,0.88027966,0.8802486658096313,8.974412594398018e-06,0.8802459239959717,11.972034,11.975133419036865
1112,42.794822216033936,0.88027966,0.8802523016929626,1.3113472050463315e-05,0.8802459239959717,11.972034,11.974769830703735
1113,42.826804399490356,0.88027966,0.8802599906921387,1.66130830621114e-05,0.8802459239959717,11.972034,11.974000930786133
1114,42.859864473342896,0.88027966,0.8802744746208191,1.2123366104788147e-05,0.8802459239959717,11.972034,11.97255253791809
1115,42.89196753501892,0.88027966,0.8802796006202698,5.960464477539063e-08,0.8802796602249146,11.972034,11.972039937973022
1116,42.92422866821289,0.88027966,0.8802796006202698,5.960464477539063e-08,0.8802796602249146,11.972034,11.972039937973022
1117,42.956748485565186,0.8803075,0.8802796602249146,1.7675477010925533e-06,0.8802796602249146,11.969251,11.972033977508545
1118,42.995328426361084,0.8803079,0.8802798986434937,3.0598232569900574e-06,0.8802796602249146,11.969209,11.972010135650635
1119,43.03472113609314,0.88039356,0.8802812695503235,9.169183613266796e-06,0.8802796602249146,11.960644,11.971873044967651
1120,43.075607776641846,0.8803936,0.8802886605262756,2.6895217160927132e-05,0.8802796602249146,11.960638,11.971133947372437
1121,43.11579704284668,0.8803936,0.88030606508255,4.487183105084114e-05,0.8802796602249146,11.960638,11.969393491744995
1122,43.148677110672,0.8803936,0.8803390860557556,5.20568028150592e-05,0.8802796602249146,11.960638,11.966091394424438
1123,43.18148922920227,0.8803936,0.8803937435150146,1.9168933818036749e-07,0.8803931474685669,11.960638,11.960625648498535
1124,43.2135591506958,0.88040876,0.8803938031196594,9.73936948867049e-07,0.8803935647010803,11.959124,11.960619688034058
1125,43.25161600112915,0.88041997,0.8803939819335938,2.1490277504199184e-06,0.8803935647010803,11.958003,11.960601806640625
1126,43.29294443130493,0.88045263,0.8803951144218445,6.688479516014922e-06,0.8803936243057251,11.954737,11.960488557815552
1127,43.33135986328125,0.88045263,0.8803983926773071,1.2110433999623638e-05,0.8803936243057251,11.954737,11.960160732269287
1128,43.36385416984558,0.88050336,0.88040691614151,1.992530087591149e-05,0.8803936243057251,11.949664,11.959308385848999
1129,43.40356183052063,0.88050336,0.8804224133491516,2.340111677767709e-05,0.8803936243057251,11.949664,11.957758665084839
1130,43.43646478652954,0.8805225,0.8804453015327454,2.1461810320033692e-05,0.8804199695587158,11.947751,11.955469846725464
1131,43.476179361343384,0.88054097,0.8804666996002197,3.0076900657149963e-05,0.880439043045044,11.945904,11.953330039978027
1132,43.516263484954834,0.880541,0.8804969191551208,2.5844072297331877e-05,0.8804526329040527,11.945897,11.950308084487915
1133,43.55609965324402,0.88068235,0.8805226683616638,1.6998896171571687e-05,0.8805033564567566,11.931765,11.947733163833618
1134,43.59581780433655,0.88068235,0.8805338740348816,2.1440024283947423e-05,0.8805224895477295,11.931765,11.94661259651184
1135,43.62730836868286,0.88071007,0.8805490732192993,4.2086390749318525e-05,0.880528450012207,11.928993,11.945092678070068
1136,43.667123556137085,0.88073397,0.88057541847229,6.182542711030692e-05,0.8805367946624756,11.926603,11.942458152770996
1137,43.70673370361328,0.880734,0.8806193470954895,7.640589319635183e-05,0.8805410265922546,11.926598,11.93806529045105
1138,43.74607300758362,0.8807523,0.880694568157196,3.496063072816469e-05,0.8806410431861877,11.9247675,11.930543184280396
1139,43.78601861000061,0.88077915,0.8807274103164673,1.2345243703748565e-05,0.8806954026222229,11.922085,11.927258968353271
1140,43.824766874313354,0.88077915,0.8807381391525269,1.0110505172633566e-05,0.8807336091995239,11.922085,11.926186084747314
1141,43.85717225074768,0.88077915,0.8807456493377686,1.6316542314598337e-05,0.8807340264320374,11.922085,11.925435066223145
1142,43.888601303100586,0.88079035,0.8807605504989624,1.6654581486363895e-05,0.8807342648506165,11.920965,11.92394495010376
1143,43.93140983581543,0.88079745,0.8807775378227234,6.989792836975539e-06,0.8807625770568848,11.920256,11.922246217727661
1144,43.9700825214386,0.88079745,0.8807823657989502,6.17325167695526e-06,0.8807787895202637,11.920256,11.92176342010498
1145,44.00314521789551,0.880802,0.880786120891571,7.71886516304221e-06,0.8807791471481323,11.919803,11.921387910842896
1146,44.04347896575928,0.880802,0.880793035030365,5.707088348572142e-06,0.8807836771011353,11.919803,11.920696496963501
1147,44.07674813270569,0.8808074,0.8807981014251709,1.955935886144289e-06,0.8807973861694336,11.91926,11.92018985748291
1148,44.11572813987732,0.8808074,0.8807990550994873,2.9350969725783216e-06,0.8807973861694336,11.91926,11.92009449005127
1149,44.14695978164673,0.88081837,0.8808010816574097,3.831351477856515e-06,0.8807974457740784,11.918163,11.919891834259033
1150,44.186092138290405,0.88081837,0.880804717540741,3.783808551816037e-06,0.8808019757270813,11.918163,11.919528245925903
1151,44.217971324920654,0.88081837,0.8808085322380066,4.756541329697939e-06,0.8808019757270813,11.918163,11.91914677619934
1152,44.249244689941406,0.88081837,0.8808116316795349,5.297625193634303e-06,0.8808073997497559,11.918163,11.918836832046509
1153,44.28222036361694,0.88081837,0.8808165192604065,4.137579253438162e-06,0.8808073997497559,11.918163,11.91834807395935
1154,44.3155083656311,0.88081837,0.8808184266090393,5.960464477539063e-08,0.8808183670043945,11.918163,11.91815733909607
1155,44.349021434783936,0.88081837,0.8808184266090393,5.960464477539063e-08,0.8808183670043945,11.918163,11.91815733909607
1156,44.38283729553223,0.88081837,0.8808184266090393,5.960464477539063e-08,0.8808183670043945,11.918163,11.91815733909607
1157,44.415992975234985,0.88081837,0.8808184266090393,5.960464477539063e-08,0.8808183670043945,11.918163,11.91815733909607
1158,44.448129653930664,0.88081837,0.8808184266090393,5.960464477539063e-08,0.8808183670043945,11.918163,11.91815733909607
1159,44.479694843292236,0.88089556,0.8808187246322632,4.891771823167801e-06,0.8808183670043945,11.910444,11.918127536773682
1160,44.51940894126892,0.88089556,0.8808193206787109,8.070885087363422e-06,0.8808183670043945,11.910444,11.918067932128906
1161,44.55214047431946,0.8808956,0.8808220028877258,1.5386001905426383e-05,0.8808183670043945,11.910439,11.917799711227417
1162,44.59233546257019,0.8808956,0.8808287382125854,2.4608112653368153e-05,0.8808183670043945,11.910439,11.917126178741455
1163,44.62528133392334,0.8808986,0.8808436989784241,3.347937308717519e-05,0.8808183670043945,11.910141,11.915630102157593
1164,44.667317628860474,0.8808987,0.8808678388595581,3.1443738407688215e-05,0.8808183670043945,11.910129,11.91321611404419
1165,44.70780682563782,0.8808991,0.8808931112289429,4.847521722695092e-06,0.880884051322937,11.910093,11.910688877105713
1166,44.748372316360474,0.8808996,0.880897045135498,1.4520649074256653e-06,0.8808955550193787,11.910039,11.910295486450195
1167,44.7914183139801,0.88090473,0.880898654460907,5.432549414763344e-07,0.8808976411819458,11.909527,11.910134553909302
1168,44.83118414878845,0.8809053,0.8808991312980652,1.0670192978068371e-06,0.8808985948562622,11.909473,11.910086870193481
1169,44.871098279953,0.88090575,0.8808998465538025,1.8269106476509478e-06,0.8808989524841309,11.909426,11.910015344619751
1170,44.9114887714386,0.88090575,0.8809009194374084,2.611769332361291e-06,0.8808990716934204,11.909426,11.909908056259155
1171,44.94434690475464,0.8809124,0.8809030652046204,2.7926384973397944e-06,0.8808990716934204,11.908758,11.909693479537964
1172,44.98262333869934,0.8809166,0.8809055089950562,1.0053342975879787e-06,0.8809047341346741,11.90834,11.909449100494385
1173,45.02088665962219,0.88093317,0.880906343460083,2.9348625503189396e-06,0.8809055685997009,11.906683,11.9093656539917
1174,45.06000304222107,0.880937,0.8809080719947815,5.981747563055251e-06,0.8809057474136353,11.9063015,11.90919280052185
1175,45.09953832626343,0.880937,0.880912184715271,1.0104283319378737e-05,0.8809057474136353,11.9063015,11.9087815284729
1176,45.13155913352966,0.880937,0.8809197545051575,1.1767462638090365e-05,0.8809057474136353,11.9063015,11.908024549484253
1177,45.164000272750854,0.880937,0.8809307217597961,5.621740456263069e-06,0.8809218406677246,11.9063015,11.906927824020386
1178,45.19622993469238,0.880937,0.8809356093406677,1.7504778497823281e-06,0.8809331655502319,11.9063015,11.906439065933228
1179,45.22866654396057,0.880937,0.8809369206428528,5.960464477539063e-08,0.8809369802474976,11.9063015,11.906307935714722
1180,45.2589852809906,0.880937,0.8809369206428528,5.960464477539063e-08,0.8809369802474976,11.9063015,11.906307935714722
1181,45.290241956710815,0.88094157,0.8809369206428528,3.011552394127648e-07,0.8809369802474976,11.905843,11.906307935714722
1182,45.32991147041321,0.88094157,0.8809369206428528,4.2170634628746484e-07,0.8809369802474976,11.905843,11.906307935714722
1183,45.361915826797485,0.8809446,0.8809370398521423,8.537023177268566e-07,0.8809369802474976,11.905539,11.906296014785767
1184,45.40150856971741,0.88094676,0.8809375762939453,2.0198312995489687e-06,0.8809369802474976,11.905325,11.906242370605469
1185,45.44154667854309,0.88094676,0.8809386491775513,3.142019977531163e-06,0.8809369802474976,11.905325,11.906135082244873
1186,45.47366547584534,0.88094676,0.880940854549408,4.066388100909535e-06,0.8809369802474976,11.905325,11.905914545059204
1187,45.5056209564209,0.88094854,0.8809449672698975,2.0133793441345915e-06,0.8809415102005005,11.905146,11.905503273010254
1188,45.544575452804565,0.8809806,0.880946934223175,2.2690192054142244e-06,0.8809446692466736,11.901939,11.905306577682495
1189,45.583746671676636,0.8809861,0.8809474110603333,4.024788267997792e-06,0.8809466361999512,11.90139,11.905258893966675
1190,45.62408781051636,0.8809886,0.8809486031532288,6.882517482154071e-06,0.8809467554092407,11.90114,11.905139684677124
1191,45.66417217254639,0.8810928,0.8809524178504944,1.4371024917636532e-05,0.8809467554092407,11.890721,11.904758214950562
1192,45.7026572227478,0.8810928,0.8809598088264465,2.1190953702898696e-05,0.8809467554092407,11.890721,11.904019117355347
1193,45.735716342926025,0.8810928,0.8809736371040344,2.5532779545756057e-05,0.8809525966644287,11.890721,11.902636289596558
1194,45.768492460250854,0.88118374,0.8809991478919983,3.501416358631104e-05,0.8809806108474731,11.881626,11.900085210800171
1195,45.81037449836731,0.8812249,0.8810219168663025,5.907710510655306e-05,0.880988597869873,11.877513,11.897808313369751
1196,45.85003709793091,0.881232,0.8810669779777527,7.960137008922175e-05,0.8809927701950073,11.876798,11.893302202224731
1197,45.88984131813049,0.881232,0.8811454772949219,5.476316800923087e-05,0.8810669183731079,11.876798,11.885452270507812
1198,45.92189574241638,0.88125783,0.8811955451965332,2.2421247194870375e-05,0.8811597228050232,11.874217,11.88044548034668
1199,45.960253953933716,0.8812948,0.8812164068222046,1.7918018784257583e-05,0.8811994791030884,11.870522,11.878359317779541
1200,46.00051212310791,0.88129735,0.8812336921691895,2.094942465191707e-05,0.8812165260314941,11.870265,11.876630783081055
1201,46.03974008560181,0.8813079,0.8812502026557922,2.5979834390454926e-05,0.8812248706817627,11.86921,11.874979734420776
1202,46.080341815948486,0.88130987,0.8812767863273621,2.0895578927593306e-05,0.8812451362609863,11.869013,11.872321367263794
1203,46.117828130722046,0.88130987,0.8812965750694275,7.771357559249736e-06,0.8812824487686157,11.869013,11.870342493057251
1204,46.150391578674316,0.88130987,0.8813031315803528,5.587888153968379e-06,0.8812956809997559,11.869013,11.869686841964722
1205,46.18128490447998,0.88130987,0.8813082575798035,9.655053645474254e-07,0.8813062310218811,11.869013,11.869174242019653
1206,46.213735580444336,0.88130987,0.8813090324401855,5.186209364183014e-07,0.8813086152076721,11.869013,11.869096755981445
1207,46.246193408966064,0.88130987,0.881309449672699,4.367828978502075e-07,0.8813088536262512,11.869013,11.869055032730103
1208,46.27759599685669,0.8813197,0.8813097476959229,6.433436965380679e-07,0.8813098669052124,11.86803,11.869025230407715
1209,46.31616806983948,0.8813206,0.8813099265098572,1.2720976201308076e-06,0.8813098669052124,11.867941,11.869007349014282
1210,46.356813192367554,0.8813214,0.8813101649284363,2.0081108687008964e-06,0.8813098669052124,11.867863,11.868983507156372
1211,46.39598536491394,0.8813266,0.8813112378120422,3.913113232556498e-06,0.8813098669052124,11.867338,11.868876218795776
1212,46.43497896194458,0.8813268,0.8813139200210571,5.9260905800329056e-06,0.8813098669052124,11.867321,11.868607997894287
1213,46.474766969680786,0.8813268,0.8813188672065735,6.160310931591084e-06,0.8813099265098572,11.867321,11.868113279342651
1214,46.50867438316345,0.8813268,0.8813242316246033,2.3611307824467076e-06,0.8813204765319824,11.867321,11.867576837539673
1215,46.542280197143555,0.8813268,0.8813261985778809,5.944761483078764e-07,0.8813254237174988,11.867321,11.867380142211914
1216,46.5740225315094,0.8813432,0.8813267350196838,1.0486628525541164e-06,0.8813265562057495,11.865682,11.867326498031616
1217,46.61383557319641,0.88134396,0.8813269138336182,1.8251396340929205e-06,0.8813266754150391,11.865604,11.867308616638184
1218,46.65349006652832,0.8813453,0.8813276886940002,3.856318926409585e-06,0.8813267946243286,11.865473,11.867231130599976
1219,46.692791223526,0.8813453,0.8813291788101196,6.081173069105716e-06,0.8813267946243286,11.865473,11.867082118988037
1220,46.72523617744446,0.8813454,0.8813323974609375,8.311540113936644e-06,0.8813267946243286,11.865461,11.86676025390625
1221,46.766207695007324,0.8813802,0.8813392519950867,8.728702596272342e-06,0.8813268542289734,11.86198,11.866074800491333
1222,46.80762815475464,0.8813803,0.8813456892967224,3.832177753793076e-06,0.8813444375991821,11.861968,11.865431070327759
1223,46.84756565093994,0.8814165,0.8813483715057373,1.1202094356121961e-05,0.881345272064209,11.85835,11.86516284942627
1224,46.88710570335388,0.8814174,0.8813536167144775,1.9815226551145315e-05,0.8813453912734985,11.858261,11.864638328552246
1225,46.92680740356445,0.88141745,0.8813649415969849,2.8236867365194485e-05,0.8813453912734985,11.858254,11.863505840301514
1226,46.96686816215515,0.8814179,0.8813875317573547,2.8885666324640624e-05,0.8813453912734985,11.858213,11.861246824264526
1227,47.00685405731201,0.8814189,0.8814144730567932,5.235173830442363e-06,0.881397008895874,11.858111,11.858552694320679
1228,47.04695463180542,0.8814193,0.8814168572425842,6.301543749032135e-07,0.881415843963623,11.85807,11.858314275741577
1229,47.089754819869995,0.8814352,0.8814176321029663,1.2360027312752209e-06,0.8814164996147156,11.856479,11.85823678970337
1230,47.13242292404175,0.88143665,0.8814186453819275,3.907911377609707e-06,0.881417453289032,11.856336,11.858135461807251
1231,47.171347856521606,0.8814468,0.8814212679862976,6.591149485757342e-06,0.881417453289032,11.855322,11.85787320137024
1232,47.21157908439636,0.8814478,0.8814260363578796,8.738706128497142e-06,0.8814188838005066,11.855221,11.857396364212036
1233,47.25178337097168,0.88146627,0.8814343810081482,7.513616765209008e-06,0.88141930103302,11.853373,11.85656189918518
1234,47.29228067398071,0.8814665,0.8814395666122437,5.9857343330804724e-06,0.8814362287521362,11.85335,11.856043338775635
1235,47.331522703170776,0.8814665,0.8814440369606018,8.869356861396227e-06,0.8814375996589661,11.85335,11.85559630393982
1236,47.36458134651184,0.8814665,0.8814513683319092,8.864118171914015e-06,0.8814376592636108,11.85335,11.854863166809082
1237,47.39715385437012,0.8814665,0.8814594745635986,6.775897418265231e-06,0.8814477920532227,11.85335,11.854052543640137
1238,47.429510831832886,0.8814665,0.8814657926559448,1.0535181900195312e-06,0.8814629316329956,11.85335,11.853420734405518
1239,47.461514711380005,0.8814665,0.8814665079116821,4.971057876446139e-08,0.8814663887023926,11.85335,11.853349208831787
1240,47.49415159225464,0.8814665,0.8814666271209717,1.1920928955078125e-07,0.8814665079116821,11.85335,11.853337287902832
1241,47.52477312088013,0.8814665,0.8814666271209717,1.1920928955078125e-07,0.8814665079116821,11.85335,11.853337287902832
1242,47.55772638320923,0.8814665,0.8814666271209717,1.1920928955078125e-07,0.8814665079116821,11.85335,11.853337287902832
1243,47.58897066116333,0.8814665,0.8814666271209717,1.1920928955078125e-07,0.8814665079116821,11.85335,11.853337287902832
1244,47.62108755111694,0.8814665,0.8814666271209717,1.1920928955078125e-07,0.8814665079116821,11.85335,11.853337287902832
1245,47.65276765823364,0.8814665,0.8814666271209717,1.1920928955078125e-07,0.8814665079116821,11.85335,11.853337287902832
1246,47.682960987091064,0.8814665,0.8814666271209717,1.1920928955078125e-07,0.8814665079116821,11.85335,11.853337287902832
1247,47.714749336242676,0.8815127,0.881466805934906,2.929509264504304e-06,0.8814665079116821,11.84873,11.8533194065094
1248,47.755900382995605,0.8815145,0.8814677596092224,7.145301424316131e-06,0.8814665079116821,11.848551,11.853224039077759
1249,47.79646587371826,0.88151467,0.8814712762832642,1.392718422721373e-05,0.8814665079116821,11.848534,11.852872371673584
1250,47.83724808692932,0.88151467,0.881478488445282,2.0375782696646638e-05,0.8814665079116821,11.848534,11.852151155471802
1251,47.87060618400574,0.8815235,0.881493091583252,2.3421736841555685e-05,0.8814665079116821,11.847651,11.850690841674805
1252,47.910815477371216,0.8815235,0.8815141320228577,1.4022883760844707e-06,0.8815127015113831,11.847651,11.848586797714233
1253,47.94287586212158,0.8815235,0.8815151453018188,2.137179535566247e-06,0.8815144896507263,11.847651,11.848485469818115
1254,47.9750874042511,0.88154936,0.8815165162086487,4.163003268331522e-06,0.8815146684646606,11.845064,11.848348379135132
1255,48.01415777206421,0.88154936,0.8815184235572815,5.448345746117411e-06,0.8815146684646606,11.845064,11.84815764427185
1256,48.04606342315674,0.8815576,0.8815234899520874,7.428115623042686e-06,0.8815146684646606,11.844242,11.84765100479126
1257,48.08495569229126,0.88156635,0.8815285563468933,1.0446965461596847e-05,0.8815234899520874,11.843366,11.847144365310669
1258,48.12517714500427,0.881572,0.8815359473228455,1.4570457096851896e-05,0.8815234899520874,11.842799,11.846405267715454
1259,48.16520023345947,0.88159215,0.8815498352050781,1.2326847354415804e-05,0.8815241456031799,11.840784,11.845016479492188
1260,48.20508527755737,0.88160026,0.881561815738678,1.132044599216897e-05,0.8815493583679199,11.839973,11.843818426132202
1261,48.24692487716675,0.88160104,0.8815729022026062,1.521575450169621e-05,0.8815581202507019,11.839896,11.84270977973938
1262,48.285561084747314,0.8816032,0.8815860152244568,1.4106195521890186e-05,0.8815663456916809,11.839682,11.841398477554321
1263,48.3256950378418,0.8816032,0.8815991878509521,3.259961431467673e-06,0.8815920948982239,11.839682,11.840081214904785
1264,48.35800361633301,0.8816032,0.8816013336181641,8.316749813275237e-07,0.8816003203392029,11.839682,11.839866638183594
1265,48.38932466506958,0.88160634,0.8816019892692566,9.97031747829169e-07,0.8816009759902954,11.839366,11.83980107307434
1266,48.42950224876404,0.8816212,0.8816030025482178,1.2747497066811775e-06,0.8816021084785461,11.837882,11.839699745178223
1267,48.46870136260986,0.88169646,0.8816049695014954,1.066145341610536e-05,0.8816031217575073,11.830354,11.839503049850464
1268,48.509207248687744,0.8816966,0.8816098570823669,2.0685369236161932e-05,0.8816031813621521,11.830341,11.839014291763306
1269,48.55015325546265,0.881698,0.8816224336624146,3.365439988556318e-05,0.8816031813621521,11.830198,11.837756633758545
1270,48.594040393829346,0.8817346,0.8816484808921814,4.038964834762737e-05,0.8816038370132446,11.826539,11.83515191078186
1271,48.63512873649597,0.8817346,0.8816889524459839,2.1460407879203558e-05,0.8816224932670593,11.826539,11.831104755401611
1272,48.668139934539795,0.8817346,0.8817017674446106,1.2379897270875517e-05,0.8816964626312256,11.826539,11.82982325553894
1273,48.70116639137268,0.8817363,0.8817080855369568,1.6506903193658218e-05,0.8816965818405151,11.826372,11.829191446304321
1274,48.741292238235474,0.8817364,0.8817213177680969,1.6843352568685077e-05,0.8816975355148315,11.826361,11.827868223190308
1275,48.781501054763794,0.88173705,0.8817346692085266,1.0790479336719727e-06,0.8817328214645386,11.826295,11.826533079147339
1276,48.82204604148865,0.88173705,0.881735622882843,7.612399599565833e-07,0.8817346096038818,11.826295,11.826437711715698
1277,48.85507774353027,0.8817371,0.8817362785339355,5.255833457340486e-07,0.8817353844642639,11.826288,11.826372146606445
1278,48.89683794975281,0.8817371,0.8817366361618042,3.448206769007811e-07,0.8817362785339355,11.826288,11.82633638381958
1279,48.928704500198364,0.8817371,0.8817368745803833,2.324402430531336e-07,0.8817363977432251,11.826288,11.82631254196167
1280,48.960978984832764,0.8817371,0.8817369937896729,9.29807200122923e-08,0.8817370533943176,11.826288,11.826300621032715
1281,48.99281978607178,0.8817371,0.8817369937896729,1.1911912878304065e-07,0.8817370533943176,11.826288,11.826300621032715
1282,49.024364709854126,0.8817371,0.8817369937896729,1.1920928955078125e-07,0.8817371129989624,11.826288,11.826300621032715
1283,49.05414700508118,0.8817371,0.8817369937896729,1.1920928955078125e-07,0.8817371129989624,11.826288,11.826300621032715
1284,49.08576512336731,0.8817371,0.8817369937896729,1.1920928955078125e-07,0.8817371129989624,11.826288,11.826300621032715
1285,49.117512702941895,0.8817371,0.8817369937896729,1.1920928955078125e-07,0.8817371129989624,11.826288,11.826300621032715
1286,49.149231910705566,0.8817371,0.8817369937896729,1.1920928955078125e-07,0.8817371129989624,11.826288,11.826300621032715
1287,49.18079137802124,0.8817371,0.8817369937896729,1.1920928955078125e-07,0.8817371129989624,11.826288,11.826300621032715
1288,49.21260452270508,0.8817371,0.8817369937896729,1.1920928955078125e-07,0.8817371129989624,11.826288,11.826300621032715
1289,49.24419450759888,0.8817371,0.8817369937896729,1.1920928955078125e-07,0.8817371129989624,11.826288,11.826300621032715
1290,49.276241064071655,0.8817371,0.8817369937896729,1.1920928955078125e-07,0.8817371129989624,11.826288,11.826300621032715
1291,49.308385133743286,0.8817371,0.8817369937896729,1.1920928955078125e-07,0.8817371129989624,11.826288,11.826300621032715
1292,49.340754985809326,0.88178194,0.8817371726036072,2.8430813472368754e-06,0.8817371129989624,11.821806,11.826282739639282
1293,49.38152194023132,0.88178194,0.8817373514175415,4.010821157862665e-06,0.8817371129989624,11.821806,11.82626485824585
1294,49.41478967666626,0.881787,0.8817386627197266,8.49361367727397e-06,0.8817371129989624,11.8213,11.826133728027344
1295,49.454577922821045,0.881787,0.881742000579834,1.4197519703884609e-05,0.8817371129989624,11.8213,11.825799942016602
1296,49.48674392700195,0.88178706,0.8817492127418518,2.051962655968964e-05,0.8817371129989624,11.821294,11.82507872581482
1297,49.525774002075195,0.88178706,0.8817634582519531,2.352169030928053e-05,0.8817371129989624,11.821294,11.823654174804688
1298,49.55815625190735,0.88178706,0.8817850947380066,2.4302601104864152e-06,0.8817816376686096,11.821294,11.82149052619934
1299,49.59132504463196,0.88178706,0.8817869424819946,1.061459968809686e-07,0.8817867636680603,11.821294,11.821305751800537
1300,49.623228311538696,0.88178706,0.8817871809005737,1.427263214281993e-07,0.8817870020866394,11.821294,11.821281909942627
1301,49.65519404411316,0.88178706,0.8817871809005737,1.1920928955078125e-07,0.8817870616912842,11.821294,11.821281909942627
1302,49.68725776672363,0.88178706,0.8817871809005737,1.1920928955078125e-07,0.8817870616912842,11.821294,11.821281909942627
1303,49.71907138824463,0.88178706,0.8817871809005737,1.1920928955078125e-07,0.8817870616912842,11.821294,11.821281909942627
1304,49.751548528671265,0.88178706,0.8817871809005737,1.1920928955078125e-07,0.8817870616912842,11.821294,11.821281909942627
1305,49.784428358078,0.88178706,0.8817871809005737,1.1920928955078125e-07,0.8817870616912842,11.821294,11.821281909942627
1306,49.815667152404785,0.88178706,0.8817871809005737,1.1920928955078125e-07,0.8817870616912842,11.821294,11.821281909942627
1307,49.84725284576416,0.88178706,0.8817871809005737,1.1920928955078125e-07,0.8817870616912842,11.821294,11.821281909942627
1308,49.87863540649414,0.88178706,0.8817871809005737,1.1920928955078125e-07,0.8817870616912842,11.821294,11.821281909942627
1309,49.91077375411987,0.88178706,0.8817871809005737,1.1920928955078125e-07,0.8817870616912842,11.821294,11.821281909942627
1310,49.942753076553345,0.88178706,0.8817871809005737,1.1920928955078125e-07,0.8817870616912842,11.821294,11.821281909942627
1311,49.973905086517334,0.88178706,0.8817871809005737,1.1920928955078125e-07,0.8817870616912842,11.821294,11.821281909942627
1312,50.006001710891724,0.88178706,0.8817871809005737,1.1920928955078125e-07,0.8817870616912842,11.821294,11.821281909942627
1313,50.03750228881836,0.88179636,0.8817872405052185,6.059621568965667e-07,0.8817870616912842,11.820364,11.82127594947815
1314,50.07658243179321,0.88179636,0.8817873597145081,9.562170362187317e-07,0.8817870616912842,11.820364,11.821264028549194
1315,50.10833168029785,0.8818101,0.8817879557609558,3.0440094178629806e-06,0.8817870616912842,11.818987,11.821204423904419
1316,50.145822286605835,0.881817,0.8817898631095886,6.0539086916833185e-06,0.8817870616912842,11.818302,11.821013689041138
1317,50.18458819389343,0.88182205,0.8817943334579468,9.735253115650266e-06,0.8817870616912842,11.817795,11.820566654205322
1318,50.224432706832886,0.88182205,0.8818023204803467,1.0249418664898258e-05,0.8817870616912842,11.817795,11.819767951965332
1319,50.256497621536255,0.88182205,0.8818121552467346,7.770565389364492e-06,0.8817989826202393,11.817795,11.818784475326538
1320,50.28901243209839,0.88182205,0.8818194270133972,3.611278316384414e-06,0.8818101286888123,11.817795,11.818057298660278
1321,50.32082986831665,0.88184917,0.8818220496177673,1.722128899928066e-06,0.8818220496177673,11.815083,11.817795038223267
1322,50.359402656555176,0.88186455,0.881822407245636,3.993805421487195e-06,0.8818220496177673,11.813545,11.817759275436401
1323,50.397127628326416,0.88186455,0.8818238377571106,7.703944902459625e-06,0.8818220496177673,11.813545,11.81761622428894
1324,50.429128885269165,0.8818648,0.8818280696868896,1.3882214261684567e-05,0.8818220496177673,11.813521,11.817193031311035
1325,50.46882724761963,0.8818648,0.8818360567092896,1.8809299945132807e-05,0.8818220496177673,11.813521,11.816394329071045
1326,50.50039792060852,0.8818648,0.8818517923355103,1.7352602299069986e-05,0.8818220496177673,11.813521,11.814820766448975
1327,50.531840324401855,0.8818648,0.881864607334137,1.4521388891353126e-07,0.8818645477294922,11.813521,11.813539266586304
1328,50.564032316207886,0.8818648,0.881864607334137,1.7881393432617188e-07,0.8818647861480713,11.813521,11.813539266586304
1329,50.5955593585968,0.8818648,0.881864607334137,1.7881393432617188e-07,0.8818647861480713,11.813521,11.813539266586304
1330,50.62745451927185,0.8818914,0.8818647265434265,1.69667771388049e-06,0.8818647861480713,11.810857,11.813527345657349
1331,50.66762709617615,0.88189155,0.8818651437759399,3.7355262065830175e-06,0.8818647861480713,11.810845,11.813485622406006
1332,50.71001482009888,0.88189155,0.8818671703338623,7.823072337487247e-06,0.8818647861480713,11.810845,11.81328296661377
1333,50.74368667602539,0.8818942,0.8818709254264832,1.1303191058686934e-05,0.8818647861480713,11.810583,11.812907457351685
1334,50.784953117370605,0.88193667,0.8818782567977905,1.4093826393946074e-05,0.8818647861480713,11.806334,11.812174320220947
1335,50.82673120498657,0.8819612,0.8818942308425903,9.219139428751078e-06,0.8818883895874023,11.803877,11.810576915740967
1336,50.865920066833496,0.8819612,0.8819016218185425,1.6020903785829432e-05,0.8818914294242859,11.803877,11.809837818145752
1337,50.89938521385193,0.881969,0.8819153308868408,1.8703742171055637e-05,0.8818939924240112,11.8031025,11.808466911315918
1338,50.93884038925171,0.8819711,0.8819316625595093,1.53187575051561e-05,0.8819185495376587,11.802888,11.806833744049072
1339,50.98048448562622,0.8819717,0.8819469213485718,1.5723002434242517e-05,0.8819208741188049,11.802828,11.805307865142822
1340,51.02086877822876,0.8819717,0.8819615244865417,9.753038284543436e-06,0.8819442987442017,11.802828,11.803847551345825
1341,51.05364418029785,0.88201195,0.8819693922996521,3.4449649319867603e-06,0.8819646239280701,11.798805,11.80306077003479
1342,51.093085527420044,0.88201195,0.881971538066864,3.684083367261337e-06,0.881969690322876,11.798805,11.802846193313599
1343,51.12548756599426,0.88203883,0.8819739818572998,1.0344359907321632e-05,0.8819713592529297,11.796117,11.80260181427002
1344,51.169143199920654,0.882052,0.881979763507843,1.9294669982627966e-05,0.8819717168807983,11.7948,11.802023649215698
1345,51.208781003952026,0.882053,0.8819902539253235,2.8132326406193897e-05,0.8819717168807983,11.794699,11.800974607467651
1346,51.247655630111694,0.882053,0.8820124268531799,3.144320362480357e-05,0.8819718956947327,11.794699,11.798757314682007
1347,51.28040432929993,0.8820533,0.8820409178733826,1.2483817954489496e-05,0.8820126056671143,11.794668,11.795908212661743
1348,51.320523262023926,0.88205695,0.8820521831512451,6.752305807822268e-07,0.8820511102676392,11.794305,11.794781684875488
1349,51.36011242866516,0.88205695,0.8820528388023376,6.652437605225714e-07,0.8820520639419556,11.794305,11.794716119766235
1350,51.39231824874878,0.88205695,0.8820533752441406,8.68933113906678e-07,0.8820527791976929,11.794305,11.794662475585938
1351,51.42416048049927,0.8820574,0.8820538520812988,1.3715806517211604e-06,0.882053017616272,11.794257,11.794614791870117
1352,51.46293616294861,0.8820574,0.8820547461509705,1.8080152131005889e-06,0.8820532560348511,11.794257,11.794525384902954
1353,51.495643615722656,0.8820855,0.8820563554763794,2.4688667963346234e-06,0.8820533156394958,11.79145,11.79436445236206
1354,51.53438711166382,0.88208556,0.8820576667785645,3.5598425256466726e-06,0.8820569515228271,11.791444,11.794233322143555
1355,51.574193239212036,0.8820894,0.8820587992668152,6.394352112693014e-06,0.8820573687553406,11.791062,11.794120073318481
1356,51.61287331581116,0.8820897,0.8820620179176331,1.0693649528548121e-05,0.8820574283599854,11.791033,11.793798208236694
1357,51.65230369567871,0.8820897,0.8820680379867554,1.4305174772744067e-05,0.8820574283599854,11.791033,11.793196201324463
1358,51.684478521347046,0.8820919,0.8820801973342896,1.3179893358028494e-05,0.8820574283599854,11.790812,11.791980266571045
1359,51.72500729560852,0.8820919,0.8820892572402954,1.392495619256806e-06,0.8820855617523193,11.790812,11.791074275970459
1360,51.76193642616272,0.8820919,0.8820898532867432,5.853942752764851e-07,0.8820896744728088,11.790812,11.791014671325684
1361,51.79566144943237,0.88209194,0.8820900917053223,8.9056180740954e-07,0.8820896744728088,11.790806,11.790990829467773
1362,51.83604168891907,0.8820923,0.88209068775177,1.0881929028982995e-06,0.8820896744728088,11.790771,11.790931224822998
1363,51.87708139419556,0.8820923,0.8820917010307312,4.660192587380152e-07,0.8820898532867432,11.790771,11.79082989692688
1364,51.91770124435425,0.8820923,0.8820918798446655,1.8922601441317966e-07,0.8820918798446655,11.790771,11.790812015533447
1365,51.96084904670715,0.8820923,0.8820919990539551,2.0095637864869786e-07,0.8820918798446655,11.790771,11.790800094604492
1366,51.995989084243774,0.8820923,0.8820922374725342,1.6146930192917353e-07,0.8820919394493103,11.790771,11.790776252746582
1367,52.02858018875122,0.8820923,0.8820923566818237,5.960464477539063e-08,0.882092297077179,11.790771,11.790764331817627
1368,52.06115937232971,0.8820923,0.8820923566818237,5.960464477539063e-08,0.882092297077179,11.790771,11.790764331817627
1369,52.09333777427673,0.88209254,0.8820923566818237,6.055837786789198e-08,0.882092297077179,11.790747,11.790764331817627
1370,52.132519483566284,0.88209254,0.8820923566818237,6.242215278007279e-08,0.882092297077179,11.790747,11.790764331817627
1371,52.164891719818115,0.88209254,0.8820923566818237,6.937833774145474e-08,0.882092297077179,11.790747,11.790764331817627
1372,52.19717311859131,0.88209254,0.8820923566818237,8.530728479172467e-08,0.882092297077179,11.790747,11.790764331817627
1373,52.22964429855347,0.88212377,0.8820926547050476,2.0229531401128042e-06,0.882092297077179,11.787623,11.79073452949524
1374,52.269652366638184,0.8821289,0.8820930123329163,3.6578790059138555e-06,0.882092297077179,11.78711,11.790698766708374
1375,52.31167483329773,0.88212913,0.8820943236351013,7.130876838346012e-06,0.8820925354957581,11.7870865,11.790567636489868
1376,52.35457134246826,0.88212913,0.8820986151695251,1.2681689440796617e-05,0.8820925354957581,11.7870865,11.790138483047485
1377,52.388827323913574,0.88213414,0.8821065425872803,1.646488999540452e-05,0.8820925354957581,11.786586,11.789345741271973
1378,52.427382946014404,0.88213426,0.8821219801902771,1.2132858500990551e-05,0.882097601890564,11.786574,11.78780198097229
1379,52.4685115814209,0.8821344,0.8821299076080322,2.03172044166422e-06,0.8821288347244263,11.786562,11.787009239196777
1380,52.50734329223633,0.8821344,0.8821312785148621,2.51049937105563e-06,0.8821291327476501,11.786562,11.786872148513794
1381,52.53954029083252,0.8821344,0.8821337223052979,1.5997881064322428e-06,0.8821291327476501,11.786562,11.786627769470215
1382,52.57088541984558,0.88214046,0.8821343779563904,4.290562856112956e-07,0.8821342587471008,11.785954,11.786562204360962
1383,52.6089301109314,0.88214046,0.8821344971656799,6.201692599461239e-07,0.8821342587471008,11.785954,11.786550283432007
1384,52.64068603515625,0.8821448,0.8821346163749695,1.1524566616571974e-06,0.8821343779563904,11.785519,11.786538362503052
1385,52.68070387840271,0.8821449,0.882135272026062,2.237550688732881e-06,0.8821343779563904,11.785507,11.786472797393799
1386,52.720908641815186,0.88214505,0.8821367025375366,3.477754489722429e-06,0.8821343779563904,11.785496,11.786329746246338
1387,52.76160287857056,0.88214517,0.8821395635604858,3.647952325991355e-06,0.8821343779563904,11.785483,11.786043643951416
1388,52.80575513839722,0.88214767,0.8821430802345276,2.063050942524569e-06,0.8821404576301575,11.785233,11.785691976547241
1389,52.847697257995605,0.88214767,0.88214510679245,9.548490425004275e-07,0.8821431398391724,11.785233,11.785489320755005
1390,52.8809027671814,0.882161,0.8821458220481873,1.5277259990398306e-06,0.8821449279785156,11.783897,11.785417795181274
1391,52.92146348953247,0.8821745,0.8821470141410828,2.452342641845462e-06,0.8821450471878052,11.782551,11.785298585891724
1392,52.96137237548828,0.882208,0.8821487426757812,5.563753347814782e-06,0.882147490978241,11.7792015,11.785125732421875
1393,53.00012278556824,0.88220817,0.8821526765823364,1.3688350009033456e-05,0.8821476697921753,11.779183,11.784732341766357
1394,53.040648460388184,0.8822082,0.8821614384651184,2.21718437387608e-05,0.8821477890014648,11.779177,11.78385615348816
1395,53.08073806762695,0.88221014,0.882178544998169,2.541118192311842e-05,0.882148027420044,11.778986,11.782145500183105
1396,53.12155485153198,0.88221043,0.8822026252746582,8.86074485606514e-06,0.8821841478347778,11.778956,11.77973747253418
1397,53.16165852546692,0.88221043,0.882208526134491,8.8276624410355e-07,0.882207989692688,11.778956,11.779147386550903
1398,53.19355034828186,0.88221043,0.8822092413902283,9.77750005404232e-07,0.8822082281112671,11.778956,11.779075860977173
1399,53.22653818130493,0.88221043,0.8822101950645447,1.4913173629338417e-07,0.8822100162506104,11.778956,11.778980493545532
1400,53.25877571105957,0.88221043,0.8822104334831238,8.509711335591419e-08,0.8822102546691895,11.778956,11.778956651687622
1401,53.29063558578491,0.88235295,0.8822110891342163,9.03179170563817e-06,0.8822104334831238,11.764706,11.77889108657837
1402,53.330262899398804,0.88235295,0.882212221622467,1.5579566024825908e-05,0.8822104334831238,11.764706,11.778777837753296
1403,53.361390352249146,0.8824314,0.8822165727615356,2.980388126161415e-05,0.8822104334831238,11.756861,11.778342723846436
1404,53.401209354400635,0.8824315,0.8822306990623474,5.4627635108772665e-05,0.8822104334831238,11.756849,11.776930093765259
1405,53.44027256965637,0.8824315,0.8822664618492126,8.546403114451095e-05,0.8822104334831238,11.756849,11.773353815078735
1406,53.47238302230835,0.8824315,0.8823328614234924,9.41314865485765e-05,0.8822104334831238,11.756849,11.766713857650757
1407,53.50631642341614,0.8824315,0.8824189901351929,2.4579559976700693e-05,0.8823540210723877,11.756849,11.758100986480713
1408,53.539936780929565,0.8824901,0.8824315071105957,3.7212214465398574e-06,0.8824313879013062,11.75099,11.75684928894043
1409,53.57934927940369,0.8824901,0.8824318647384644,5.242467977950582e-06,0.8824314475059509,11.75099,11.756813526153564
1410,53.61245107650757,0.8824902,0.8824328184127808,9.006231266539544e-06,0.8824315071105957,11.750978,11.756718158721924
1411,53.65043234825134,0.8824902,0.8824371695518494,1.748805880197324e-05,0.8824315071105957,11.750978,11.756283044815063
1412,53.68212413787842,0.8824902,0.8824455142021179,2.5038560124812648e-05,0.8824315071105957,11.750978,11.755448579788208
1413,53.714054346084595,0.88249063,0.8824611902236938,2.9265069315442815e-05,0.8824315071105957,11.7509365,11.753880977630615
1414,53.75504469871521,0.88249063,0.8824901580810547,7.339190943866924e-08,0.8824900984764099,11.7509365,11.750984191894531
1415,53.788331508636475,0.88249063,0.8824902176856995,1.1539286504103075e-07,0.8824901580810547,11.7509365,11.750978231430054
1416,53.82115578651428,0.88249063,0.8824902772903442,1.6547843983971688e-07,0.8824902176856995,11.7509365,11.750972270965576
1417,53.8518853187561,0.88249063,0.882490336894989,2.07687165243442e-07,0.8824902176856995,11.7509365,11.750966310501099
1418,53.88360524177551,0.88249063,0.8824904561042786,1.924910293382709e-07,0.8824902176856995,11.7509365,11.750954389572144
1419,53.91467046737671,0.8824927,0.8824905157089233,1.8375283161731204e-07,0.8824906349182129,11.750728,11.750948429107666
1420,53.95456528663635,0.88249314,0.8824905753135681,2.590928431800421e-07,0.8824906349182129,11.750687,11.750942468643188
1421,53.994121074676514,0.8824932,0.8824905753135681,5.143564862919447e-07,0.8824906349182129,11.75068,11.750942468643188
1422,54.03287482261658,0.8824932,0.8824908137321472,8.491890639561461e-07,0.8824906349182129,11.75068,11.750918626785278
1423,54.06471514701843,0.8824944,0.8824913501739502,1.139603455158067e-06,0.8824906349182129,11.750561,11.75086498260498
1424,54.105116844177246,0.8824944,0.882492184638977,1.1952222394029377e-06,0.8824906349182129,11.750561,11.750781536102295
1425,54.137906074523926,0.88249445,0.8824931979179382,3.4160677842010045e-07,0.8824931383132935,11.750555,11.750680208206177
1426,54.17746639251709,0.88249445,0.8824933767318726,5.090723789180629e-07,0.8824931979179382,11.750555,11.750662326812744
1427,54.20888042449951,0.88249445,0.8824936747550964,6.160729526527575e-07,0.8824931979179382,11.750555,11.750632524490356
1428,54.24032926559448,0.88254404,0.8824944496154785,3.15891111313249e-06,0.8824931979179382,11.745596,11.750555038452148
1429,54.28002738952637,0.88254577,0.8824951648712158,6.302892870735377e-06,0.8824944496154785,11.745423,11.750483512878418
1430,54.3203399181366,0.88254666,0.8824982047080994,1.3350293556868564e-05,0.8824944496154785,11.745334,11.750179529190063
1431,54.360316038131714,0.88254666,0.8825039863586426,1.9842978872475214e-05,0.8824944496154785,11.745334,11.749601364135742
1432,54.39490747451782,0.88254666,0.882516086101532,2.5100045604631305e-05,0.8824944496154785,11.745334,11.748391389846802
1433,54.42667078971863,0.88254666,0.8825399279594421,1.5534653357462958e-05,0.8824952840805054,11.745334,11.746007204055786
1434,54.45952773094177,0.88254666,0.8825459480285645,4.269140845281072e-07,0.8825457692146301,11.745334,11.745405197143555
1435,54.49247121810913,0.88254666,0.8825462460517883,4.020998574105761e-07,0.8825457692146301,11.745334,11.745375394821167
1436,54.52482748031616,0.88254666,0.8825464844703674,1.7881393432617188e-07,0.8825466632843018,11.745334,11.745351552963257
1437,54.55671501159668,0.8825715,0.882546603679657,1.5832055169084924e-06,0.8825466632843018,11.742848,11.745339632034302
1438,54.59617018699646,0.8825715,0.8825467824935913,2.7231683361605974e-06,0.8825466632843018,11.742848,11.74532175064087
1439,54.62762379646301,0.8825715,0.8825472593307495,4.396338681544876e-06,0.8825466632843018,11.742848,11.745274066925049
1440,54.659600019454956,0.8825718,0.8825495839118958,8.24119706521742e-06,0.8825466632843018,11.742819,11.745041608810425
1441,54.69987463951111,0.8825718,0.8825536966323853,1.1334684131725226e-05,0.8825466632843018,11.742819,11.744630336761475
1442,54.732102394104004,0.8825719,0.8825623989105225,1.2048663847963326e-05,0.8825466632843018,11.742812,11.743760108947754
1443,54.77481269836426,0.8825781,0.882571816444397,4.3058940946139046e-07,0.8825715184211731,11.742192,11.742818355560303
1444,54.81464123725891,0.8825781,0.8825720548629761,7.990977906047192e-07,0.882571816444397,11.742192,11.742794513702393
1445,54.847018241882324,0.88259566,0.8825723528862,2.0940342437825166e-06,0.882571816444397,11.740435,11.742764711380005
1446,54.886937379837036,0.8825983,0.8825735449790955,4.7749140321684536e-06,0.882571816444397,11.740171,11.742645502090454
1447,54.930142879486084,0.8826052,0.8825766444206238,8.397999408771284e-06,0.882571816444397,11.739481,11.742335557937622
1448,54.97089648246765,0.8826052,0.8825824856758118,1.0454773473611567e-05,0.8825718760490417,11.739481,11.741751432418823
1449,55.002992391586304,0.8826052,0.8825914859771729,8.007197720871773e-06,0.8825808763504028,11.739481,11.740851402282715
1450,55.035290002822876,0.8826052,0.8825985193252563,1.7891384231916163e-06,0.8825973272323608,11.739481,11.740148067474365
1451,55.06712365150452,0.8826052,0.8825993537902832,2.552188107074471e-06,0.8825982809066772,11.739481,11.74006462097168
1452,55.099013805389404,0.8826052,0.8826008439064026,3.1288420814234996e-06,0.8825982809066772,11.739481,11.739915609359741
1453,55.13173580169678,0.8826052,0.8826037049293518,2.1189721337577794e-06,0.8825982809066772,11.739481,11.73962950706482
1454,55.16390800476074,0.882611,0.882605254650116,3.683427962641872e-07,0.8826051950454712,11.738902,11.739474534988403
1455,55.20452928543091,0.8826151,0.8826054930686951,1.1614090453804238e-06,0.8826051950454712,11.738491,11.739450693130493
1456,55.243825912475586,0.88261855,0.8826061487197876,2.475970404702821e-06,0.8826051950454712,11.738146,11.73938512802124
1457,55.282541275024414,0.88261855,0.8826076984405518,4.039231043861946e-06,0.8826051950454712,11.738146,11.739230155944824
1458,55.31541109085083,0.8826238,0.8826107382774353,5.087115823698696e-06,0.8826051950454712,11.737621,11.73892617225647
1459,55.3557813167572,0.8826393,0.8826156854629517,4.072010142408544e-06,0.8826109766960144,11.736071,11.738431453704834
1460,55.396289587020874,0.8827173,0.8826202750205994,7.0206283453444485e-06,0.8826179504394531,11.728269,11.737972497940063
1461,55.43460941314697,0.88274235,0.8826245665550232,1.5271945812855847e-05,0.8826185464859009,11.725765,11.73754334449768
1462,55.47249794006348,0.88276565,0.882635772228241,3.0392780900001526e-05,0.8826203346252441,11.723434,11.736422777175903
1463,55.512139081954956,0.88276637,0.8826552629470825,4.525950862444006e-05,0.8826237916946411,11.723364,11.734473705291748
1464,55.55168676376343,0.8827721,0.8826907873153687,5.06820397276897e-05,0.8826392889022827,11.722792,11.730921268463135
1465,55.592182636260986,0.88277245,0.8827440738677979,2.4402503186138347e-05,0.8826477527618408,11.722755,11.725592613220215
1466,55.631269454956055,0.88285744,0.8827607035636902,1.1968595572398044e-05,0.8827479481697083,11.714256,11.723929643630981
1467,55.66818904876709,0.8828879,0.8827720880508423,1.4158263184071984e-05,0.8827656507492065,11.71121,11.722791194915771
1468,55.710334062576294,0.8829113,0.8827839493751526,3.522239057929255e-05,0.8827714920043945,11.708868,11.721605062484741
1469,55.752405881881714,0.8829113,0.8828014135360718,5.235924254520796e-05,0.8827720880508423,11.708868,11.719858646392822
1470,55.78488111495972,0.88291216,0.8828362226486206,6.380665581673384e-05,0.8827724456787109,11.708784,11.71637773513794
1471,55.82562565803528,0.88291216,0.8829009532928467,1.4691080650663935e-05,0.8828574419021606,11.708784,11.709904670715332
1472,55.857654333114624,0.88291216,0.882911205291748,9.025971507981012e-07,0.8829076886177063,11.708784,11.708879470825195
1473,55.89002227783203,0.8829123,0.882911741733551,4.239677764417138e-07,0.882911205291748,11.708773,11.708825826644897
1474,55.92812967300415,0.8829123,0.8829120397567749,2.0322474370004784e-07,0.8829115629196167,11.708773,11.70879602432251
1475,55.959797620773315,0.8829123,0.8829120397567749,1.2885342925983423e-07,0.8829121589660645,11.708773,11.70879602432251
1476,55.99237251281738,0.8829123,0.8829120397567749,1.4265101810906344e-07,0.8829121589660645,11.708773,11.70879602432251
1477,56.0255560874939,0.8829123,0.8829120993614197,1.1115623266277908e-07,0.8829121589660645,11.708773,11.708790063858032
1478,56.05787396430969,0.8829123,0.882912278175354,6.12639396990744e-08,0.8829121589660645,11.708773,11.7087721824646
1479,56.09144186973572,0.8829123,0.8829123973846436,1.1920928955078125e-07,0.882912278175354,11.708773,11.708760261535645
1480,56.12483763694763,0.8829123,0.8829123973846436,1.1920928955078125e-07,0.882912278175354,11.708773,11.708760261535645
1481,56.156535148620605,0.88291234,0.8829123973846436,1.1902889696102648e-07,0.882912278175354,11.708766,11.708760261535645
1482,56.1950786113739,0.88291234,0.8829123973846436,1.1812280575895784e-07,0.882912278175354,11.708766,11.708760261535645
1483,56.22747349739075,0.88294554,0.8829125165939331,2.109696652041748e-06,0.882912278175354,11.705446,11.70874834060669
1484,56.26695251464844,0.88294554,0.8829126954078674,2.976520136144245e-06,0.882912278175354,11.705446,11.708730459213257
1485,56.299726247787476,0.88294756,0.8829132318496704,4.985603027307661e-06,0.882912278175354,11.705244,11.708676815032959
1486,56.339534759521484,0.8829726,0.8829159736633301,1.0531639418331906e-05,0.8829123377799988,11.70274,11.708402633666992
1487,56.379921197891235,0.8829726,0.8829220533370972,1.6047040844568983e-05,0.8829123377799988,11.70274,11.707794666290283
1488,56.41330671310425,0.8829726,0.8829354047775269,1.974548831640277e-05,0.8829123377799988,11.70274,11.706459522247314
1489,56.444581747055054,0.8829727,0.8829538226127625,1.0813762855832465e-05,0.8829455375671387,11.702728,11.704617738723755
1490,56.48405146598816,0.8829727,0.8829615116119385,1.187370071420446e-05,0.8829484581947327,11.702728,11.703848838806152
1491,56.51611328125,0.8829727,0.8829724788665771,3.8434896509897953e-07,0.8829717636108398,11.702728,11.702752113342285
1492,56.54899835586548,0.8829727,0.8829727172851562,9.052160976352752e-08,0.8829725980758667,11.702728,11.702728271484375
1493,56.580137729644775,0.8829727,0.8829727172851562,4.5102272139274646e-08,0.8829725980758667,11.702728,11.702728271484375
1494,56.61196970939636,0.8829727,0.8829727172851562,0.0,0.8829727172851562,11.702728,11.702728271484375
1495,56.644758462905884,0.8829814,0.8829727172851562,5.525952246898669e-07,0.8829727172851562,11.7018585,11.702728271484375
1496,56.68313384056091,0.8829833,0.8829728364944458,1.025616825245379e-06,0.8829727172851562,11.701668,11.70271635055542
1497,56.72359871864319,0.88317764,0.8829740881919861,1.3137127098161727e-05,0.8829727172851562,11.682236,11.702591180801392
1498,56.764793157577515,0.8831966,0.8829784393310547,2.989538734254893e-05,0.8829727172851562,11.680341,11.702156066894531
1499,56.80761480331421,0.8831966,0.8829945921897888,6.0150363424327224e-05,0.8829727172851562,11.680341,11.700540781021118
1500,56.8401358127594,0.88320726,0.8830237984657288,8.625927148386836e-05,0.8829727172851562,11.679274,11.697620153427124
1501,56.88016724586487,0.88320726,0.8830713033676147,0.0001033558146446012,0.8829833269119263,11.679274,11.692869663238525
1502,56.91187644004822,0.88320726,0.8831585645675659,7.930308493087068e-05,0.8829833269119263,11.679274,11.684143543243408
1503,56.94427680969238,0.88320726,0.8832005262374878,5.103388048155466e-06,0.8831965923309326,11.679274,11.67994737625122
1504,56.97681784629822,0.88320726,0.8832046389579773,4.594024630932836e-06,0.8831965923309326,11.679274,11.67953610420227
1505,57.01035523414612,0.88320726,0.8832072615623474,0.0,0.8832072615623474,11.679274,11.679273843765259
1506,57.04415559768677,0.88320726,0.8832072615623474,0.0,0.8832072615623474,11.679274,11.679273843765259
1507,57.076828718185425,0.883235,0.883207380771637,1.7564417476023664e-06,0.8832072615623474,11.676502,11.679261922836304
1508,57.114869356155396,0.8832501,0.8832077980041504,4.379963684186805e-06,0.8832072615623474,11.674988,11.679220199584961
1509,57.15403175354004,0.88325536,0.8832100629806519,9.851356480794493e-06,0.8832072615623474,11.674463,11.678993701934814
1510,57.19173216819763,0.8833664,0.8832164406776428,2.2169737349031493e-05,0.8832072615623474,11.66336,11.678355932235718
1511,57.2317099571228,0.88337165,0.8832319974899292,3.797956378548406e-05,0.8832072615623474,11.662835,11.67680025100708
1512,57.27204775810242,0.88337165,0.8832652568817139,4.560070738079958e-05,0.8832108974456787,11.662835,11.673474311828613
1513,57.305089712142944,0.8833778,0.8833034634590149,4.8433801566716284e-05,0.8832501173019409,11.662221,11.66965365409851
1514,57.34514832496643,0.88339835,0.8833505511283875,2.3621883883606642e-05,0.8833004236221313,11.660165,11.664944887161255
1515,57.386746883392334,0.88341874,0.883369505405426,7.103226835170062e-06,0.8833626508712769,11.658126,11.663049459457397
1516,57.427183628082275,0.88341874,0.8833768367767334,1.1893470400536899e-05,0.8833706974983215,11.658126,11.66231632232666
1517,57.459128618240356,0.8834491,0.8833860158920288,1.7936774383997545e-05,0.8833716511726379,11.655092,11.66139841079712
1518,57.4999577999115,0.88347757,0.8834025859832764,2.023709748755209e-05,0.8833777904510498,11.652243,11.659741401672363
1519,57.53985953330994,0.88349473,0.8834227323532104,2.152990418835543e-05,0.8834021687507629,11.650526,11.657726764678955
1520,57.58062481880188,0.8835031,0.8834443688392639,2.1495714463526383e-05,0.8834117650985718,11.649693,11.655563116073608
1521,57.619194984436035,0.8835031,0.8834643959999084,1.6823241821839474e-05,0.8834429383277893,11.649693,11.653560400009155
1522,57.652161598205566,0.8835033,0.8834813237190247,1.1087058737757616e-05,0.8834643959999084,11.649668,11.651867628097534
1523,57.71700358390808,0.88350916,0.8796263933181763,0.0032908376306295395,0.8728569746017456,11.649084,12.037360668182373
1524,57.75821328163147,0.88352823,0.882613480091095,0.0007681673159822822,0.8808313012123108,11.647177,11.738651990890503
1525,57.79991888999939,0.8835287,0.8832507133483887,0.00023315382713917643,0.8827686309814453,11.647129,11.674928665161133
1526,57.839083433151245,0.8835287,0.8834536075592041,5.3618870879290625e-05,0.8833467364311218,11.647129,11.65463924407959
1527,57.87265491485596,0.88354164,0.883500874042511,1.6484344087075442e-05,0.883478045463562,11.645836,11.649912595748901
1528,57.911078691482544,0.88354164,0.8835156559944153,9.176514140563086e-06,0.8835016489028931,11.645836,11.648434400558472
1529,57.94248557090759,0.88354164,0.8835243582725525,6.353084245347418e-06,0.8835148811340332,11.645836,11.647564172744751
1530,57.97458362579346,0.8835421,0.8835301995277405,4.349944447312737e-06,0.8835282325744629,11.645788,11.646980047225952
1531,58.01266932487488,0.8835421,0.8835326433181763,5.82256097914069e-06,0.8835287094116211,11.645788,11.646735668182373
1532,58.04696989059448,0.8835421,0.8835372924804688,6.0080515140725765e-06,0.8835287094116211,11.645788,11.646270751953125
1533,58.078914642333984,0.8835421,0.8835419416427612,2.56257493447265e-07,0.8835416436195374,11.645788,11.645805835723877
1534,58.11076903343201,0.8835433,0.8835421204566956,2.1032596464465314e-07,0.8835416436195374,11.645669,11.645787954330444
1535,58.149951457977295,0.8835433,0.8835421204566956,1.6040112882365065e-07,0.8835421204566956,11.645669,11.645787954330444
1536,58.182899713516235,0.8835662,0.8835422992706299,1.5475654890906299e-06,0.8835421204566956,11.64338,11.645770072937012
1537,58.22332215309143,0.8835662,0.883542537689209,2.1824921532243025e-06,0.8835421204566956,11.64338,11.645746231079102
1538,58.25448679924011,0.8835826,0.8835434317588806,4.875020749750547e-06,0.8835421204566956,11.641741,11.645656824111938
1539,58.29348659515381,0.88358295,0.8835460543632507,8.414522199018393e-06,0.8835421204566956,11.641705,11.645394563674927
1540,58.3330135345459,0.8835863,0.8835505843162537,1.2642506590054836e-05,0.8835433125495911,11.641371,11.644941568374634
1541,58.37222480773926,0.8835877,0.8835611939430237,1.5559046005364507e-05,0.8835439682006836,11.641228,11.643880605697632
1542,58.41219758987427,0.8835877,0.8835760951042175,7.012948117335327e-06,0.8835662007331848,11.641228,11.642390489578247
1543,58.444634675979614,0.8835877,0.8835828304290771,3.7253635127854068e-06,0.8835757970809937,11.641228,11.641716957092285
1544,58.503345012664795,0.8837131,0.8799914121627808,0.0030573857948184013,0.8733628988265991,11.628687,12.000858783721924
1545,58.54242420196533,0.88371646,0.8825787901878357,0.0009378976537846029,0.8803828954696655,11.628353,11.74212098121643
1546,58.58105278015137,0.8837209,0.8833395838737488,0.00026200685533694923,0.8828333616256714,11.6279125,11.666041612625122
1547,58.62072443962097,0.88372123,0.883578360080719,0.0001044118034769781,0.883414089679718,11.627876,11.6421639919281
1548,58.66334414482117,0.88372123,0.8836700916290283,5.870871973456815e-05,0.8835829496383667,11.627876,11.632990837097168
1549,58.6946222782135,0.88372123,0.8837171792984009,2.8630074666580185e-06,0.883712887763977,11.627876,11.628282070159912
1550,58.72764325141907,0.88372123,0.8837196230888367,1.3483485190590727e-06,0.8837169408798218,11.627876,11.628037691116333
1551,58.76063513755798,0.88372123,0.8837207555770874,2.900452500398387e-07,0.8837199211120605,11.627876,11.62792444229126
1552,58.794400453567505,0.88372123,0.8837209939956665,1.857301867858041e-07,0.883720874786377,11.627876,11.62790060043335
1553,58.8280553817749,0.88372123,0.8837212324142456,0.0,0.8837212324142456,11.627876,11.62787675857544
1554,58.860376834869385,0.88372123,0.8837212324142456,0.0,0.8837212324142456,11.627876,11.62787675857544
1555,58.892438888549805,0.8838015,0.883721649646759,5.088828402222134e-06,0.8837212324142456,11.619848,11.627835035324097
1556,58.93189191818237,0.88380533,0.8837229013442993,1.1396480658731889e-05,0.8837212324142456,11.619467,11.627709865570068
1557,58.97099471092224,0.8838557,0.8837287425994873,2.608022805361543e-05,0.8837212324142456,11.614429,11.62712574005127
1558,59.01042819023132,0.88385576,0.883743941783905,4.5706074160989374e-05,0.8837212324142456,11.614424,11.625605821609497
1559,59.05305242538452,0.8838632,0.883775532245636,6.0490834584925324e-05,0.8837212324142456,11.613679,11.622446775436401
1560,59.09406304359436,0.8838723,0.8838335871696472,3.7006218917667866e-05,0.8837282061576843,11.612773,11.616641283035278
1561,59.13670325279236,0.8838768,0.8838578462600708,4.043741682835389e-06,0.8838557004928589,11.61232,11.61421537399292
1562,59.17792987823486,0.88387716,0.8838605284690857,5.577728643402224e-06,0.8838557600975037,11.612284,11.61394715309143
1563,59.21715569496155,0.88388485,0.8838660717010498,5.917486305406783e-06,0.8838598728179932,11.611515,11.61339282989502
1564,59.256669998168945,0.88388485,0.8838709592819214,7.768649084027857e-06,0.8838632106781006,11.611515,11.612904071807861
1565,59.316362142562866,0.8839032,0.8796026110649109,0.0037137644831091166,0.870851993560791,11.609679,12.039738893508911
1566,59.35618710517883,0.883924,0.8827868103981018,0.0010146580170840025,0.8807417750358582,11.607599,11.72131896018982
1567,59.396297216415405,0.88392514,0.8836957812309265,0.00019349630747456104,0.8831725120544434,11.607486,11.630421876907349
1568,59.43668055534363,0.88392514,0.8838622570037842,4.450636697583832e-05,0.8837505578994751,11.607486,11.613774299621582
1569,59.4722900390625,0.88392514,0.8839001655578613,1.8750848539639264e-05,0.8838684558868408,11.607486,11.609983444213867
1570,59.504674196243286,0.8839263,0.8839159607887268,1.0036540516011883e-05,0.8839032053947449,11.607372,11.60840392112732
1571,59.54441452026367,0.8839263,0.8839250206947327,4.2890602003353706e-07,0.8839205503463745,11.607372,11.607497930526733
1572,59.57463455200195,0.8839266,0.8839252591133118,2.869292643481458e-07,0.8839251399040222,11.607343,11.607474088668823
1573,59.614317655563354,0.8839266,0.8839253783226013,4.535171171937691e-07,0.8839251399040222,11.607343,11.607462167739868
1574,59.646998167037964,0.88392663,0.8839256167411804,6.114398161116696e-07,0.8839251399040222,11.607337,11.607438325881958
1575,59.69079399108887,0.8839394,0.8839260935783386,1.0395457366030314e-06,0.8839251399040222,11.606062,11.607390642166138
1576,59.74716019630432,0.88402367,0.8839269280433655,6.310215667326702e-06,0.883926272392273,11.597633,11.607307195663452
1577,59.788548707962036,0.88402367,0.883929967880249,1.7013237084029242e-05,0.8839265704154968,11.597633,11.607003211975098
1578,59.82144260406494,0.88402367,0.8839385509490967,3.0845156288705766e-05,0.8839266300201416,11.597633,11.606144905090332
1579,59.85424828529358,0.88402367,0.8839532136917114,4.167448787484318e-05,0.8839266300201416,11.597633,11.604678630828857
1580,59.88610863685608,0.88402367,0.8839863538742065,4.390410322230309e-05,0.8839266300201416,11.597633,11.601364612579346
1581,59.91849184036255,0.88402367,0.8840223550796509,1.9479014099488268e-06,0.8840193152427673,11.597633,11.597764492034912
1582,59.950379371643066,0.8840237,0.8840236663818359,3.7848986167432486e-09,0.8840236663818359,11.597628,11.597633361816406
1583,59.99020314216614,0.8840237,0.8840236663818359,6.555636922200847e-09,0.8840236663818359,11.597628,11.597633361816406
1584,60.02262234687805,0.8840273,0.8840237259864807,2.3444995633781218e-07,0.8840236663818359,11.59727,11.597627401351929
1585,60.06165790557861,0.88403887,0.8840237259864807,1.0463174930919195e-06,0.8840236663818359,11.596113,11.597627401351929
1586,60.10113549232483,0.8841114,0.8840245604515076,6.341043899737997e-06,0.8840236663818359,11.58886,11.597543954849243
1587,60.14221930503845,0.8841114,0.8840261697769165,9.298289114667568e-06,0.8840236663818359,11.58886,11.59738302230835
1588,60.174256801605225,0.8841114,0.8840305209159851,1.5619172700098716e-05,0.8840237259864807,11.58886,11.59694790840149
1589,60.20728302001953,0.8841114,0.8840411901473999,2.3175845853984356e-05,0.8840237259864807,11.58886,11.59588098526001
1590,60.238577365875244,0.8841194,0.8840579390525818,2.6254350814269856e-05,0.8840348720550537,11.58806,11.594206094741821
1591,60.27822017669678,0.88415504,0.8840809464454651,2.5292130885645747e-05,0.8840427994728088,11.5844965,11.591905355453491
1592,60.317336320877075,0.8841748,0.8841049671173096,1.729510768200271e-05,0.884077787399292,11.582518,11.589503288269043
1593,60.35717701911926,0.8842144,0.884121298789978,1.8273054593009874e-05,0.8841114044189453,11.57856,11.587870121002197
1594,60.39805006980896,0.8842249,0.8841356039047241,2.7174330170964822e-05,0.8841114044189453,11.577511,11.586439609527588
1595,60.43900752067566,0.8842748,0.8841602802276611,3.318099334137514e-05,0.8841276168823242,11.572522,11.583971977233887
1596,60.47603178024292,0.8842748,0.8841973543167114,2.426880382699892e-05,0.8841588497161865,11.572522,11.580264568328857
1597,60.50860667228699,0.8843136,0.8842238187789917,2.004952148126904e-05,0.8841981887817383,11.568642,11.57761812210083
1598,60.547800064086914,0.88432574,0.8842402100563049,2.6304054699721746e-05,0.8842190504074097,11.567426,11.575978994369507
1599,60.588701009750366,0.8843566,0.884260892868042,3.247859422117472e-05,0.8842276930809021,11.564339,11.5739107131958
1600,60.6283643245697,0.88437873,0.8842955827713013,2.783679883577861e-05,0.8842507600784302,11.562127,11.570441722869873
1601,60.66779065132141,0.88437873,0.8843242526054382,2.3424419850925915e-05,0.8842846155166626,11.562127,11.567574739456177
1602,60.70124292373657,0.884379,0.8843438625335693,2.2635385903413408e-05,0.8843181729316711,11.562098,11.565613746643066
1603,60.74176502227783,0.8844148,0.8843665719032288,1.2194030205137096e-05,0.8843344449996948,11.558521,11.563342809677124
1604,60.78219723701477,0.8844223,0.8843763470649719,6.63267519485089e-06,0.8843691945075989,11.55777,11.562365293502808
1605,60.823829650878906,0.88442767,0.8843821883201599,1.1622389138210565e-05,0.8843768835067749,11.557234,11.561781167984009
1606,60.86469030380249,0.88443345,0.8843904137611389,1.862905810412485e-05,0.8843787312507629,11.556655,11.560958623886108
1607,60.90373158454895,0.8844395,0.8844051361083984,2.1906091205892153e-05,0.8843790292739868,11.556047,11.559486389160156
1608,60.94363617897034,0.8844395,0.8844274878501892,6.562347152794246e-06,0.884414792060852,11.556047,11.557251214981079
1609,60.97625946998596,0.88444006,0.8844332695007324,3.7671104564651614e-06,0.8844276666641235,11.555994,11.556673049926758
1610,61.01591086387634,0.88444006,0.8844364881515503,2.665221700226539e-06,0.8844334483146667,11.555994,11.55635118484497
1611,61.04801535606384,0.88444006,0.8844390511512756,8.370275850211328e-07,0.8844377994537354,11.555994,11.556094884872437
1612,61.08056926727295,0.88444257,0.8844397068023682,3.124662555364921e-07,0.8844394683837891,11.555743,11.556029319763184
1613,61.12073063850403,0.88444334,0.8844399452209473,4.4425425471672497e-07,0.8844395279884338,11.555666,11.556005477905273
1614,61.159229040145874,0.88444424,0.8844403624534607,7.795329679538554e-07,0.8844400644302368,11.555576,11.55596375465393
1615,61.198740005493164,0.88444537,0.8844408392906189,1.3907352922615246e-06,0.8844400644302368,11.555463,11.55591607093811
1616,61.24205231666565,0.88444567,0.8844417333602905,1.917446297738934e-06,0.8844400644302368,11.555433,11.555826663970947
1617,61.284132957458496,0.88444567,0.8844437003135681,1.33744094910071e-06,0.8844409584999084,11.555433,11.555629968643188
1618,61.31756019592285,0.88444567,0.8844449520111084,6.584146490240528e-07,0.8844433426856995,11.555433,11.55550479888916
1619,61.34959840774536,0.88444567,0.884445309638977,3.607288476814574e-07,0.8844447731971741,11.555433,11.555469036102295
1620,61.3821804523468,0.88444567,0.8844455480575562,1.2677998029175797e-07,0.8844453692436218,11.555433,11.555445194244385
1621,61.41400218009949,0.88446736,0.8844456672668457,1.3777031426798203e-06,0.8844456672668457,11.553264,11.55543327331543
1622,61.45297574996948,0.8844907,0.8844463229179382,4.843735950998962e-06,0.8844456672668457,11.550927,11.555367708206177
1623,61.49510955810547,0.8844907,0.8844490051269531,1.0873639439523686e-05,0.8844456672668457,11.550927,11.555099487304688
1624,61.52838754653931,0.8844907,0.8844550251960754,1.7211266822414473e-05,0.8844456672668457,11.550927,11.554497480392456
1625,61.56164193153381,0.8844907,0.8844649791717529,2.07169523491757e-05,0.8844456672668457,11.550927,11.553502082824707
1626,61.59419584274292,0.8844907,0.8844859004020691,9.477652383793611e-06,0.884467363357544,11.550927,11.55140995979309
1627,61.626781702041626,0.8844907,0.8844909071922302,1.7881393432617188e-07,0.8844907283782959,11.550927,11.550909280776978
1628,61.65951371192932,0.8844907,0.8844909071922302,1.7881393432617188e-07,0.8844907283782959,11.550927,11.550909280776978
1629,61.69199466705322,0.8844907,0.8844909071922302,1.7881393432617188e-07,0.8844907283782959,11.550927,11.550909280776978
1630,61.72336554527283,0.8844907,0.8844909071922302,1.7881393432617188e-07,0.8844907283782959,11.550927,11.550909280776978
1631,61.75680112838745,0.8844907,0.8844909071922302,1.7881393432617188e-07,0.8844907283782959,11.550927,11.550909280776978
1632,61.790592432022095,0.88458765,0.8844913244247437,6.1452537920558825e-06,0.8844907283782959,11.541235,11.550867557525635
1633,61.83074951171875,0.88458765,0.884492814540863,1.3318297533260193e-05,0.8844907283782959,11.541235,11.550718545913696
1634,61.86403846740723,0.88458765,0.88449627161026,2.1757714421255514e-05,0.8844907283782959,11.541235,11.550372838973999
1635,61.899386167526245,0.8846441,0.8845070600509644,3.592640860006213e-05,0.8844907283782959,11.535591,11.549293994903564
1636,61.953099489212036,0.8846619,0.8845258951187134,4.670320049626753e-05,0.8844907283782959,11.533809,11.547410488128662
1637,62.001477003097534,0.8846619,0.8845660090446472,4.249974881531671e-05,0.8844907283782959,11.533809,11.543399095535278
1638,62.04011654853821,0.8846853,0.8845947980880737,2.3504293494625017e-05,0.8845840096473694,11.531472,11.540520191192627
1639,62.0804169178009,0.8846853,0.8846073746681213,3.3546326449140906e-05,0.8845876455307007,11.531472,11.539262533187866
1640,62.11238384246826,0.88475645,0.8846303820610046,4.128446744289249e-05,0.8845876455307007,11.524355,11.536961793899536
1641,62.15166139602661,0.88475645,0.8846747875213623,2.671793117769994e-05,0.8846498131752014,11.524355,11.53252124786377
1642,62.18409538269043,0.8847569,0.88470059633255,3.157327591907233e-05,0.8846623301506042,11.524307,11.529940366744995
1643,62.22233295440674,0.8847569,0.8847233653068542,3.29862414218951e-05,0.8846852779388428,11.524307,11.527663469314575
1644,62.25615572929382,0.8847592,0.8847547769546509,2.8064891921530943e-06,0.8847470879554749,11.524081,11.524522304534912
1645,62.29650044441223,0.88481027,0.8847566843032837,3.4216009225929156e-06,0.8847564458847046,11.518973,11.52433156967163
1646,62.33765125274658,0.88481027,0.8847581744194031,8.537333087588195e-06,0.8847564458847046,11.518973,11.524182558059692
1647,62.368929624557495,0.88481027,0.8847621083259583,1.4955323422327638e-05,0.8847564458847046,11.518973,11.523789167404175
1648,62.40151619911194,0.8848107,0.8847692608833313,2.1132822439540178e-05,0.8847569227218628,11.518931,11.52307391166687
1649,62.440903186798096,0.88481224,0.8847833871841431,2.4019176635192707e-05,0.8847569227218628,11.518776,11.521661281585693
1650,62.481324911117554,0.88483757,0.884806752204895,7.93897379480768e-06,0.8847649097442627,11.516243,11.519324779510498
1651,62.5206663608551,0.88484335,0.8848109245300293,5.057770977145992e-06,0.8848069906234741,11.515665,11.51890754699707
1652,62.561588525772095,0.88484734,0.8848137259483337,8.422044629696757e-06,0.8848102688789368,11.515265,11.518627405166626
1653,62.60108780860901,0.88484776,0.8848189115524292,1.2285589036764577e-05,0.8848106861114502,11.515224,11.51810884475708
1654,62.6401469707489,0.8848497,0.884829044342041,1.4000240298628341e-05,0.8848122358322144,11.515027,11.517095565795898
1655,62.67941069602966,0.8848589,0.8848429918289185,3.948901849071262e-06,0.8848350048065186,11.51411,11.515700817108154
1656,62.719380140304565,0.88487124,0.8848468065261841,3.691950951179024e-06,0.8848430514335632,11.512876,11.515319347381592
1657,62.7608757019043,0.88487476,0.8848500847816467,5.187880560697522e-06,0.8848468661308289,11.512524,11.514991521835327
1658,62.801275968551636,0.8848859,0.8848547339439392,8.588951459387317e-06,0.8848493099212646,11.51141,11.514526605606079
1659,62.84148025512695,0.8848939,0.8848623633384705,1.1184366485395003e-05,0.8848497271537781,11.510611,11.513763666152954
1660,62.88216805458069,0.8848939,0.8848738074302673,7.533368261647411e-06,0.8848616480827332,11.510611,11.512619256973267
1661,62.91541862487793,0.8848943,0.8848803043365479,6.511116225738078e-06,0.8848731517791748,11.510569,11.511969566345215
1662,62.955387353897095,0.8848943,0.8848861455917358,5.87946215091506e-06,0.884878396987915,11.510569,11.511385440826416
1663,62.986945390701294,0.8848943,0.8848918676376343,1.9605299712566193e-06,0.884888231754303,11.510569,11.510813236236572
1664,63.018789529800415,0.8848943,0.8848937749862671,6.693869067930791e-07,0.8848918676376343,11.510569,11.510622501373291
1665,63.05125904083252,0.8848943,0.8848941922187805,1.6702942673418875e-07,0.8848938941955566,11.510569,11.510580778121948
1666,63.0827751159668,0.8848943,0.8848943114280701,0.0,0.8848943114280701,11.510569,11.510568857192993
1667,63.11506938934326,0.8848943,0.8848943114280701,0.0,0.8848943114280701,11.510569,11.510568857192993
1668,63.14655423164368,0.8848943,0.8848943114280701,0.0,0.8848943114280701,11.510569,11.510568857192993
1669,63.178983211517334,0.8848943,0.8848943114280701,0.0,0.8848943114280701,11.510569,11.510568857192993
1670,63.21057653427124,0.8848943,0.8848943114280701,0.0,0.8848943114280701,11.510569,11.510568857192993
1671,63.24162220954895,0.8848943,0.8848943114280701,0.0,0.8848943114280701,11.510569,11.510568857192993
1672,63.274893045425415,0.8848943,0.8848943114280701,0.0,0.8848943114280701,11.510569,11.510568857192993
1673,63.30581498146057,0.8848943,0.8848943114280701,0.0,0.8848943114280701,11.510569,11.510568857192993
1674,63.33832597732544,0.8848943,0.8848943114280701,0.0,0.8848943114280701,11.510569,11.510568857192993
1675,63.37042236328125,0.8849061,0.8848943114280701,7.494099349969474e-07,0.8848943114280701,11.509389,11.510568857192993
1676,63.41092348098755,0.88490933,0.884894609451294,1.7593877146282466e-06,0.8848943114280701,11.509067,11.510539054870605
1677,63.44831442832947,0.88490933,0.8848950862884521,2.980189037771197e-06,0.8848943114280701,11.509067,11.510491371154785
1678,63.480570793151855,0.8849108,0.8848965764045715,4.910434654448181e-06,0.8848943114280701,11.508918,11.510342359542847
1679,63.5206413269043,0.884922,0.8848997950553894,6.816999302827753e-06,0.8848943114280701,11.507797,11.51002049446106
1680,63.56279969215393,0.8849243,0.8849069476127625,6.299725100689102e-06,0.8848943114280701,11.50757,11.509305238723755
1681,63.60232901573181,0.8849243,0.8849114179611206,5.539243829844054e-06,0.8849076628684998,11.50757,11.50885820388794
1682,63.635594606399536,0.8849243,0.884916365146637,6.0316228882584255e-06,0.8849093317985535,11.50757,11.508363485336304
1683,63.66885471343994,0.8849243,0.8849223852157593,2.4243111056421185e-06,0.8849172592163086,11.50757,11.507761478424072
1684,63.70055675506592,0.8849243,0.8849241733551025,1.2028596074742381e-07,0.8849239349365234,11.50757,11.507582664489746
1685,63.732693672180176,0.8849243,0.8849241733551025,1.1920928955078125e-07,0.8849242925643921,11.50757,11.507582664489746
1686,63.763946771621704,0.8849243,0.8849241733551025,1.1920928955078125e-07,0.8849242925643921,11.50757,11.507582664489746
1687,63.79730582237244,0.8849243,0.8849241733551025,1.1920928955078125e-07,0.8849242925643921,11.50757,11.507582664489746
1688,63.82886600494385,0.8849243,0.8849241733551025,1.1920928955078125e-07,0.8849242925643921,11.50757,11.507582664489746
1689,63.861220598220825,0.8849243,0.8849241733551025,1.1920928955078125e-07,0.8849242925643921,11.50757,11.507582664489746
1690,63.895461559295654,0.8849243,0.8849241733551025,1.1920928955078125e-07,0.8849242925643921,11.50757,11.507582664489746
1691,63.92696809768677,0.8849243,0.8849241733551025,1.1920928955078125e-07,0.8849242925643921,11.50757,11.507582664489746
1692,63.960217237472534,0.8849243,0.8849241733551025,1.1920928955078125e-07,0.8849242925643921,11.50757,11.507582664489746
1693,63.9928183555603,0.8849243,0.8849241733551025,1.1920928955078125e-07,0.8849242925643921,11.50757,11.507582664489746
1694,64.02509045600891,0.8849243,0.8849241733551025,1.1920928955078125e-07,0.8849242925643921,11.50757,11.507582664489746
1695,64.05659818649292,0.8849243,0.8849241733551025,1.1920928955078125e-07,0.8849242925643921,11.50757,11.507582664489746
1696,64.08833932876587,0.8849243,0.8849241733551025,1.1920928955078125e-07,0.8849242925643921,11.50757,11.507582664489746
1697,64.1199643611908,0.8849639,0.8849243521690369,2.5138765522569884e-06,0.8849242925643921,11.503607,11.507564783096313
1698,64.1591145992279,0.88497096,0.8849247097969055,4.604697551258141e-06,0.8849242925643921,11.502904,11.507529020309448
1699,64.20026206970215,0.88497096,0.8849257826805115,7.867768545111176e-06,0.8849242925643921,11.502904,11.507421731948853
1700,64.23382616043091,0.8849778,0.884929895401001,1.5206032003334258e-05,0.8849242925643921,11.502218,11.507010459899902
1701,64.27305483818054,0.88501954,0.8849378824234009,2.2133403035695665e-05,0.8849242925643921,11.498046,11.506211757659912
1702,64.31272721290588,0.8850271,0.8849549293518066,2.571843288023956e-05,0.8849242925643921,11.497289,11.504507064819336
1703,64.35293579101562,0.8850551,0.8849791884422302,1.2682240594585892e-05,0.8849639296531677,11.494488,11.502081155776978
1704,64.39472794532776,0.8851235,0.8849911689758301,2.5890552933560684e-05,0.8849776387214661,11.487651,11.500883102416992
1705,64.43994641304016,0.88514733,0.8850145936012268,3.9475558878621086e-05,0.8849804401397705,11.485267,11.49854063987732
1706,64.47977924346924,0.88515574,0.8850565552711487,4.144401827943511e-05,0.8849868774414062,11.4844265,11.494344472885132
1707,64.51958322525024,0.8852112,0.8850980997085571,3.652010491350666e-05,0.8850508332252502,11.478877,11.490190029144287
1708,64.56027555465698,0.8852112,0.8851339221000671,2.4468763513141312e-05,0.8850876688957214,11.478877,11.486607789993286
1709,64.59414792060852,0.8852112,0.8851548433303833,1.4084130270930473e-05,0.8851468563079834,11.478877,11.48451566696167
1710,64.62565684318542,0.8852112,0.8851639032363892,1.969566073967144e-05,0.8851519823074341,11.478877,11.483609676361084
1711,64.65596961975098,0.8852541,0.8851773142814636,2.423776277282741e-05,0.8851557374000549,11.474591,11.482268571853638
1712,64.69921970367432,0.8852546,0.885200560092926,1.8531349269323982e-05,0.8851564526557922,11.474538,11.479943990707397
1713,64.73892188072205,0.8852585,0.8852159380912781,1.6263949873973615e-05,0.8852035999298096,11.474151,11.478406190872192
1714,64.78317928314209,0.88528097,0.8852264881134033,2.080266312987078e-05,0.8852112293243408,11.471903,11.477351188659668
1715,64.82373404502869,0.8852813,0.8852443695068359,1.9850032913382165e-05,0.8852117657661438,11.471868,11.475563049316406
1716,64.86304044723511,0.88532746,0.8852598667144775,9.294813025917392e-06,0.8852540850639343,11.467255,11.474013328552246
1717,64.90266704559326,0.88532794,0.8852675557136536,1.9687246094690636e-05,0.8852578401565552,11.467207,11.473244428634644
1718,64.94263887405396,0.8853282,0.8852808475494385,2.706806844798848e-05,0.8852583765983582,11.467182,11.471915245056152
1719,64.98296546936035,0.885343,0.885306715965271,2.3232183593790978e-05,0.8852731585502625,11.465698,11.4693284034729
1720,65.02338910102844,0.885343,0.8853279948234558,4.086785338586196e-06,0.8853235840797424,11.465698,11.467200517654419
1721,65.05560398101807,0.885346,0.8853306770324707,5.523771960724844e-06,0.8853277564048767,11.465401,11.46693229675293
1722,65.09551930427551,0.8853614,0.8853340148925781,7.386091510852566e-06,0.8853281736373901,11.463862,11.466598510742188
1723,65.13560199737549,0.8853614,0.8853410482406616,6.707145530526759e-06,0.8853281736373901,11.463862,11.465895175933838
1724,65.16978549957275,0.8853614,0.8853461742401123,5.903698820475256e-06,0.8853428363800049,11.463862,11.46538257598877
1725,65.20173621177673,0.88537216,0.8853510618209839,7.59166414354695e-06,0.8853430151939392,11.462784,11.464893817901611
1726,65.2416045665741,0.88538706,0.8853588104248047,6.936963018233655e-06,0.8853464722633362,11.461294,11.464118957519531
1727,65.28056383132935,0.8853922,0.8853646516799927,6.173521342134336e-06,0.88536137342453,11.460781,11.463534832000732
1728,65.32101464271545,0.88539225,0.8853697180747986,9.470812983636279e-06,0.88536137342453,11.460775,11.463028192520142
1729,65.36032271385193,0.88539225,0.885377824306488,1.0002468115999363e-05,0.8853665590286255,11.460775,11.462217569351196
1730,65.39345574378967,0.88540244,0.8853882551193237,4.469462965062121e-06,0.8853738307952881,11.459756,11.461174488067627
1731,65.43376135826111,0.88540244,0.8853919506072998,2.947731672975351e-06,0.8853870630264282,11.459756,11.46080493927002
1732,65.4664556980133,0.88540244,0.8853937387466431,3.296537215646822e-06,0.8853921890258789,11.459756,11.460626125335693
1733,65.5014500617981,0.88540244,0.8853957056999207,4.436948529473739e-06,0.8853921890258789,11.459756,11.460429430007935
1734,65.5339868068695,0.88540244,0.8853994607925415,3.93031996281934e-06,0.8853922486305237,11.459756,11.46005392074585
1735,65.56548070907593,0.88540745,0.8854026794433594,3.867640714361187e-07,0.8854024410247803,11.459255,11.459732055664062
1736,65.6032440662384,0.8854309,0.8854027986526489,1.9039056269321009e-06,0.8854024410247803,11.456913,11.459720134735107
1737,65.64162230491638,0.88543355,0.8854035139083862,4.148426796746207e-06,0.8854024410247803,11.456644,11.459648609161377
1738,65.68238544464111,0.88543355,0.8854061365127563,8.355184945685323e-06,0.8854024410247803,11.456644,11.459386348724365
1739,65.71674823760986,0.88543403,0.8854116201400757,1.1869668924191501e-05,0.8854024410247803,11.456596,11.458837985992432
1740,65.75852394104004,0.88543624,0.885421872138977,1.1362232726241928e-05,0.8854051828384399,11.456376,11.457812786102295
1741,65.80227828025818,0.88543624,0.8854312300682068,2.0153759123786585e-06,0.8854281306266785,11.456376,11.456876993179321
1742,65.83496618270874,0.8854363,0.8854329586029053,1.2974337550986093e-06,0.8854312896728516,11.45637,11.456704139709473
1743,65.87436294555664,0.8854371,0.885434091091156,8.901998285182344e-07,0.885433554649353,11.456293,11.4565908908844
1744,65.91265344619751,0.88543725,0.8854349255561829,1.0868064919122844e-06,0.8854340314865112,11.456275,11.456507444381714
1745,65.951256275177,0.88543725,0.8854358792304993,8.388013839066844e-07,0.8854345083236694,11.456275,11.456412076950073
1746,65.98395299911499,0.88543725,0.8854365944862366,3.801986849794048e-07,0.8854362368583679,11.456275,11.456340551376343
1747,66.01645970344543,0.88543725,0.88543701171875,2.2997737403329666e-07,0.8854365944862366,11.456275,11.456298828125
1748,66.04847574234009,0.88543737,0.8854371309280396,8.688795105626923e-08,0.8854370713233948,11.456263,11.456286907196045
1749,66.08830332756042,0.88543874,0.8854371309280396,1.4968306061291514e-07,0.8854370713233948,11.456126,11.456286907196045
1750,66.12719440460205,0.88545555,0.8854371309280396,1.1978830798398121e-06,0.8854372501373291,11.454445,11.456286907196045
1751,66.16637086868286,0.88545555,0.8854376077651978,2.600400421215454e-06,0.8854372501373291,11.454445,11.456239223480225
1752,66.19840812683105,0.88545555,0.8854392170906067,5.328514362190617e-06,0.8854372501373291,11.454445,11.456078290939331
1753,66.23016333580017,0.8854628,0.8854424357414246,7.596974228363251e-06,0.8854372501373291,11.453718,11.455756425857544
1754,66.2687976360321,0.8854628,0.8854485750198364,8.141494618030265e-06,0.8854387402534485,11.453718,11.455142498016357
1755,66.30120134353638,0.8854794,0.885456383228302,3.103132257820107e-06,0.8854539394378662,11.452061,11.4543616771698
1756,66.3414294719696,0.885481,0.8854590654373169,6.699028745060787e-06,0.8854555487632751,11.4519005,11.45409345626831
1757,66.3815507888794,0.88548136,0.8854631185531616,9.306057108915411e-06,0.8854569792747498,11.451864,11.453688144683838
1758,66.42175197601318,0.8854818,0.8854698538780212,1.0175030183745548e-05,0.8854569792747498,11.451822,11.453014612197876
1759,66.46067881584167,0.8854833,0.8854799866676331,1.1669339983200189e-06,0.8854775428771973,11.451668,11.452001333236694
1760,66.50005650520325,0.8854845,0.8854809403419495,5.692215836461401e-07,0.8854802250862122,11.451549,11.451905965805054
1761,66.5404200553894,0.88548887,0.8854814171791077,7.730417905804643e-07,0.8854809999465942,11.451113,11.451858282089233
1762,66.57960152626038,0.88548964,0.8854821920394897,1.5841824279050343e-06,0.8854813575744629,11.4510355,11.451780796051025
1763,66.61858987808228,0.8854931,0.8854832053184509,2.603156190161826e-06,0.8854817748069763,11.45069,11.451679468154907
1764,66.65794348716736,0.885495,0.8854852318763733,3.605549636631622e-06,0.8854817748069763,11.4505,11.451476812362671
1765,66.69731140136719,0.88557804,0.8854893445968628,6.317518909781938e-06,0.885484516620636,11.442196,11.45106554031372
1766,66.73766565322876,0.8855859,0.8854931592941284,1.1604900464590173e-05,0.8854892253875732,11.44141,11.450684070587158
1767,66.78027844429016,0.88559234,0.8854996562004089,2.1414776711026207e-05,0.8854896426200867,11.440765,11.450034379959106
1768,66.82118225097656,0.8855981,0.8855107426643372,3.506290522636846e-05,0.885494589805603,11.440187,11.448925733566284
1769,66.86058211326599,0.8855981,0.8855302333831787,4.6466197090921924e-05,0.8854950070381165,11.440187,11.446976661682129
1770,66.89273190498352,0.8855981,0.8855710625648499,4.0641549276188016e-05,0.8854950070381165,11.440187,11.442893743515015
1771,66.9256980419159,0.8855981,0.8855957388877869,2.748555971265887e-06,0.8855921030044556,11.440187,11.440426111221313
1772,66.9579451084137,0.8855981,0.8855980634689331,9.286509339290205e-08,0.8855977654457092,11.440187,11.44019365310669
1773,66.99066209793091,0.8855981,0.8855980634689331,5.960464477539063e-08,0.8855981230735779,11.440187,11.44019365310669
1774,67.0233747959137,0.8855981,0.8855980634689331,5.960464477539063e-08,0.8855981230735779,11.440187,11.44019365310669
1775,67.05542778968811,0.8855981,0.8855980634689331,5.960464477539063e-08,0.8855981230735779,11.440187,11.44019365310669
1776,67.0876898765564,0.8855981,0.8855980634689331,5.960464477539063e-08,0.8855981230735779,11.440187,11.44019365310669
1777,67.11921286582947,0.8855981,0.8855980634689331,5.960464477539063e-08,0.8855981230735779,11.440187,11.44019365310669
1778,67.1513831615448,0.8855981,0.8855980634689331,5.960464477539063e-08,0.8855981230735779,11.440187,11.44019365310669
1779,67.18397688865662,0.8855981,0.8855980634689331,5.960464477539063e-08,0.8855981230735779,11.440187,11.44019365310669
1780,67.215989112854,0.8855981,0.8855980634689331,5.960464477539063e-08,0.8855981230735779,11.440187,11.44019365310669
1781,67.24837398529053,0.8855981,0.8855980634689331,5.960464477539063e-08,0.8855981230735779,11.440187,11.44019365310669
1782,67.28016757965088,0.88562757,0.8855982422828674,1.8659666238818318e-06,0.8855981230735779,11.437243,11.440175771713257
1783,67.31978559494019,0.88564193,0.8855986595153809,4.235900178173324e-06,0.8855981230735779,11.435806,11.440134048461914
1784,67.35893630981445,0.8856653,0.8856014013290405,1.2123256965423934e-05,0.8855981230735779,11.43347,11.439859867095947
1785,67.39769530296326,0.8856653,0.885608434677124,2.1962707251077518e-05,0.8855981230735779,11.43347,11.439156532287598
1786,67.42998266220093,0.8856653,0.885623574256897,2.9210208595031872e-05,0.8855981230735779,11.43347,11.437642574310303
1787,67.46239590644836,0.8856653,0.8856527209281921,1.709907883196138e-05,0.8856096863746643,11.43347,11.434727907180786
1788,67.49512028694153,0.88569427,0.8856652975082397,1.8416673128740513e-06,0.8856651186943054,11.430573,11.433470249176025
1789,67.53719449043274,0.8857137,0.8856658935546875,4.925050689053023e-06,0.8856652975082397,11.428631,11.43341064453125
1790,67.58227968215942,0.8857141,0.8856680989265442,9.589202818460763e-06,0.8856652975082397,11.428589,11.433190107345581
1791,67.62795925140381,0.8857141,0.8856732249259949,1.6173764379345812e-05,0.8856652975082397,11.428589,11.432677507400513
1792,67.66292095184326,0.8857141,0.8856833577156067,2.0950059479218908e-05,0.8856652975082397,11.428589,11.431664228439331
1793,67.69603228569031,0.88573927,0.8857036828994751,1.4622407434217166e-05,0.8856657147407532,11.426073,11.42963171005249
1794,67.7369396686554,0.88574576,0.8857166171073914,7.51767538531567e-06,0.8857136964797974,11.425424,11.428338289260864
1795,67.77966833114624,0.88574636,0.8857210278511047,1.1033991540898569e-05,0.8857136964797974,11.425364,11.427897214889526
1796,67.85074186325073,0.8858333,0.8827160000801086,0.0026610358618199825,0.8767338991165161,11.416668,11.728399991989136
1797,67.89244341850281,0.8858356,0.8849441409111023,0.0006351529737003148,0.8835806846618652,11.416441,11.50558590888977
1798,67.9343318939209,0.88585716,0.8854976892471313,0.00021133574773557484,0.8850854635238647,11.414284,11.450231075286865
1799,67.97500562667847,0.88586545,0.8856966495513916,8.061771222855896e-05,0.8855614066123962,11.413455,11.43033504486084
1800,68.01589393615723,0.88586587,0.8857635855674744,5.88480215810705e-05,0.8856945037841797,11.413413,11.423641443252563
1801,68.0579514503479,0.88586587,0.8858140707015991,4.9662285164231434e-05,0.885739266872406,11.413413,11.418592929840088
1802,68.09190011024475,0.88586587,0.8858548998832703,1.1988639016635716e-05,0.8858333230018616,11.413413,11.414510011672974
1803,68.12597870826721,0.88586587,0.8858637809753418,1.6329129266523523e-06,0.8858601450920105,11.413413,11.41362190246582
1804,68.1594750881195,0.88586587,0.8858653903007507,4.250561005392228e-07,0.8858637809753418,11.413413,11.413460969924927
1805,68.1942503452301,0.88586587,0.8858656287193298,2.147408935115891e-07,0.8858654499053955,11.413413,11.413437128067017
1806,68.22775673866272,0.88586587,0.8858659267425537,5.960464477539063e-08,0.8858658671379089,11.413413,11.413407325744629
1807,68.26111817359924,0.88586587,0.8858659267425537,5.960464477539063e-08,0.8858658671379089,11.413413,11.413407325744629
1808,68.2945487499237,0.88586587,0.8858659267425537,5.960464477539063e-08,0.8858658671379089,11.413413,11.413407325744629
1809,68.32807993888855,0.88586587,0.8858659267425537,5.960464477539063e-08,0.8858658671379089,11.413413,11.413407325744629
1810,68.36163806915283,0.88586587,0.8858659267425537,5.960464477539063e-08,0.8858658671379089,11.413413,11.413407325744629
1811,68.39488291740417,0.88586587,0.8858659267425537,5.960464477539063e-08,0.8858658671379089,11.413413,11.413407325744629
1812,68.4283664226532,0.88586587,0.8858659267425537,5.960464477539063e-08,0.8858658671379089,11.413413,11.413407325744629
1813,68.46145606040955,0.8859049,0.885866105556488,2.475430846970994e-06,0.8858658671379089,11.40951,11.413389444351196
1814,68.50239133834839,0.8859049,0.8858663439750671,4.267894382792292e-06,0.8858658671379089,11.40951,11.413365602493286
1815,68.53596591949463,0.88590527,0.8858672380447388,6.906763246661285e-06,0.8858658671379089,11.409473,11.413276195526123
1816,68.57679080963135,0.88592106,0.885871171951294,1.4056404324946925e-05,0.8858658671379089,11.407894,11.412882804870605
1817,68.61702466011047,0.88592106,0.8858775496482849,2.012887125601992e-05,0.8858658671379089,11.407894,11.412245035171509
1818,68.65133380889893,0.88592106,0.8858926892280579,2.3871682060416788e-05,0.8858658671379089,11.407894,11.410731077194214
1819,68.68622875213623,0.88592106,0.8859148621559143,7.807897418388166e-06,0.8859049081802368,11.407894,11.40851378440857
1820,68.72002577781677,0.88592106,0.8859212398529053,1.9963322017702012e-07,0.8859207630157471,11.407894,11.407876014709473
1821,68.7541766166687,0.88592106,0.8859212398529053,1.7881393432617188e-07,0.885921061038971,11.407894,11.407876014709473
1822,68.78900027275085,0.8859608,0.8859213590621948,2.5231936433556257e-06,0.885921061038971,11.403918,11.407864093780518
1823,68.83192992210388,0.8859608,0.8859215974807739,3.717560502991546e-06,0.885921061038971,11.403918,11.407840251922607
1824,68.86608839035034,0.88597596,0.8859221935272217,6.248709269129904e-06,0.885921061038971,11.402405,11.407780647277832
1825,68.90649890899658,0.8859873,0.8859250545501709,1.2601005437318236e-05,0.885921061038971,11.401272,11.40749454498291
1826,68.94724941253662,0.88605636,0.8859332799911499,2.667245462362189e-05,0.885921061038971,11.394363,11.40667200088501
1827,68.98808026313782,0.88605636,0.8859519958496094,3.862044104607776e-05,0.885921061038971,11.394363,11.404800415039062
1828,69.02254724502563,0.8861091,0.8859898447990417,3.742917760973796e-05,0.8859339952468872,11.389089,11.401015520095825
1829,69.06339716911316,0.88612205,0.8860252499580383,3.6527075280901045e-05,0.8859825730323792,11.387795,11.397475004196167
1830,69.10487270355225,0.88612205,0.8860623836517334,2.306470923940651e-05,0.8860289454460144,11.387795,11.39376163482666
1831,69.14038515090942,0.8861221,0.8860815763473511,2.5313283913419582e-05,0.8860563635826111,11.387789,11.391842365264893
1832,69.1815071105957,0.8861221,0.8861087560653687,1.0835899956873618e-05,0.8860749006271362,11.387789,11.389124393463135
1833,69.21564769744873,0.8861221,0.8861162662506104,6.302552264969563e-06,0.8861091136932373,11.387789,11.388373374938965
1834,69.24878454208374,0.8861221,0.886121928691864,2.2925991061129025e-07,0.8861208558082581,11.387789,11.387807130813599
1835,69.28204917907715,0.8861221,0.8861219882965088,9.332673300832539e-08,0.8861220479011536,11.387789,11.387801170349121
1836,69.31510496139526,0.8861221,0.8861219882965088,1.1656627663114705e-07,0.8861220479011536,11.387789,11.387801170349121
1837,69.34700632095337,0.8861221,0.8861219882965088,1.1920928955078125e-07,0.8861221075057983,11.387789,11.387801170349121
1838,69.38080501556396,0.8861221,0.8861219882965088,1.1920928955078125e-07,0.8861221075057983,11.387789,11.387801170349121
1839,69.41178894042969,0.8861221,0.8861219882965088,1.1920928955078125e-07,0.8861221075057983,11.387789,11.387801170349121
1840,69.44543266296387,0.8861221,0.8861219882965088,1.1920928955078125e-07,0.8861221075057983,11.387789,11.387801170349121
1841,69.47864055633545,0.88616025,0.8861221671104431,2.4192818273149896e-06,0.8861221075057983,11.383974,11.387783288955688
1842,69.51890325546265,0.88616025,0.8861228227615356,5.260950729280012e-06,0.8861221075057983,11.383974,11.387717723846436
1843,69.55249953269958,0.88616025,0.8861255049705505,1.0678516446205322e-05,0.8861221075057983,11.383974,11.387449502944946
1844,69.5866150856018,0.88616025,0.8861303925514221,1.521948342997348e-05,0.8861221075057983,11.383974,11.386960744857788
1845,69.62089800834656,0.88616025,0.8861402869224548,1.7895785276778042e-05,0.8861221075057983,11.383974,11.385971307754517
1846,69.65603184700012,0.88616025,0.8861581087112427,5.180886091693537e-06,0.8861259818077087,11.383974,11.384189128875732
1847,69.69287204742432,0.88616025,0.886160135269165,1.1920928955078125e-07,0.8861602544784546,11.383974,11.383986473083496
1848,69.7285418510437,0.88616025,0.886160135269165,1.1920928955078125e-07,0.8861602544784546,11.383974,11.383986473083496
1849,69.79361486434937,0.8861605,0.8829947710037231,0.0029087259899824858,0.876238226890564,11.383951,11.700522899627686
1850,69.83506727218628,0.8861605,0.8854070901870728,0.0006651034927926958,0.8840908408164978,11.383951,11.459290981292725
1851,69.86682415008545,0.8861605,0.8859707117080688,0.00017759748152457178,0.8856220245361328,11.383951,11.402928829193115
1852,69.90145111083984,0.8861605,0.8861277103424072,3.37688579747919e-05,0.8860666751861572,11.383951,11.387228965759277
1853,69.93860077857971,0.8861605,0.8861563801765442,8.174875802069437e-06,0.8861337900161743,11.383951,11.384361982345581
1854,69.97330331802368,0.8861605,0.8861603140830994,1.2507358349012065e-07,0.8861602544784546,11.383951,11.383968591690063
1855,70.00797367095947,0.8861605,0.8861604332923889,8.729916345373567e-08,0.8861602544784546,11.383951,11.383956670761108
1856,70.0406129360199,0.88621014,0.8861607909202576,3.147977849948802e-06,0.8861604928970337,11.378985,11.383920907974243
1857,70.08316159248352,0.88621104,0.8861614465713501,6.284704340941971e-06,0.8861604928970337,11.378897,11.38385534286499
1858,70.1236355304718,0.88621104,0.8861625790596008,9.820397281146143e-06,0.8861604928970337,11.378897,11.383742094039917
1859,70.15666556358337,0.88621104,0.8861678242683411,1.767469620972406e-05,0.8861604928970337,11.378897,11.383217573165894
1860,70.18959093093872,0.88621104,0.8861768245697021,2.35090556088835e-05,0.8861604928970337,11.378897,11.382317543029785
1861,70.2229835987091,0.88621104,0.8861933350563049,2.402419522695709e-05,0.8861604928970337,11.378897,11.380666494369507
1862,70.25738787651062,0.88621104,0.8862111568450928,1.1920928955078125e-07,0.8862110376358032,11.378897,11.378884315490723
1863,70.28918170928955,0.88621104,0.8862111568450928,1.1920928955078125e-07,0.8862110376358032,11.378897,11.378884315490723
1864,70.32288098335266,0.88621104,0.8862111568450928,1.1920928955078125e-07,0.8862110376358032,11.378897,11.378884315490723
1865,70.3573009967804,0.88621104,0.8862111568450928,1.1920928955078125e-07,0.8862110376358032,11.378897,11.378884315490723
1866,70.39064121246338,0.88621104,0.8862111568450928,1.1920928955078125e-07,0.8862110376358032,11.378897,11.378884315490723
1867,70.42424321174622,0.88621104,0.8862111568450928,1.1920928955078125e-07,0.8862110376358032,11.378897,11.378884315490723
1868,70.45698976516724,0.88621104,0.8862111568450928,1.1920928955078125e-07,0.8862110376358032,11.378897,11.378884315490723
1869,70.49063277244568,0.88621104,0.8862111568450928,1.1920928955078125e-07,0.8862110376358032,11.378897,11.378884315490723
1870,70.52375817298889,0.88621104,0.8862111568450928,1.1920928955078125e-07,0.8862110376358032,11.378897,11.378884315490723
1871,70.5581705570221,0.88621104,0.8862111568450928,1.1920928955078125e-07,0.8862110376358032,11.378897,11.378884315490723
1872,70.59070801734924,0.88621104,0.8862111568450928,1.1920928955078125e-07,0.8862110376358032,11.378897,11.378884315490723
1873,70.6238203048706,0.88621104,0.8862111568450928,1.1920928955078125e-07,0.8862110376358032,11.378897,11.378884315490723
1874,70.65693759918213,0.88621104,0.8862111568450928,1.1920928955078125e-07,0.8862110376358032,11.378897,11.378884315490723
1875,70.69081902503967,0.88621104,0.8862111568450928,1.1920928955078125e-07,0.8862110376358032,11.378897,11.378884315490723
1876,70.7242841720581,0.8862111,0.8862111568450928,1.1902889696102648e-07,0.8862110376358032,11.37889,11.378884315490723
1877,70.76617383956909,0.8863481,0.8862117528915405,8.69571613293374e-06,0.8862110376358032,11.365187,11.378824710845947
1878,70.8101544380188,0.8863481,0.8862130045890808,1.4947818272048607e-05,0.8862110376358032,11.365187,11.378699541091919
1879,70.84438061714172,0.8863481,0.8862172961235046,2.6435103791300207e-05,0.8862110376358032,11.365187,11.378270387649536
1880,70.87857580184937,0.8863547,0.8862287998199463,4.319136496633291e-05,0.8862110376358032,11.3645315,11.377120018005371
1881,70.91856551170349,0.886366,0.8862513899803162,5.684917050530203e-05,0.8862110376358032,11.3633995,11.374861001968384
1882,70.96150827407837,0.886366,0.8862964510917664,5.619514922727831e-05,0.8862172365188599,11.3633995,11.370354890823364
1883,70.99618244171143,0.886366,0.8863465785980225,1.4564449884346686e-05,0.8863072991371155,11.3633995,11.365342140197754
1884,71.02958750724792,0.886366,0.8863557577133179,6.2466524468618445e-06,0.8863481283187866,11.3633995,11.364424228668213
1885,71.0633282661438,0.886366,0.8863608837127686,4.473190074349986e-06,0.8863546848297119,11.3633995,11.363911628723145
1886,71.12497425079346,0.8867247,0.8829985857009888,0.0029424610547721386,0.8762674927711487,11.327529,11.700141429901123
1887,71.16556119918823,0.8867247,0.8855016827583313,0.0008319897460751235,0.8837925791740417,11.327529,11.44983172416687
1888,71.19841361045837,0.8867247,0.8862490653991699,0.00026285991771146655,0.885740339756012,11.327529,11.375093460083008
1889,71.23195743560791,0.8867247,0.8864689469337463,0.00017518058302812278,0.8862582445144653,11.327529,11.353105306625366
1890,71.26547694206238,0.8867247,0.8866206407546997,0.00015298393554985523,0.8863825798034668,11.327529,11.33793592453003
1891,71.30016136169434,0.8867247,0.8867241740226746,5.791142143607431e-07,0.886723518371582,11.327529,11.327582597732544
1892,71.33491730690002,0.8867247,0.8867245316505432,1.7881393432617188e-07,0.8867247104644775,11.327529,11.327546834945679
1893,71.36812019348145,0.8867247,0.8867245316505432,1.7881393432617188e-07,0.8867247104644775,11.327529,11.327546834945679
1894,71.40130162239075,0.8867247,0.8867245316505432,1.7881393432617188e-07,0.8867247104644775,11.327529,11.327546834945679
1895,71.4337694644928,0.8867247,0.8867245316505432,1.7881393432617188e-07,0.8867247104644775,11.327529,11.327546834945679
1896,71.46535229682922,0.8867247,0.8867245316505432,1.7881393432617188e-07,0.8867247104644775,11.327529,11.327546834945679
1897,71.4990336894989,0.8867247,0.8867245316505432,1.7881393432617188e-07,0.8867247104644775,11.327529,11.327546834945679
1898,71.53151941299438,0.8867247,0.8867245316505432,1.7881393432617188e-07,0.8867247104644775,11.327529,11.327546834945679
1899,71.56548428535461,0.8867247,0.8867245316505432,1.7881393432617188e-07,0.8867247104644775,11.327529,11.327546834945679
1900,71.5978991985321,0.8867247,0.8867245316505432,1.7881393432617188e-07,0.8867247104644775,11.327529,11.327546834945679
1901,71.63168835639954,0.8867247,0.8867245316505432,1.7881393432617188e-07,0.8867247104644775,11.327529,11.327546834945679
1902,71.66404485702515,0.8867247,0.8867245316505432,1.7881393432617188e-07,0.8867247104644775,11.327529,11.327546834945679
1903,71.69802665710449,0.88673115,0.8867245316505432,4.564531366213487e-07,0.8867247104644775,11.326885,11.327546834945679
1904,71.73804712295532,0.88673633,0.8867246508598328,9.456416023567726e-07,0.8867247104644775,11.326366,11.327534914016724
1905,71.7828631401062,0.8867568,0.886725127696991,3.2917153021116974e-06,0.8867247104644775,11.324322,11.327487230300903
1906,71.82743716239929,0.8867568,0.8867267370223999,6.61221702102921e-06,0.8867247104644775,11.324322,11.32732629776001
1907,71.86152815818787,0.8867568,0.8867306709289551,1.099105520552257e-05,0.8867247104644775,11.324322,11.326932907104492
1908,71.89518213272095,0.8867568,0.8867393136024475,1.3278728147270158e-05,0.8867247104644775,11.324322,11.326068639755249
1909,71.93718338012695,0.8867568,0.8867529630661011,5.3687590479967184e-06,0.8867363333702087,11.324322,11.324703693389893
1910,71.97934222221375,0.8867568,0.8867568373680115,5.960464477539063e-08,0.8867567777633667,11.324322,11.324316263198853
1911,72.01751685142517,0.8867568,0.8867568373680115,5.960464477539063e-08,0.8867567777633667,11.324322,11.324316263198853
1912,72.05342102050781,0.8867568,0.8867568373680115,5.960464477539063e-08,0.8867567777633667,11.324322,11.324316263198853
1913,72.08787703514099,0.8867568,0.8867568373680115,5.960464477539063e-08,0.8867567777633667,11.324322,11.324316263198853
1914,72.12010788917542,0.8867568,0.8867568373680115,5.960464477539063e-08,0.8867567777633667,11.324322,11.324316263198853
1915,72.15345430374146,0.8867568,0.8867568373680115,5.960464477539063e-08,0.8867567777633667,11.324322,11.324316263198853
1916,72.1860454082489,0.88677675,0.8867568969726562,1.2659736512432573e-06,0.8867567777633667,11.322326,11.324310302734375
1917,72.22877073287964,0.8867924,0.886757493019104,4.203003754810197e-06,0.8867567777633667,11.320758,11.3242506980896
1918,72.2723343372345,0.8867924,0.8867594599723816,8.155226169037633e-06,0.8867567777633667,11.320758,11.32405400276184
1919,72.30572295188904,0.8867924,0.8867632746696472,1.1954304682149086e-05,0.8867567777633667,11.320758,11.323672533035278
1920,72.34062433242798,0.8867924,0.886771559715271,1.465493278374197e-05,0.8867567777633667,11.320758,11.3228440284729
1921,72.37286281585693,0.8868227,0.8867870569229126,7.5174480116402265e-06,0.8867766857147217,11.31773,11.32129430770874
1922,72.41320967674255,0.88682276,0.8867950439453125,1.1230722520849667e-05,0.8867886662483215,11.317724,11.32049560546875
1923,72.45269465446472,0.88682276,0.8868051171302795,1.3994797882332932e-05,0.8867901563644409,11.317724,11.319488286972046
1924,72.48519515991211,0.88682276,0.8868180513381958,6.882174147904152e-06,0.8867970705032349,11.317724,11.31819486618042
1925,72.51726746559143,0.88682413,0.8868222236633301,4.1003750084200874e-07,0.886821985244751,11.317587,11.317777633666992
1926,72.5573947429657,0.88683105,0.8868227601051331,7.623118563060416e-07,0.886821985244751,11.3168955,11.317723989486694
1927,72.59862875938416,0.88684285,0.886823296546936,2.4139435481629334e-06,0.8868227601051331,11.315716,11.317670345306396
1928,72.63953280448914,0.8868433,0.886824369430542,4.476422418520087e-06,0.8868227601051331,11.315668,11.3175630569458
1929,72.68080163002014,0.8868433,0.8868271708488464,7.037473551463336e-06,0.8868227601051331,11.315668,11.317282915115356
1930,72.71418285369873,0.8868433,0.8868330717086792,8.086799425655045e-06,0.8868227601051331,11.315668,11.31669282913208
1931,72.747967004776,0.8868433,0.8868403434753418,4.519446520134807e-06,0.8868310451507568,11.315668,11.31596565246582
1932,72.78269600868225,0.8868433,0.8868429660797119,2.3173041086010926e-07,0.8868428468704224,11.315668,11.315703392028809
1933,72.81631636619568,0.8868434,0.886843204498291,2.1430683716516796e-07,0.8868428468704224,11.315661,11.315679550170898
1934,72.85507535934448,0.8868434,0.8868433833122253,5.900073318798604e-08,0.8868433237075806,11.315661,11.315661668777466
1935,72.88821840286255,0.8868434,0.8868433833122253,5.70252502996027e-08,0.8868433237075806,11.315661,11.315661668777466
1936,72.9203131198883,0.8868434,0.8868433833122253,5.298858241076232e-08,0.8868433237075806,11.315661,11.315661668777466
1937,72.95267724990845,0.8868434,0.8868433833122253,4.3485176348667665e-08,0.8868433237075806,11.315661,11.315661668777466
1938,72.98462200164795,0.8868434,0.8868433833122253,9.271070133820558e-09,0.8868433237075806,11.315661,11.315661668777466
1939,73.01646709442139,0.8868434,0.8868433833122253,0.0,0.8868433833122253,11.315661,11.315661668777466
1940,73.04937076568604,0.88686126,0.8868435025215149,1.1341567187628243e-06,0.8868433833122253,11.313873,11.31564974784851
1941,73.08833146095276,0.8869097,0.8868439793586731,4.753490884468192e-06,0.8868433833122253,11.309028,11.31560206413269
1942,73.12985825538635,0.8869213,0.8868466019630432,1.2536370377347339e-05,0.8868433833122253,11.307871,11.315339803695679
1943,73.16861271858215,0.8869213,0.8868544101715088,2.3618027626071125e-05,0.8868433833122253,11.307871,11.314558982849121
1944,73.20179724693298,0.8869213,0.8868685364723206,3.125061630271375e-05,0.8868433833122253,11.307871,11.313146352767944
1945,73.2333116531372,0.8869213,0.8868991136550903,2.3537486413260922e-05,0.8868510127067566,11.307871,11.310088634490967
1946,73.2653648853302,0.8869213,0.8869161009788513,4.673226612794679e-06,0.8869115114212036,11.307871,11.308389902114868
1947,73.29771733283997,0.8869213,0.8869207501411438,7.610187822137959e-07,0.8869194984436035,11.307871,11.30792498588562
1948,73.3302652835846,0.8869213,0.8869211673736572,1.1920928955078125e-07,0.8869212865829468,11.307871,11.307883262634277
1949,73.36221075057983,0.8869459,0.8869212865829468,1.5631630958523601e-06,0.8869212865829468,11.305409,11.307871341705322
1950,73.40008354187012,0.8869459,0.8869215250015259,3.0418059395742603e-06,0.8869212865829468,11.305409,11.307847499847412
1951,73.43210196495056,0.8869459,0.8869224190711975,5.170758868189296e-06,0.8869212865829468,11.305409,11.307758092880249
1952,73.46503901481628,0.8869462,0.8869246244430542,8.252241059381049e-06,0.8869212865829468,11.30538,11.30753755569458
1953,73.50495147705078,0.8869462,0.8869286775588989,1.0846347322512884e-05,0.8869212865829468,11.30538,11.307132244110107
1954,73.53747820854187,0.8869462,0.8869367837905884,1.0913445294136181e-05,0.8869212865829468,11.30538,11.306321620941162
1955,73.56990933418274,0.8869462,0.8869457840919495,5.25910309079336e-07,0.8869437575340271,11.30538,11.305421590805054
1956,73.60198330879211,0.8869462,0.8869460225105286,1.6495819465944805e-07,0.886945903301239,11.30538,11.305397748947144
1957,73.63454151153564,0.8869462,0.8869460821151733,1.1920928955078125e-07,0.8869462013244629,11.30538,11.305391788482666
1958,73.66674256324768,0.8869463,0.8869460821151733,1.1992814563654974e-07,0.8869462013244629,11.305368,11.305391788482666
1959,73.70598483085632,0.8869464,0.8869460821151733,1.2380726843730372e-07,0.8869462013244629,11.305362,11.305391788482666
1960,73.74487280845642,0.8869464,0.8869460821151733,1.3761633965714282e-07,0.8869462013244629,11.305362,11.305391788482666
1961,73.77869844436646,0.8869464,0.8869461417198181,1.1899880547616704e-07,0.8869462013244629,11.305362,11.305385828018188
1962,73.81229400634766,0.8869464,0.8869462609291077,8.799381134849682e-08,0.8869462013244629,11.305362,11.305373907089233
1963,73.84561729431152,0.8869464,0.8869463801383972,2.553053768394875e-08,0.8869463205337524,11.305362,11.305361986160278
1964,73.87811660766602,0.8869464,0.8869463801383972,0.0,0.8869463801383972,11.305362,11.305361986160278
1965,73.91153049468994,0.8869464,0.8869463801383972,0.0,0.8869463801383972,11.305362,11.305361986160278
1966,73.94511389732361,0.8869464,0.8869463801383972,0.0,0.8869463801383972,11.305362,11.305361986160278
1967,73.98173475265503,0.8869464,0.8869463801383972,0.0,0.8869463801383972,11.305362,11.305361986160278
1968,74.0135703086853,0.8869464,0.8869463801383972,0.0,0.8869463801383972,11.305362,11.305361986160278
1969,74.04604077339172,0.8869464,0.8869463801383972,0.0,0.8869463801383972,11.305362,11.305361986160278
1970,74.0783519744873,0.88695884,0.886946439743042,7.895030194049468e-07,0.8869463801383972,11.304116,11.3053560256958
1971,74.11786675453186,0.88695884,0.8869464993476868,1.3577978279499803e-06,0.8869463801383972,11.304116,11.305350065231323
1972,74.15076208114624,0.88695884,0.8869468569755554,2.1872131128475303e-06,0.8869463801383972,11.304116,11.305314302444458
1973,74.18414449691772,0.88695884,0.8869478106498718,3.904549430444604e-06,0.8869463801383972,11.304116,11.305218935012817
1974,74.21648502349854,0.88695884,0.8869499564170837,5.526276709133526e-06,0.8869463801383972,11.304116,11.305004358291626
1975,74.24867081642151,0.88695884,0.8869540691375732,5.890461579838302e-06,0.8869464993476868,11.304116,11.304593086242676
1976,74.28101754188538,0.88695884,0.8869588375091553,1.2544526839519676e-07,0.8869585394859314,11.304116,11.304116249084473
1977,74.31285500526428,0.88695884,0.8869590163230896,1.7881393432617188e-07,0.8869588375091553,11.304116,11.30409836769104
1978,74.34495377540588,0.88695884,0.8869590163230896,1.7881393432617188e-07,0.8869588375091553,11.304116,11.30409836769104
1979,74.37653112411499,0.88695884,0.8869590163230896,1.7881393432617188e-07,0.8869588375091553,11.304116,11.30409836769104
1980,74.40997242927551,0.88695884,0.8869590163230896,1.7881393432617188e-07,0.8869588375091553,11.304116,11.30409836769104
1981,74.44256377220154,0.88695884,0.8869590163230896,1.7881393432617188e-07,0.8869588375091553,11.304116,11.30409836769104
1982,74.47483420372009,0.88695884,0.8869590163230896,1.7881393432617188e-07,0.8869588375091553,11.304116,11.30409836769104
1983,74.50831985473633,0.88696337,0.8869590759277344,3.6176979278934596e-07,0.8869588375091553,11.303663,11.304092407226562
1984,74.54690051078796,0.88696337,0.8869590759277344,5.941205927229021e-07,0.8869588375091553,11.303663,11.304092407226562
1985,74.57911992073059,0.88696337,0.8869593143463135,1.2384891761030303e-06,0.8869588375091553,11.303663,11.304068565368652
1986,74.61423206329346,0.8870149,0.8869602084159851,3.9550777728436515e-06,0.8869588375091553,11.298508,11.30397915840149
1987,74.6535849571228,0.8870149,0.8869620561599731,7.21870992492768e-06,0.8869588375091553,11.298508,11.303794384002686
1988,74.68611288070679,0.8870192,0.8869669437408447,1.2384246474539395e-05,0.8869633674621582,11.298079,11.303305625915527
1989,74.72474646568298,0.88701946,0.88697350025177,1.9340088329045102e-05,0.8869633674621582,11.298055,11.302649974822998
1990,74.76558184623718,0.88701946,0.8869847655296326,2.3605049136676826e-05,0.8869633674621582,11.298055,11.301523447036743
1991,74.80044221878052,0.88704455,0.8870066404342651,1.5747662473586388e-05,0.886974036693573,11.295546,11.299335956573486
1992,74.84158658981323,0.88704896,0.8870201706886292,7.568351975351106e-06,0.8870146870613098,11.295104,11.297982931137085
1993,74.88149547576904,0.8870534,0.887025773525238,9.882263839244843e-06,0.8870192170143127,11.294662,11.297422647476196
1994,74.9206395149231,0.88705355,0.8870332837104797,1.0928720257652458e-05,0.8870194554328918,11.294645,11.296671628952026
1995,74.95743155479431,0.88705355,0.8870434761047363,6.54999666949152e-06,0.8870354294776917,11.294645,11.295652389526367
1996,74.98912024497986,0.88705355,0.8870495557785034,3.42242651640845e-06,0.8870452046394348,11.294645,11.295044422149658
1997,75.02043437957764,0.88705355,0.8870527744293213,1.585253698976885e-06,0.8870489597320557,11.294645,11.294722557067871
1998,75.05439329147339,0.88705355,0.8870536088943481,5.960464477539063e-08,0.8870535492897034,11.294645,11.294639110565186
1999,75.0872209072113,0.88705355,0.8870536088943481,5.960464477539063e-08,0.8870535492897034,11.294645,11.294639110565186
2000,75.11882328987122,0.88705355,0.8870536088943481,5.960464477539063e-08,0.8870535492897034,11.294645,11.294639110565186
2001,75.15812373161316,0.88705355,0.8870536088943481,5.960464477539063e-08,0.8870535492897034,11.294645,11.294639110565186
2002,75.18931412696838,0.88705355,0.8870536088943481,5.960464477539063e-08,0.8870535492897034,11.294645,11.294639110565186
2003,75.22172927856445,0.88705355,0.8870536088943481,5.960464477539063e-08,0.8870535492897034,11.294645,11.294639110565186
2004,75.25304222106934,0.88705355,0.8870536088943481,5.960464477539063e-08,0.8870535492897034,11.294645,11.294639110565186
2005,75.28613471984863,0.88705355,0.8870536088943481,5.960464477539063e-08,0.8870535492897034,11.294645,11.294639110565186
2006,75.32040643692017,0.88705355,0.8870536088943481,5.960464477539063e-08,0.8870535492897034,11.294645,11.294639110565186
2007,75.35319828987122,0.88705355,0.8870536088943481,5.960464477539063e-08,0.8870535492897034,11.294645,11.294639110565186
2008,75.38621115684509,0.88705355,0.8870536088943481,5.960464477539063e-08,0.8870535492897034,11.294645,11.294639110565186
2009,75.41900587081909,0.88705355,0.8870536088943481,5.960464477539063e-08,0.8870535492897034,11.294645,11.294639110565186
2010,75.45073080062866,0.88705355,0.8870536088943481,5.960464477539063e-08,0.8870535492897034,11.294645,11.294639110565186
2011,75.48253536224365,0.88705355,0.8870536088943481,5.960464477539063e-08,0.8870535492897034,11.294645,11.294639110565186
2012,75.51485633850098,0.88705355,0.8870536088943481,5.960464477539063e-08,0.8870535492897034,11.294645,11.294639110565186
2013,75.54690074920654,0.8870627,0.8870536088943481,5.821366357849911e-07,0.8870535492897034,11.293727,11.294639110565186
2014,75.58647966384888,0.8870627,0.8870536684989929,8.222207839025941e-07,0.8870535492897034,11.293727,11.294633150100708
2015,75.61973261833191,0.8870627,0.8870540857315063,1.9505453110468807e-06,0.8870535492897034,11.293727,11.294591426849365
2016,75.65023708343506,0.88706523,0.887054979801178,3.2188677323574666e-06,0.8870535492897034,11.293477,11.294502019882202
2017,75.69076633453369,0.88706523,0.8870570063591003,4.303416517359437e-06,0.8870535492897034,11.293477,11.294299364089966
2018,75.72291851043701,0.88706523,0.8870610594749451,3.4186373341071885e-06,0.8870543837547302,11.293477,11.293894052505493
2019,75.75649333000183,0.88706523,0.8870638012886047,1.1877708629981498e-06,0.8870627284049988,11.293477,11.293619871139526
2020,75.78887891769409,0.88706523,0.8870647549629211,8.758258900343208e-07,0.8870627284049988,11.293477,11.293524503707886
2021,75.8501558303833,0.88706523,0.8836748600006104,0.0030302931554615498,0.8766045570373535,11.293477,11.632513999938965
2022,75.89042901992798,0.88706523,0.8862308263778687,0.0007642810815013945,0.884560763835907,11.293477,11.376917362213135
2023,75.92325401306152,0.88706523,0.8868783712387085,0.00016070799028966576,0.8865222334861755,11.293477,11.31216287612915
2024,75.95559668540955,0.88706523,0.8870142102241516,4.2951025534421206e-05,0.886941134929657,11.293477,11.298578977584839
2025,75.98893570899963,0.88706523,0.8870497345924377,1.8132286641048267e-05,0.887015700340271,11.293477,11.295026540756226
2026,76.02206587791443,0.8870744,0.8870652318000793,5.968630603092606e-07,0.8870642781257629,11.292559,11.293476819992065
2027,76.06334042549133,0.8870744,0.8870652914047241,1.0047605201179977e-06,0.8870652318000793,11.292559,11.293470859527588
2028,76.09743309020996,0.8870769,0.8870655298233032,1.7755330645741196e-06,0.8870652318000793,11.292309,11.293447017669678
2029,76.13679337501526,0.8870769,0.8870663642883301,3.2344389637728455e-06,0.8870652318000793,11.292309,11.293363571166992
2030,76.16905641555786,0.8870769,0.8870681524276733,4.687618002208183e-06,0.8870652318000793,11.292309,11.293184757232666
2031,76.20206212997437,0.8870769,0.8870719075202942,5.103023340780055e-06,0.8870652318000793,11.292309,11.292809247970581
2032,76.23437571525574,0.8870769,0.8870761394500732,1.18297316475946e-06,0.8870744109153748,11.292309,11.292386054992676
2033,76.2693681716919,0.8870769,0.8870770931243896,1.7881393432617188e-07,0.8870769143104553,11.292309,11.292290687561035
2034,76.30205512046814,0.8870769,0.8870770931243896,1.7881393432617188e-07,0.8870769143104553,11.292309,11.292290687561035
2035,76.3348937034607,0.8870769,0.8870770931243896,1.7881393432617188e-07,0.8870769143104553,11.292309,11.292290687561035
2036,76.36749315261841,0.8870769,0.8870770931243896,1.7881393432617188e-07,0.8870769143104553,11.292309,11.292290687561035
2037,76.39994692802429,0.8870769,0.8870770931243896,1.7881393432617188e-07,0.8870769143104553,11.292309,11.292290687561035
2038,76.4317398071289,0.8870769,0.8870770931243896,1.7881393432617188e-07,0.8870769143104553,11.292309,11.292290687561035
2039,76.46365809440613,0.8870769,0.8870770931243896,1.7881393432617188e-07,0.8870769143104553,11.292309,11.292290687561035
2040,76.49680233001709,0.8870769,0.8870770931243896,1.7881393432617188e-07,0.8870769143104553,11.292309,11.292290687561035
2041,76.52917575836182,0.88708866,0.8870771527290344,7.682598948122177e-07,0.8870769143104553,11.291134,11.292284727096558
2042,76.56805896759033,0.88709176,0.887077271938324,1.504205556557281e-06,0.8870769143104553,11.290825,11.292272806167603
2043,76.60650444030762,0.8871225,0.887078046798706,4.738623829325661e-06,0.8870769143104553,11.287748,11.292195320129395
2044,76.64722347259521,0.8871258,0.8870816230773926,1.1405290933907963e-05,0.8870769143104553,11.287421,11.291837692260742
2045,76.68771362304688,0.8871258,0.8870899677276611,1.7546164599480107e-05,0.8870769143104553,11.287421,11.291003227233887
2046,76.71989846229553,0.8871258,0.8871042728424072,1.668040749791544e-05,0.8870792388916016,11.287421,11.289572715759277
2047,76.75365543365479,0.8871258,0.8871186375617981,5.574389433604665e-06,0.8871104717254639,11.287421,11.28813624382019
2048,76.78733277320862,0.8871258,0.8871234655380249,2.8517636110336753e-06,0.8871176838874817,11.287421,11.28765344619751
2049,76.82047653198242,0.8871258,0.8871259093284607,1.3092139283799042e-07,0.8871256709098816,11.287421,11.28740906715393
2050,76.85246849060059,0.8871281,0.8871259093284607,1.8375283161731204e-07,0.8871257901191711,11.287189,11.28740906715393
2051,76.89203310012817,0.8871532,0.887126088142395,1.756869892233226e-06,0.8871257901191711,11.284679,11.287391185760498
2052,76.93277525901794,0.8871538,0.8871267437934875,4.538322173175402e-06,0.8871257901191711,11.284619,11.287325620651245
2053,76.97212839126587,0.88715446,0.887129008769989,8.570466889068484e-06,0.8871257901191711,11.284554,11.287099123001099
2054,77.01135993003845,0.88715446,0.887133777141571,1.2276685993128922e-05,0.8871257901191711,11.284554,11.286622285842896
2055,77.04432797431946,0.88715446,0.88714200258255,1.3437219422485214e-05,0.8871257901191711,11.284554,11.285799741744995
2056,77.07770729064941,0.887155,0.8871539831161499,4.6188171154426527e-07,0.8871532082557678,11.2845,11.28460168838501
2057,77.11949110031128,0.8871554,0.8871544599533081,2.122582571928433e-07,0.8871538043022156,11.284458,11.28455400466919
2058,77.15929436683655,0.8871604,0.8871546387672424,5.563929903473763e-07,0.8871544599533081,11.283958,11.284536123275757
2059,77.19827198982239,0.8871604,0.8871549963951111,1.4060376543056918e-06,0.8871544599533081,11.283958,11.284500360488892
2060,77.23105311393738,0.8871604,0.8871559500694275,2.2496742531075142e-06,0.8871544599533081,11.283958,11.284404993057251
2061,77.26375961303711,0.8871604,0.8871578574180603,2.2939186692383373e-06,0.8871544599533081,11.283958,11.28421425819397
2062,77.29534435272217,0.8871604,0.887160062789917,5.598964207820245e-07,0.8871587514877319,11.283958,11.2839937210083
2063,77.32732319831848,0.8871604,0.8871604204177856,0.0,0.8871604204177856,11.283958,11.283957958221436
2064,77.3593533039093,0.8871604,0.8871604204177856,0.0,0.8871604204177856,11.283958,11.283957958221436
2065,77.39178705215454,0.8871604,0.8871604204177856,0.0,0.8871604204177856,11.283958,11.283957958221436
2066,77.42453932762146,0.8871604,0.8871604204177856,0.0,0.8871604204177856,11.283958,11.283957958221436
2067,77.45670747756958,0.8871604,0.8871604204177856,0.0,0.8871604204177856,11.283958,11.283957958221436
2068,77.49020409584045,0.8871604,0.8871604204177856,0.0,0.8871604204177856,11.283958,11.283957958221436
2069,77.5231409072876,0.88720006,0.8871605396270752,2.512206492610858e-06,0.8871604204177856,11.279994,11.28394603729248
2070,77.56291484832764,0.88720006,0.8871610164642334,4.993341462977696e-06,0.8871604204177856,11.279994,11.28389835357666
2071,77.59506964683533,0.8872014,0.887162983417511,9.511828466202132e-06,0.8871604204177856,11.279858,11.283701658248901
2072,77.63387656211853,0.8872014,0.8871673941612244,1.462728778278688e-05,0.8871604204177856,11.279858,11.283260583877563
2073,77.66687750816345,0.8872014,0.887176513671875,1.832467933127191e-05,0.8871604204177856,11.279858,11.2823486328125
2074,77.69876384735107,0.8872014,0.8871930241584778,1.0959729479509406e-05,0.887171745300293,11.279858,11.280697584152222
2075,77.73195815086365,0.8872014,0.8872010111808777,6.401795644705999e-07,0.8872000575065613,11.279858,11.279898881912231
2076,77.76454591751099,0.8872014,0.8872013688087463,5.960464477539063e-08,0.8872014284133911,11.279858,11.279863119125366
2077,77.7983341217041,0.8872014,0.8872013688087463,5.960464477539063e-08,0.8872014284133911,11.279858,11.279863119125366
2078,77.83039331436157,0.8872014,0.8872013688087463,5.960464477539063e-08,0.8872014284133911,11.279858,11.279863119125366
2079,77.86277413368225,0.8872014,0.8872013688087463,5.960464477539063e-08,0.8872014284133911,11.279858,11.279863119125366
2080,77.89447379112244,0.8872014,0.8872013688087463,5.960464477539063e-08,0.8872014284133911,11.279858,11.279863119125366
2081,77.92700743675232,0.8872014,0.8872013688087463,5.960464477539063e-08,0.8872014284133911,11.279858,11.279863119125366
2082,77.96046662330627,0.8872014,0.8872013688087463,5.960464477539063e-08,0.8872014284133911,11.279858,11.279863119125366
2083,77.9922525882721,0.8872014,0.8872013688087463,5.960464477539063e-08,0.8872014284133911,11.279858,11.279863119125366
2084,78.02506184577942,0.8872014,0.8872013688087463,5.960464477539063e-08,0.8872014284133911,11.279858,11.279863119125366
2085,78.05660247802734,0.8872014,0.8872013688087463,5.960464477539063e-08,0.8872014284133911,11.279858,11.279863119125366
2086,78.08907413482666,0.8872014,0.8872013688087463,5.960464477539063e-08,0.8872014284133911,11.279858,11.279863119125366
2087,78.12331295013428,0.8872014,0.8872013688087463,5.960464477539063e-08,0.8872014284133911,11.279858,11.279863119125366
2088,78.15702080726624,0.8872014,0.8872013688087463,5.960464477539063e-08,0.8872014284133911,11.279858,11.279863119125366
2089,78.18993830680847,0.8872014,0.8872013688087463,5.960464477539063e-08,0.8872014284133911,11.279858,11.279863119125366
2090,78.22184896469116,0.8872014,0.8872013688087463,5.960464477539063e-08,0.8872014284133911,11.279858,11.279863119125366
2091,78.2544379234314,0.8872014,0.8872013688087463,5.960464477539063e-08,0.8872014284133911,11.279858,11.279863119125366
2092,78.28663849830627,0.8872014,0.8872013688087463,5.960464477539063e-08,0.8872014284133911,11.279858,11.279863119125366
2093,78.3189389705658,0.8872014,0.8872013688087463,5.960464477539063e-08,0.8872014284133911,11.279858,11.279863119125366
2094,78.35116982460022,0.8872014,0.8872013688087463,5.960464477539063e-08,0.8872014284133911,11.279858,11.279863119125366
2095,78.38489103317261,0.8872014,0.8872013688087463,5.960464477539063e-08,0.8872014284133911,11.279858,11.279863119125366
2096,78.41772699356079,0.8872014,0.8872013688087463,5.960464477539063e-08,0.8872014284133911,11.279858,11.279863119125366
2097,78.45007538795471,0.8872014,0.8872013688087463,5.960464477539063e-08,0.8872014284133911,11.279858,11.279863119125366
2098,78.48282480239868,0.8872014,0.8872013688087463,5.960464477539063e-08,0.8872014284133911,11.279858,11.279863119125366
2099,78.51598882675171,0.8872014,0.8872013688087463,5.960464477539063e-08,0.8872014284133911,11.279858,11.279863119125366
2100,78.54788732528687,0.8872014,0.8872013688087463,5.960464477539063e-08,0.8872014284133911,11.279858,11.279863119125366
2101,78.5793890953064,0.8872014,0.8872013688087463,5.960464477539063e-08,0.8872014284133911,11.279858,11.279863119125366
2102,78.6117947101593,0.8872014,0.8872013688087463,5.960464477539063e-08,0.8872014284133911,11.279858,11.279863119125366
2103,78.6432569026947,0.8872014,0.8872013688087463,5.960464477539063e-08,0.8872014284133911,11.279858,11.279863119125366
2104,78.67510080337524,0.8872014,0.8872013688087463,5.960464477539063e-08,0.8872014284133911,11.279858,11.279863119125366
2105,78.70752096176147,0.8872014,0.8872013688087463,5.960464477539063e-08,0.8872014284133911,11.279858,11.279863119125366
2106,78.74152302742004,0.8872014,0.8872013688087463,5.960464477539063e-08,0.8872014284133911,11.279858,11.279863119125366
2107,78.7788155078888,0.8872014,0.8872013688087463,5.960464477539063e-08,0.8872014284133911,11.279858,11.279863119125366
2108,78.81492066383362,0.8872014,0.8872013688087463,5.960464477539063e-08,0.8872014284133911,11.279858,11.279863119125366
2109,78.84968495368958,0.8872021,0.8872013688087463,7.484153030645757e-08,0.8872014284133911,11.279792,11.279863119125366
2110,78.89116954803467,0.8872021,0.8872013688087463,9.848012183510946e-08,0.8872014284133911,11.279792,11.279863119125366
2111,78.9268810749054,0.8872021,0.8872014284133911,1.6653554268941662e-07,0.8872014284133911,11.279792,11.279857158660889
2112,78.95911383628845,0.8872021,0.8872014880180359,2.5264020564463863e-07,0.8872014284133911,11.279792,11.279851198196411
2113,78.99175667762756,0.8872021,0.8872016668319702,3.1824674806557596e-07,0.8872014284133911,11.279792,11.279833316802979
2114,79.02405261993408,0.8872023,0.8872019648551941,2.7144611181029177e-07,0.8872014284133911,11.279768,11.27980351448059
2115,79.06792449951172,0.8872023,0.8872022032737732,1.1920928955078125e-07,0.8872020840644836,11.279768,11.27977967262268
2116,79.10975384712219,0.8872023,0.8872022032737732,1.1920928955078125e-07,0.8872020840644836,11.279768,11.27977967262268
2117,79.14279556274414,0.8872023,0.8872022032737732,1.1920928955078125e-07,0.8872020840644836,11.279768,11.27977967262268
2118,79.17595314979553,0.8872023,0.8872022032737732,1.1920928955078125e-07,0.8872020840644836,11.279768,11.27977967262268
2119,79.20856428146362,0.8872023,0.8872023820877075,1.3792828212899622e-07,0.8872020840644836,11.279768,11.279761791229248
2120,79.24059104919434,0.8872023,0.8872023820877075,5.960464477539063e-08,0.8872023224830627,11.279768,11.279761791229248
2121,79.27316045761108,0.8872023,0.8872023820877075,5.960464477539063e-08,0.8872023224830627,11.279768,11.279761791229248
2122,79.30547618865967,0.88721704,0.8872024416923523,9.349006404590909e-07,0.8872023224830627,11.2782955,11.27975583076477
2123,79.34553790092468,0.88722754,0.8872025609016418,2.0646925804612692e-06,0.8872023224830627,11.277246,11.279743909835815
2124,79.38524532318115,0.88722754,0.8872033357620239,4.474195520742796e-06,0.8872023224830627,11.277246,11.279666423797607
2125,79.41878271102905,0.8872358,0.8872055411338806,8.06350726634264e-06,0.8872023224830627,11.276418,11.279445886611938
2126,79.46018767356873,0.8872358,0.8872106671333313,1.1780812201322988e-05,0.8872023224830627,11.276418,11.27893328666687
2127,79.49260115623474,0.8872415,0.8872200846672058,1.2488148058764637e-05,0.8872023224830627,11.275852,11.277991533279419
2128,79.5315260887146,0.8872431,0.8872316479682922,4.467229246074567e-06,0.8872273564338684,11.275691,11.276835203170776
2129,79.571857213974,0.8872431,0.8872360587120056,3.035922873095842e-06,0.8872289657592773,11.275691,11.276394128799438
2130,79.60525679588318,0.8872431,0.8872386813163757,3.247415406804066e-06,0.8872347474098206,11.275691,11.276131868362427
2131,79.63725066184998,0.8872431,0.8872420787811279,8.917634204408387e-07,0.8872399926185608,11.275691,11.275792121887207
2132,79.67036128044128,0.8872431,0.88724285364151,5.72515205021773e-07,0.8872416019439697,11.275691,11.275714635848999
2133,79.70266270637512,0.8872431,0.8872432112693787,1.1920928955078125e-07,0.8872430920600891,11.275691,11.275678873062134
2134,79.73568725585938,0.8872431,0.8872432112693787,1.1920928955078125e-07,0.8872430920600891,11.275691,11.275678873062134
2135,79.76944875717163,0.88725007,0.8872432112693787,4.5122914116291213e-07,0.8872430920600891,11.274994,11.275678873062134
2136,79.80929327011108,0.8872788,0.8872434496879578,2.4217763439082773e-06,0.8872430920600891,11.27212,11.275655031204224
2137,79.84788012504578,0.8872788,0.8872439861297607,4.684669420385035e-06,0.8872430920600891,11.27212,11.275601387023926
2138,79.88028621673584,0.8872788,0.8872456550598145,8.153529961418826e-06,0.8872430920600891,11.27212,11.275434494018555
2139,79.91285538673401,0.88728094,0.8872501254081726,1.3079005839244928e-05,0.8872430920600891,11.271906,11.27498745918274
2140,79.952472448349,0.88728094,0.8872578144073486,1.6012318155844696e-05,0.8872430920600891,11.271906,11.274218559265137
2141,79.98513317108154,0.8873151,0.8872725963592529,1.1688159247569274e-05,0.8872527480125427,11.268491,11.272740364074707
2142,80.0262188911438,0.8873471,0.8872811794281006,9.487186616752297e-06,0.8872787952423096,11.265289,11.271882057189941
2143,80.06895852088928,0.8873508,0.8872858881950378,1.6268752005998977e-05,0.8872787952423096,11.26492,11.271411180496216
2144,80.10859298706055,0.8873508,0.8872964382171631,2.300950109201949e-05,0.8872787952423096,11.26492,11.270356178283691
2145,80.14056038856506,0.8873508,0.8873189091682434,2.103127735608723e-05,0.8872824907302856,11.26492,11.26810908317566
2146,80.1734938621521,0.8873514,0.8873378038406372,1.5733283362351358e-05,0.8873113989830017,11.26486,11.26621961593628
2147,80.21332931518555,0.8873514,0.8873487114906311,1.7706329344946425e-06,0.8873471021652222,11.26486,11.26512885093689
2148,80.24770903587341,0.8873514,0.8873502612113953,1.34401750528923e-06,0.8873476982116699,11.26486,11.264973878860474
2149,80.28499341011047,0.88747716,0.8873516321182251,7.99755252955947e-06,0.8873507976531982,11.252284,11.26483678817749
2150,80.3250458240509,0.88747776,0.88735431432724,1.934029751282651e-05,0.8873507976531982,11.252224,11.264568567276001
2151,80.36721920967102,0.88747776,0.8873636722564697,3.750746327568777e-05,0.887351393699646,11.252224,11.263632774353027
2152,80.40101075172424,0.88747776,0.8873797059059143,5.258310557110235e-05,0.887351393699646,11.252224,11.26202940940857
2153,80.43222069740295,0.88747776,0.8874094486236572,6.273116014199331e-05,0.887351393699646,11.252224,11.259055137634277
2154,80.4641227722168,0.88747776,0.8874727487564087,2.3273851184058003e-05,0.8873517513275146,11.252224,11.25272512435913
2155,80.49759578704834,0.88747776,0.8874777555465698,2.2822656831067434e-07,0.8874773979187012,11.252224,11.252224445343018
2156,80.5306134223938,0.88747776,0.8874778151512146,5.960464477539063e-08,0.8874777555465698,11.252224,11.25221848487854
2157,80.56257033348083,0.88747776,0.8874778151512146,5.960464477539063e-08,0.8874777555465698,11.252224,11.25221848487854
2158,80.59537410736084,0.88747776,0.8874778151512146,5.960464477539063e-08,0.8874777555465698,11.252224,11.25221848487854
2159,80.62816739082336,0.88747776,0.8874778151512146,5.960464477539063e-08,0.8874777555465698,11.252224,11.25221848487854
2160,80.66100454330444,0.88754565,0.8874781131744385,4.303116838855203e-06,0.8874777555465698,11.245436,11.252188682556152
2161,80.70086216926575,0.88754565,0.8874783515930176,6.072235009924043e-06,0.8874777555465698,11.245436,11.252164840698242
2162,80.73548197746277,0.88754565,0.8874797224998474,1.124382561101811e-05,0.8874777555465698,11.245436,11.252027750015259
2163,80.76670408248901,0.8875596,0.8874849081039429,2.0986743038520217e-05,0.8874777555465698,11.2440405,11.251509189605713
2164,80.80721831321716,0.8875596,0.887495756149292,3.093740451731719e-05,0.8874777555465698,11.2440405,11.2504243850708
2165,80.83908486366272,0.8875596,0.8875187635421753,3.605754682212137e-05,0.8874777555465698,11.2440405,11.24812364578247
2166,80.8714509010315,0.8875596,0.8875515460968018,6.882632078486495e-06,0.887545645236969,11.2440405,11.244845390319824
2167,80.90293478965759,0.8875596,0.887557864189148,4.580634595185984e-06,0.887545645236969,11.2440405,11.244213581085205
2168,80.93442296981812,0.8875596,0.8875596523284912,5.960464477539063e-08,0.8875595927238464,11.2440405,11.244034767150879
2169,80.96649432182312,0.8875596,0.8875596523284912,5.960464477539063e-08,0.8875595927238464,11.2440405,11.244034767150879
2170,80.99893164634705,0.8875596,0.8875596523284912,5.960464477539063e-08,0.8875595927238464,11.2440405,11.244034767150879
2171,81.03155279159546,0.8875596,0.8875596523284912,5.960464477539063e-08,0.8875595927238464,11.2440405,11.244034767150879
2172,81.0639419555664,0.8875596,0.8875596523284912,5.960464477539063e-08,0.8875595927238464,11.2440405,11.244034767150879
2173,81.0967435836792,0.8875596,0.8875596523284912,5.960464477539063e-08,0.8875595927238464,11.2440405,11.244034767150879
2174,81.12848043441772,0.8875596,0.8875596523284912,5.960464477539063e-08,0.8875595927238464,11.2440405,11.244034767150879
2175,81.16058874130249,0.8875596,0.8875596523284912,5.960464477539063e-08,0.8875595927238464,11.2440405,11.244034767150879
2176,81.19224429130554,0.8875596,0.8875596523284912,5.960464477539063e-08,0.8875595927238464,11.2440405,11.244034767150879
2177,81.22507095336914,0.8875596,0.8875596523284912,5.960464477539063e-08,0.8875595927238464,11.2440405,11.244034767150879
2178,81.2579095363617,0.8875596,0.8875596523284912,5.960464477539063e-08,0.8875595927238464,11.2440405,11.244034767150879
2179,81.29091382026672,0.8875596,0.8875596523284912,5.960464477539063e-08,0.8875595927238464,11.2440405,11.244034767150879
2180,81.32424831390381,0.8875596,0.8875596523284912,5.960464477539063e-08,0.8875595927238464,11.2440405,11.244034767150879
2181,81.35727119445801,0.8875596,0.8875596523284912,5.960464477539063e-08,0.8875595927238464,11.2440405,11.244034767150879
2182,81.39010834693909,0.8875596,0.8875596523284912,5.960464477539063e-08,0.8875595927238464,11.2440405,11.244034767150879
2183,81.42328667640686,0.8875596,0.8875596523284912,5.960464477539063e-08,0.8875595927238464,11.2440405,11.244034767150879
2184,81.45634412765503,0.8875596,0.8875596523284912,5.960464477539063e-08,0.8875595927238464,11.2440405,11.244034767150879
2185,81.48887896537781,0.8875596,0.8875596523284912,5.960464477539063e-08,0.8875595927238464,11.2440405,11.244034767150879
2186,81.52106428146362,0.8875975,0.8875598311424255,2.4038606625254033e-06,0.8875595927238464,11.24025,11.244016885757446
2187,81.56036067008972,0.8875975,0.8875600695610046,3.870404725603294e-06,0.8875595927238464,11.24025,11.243993043899536
2188,81.59291648864746,0.8875975,0.8875609636306763,6.359366579999914e-06,0.8875595927238464,11.24025,11.243903636932373
2189,81.62605285644531,0.88760704,0.8875634670257568,1.0977612873830367e-05,0.8875595927238464,11.239296,11.243653297424316
2190,81.66534852981567,0.88762015,0.8875699639320374,1.729767791402992e-05,0.8875595927238464,11.237985,11.243003606796265
2191,81.70362830162048,0.8876445,0.8875829577445984,2.0231298549333587e-05,0.8875595927238464,11.235547,11.241704225540161
2192,81.74617028236389,0.8876462,0.8876024484634399,1.2461846381484065e-05,0.8875833749771118,11.23538,11.239755153656006
2193,81.78759741783142,0.8876462,0.887613832950592,1.4911210200807545e-05,0.8875975012779236,11.23538,11.238616704940796
2194,81.82103991508484,0.887664,0.887627124786377,1.2886494914710056e-05,0.8876082301139832,11.233598,11.237287521362305
2195,81.86101341247559,0.887664,0.8876384496688843,1.1348276530043222e-05,0.8876209259033203,11.233598,11.236155033111572
2196,81.89400959014893,0.887664,0.8876474499702454,4.719910066341981e-06,0.8876461982727051,11.233598,11.235255002975464
2197,81.93283987045288,0.887664,0.8876497149467468,7.165430361055769e-06,0.8876461982727051,11.233598,11.235028505325317
2198,81.97452545166016,0.887664,0.8876539468765259,8.84378096088767e-06,0.8876461982727051,11.233598,11.234605312347412
2199,82.00979900360107,0.887664,0.8876627087593079,4.441666078491835e-06,0.8876461982727051,11.233598,11.233729124069214
2200,82.04307270050049,0.887664,0.8876639604568481,5.960464477539063e-08,0.8876640200614929,11.233598,11.233603954315186
2201,82.07436871528625,0.887664,0.8876639604568481,5.960464477539063e-08,0.8876640200614929,11.233598,11.233603954315186
2202,82.1071252822876,0.887664,0.8876639604568481,5.960464477539063e-08,0.8876640200614929,11.233598,11.233603954315186
2203,82.13901829719543,0.887664,0.8876639604568481,5.960464477539063e-08,0.8876640200614929,11.233598,11.233603954315186
2204,82.17057752609253,0.887664,0.8876639604568481,5.960464477539063e-08,0.8876640200614929,11.233598,11.233603954315186
2205,82.20286178588867,0.887664,0.8876639604568481,5.960464477539063e-08,0.8876640200614929,11.233598,11.233603954315186
2206,82.23403859138489,0.887664,0.8876639604568481,5.960464477539063e-08,0.8876640200614929,11.233598,11.233603954315186
2207,82.2667236328125,0.887664,0.8876639604568481,5.960464477539063e-08,0.8876640200614929,11.233598,11.233603954315186
2208,82.29910326004028,0.887664,0.8876639604568481,5.960464477539063e-08,0.8876640200614929,11.233598,11.233603954315186
2209,82.33251667022705,0.887664,0.8876639604568481,5.960464477539063e-08,0.8876640200614929,11.233598,11.233603954315186
2210,82.36409616470337,0.887664,0.8876639604568481,5.960464477539063e-08,0.8876640200614929,11.233598,11.233603954315186
2211,82.3991208076477,0.887664,0.8876639604568481,5.960464477539063e-08,0.8876640200614929,11.233598,11.233603954315186
2212,82.43119812011719,0.887664,0.8876639604568481,5.960464477539063e-08,0.8876640200614929,11.233598,11.233603954315186
2213,82.4631712436676,0.887664,0.8876639604568481,5.960464477539063e-08,0.8876640200614929,11.233598,11.233603954315186
2214,82.49547362327576,0.887664,0.8876639604568481,5.960464477539063e-08,0.8876640200614929,11.233598,11.233603954315186
2215,82.52701568603516,0.887664,0.8876639604568481,5.960464477539063e-08,0.8876640200614929,11.233598,11.233603954315186
2216,82.56044316291809,0.887664,0.8876639604568481,5.960464477539063e-08,0.8876640200614929,11.233598,11.233603954315186
2217,82.59295606613159,0.887664,0.8876639604568481,5.960464477539063e-08,0.8876640200614929,11.233598,11.233603954315186
2218,82.62479901313782,0.887664,0.8876639604568481,5.960464477539063e-08,0.8876640200614929,11.233598,11.233603954315186
2219,82.65695667266846,0.887664,0.8876639604568481,5.960464477539063e-08,0.8876640200614929,11.233598,11.233603954315186
2220,82.68975901603699,0.88767236,0.8876639604568481,5.369756195250375e-07,0.8876640200614929,11.232763,11.233603954315186
2221,82.7286148071289,0.88767236,0.8876640796661377,9.131572937803867e-07,0.8876640200614929,11.232763,11.23359203338623
2222,82.76138949394226,0.88767695,0.8876646161079407,2.408834461675724e-06,0.8876640200614929,11.232305,11.233538389205933
2223,82.80148983001709,0.887677,0.8876660466194153,4.190443632978713e-06,0.8876640200614929,11.232299,11.233395338058472
2224,82.84065914154053,0.887677,0.8876689672470093,5.58472856937442e-06,0.8876640200614929,11.232299,11.233103275299072
2225,82.87383008003235,0.887677,0.8876746296882629,3.0089920528553193e-06,0.8876640200614929,11.232299,11.232537031173706
2226,82.9072196483612,0.887677,0.8876770734786987,8.601801937402342e-08,0.8876769542694092,11.232299,11.232292652130127
2227,82.94094753265381,0.887677,0.8876770734786987,5.960464477539063e-08,0.887677013874054,11.232299,11.232292652130127
2228,82.97440671920776,0.887677,0.8876770734786987,5.960464477539063e-08,0.887677013874054,11.232299,11.232292652130127
2229,83.00672674179077,0.887677,0.8876770734786987,5.960464477539063e-08,0.887677013874054,11.232299,11.232292652130127
2230,83.03926277160645,0.887677,0.8876770734786987,5.960464477539063e-08,0.887677013874054,11.232299,11.232292652130127
2231,83.07082962989807,0.887677,0.8876770734786987,5.960464477539063e-08,0.887677013874054,11.232299,11.232292652130127
2232,83.10176610946655,0.887677,0.8876770734786987,5.960464477539063e-08,0.887677013874054,11.232299,11.232292652130127
2233,83.13454747200012,0.8876844,0.8876771330833435,4.76837158203125e-07,0.887677013874054,11.23156,11.23228669166565
2234,83.17420768737793,0.8876844,0.8876771330833435,6.63729224470444e-07,0.887677013874054,11.23156,11.23228669166565
2235,83.20779705047607,0.88768494,0.8876773118972778,1.1557211792023736e-06,0.887677013874054,11.231506,11.232268810272217
2236,83.24729323387146,0.88768494,0.887677788734436,2.1348373593355063e-06,0.887677013874054,11.231506,11.232221126556396
2237,83.27993130683899,0.88768494,0.8876789212226868,3.263355438321014e-06,0.887677013874054,11.231506,11.232107877731323
2238,83.31283140182495,0.88768494,0.8876811861991882,3.786891056734021e-06,0.887677013874054,11.231506,11.231881380081177
2239,83.34505820274353,0.88768494,0.88768470287323,2.6162385324823845e-07,0.8876841068267822,11.231506,11.231529712677002
2240,83.4051833152771,0.88773674,0.8842577934265137,0.003134308848530054,0.8769143223762512,11.226326,11.574220657348633
2241,83.44674515724182,0.88773674,0.8870576620101929,0.0005991024081595242,0.8857481479644775,11.226326,11.294233798980713
2242,83.48068428039551,0.88773674,0.8875778913497925,0.00011182489834027365,0.8873409032821655,11.226326,11.242210865020752
2243,83.51367402076721,0.88773674,0.8876758813858032,2.6983849238604307e-05,0.8876399397850037,11.226326,11.232411861419678
2244,83.546311378479,0.88773674,0.8876988887786865,2.3085867724148557e-05,0.8876841068267822,11.226326,11.230111122131348
2245,83.57873225212097,0.88776934,0.8877169489860535,2.5252915293094702e-05,0.8876849412918091,11.223066,11.228305101394653
2246,83.61784672737122,0.8877959,0.8877372741699219,6.024750291544478e-06,0.8877362012863159,11.2204075,11.226272583007812
2247,83.65627098083496,0.8877962,0.887739896774292,1.2218676602060441e-05,0.8877367377281189,11.220378,11.2260103225708
2248,83.69552326202393,0.8877962,0.8877467513084412,2.098620097967796e-05,0.8877367377281189,11.220378,11.225324869155884
2249,83.7296667098999,0.8877962,0.8877594470977783,2.6805224479176104e-05,0.8877367377281189,11.220378,11.224055290222168
2250,83.76309633255005,0.8877962,0.8877829313278198,2.055729964922648e-05,0.8877367377281189,11.220378,11.221706867218018
2251,83.79736709594727,0.8877962,0.8877963423728943,1.1920928955078125e-07,0.8877962231636047,11.220378,11.220365762710571
2252,83.8296492099762,0.8877962,0.8877963423728943,1.1920928955078125e-07,0.8877962231636047,11.220378,11.220365762710571
2253,83.86139512062073,0.8877962,0.8877963423728943,1.1920928955078125e-07,0.8877962231636047,11.220378,11.220365762710571
2254,83.89358878135681,0.8877962,0.8877963423728943,1.1920928955078125e-07,0.8877962231636047,11.220378,11.220365762710571
2255,83.9248263835907,0.8877962,0.8877963423728943,1.1920928955078125e-07,0.8877962231636047,11.220378,11.220365762710571
2256,83.95810270309448,0.8877962,0.8877963423728943,1.1920928955078125e-07,0.8877962231636047,11.220378,11.220365762710571
2257,83.99017667770386,0.8877962,0.8877963423728943,1.1920928955078125e-07,0.8877962231636047,11.220378,11.220365762710571
2258,84.02274012565613,0.8877962,0.8877963423728943,1.1920928955078125e-07,0.8877962231636047,11.220378,11.220365762710571
2259,84.05416941642761,0.8877962,0.8877963423728943,1.1920928955078125e-07,0.8877962231636047,11.220378,11.220365762710571
2260,84.08638906478882,0.8877962,0.8877963423728943,1.1920928955078125e-07,0.8877962231636047,11.220378,11.220365762710571
2261,84.11992192268372,0.8877962,0.8877963423728943,1.1920928955078125e-07,0.8877962231636047,11.220378,11.220365762710571
2262,84.15135431289673,0.8877962,0.8877963423728943,1.1920928955078125e-07,0.8877962231636047,11.220378,11.220365762710571
2263,84.18395781517029,0.8877962,0.8877963423728943,1.1920928955078125e-07,0.8877962231636047,11.220378,11.220365762710571
2264,84.21670937538147,0.8877962,0.8877963423728943,1.1920928955078125e-07,0.8877962231636047,11.220378,11.220365762710571
2265,84.24943685531616,0.8877962,0.8877963423728943,1.1920928955078125e-07,0.8877962231636047,11.220378,11.220365762710571
2266,84.28247046470642,0.8877962,0.8877963423728943,1.1920928955078125e-07,0.8877962231636047,11.220378,11.220365762710571
2267,84.31488370895386,0.8877962,0.8877963423728943,1.1920928955078125e-07,0.8877962231636047,11.220378,11.220365762710571
2268,84.34747862815857,0.88779634,0.8877963423728943,1.1896870688588024e-07,0.8877962231636047,11.220366,11.220365762710571
2269,84.38759469985962,0.88779634,0.8877963423728943,1.1800146637597209e-07,0.8877962231636047,11.220366,11.220365762710571
2270,84.4193263053894,0.88779634,0.8877963423728943,1.1480166506316891e-07,0.8877962231636047,11.220366,11.220365762710571
2271,84.4526846408844,0.88779634,0.8877963423728943,1.0638191838552302e-07,0.8877962231636047,11.220366,11.220365762710571
2272,84.4873731136322,0.88779634,0.8877963423728943,8.860220646056405e-08,0.8877962231636047,11.220366,11.220365762710571
2273,84.52137804031372,0.88779634,0.8877963423728943,3.509970625259484e-08,0.8877962231636047,11.220366,11.220365762710571
2274,84.55445098876953,0.88779634,0.8877963423728943,0.0,0.8877963423728943,11.220366,11.220365762710571
2275,84.58682632446289,0.88779634,0.8877963423728943,0.0,0.8877963423728943,11.220366,11.220365762710571
2276,84.61862254142761,0.88779634,0.8877963423728943,0.0,0.8877963423728943,11.220366,11.220365762710571
2277,84.65178060531616,0.88779634,0.8877963423728943,0.0,0.8877963423728943,11.220366,11.220365762710571
2278,84.68431401252747,0.88779634,0.8877963423728943,0.0,0.8877963423728943,11.220366,11.220365762710571
2279,84.71762299537659,0.88779634,0.8877963423728943,0.0,0.8877963423728943,11.220366,11.220365762710571
2280,84.75077772140503,0.88779634,0.8877963423728943,0.0,0.8877963423728943,11.220366,11.220365762710571
2281,84.78434491157532,0.88779634,0.8877963423728943,0.0,0.8877963423728943,11.220366,11.220365762710571
2282,84.81818151473999,0.88779634,0.8877963423728943,0.0,0.8877963423728943,11.220366,11.220365762710571
2283,84.84849882125854,0.88779634,0.8877963423728943,0.0,0.8877963423728943,11.220366,11.220365762710571
2284,84.88063502311707,0.88779634,0.8877963423728943,0.0,0.8877963423728943,11.220366,11.220365762710571
2285,84.91070008277893,0.88779634,0.8877963423728943,0.0,0.8877963423728943,11.220366,11.220365762710571
2286,84.94241762161255,0.88779634,0.8877963423728943,0.0,0.8877963423728943,11.220366,11.220365762710571
2287,84.9743754863739,0.88779634,0.8877963423728943,0.0,0.8877963423728943,11.220366,11.220365762710571
2288,85.0071189403534,0.88779634,0.8877963423728943,0.0,0.8877963423728943,11.220366,11.220365762710571
2289,85.03953433036804,0.88779634,0.8877963423728943,0.0,0.8877963423728943,11.220366,11.220365762710571
2290,85.07211327552795,0.88779837,0.8877963423728943,1.286865511929136e-07,0.8877963423728943,11.220163,11.220365762710571
2291,85.1103127002716,0.88779837,0.8877963423728943,2.2289165713118564e-07,0.8877963423728943,11.220163,11.220365762710571
2292,85.14297866821289,0.88779837,0.8877964615821838,4.332014782448823e-07,0.8877963423728943,11.220163,11.220353841781616
2293,85.17518901824951,0.88780046,0.8877966403961182,7.390493124148634e-07,0.8877963423728943,11.2199545,11.220335960388184
2294,85.21407341957092,0.88780046,0.8877970576286316,1.1337588148307987e-06,0.8877963423728943,11.2199545,11.22029423713684
2295,85.2474410533905,0.88780046,0.8877980709075928,1.260030217054009e-06,0.8877963423728943,11.2199545,11.220192909240723
2296,85.27975177764893,0.8878024,0.8877990245819092,9.697210998638184e-07,0.8877983689308167,11.219758,11.220097541809082
2297,85.31897115707397,0.88798326,0.8878005146980286,1.1649231964838691e-05,0.887798547744751,11.2016735,11.219948530197144
2298,85.35845279693604,0.88798827,0.8878033757209778,2.3248203433468007e-05,0.8878004550933838,11.201173,11.219662427902222
2299,85.39868211746216,0.88798827,0.8878148198127747,4.9312831833958626e-05,0.8878004550933838,11.201173,11.218518018722534
2300,85.43119287490845,0.88799024,0.887837290763855,7.378349255304784e-05,0.8878004550933838,11.200976,11.216270923614502
2301,85.47138714790344,0.8879942,0.8878838419914246,9.1872840130236e-05,0.8878004550933838,11.200577,11.211615800857544
2302,85.51030087471008,0.8879943,0.8879700899124146,5.422234971774742e-05,0.8878064751625061,11.200571,11.202991008758545
2303,85.55084347724915,0.8879943,0.8879896402359009,2.4388539259234676e-06,0.8879882097244263,11.200571,11.201035976409912
2304,85.58445239067078,0.8879943,0.8879914879798889,2.688671656869701e-06,0.887988269329071,11.200571,11.200851202011108
2305,85.61767363548279,0.8879943,0.887994110584259,5.116477836963895e-07,0.8879921436309814,11.200571,11.200588941574097
2306,85.64984607696533,0.8879943,0.8879944086074829,1.1920928955078125e-07,0.8879942893981934,11.200571,11.200559139251709
2307,85.68231296539307,0.8879943,0.8879944086074829,1.1920928955078125e-07,0.8879942893981934,11.200571,11.200559139251709
2308,85.71403074264526,0.8879943,0.8879944086074829,1.1920928955078125e-07,0.8879942893981934,11.200571,11.200559139251709
2309,85.74677014350891,0.8879943,0.8879944086074829,1.1920928955078125e-07,0.8879942893981934,11.200571,11.200559139251709
2310,85.77993059158325,0.8879943,0.8879944086074829,1.1920928955078125e-07,0.8879942893981934,11.200571,11.200559139251709
2311,85.812579870224,0.8879943,0.8879944086074829,1.1920928955078125e-07,0.8879942893981934,11.200571,11.200559139251709
2312,85.84468841552734,0.8879943,0.8879944086074829,1.1920928955078125e-07,0.8879942893981934,11.200571,11.200559139251709
2313,85.87688279151917,0.8879943,0.8879944086074829,1.1920928955078125e-07,0.8879942893981934,11.200571,11.200559139251709
2314,85.91103529930115,0.8879943,0.8879944086074829,1.1920928955078125e-07,0.8879942893981934,11.200571,11.200559139251709
2315,85.94504427909851,0.8879943,0.8879944086074829,1.1920928955078125e-07,0.8879942893981934,11.200571,11.200559139251709
2316,85.97834587097168,0.8879943,0.8879944086074829,1.1920928955078125e-07,0.8879942893981934,11.200571,11.200559139251709
2317,86.01172590255737,0.8879943,0.8879944086074829,1.1920928955078125e-07,0.8879942893981934,11.200571,11.200559139251709
2318,86.0443046092987,0.8879943,0.8879944086074829,1.1920928955078125e-07,0.8879942893981934,11.200571,11.200559139251709
2319,86.07527875900269,0.8879943,0.8879944086074829,1.1920928955078125e-07,0.8879942893981934,11.200571,11.200559139251709
2320,86.10776019096375,0.8879943,0.8879944086074829,1.1920928955078125e-07,0.8879942893981934,11.200571,11.200559139251709
2321,86.13990592956543,0.88800704,0.8879944682121277,8.183087629731745e-07,0.8879942893981934,11.199295,11.200553178787231
2322,86.17789697647095,0.8881962,0.8879960775375366,1.5155577784753405e-05,0.8879942893981934,11.180383,11.200392246246338
2323,86.21763443946838,0.8882107,0.8880060315132141,4.059845377923921e-05,0.8879942893981934,11.178928,11.199396848678589
2324,86.25722002983093,0.88822395,0.8880310654640198,7.128806464606896e-05,0.8879942893981934,11.177606,11.196893453598022
2325,86.29750919342041,0.88822395,0.8880774974822998,9.163694630842656e-05,0.8879942893981934,11.177606,11.19225025177002
2326,86.33126044273376,0.8882247,0.8881708979606628,5.4906588047742844e-05,0.8880096077919006,11.177528,11.182910203933716
2327,86.37157893180847,0.8882247,0.8882092833518982,9.556471013638657e-06,0.8881961703300476,11.177528,11.17907166481018
2328,86.40320420265198,0.888225,0.8882164359092712,6.410740752471611e-06,0.8882108330726624,11.177498,11.178356409072876
2329,86.44276547431946,0.888225,0.8882223963737488,4.592285677063046e-06,0.8882115483283997,11.177498,11.177760362625122
2330,86.4768226146698,0.888225,0.888224720954895,1.9975875886757422e-07,0.8882242441177368,11.177498,11.177527904510498
2331,86.50954937934875,0.888225,0.8882247805595398,1.7895406756451848e-07,0.888224720954895,11.177498,11.17752194404602
2332,86.54328632354736,0.888225,0.8882248401641846,1.7881393432617188e-07,0.8882250189781189,11.177498,11.177515983581543
2333,86.57769131660461,0.888225,0.8882248401641846,1.7881393432617188e-07,0.8882250189781189,11.177498,11.177515983581543
2334,86.61115074157715,0.888225,0.8882248401641846,1.7881393432617188e-07,0.8882250189781189,11.177498,11.177515983581543
2335,86.6437840461731,0.888225,0.8882248401641846,1.7881393432617188e-07,0.8882250189781189,11.177498,11.177515983581543
2336,86.67601442337036,0.888225,0.8882248401641846,1.7881393432617188e-07,0.8882250189781189,11.177498,11.177515983581543
2337,86.70846652984619,0.888225,0.8882248401641846,1.7881393432617188e-07,0.8882250189781189,11.177498,11.177515983581543
2338,86.74187088012695,0.888225,0.8882248401641846,1.7881393432617188e-07,0.8882250189781189,11.177498,11.177515983581543
2339,86.77555108070374,0.888225,0.8882248401641846,1.7881393432617188e-07,0.8882250189781189,11.177498,11.177515983581543
2340,86.81138110160828,0.888225,0.8882248401641846,1.7881393432617188e-07,0.8882250189781189,11.177498,11.177515983581543
2341,86.84425640106201,0.888225,0.8882248401641846,1.7881393432617188e-07,0.8882250189781189,11.177498,11.177515983581543
2342,86.8766143321991,0.888225,0.8882248401641846,1.7881393432617188e-07,0.8882250189781189,11.177498,11.177515983581543
2343,86.90872359275818,0.888225,0.8882248401641846,1.7881393432617188e-07,0.8882250189781189,11.177498,11.177515983581543
2344,86.94173955917358,0.8882332,0.8882248997688293,5.393845867729397e-07,0.8882250189781189,11.1766815,11.177510023117065
2345,86.98116612434387,0.8882332,0.8882249593734741,7.410479838654283e-07,0.8882250189781189,11.1766815,11.177504062652588
2346,87.01353335380554,0.8882332,0.8882250785827637,1.2622396070582909e-06,0.8882250189781189,11.1766815,11.177492141723633
2347,87.04551219940186,0.8882381,0.888225793838501,2.9227164759504376e-06,0.8882250189781189,11.176193,11.177420616149902
2348,87.08436965942383,0.8882381,0.8882275223731995,4.856647592532681e-06,0.8882250189781189,11.176193,11.177247762680054
2349,87.11606812477112,0.8882381,0.8882309198379517,5.983494247630006e-06,0.8882250189781189,11.176193,11.176908016204834
2350,87.1485743522644,0.8882381,0.8882368803024292,2.069450374619919e-06,0.8882331848144531,11.176193,11.17631196975708
2351,87.18099927902222,0.8882381,0.8882380127906799,5.960464477539063e-08,0.8882380723953247,11.176193,11.176198720932007
2352,87.211599111557,0.8882381,0.8882380127906799,5.960464477539063e-08,0.8882380723953247,11.176193,11.176198720932007
2353,87.24458360671997,0.8882381,0.8882380127906799,5.960464477539063e-08,0.8882380723953247,11.176193,11.176198720932007
2354,87.2775011062622,0.8882381,0.8882380127906799,5.960464477539063e-08,0.8882380723953247,11.176193,11.176198720932007
2355,87.30973243713379,0.8882628,0.8882381319999695,1.568076754665526e-06,0.8882380723953247,11.173719,11.176186800003052
2356,87.34854340553284,0.8882898,0.8882390260696411,6.783804565202445e-06,0.8882380723953247,11.171019,11.176097393035889
2357,87.38848495483398,0.8882898,0.8882420063018799,1.3183525879867375e-05,0.8882380723953247,11.171019,11.175799369812012
2358,87.42058277130127,0.8882898,0.8882488012313843,2.0460855012061074e-05,0.8882380723953247,11.171019,11.175119876861572
2359,87.45309948921204,0.8882898,0.8882609009742737,2.4886261599021964e-05,0.8882380723953247,11.171019,11.173909902572632
2360,87.48551917076111,0.8882898,0.8882849216461182,1.2220220924064051e-05,0.8882380723953247,11.171019,11.171507835388184
2361,87.51865363121033,0.8882898,0.8882896900177002,1.1920928955078125e-07,0.8882898092269897,11.171019,11.17103099822998
2362,87.55157589912415,0.8882905,0.8882896900177002,1.3023571909798193e-07,0.8882898092269897,11.170948,11.17103099822998
2363,87.59034729003906,0.8882923,0.8882896900177002,2.2391763820905908e-07,0.8882898092269897,11.170769,11.17103099822998
2364,87.62939310073853,0.88829577,0.8882898092269897,5.202824695516028e-07,0.8882898092269897,11.1704235,11.171019077301025
2365,87.66895031929016,0.88829875,0.8882901072502136,1.2077415476596798e-06,0.8882898092269897,11.170125,11.170989274978638
2366,87.70832324028015,0.88829905,0.8882909417152405,2.16158650800935e-06,0.8882898092269897,11.170095,11.170905828475952
2367,87.74960517883301,0.88829905,0.8882928490638733,2.848760459528421e-06,0.8882898092269897,11.170095,11.170715093612671
2368,87.78303718566895,0.88829905,0.8882952928543091,2.639427520989557e-06,0.8882923126220703,11.170095,11.170470714569092
2369,87.81569123268127,0.88829905,0.8882979154586792,1.3268755765238893e-06,0.8882957696914673,11.170095,11.17020845413208
2370,87.84772276878357,0.88829905,0.8882989287376404,1.4982654761297454e-07,0.888298749923706,11.170095,11.170107126235962
2371,87.88080668449402,0.88829905,0.8882990479469299,0.0,0.8882990479469299,11.170095,11.170095205307007
2372,87.9135913848877,0.88829905,0.8882990479469299,0.0,0.8882990479469299,11.170095,11.170095205307007
2373,87.94541144371033,0.88829905,0.8882990479469299,0.0,0.8882990479469299,11.170095,11.170095205307007
2374,87.97633123397827,0.88829905,0.8882990479469299,0.0,0.8882990479469299,11.170095,11.170095205307007
2375,88.00916290283203,0.88829905,0.8882990479469299,0.0,0.8882990479469299,11.170095,11.170095205307007
2376,88.04070115089417,0.88829905,0.8882990479469299,0.0,0.8882990479469299,11.170095,11.170095205307007
2377,88.07251286506653,0.88829905,0.8882990479469299,0.0,0.8882990479469299,11.170095,11.170095205307007
2378,88.10535264015198,0.88831246,0.8882991075515747,8.499014825247286e-07,0.8882990479469299,11.168755,11.17008924484253
2379,88.14489912986755,0.8883164,0.8882993459701538,2.008034243772272e-06,0.8882990479469299,11.168361,11.17006540298462
2380,88.18378925323486,0.88831663,0.8882998824119568,3.4737597616185667e-06,0.8882990479469299,11.168337,11.170011758804321
2381,88.22360229492188,0.8883169,0.8883013129234314,5.525793767446885e-06,0.8882990479469299,11.168307,11.16986870765686
2382,88.26369404792786,0.8883169,0.8883042335510254,7.572728918603389e-06,0.8882990479469299,11.168307,11.169576644897461
2383,88.29524040222168,0.8883169,0.8883104920387268,7.637482667632867e-06,0.8882990479469299,11.168307,11.16895079612732
2384,88.3281364440918,0.8883169,0.8883166313171387,2.2390163678664976e-07,0.8883163928985596,11.168307,11.168336868286133
2385,88.36016273498535,0.8883169,0.8883169293403625,1.878964894785895e-07,0.8883166313171387,11.168307,11.168307065963745
2386,88.39288640022278,0.8883169,0.8883170485496521,1.1920928955078125e-07,0.8883169293403625,11.168307,11.16829514503479
2387,88.42497205734253,0.888348,0.8883172273635864,1.975525037778425e-06,0.8883169293403625,11.165201,11.168277263641357
2388,88.46353340148926,0.8883484,0.8883174657821655,3.4137478905904572e-06,0.8883169293403625,11.16516,11.168253421783447
2389,88.50371885299683,0.8883484,0.8883179426193237,5.098691417515511e-06,0.8883169293403625,11.16516,11.168205738067627
2390,88.53560185432434,0.8883728,0.8883206844329834,1.0058600310003385e-05,0.8883169293403625,11.162722,11.16793155670166
2391,88.57497024536133,0.8883728,0.8883265256881714,1.4273403394327033e-05,0.8883169293403625,11.162722,11.167347431182861
2392,88.60906219482422,0.8883759,0.8883358836174011,1.5277373677236028e-05,0.8883169293403625,11.162413,11.166411638259888
2393,88.6523334980011,0.88840735,0.8883504271507263,8.861059541231953e-06,0.888344407081604,11.1592655,11.164957284927368
2394,88.69368410110474,0.88840735,0.8883567452430725,1.471257291996153e-05,0.888348400592804,11.1592655,11.164325475692749
2395,88.72820091247559,0.8884438,0.8883692622184753,2.072256938845385e-05,0.888348400592804,11.155617,11.163073778152466
2396,88.76953625679016,0.88848555,0.8883915543556213,1.8787672161124647e-05,0.8883711099624634,11.151445,11.160844564437866
2397,88.81131958961487,0.88848555,0.8884109854698181,2.283696085214615e-05,0.8883892297744751,11.151445,11.158901453018188
2398,88.84526920318604,0.8884926,0.8884300589561462,3.0941089789848775e-05,0.8884073495864868,11.150742,11.156994104385376
2399,88.88503980636597,0.88851035,0.8884556889533997,3.050915984204039e-05,0.8884073495864868,11.148966,11.154431104660034
2400,88.95175290107727,0.8884921,0.8853694796562195,0.0024786379653960466,0.879338264465332,11.150789,11.463052034378052
2401,88.99036407470703,0.88850534,0.8874585032463074,0.0007339672301895916,0.8858752846717834,11.149466,11.254149675369263
2402,89.03010487556458,0.88851726,0.8881115913391113,0.000316749355988577,0.8875113725662231,11.148273,11.188840866088867
2403,89.07140254974365,0.88851726,0.8884006142616272,7.511387229897082e-05,0.8882546424865723,11.148273,11.15993857383728
2404,89.10459899902344,0.88851726,0.8884640336036682,3.378901237738319e-05,0.8884128332138062,11.148273,11.153596639633179
2405,89.13725972175598,0.88851726,0.8884956240653992,1.2070263437635731e-05,0.8884801864624023,11.148273,11.150437593460083
2406,89.16974568367004,0.88851726,0.8885061144828796,1.0009095603891183e-05,0.8884921073913574,11.148273,11.149388551712036
2407,89.20275068283081,0.88851726,0.8885154724121094,2.90651996692759e-06,0.8885103464126587,11.148273,11.148452758789062
2408,89.23517513275146,0.88851726,0.8885173201560974,5.960464477539063e-08,0.8885172605514526,11.148273,11.148267984390259
2409,89.26730155944824,0.88851726,0.8885173201560974,5.960464477539063e-08,0.8885172605514526,11.148273,11.148267984390259
2410,89.29961466789246,0.88851726,0.8885173201560974,5.960464477539063e-08,0.8885172605514526,11.148273,11.148267984390259
2411,89.3329873085022,0.88851726,0.8885173201560974,5.960464477539063e-08,0.8885172605514526,11.148273,11.148267984390259
2412,89.36463761329651,0.88851726,0.8885173201560974,5.960464477539063e-08,0.8885172605514526,11.148273,11.148267984390259
2413,89.39696788787842,0.88851726,0.8885173201560974,5.960464477539063e-08,0.8885172605514526,11.148273,11.148267984390259
2414,89.43011665344238,0.88851726,0.8885173201560974,5.960464477539063e-08,0.8885172605514526,11.148273,11.148267984390259
2415,89.46274828910828,0.88851726,0.8885173201560974,5.960464477539063e-08,0.8885172605514526,11.148273,11.148267984390259
2416,89.49481678009033,0.88851726,0.8885173201560974,5.960464477539063e-08,0.8885172605514526,11.148273,11.148267984390259
2417,89.5271782875061,0.88851726,0.8885173201560974,5.960464477539063e-08,0.8885172605514526,11.148273,11.148267984390259
2418,89.56004786491394,0.88851726,0.8885173201560974,5.960464477539063e-08,0.8885172605514526,11.148273,11.148267984390259
2419,89.59118843078613,0.88851726,0.8885173201560974,5.960464477539063e-08,0.8885172605514526,11.148273,11.148267984390259
2420,89.62282943725586,0.88851726,0.8885173201560974,5.960464477539063e-08,0.8885172605514526,11.148273,11.148267984390259
2421,89.6540846824646,0.88851726,0.8885173201560974,5.960464477539063e-08,0.8885172605514526,11.148273,11.148267984390259
2422,89.68602705001831,0.88851726,0.8885173201560974,5.960464477539063e-08,0.8885172605514526,11.148273,11.148267984390259
2423,89.71732139587402,0.88851726,0.8885173201560974,5.960464477539063e-08,0.8885172605514526,11.148273,11.148267984390259
2424,89.75306820869446,0.88851726,0.8885173201560974,5.960464477539063e-08,0.8885172605514526,11.148273,11.148267984390259
2425,89.78656840324402,0.8885228,0.8885173201560974,3.5325496128280065e-07,0.8885172605514526,11.147719,11.148267984390259
2426,89.82702374458313,0.8885354,0.8885174989700317,1.3412220596364932e-06,0.8885172605514526,11.1464615,11.148250102996826
2427,89.86664247512817,0.8885354,0.8885179162025452,2.5635781639721245e-06,0.8885172605514526,11.1464615,11.148208379745483
2428,89.89902710914612,0.8885354,0.8885191082954407,4.639936378225684e-06,0.8885172605514526,11.1464615,11.148089170455933
2429,89.93116879463196,0.88854027,0.8885216116905212,6.789867256884463e-06,0.8885172605514526,11.145973,11.147838830947876
2430,89.97082304954529,0.88854027,0.8885266780853271,7.645523510291241e-06,0.8885172605514526,11.145973,11.147332191467285
2431,90.00345015525818,0.88867265,0.8885349035263062,1.1318840734020341e-05,0.8885228037834167,11.132735,11.146509647369385
2432,90.04286670684814,0.88870126,0.8885450959205627,3.312782064313069e-05,0.8885353803634644,11.129874,11.145490407943726
2433,90.08229494094849,0.8887013,0.8885656595230103,5.5841297580627725e-05,0.8885353803634644,11.129868,11.143434047698975
2434,90.12112641334534,0.8887013,0.8886039853096008,6.791482155676931e-05,0.8885353803634644,11.129868,11.139601469039917
2435,90.15356421470642,0.8887013,0.8886754512786865,2.4840604964992963e-05,0.8886075615882874,11.129868,11.132454872131348
2436,90.18675589561462,0.8887013,0.8886951208114624,5.142189365869854e-06,0.8886896371841431,11.129868,11.13048791885376
2437,90.21860599517822,0.8887013,0.8887000679969788,3.3222659112652764e-06,0.888690710067749,11.129868,11.129993200302124
2438,90.25041818618774,0.8887013,0.8887013792991638,6.833812449258403e-08,0.8887012600898743,11.129868,11.129862070083618
2439,90.28231263160706,0.8887013,0.8887013792991638,5.960464477539063e-08,0.888701319694519,11.129868,11.129862070083618
2440,90.31539535522461,0.8887013,0.8887013792991638,5.960464477539063e-08,0.888701319694519,11.129868,11.129862070083618
2441,90.34796142578125,0.8887013,0.8887013792991638,5.960464477539063e-08,0.888701319694519,11.129868,11.129862070083618
2442,90.37990498542786,0.8887013,0.8887013792991638,5.960464477539063e-08,0.888701319694519,11.129868,11.129862070083618
2443,90.4121789932251,0.8887116,0.8887013792991638,6.499454912045621e-07,0.888701319694519,11.128843,11.129862070083618
2444,90.45134925842285,0.88871807,0.8887016773223877,1.8065786662191385e-06,0.888701319694519,11.128193,11.12983226776123
2445,90.49108624458313,0.88871807,0.8887022733688354,2.97190831588523e-06,0.888701319694519,11.128193,11.129772663116455
2446,90.52369737625122,0.88871837,0.8887038826942444,4.7692706175439525e-06,0.888701319694519,11.128163,11.129611730575562
2447,90.5634651184082,0.88871837,0.8887070417404175,6.025593847880373e-06,0.888701319694519,11.128163,11.129295825958252
2448,90.59655547142029,0.88871837,0.8887119889259338,4.5467031668522395e-06,0.8887062668800354,11.128163,11.128801107406616
2449,90.62897849082947,0.88871837,0.8887161612510681,2.2545546016772278e-06,0.8887131214141846,11.128163,11.128383874893188
2450,90.66207814216614,0.88871837,0.8887182474136353,1.4260079694849992e-07,0.8887180685997009,11.128163,11.128175258636475
2451,90.69514632225037,0.88871837,0.8887184858322144,1.1920928955078125e-07,0.8887183666229248,11.128163,11.128151416778564
2452,90.7274329662323,0.88871837,0.8887184858322144,1.1920928955078125e-07,0.8887183666229248,11.128163,11.128151416778564
2453,90.76130938529968,0.88871837,0.8887184858322144,1.1920928955078125e-07,0.8887183666229248,11.128163,11.128151416778564
2454,90.79695558547974,0.88871837,0.8887184858322144,1.1920928955078125e-07,0.8887183666229248,11.128163,11.128151416778564
2455,90.8313467502594,0.8887637,0.8887187242507935,2.8798006042052293e-06,0.8887183666229248,11.123628,11.128127574920654
2456,90.8717155456543,0.88880575,0.8887194395065308,7.409036697936244e-06,0.8887183666229248,11.119425,11.128056049346924
2457,90.91018486022949,0.88880575,0.8887215852737427,1.424039601261029e-05,0.8887183666229248,11.119425,11.127841472625732
2458,90.94358587265015,0.88880575,0.88872891664505,2.6937126676784828e-05,0.8887183666229248,11.119425,11.127108335494995
2459,90.97562003135681,0.8888058,0.8887438774108887,3.814157753367908e-05,0.8887183666229248,11.119419,11.125612258911133
2460,91.01741671562195,0.8888058,0.8887751698493958,3.915575871360488e-05,0.8887183666229248,11.119419,11.122483015060425
2461,91.0514497756958,0.8888058,0.888805627822876,1.339233932640127e-07,0.8888057470321655,11.119419,11.119437217712402
2462,91.0851457118988,0.888807,0.888805627822876,1.7238957639165164e-07,0.8888057470321655,11.1193,11.119437217712402
2463,91.12465476989746,0.8888074,0.888805627822876,2.701765708934545e-07,0.8888057470321655,11.119259,11.119437217712402
2464,91.16423869132996,0.8888098,0.8888057470321655,6.49383196105191e-07,0.8888058066368103,11.11902,11.119425296783447
2465,91.21088862419128,0.8888099,0.8888061046600342,1.1868207820953103e-06,0.8888058066368103,11.119008,11.119389533996582
2466,91.25214910507202,0.8888099,0.8888069987297058,1.6572000731684966e-06,0.8888058066368103,11.119008,11.119300127029419
2467,91.28526735305786,0.8888099,0.88880854845047,1.4542830513164517e-06,0.8888058066368103,11.119008,11.119145154953003
2468,91.31792211532593,0.8888099,0.8888098001480103,1.9786732252669026e-07,0.8888093829154968,11.119008,11.119019985198975
2469,91.3504090309143,0.8888099,0.8888099789619446,1.2957406170244212e-07,0.8888098001480103,11.119008,11.119002103805542
2470,91.382333278656,0.8888099,0.8888100385665894,1.1920928955078125e-07,0.8888099193572998,11.119008,11.118996143341064
2471,91.41507267951965,0.8888099,0.8888100385665894,1.1920928955078125e-07,0.8888099193572998,11.119008,11.118996143341064
2472,91.44983053207397,0.8888099,0.8888100385665894,1.1920928955078125e-07,0.8888099193572998,11.119008,11.118996143341064
2473,91.48382329940796,0.8888099,0.8888100385665894,1.1920928955078125e-07,0.8888099193572998,11.119008,11.118996143341064
2474,91.51656246185303,0.8888099,0.8888100385665894,1.1920928955078125e-07,0.8888099193572998,11.119008,11.118996143341064
2475,91.54771423339844,0.8888099,0.8888100385665894,1.1920928955078125e-07,0.8888099193572998,11.119008,11.118996143341064
2476,91.57829236984253,0.88883615,0.8888102173805237,1.6730792822272633e-06,0.8888099193572998,11.116385,11.118978261947632
2477,91.61830282211304,0.88883615,0.8888105154037476,3.3082699246733682e-06,0.8888099193572998,11.116385,11.118948459625244
2478,91.65107774734497,0.88883615,0.8888121247291565,6.878859494463541e-06,0.8888099193572998,11.116385,11.11878752708435
2479,91.68358707427979,0.8888527,0.8888155817985535,1.0239932635158766e-05,0.8888099193572998,11.114729,11.118441820144653
2480,91.72398805618286,0.88885593,0.8888223767280579,1.1755176274164114e-05,0.8888099193572998,11.114407,11.117762327194214
2481,91.76515293121338,0.88885593,0.888832688331604,7.840879334253259e-06,0.8888219594955444,11.114407,11.1167311668396
2482,91.79993844032288,0.88888216,0.8888393640518188,8.70213898451766e-06,0.888836145401001,11.111784,11.116063594818115
2483,91.8389823436737,0.88888216,0.888845682144165,1.4689704585180152e-05,0.888836145401001,11.111784,11.115431785583496
2484,91.87157154083252,0.88888216,0.8888583183288574,1.6732121366658248e-05,0.888836145401001,11.111784,11.114168167114258
2485,91.90511226654053,0.88888216,0.8888736963272095,8.164756764017511e-06,0.8888559341430664,11.111784,11.112630367279053
2486,91.94813680648804,0.88888216,0.8888807892799377,3.5052228213316994e-06,0.888870120048523,11.111784,11.111921072006226
2487,91.99535083770752,0.8888998,0.8888821005821228,1.1256877314735902e-06,0.8888821601867676,11.11002,11.11178994178772
2488,92.03668451309204,0.88890016,0.8888822793960571,2.2400845409720205e-06,0.8888821601867676,11.109983,11.111772060394287
2489,92.0765335559845,0.88890016,0.8888832926750183,4.6103718887025025e-06,0.8888821601867676,11.109983,11.111670732498169
2490,92.10878586769104,0.88890016,0.8888852000236511,6.781949650758179e-06,0.8888821601867676,11.109983,11.111479997634888
2491,92.14094591140747,0.88890016,0.8888890743255615,8.727696695132181e-06,0.8888821601867676,11.109983,11.111092567443848
2492,92.17461705207825,0.88890016,0.8888953924179077,7.77819786890177e-06,0.8888821601867676,11.109983,11.110460758209229
2493,92.20769238471985,0.8889946,0.8889003992080688,5.988739758322481e-06,0.8889001607894897,11.100542,11.109960079193115
2494,92.2461359500885,0.8889946,0.888900876045227,8.459581295028329e-06,0.8889001607894897,11.100542,11.109912395477295
2495,92.278244972229,0.8889946,0.888903021812439,1.563936166348867e-05,0.8889001607894897,11.100542,11.109697818756104
2496,92.31077218055725,0.8890083,0.8889109492301941,2.9499178708647378e-05,0.8889001607894897,11.099172,11.10890507698059
2497,92.34932470321655,0.88901186,0.8889253735542297,4.1765986679820344e-05,0.8889001607894897,11.098814,11.107462644577026
2498,92.38875937461853,0.88902694,0.8889545202255249,4.826508302357979e-05,0.8889001607894897,11.097306,11.10454797744751
2499,92.4512951374054,0.8890346,0.8890042901039124,7.252344403241295e-06,0.888994574546814,11.096537,11.099570989608765
2500,92.49016427993774,0.8890351,0.8890100121498108,6.937947091500973e-06,0.8890042304992676,11.096489,11.098998785018921
2501,92.53015351295471,0.8890351,0.8890166878700256,7.957757588883396e-06,0.8890082836151123,11.096489,11.098331212997437
2502,92.56266617774963,0.8890351,0.8890231251716614,9.379920811625198e-06,0.8890122771263123,11.096489,11.097687482833862
2503,92.59488463401794,0.8890351,0.8890319466590881,3.834326435026014e-06,0.8890268802642822,11.096489,11.096805334091187
2504,92.6278932094574,0.88904613,0.8890351057052612,7.167213311731757e-07,0.889034628868103,11.0953865,11.096489429473877
2505,92.66597938537598,0.8890462,0.8890352845191956,1.2084559557479224e-06,0.8890351057052612,11.095381,11.096471548080444
2506,92.70360541343689,0.8891248,0.8890361189842224,8.17719137558015e-06,0.8890351057052612,11.087519,11.096388101577759
2507,92.74456596374512,0.8891248,0.8890382051467896,1.3966070582682732e-05,0.8890351057052612,11.087519,11.096179485321045
2508,92.7770299911499,0.8891249,0.8890470266342163,2.829488948918879e-05,0.8890351057052612,11.087513,11.09529733657837
2509,92.81739497184753,0.8891249,0.8890644907951355,3.921758980141021e-05,0.8890351057052612,11.087513,11.09355092048645
2510,92.85016131401062,0.8891249,0.8890993595123291,3.6724293750012293e-05,0.8890461325645447,11.087513,11.09006404876709
2511,92.88621044158936,0.8891249,0.8891248106956482,2.3177676666819025e-08,0.8891248106956482,11.087513,11.08751893043518
2512,92.92022633552551,0.8891249,0.8891248106956482,3.468916887072737e-08,0.8891248106956482,11.087513,11.08751893043518
2513,92.95429134368896,0.8891249,0.8891248106956482,5.0709168419871276e-08,0.8891248106956482,11.087513,11.08751893043518
2514,92.9870069026947,0.8891249,0.8891248106956482,5.960464477539063e-08,0.889124870300293,11.087513,11.08751893043518
2515,93.02034425735474,0.8891249,0.8891248106956482,5.960464477539063e-08,0.889124870300293,11.087513,11.08751893043518
2516,93.05202126502991,0.8891249,0.8891248106956482,5.960464477539063e-08,0.889124870300293,11.087513,11.08751893043518
2517,93.0853123664856,0.8891249,0.8891248106956482,5.960464477539063e-08,0.889124870300293,11.087513,11.08751893043518
2518,93.11820435523987,0.8891249,0.8891248106956482,5.960464477539063e-08,0.889124870300293,11.087513,11.08751893043518
2519,93.15091490745544,0.8891249,0.8891248106956482,5.960464477539063e-08,0.889124870300293,11.087513,11.08751893043518
2520,93.18131399154663,0.8891249,0.8891248106956482,5.960464477539063e-08,0.889124870300293,11.087513,11.08751893043518
2521,93.2130651473999,0.8891249,0.8891248106956482,5.960464477539063e-08,0.889124870300293,11.087513,11.08751893043518
2522,93.24507904052734,0.8891249,0.8891248106956482,5.960464477539063e-08,0.889124870300293,11.087513,11.08751893043518
2523,93.27869629859924,0.8891249,0.8891248106956482,5.960464477539063e-08,0.889124870300293,11.087513,11.08751893043518
2524,93.31103825569153,0.889158,0.8891249895095825,2.1002060748287477e-06,0.889124870300293,11.084199,11.087501049041748
2525,93.34925627708435,0.8891754,0.8891257643699646,5.780345873063197e-06,0.889124870300293,11.0824585,11.08742356300354
2526,93.38870453834534,0.8891754,0.889127790927887,1.0007854143623263e-05,0.889124870300293,11.0824585,11.087220907211304
2527,93.42138338088989,0.8892118,0.8891339302062988,1.6753670934122056e-05,0.889124870300293,11.078823,11.086606979370117
2528,93.46171855926514,0.88921386,0.889146625995636,2.1342075342545286e-05,0.889124870300293,11.078614,11.085337400436401
2529,93.50316548347473,0.88921386,0.8891676664352417,1.349159447272541e-05,0.8891580104827881,11.078614,11.08323335647583
2530,93.53603029251099,0.8892139,0.8891776204109192,1.9299546693218872e-05,0.8891627788543701,11.078608,11.082237958908081
2531,93.5765528678894,0.8892143,0.8891926407814026,1.867221544671338e-05,0.8891745805740356,11.078572,11.080735921859741
2532,93.61625909805298,0.8892143,0.8892109990119934,8.870953024597839e-06,0.8891761898994446,11.078572,11.07890009880066
2533,93.64940667152405,0.8892143,0.8892138004302979,2.454792138451012e-07,0.889213502407074,11.078572,11.078619956970215
2534,93.6822350025177,0.8892212,0.889214038848877,4.844965815209434e-07,0.8892139196395874,11.077881,11.078596115112305
2535,93.7205159664154,0.88922125,0.8892143964767456,9.924160622176714e-07,0.8892139196395874,11.077875,11.07856035232544
2536,93.76172947883606,0.88922155,0.8892149925231934,1.911744902827195e-06,0.889214277267456,11.077845,11.078500747680664
2537,93.80136799812317,0.8892331,0.8892159461975098,3.483471346044098e-06,0.889214277267456,11.076689,11.078405380249023
2538,93.84135580062866,0.8892331,0.8892185091972351,5.860891178599559e-06,0.889214277267456,11.076689,11.07814908027649
2539,93.8746395111084,0.8892331,0.8892233371734619,6.102105999161722e-06,0.889214277267456,11.076689,11.077666282653809
2540,93.90793108940125,0.8892331,0.8892282247543335,5.489480827236548e-06,0.8892215490341187,11.076689,11.07717752456665
2541,93.94041562080383,0.8892331,0.8892328143119812,2.282579458778855e-07,0.8892326951026917,11.076689,11.07671856880188
2542,93.97506618499756,0.8892331,0.889232873916626,2.384185791015625e-07,0.8892331123352051,11.076689,11.076712608337402
2543,94.00769186019897,0.8892571,0.8892329931259155,1.5337201375587028e-06,0.8892331123352051,11.074293,11.076700687408447
2544,94.04641890525818,0.8892571,0.8892331719398499,2.6294778763258364e-06,0.8892331123352051,11.074293,11.076682806015015
2545,94.08093523979187,0.8892587,0.8892346024513245,5.966687240288593e-06,0.8892331123352051,11.074132,11.076539754867554
2546,94.12209224700928,0.8892587,0.889237642288208,9.053813300852198e-06,0.8892331123352051,11.074132,11.0762357711792
2547,94.15429019927979,0.8892587,0.8892438411712646,1.074881038221065e-05,0.8892331123352051,11.074132,11.075615882873535
2548,94.18719625473022,0.8892587,0.8892539739608765,5.663107458531158e-06,0.8892441987991333,11.074132,11.074602603912354
2549,94.21890068054199,0.8892587,0.8892582654953003,6.750290140189463e-07,0.8892570734024048,11.074132,11.07417345046997
2550,94.25103044509888,0.8892587,0.889258623123169,5.960464477539063e-08,0.8892586827278137,11.074132,11.074137687683105
2551,94.28321576118469,0.8892587,0.889258623123169,5.960464477539063e-08,0.8892586827278137,11.074132,11.074137687683105
2552,94.31436681747437,0.8892587,0.889258623123169,5.960464477539063e-08,0.8892586827278137,11.074132,11.074137687683105
2553,94.34646964073181,0.8892587,0.889258623123169,5.960464477539063e-08,0.8892586827278137,11.074132,11.074137687683105
2554,94.3791995048523,0.8892587,0.889258623123169,5.960464477539063e-08,0.8892586827278137,11.074132,11.074137687683105
2555,94.41152501106262,0.8892597,0.889258623123169,9.044244819733649e-08,0.8892586827278137,11.07403,11.074137687683105
2556,94.45090794563293,0.8892597,0.889258623123169,1.4853014818072552e-07,0.8892586827278137,11.07403,11.074137687683105
2557,94.4833824634552,0.8892597,0.8892586827278137,2.1340251521451137e-07,0.8892586827278137,11.07403,11.074131727218628
2558,94.51533126831055,0.8892597,0.8892587423324585,3.4441538332430355e-07,0.8892586827278137,11.07403,11.07412576675415
2559,94.54945802688599,0.8892597,0.889258861541748,4.699298870036728e-07,0.8892586827278137,11.07403,11.074113845825195
2560,94.5810272693634,0.8892797,0.8892592787742615,1.3881887070965604e-06,0.8892586827278137,11.072027,11.074072122573853
2561,94.62201118469238,0.8892797,0.8892600536346436,3.0312692160805454e-06,0.8892596960067749,11.072027,11.073994636535645
2562,94.6565933227539,0.8892797,0.8892611861228943,5.254632924334146e-06,0.8892596960067749,11.072027,11.073881387710571
2563,94.68966627120972,0.8892964,0.889263391494751,7.687450306548271e-06,0.8892596960067749,11.070358,11.073660850524902
2564,94.72735667228699,0.889333,0.8892687559127808,1.1043214726669248e-05,0.8892596960067749,11.066699,11.073124408721924
2565,94.76775002479553,0.889333,0.8892790675163269,1.0307643606211059e-05,0.8892644643783569,11.066699,11.07209324836731
2566,94.80066680908203,0.88934094,0.8892888426780701,1.8021224605035968e-05,0.8892797231674194,11.065907,11.071115732192993
2567,94.840505361557,0.88934094,0.8893005847930908,2.4349705199711025e-05,0.8892807364463806,11.065907,11.069941520690918
2568,94.87327837944031,0.88934094,0.8893237113952637,2.0066678189323284e-05,0.8892827033996582,11.065907,11.067628860473633
2569,94.90582609176636,0.88934565,0.8893391489982605,1.9993833575426834e-06,0.8893335461616516,11.065435,11.06608510017395
2570,94.94608879089355,0.8894101,0.8893412947654724,5.29318594999495e-06,0.8893389701843262,11.058992,11.065870523452759
2571,94.98781251907349,0.8894106,0.8893443942070007,1.1719337635440752e-05,0.8893409371376038,11.058939,11.065560579299927
2572,95.03124856948853,0.889413,0.889352560043335,2.2689519028062932e-05,0.8893409371376038,11.058701,11.064743995666504
2573,95.07221484184265,0.889413,0.8893678188323975,2.9215103495516814e-05,0.889341413974762,11.058701,11.063218116760254
2574,95.10474967956543,0.889413,0.8893977999687195,1.8099119188264012e-05,0.8893543481826782,11.058701,11.060220003128052
2575,95.13674759864807,0.889413,0.889411211013794,1.2671216609305702e-06,0.8894100785255432,11.058701,11.058878898620605
2576,95.16918611526489,0.889413,0.8894122838973999,1.0566410537649062e-06,0.8894106149673462,11.058701,11.05877161026001
2577,95.20148229598999,0.889413,0.8894129395484924,5.960464477539063e-08,0.8894129991531372,11.058701,11.058706045150757
2578,95.23495101928711,0.889413,0.8894129395484924,5.960464477539063e-08,0.8894129991531372,11.058701,11.058706045150757
2579,95.26706576347351,0.889413,0.8894129395484924,5.960464477539063e-08,0.8894129991531372,11.058701,11.058706045150757
2580,95.2989866733551,0.88941526,0.8894129395484924,1.5914586981580214e-07,0.8894129991531372,11.058474,11.058706045150757
2581,95.33970475196838,0.88941526,0.8894129991531372,2.4300112499986426e-07,0.8894129991531372,11.058474,11.05870008468628
2582,95.37384223937988,0.88941824,0.889413058757782,4.976818104296399e-07,0.8894129991531372,11.058176,11.058694124221802
2583,95.41784262657166,0.8894185,0.8894132375717163,9.829157079366269e-07,0.8894129991531372,11.058151,11.05867624282837
2584,95.45918869972229,0.88941866,0.8894137740135193,1.595077719684923e-06,0.8894129991531372,11.058134,11.058622598648071
2585,95.52709460258484,0.889418,0.8857344388961792,0.002938380464911461,0.8792849183082581,11.058199,11.42655611038208
2586,95.56811928749084,0.88941807,0.8882923722267151,0.0009028359781950712,0.8866823315620422,11.058193,11.170762777328491
2587,95.60902523994446,0.88941807,0.8891180753707886,0.0002653991396073252,0.8886685967445374,11.058193,11.088192462921143
2588,95.64362025260925,0.8894185,0.8893575072288513,6.234191823750734e-05,0.8891716599464417,11.058151,11.064249277114868
2589,95.68400263786316,0.8894185,0.8894069790840149,9.543215128360316e-06,0.8893929719924927,11.058151,11.05930209159851
2590,95.7165162563324,0.8894185,0.8894158005714417,2.4604810278106015e-06,0.8894129991531372,11.058151,11.058419942855835
2591,95.75027203559875,0.88941866,0.8894180655479431,1.7426982878987474e-07,0.8894180059432983,11.058134,11.058193445205688
2592,95.79217004776001,0.88941866,0.8894181847572327,2.019696552224559e-07,0.8894180655479431,11.058134,11.058181524276733
2593,95.82485365867615,0.88941866,0.8894184827804565,1.4649074842054688e-07,0.8894182443618774,11.058134,11.058151721954346
2594,95.85791158676147,0.88941866,0.8894185423851013,8.73811742962971e-08,0.8894184827804565,11.058134,11.058145761489868
2595,95.89113020896912,0.88941866,0.8894187211990356,1.2223523526699864e-07,0.8894184827804565,11.058134,11.058127880096436
2596,95.92395615577698,0.88941866,0.8894187211990356,5.960464477539063e-08,0.8894186615943909,11.058134,11.058127880096436
2597,95.95788383483887,0.88941866,0.8894187211990356,5.960464477539063e-08,0.8894186615943909,11.058134,11.058127880096436
2598,95.99113583564758,0.88941866,0.8894187211990356,5.960464477539063e-08,0.8894186615943909,11.058134,11.058127880096436
2599,96.0246090888977,0.88941866,0.8894187211990356,5.960464477539063e-08,0.8894186615943909,11.058134,11.058127880096436
2600,96.05683588981628,0.8894193,0.8894187211990356,7.050485351101088e-08,0.8894186615943909,11.058068,11.058127880096436
2601,96.09651803970337,0.8894193,0.8894187211990356,8.83593500589086e-08,0.8894186615943909,11.058068,11.058127880096436
2602,96.12914299964905,0.8894193,0.8894187211990356,1.4342718657189835e-07,0.8894186615943909,11.058068,11.058127880096436
2603,96.160484790802,0.8894193,0.8894187808036804,2.3101839019545878e-07,0.8894186615943909,11.058068,11.058121919631958
2604,96.19281888008118,0.8894193,0.8894189596176147,3.1982955306375516e-07,0.8894186615943909,11.058068,11.058104038238525
2605,96.22533416748047,0.8894236,0.8894192576408386,4.364629830888589e-07,0.8894186615943909,11.057639,11.058074235916138
2606,96.26568341255188,0.8894236,0.8894195556640625,5.664717832587485e-07,0.8894193172454834,11.057639,11.05804443359375
2607,96.29940032958984,0.8894257,0.8894197940826416,1.1802392236859305e-06,0.8894193172454834,11.05743,11.05802059173584
2608,96.33861565589905,0.8894257,0.8894202709197998,1.90687160284142e-06,0.8894193172454834,11.05743,11.05797290802002
2609,96.37374472618103,0.8894257,0.8894215226173401,2.5922424811142264e-06,0.8894193172454834,11.05743,11.057847738265991
2610,96.40558791160583,0.8894257,0.8894239068031311,1.9229576082580024e-06,0.8894195556640625,11.05743,11.05760931968689
2611,96.43878507614136,0.8894257,0.8894253373146057,3.816371645370964e-07,0.8894242644309998,11.05743,11.057466268539429
2612,96.47180318832397,0.8894257,0.88942551612854,1.601329842060295e-07,0.8894254565238953,11.05743,11.057448387145996
2613,96.5054919719696,0.8894257,0.88942551612854,1.7881393432617188e-07,0.8894256949424744,11.05743,11.057448387145996
2614,96.53993272781372,0.8894257,0.88942551612854,1.7881393432617188e-07,0.8894256949424744,11.05743,11.057448387145996
2615,96.57109475135803,0.8894257,0.88942551612854,1.7881393432617188e-07,0.8894256949424744,11.05743,11.057448387145996
2616,96.60305714607239,0.8894257,0.88942551612854,1.7881393432617188e-07,0.8894256949424744,11.05743,11.057448387145996
2617,96.63551139831543,0.8894257,0.88942551612854,1.7881393432617188e-07,0.8894256949424744,11.05743,11.057448387145996
2618,96.66716837882996,0.8894257,0.88942551612854,1.7881393432617188e-07,0.8894256949424744,11.05743,11.057448387145996
2619,96.69868278503418,0.8894257,0.88942551612854,1.7881393432617188e-07,0.8894256949424744,11.05743,11.057448387145996
2620,96.73206949234009,0.8894257,0.88942551612854,1.7881393432617188e-07,0.8894256949424744,11.05743,11.057448387145996
2621,96.7633764743805,0.8894257,0.88942551612854,1.7881393432617188e-07,0.8894256949424744,11.05743,11.057448387145996
2622,96.79711937904358,0.8894257,0.88942551612854,1.7881393432617188e-07,0.8894256949424744,11.05743,11.057448387145996
2623,96.8289270401001,0.8894257,0.88942551612854,1.7881393432617188e-07,0.8894256949424744,11.05743,11.057448387145996
2624,96.86117386817932,0.8894257,0.88942551612854,1.7881393432617188e-07,0.8894256949424744,11.05743,11.057448387145996
2625,96.89264726638794,0.8894257,0.88942551612854,1.7881393432617188e-07,0.8894256949424744,11.05743,11.057448387145996
2626,96.9249792098999,0.8894257,0.88942551612854,1.7881393432617188e-07,0.8894256949424744,11.05743,11.057448387145996
2627,96.95691347122192,0.8894257,0.88942551612854,1.7881393432617188e-07,0.8894256949424744,11.05743,11.057448387145996
2628,96.99060702323914,0.8894257,0.88942551612854,1.7881393432617188e-07,0.8894256949424744,11.05743,11.057448387145996
2629,97.02299499511719,0.8894257,0.88942551612854,1.7881393432617188e-07,0.8894256949424744,11.05743,11.057448387145996
2630,97.05603170394897,0.8894257,0.88942551612854,1.7881393432617188e-07,0.8894256949424744,11.05743,11.057448387145996
2631,97.08856081962585,0.8894559,0.8894256353378296,1.9236485968576744e-06,0.8894256949424744,11.054409,11.057436466217041
2632,97.12922739982605,0.8894722,0.889426052570343,4.4153125600132626e-06,0.8894256949424744,11.052781,11.057394742965698
2633,97.16928672790527,0.8895049,0.8894274234771729,9.607281754142605e-06,0.8894256949424744,11.049509,11.057257652282715
2634,97.20801734924316,0.8895049,0.8894335627555847,2.0846116967732087e-05,0.8894256949424744,11.049509,11.056643724441528
2635,97.24214839935303,0.8895049,0.8894455432891846,3.0640087061328813e-05,0.8894256949424744,11.049509,11.055445671081543
2636,97.2744631767273,0.8895049,0.8894696831703186,3.285883940407075e-05,0.8894256949424744,11.049509,11.05303168296814
2637,97.30768823623657,0.8895454,0.8894996643066406,9.90916396403918e-06,0.8894721865653992,11.045462,11.050033569335938
2638,97.35333967208862,0.8895454,0.8895053267478943,3.9001688492135145e-06,0.8895047903060913,11.045462,11.049467325210571
2639,97.39054346084595,0.8895534,0.8895062804222107,6.736544492014218e-06,0.8895049095153809,11.044657,11.04937195777893
2640,97.42976117134094,0.88955355,0.8895097374916077,1.30784783323179e-05,0.8895049095153809,11.044645,11.049026250839233
2641,97.46985816955566,0.88955355,0.8895170092582703,1.9312705262564123e-05,0.8895049095153809,11.044645,11.048299074172974
2642,97.50268912315369,0.88955355,0.8895320892333984,2.138167474186048e-05,0.8895049095153809,11.044645,11.046791076660156
2643,97.53591346740723,0.88955355,0.8895503282546997,3.864464360958664e-06,0.8895453810691833,11.044645,11.04496717453003
2644,97.56872367858887,0.88955355,0.8895533084869385,2.1847752407211374e-07,0.889553427696228,11.044645,11.044669151306152
2645,97.60174703598022,0.88955355,0.8895533084869385,2.384185791015625e-07,0.8895535469055176,11.044645,11.044669151306152
2646,97.63382363319397,0.8896791,0.8895537853240967,7.959413778735325e-06,0.8895535469055176,11.032093,11.044621467590332
2647,97.67445826530457,0.8896791,0.8895548582077026,1.3574394870374817e-05,0.8895535469055176,11.032093,11.044514179229736
2648,97.70719528198242,0.8896791,0.8895580172538757,2.2981130314292386e-05,0.8895535469055176,11.032093,11.044198274612427
2649,97.74006772041321,0.8896791,0.8895688056945801,3.9837857912061736e-05,0.8895535469055176,11.032093,11.043119430541992
2650,97.77423667907715,0.8896791,0.8895881175994873,5.2683622925542295e-05,0.8895535469055176,11.032093,11.04118824005127
2651,97.8077597618103,0.8896791,0.8896294832229614,5.258962482912466e-05,0.8895574808120728,11.032093,11.037051677703857
2652,97.84039974212646,0.8896791,0.8896744847297668,5.715969109587604e-06,0.8896574974060059,11.032093,11.032551527023315
2653,97.87233781814575,0.8896791,0.8896784782409668,1.3659132491739001e-06,0.8896749019622803,11.032093,11.03215217590332
2654,97.90411281585693,0.8896791,0.8896790146827698,5.960464477539063e-08,0.8896790742874146,11.032093,11.032098531723022
2655,97.93643283843994,0.8896846,0.8896790742874146,3.5199559533793945e-07,0.8896790742874146,11.031538,11.032092571258545
2656,97.97523379325867,0.88973093,0.8896793127059937,3.3206270018126816e-06,0.8896790742874146,11.026907,11.032068729400635
2657,98.01429796218872,0.8897805,0.8896802067756653,8.56599672260927e-06,0.8896790742874146,11.021948,11.031979322433472
2658,98.05448794364929,0.8897805,0.8896850943565369,2.1217234461801127e-05,0.8896790742874146,11.021948,11.031490564346313
2659,98.08630752563477,0.8897805,0.8897003531455994,3.8016623875591904e-05,0.8896790742874146,11.021948,11.029964685440063
2660,98.11824369430542,0.8898325,0.8897262215614319,4.598841769620776e-05,0.8896790742874146,11.01675,11.027377843856812
2661,98.15723633766174,0.88983685,0.8897717595100403,2.1887901311856695e-05,0.8897308707237244,11.016315,11.022824048995972
2662,98.19764924049377,0.8898369,0.8897882103919983,1.9136408809572458e-05,0.8897805213928223,11.01631,11.021178960800171
2663,98.23751544952393,0.889838,0.8897977471351624,2.5404317057109438e-05,0.8897805213928223,11.016202,11.020225286483765
2664,98.27734684944153,0.889838,0.8898172974586487,2.569030039012432e-05,0.8897805213928223,11.016202,11.018270254135132
2665,98.3098509311676,0.88983804,0.8898367881774902,1.1174877272424055e-06,0.8898324966430664,11.016196,11.016321182250977
2666,98.34840273857117,0.88987124,0.8898373246192932,2.2074382286518812e-06,0.889836847782135,11.0128765,11.016267538070679
2667,98.38842225074768,0.88987124,0.889837920665741,3.756548721867148e-06,0.8898369073867798,11.0128765,11.016207933425903
2668,98.42047023773193,0.88987124,0.889839768409729,6.6538532337290235e-06,0.8898369073867798,11.0128765,11.0160231590271
2669,98.45242190361023,0.88987124,0.8898429870605469,1.002460157906171e-05,0.8898379802703857,11.0128765,11.015701293945312
2670,98.48483729362488,0.8898804,0.889849841594696,1.304489796893904e-05,0.8898380398750305,11.011958,11.015015840530396
2671,98.52418994903564,0.8899046,0.8898619413375854,1.1350776730978396e-05,0.8898454308509827,11.009539,11.013805866241455
2672,98.56500601768494,0.88992,0.8898723721504211,8.3915956565761e-06,0.8898652791976929,11.008,11.012762784957886
2673,98.6056010723114,0.88992,0.8898792266845703,1.3398516784945969e-05,0.8898712396621704,11.008,11.012077331542969
2674,98.63791084289551,0.88992006,0.8898892402648926,1.734110264806077e-05,0.8898723721504211,11.007995,11.011075973510742
2675,98.67885708808899,0.88992006,0.8899062275886536,9.836912795435637e-06,0.8898846507072449,11.007995,11.009377241134644
2676,98.71214437484741,0.88992006,0.8899142742156982,5.8395839914737735e-06,0.8899046182632446,11.007995,11.008572578430176
2677,98.74659848213196,0.88992006,0.8899193406105042,1.7519972743684775e-06,0.8899142742156982,11.007995,11.008065938949585
2678,98.78285908699036,0.88992006,0.8899201154708862,6.674741825918318e-08,0.8899199962615967,11.007995,11.007988452911377
2679,98.81583952903748,0.88992006,0.8899201154708862,5.960464477539063e-08,0.8899200558662415,11.007995,11.007988452911377
2680,98.84713220596313,0.88992006,0.8899201154708862,5.960464477539063e-08,0.8899200558662415,11.007995,11.007988452911377
2681,98.87863326072693,0.88992006,0.8899201154708862,5.960464477539063e-08,0.8899200558662415,11.007995,11.007988452911377
2682,98.91158556938171,0.88992006,0.8899201154708862,5.960464477539063e-08,0.8899200558662415,11.007995,11.007988452911377
2683,98.94373393058777,0.88992006,0.8899201154708862,5.960464477539063e-08,0.8899200558662415,11.007995,11.007988452911377
2684,98.97570991516113,0.88992006,0.8899201154708862,5.960464477539063e-08,0.8899200558662415,11.007995,11.007988452911377
2685,99.0086624622345,0.88992006,0.8899201154708862,5.960464477539063e-08,0.8899200558662415,11.007995,11.007988452911377
2686,99.04065036773682,0.88992006,0.8899201154708862,5.960464477539063e-08,0.8899200558662415,11.007995,11.007988452911377
2687,99.073899269104,0.88992006,0.8899201154708862,5.960464477539063e-08,0.8899200558662415,11.007995,11.007988452911377
2688,99.10589408874512,0.88992006,0.8899201154708862,5.960464477539063e-08,0.8899200558662415,11.007995,11.007988452911377
2689,99.13790583610535,0.88992006,0.8899201154708862,5.960464477539063e-08,0.8899200558662415,11.007995,11.007988452911377
2690,99.17073178291321,0.88992006,0.8899201154708862,5.960464477539063e-08,0.8899200558662415,11.007995,11.007988452911377
2691,99.20296335220337,0.88992006,0.8899201154708862,5.960464477539063e-08,0.8899200558662415,11.007995,11.007988452911377
2692,99.23835945129395,0.88992006,0.8899201154708862,5.960464477539063e-08,0.8899200558662415,11.007995,11.007988452911377
2693,99.27267336845398,0.88992006,0.8899201154708862,5.960464477539063e-08,0.8899200558662415,11.007995,11.007988452911377
2694,99.30661845207214,0.88992006,0.8899201154708862,5.960464477539063e-08,0.8899200558662415,11.007995,11.007988452911377
2695,99.33844351768494,0.88992006,0.8899201154708862,5.960464477539063e-08,0.8899200558662415,11.007995,11.007988452911377
2696,99.37064743041992,0.88994217,0.8899202942848206,1.4092892115513678e-06,0.8899200558662415,11.005783,11.007970571517944
2697,99.41077256202698,0.88994217,0.8899203538894653,1.9814297047560103e-06,0.8899200558662415,11.005783,11.007964611053467
2698,99.44427752494812,0.88994217,0.8899208903312683,3.871844000968849e-06,0.8899200558662415,11.005783,11.007910966873169
2699,99.47697830200195,0.8899422,0.8899224996566772,6.707921784254722e-06,0.8899200558662415,11.005777,11.007750034332275
2700,99.51706576347351,0.8899422,0.8899253010749817,9.220448191626929e-06,0.8899200558662415,11.005777,11.007469892501831
2701,99.55097079277039,0.8899422,0.8899310827255249,1.0760252735053655e-05,0.8899200558662415,11.005777,11.00689172744751
2702,99.58404278755188,0.88995457,0.8899419903755188,8.943540024120011e-07,0.8899413347244263,11.004543,11.00580096244812
2703,99.62414598464966,0.88995457,0.8899423480033875,1.121017135119473e-06,0.8899421691894531,11.004543,11.005765199661255
2704,99.6562008857727,0.8899839,0.8899428844451904,3.4817910545825725e-06,0.8899422287940979,11.001611,11.005711555480957
2705,99.69469714164734,0.8899839,0.8899442553520203,6.329700227070134e-06,0.8899422287940979,11.001611,11.005574464797974
2706,99.72733426094055,0.8899855,0.8899492025375366,1.312665881414432e-05,0.8899422287940979,11.00145,11.005079746246338
2707,99.76814246177673,0.8899864,0.8899574279785156,1.7377768017468043e-05,0.8899433016777039,11.00136,11.004257202148438
2708,99.80982160568237,0.8899864,0.8899739384651184,1.3235510778031312e-05,0.8899441957473755,11.00136,11.00260615348816
2709,99.84240770339966,0.8899864,0.8899849653244019,8.301233265228802e-07,0.8899838924407959,11.00136,11.001503467559814
2710,99.87612390518188,0.8899864,0.8899857401847839,4.906154345007963e-07,0.8899848461151123,11.00136,11.001425981521606
2711,99.90735220909119,0.8899864,0.8899861574172974,3.4832379469662555e-07,0.8899855613708496,11.00136,11.001384258270264
2712,99.94009447097778,0.8899864,0.8899862766265869,1.1920928955078125e-07,0.8899863958358765,11.00136,11.001372337341309
2713,99.97215628623962,0.89008003,0.8899866342544556,5.935707122262102e-06,0.8899863958358765,10.991997,11.001336574554443
2714,100.01088261604309,0.8900891,0.8899878263473511,1.238082222698722e-05,0.8899863958358765,10.991091,11.001217365264893
2715,100.05005502700806,0.89018285,0.8899930715560913,2.6516443540458567e-05,0.8899863958358765,10.981714,11.00069284439087
2716,100.08943676948547,0.89018285,0.8900057673454285,4.536704363999888e-05,0.8899863958358765,10.981714,10.999423265457153
2717,100.12228560447693,0.89018285,0.8900347352027893,6.786084122722968e-05,0.8899863958358765,10.981714,10.99652647972107
2718,100.15453267097473,0.89018285,0.8900912404060364,6.927248614374548e-05,0.8899863958358765,10.981714,10.990875959396362
2719,100.18640160560608,0.89018285,0.8901486992835999,4.2414427298353985e-05,0.8900890946388245,10.981714,10.985130071640015
2720,100.21895599365234,0.89018285,0.890180766582489,2.017162842093967e-06,0.8901767730712891,10.981714,10.981923341751099
2721,100.25058031082153,0.89018285,0.8901824951171875,8.353229645763349e-07,0.8901802897453308,10.981714,10.98175048828125
2722,100.28270530700684,0.89018285,0.8901827335357666,1.1920928955078125e-07,0.8901828527450562,10.981714,10.98172664642334
2723,100.31527090072632,0.89018285,0.8901827335357666,1.1920928955078125e-07,0.8901828527450562,10.981714,10.98172664642334
2724,100.34706950187683,0.89018285,0.8901827335357666,1.1920928955078125e-07,0.8901828527450562,10.981714,10.98172664642334
2725,100.37961935997009,0.89018285,0.8901827335357666,1.1920928955078125e-07,0.8901828527450562,10.981714,10.98172664642334
2726,100.41264986991882,0.89018285,0.8901827335357666,1.1920928955078125e-07,0.8901828527450562,10.981714,10.98172664642334
2727,100.4449155330658,0.89018285,0.8901827335357666,1.1920928955078125e-07,0.8901828527450562,10.981714,10.98172664642334
2728,100.47700667381287,0.89018285,0.8901827335357666,1.1920928955078125e-07,0.8901828527450562,10.981714,10.98172664642334
2729,100.50869750976562,0.89018285,0.8901827335357666,1.1920928955078125e-07,0.8901828527450562,10.981714,10.98172664642334
2730,100.5428147315979,0.89018285,0.8901827335357666,1.1920928955078125e-07,0.8901828527450562,10.981714,10.98172664642334
2731,100.57585144042969,0.89018285,0.8901827335357666,1.1920928955078125e-07,0.8901828527450562,10.981714,10.98172664642334
2732,100.60823321342468,0.89018285,0.8901827335357666,1.1920928955078125e-07,0.8901828527450562,10.981714,10.98172664642334
2733,100.64056086540222,0.89018285,0.8901827335357666,1.1920928955078125e-07,0.8901828527450562,10.981714,10.98172664642334
2734,100.67291593551636,0.89018285,0.8901827335357666,1.1920928955078125e-07,0.8901828527450562,10.981714,10.98172664642334
2735,100.70543599128723,0.89018285,0.8901827335357666,1.1920928955078125e-07,0.8901828527450562,10.981714,10.98172664642334
2736,100.73677444458008,0.89018285,0.8901827335357666,1.1920928955078125e-07,0.8901828527450562,10.981714,10.98172664642334
2737,100.77190375328064,0.89018285,0.8901827335357666,1.1920928955078125e-07,0.8901828527450562,10.981714,10.98172664642334
2738,100.80559062957764,0.89018285,0.8901827335357666,1.1920928955078125e-07,0.8901828527450562,10.981714,10.98172664642334
2739,100.84003472328186,0.89018285,0.8901827335357666,1.1920928955078125e-07,0.8901828527450562,10.981714,10.98172664642334
2740,100.87218475341797,0.89018285,0.8901827335357666,1.1920928955078125e-07,0.8901828527450562,10.981714,10.98172664642334
2741,100.90404725074768,0.89018285,0.8901827335357666,1.1920928955078125e-07,0.8901828527450562,10.981714,10.98172664642334
2742,100.93668484687805,0.89018285,0.8901827335357666,1.1920928955078125e-07,0.8901828527450562,10.981714,10.98172664642334
2743,100.97000741958618,0.89018285,0.8901827335357666,1.1920928955078125e-07,0.8901828527450562,10.981714,10.98172664642334
2744,101.00314354896545,0.89018285,0.8901827335357666,1.1920928955078125e-07,0.8901828527450562,10.981714,10.98172664642334
2745,101.03444409370422,0.89018285,0.8901827335357666,1.1920928955078125e-07,0.8901828527450562,10.981714,10.98172664642334
2746,101.06555271148682,0.89018285,0.8901827335357666,1.1920928955078125e-07,0.8901828527450562,10.981714,10.98172664642334
2747,101.09718704223633,0.8901958,0.8901827931404114,8.272493232652778e-07,0.8901828527450562,10.980421,10.981720685958862
2748,101.13583993911743,0.8901958,0.8901828527450562,1.4225731774786254e-06,0.8901828527450562,10.980421,10.981714725494385
2749,101.16914820671082,0.89019686,0.8901832103729248,2.571776576587581e-06,0.8901828527450562,10.980314,10.98167896270752
2750,101.20969271659851,0.89019686,0.8901845812797546,4.6437198761850595e-06,0.8901828527450562,10.980314,10.981541872024536
2751,101.24087309837341,0.89019686,0.8901872038841248,6.4080386437126435e-06,0.8901828527450562,10.980314,10.981279611587524
2752,101.27307605743408,0.89019686,0.8901919722557068,6.453169135056669e-06,0.8901828527450562,10.980314,10.980802774429321
2753,101.30638337135315,0.89019686,0.8901969194412231,5.960464477539063e-08,0.8901968598365784,10.980314,10.980308055877686
2754,101.33980894088745,0.89019686,0.8901969194412231,5.960464477539063e-08,0.8901968598365784,10.980314,10.980308055877686
2755,101.37459802627563,0.89019686,0.8901969194412231,5.960464477539063e-08,0.8901968598365784,10.980314,10.980308055877686
2756,101.40950727462769,0.89019686,0.8901969194412231,5.960464477539063e-08,0.8901968598365784,10.980314,10.980308055877686
2757,101.44224429130554,0.89019686,0.8901969194412231,5.960464477539063e-08,0.8901968598365784,10.980314,10.980308055877686
2758,101.47640037536621,0.89019686,0.8901969194412231,5.960464477539063e-08,0.8901968598365784,10.980314,10.980308055877686
2759,101.5106258392334,0.89019686,0.8901969194412231,5.960464477539063e-08,0.8901968598365784,10.980314,10.980308055877686
2760,101.54659938812256,0.89019686,0.8901969194412231,5.960464477539063e-08,0.8901968598365784,10.980314,10.980308055877686
2761,101.57892537117004,0.89019686,0.8901969194412231,5.960464477539063e-08,0.8901968598365784,10.980314,10.980308055877686
2762,101.61308121681213,0.89019686,0.8901969194412231,5.960464477539063e-08,0.8901968598365784,10.980314,10.980308055877686
2763,101.64497828483582,0.89019686,0.8901969194412231,5.960464477539063e-08,0.8901968598365784,10.980314,10.980308055877686
2764,101.67768096923828,0.89019686,0.8901969194412231,5.960464477539063e-08,0.8901968598365784,10.980314,10.980308055877686
2765,101.71070981025696,0.89019686,0.8901969194412231,5.960464477539063e-08,0.8901968598365784,10.980314,10.980308055877686
2766,101.74437975883484,0.89019686,0.8901969194412231,5.960464477539063e-08,0.8901968598365784,10.980314,10.980308055877686
2767,101.7781708240509,0.89019686,0.8901969194412231,5.960464477539063e-08,0.8901968598365784,10.980314,10.980308055877686
2768,101.81206727027893,0.89019686,0.8901969194412231,5.960464477539063e-08,0.8901968598365784,10.980314,10.980308055877686
2769,101.84309792518616,0.89019686,0.8901969194412231,5.960464477539063e-08,0.8901968598365784,10.980314,10.980308055877686
2770,101.87624931335449,0.89019686,0.8901969194412231,5.960464477539063e-08,0.8901968598365784,10.980314,10.980308055877686
2771,101.90943622589111,0.89019686,0.8901969194412231,5.960464477539063e-08,0.8901968598365784,10.980314,10.980308055877686
2772,101.95215058326721,0.89019686,0.8901969194412231,5.960464477539063e-08,0.8901968598365784,10.980314,10.980308055877686
2773,101.99476933479309,0.89019686,0.8901969194412231,5.960464477539063e-08,0.8901968598365784,10.980314,10.980308055877686
2774,102.03244090080261,0.89019686,0.8901969194412231,5.960464477539063e-08,0.8901968598365784,10.980314,10.980308055877686
2775,102.06448364257812,0.89019686,0.8901969194412231,5.960464477539063e-08,0.8901968598365784,10.980314,10.980308055877686
2776,102.09687328338623,0.89019686,0.8901969194412231,5.960464477539063e-08,0.8901968598365784,10.980314,10.980308055877686
2777,102.12894558906555,0.89019686,0.8901969194412231,5.960464477539063e-08,0.8901968598365784,10.980314,10.980308055877686
2778,102.16006898880005,0.89019686,0.8901969194412231,5.960464477539063e-08,0.8901968598365784,10.980314,10.980308055877686
2779,102.19142699241638,0.89019686,0.8901969194412231,5.960464477539063e-08,0.8901968598365784,10.980314,10.980308055877686
2780,102.2237446308136,0.8902431,0.8901970982551575,2.9316136078705313e-06,0.8901968598365784,10.975689,10.980290174484253
2781,102.26302456855774,0.89026445,0.8901976943016052,6.407687124010408e-06,0.8901968598365784,10.973555,10.980230569839478
2782,102.3030297756195,0.8902649,0.8901998400688171,1.1837782039947342e-05,0.8901968598365784,10.973507,10.980015993118286
2783,102.34380054473877,0.89027,0.8902050256729126,1.896155663416721e-05,0.8901968598365784,10.973001,10.97949743270874
2784,102.3834969997406,0.8902705,0.8902156949043274,2.617185418785084e-05,0.8901968598365784,10.972953,10.97843050956726
2785,102.42407250404358,0.890271,0.8902382850646973,2.5060769985429943e-05,0.8901968598365784,10.972899,10.976171493530273
2786,102.46322846412659,0.890271,0.8902599215507507,1.1024626473954413e-05,0.8902404308319092,10.972899,10.974007844924927
2787,102.49565410614014,0.89031553,0.8902679681777954,4.0806967263051774e-06,0.8902644515037537,10.968447,10.973203182220459
2788,102.53503274917603,0.89031553,0.8902713656425476,6.312222012638813e-06,0.8902699947357178,10.968447,10.97286343574524
2789,102.56908774375916,0.89032125,0.8902739882469177,1.1638959222182166e-05,0.890270471572876,10.967875,10.972601175308228
2790,102.60901951789856,0.89032125,0.8902794122695923,1.7418222341802903e-05,0.890271008014679,10.967875,10.972058773040771
2791,102.63991713523865,0.89032197,0.8902894258499146,2.227497498097364e-05,0.890271008014679,10.967803,10.971057415008545
2792,102.68059420585632,0.89032197,0.8903089165687561,1.7211054000654258e-05,0.890271008014679,10.967803,10.96910834312439
2793,102.71347451210022,0.8903227,0.8903189301490784,2.688095037228777e-06,0.8903155326843262,10.967731,10.968106985092163
2794,102.75201916694641,0.8903227,0.8903213739395142,5.919162617828988e-07,0.8903204202651978,10.967731,10.967862606048584
2795,102.7867066860199,0.8903227,0.8903217911720276,3.686149341319833e-07,0.8903212547302246,10.967731,10.967820882797241
2796,102.82043862342834,0.8903227,0.8903219699859619,3.306537337266491e-07,0.8903219699859619,10.967731,10.967803001403809
2797,102.85299968719482,0.8903227,0.890322208404541,3.7514436712626775e-07,0.8903219699859619,10.967731,10.967779159545898
2798,102.88497161865234,0.8903227,0.8903226256370544,5.960464477539063e-08,0.8903226852416992,10.967731,10.967737436294556
2799,102.9158308506012,0.8903227,0.8903226256370544,5.960464477539063e-08,0.8903226852416992,10.967731,10.967737436294556
2800,102.9479832649231,0.8903227,0.8903226256370544,5.960464477539063e-08,0.8903226852416992,10.967731,10.967737436294556
2801,102.98101496696472,0.8903227,0.8903226256370544,5.960464477539063e-08,0.8903226852416992,10.967731,10.967737436294556
2802,103.0129747390747,0.8903227,0.8903226256370544,5.960464477539063e-08,0.8903226852416992,10.967731,10.967737436294556
2803,103.04420948028564,0.8903227,0.8903226256370544,5.960464477539063e-08,0.8903226852416992,10.967731,10.967737436294556
2804,103.07620167732239,0.89035416,0.8903228044509888,1.99440819415031e-06,0.8903226852416992,10.964584,10.967719554901123
2805,103.11516046524048,0.89040506,0.8903238773345947,8.106546374619938e-06,0.8903226852416992,10.959494,10.967612266540527
2806,103.15399599075317,0.89040506,0.8903274536132812,1.6609612430329435e-05,0.8903226852416992,10.959494,10.967254638671875
2807,103.18669414520264,0.8904051,0.8903366327285767,2.7966840207227506e-05,0.8903226852416992,10.959488,10.966336727142334
2808,103.22779703140259,0.8904051,0.8903547525405884,3.557879972504452e-05,0.8903226852416992,10.959488,10.964524745941162
2809,103.25998020172119,0.8904051,0.8903849720954895,2.4860741177690215e-05,0.8903347253799438,10.959488,10.96150279045105
2810,103.29176926612854,0.8904051,0.8904021978378296,5.1264332796563394e-06,0.8903930187225342,10.959488,10.959780216217041
2811,103.32323741912842,0.8904051,0.890404999256134,1.1610450911803127e-07,0.8904050588607788,10.959488,10.959500074386597
2812,103.35595798492432,0.8904051,0.890404999256134,1.1920928955078125e-07,0.8904051184654236,10.959488,10.959500074386597
2813,103.38925266265869,0.8904051,0.890404999256134,1.1920928955078125e-07,0.8904051184654236,10.959488,10.959500074386597
2814,103.422607421875,0.8904051,0.890404999256134,1.1920928955078125e-07,0.8904051184654236,10.959488,10.959500074386597
2815,103.45681142807007,0.8904051,0.890404999256134,1.1920928955078125e-07,0.8904051184654236,10.959488,10.959500074386597
2816,103.49040961265564,0.8904051,0.890404999256134,1.1920928955078125e-07,0.8904051184654236,10.959488,10.959500074386597
2817,103.52301836013794,0.8904051,0.890404999256134,1.1920928955078125e-07,0.8904051184654236,10.959488,10.959500074386597
2818,103.55520725250244,0.8904051,0.890404999256134,1.1920928955078125e-07,0.8904051184654236,10.959488,10.959500074386597
2819,103.58847498893738,0.8904051,0.890404999256134,1.1920928955078125e-07,0.8904051184654236,10.959488,10.959500074386597
2820,103.62117338180542,0.8904051,0.890404999256134,1.1920928955078125e-07,0.8904051184654236,10.959488,10.959500074386597
2821,103.65491509437561,0.8904051,0.890404999256134,1.1920928955078125e-07,0.8904051184654236,10.959488,10.959500074386597
2822,103.68665266036987,0.8904051,0.890404999256134,1.1920928955078125e-07,0.8904051184654236,10.959488,10.959500074386597
2823,103.71745491027832,0.8904051,0.890404999256134,1.1920928955078125e-07,0.8904051184654236,10.959488,10.959500074386597
2824,103.74907636642456,0.8904051,0.890404999256134,1.1920928955078125e-07,0.8904051184654236,10.959488,10.959500074386597
2825,103.78240823745728,0.8904051,0.890404999256134,1.1920928955078125e-07,0.8904051184654236,10.959488,10.959500074386597
2826,103.81471419334412,0.8904051,0.890404999256134,1.1920928955078125e-07,0.8904051184654236,10.959488,10.959500074386597
2827,103.84565258026123,0.8904092,0.890404999256134,2.9042777782706253e-07,0.8904051184654236,10.959083,10.959500074386597
2828,103.88634490966797,0.89043343,0.8904052376747131,2.447147153361584e-06,0.8904051184654236,10.956657,10.959476232528687
2829,103.92662215232849,0.89044297,0.89040607213974,4.970040208718274e-06,0.8904051184654236,10.955704,10.959392786026001
2830,103.969153881073,0.8904603,0.8904088139533997,9.683349162514787e-06,0.8904051184654236,10.953969,10.959118604660034
2831,104.00789761543274,0.8904652,0.8904149532318115,1.4943698261049576e-05,0.8904051184654236,10.95348,10.958504676818848
2832,104.04819798469543,0.89048547,0.8904276490211487,1.687718577159103e-05,0.8904051184654236,10.951453,10.957235097885132
2833,104.1133177280426,0.890422,0.8873711824417114,0.002618175931274891,0.8816927671432495,10.957802,11.262881755828857
2834,104.15451502799988,0.89046884,0.8895719051361084,0.0006921505555510521,0.8882743120193481,10.953116,11.04280948638916
2835,104.19394326210022,0.89048016,0.8901898860931396,0.00018057656416203827,0.8897432088851929,10.951984,10.981011390686035
2836,104.23378729820251,0.89048016,0.8903517127037048,6.122179183876142e-05,0.8902649283409119,10.951984,10.964828729629517
2837,104.26643371582031,0.89050674,0.89040607213974,4.186108344583772e-05,0.8903493285179138,10.949326,10.959392786026001
2838,104.30726099014282,0.8905179,0.8904452323913574,2.9474947950802743e-05,0.8904021382331848,10.948211,10.955476760864258
2839,104.34735059738159,0.8905179,0.8904739022254944,2.28161079576239e-05,0.890437126159668,10.948211,10.952609777450562
2840,104.3803641796112,0.8905179,0.8904955387115479,1.3607439541374333e-05,0.8904752135276794,10.948211,10.950446128845215
2841,104.41299605369568,0.8905179,0.8905083537101746,6.961805411265232e-06,0.8904964327812195,10.948211,10.949164628982544
2842,104.44517087936401,0.8905179,0.8905150294303894,4.187837930658134e-06,0.8905067443847656,10.948211,10.94849705696106
2843,104.47736191749573,0.8905179,0.8905180096626282,1.1920928955078125e-07,0.8905178904533386,10.948211,10.948199033737183
2844,104.50988340377808,0.8905179,0.8905180096626282,1.1920928955078125e-07,0.8905178904533386,10.948211,10.948199033737183
2845,104.54194474220276,0.8905179,0.8905180096626282,1.1920928955078125e-07,0.8905178904533386,10.948211,10.948199033737183
2846,104.57442903518677,0.8905556,0.8905181884765625,2.395452156633837e-06,0.8905178904533386,10.944438,10.94818115234375
2847,104.61398005485535,0.8905556,0.8905184268951416,3.838432348857168e-06,0.8905178904533386,10.944438,10.94815731048584
2848,104.64782381057739,0.8905556,0.8905195593833923,6.902633231220534e-06,0.8905178904533386,10.944438,10.948044061660767
2849,104.68130803108215,0.89056164,0.8905225992202759,1.1603666280279867e-05,0.8905178904533386,10.943836,10.947740077972412
2850,104.71998596191406,0.89056164,0.8905292749404907,1.6151625459315255e-05,0.8905178904533386,10.943836,10.947072505950928
2851,104.75249338150024,0.890564,0.8905425667762756,1.5729861843283288e-05,0.8905178904533386,10.943598,10.945743322372437
2852,104.7928397655487,0.8906002,0.8905562162399292,4.244215688231634e-06,0.8905518054962158,10.93998,10.94437837600708
2853,104.83407735824585,0.8906317,0.8905594348907471,6.988513177930145e-06,0.8905556201934814,10.936832,10.944056510925293
2854,104.8729088306427,0.8906692,0.890565812587738,1.671518839430064e-05,0.8905574083328247,10.933077,10.943418741226196
2855,104.912100315094,0.89069784,0.8905789852142334,3.4987628168892115e-05,0.8905616402626038,10.930216,10.94210147857666
2856,104.95119261741638,0.8907002,0.8906043171882629,5.009736923966557e-05,0.8905640244483948,10.929977,10.939568281173706
2857,104.99121284484863,0.89070624,0.8906500339508057,4.240498674334958e-05,0.8905689716339111,10.929376,10.934996604919434
2858,105.05838823318481,0.8906894,0.8878741264343262,0.0023494174238294363,0.8829368948936462,10.931063,11.212587356567383
2859,105.09800791740417,0.8906919,0.890034556388855,0.0005607306957244873,0.8888128995895386,10.930813,10.996544361114502
2860,105.13734078407288,0.89069784,0.8905185461044312,0.0001428905234206468,0.8901934027671814,10.930216,10.948145389556885
2861,105.17695760726929,0.89070624,0.8906412720680237,3.696029307320714e-05,0.8905771970748901,10.929376,10.935872793197632
2862,105.21577501296997,0.89070624,0.8906750679016113,1.841889024944976e-05,0.8906374573707581,10.929376,10.932493209838867
2863,105.24885034561157,0.8907086,0.8906925320625305,6.152800779091194e-06,0.8906790018081665,10.929137,10.930746793746948
2864,105.28716993331909,0.8907086,0.8906980752944946,5.1772321967291646e-06,0.890691876411438,10.929137,10.930192470550537
2865,105.31925106048584,0.8907086,0.890702486038208,3.945361640944611e-06,0.8906978368759155,10.929137,10.9297513961792
2866,105.3513834476471,0.8907087,0.8907063603401184,2.2792194158682832e-06,0.8907008767127991,10.9291315,10.92936396598816
2867,105.39265418052673,0.8907087,0.8907082080841064,8.78439038842771e-07,0.8907062411308289,10.9291315,10.929179191589355
2868,105.42555952072144,0.8907087,0.8907087445259094,1.1702622515485928e-07,0.8907086253166199,10.9291315,10.929125547409058
2869,105.45772433280945,0.8907087,0.8907088041305542,1.7207766234150768e-07,0.8907086253166199,10.9291315,10.92911958694458
2870,105.4897301197052,0.8907087,0.8907088041305542,1.6089158805243642e-07,0.8907086253166199,10.9291315,10.92911958694458
2871,105.52275133132935,0.8907087,0.8907088041305542,1.3955451549918507e-07,0.8907086253166199,10.9291315,10.92911958694458
2872,105.55640649795532,0.8907087,0.890708863735199,1.7881393432617188e-07,0.8907086849212646,10.9291315,10.929113626480103
2873,105.59106111526489,0.8907087,0.890708863735199,1.7881393432617188e-07,0.8907086849212646,10.9291315,10.929113626480103
2874,105.62601613998413,0.8907087,0.890708863735199,1.7881393432617188e-07,0.8907086849212646,10.9291315,10.929113626480103
2875,105.65771102905273,0.8907087,0.890708863735199,1.7881393432617188e-07,0.8907086849212646,10.9291315,10.929113626480103
2876,105.68978428840637,0.8907087,0.890708863735199,1.7881393432617188e-07,0.8907086849212646,10.9291315,10.929113626480103
2877,105.72227764129639,0.8907087,0.890708863735199,1.7881393432617188e-07,0.8907086849212646,10.9291315,10.929113626480103
2878,105.75614070892334,0.8907087,0.890708863735199,1.7881393432617188e-07,0.8907086849212646,10.9291315,10.929113626480103
2879,105.7898907661438,0.8907087,0.890708863735199,1.7881393432617188e-07,0.8907086849212646,10.9291315,10.929113626480103
2880,105.82250952720642,0.8907087,0.890708863735199,1.7881393432617188e-07,0.8907086849212646,10.9291315,10.929113626480103
2881,105.85394930839539,0.8907087,0.890708863735199,1.7881393432617188e-07,0.8907086849212646,10.9291315,10.929113626480103
2882,105.88555026054382,0.8907087,0.890708863735199,1.7881393432617188e-07,0.8907086849212646,10.9291315,10.929113626480103
2883,105.91602277755737,0.8907087,0.890708863735199,1.7881393432617188e-07,0.8907086849212646,10.9291315,10.929113626480103
2884,105.94857001304626,0.8907087,0.890708863735199,1.7881393432617188e-07,0.8907086849212646,10.9291315,10.929113626480103
2885,105.98009943962097,0.8907087,0.890708863735199,1.7881393432617188e-07,0.8907086849212646,10.9291315,10.929113626480103
2886,106.0122058391571,0.8907087,0.890708863735199,1.7881393432617188e-07,0.8907086849212646,10.9291315,10.929113626480103
2887,106.04527568817139,0.8907087,0.890708863735199,1.7881393432617188e-07,0.8907086849212646,10.9291315,10.929113626480103
2888,106.07932043075562,0.8907087,0.890708863735199,1.7881393432617188e-07,0.8907086849212646,10.9291315,10.929113626480103
2889,106.1118814945221,0.8907087,0.890708863735199,1.7881393432617188e-07,0.8907086849212646,10.9291315,10.929113626480103
2890,106.14367723464966,0.8907087,0.890708863735199,1.7881393432617188e-07,0.8907086849212646,10.9291315,10.929113626480103
2891,106.17514848709106,0.8907087,0.890708863735199,1.7881393432617188e-07,0.8907086849212646,10.9291315,10.929113626480103
2892,106.20725584030151,0.8907087,0.890708863735199,1.7881393432617188e-07,0.8907086849212646,10.9291315,10.929113626480103
2893,106.23948431015015,0.8907087,0.890708863735199,1.7881393432617188e-07,0.8907086849212646,10.9291315,10.929113626480103
2894,106.2713372707367,0.8907087,0.890708863735199,1.7881393432617188e-07,0.8907086849212646,10.9291315,10.929113626480103
2895,106.30432653427124,0.8907087,0.890708863735199,1.7881393432617188e-07,0.8907086849212646,10.9291315,10.929113626480103
2896,106.33641958236694,0.8907087,0.890708863735199,1.7881393432617188e-07,0.8907086849212646,10.9291315,10.929113626480103
2897,106.36852407455444,0.8907087,0.890708863735199,1.7881393432617188e-07,0.8907086849212646,10.9291315,10.929113626480103
2898,106.40083575248718,0.8907087,0.890708863735199,1.7881393432617188e-07,0.8907086849212646,10.9291315,10.929113626480103
2899,106.43338656425476,0.8907087,0.890708863735199,1.7881393432617188e-07,0.8907086849212646,10.9291315,10.929113626480103
2900,106.46519923210144,0.8907087,0.890708863735199,1.7881393432617188e-07,0.8907086849212646,10.9291315,10.929113626480103
2901,106.49782943725586,0.8907087,0.890708863735199,1.7881393432617188e-07,0.8907086849212646,10.9291315,10.929113626480103
2902,106.53202414512634,0.8907087,0.890708863735199,1.7881393432617188e-07,0.8907086849212646,10.9291315,10.929113626480103
2903,106.5662055015564,0.8907087,0.890708863735199,1.7881393432617188e-07,0.8907086849212646,10.9291315,10.929113626480103
2904,106.59985876083374,0.8907087,0.890708863735199,1.7881393432617188e-07,0.8907086849212646,10.9291315,10.929113626480103
2905,106.63645672798157,0.8907087,0.890708863735199,1.7881393432617188e-07,0.8907086849212646,10.9291315,10.929113626480103
2906,106.66966319084167,0.8907087,0.890708863735199,1.7881393432617188e-07,0.8907086849212646,10.9291315,10.929113626480103
2907,106.70199131965637,0.8907087,0.890708863735199,1.7881393432617188e-07,0.8907086849212646,10.9291315,10.929113626480103
2908,106.73552584648132,0.8907087,0.890708863735199,1.7881393432617188e-07,0.8907086849212646,10.9291315,10.929113626480103
2909,106.76797199249268,0.8907087,0.890708863735199,1.7881393432617188e-07,0.8907086849212646,10.9291315,10.929113626480103
2910,106.80308651924133,0.8907087,0.890708863735199,1.7881393432617188e-07,0.8907086849212646,10.9291315,10.929113626480103
2911,106.83596587181091,0.8907087,0.890708863735199,1.7881393432617188e-07,0.8907086849212646,10.9291315,10.929113626480103
2912,106.86848759651184,0.8907087,0.890708863735199,1.7881393432617188e-07,0.8907086849212646,10.9291315,10.929113626480103
2913,106.90062618255615,0.8907087,0.890708863735199,1.7881393432617188e-07,0.8907086849212646,10.9291315,10.929113626480103
2914,106.9328248500824,0.89080584,0.8907092809677124,6.160322300274856e-06,0.8907086849212646,10.919416,10.92907190322876
2915,106.9724931716919,0.8908316,0.8907122611999512,1.8413993529975414e-05,0.8907086849212646,10.9168415,10.928773880004883
2916,107.0125060081482,0.8908316,0.8907204270362854,3.3260908821830526e-05,0.8907086849212646,10.9168415,10.92795729637146
2917,107.04712629318237,0.8908316,0.8907357454299927,4.756560520036146e-05,0.8907086849212646,10.9168415,10.926425457000732
2918,107.07839345932007,0.8908316,0.8907682299613953,5.6090564612532035e-05,0.8907086849212646,10.9168415,10.923177003860474
2919,107.11213278770447,0.8908316,0.8908233046531677,1.0346693670726381e-05,0.8908058404922485,10.9168415,10.917669534683228
2920,107.14477396011353,0.8908316,0.890831708908081,1.1920928955078125e-07,0.8908315896987915,10.9168415,10.916829109191895
2921,107.1767647266388,0.8908316,0.890831708908081,1.1920928955078125e-07,0.8908315896987915,10.9168415,10.916829109191895
2922,107.20935010910034,0.8908316,0.890831708908081,1.1920928955078125e-07,0.8908315896987915,10.9168415,10.916829109191895
2923,107.24206280708313,0.8908316,0.890831708908081,1.1920928955078125e-07,0.8908315896987915,10.9168415,10.916829109191895
2924,107.2750186920166,0.8908316,0.890831708908081,1.1920928955078125e-07,0.8908315896987915,10.9168415,10.916829109191895
2925,107.30745363235474,0.8908316,0.890831708908081,1.1920928955078125e-07,0.8908315896987915,10.9168415,10.916829109191895
2926,107.33953213691711,0.8908316,0.890831708908081,1.1920928955078125e-07,0.8908315896987915,10.9168415,10.916829109191895
2927,107.37113666534424,0.8908316,0.890831708908081,1.1920928955078125e-07,0.8908315896987915,10.9168415,10.916829109191895
2928,107.40353012084961,0.8908316,0.890831708908081,1.1920928955078125e-07,0.8908315896987915,10.9168415,10.916829109191895
2929,107.43526911735535,0.8908316,0.890831708908081,1.1920928955078125e-07,0.8908315896987915,10.9168415,10.916829109191895
2930,107.46760487556458,0.8908316,0.890831708908081,1.1920928955078125e-07,0.8908315896987915,10.9168415,10.916829109191895
2931,107.50087928771973,0.8908316,0.890831708908081,1.1920928955078125e-07,0.8908315896987915,10.9168415,10.916829109191895
2932,107.53252410888672,0.8908316,0.890831708908081,1.1920928955078125e-07,0.8908315896987915,10.9168415,10.916829109191895
2933,107.56470942497253,0.8908316,0.890831708908081,1.1920928955078125e-07,0.8908315896987915,10.9168415,10.916829109191895
2934,107.59776401519775,0.8908316,0.890831708908081,1.1920928955078125e-07,0.8908315896987915,10.9168415,10.916829109191895
2935,107.63044261932373,0.8908316,0.890831708908081,1.1920928955078125e-07,0.8908315896987915,10.9168415,10.916829109191895
2936,107.6657247543335,0.8908316,0.890831708908081,1.1920928955078125e-07,0.8908315896987915,10.9168415,10.916829109191895
2937,107.69905066490173,0.8908316,0.890831708908081,1.1920928955078125e-07,0.8908315896987915,10.9168415,10.916829109191895
2938,107.73327112197876,0.8908316,0.890831708908081,1.1920928955078125e-07,0.8908315896987915,10.9168415,10.916829109191895
2939,107.76806998252869,0.8908316,0.890831708908081,1.1920928955078125e-07,0.8908315896987915,10.9168415,10.916829109191895
2940,107.802809715271,0.8908316,0.890831708908081,1.1920928955078125e-07,0.8908315896987915,10.9168415,10.916829109191895
2941,107.83701395988464,0.8908316,0.890831708908081,1.1920928955078125e-07,0.8908315896987915,10.9168415,10.916829109191895
2942,107.87055516242981,0.8908316,0.890831708908081,1.1920928955078125e-07,0.8908315896987915,10.9168415,10.916829109191895
2943,107.90145826339722,0.8908316,0.890831708908081,1.1920928955078125e-07,0.8908315896987915,10.9168415,10.916829109191895
2944,107.93301844596863,0.8908316,0.890831708908081,1.1920928955078125e-07,0.8908315896987915,10.9168415,10.916829109191895
2945,107.96605372428894,0.8908316,0.890831708908081,1.1920928955078125e-07,0.8908315896987915,10.9168415,10.916829109191895
2946,107.99838447570801,0.8908316,0.890831708908081,1.1920928955078125e-07,0.8908315896987915,10.9168415,10.916829109191895
2947,108.03007960319519,0.8908316,0.890831708908081,1.1920928955078125e-07,0.8908315896987915,10.9168415,10.916829109191895
2948,108.06284809112549,0.8908316,0.890831708908081,1.1920928955078125e-07,0.8908315896987915,10.9168415,10.916829109191895
2949,108.09575867652893,0.8908774,0.8908318877220154,2.906918098233291e-06,0.8908315896987915,10.912257,10.916811227798462
2950,108.13443851470947,0.89091176,0.8908326029777527,7.134706720535178e-06,0.8908315896987915,10.908824,10.916739702224731
2951,108.1733763217926,0.89091176,0.890836238861084,1.67005982802948e-05,0.8908315896987915,10.908824,10.916376113891602
2952,108.20802307128906,0.8909357,0.8908467292785645,3.081427712459117e-05,0.8908315896987915,10.906428,10.915327072143555
2953,108.24651336669922,0.8909357,0.890866219997406,4.1510476876283064e-05,0.8908315896987915,10.906428,10.9133780002594
2954,108.27857065200806,0.89093643,0.8909043073654175,3.2279629522236064e-05,0.8908315896987915,10.906357,10.909569263458252
2955,108.31760263442993,0.89093643,0.890926718711853,1.1123504918941762e-05,0.8909117579460144,10.906357,10.907328128814697
2956,108.35206174850464,0.89093643,0.8909358978271484,2.035417026036157e-07,0.8909357190132141,10.906357,10.906410217285156
2957,108.38355541229248,0.89093643,0.8909358978271484,2.469048183684208e-07,0.8909357190132141,10.906357,10.906410217285156
2958,108.41532111167908,0.89093643,0.8909360766410828,3.2895974300117814e-07,0.8909357190132141,10.906357,10.906392335891724
2959,108.44745182991028,0.89093643,0.8909363150596619,2.3701747409177187e-07,0.8909357190132141,10.906357,10.906368494033813
2960,108.4795606136322,0.89093643,0.890936553478241,1.1920928955078125e-07,0.8909364342689514,10.906357,10.906344652175903
2961,108.51420855522156,0.89093643,0.890936553478241,1.1920928955078125e-07,0.8909364342689514,10.906357,10.906344652175903
2962,108.54575085639954,0.89093643,0.890936553478241,1.1920928955078125e-07,0.8909364342689514,10.906357,10.906344652175903
2963,108.57750368118286,0.89093643,0.890936553478241,1.1920928955078125e-07,0.8909364342689514,10.906357,10.906344652175903
2964,108.60916519165039,0.89093643,0.890936553478241,1.1920928955078125e-07,0.8909364342689514,10.906357,10.906344652175903
2965,108.64166975021362,0.89093643,0.890936553478241,1.1920928955078125e-07,0.8909364342689514,10.906357,10.906344652175903
2966,108.67382836341858,0.89093643,0.890936553478241,1.1920928955078125e-07,0.8909364342689514,10.906357,10.906344652175903
2967,108.70539164543152,0.89093643,0.890936553478241,1.1920928955078125e-07,0.8909364342689514,10.906357,10.906344652175903
2968,108.73804187774658,0.89093643,0.890936553478241,1.1920928955078125e-07,0.8909364342689514,10.906357,10.906344652175903
2969,108.77191257476807,0.89093643,0.890936553478241,1.1920928955078125e-07,0.8909364342689514,10.906357,10.906344652175903
2970,108.80516362190247,0.89093643,0.890936553478241,1.1920928955078125e-07,0.8909364342689514,10.906357,10.906344652175903
2971,108.83660316467285,0.89093643,0.890936553478241,1.1920928955078125e-07,0.8909364342689514,10.906357,10.906344652175903
2972,108.86971759796143,0.89093643,0.890936553478241,1.1920928955078125e-07,0.8909364342689514,10.906357,10.906344652175903
2973,108.90285611152649,0.89093643,0.890936553478241,1.1920928955078125e-07,0.8909364342689514,10.906357,10.906344652175903
2974,108.93729782104492,0.89093643,0.890936553478241,1.1920928955078125e-07,0.8909364342689514,10.906357,10.906344652175903
2975,108.96890592575073,0.89093643,0.890936553478241,1.1920928955078125e-07,0.8909364342689514,10.906357,10.906344652175903
2976,109.00122427940369,0.89093643,0.890936553478241,1.1920928955078125e-07,0.8909364342689514,10.906357,10.906344652175903
2977,109.03341460227966,0.89094234,0.890936553478241,3.859297805774986e-07,0.8909364342689514,10.9057665,10.906344652175903
2978,109.07249641418457,0.8909689,0.8909367322921753,2.1256073523545638e-06,0.8909364342689514,10.903109,10.90632677078247
2979,109.1125214099884,0.8909689,0.890937328338623,4.23045003117295e-06,0.8909364342689514,10.903109,10.906267166137695
2980,109.14609122276306,0.8909689,0.8909396529197693,9.047824278241023e-06,0.8909364342689514,10.903109,10.906034708023071
2981,109.17828321456909,0.8909689,0.8909446001052856,1.3482505892170593e-05,0.8909364342689514,10.903109,10.905539989471436
2982,109.20969676971436,0.8909689,0.8909533023834229,1.5434530723723583e-05,0.8909364342689514,10.903109,10.904669761657715
2983,109.24124431610107,0.8909689,0.890968918800354,3.966385975218145e-07,0.8909668922424316,10.903109,10.9031081199646
2984,109.27385210990906,0.8909689,0.8909690380096436,1.1920928955078125e-07,0.890968918800354,10.903109,10.903096199035645
2985,109.30540943145752,0.8909689,0.8909690380096436,1.1920928955078125e-07,0.890968918800354,10.903109,10.903096199035645
2986,109.33738875389099,0.8909689,0.8909690380096436,1.1920928955078125e-07,0.890968918800354,10.903109,10.903096199035645
2987,109.36997580528259,0.8910314,0.8909693360328674,3.962454684369732e-06,0.890968918800354,10.896862,10.903066396713257
2988,109.41118597984314,0.8910577,0.8909699320793152,7.908297448011581e-06,0.890968918800354,10.894227,10.903006792068481
2989,109.45143485069275,0.8910577,0.8909732699394226,1.6534884707652964e-05,0.890968918800354,10.894227,10.90267300605774
2990,109.48318195343018,0.8910577,0.8909827470779419,2.932448660430964e-05,0.890968918800354,10.894227,10.90172529220581
2991,109.51553869247437,0.8910945,0.8910030126571655,3.983006899943575e-05,0.890968918800354,10.89055,10.899698734283447
2992,109.55582094192505,0.8910984,0.8910391330718994,2.9138351237634197e-05,0.8909706473350525,10.8901615,10.896086692810059
2993,109.59517669677734,0.8910986,0.8910622596740723,1.1913155503862072e-05,0.8910577297210693,10.890139,10.893774032592773
2994,109.63535761833191,0.8910986,0.8910687565803528,1.705817339825444e-05,0.8910577297210693,10.890139,10.893124341964722
2995,109.67109560966492,0.8910986,0.8910809755325317,1.8268508938490413e-05,0.8910577297210693,10.890139,10.891902446746826
2996,109.70426821708679,0.8910986,0.8910974264144897,1.8790755120789981e-06,0.8910945057868958,10.890139,10.890257358551025
2997,109.73747515678406,0.8910986,0.8910987377166748,1.1920928955078125e-07,0.8910986185073853,10.890139,10.89012622833252
2998,109.77290964126587,0.8910986,0.8910987377166748,1.1920928955078125e-07,0.8910986185073853,10.890139,10.89012622833252
2999,109.80958962440491,0.8910986,0.8910987377166748,1.1920928955078125e-07,0.8910986185073853,10.890139,10.89012622833252
3000,109.84398126602173,0.8910986,0.8910987377166748,1.1920928955078125e-07,0.8910986185073853,10.890139,10.89012622833252
3001,109.88337182998657,0.8910986,0.8910987377166748,1.1920928955078125e-07,0.8910986185073853,10.890139,10.89012622833252
3002,109.91577506065369,0.8910986,0.8910987377166748,1.1920928955078125e-07,0.8910986185073853,10.890139,10.89012622833252
3003,109.94907522201538,0.89116746,0.8910990357398987,4.3649697545333765e-06,0.8910986185073853,10.883254,10.890096426010132
3004,109.9881284236908,0.8911683,0.8911004066467285,1.0642660527082626e-05,0.8910986185073853,10.88317,10.889959335327148
3005,110.02907276153564,0.89126897,0.8911055326461792,2.3439602955477312e-05,0.8910986185073853,10.873103,10.88944673538208
3006,110.06831669807434,0.89126897,0.8911210298538208,4.52136155217886e-05,0.8910986185073853,10.873103,10.88789701461792
3007,110.1008825302124,0.89126897,0.8911527991294861,6.313672929536551e-05,0.8910986185073853,10.873103,10.884720087051392
3008,110.1332061290741,0.89126974,0.8912150859832764,4.570676537696272e-05,0.8910992741584778,10.873026,10.878491401672363
3009,110.17279505729675,0.89126974,0.8912548422813416,2.0194091121084057e-05,0.8912257552146912,10.873026,10.874515771865845
3010,110.20575642585754,0.89126974,0.8912690281867981,3.1408958989231905e-07,0.8912689685821533,10.873026,10.87309718132019
3011,110.23868036270142,0.89126974,0.8912692070007324,3.7410234199342085e-07,0.8912689685821533,10.873026,10.873079299926758
3012,110.26870584487915,0.89126974,0.8912695646286011,2.609934028896532e-07,0.8912689685821533,10.873026,10.873043537139893
3013,110.30113577842712,0.8912713,0.8912698030471802,1.1176671677048944e-07,0.8912697434425354,10.87287,10.873019695281982
3014,110.33952617645264,0.8912799,0.8912698030471802,6.614591256948188e-07,0.8912697434425354,10.872012,10.873019695281982
3015,110.37931728363037,0.8912799,0.8912700414657593,1.4973329598433338e-06,0.8912697434425354,10.872012,10.872995853424072
3016,110.41195607185364,0.8912799,0.8912706971168518,2.656125388966757e-06,0.8912697434425354,10.872012,10.87293028831482
3017,110.44442462921143,0.8912799,0.8912720084190369,3.792215466091875e-06,0.8912697434425354,10.872012,10.872799158096313
3018,110.4767792224884,0.89127994,0.8912747502326965,4.309221367293503e-06,0.8912697434425354,10.872006,10.872524976730347
3019,110.51561117172241,0.89127994,0.8912791609764099,1.428484665666474e-06,0.8912712931632996,10.872006,10.872083902359009
3020,110.54921436309814,0.89127994,0.8912799954414368,1.2123497583615972e-07,0.8912798166275024,10.872006,10.872000455856323
3021,110.5818133354187,0.89127994,0.8912799954414368,1.0233235059331491e-07,0.8912798762321472,10.872006,10.872000455856323
3022,110.61508655548096,0.89127994,0.8912800550460815,1.386533909908394e-07,0.8912798762321472,10.872006,10.871994495391846
3023,110.6471209526062,0.89127994,0.8912801146507263,1.7881393432617188e-07,0.891279935836792,10.872006,10.871988534927368
3024,110.68092560768127,0.89127994,0.8912801146507263,1.7881393432617188e-07,0.891279935836792,10.872006,10.871988534927368
3025,110.71327447891235,0.89127994,0.8912801146507263,1.7881393432617188e-07,0.891279935836792,10.872006,10.871988534927368
3026,110.74614334106445,0.89127994,0.8912801146507263,1.7881393432617188e-07,0.891279935836792,10.872006,10.871988534927368
3027,110.77969455718994,0.89127994,0.8912801146507263,1.7881393432617188e-07,0.891279935836792,10.872006,10.871988534927368
3028,110.81286025047302,0.8912803,0.8912801146507263,1.7881393432617188e-07,0.891279935836792,10.871971,10.871988534927368
3029,110.85363030433655,0.8912803,0.8912801146507263,1.7881393432617188e-07,0.891279935836792,10.871971,10.871988534927368
3030,110.88610982894897,0.8912803,0.8912801146507263,1.7881393432617188e-07,0.891279935836792,10.871971,10.871988534927368
3031,110.91755247116089,0.8912803,0.8912801146507263,1.7881393432617188e-07,0.891279935836792,10.871971,10.871988534927368
3032,110.95021891593933,0.89129555,0.8912802934646606,1.014945837596315e-06,0.891279935836792,10.870445,10.871970653533936
3033,110.98978447914124,0.89129555,0.8912803530693054,1.393130673932319e-06,0.891279935836792,10.870445,10.871964693069458
3034,111.02226090431213,0.89129555,0.8912808895111084,3.0016897198947845e-06,0.8912802934646606,10.870445,10.87191104888916
3035,111.05480980873108,0.89129585,0.8912821412086487,5.027586666983552e-06,0.8912802934646606,10.870415,10.871785879135132
3036,111.09500479698181,0.89129585,0.891284704208374,6.984489573369501e-06,0.8912802934646606,10.870415,10.871529579162598
3037,111.12733030319214,0.89140624,0.8912901878356934,1.0545621080382261e-05,0.8912802934646606,10.859376,10.870981216430664
3038,111.16716647148132,0.89141333,0.8912975788116455,1.4143696716928389e-05,0.8912955522537231,10.858667,10.87024211883545
3039,111.20717000961304,0.8914136,0.8913058638572693,3.190174902556464e-05,0.891295850276947,10.858637,10.869413614273071
3040,111.24693298339844,0.8914136,0.8913223743438721,4.788841397385113e-05,0.891295850276947,10.858637,10.867762565612793
3041,111.27838182449341,0.8914136,0.8913564085960388,5.6537184718763456e-05,0.891295850276947,10.858637,10.864359140396118
3042,111.31096744537354,0.8914136,0.8914108276367188,3.528283059495152e-06,0.891406238079071,10.858637,10.858917236328125
3043,111.34379768371582,0.8914136,0.8914136290550232,5.677348013932715e-08,0.8914133310317993,10.858637,10.85863709449768
3044,111.37640762329102,0.8914136,0.8914136290550232,0.0,0.8914136290550232,10.858637,10.85863709449768
3045,111.40896511077881,0.8914136,0.8914136290550232,0.0,0.8914136290550232,10.858637,10.85863709449768
3046,111.44111800193787,0.8914136,0.8914136290550232,0.0,0.8914136290550232,10.858637,10.85863709449768
3047,111.47380471229553,0.8914136,0.8914136290550232,0.0,0.8914136290550232,10.858637,10.85863709449768
3048,111.50625133514404,0.8914136,0.8914136290550232,0.0,0.8914136290550232,10.858637,10.85863709449768
3049,111.53874254226685,0.8914136,0.8914136290550232,0.0,0.8914136290550232,10.858637,10.85863709449768
3050,111.571932554245,0.8914136,0.8914136290550232,0.0,0.8914136290550232,10.858637,10.85863709449768
3051,111.6066586971283,0.8914136,0.8914136290550232,0.0,0.8914136290550232,10.858637,10.85863709449768
3052,111.64134454727173,0.8914136,0.8914136290550232,0.0,0.8914136290550232,10.858637,10.85863709449768
3053,111.67427635192871,0.8914136,0.8914136290550232,0.0,0.8914136290550232,10.858637,10.85863709449768
3054,111.70910286903381,0.8914136,0.8914136290550232,0.0,0.8914136290550232,10.858637,10.85863709449768
3055,111.74630737304688,0.8914136,0.8914136290550232,0.0,0.8914136290550232,10.858637,10.85863709449768
3056,111.78451204299927,0.8914136,0.8914136290550232,0.0,0.8914136290550232,10.858637,10.85863709449768
3057,111.82029747962952,0.8914136,0.8914136290550232,0.0,0.8914136290550232,10.858637,10.85863709449768
3058,111.85445046424866,0.8914136,0.8914136290550232,0.0,0.8914136290550232,10.858637,10.85863709449768
3059,111.89120888710022,0.8914136,0.8914136290550232,0.0,0.8914136290550232,10.858637,10.85863709449768
3060,111.92840027809143,0.8914136,0.8914136290550232,0.0,0.8914136290550232,10.858637,10.85863709449768
3061,111.9806478023529,0.8914136,0.8914136290550232,0.0,0.8914136290550232,10.858637,10.85863709449768
3062,112.01797199249268,0.8914136,0.8914136290550232,0.0,0.8914136290550232,10.858637,10.85863709449768
3063,112.05243682861328,0.8915252,0.8914141058921814,7.071082109177951e-06,0.8914136290550232,10.847479,10.85858941078186
3064,112.09407901763916,0.8915252,0.8914158940315247,1.558150688651949e-05,0.8914136290550232,10.847479,10.858410596847534
3065,112.12686848640442,0.8915257,0.8914212584495544,2.799163485178724e-05,0.8914136290550232,10.847431,10.857874155044556
3066,112.16689777374268,0.8915257,0.8914312720298767,4.0336453821510077e-05,0.8914136290550232,10.847431,10.856872797012329
3067,112.1998884677887,0.8915257,0.8914545178413391,5.319645788404159e-05,0.8914136290550232,10.847431,10.854548215866089
3068,112.23282480239868,0.8915257,0.8914955854415894,4.787549551110715e-05,0.8914136290550232,10.847431,10.850441455841064
3069,112.2666187286377,0.8915257,0.8915254473686218,2.384185791015625e-07,0.8915252089500427,10.847431,10.847455263137817
3070,112.29962134361267,0.8915332,0.8915255069732666,5.19841762525175e-07,0.8915256857872009,10.846681,10.84744930267334
3071,112.33835673332214,0.8915332,0.8915255665779114,6.953508773221984e-07,0.8915256857872009,10.846681,10.847443342208862
3072,112.37108635902405,0.8915332,0.8915256857872009,1.1681548812703113e-06,0.8915256857872009,10.846681,10.847431421279907
3073,112.40446901321411,0.8915332,0.8915261626243591,2.143709934898652e-06,0.8915256857872009,10.846681,10.847383737564087
3074,112.43670105934143,0.8915332,0.8915271162986755,3.0517328468704363e-06,0.8915256857872009,10.846681,10.847288370132446
3075,112.46856760978699,0.8915332,0.891528844833374,3.7256470477586845e-06,0.8915256857872009,10.846681,10.847115516662598
3076,112.50085258483887,0.8915332,0.8915324807167053,2.0296058664825978e-06,0.8915256857872009,10.846681,10.846751928329468
3077,112.5339252948761,0.89158404,0.8915332555770874,3.225282398489071e-06,0.8915331959724426,10.841597,10.84667444229126
3078,112.57440161705017,0.8916502,0.891534149646759,9.236102414433844e-06,0.8915331959724426,10.83498,10.846585035324097
3079,112.6163158416748,0.8916502,0.8915374279022217,1.8897235349868424e-05,0.8915331959724426,10.83498,10.846257209777832
3080,112.64794778823853,0.89166266,0.891547679901123,3.541630940162577e-05,0.8915331959724426,10.8337345,10.845232009887695
3081,112.69197177886963,0.89166266,0.8915666937828064,4.936300319968723e-05,0.8915331959724426,10.8337345,10.84333062171936
3082,112.72475910186768,0.8916716,0.8916058540344238,5.077603054814972e-05,0.8915331959724426,10.83284,10.839414596557617
3083,112.76462006568909,0.8916716,0.891653835773468,5.863820661033969e-06,0.8916501998901367,10.83284,10.834616422653198
3084,112.79881882667542,0.8916716,0.8916577100753784,6.558867880812613e-06,0.8916501998901367,10.83284,10.834228992462158
3085,112.83237791061401,0.8916716,0.8916636109352112,2.679777935554739e-06,0.8916626572608948,10.83284,10.833638906478882
3086,112.86618089675903,0.8916716,0.8916648030281067,3.7029194572824053e-06,0.8916626572608948,10.83284,10.833519697189331
3087,112.89938259124756,0.8916716,0.8916672468185425,4.2554047468001954e-06,0.8916630148887634,10.83284,10.833275318145752
3088,112.93155026435852,0.8916716,0.8916714787483215,1.425254367859452e-07,0.8916712403297424,10.83284,10.832852125167847
3089,112.96547293663025,0.8916716,0.8916714787483215,1.1920928955078125e-07,0.8916715979576111,10.83284,10.832852125167847
3090,112.99755024909973,0.8916716,0.8916714787483215,1.1920928955078125e-07,0.8916715979576111,10.83284,10.832852125167847
3091,113.03065347671509,0.8916716,0.8916714787483215,1.1920928955078125e-07,0.8916715979576111,10.83284,10.832852125167847
3092,113.0626130104065,0.8916716,0.8916714787483215,1.1920928955078125e-07,0.8916715979576111,10.83284,10.832852125167847
3093,113.09528517723083,0.8916716,0.8916714787483215,1.1920928955078125e-07,0.8916715979576111,10.83284,10.832852125167847
3094,113.12724757194519,0.8916716,0.8916714787483215,1.1920928955078125e-07,0.8916715979576111,10.83284,10.832852125167847
3095,113.15972208976746,0.8917152,0.8916715979576111,2.7705457341653528e-06,0.8916715979576111,10.828477,10.832840204238892
3096,113.20001077651978,0.8917163,0.8916723132133484,6.195545211085118e-06,0.8916715979576111,10.82837,10.832768678665161
3097,113.2403085231781,0.8917163,0.8916741013526917,1.0556399502092972e-05,0.8916715979576111,10.82837,10.832589864730835
3098,113.27298641204834,0.8917163,0.8916789293289185,1.6586922356509604e-05,0.8916715979576111,10.82837,10.832107067108154
3099,113.30507349967957,0.8917163,0.8916882872581482,2.158758979931008e-05,0.8916715979576111,10.82837,10.83117127418518
3100,113.33776116371155,0.89172065,0.891706645488739,1.8204926163889468e-05,0.8916715979576111,10.827934,10.829335451126099
3101,113.37710690498352,0.89172065,0.8917162418365479,4.887211275672598e-07,0.8917163014411926,10.827934,10.828375816345215
3102,113.41037011146545,0.8917295,0.891716480255127,1.3883976635042927e-06,0.8917163014411926,10.827053,10.828351974487305
3103,113.45034337043762,0.8917295,0.8917173147201538,3.047269046874135e-06,0.8917163014411926,10.827053,10.82826852798462
3104,113.48249530792236,0.8917295,0.8917192220687866,4.614420049620094e-06,0.8917163014411926,10.827053,10.828077793121338
3105,113.51511478424072,0.8917295,0.8917227983474731,5.026639882999007e-06,0.8917163014411926,10.827053,10.827720165252686
3106,113.5485908985138,0.8917295,0.8917274475097656,2.373108827669057e-06,0.8917216658592224,10.827053,10.827255249023438
3107,113.58073282241821,0.8917295,0.8917292356491089,3.175708229719021e-07,0.8917287588119507,10.827053,10.827076435089111
3108,113.61288666725159,0.8917295,0.8917294144630432,5.960464477539063e-08,0.891729474067688,10.827053,10.827058553695679
3109,113.6468780040741,0.8917295,0.8917294144630432,5.960464477539063e-08,0.891729474067688,10.827053,10.827058553695679
3110,113.68006443977356,0.8917295,0.8917294144630432,5.960464477539063e-08,0.891729474067688,10.827053,10.827058553695679
3111,113.71267247200012,0.8917295,0.8917294144630432,5.960464477539063e-08,0.891729474067688,10.827053,10.827058553695679
3112,113.74489760398865,0.8917295,0.8917294144630432,5.960464477539063e-08,0.891729474067688,10.827053,10.827058553695679
3113,113.77912259101868,0.8917295,0.8917294144630432,5.960464477539063e-08,0.891729474067688,10.827053,10.827058553695679
3114,113.81419157981873,0.8917295,0.8917294144630432,5.960464477539063e-08,0.891729474067688,10.827053,10.827058553695679
3115,113.84596180915833,0.8917295,0.8917294144630432,5.960464477539063e-08,0.891729474067688,10.827053,10.827058553695679
3116,113.87862348556519,0.8917295,0.8917294144630432,5.960464477539063e-08,0.891729474067688,10.827053,10.827058553695679
3117,113.91053032875061,0.8917295,0.8917294144630432,5.960464477539063e-08,0.891729474067688,10.827053,10.827058553695679
3118,113.94338870048523,0.8917295,0.8917294144630432,5.960464477539063e-08,0.891729474067688,10.827053,10.827058553695679
3119,113.97909569740295,0.8917295,0.8917294144630432,5.960464477539063e-08,0.891729474067688,10.827053,10.827058553695679
3120,114.01234030723572,0.8917295,0.8917294144630432,5.960464477539063e-08,0.891729474067688,10.827053,10.827058553695679
3121,114.04696774482727,0.8917295,0.8917294144630432,5.960464477539063e-08,0.891729474067688,10.827053,10.827058553695679
3122,114.07877230644226,0.8917295,0.8917294144630432,5.960464477539063e-08,0.891729474067688,10.827053,10.827058553695679
3123,114.11112141609192,0.8917295,0.8917294144630432,5.960464477539063e-08,0.891729474067688,10.827053,10.827058553695679
3124,114.14473986625671,0.8917295,0.8917294144630432,5.960464477539063e-08,0.891729474067688,10.827053,10.827058553695679
3125,114.17841672897339,0.8917295,0.8917294144630432,5.960464477539063e-08,0.891729474067688,10.827053,10.827058553695679
3126,114.21080541610718,0.8918853,0.8917300701141357,9.934978152159601e-06,0.891729474067688,10.811472,10.826992988586426
3127,114.2508499622345,0.8918853,0.8917327523231506,1.8432210708851926e-05,0.891729474067688,10.811472,10.826724767684937
3128,114.28377556800842,0.8918853,0.8917421698570251,3.432049561524764e-05,0.891729474067688,10.811472,10.825783014297485
3129,114.31688785552979,0.8918853,0.8917590379714966,4.773088585352525e-05,0.891729474067688,10.811472,10.824096202850342
3130,114.34955787658691,0.8918857,0.8917931914329529,5.412340760813095e-05,0.891729474067688,10.81143,10.820680856704712
3131,114.38954281806946,0.8918908,0.8918444514274597,2.4272198061225936e-05,0.8918184041976929,10.810918,10.815554857254028
3132,114.42967629432678,0.89190865,0.8918643593788147,1.9198801965103485e-05,0.8918445110321045,10.809135,10.81356406211853
3133,114.46861338615417,0.89193165,0.8918834924697876,1.0154146366403438e-05,0.8918595910072327,10.806835,10.81165075302124
3134,114.5088038444519,0.89193213,0.8918911218643188,1.2424547094269656e-05,0.8918852806091309,10.8067875,10.810887813568115
3135,114.55020070075989,0.89193213,0.8919003009796143,1.8526821804698557e-05,0.8918856978416443,10.8067875,10.809969902038574
3136,114.58244442939758,0.89193213,0.8919162154197693,1.849428917921614e-05,0.891890823841095,10.8067875,10.808378458023071
3137,114.6148693561554,0.89193213,0.8919320106506348,2.1729405830228643e-07,0.8919316530227661,10.8067875,10.806798934936523
3138,114.64753293991089,0.89193213,0.8919321894645691,5.960464477539063e-08,0.8919321298599243,10.8067875,10.80678105354309
3139,114.6802830696106,0.89193213,0.8919321894645691,5.960464477539063e-08,0.8919321298599243,10.8067875,10.80678105354309
3140,114.71237349510193,0.89193213,0.8919321894645691,5.960464477539063e-08,0.8919321298599243,10.8067875,10.80678105354309
3141,114.74511766433716,0.89193213,0.8919321894645691,5.960464477539063e-08,0.8919321298599243,10.8067875,10.80678105354309
3142,114.77882838249207,0.89193213,0.8919321894645691,5.960464477539063e-08,0.8919321298599243,10.8067875,10.80678105354309
3143,114.81313705444336,0.8919605,0.8919323086738586,1.799129222490592e-06,0.8919321298599243,10.803949,10.806769132614136
3144,114.85422611236572,0.891977,0.8919329047203064,4.649861693906132e-06,0.8919321298599243,10.802299,10.80670952796936
3145,114.89481568336487,0.89197755,0.8919352293014526,9.830787348619197e-06,0.8919321298599243,10.802245,10.806477069854736
3146,114.93406105041504,0.89197755,0.8919404745101929,1.6007412341423333e-05,0.8919321298599243,10.802245,10.805952548980713
3147,114.96637272834778,0.89197755,0.8919508457183838,2.0148614567006007e-05,0.8919321298599243,10.802245,10.804915428161621
3148,114.99963450431824,0.8920707,0.8919711112976074,1.1178390195709653e-05,0.8919321298599243,10.792929,10.802888870239258
3149,115.03921723365784,0.89207375,0.8919785022735596,1.0323743481421843e-05,0.8919770121574402,10.792625,10.802149772644043
3150,115.07893705368042,0.89211965,0.891984224319458,2.5515932065900415e-05,0.8919775485992432,10.788035,10.8015775680542
3151,115.11779999732971,0.89211965,0.8919975757598877,4.2944895540131256e-05,0.8919775485992432,10.788035,10.80024242401123
3152,115.15022253990173,0.89211965,0.892023503780365,5.7312117860419676e-05,0.8919775485992432,10.788035,10.797649621963501
3153,115.18370079994202,0.89211965,0.8920732736587524,4.7724501200718805e-05,0.8919775485992432,10.788035,10.792672634124756
3154,115.21525430679321,0.89211965,0.8921087384223938,1.8495817130315118e-05,0.8920738101005554,10.788035,10.78912615776062
3155,115.24899673461914,0.89211965,0.8921194672584534,2.3819315231321525e-07,0.8921191692352295,10.788035,10.788053274154663
3156,115.28153347969055,0.89211965,0.8921195268630981,1.1920928955078125e-07,0.8921196460723877,10.788035,10.788047313690186
3157,115.3134982585907,0.89211965,0.8921195268630981,1.1920928955078125e-07,0.8921196460723877,10.788035,10.788047313690186
3158,115.34603548049927,0.89211965,0.8921195268630981,1.1920928955078125e-07,0.8921196460723877,10.788035,10.788047313690186
3159,115.37934279441833,0.89211965,0.8921195268630981,1.1920928955078125e-07,0.8921196460723877,10.788035,10.788047313690186
3160,115.41210198402405,0.89211965,0.8921195268630981,1.1920928955078125e-07,0.8921196460723877,10.788035,10.788047313690186
3161,115.44565439224243,0.89211965,0.8921195268630981,1.1920928955078125e-07,0.8921196460723877,10.788035,10.788047313690186
3162,115.47838521003723,0.89211965,0.8921195268630981,1.1920928955078125e-07,0.8921196460723877,10.788035,10.788047313690186
3163,115.51011204719543,0.89211965,0.8921195268630981,1.1920928955078125e-07,0.8921196460723877,10.788035,10.788047313690186
3164,115.54429578781128,0.89211965,0.8921195268630981,1.1920928955078125e-07,0.8921196460723877,10.788035,10.788047313690186
3165,115.58114433288574,0.89211965,0.8921195268630981,1.1920928955078125e-07,0.8921196460723877,10.788035,10.788047313690186
3166,115.61687397956848,0.89211965,0.8921195268630981,1.1920928955078125e-07,0.8921196460723877,10.788035,10.788047313690186
3167,115.65016913414001,0.89211965,0.8921195268630981,1.1920928955078125e-07,0.8921196460723877,10.788035,10.788047313690186
3168,115.68294215202332,0.89211965,0.8921195268630981,1.1920928955078125e-07,0.8921196460723877,10.788035,10.788047313690186
3169,115.71513199806213,0.89211965,0.8921195268630981,1.1920928955078125e-07,0.8921196460723877,10.788035,10.788047313690186
3170,115.74903869628906,0.89211965,0.8921195268630981,1.1920928955078125e-07,0.8921196460723877,10.788035,10.788047313690186
3171,115.78267359733582,0.89211965,0.8921195268630981,1.1920928955078125e-07,0.8921196460723877,10.788035,10.788047313690186
3172,115.81476354598999,0.89211965,0.8921195268630981,1.1920928955078125e-07,0.8921196460723877,10.788035,10.788047313690186
3173,115.84763526916504,0.89211965,0.8921195268630981,1.1920928955078125e-07,0.8921196460723877,10.788035,10.788047313690186
3174,115.8799352645874,0.89211965,0.8921195268630981,1.1920928955078125e-07,0.8921196460723877,10.788035,10.788047313690186
3175,115.9133288860321,0.89211965,0.8921195268630981,1.1920928955078125e-07,0.8921196460723877,10.788035,10.788047313690186
3176,115.94540691375732,0.89211965,0.8921195268630981,1.1920928955078125e-07,0.8921196460723877,10.788035,10.788047313690186
3177,115.9791419506073,0.89211965,0.8921195268630981,1.1920928955078125e-07,0.8921196460723877,10.788035,10.788047313690186
3178,116.01036596298218,0.89211965,0.8921195268630981,1.1920928955078125e-07,0.8921196460723877,10.788035,10.788047313690186
3179,116.04255390167236,0.89211965,0.8921195268630981,1.1920928955078125e-07,0.8921196460723877,10.788035,10.788047313690186
3180,116.0744400024414,0.89211965,0.8921195268630981,1.1920928955078125e-07,0.8921196460723877,10.788035,10.788047313690186
3181,116.10831069946289,0.89211977,0.8921195268630981,1.1992814563654974e-07,0.8921196460723877,10.788023,10.788047313690186
3182,116.1517231464386,0.89211977,0.8921195268630981,1.2205931909647916e-07,0.8921196460723877,10.788023,10.788047313690186
3183,116.1851646900177,0.89211977,0.8921195268630981,1.3089403694266366e-07,0.8921196460723877,10.788023,10.788047313690186
3184,116.21865653991699,0.89211977,0.8921195268630981,1.4727099539868505e-07,0.8921196460723877,10.788023,10.788047313690186
3185,116.25087308883667,0.89211977,0.8921195864677429,1.2016680273063685e-07,0.8921196460723877,10.788023,10.788041353225708
3186,116.28398823738098,0.89211977,0.8921196460723877,1.0772010483606209e-07,0.8921196460723877,10.788023,10.78803539276123
3187,116.31670308113098,0.89211977,0.8921196460723877,1.1920928955078125e-07,0.8921197652816772,10.788023,10.78803539276123
3188,116.34890031814575,0.89211977,0.8921196460723877,1.1920928955078125e-07,0.8921197652816772,10.788023,10.78803539276123
3189,116.3814377784729,0.89211977,0.8921196460723877,1.1920928955078125e-07,0.8921197652816772,10.788023,10.78803539276123
3190,116.41351890563965,0.89211977,0.8921196460723877,1.1920928955078125e-07,0.8921197652816772,10.788023,10.78803539276123
3191,116.44535946846008,0.89211977,0.8921196460723877,1.1920928955078125e-07,0.8921197652816772,10.788023,10.78803539276123
3192,116.47772884368896,0.89211977,0.8921196460723877,1.1920928955078125e-07,0.8921197652816772,10.788023,10.78803539276123
3193,116.5095489025116,0.89211977,0.8921196460723877,1.1920928955078125e-07,0.8921197652816772,10.788023,10.78803539276123
3194,116.54124927520752,0.89211977,0.8921196460723877,1.1920928955078125e-07,0.8921197652816772,10.788023,10.78803539276123
3195,116.57297706604004,0.89211977,0.8921196460723877,1.1920928955078125e-07,0.8921197652816772,10.788023,10.78803539276123
3196,116.60573029518127,0.89211977,0.8921196460723877,1.1920928955078125e-07,0.8921197652816772,10.788023,10.78803539276123
3197,116.63798451423645,0.89211977,0.8921196460723877,1.1920928955078125e-07,0.8921197652816772,10.788023,10.78803539276123
3198,116.67041850090027,0.89211977,0.8921196460723877,1.1920928955078125e-07,0.8921197652816772,10.788023,10.78803539276123
3199,116.70275974273682,0.89211977,0.8921196460723877,1.1920928955078125e-07,0.8921197652816772,10.788023,10.78803539276123
3200,116.73566627502441,0.89211977,0.8921196460723877,1.1920928955078125e-07,0.8921197652816772,10.788023,10.78803539276123
3201,116.7706229686737,0.89211977,0.8921196460723877,1.1920928955078125e-07,0.8921197652816772,10.788023,10.78803539276123
3202,116.8037657737732,0.89211977,0.8921196460723877,1.1920928955078125e-07,0.8921197652816772,10.788023,10.78803539276123
3203,116.836599111557,0.89211977,0.8921196460723877,1.1920928955078125e-07,0.8921197652816772,10.788023,10.78803539276123
3204,116.86945986747742,0.89211977,0.8921196460723877,1.1920928955078125e-07,0.8921197652816772,10.788023,10.78803539276123
3205,116.90269541740417,0.89211977,0.8921196460723877,1.1920928955078125e-07,0.8921197652816772,10.788023,10.78803539276123
3206,116.93628215789795,0.89211977,0.8921196460723877,1.1920928955078125e-07,0.8921197652816772,10.788023,10.78803539276123
3207,116.96924233436584,0.89211977,0.8921196460723877,1.1920928955078125e-07,0.8921197652816772,10.788023,10.78803539276123
3208,117.00112533569336,0.89211977,0.8921196460723877,1.1920928955078125e-07,0.8921197652816772,10.788023,10.78803539276123
3209,117.03496408462524,0.89211977,0.8921196460723877,1.1920928955078125e-07,0.8921197652816772,10.788023,10.78803539276123
3210,117.06753063201904,0.89211977,0.8921196460723877,1.1920928955078125e-07,0.8921197652816772,10.788023,10.78803539276123
3211,117.10000014305115,0.89211977,0.8921196460723877,1.1920928955078125e-07,0.8921197652816772,10.788023,10.78803539276123
3212,117.13214540481567,0.8921302,0.8921197056770325,6.687927793791459e-07,0.8921197652816772,10.786981,10.788029432296753
3213,117.17168021202087,0.8921302,0.8921197652816772,1.0467554147908231e-06,0.8921197652816772,10.786981,10.788023471832275
3214,117.2047688961029,0.8921302,0.8921201229095459,1.859591293396079e-06,0.8921197652816772,10.786981,10.78798770904541
3215,117.23937439918518,0.8921302,0.8921210765838623,3.1801359909877647e-06,0.8921197652816772,10.786981,10.78789234161377
3216,117.27401661872864,0.8921329,0.8921230435371399,4.231420916767092e-06,0.8921197652816772,10.786713,10.78769564628601
3217,117.31691408157349,0.8921329,0.8921270966529846,3.4059535209962633e-06,0.8921197652816772,10.786713,10.787290334701538
3218,117.35071969032288,0.8921329,0.8921301960945129,1.8380799247097457e-06,0.8921272158622742,10.786713,10.786980390548706
3219,117.38248610496521,0.8921329,0.8921316266059875,1.327771315118298e-06,0.8921301960945129,10.786713,10.786837339401245
3220,117.41535782814026,0.8921329,0.8921328186988831,5.960464477539063e-08,0.8921328783035278,10.786713,10.786718130111694
3221,117.44710803031921,0.8921329,0.8921328186988831,5.960464477539063e-08,0.8921328783035278,10.786713,10.786718130111694
3222,117.48064684867859,0.89216685,0.8921329379081726,2.154428784706397e-06,0.8921328783035278,10.783315,10.78670620918274
3223,117.5201268196106,0.89226335,0.8921343088150024,1.2446877008187585e-05,0.8921328783035278,10.773664,10.786569118499756
3224,117.56080174446106,0.89226335,0.8921387195587158,2.3497925212723203e-05,0.8921328783035278,10.773664,10.786128044128418
3225,117.59279870986938,0.89226335,0.892152726650238,4.198328315396793e-05,0.8921328783035278,10.773664,10.784727334976196
3226,117.62541460990906,0.89226335,0.8921797275543213,5.3812822443433106e-05,0.8921328783035278,10.773664,10.782027244567871
3227,117.65836811065674,0.8922648,0.8922290802001953,3.505455970298499e-05,0.8921668529510498,10.773521,10.777091979980469
3228,117.69761514663696,0.8922648,0.892262876033783,1.0047284604297602e-06,0.8922609090805054,10.773521,10.773712396621704
3229,117.73085522651672,0.8922648,0.8922635316848755,4.954604264639784e-07,0.8922633528709412,10.773521,10.773646831512451
3230,117.76462626457214,0.8922648,0.8922637701034546,6.611341518691916e-07,0.8922633528709412,10.773521,10.773622989654541
3231,117.80002427101135,0.8922903,0.8922642469406128,1.792236503206368e-06,0.8922633528709412,10.77097,10.77357530593872
3232,117.84170866012573,0.8923508,0.8922653794288635,6.469169420597609e-06,0.8922647833824158,10.764921,10.773462057113647
3233,117.8818712234497,0.8923703,0.8922685384750366,1.5085520317370538e-05,0.8922647833824158,10.762972,10.773146152496338
3234,117.92166757583618,0.8923703,0.8922768831253052,2.6887919375440106e-05,0.8922647833824158,10.762972,10.772311687469482
3235,117.98117327690125,0.8923181,0.8889354467391968,0.0028254250064492226,0.8825417160987854,10.768187,11.106455326080322
3236,118.02096939086914,0.8923181,0.8913575410842896,0.000786024029366672,0.8896845579147339,10.768187,10.864245891571045
3237,118.05341601371765,0.8923265,0.8920189738273621,0.00021337428188417107,0.891575813293457,10.767353,10.798102617263794
3238,118.09314346313477,0.8924006,0.8922175168991089,7.873388676671311e-05,0.8920724987983704,10.759937,10.778248310089111
3239,118.13316774368286,0.89240897,0.892294704914093,4.5070901251165196e-05,0.8922244310379028,10.759104,10.770529508590698
3240,118.17472314834595,0.89240897,0.8923377394676208,3.247170025133528e-05,0.8923163414001465,10.759104,10.766226053237915
3241,118.20878291130066,0.89248383,0.8923641443252563,3.849084168905392e-05,0.8923181295394897,10.751617,10.763585567474365
3242,118.25133633613586,0.89248383,0.8924044966697693,1.8831609850167297e-05,0.8923746347427368,10.751617,10.759550333023071
3243,118.28520131111145,0.8924922,0.8924160599708557,2.8905975341331214e-05,0.8924006223678589,10.750782,10.758394002914429
3244,118.32559704780579,0.8924922,0.892437219619751,3.683436079882085e-05,0.8924006223678589,10.750782,10.756278038024902
3245,118.35965728759766,0.8924922,0.8924719095230103,2.7189165848540142e-05,0.8924089670181274,10.750782,10.752809047698975
3246,118.39252424240112,0.8924922,0.8924881815910339,4.166635335423052e-06,0.8924838304519653,10.750782,10.751181840896606
3247,118.4257824420929,0.8924922,0.8924922347068787,5.960464477539063e-08,0.8924921751022339,10.750782,10.750776529312134
3248,118.45682573318481,0.8924922,0.8924922347068787,5.960464477539063e-08,0.8924921751022339,10.750782,10.750776529312134
3249,118.48887586593628,0.8924922,0.8924922347068787,5.960464477539063e-08,0.8924921751022339,10.750782,10.750776529312134
3250,118.5225977897644,0.8924922,0.8924922347068787,5.960464477539063e-08,0.8924921751022339,10.750782,10.750776529312134
3251,118.55710792541504,0.8924922,0.8924922347068787,5.960464477539063e-08,0.8924921751022339,10.750782,10.750776529312134
3252,118.58903121948242,0.8924922,0.8924922347068787,5.960464477539063e-08,0.8924921751022339,10.750782,10.750776529312134
3253,118.62217926979065,0.8924922,0.8924922347068787,5.960464477539063e-08,0.8924921751022339,10.750782,10.750776529312134
3254,118.65505981445312,0.8924922,0.8924922347068787,5.960464477539063e-08,0.8924921751022339,10.750782,10.750776529312134
3255,118.68712210655212,0.8925098,0.8924922943115234,1.119101852964377e-06,0.8924921751022339,10.749018,10.750770568847656
3256,118.72563290596008,0.8925098,0.8924925923347473,2.2928738871996757e-06,0.8924921751022339,10.749018,10.750740766525269
3257,118.75663208961487,0.8925098,0.892493724822998,4.472986347536789e-06,0.8924921751022339,10.749018,10.750627517700195
3258,118.79145359992981,0.8925098,0.8924959301948547,6.372056304826401e-06,0.8924921751022339,10.749018,10.750406980514526
3259,118.82600378990173,0.8925098,0.892500102519989,7.292992904694984e-06,0.8924921751022339,10.749018,10.749989748001099
3260,118.85996723175049,0.8925098,0.8925071954727173,2.921282430179417e-06,0.8924986720085144,10.749018,10.749280452728271
3261,118.89320731163025,0.8925098,0.8925095796585083,6.908399541316612e-07,0.8925072550773621,10.749018,10.74904203414917
3262,118.92697858810425,0.8925098,0.8925096988677979,1.1920928955078125e-07,0.8925098180770874,10.749018,10.749030113220215
3263,118.95891547203064,0.8925098,0.8925096988677979,1.1920928955078125e-07,0.8925098180770874,10.749018,10.749030113220215
3264,118.99181866645813,0.8925098,0.8925096988677979,1.1920928955078125e-07,0.8925098180770874,10.749018,10.749030113220215
3265,119.02383422851562,0.8925098,0.8925096988677979,1.1920928955078125e-07,0.8925098180770874,10.749018,10.749030113220215
3266,119.05900979042053,0.8925098,0.8925096988677979,1.1920928955078125e-07,0.8925098180770874,10.749018,10.749030113220215
3267,119.09052395820618,0.8925098,0.8925096988677979,1.1920928955078125e-07,0.8925098180770874,10.749018,10.749030113220215
3268,119.12109327316284,0.8925098,0.8925096988677979,1.1920928955078125e-07,0.8925098180770874,10.749018,10.749030113220215
3269,119.15339970588684,0.8925098,0.8925096988677979,1.1920928955078125e-07,0.8925098180770874,10.749018,10.749030113220215
3270,119.18586492538452,0.8925098,0.8925096988677979,1.1920928955078125e-07,0.8925098180770874,10.749018,10.749030113220215
3271,119.21765422821045,0.8925098,0.8925096988677979,1.1920928955078125e-07,0.8925098180770874,10.749018,10.749030113220215
3272,119.25177192687988,0.8925098,0.8925096988677979,1.1920928955078125e-07,0.8925098180770874,10.749018,10.749030113220215
3273,119.28427457809448,0.8925098,0.8925096988677979,1.1920928955078125e-07,0.8925098180770874,10.749018,10.749030113220215
3274,119.31692290306091,0.8925098,0.8925096988677979,1.1920928955078125e-07,0.8925098180770874,10.749018,10.749030113220215
3275,119.34867715835571,0.8925213,0.8925097584724426,7.366758723037492e-07,0.8925098180770874,10.747868,10.749024152755737
3276,119.38873267173767,0.8925549,0.8925099968910217,3.115376330242725e-06,0.8925098180770874,10.744513,10.749000310897827
3277,119.42845392227173,0.8925549,0.8925111889839172,7.2052253017318435e-06,0.8925098180770874,10.744513,10.748881101608276
3278,119.46140956878662,0.89255756,0.8925148844718933,1.3754693100054283e-05,0.8925098180770874,10.744244,10.748511552810669
3279,119.49978137016296,0.89255756,0.8925229907035828,1.997499020944815e-05,0.8925098180770874,10.744244,10.747700929641724
3280,119.53339052200317,0.89255756,0.8925384879112244,2.1182879208936356e-05,0.8925098180770874,10.744244,10.746151208877563
3281,119.5653862953186,0.89255756,0.8925564289093018,1.3244198271422647e-06,0.8925548791885376,10.744244,10.744357109069824
3282,119.59726858139038,0.89255756,0.8925573825836182,1.7881393432617188e-07,0.8925575613975525,10.744244,10.744261741638184
3283,119.62885546684265,0.89255756,0.8925573825836182,1.7881393432617188e-07,0.8925575613975525,10.744244,10.744261741638184
3284,119.66204595565796,0.89255756,0.8925573825836182,1.7881393432617188e-07,0.8925575613975525,10.744244,10.744261741638184
3285,119.70247983932495,0.89255756,0.8925573825836182,1.7881393432617188e-07,0.8925575613975525,10.744244,10.744261741638184
3286,119.73658537864685,0.89255756,0.8925573825836182,1.7881393432617188e-07,0.8925575613975525,10.744244,10.744261741638184
3287,119.76986956596375,0.89255756,0.8925573825836182,1.7881393432617188e-07,0.8925575613975525,10.744244,10.744261741638184
3288,119.80532193183899,0.89255756,0.8925573825836182,1.7881393432617188e-07,0.8925575613975525,10.744244,10.744261741638184
3289,119.83927035331726,0.89255756,0.8925573825836182,1.7881393432617188e-07,0.8925575613975525,10.744244,10.744261741638184
3290,119.87223815917969,0.89255756,0.8925573825836182,1.7881393432617188e-07,0.8925575613975525,10.744244,10.744261741638184
3291,119.90439796447754,0.89255756,0.8925573825836182,1.7881393432617188e-07,0.8925575613975525,10.744244,10.744261741638184
3292,119.93775963783264,0.89255756,0.8925573825836182,1.7881393432617188e-07,0.8925575613975525,10.744244,10.744261741638184
3293,119.97169137001038,0.89255756,0.8925573825836182,1.7881393432617188e-07,0.8925575613975525,10.744244,10.744261741638184
3294,120.00397396087646,0.89255756,0.8925573825836182,1.7881393432617188e-07,0.8925575613975525,10.744244,10.744261741638184
3295,120.03747701644897,0.89255756,0.8925573825836182,1.7881393432617188e-07,0.8925575613975525,10.744244,10.744261741638184
3296,120.06954169273376,0.89255756,0.8925573825836182,1.7881393432617188e-07,0.8925575613975525,10.744244,10.744261741638184
3297,120.10201334953308,0.89255756,0.8925573825836182,1.7881393432617188e-07,0.8925575613975525,10.744244,10.744261741638184
3298,120.13446497917175,0.89255756,0.8925573825836182,1.7881393432617188e-07,0.8925575613975525,10.744244,10.744261741638184
3299,120.16620922088623,0.89255756,0.8925573825836182,1.7881393432617188e-07,0.8925575613975525,10.744244,10.744261741638184
3300,120.19879174232483,0.89255756,0.8925573825836182,1.7881393432617188e-07,0.8925575613975525,10.744244,10.744261741638184
3301,120.23072385787964,0.89255756,0.8925573825836182,1.7881393432617188e-07,0.8925575613975525,10.744244,10.744261741638184
3302,120.26300382614136,0.89255756,0.8925573825836182,1.7881393432617188e-07,0.8925575613975525,10.744244,10.744261741638184
3303,120.2962896823883,0.89255756,0.8925573825836182,1.7881393432617188e-07,0.8925575613975525,10.744244,10.744261741638184
3304,120.32945513725281,0.89255756,0.8925573825836182,1.7881393432617188e-07,0.8925575613975525,10.744244,10.744261741638184
3305,120.3655424118042,0.89255756,0.8925573825836182,1.7881393432617188e-07,0.8925575613975525,10.744244,10.744261741638184
3306,120.39760041236877,0.89255756,0.8925573825836182,1.7881393432617188e-07,0.8925575613975525,10.744244,10.744261741638184
3307,120.4305100440979,0.89255756,0.8925573825836182,1.7881393432617188e-07,0.8925575613975525,10.744244,10.744261741638184
3308,120.46379041671753,0.89255756,0.8925573825836182,1.7881393432617188e-07,0.8925575613975525,10.744244,10.744261741638184
3309,120.49732732772827,0.89255756,0.8925573825836182,1.7881393432617188e-07,0.8925575613975525,10.744244,10.744261741638184
3310,120.53015804290771,0.89255756,0.8925573825836182,1.7881393432617188e-07,0.8925575613975525,10.744244,10.744261741638184
3311,120.5622251033783,0.89255756,0.8925573825836182,1.7881393432617188e-07,0.8925575613975525,10.744244,10.744261741638184
3312,120.59478330612183,0.89255756,0.8925573825836182,1.7881393432617188e-07,0.8925575613975525,10.744244,10.744261741638184
3313,120.62650418281555,0.89255756,0.8925573825836182,1.7881393432617188e-07,0.8925575613975525,10.744244,10.744261741638184
3314,120.65828943252563,0.89255756,0.8925573825836182,1.7881393432617188e-07,0.8925575613975525,10.744244,10.744261741638184
3315,120.69038391113281,0.89255756,0.8925573825836182,1.7881393432617188e-07,0.8925575613975525,10.744244,10.744261741638184
3316,120.72208189964294,0.89255756,0.8925573825836182,1.7881393432617188e-07,0.8925575613975525,10.744244,10.744261741638184
3317,120.75438261032104,0.89255756,0.8925573825836182,1.7881393432617188e-07,0.8925575613975525,10.744244,10.744261741638184
3318,120.78670120239258,0.89255756,0.8925573825836182,1.7881393432617188e-07,0.8925575613975525,10.744244,10.744261741638184
3319,120.81934714317322,0.89255756,0.8925573825836182,1.7881393432617188e-07,0.8925575613975525,10.744244,10.744261741638184
3320,120.85166382789612,0.89255756,0.8925573825836182,1.7881393432617188e-07,0.8925575613975525,10.744244,10.744261741638184
3321,120.88434863090515,0.89255756,0.8925573825836182,1.7881393432617188e-07,0.8925575613975525,10.744244,10.744261741638184
3322,120.91694974899292,0.89255756,0.8925573825836182,1.7881393432617188e-07,0.8925575613975525,10.744244,10.744261741638184
3323,120.9495153427124,0.89255756,0.8925573825836182,1.7881393432617188e-07,0.8925575613975525,10.744244,10.744261741638184
3324,120.98267197608948,0.89255756,0.8925573825836182,1.7881393432617188e-07,0.8925575613975525,10.744244,10.744261741638184
3325,121.01517176628113,0.89255756,0.8925573825836182,1.7881393432617188e-07,0.8925575613975525,10.744244,10.744261741638184
3326,121.04804921150208,0.89256454,0.8925574421882629,4.658501495669043e-07,0.8925575613975525,10.7435465,10.744255781173706
3327,121.08917427062988,0.89256454,0.8925574421882629,7.890674282862165e-07,0.8925575613975525,10.7435465,10.744255781173706
3328,121.12102341651917,0.89256454,0.892557680606842,1.3460996797221014e-06,0.8925575613975525,10.7435465,10.744231939315796
3329,121.15407299995422,0.89257324,0.8925584554672241,2.9463340069924016e-06,0.8925575613975525,10.742676,10.744154453277588
3330,121.19436717033386,0.89257413,0.8925604224205017,4.8751476242614444e-06,0.8925575613975525,10.742587,10.743957757949829
3331,121.23255252838135,0.89257413,0.8925645351409912,5.834942385263275e-06,0.8925575613975525,10.742587,10.743546485900879
3332,121.26578426361084,0.89257413,0.8925699591636658,3.628907734309905e-06,0.8925645351409912,10.742587,10.743004083633423
3333,121.29870176315308,0.89258534,0.8925734758377075,9.276438390770636e-07,0.8925719857215881,10.7414665,10.742652416229248
3334,121.33942413330078,0.89258534,0.8925739526748657,1.1326494586683111e-06,0.8925732374191284,10.7414665,10.742604732513428
3335,121.37270450592041,0.89258534,0.8925744295120239,1.4164626236379263e-06,0.8925741314888,10.7414665,10.742557048797607
3336,121.40569376945496,0.8925941,0.8925753235816956,3.8050659441069e-06,0.8925741314888,10.74059,10.742467641830444
3337,121.44497489929199,0.8925941,0.8925775289535522,6.7299824877409264e-06,0.8925741314888,10.74059,10.742247104644775
3338,121.47741532325745,0.8925941,0.8925818204879761,8.842474926495925e-06,0.8925741314888,10.74059,10.741817951202393
3339,121.50926470756531,0.8925941,0.8925895690917969,6.730472250637831e-06,0.8925741314888,10.74059,10.741043090820312
3340,121.54161262512207,0.8925941,0.8925942182540894,1.1920928955078125e-07,0.8925940990447998,10.74059,10.740578174591064
3341,121.57368206977844,0.8925941,0.8925942182540894,1.1920928955078125e-07,0.8925940990447998,10.74059,10.740578174591064
3342,121.60612487792969,0.8925941,0.8925942182540894,1.1920928955078125e-07,0.8925940990447998,10.74059,10.740578174591064
3343,121.63957571983337,0.8925941,0.8925942182540894,1.1920928955078125e-07,0.8925940990447998,10.74059,10.740578174591064
3344,121.67509031295776,0.8925941,0.8925942182540894,1.1920928955078125e-07,0.8925940990447998,10.74059,10.740578174591064
3345,121.70806336402893,0.8925941,0.8925942182540894,1.1920928955078125e-07,0.8925940990447998,10.74059,10.740578174591064
3346,121.7397038936615,0.8925941,0.8925942182540894,1.1920928955078125e-07,0.8925940990447998,10.74059,10.740578174591064
3347,121.77304267883301,0.8925941,0.8925942182540894,1.1920928955078125e-07,0.8925940990447998,10.74059,10.740578174591064
3348,121.80631041526794,0.8925941,0.8925942182540894,1.1920928955078125e-07,0.8925940990447998,10.74059,10.740578174591064
3349,121.8388135433197,0.8925941,0.8925942182540894,1.1920928955078125e-07,0.8925940990447998,10.74059,10.740578174591064
3350,121.87087821960449,0.8925941,0.8925942182540894,1.1920928955078125e-07,0.8925940990447998,10.74059,10.740578174591064
3351,121.90537667274475,0.8925941,0.8925942182540894,1.1920928955078125e-07,0.8925940990447998,10.74059,10.740578174591064
3352,121.94818186759949,0.8925941,0.8925942182540894,1.1920928955078125e-07,0.8925940990447998,10.74059,10.740578174591064
3353,121.98960947990417,0.8925941,0.8925942182540894,1.1920928955078125e-07,0.8925940990447998,10.74059,10.740578174591064
3354,122.03019571304321,0.8925941,0.8925942182540894,1.1920928955078125e-07,0.8925940990447998,10.74059,10.740578174591064
3355,122.0618028640747,0.8925941,0.8925942182540894,1.1920928955078125e-07,0.8925940990447998,10.74059,10.740578174591064
3356,122.09518599510193,0.8925941,0.8925942182540894,1.1920928955078125e-07,0.8925940990447998,10.74059,10.740578174591064
3357,122.12753486633301,0.8925941,0.8925942182540894,1.1920928955078125e-07,0.8925940990447998,10.74059,10.740578174591064
3358,122.15923690795898,0.8925941,0.8925942182540894,1.1920928955078125e-07,0.8925940990447998,10.74059,10.740578174591064
3359,122.1917405128479,0.8925941,0.8925942182540894,1.1920928955078125e-07,0.8925940990447998,10.74059,10.740578174591064
3360,122.224928855896,0.89264417,0.8925945162773132,3.1801980640011607e-06,0.8925940990447998,10.735583,10.740548372268677
3361,122.26691460609436,0.89267653,0.8925954699516296,8.494591384078376e-06,0.8925940990447998,10.732347,10.740453004837036
3362,122.30778336524963,0.89269257,0.8926002979278564,1.969798540812917e-05,0.8925940990447998,10.730743,10.739970207214355
3363,122.34760355949402,0.89269733,0.8926122188568115,3.4215347113786265e-05,0.8925940990447998,10.730267,10.738778114318848
3364,122.39102864265442,0.89269733,0.8926368355751038,4.324385372456163e-05,0.8925940990447998,10.730267,10.736316442489624
3365,122.42881345748901,0.89269733,0.8926787972450256,2.0772487914655358e-05,0.8925989270210266,10.730267,10.732120275497437
3366,122.4712405204773,0.89269733,0.8926937580108643,2.0424431568244472e-06,0.8926925659179688,10.730267,10.730624198913574
3367,122.5056517124176,0.89269733,0.8926951885223389,2.372041763010202e-06,0.8926925659179688,10.730267,10.730481147766113
3368,122.53965497016907,0.89269733,0.8926973938941956,5.960464477539063e-08,0.8926973342895508,10.730267,10.730260610580444
3369,122.57510042190552,0.89269733,0.8926973938941956,5.960464477539063e-08,0.8926973342895508,10.730267,10.730260610580444
3370,122.60799217224121,0.89269733,0.8926973938941956,5.960464477539063e-08,0.8926973342895508,10.730267,10.730260610580444
3371,122.6402850151062,0.89269733,0.8926973938941956,5.960464477539063e-08,0.8926973342895508,10.730267,10.730260610580444
3372,122.67416071891785,0.892717,0.8926974534988403,1.2471341506170575e-06,0.8926973342895508,10.7283,10.730254650115967
3373,122.71285080909729,0.89273083,0.892697811126709,3.2497362099093152e-06,0.8926973342895508,10.726917,10.730218887329102
3374,122.75289058685303,0.8927352,0.8926993012428284,6.583023605344351e-06,0.8926973342895508,10.726481,10.730069875717163
3375,122.795086145401,0.892749,0.8927032947540283,1.2160217011114582e-05,0.8926973342895508,10.725099,10.729670524597168
3376,122.83737254142761,0.892749,0.89271080493927,1.697374136711005e-05,0.8926973342895508,10.725099,10.728919506072998
3377,122.87065267562866,0.892749,0.8927268981933594,1.4158987141854595e-05,0.8926973342895508,10.725099,10.727310180664062
3378,122.9015634059906,0.892749,0.892739474773407,7.0089845394250005e-06,0.8927284479141235,10.725099,10.726052522659302
3379,122.93533563613892,0.892749,0.8927460312843323,3.0206965675461106e-06,0.8927404880523682,10.725099,10.725396871566772
3380,122.96950030326843,0.892749,0.8927485942840576,6.705522537231445e-07,0.892747163772583,10.725099,10.725140571594238
3381,123.00266408920288,0.892749,0.8927489519119263,5.960464477539063e-08,0.892749011516571,10.725099,10.725104808807373
3382,123.03399968147278,0.892749,0.8927489519119263,5.960464477539063e-08,0.892749011516571,10.725099,10.725104808807373
3383,123.06693053245544,0.892749,0.8927489519119263,5.960464477539063e-08,0.892749011516571,10.725099,10.725104808807373
3384,123.0997052192688,0.892749,0.8927489519119263,5.960464477539063e-08,0.892749011516571,10.725099,10.725104808807373
3385,123.1317572593689,0.892749,0.8927489519119263,5.960464477539063e-08,0.892749011516571,10.725099,10.725104808807373
3386,123.164235830307,0.892749,0.8927489519119263,5.960464477539063e-08,0.892749011516571,10.725099,10.725104808807373
3387,123.19629049301147,0.892749,0.8927489519119263,5.960464477539063e-08,0.892749011516571,10.725099,10.725104808807373
3388,123.22833800315857,0.892749,0.8927489519119263,5.960464477539063e-08,0.892749011516571,10.725099,10.725104808807373
3389,123.26006150245667,0.892749,0.8927489519119263,5.960464477539063e-08,0.892749011516571,10.725099,10.725104808807373
3390,123.29381203651428,0.892749,0.8927489519119263,5.960464477539063e-08,0.892749011516571,10.725099,10.725104808807373
3391,123.3265769481659,0.892749,0.8927489519119263,5.960464477539063e-08,0.892749011516571,10.725099,10.725104808807373
3392,123.35885214805603,0.892749,0.8927489519119263,5.960464477539063e-08,0.892749011516571,10.725099,10.725104808807373
3393,123.39168190956116,0.892749,0.8927489519119263,5.960464477539063e-08,0.892749011516571,10.725099,10.725104808807373
3394,123.42438054084778,0.892749,0.8927489519119263,5.960464477539063e-08,0.892749011516571,10.725099,10.725104808807373
3395,123.45724534988403,0.892749,0.8927489519119263,5.960464477539063e-08,0.892749011516571,10.725099,10.725104808807373
3396,123.48984742164612,0.892749,0.8927489519119263,5.960464477539063e-08,0.892749011516571,10.725099,10.725104808807373
3397,123.52158761024475,0.892749,0.8927489519119263,5.960464477539063e-08,0.892749011516571,10.725099,10.725104808807373
3398,123.55426263809204,0.892749,0.8927489519119263,5.960464477539063e-08,0.892749011516571,10.725099,10.725104808807373
3399,123.58828091621399,0.892749,0.8927489519119263,5.960464477539063e-08,0.892749011516571,10.725099,10.725104808807373
3400,123.61941432952881,0.892749,0.8927489519119263,5.960464477539063e-08,0.892749011516571,10.725099,10.725104808807373
3401,123.65114712715149,0.892749,0.8927489519119263,5.960464477539063e-08,0.892749011516571,10.725099,10.725104808807373
3402,123.68232417106628,0.892749,0.8927489519119263,5.960464477539063e-08,0.892749011516571,10.725099,10.725104808807373
3403,123.71569323539734,0.892749,0.8927489519119263,5.960464477539063e-08,0.892749011516571,10.725099,10.725104808807373
3404,123.74786329269409,0.892749,0.8927489519119263,5.960464477539063e-08,0.892749011516571,10.725099,10.725104808807373
3405,123.7799243927002,0.8928082,0.8927491903305054,3.7512966173380846e-06,0.892749011516571,10.71918,10.725080966949463
3406,123.82001495361328,0.8928082,0.8927494287490845,5.2940517889510375e-06,0.892749011516571,10.71918,10.725057125091553
3407,123.85318541526794,0.8928439,0.892751932144165,1.351478204014711e-05,0.892749011516571,10.71561,10.724806785583496
3408,123.89179253578186,0.8928439,0.8927589654922485,2.538396256568376e-05,0.892749011516571,10.71561,10.724103450775146
3409,123.92490935325623,0.8928439,0.8927738070487976,3.6953544622519985e-05,0.892749011516571,10.71561,10.72261929512024
3410,123.95772361755371,0.8928439,0.8928046822547913,3.911742169293575e-05,0.892749011516571,10.71561,10.719531774520874
3411,123.99144721031189,0.8928439,0.8928378820419312,1.3391041647992097e-05,0.892808198928833,10.71561,10.716211795806885
3412,124.02438688278198,0.8928439,0.892844021320343,1.1920928955078125e-07,0.8928439021110535,10.71561,10.715597867965698
3413,124.0566291809082,0.8928439,0.892844021320343,1.1920928955078125e-07,0.8928439021110535,10.71561,10.715597867965698
3414,124.08948063850403,0.8928439,0.892844021320343,1.1920928955078125e-07,0.8928439021110535,10.71561,10.715597867965698
3415,124.12164998054504,0.8928439,0.892844021320343,1.1920928955078125e-07,0.8928439021110535,10.71561,10.715597867965698
3416,124.15461874008179,0.8928439,0.892844021320343,1.1920928955078125e-07,0.8928439021110535,10.71561,10.715597867965698
3417,124.18717074394226,0.8928439,0.892844021320343,1.1920928955078125e-07,0.8928439021110535,10.71561,10.715597867965698
3418,124.21934342384338,0.89285743,0.8928440809249878,8.663946573506109e-07,0.8928439021110535,10.714256,10.71559190750122
3419,124.26011633872986,0.89292264,0.8928447961807251,7.137379725463688e-06,0.8928439021110535,10.707736,10.71552038192749
3420,124.32509517669678,0.8928599,0.8886945247650146,0.0034044096246361732,0.8811437487602234,10.714012,11.130547523498535
3421,124.36663961410522,0.8928599,0.8916715979576111,0.0009676707559265196,0.8897126913070679,10.714012,10.832840204238892
3422,124.39901947975159,0.8928599,0.8925004005432129,0.00032273170654661953,0.8919175863265991,10.714012,10.749959945678711
3423,124.43163728713989,0.8928599,0.8927820920944214,8.400874503422529e-05,0.8925459384918213,10.714012,10.721790790557861
3424,124.46350908279419,0.8928599,0.8928514719009399,9.5074510682025e-06,0.8928283452987671,10.714012,10.714852809906006
3425,124.49617528915405,0.8928599,0.892859697341919,1.7881393432617188e-07,0.8928598761558533,10.714012,10.714030265808105
3426,124.5295877456665,0.8928599,0.892859697341919,1.7881393432617188e-07,0.8928598761558533,10.714012,10.714030265808105
3427,124.59238696098328,0.8928599,0.889123260974884,0.0032675988040864468,0.8815004229545593,10.714012,11.087673902511597
3428,124.63446497917175,0.8928599,0.8918521404266357,0.000816359999589622,0.8901554346084595,10.714012,10.814785957336426
3429,124.66788625717163,0.8928599,0.892576277256012,0.00022899697069078684,0.8921621441841125,10.714012,10.742372274398804
3430,124.70140767097473,0.8928599,0.8927827477455139,8.290104597108439e-05,0.8926534056663513,10.714012,10.721725225448608
3431,124.73554801940918,0.8928599,0.8928520083427429,1.735945807013195e-05,0.8928131461143494,10.714012,10.714799165725708
3432,124.7669415473938,0.8928599,0.892859697341919,1.7881393432617188e-07,0.8928598761558533,10.714012,10.714030265808105
3433,124.80005526542664,0.8928599,0.892859697341919,1.7881393432617188e-07,0.8928598761558533,10.714012,10.714030265808105
3434,124.83199167251587,0.8928599,0.892859697341919,1.7881393432617188e-07,0.8928598761558533,10.714012,10.714030265808105
3435,124.8647198677063,0.8928599,0.892859697341919,1.7881393432617188e-07,0.8928598761558533,10.714012,10.714030265808105
3436,124.8977587223053,0.8928599,0.892859697341919,1.7881393432617188e-07,0.8928598761558533,10.714012,10.714030265808105
3437,124.93011474609375,0.8928599,0.892859697341919,1.7881393432617188e-07,0.8928598761558533,10.714012,10.714030265808105
3438,124.96232867240906,0.8928599,0.892859697341919,1.7881393432617188e-07,0.8928598761558533,10.714012,10.714030265808105
3439,124.9949905872345,0.8928599,0.892859697341919,1.7881393432617188e-07,0.8928598761558533,10.714012,10.714030265808105
3440,125.02729916572571,0.89285994,0.892859697341919,1.790941155377368e-07,0.8928598761558533,10.714006,10.714030265808105
3441,125.06881189346313,0.89285994,0.892859697341919,1.7965315635137813e-07,0.8928598761558533,10.714006,10.714030265808105
3442,125.10136103630066,0.89285994,0.892859697341919,1.818721671043022e-07,0.8928598761558533,10.714006,10.714030265808105
3443,125.1349778175354,0.89285994,0.892859697341919,1.8757218356313388e-07,0.8928598761558533,10.714006,10.714030265808105
3444,125.16794085502625,0.89285994,0.8928598165512085,8.257674011247218e-08,0.8928598761558533,10.714006,10.71401834487915
3445,125.2009949684143,0.89285994,0.892859935760498,3.6793419866398835e-08,0.8928598761558533,10.714006,10.714006423950195
3446,125.23358297348022,0.89285994,0.8928601741790771,2.384185791015625e-07,0.892859935760498,10.714006,10.713982582092285
3447,125.26625204086304,0.89285994,0.8928601741790771,2.384185791015625e-07,0.892859935760498,10.714006,10.713982582092285
3448,125.29780006408691,0.89285994,0.8928601741790771,2.384185791015625e-07,0.892859935760498,10.714006,10.713982582092285
3449,125.32941007614136,0.89285994,0.8928601741790771,2.384185791015625e-07,0.892859935760498,10.714006,10.713982582092285
3450,125.36302018165588,0.89285994,0.8928601741790771,2.384185791015625e-07,0.892859935760498,10.714006,10.713982582092285
3451,125.39613342285156,0.89285994,0.8928601741790771,2.384185791015625e-07,0.892859935760498,10.714006,10.713982582092285
3452,125.42921185493469,0.89285994,0.8928601741790771,2.384185791015625e-07,0.892859935760498,10.714006,10.713982582092285
3453,125.463143825531,0.89285994,0.8928601741790771,2.384185791015625e-07,0.892859935760498,10.714006,10.713982582092285
3454,125.49552607536316,0.8928902,0.8928602933883667,1.9332499050506158e-06,0.892859935760498,10.7109785,10.71397066116333
3455,125.53567910194397,0.8928902,0.8928606510162354,3.651729002740467e-06,0.892859935760498,10.7109785,10.713934898376465
3456,125.56805491447449,0.8928903,0.8928626179695129,7.798955266480334e-06,0.892859935760498,10.710973,10.713738203048706
3457,125.60732841491699,0.8928903,0.8928666710853577,1.1644372534647118e-05,0.892859935760498,10.710973,10.713332891464233
3458,125.63992738723755,0.8928903,0.892875075340271,1.3413767192105297e-05,0.892859935760498,10.710973,10.7124924659729
3459,125.67271900177002,0.8928903,0.8928878307342529,3.1176700758805964e-06,0.8928835391998291,10.710973,10.711216926574707
3460,125.70527839660645,0.8928903,0.8928901553153992,9.56763699377916e-08,0.8928901553153992,10.710973,10.710984468460083
3461,125.73793387413025,0.8928903,0.892890214920044,5.960464477539063e-08,0.8928902745246887,10.710973,10.710978507995605
3462,125.7709174156189,0.8928903,0.892890214920044,5.960464477539063e-08,0.8928902745246887,10.710973,10.710978507995605
3463,125.8048906326294,0.8928903,0.892890214920044,5.960464477539063e-08,0.8928902745246887,10.710973,10.710978507995605
3464,125.83803653717041,0.8928903,0.892890214920044,5.960464477539063e-08,0.8928902745246887,10.710973,10.710978507995605
3465,125.87046456336975,0.8928903,0.892890214920044,5.960464477539063e-08,0.8928902745246887,10.710973,10.710978507995605
3466,125.90272879600525,0.8928903,0.892890214920044,5.960464477539063e-08,0.8928902745246887,10.710973,10.710978507995605
3467,125.93556523323059,0.8928903,0.892890214920044,5.960464477539063e-08,0.8928902745246887,10.710973,10.710978507995605
3468,125.96796679496765,0.8928903,0.892890214920044,5.960464477539063e-08,0.8928902745246887,10.710973,10.710978507995605
3469,126.0009229183197,0.8928903,0.892890214920044,5.960464477539063e-08,0.8928902745246887,10.710973,10.710978507995605
3470,126.03372502326965,0.8928903,0.892890214920044,5.960464477539063e-08,0.8928902745246887,10.710973,10.710978507995605
3471,126.06720924377441,0.8928903,0.892890214920044,5.960464477539063e-08,0.8928902745246887,10.710973,10.710978507995605
3472,126.09933614730835,0.8928903,0.892890214920044,5.960464477539063e-08,0.8928902745246887,10.710973,10.710978507995605
3473,126.13141179084778,0.8928903,0.892890214920044,5.960464477539063e-08,0.8928902745246887,10.710973,10.710978507995605
3474,126.16431164741516,0.8928903,0.892890214920044,5.960464477539063e-08,0.8928902745246887,10.710973,10.710978507995605
3475,126.19801688194275,0.8928903,0.892890214920044,5.960464477539063e-08,0.8928902745246887,10.710973,10.710978507995605
3476,126.23123955726624,0.8928903,0.892890214920044,5.960464477539063e-08,0.8928902745246887,10.710973,10.710978507995605
3477,126.26387763023376,0.8928903,0.892890214920044,5.960464477539063e-08,0.8928902745246887,10.710973,10.710978507995605
3478,126.29667615890503,0.8928903,0.892890214920044,5.960464477539063e-08,0.8928902745246887,10.710973,10.710978507995605
3479,126.32936811447144,0.8928903,0.892890214920044,5.960464477539063e-08,0.8928902745246887,10.710973,10.710978507995605
3480,126.36109113693237,0.8928903,0.892890214920044,5.960464477539063e-08,0.8928902745246887,10.710973,10.710978507995605
3481,126.39341139793396,0.8928903,0.892890214920044,5.960464477539063e-08,0.8928902745246887,10.710973,10.710978507995605
3482,126.42690944671631,0.8928903,0.892890214920044,5.960464477539063e-08,0.8928902745246887,10.710973,10.710978507995605
3483,126.45989918708801,0.8928903,0.892890214920044,5.960464477539063e-08,0.8928902745246887,10.710973,10.710978507995605
3484,126.49152660369873,0.8928903,0.892890214920044,5.960464477539063e-08,0.8928902745246887,10.710973,10.710978507995605
3485,126.52319693565369,0.8928903,0.892890214920044,5.960464477539063e-08,0.8928902745246887,10.710973,10.710978507995605
3486,126.55566883087158,0.8928903,0.892890214920044,5.960464477539063e-08,0.8928902745246887,10.710973,10.710978507995605
3487,126.588383436203,0.8928903,0.892890214920044,5.960464477539063e-08,0.8928902745246887,10.710973,10.710978507995605
3488,126.62117123603821,0.8928903,0.892890214920044,5.960464477539063e-08,0.8928902745246887,10.710973,10.710978507995605
3489,126.65566372871399,0.8928903,0.892890214920044,5.960464477539063e-08,0.8928902745246887,10.710973,10.710978507995605
3490,126.69014739990234,0.8928903,0.892890214920044,5.960464477539063e-08,0.8928902745246887,10.710973,10.710978507995605
3491,126.72240972518921,0.8928903,0.892890214920044,5.960464477539063e-08,0.8928902745246887,10.710973,10.710978507995605
3492,126.75507116317749,0.8928903,0.892890214920044,5.960464477539063e-08,0.8928902745246887,10.710973,10.710978507995605
3493,126.78847694396973,0.8928903,0.892890214920044,5.960464477539063e-08,0.8928902745246887,10.710973,10.710978507995605
3494,126.82538533210754,0.8928936,0.892890214920044,2.2378964104063925e-07,0.8928902745246887,10.710639,10.710978507995605
3495,126.8672182559967,0.8928995,0.8928903937339783,1.1922611520276405e-06,0.8928902745246887,10.710049,10.710960626602173
3496,126.90807056427002,0.89290154,0.892890989780426,2.5860913410724606e-06,0.8928902745246887,10.7098465,10.710901021957397
3497,126.94912457466125,0.89290154,0.8928924798965454,3.913680757250404e-06,0.8928902745246887,10.7098465,10.710752010345459
3498,126.98333954811096,0.89290154,0.8928952813148499,4.612248631019611e-06,0.8928902745246887,10.7098465,10.710471868515015
3499,127.01552677154541,0.89290154,0.8928999304771423,7.741529088889365e-07,0.8928995132446289,10.7098465,10.710006952285767
3500,127.04778409004211,0.89290154,0.892900288105011,9.710238373372704e-07,0.8928995132446289,10.7098465,10.709971189498901
3501,127.08896231651306,0.89290154,0.8929011225700378,7.435471616190625e-07,0.8928995132446289,10.7098465,10.709887742996216
3502,127.12077760696411,0.8929167,0.892901599407196,9.59425165092398e-07,0.8929015398025513,10.708332,10.709840059280396
3503,127.16059684753418,0.89292115,0.8929017186164856,1.8327783664062736e-06,0.8929015398025513,10.707885,10.70982813835144
3504,127.19945454597473,0.89292127,0.8929023742675781,3.776149242185056e-06,0.8929015398025513,10.707873,10.709762573242188
3505,127.23881793022156,0.89292127,0.8929041028022766,6.391534952854272e-06,0.8929015398025513,10.707873,10.709589719772339
3506,127.27225661277771,0.89292127,0.8929076790809631,8.837282621243503e-06,0.8929015398025513,10.707873,10.709232091903687
3507,127.30514693260193,0.89292127,0.892913818359375,9.074771696759854e-06,0.8929015398025513,10.707873,10.7086181640625
3508,127.33741474151611,0.89292127,0.8929213285446167,3.0348894597409526e-07,0.8929200768470764,10.707873,10.70786714553833
3509,127.37040042877197,0.89292127,0.8929213881492615,1.1920928955078125e-07,0.8929212689399719,10.707873,10.707861185073853
3510,127.40257716178894,0.89292127,0.8929213881492615,1.1920928955078125e-07,0.8929212689399719,10.707873,10.707861185073853
3511,127.43482875823975,0.89292127,0.8929213881492615,1.1920928955078125e-07,0.8929212689399719,10.707873,10.707861185073853
3512,127.46718049049377,0.89292127,0.8929213881492615,1.1920928955078125e-07,0.8929212689399719,10.707873,10.707861185073853
3513,127.49993371963501,0.89292127,0.8929213881492615,1.1920928955078125e-07,0.8929212689399719,10.707873,10.707861185073853
3514,127.53528761863708,0.89292127,0.8929213881492615,1.1920928955078125e-07,0.8929212689399719,10.707873,10.707861185073853
3515,127.57024908065796,0.89292127,0.8929213881492615,1.1920928955078125e-07,0.8929212689399719,10.707873,10.707861185073853
3516,127.60456848144531,0.8929244,0.8929214477539062,2.601137225610728e-07,0.8929212689399719,10.707558,10.707855224609375
3517,127.64587879180908,0.89300686,0.892922043800354,7.658501090190839e-06,0.8929212689399719,10.699314,10.7077956199646
3518,127.68661332130432,0.89300686,0.8929235339164734,1.3156007298675831e-05,0.8929212689399719,10.699314,10.707646608352661
3519,127.72054100036621,0.89300686,0.8929311633110046,2.704022881516721e-05,0.8929212689399719,10.699314,10.706883668899536
3520,127.75318098068237,0.89300686,0.8929469585418701,3.886493141180836e-05,0.8929212689399719,10.699314,10.705304145812988
3521,127.7889769077301,0.89300686,0.8929792046546936,3.949648453271948e-05,0.8929212689399719,10.699314,10.70207953453064
3522,127.82246565818787,0.89300686,0.8930070400238037,1.7881393432617188e-07,0.8930068612098694,10.699314,10.699295997619629
3523,127.85557126998901,0.89300686,0.8930070400238037,1.7881393432617188e-07,0.8930068612098694,10.699314,10.699295997619629
3524,127.88881015777588,0.89300686,0.8930070400238037,1.7881393432617188e-07,0.8930068612098694,10.699314,10.699295997619629
3525,127.92241549491882,0.89300686,0.8930070400238037,1.7881393432617188e-07,0.8930068612098694,10.699314,10.699295997619629
3526,127.95497846603394,0.89300686,0.8930070400238037,1.7881393432617188e-07,0.8930068612098694,10.699314,10.699295997619629
3527,127.98812818527222,0.89301246,0.8930070996284485,4.1551226104274974e-07,0.8930068612098694,10.698753,10.699290037155151
3528,128.0291931629181,0.89301246,0.8930070996284485,5.370823146222392e-07,0.8930068612098694,10.698753,10.699290037155151
3529,128.06277871131897,0.89301246,0.893007218837738,1.0637990044415346e-06,0.8930068612098694,10.698753,10.699278116226196
3530,128.0959484577179,0.89301246,0.893007755279541,1.789921043382492e-06,0.8930068612098694,10.698753,10.699224472045898
3531,128.12894105911255,0.89301246,0.8930087089538574,2.26398969971342e-06,0.8930068612098694,10.698753,10.699129104614258
3532,128.16133999824524,0.89301246,0.8930104374885559,2.0117458916502073e-06,0.8930068612098694,10.698753,10.69895625114441
3533,128.1945674419403,0.89301246,0.8930121064186096,4.863926506004645e-07,0.8930110335350037,10.698753,10.698789358139038
3534,128.22716426849365,0.89301246,0.893012285232544,1.7881393432617188e-07,0.8930124640464783,10.698753,10.698771476745605
3535,128.2590856552124,0.89301246,0.893012285232544,1.7881393432617188e-07,0.8930124640464783,10.698753,10.698771476745605
3536,128.2916395664215,0.89301246,0.893012285232544,1.7881393432617188e-07,0.8930124640464783,10.698753,10.698771476745605
3537,128.322607755661,0.89301246,0.893012285232544,1.7881393432617188e-07,0.8930124640464783,10.698753,10.698771476745605
3538,128.3558828830719,0.89301246,0.893012285232544,1.7881393432617188e-07,0.8930124640464783,10.698753,10.698771476745605
3539,128.38819432258606,0.89301246,0.893012285232544,1.7881393432617188e-07,0.8930124640464783,10.698753,10.698771476745605
3540,128.4214608669281,0.89301246,0.893012285232544,1.7881393432617188e-07,0.8930124640464783,10.698753,10.698771476745605
3541,128.4535195827484,0.89301246,0.893012285232544,1.7881393432617188e-07,0.8930124640464783,10.698753,10.698771476745605
3542,128.4863965511322,0.89301246,0.893012285232544,1.7881393432617188e-07,0.8930124640464783,10.698753,10.698771476745605
3543,128.51850748062134,0.89301246,0.893012285232544,1.7881393432617188e-07,0.8930124640464783,10.698753,10.698771476745605
3544,128.55045461654663,0.89301246,0.893012285232544,1.7881393432617188e-07,0.8930124640464783,10.698753,10.698771476745605
3545,128.5819227695465,0.89301246,0.893012285232544,1.7881393432617188e-07,0.8930124640464783,10.698753,10.698771476745605
3546,128.61437892913818,0.89301246,0.893012285232544,1.7881393432617188e-07,0.8930124640464783,10.698753,10.698771476745605
3547,128.6474895477295,0.89301246,0.893012285232544,1.7881393432617188e-07,0.8930124640464783,10.698753,10.698771476745605
3548,128.6803116798401,0.89301246,0.893012285232544,1.7881393432617188e-07,0.8930124640464783,10.698753,10.698771476745605
3549,128.71347737312317,0.89301246,0.893012285232544,1.7881393432617188e-07,0.8930124640464783,10.698753,10.698771476745605
3550,128.7478621006012,0.89301246,0.893012285232544,1.7881393432617188e-07,0.8930124640464783,10.698753,10.698771476745605
3551,128.78355765342712,0.89301246,0.893012285232544,1.7881393432617188e-07,0.8930124640464783,10.698753,10.698771476745605
3552,128.81941485404968,0.89301246,0.893012285232544,1.7881393432617188e-07,0.8930124640464783,10.698753,10.698771476745605
3553,128.8548059463501,0.89301246,0.893012285232544,1.7881393432617188e-07,0.8930124640464783,10.698753,10.698771476745605
3554,128.88748598098755,0.89301246,0.893012285232544,1.7881393432617188e-07,0.8930124640464783,10.698753,10.698771476745605
3555,128.92147755622864,0.89301246,0.893012285232544,1.7881393432617188e-07,0.8930124640464783,10.698753,10.698771476745605
3556,128.95493841171265,0.8931933,0.8930130004882812,1.1461776011856273e-05,0.8930124640464783,10.68067,10.698699951171875
3557,128.99489164352417,0.8931933,0.8930140137672424,1.6541158402105793e-05,0.8930124640464783,10.68067,10.698598623275757
3558,129.0280361175537,0.89319605,0.8930174112319946,2.670634785317816e-05,0.8930124640464783,10.680395,10.698258876800537
3559,129.0669186115265,0.89320076,0.8930303454399109,4.854377402807586e-05,0.8930124640464783,10.679924,10.696965456008911
3560,129.10869073867798,0.89325184,0.8930570483207703,7.068218837957829e-05,0.8930124640464783,10.674816,10.694295167922974
3561,129.149653673172,0.89325696,0.8931095600128174,7.844595529604703e-05,0.8930125832557678,10.674304,10.689043998718262
3562,129.19009447097778,0.8932615,0.8931872844696045,3.273255788371898e-05,0.893073320388794,10.673851,10.68127155303955
3563,129.2296233177185,0.8932615,0.8932092785835266,1.9479601178318262e-05,0.8931963443756104,10.673851,10.679072141647339
3564,129.26168966293335,0.8932615,0.8932222127914429,2.5283892682637088e-05,0.8932009339332581,10.673851,10.677778720855713
3565,129.29448986053467,0.89326185,0.8932420015335083,2.2883763449499384e-05,0.8932057023048401,10.673815,10.67579984664917
3566,129.33450770378113,0.89326185,0.8932587504386902,2.335152203158941e-06,0.8932565450668335,10.673815,10.674124956130981
3567,129.36728143692017,0.893262,0.8932609558105469,1.6801433275759337e-06,0.8932569622993469,10.673798,10.673904418945312
3568,129.4069766998291,0.893262,0.8932617902755737,1.7243111471998418e-07,0.8932614922523499,10.673798,10.673820972442627
3569,129.43974328041077,0.893262,0.8932618498802185,7.46018784525404e-08,0.8932618498802185,10.673798,10.67381501197815
3570,129.4725046157837,0.893262,0.8932618498802185,1.1310452663337855e-07,0.8932618498802185,10.673798,10.67381501197815
3571,129.50469946861267,0.89328045,0.8932620882987976,1.2968264400115004e-06,0.8932618498802185,10.671955,10.67379117012024
3572,129.54648900032043,0.89328057,0.8932625651359558,2.9639961667271564e-06,0.8932620286941528,10.671944,10.673743486404419
3573,129.587420463562,0.8932876,0.8932640552520752,5.53928293811623e-06,0.8932620286941528,10.67124,10.67359447479248
3574,129.62610578536987,0.8932877,0.8932669162750244,7.617391020176001e-06,0.8932620286941528,10.671228,10.673308372497559
3575,129.66641664505005,0.8932883,0.8932725191116333,8.400174010603223e-06,0.8932620286941528,10.671168,10.67274808883667
3576,129.7053747177124,0.8932967,0.8932806253433228,5.387406417867169e-06,0.8932721018791199,10.670328,10.671937465667725
3577,129.74559211730957,0.8932967,0.8932855129241943,4.568998974718852e-06,0.893280565738678,10.670328,10.671448707580566
3578,129.77888417243958,0.8932967,0.8932895064353943,3.2541522614337737e-06,0.8932875990867615,10.670328,10.671049356460571
3579,129.81189393997192,0.8932967,0.8932918906211853,3.8812636375951115e-06,0.893287718296051,10.670328,10.67081093788147
3580,129.8465929031372,0.8932967,0.8932957649230957,1.3889805359212914e-06,0.8932895064353943,10.670328,10.67042350769043
3581,129.87790250778198,0.8932967,0.8932965993881226,4.7221826093846175e-07,0.8932956457138062,10.670328,10.670340061187744
3582,129.91129875183105,0.8932967,0.8932969570159912,2.384185791015625e-07,0.8932967185974121,10.670328,10.670304298400879
3583,129.9433376789093,0.8932967,0.8932969570159912,2.384185791015625e-07,0.8932967185974121,10.670328,10.670304298400879
3584,129.97468781471252,0.8932967,0.8932969570159912,2.384185791015625e-07,0.8932967185974121,10.670328,10.670304298400879
3585,130.0063374042511,0.8932967,0.8932969570159912,2.384185791015625e-07,0.8932967185974121,10.670328,10.670304298400879
3586,130.0402548313141,0.8932967,0.8932969570159912,2.384185791015625e-07,0.8932967185974121,10.670328,10.670304298400879
3587,130.07677292823792,0.8932967,0.8932969570159912,2.384185791015625e-07,0.8932967185974121,10.670328,10.670304298400879
3588,130.1093065738678,0.8932967,0.8932969570159912,2.384185791015625e-07,0.8932967185974121,10.670328,10.670304298400879
3589,130.14165377616882,0.8932967,0.8932969570159912,2.384185791015625e-07,0.8932967185974121,10.670328,10.670304298400879
3590,130.1731116771698,0.8932967,0.8932969570159912,2.384185791015625e-07,0.8932967185974121,10.670328,10.670304298400879
3591,130.20592832565308,0.8932967,0.8932969570159912,2.384185791015625e-07,0.8932967185974121,10.670328,10.670304298400879
3592,130.23727750778198,0.8932967,0.8932969570159912,2.384185791015625e-07,0.8932967185974121,10.670328,10.670304298400879
3593,130.27006483078003,0.8932967,0.8932969570159912,2.384185791015625e-07,0.8932967185974121,10.670328,10.670304298400879
3594,130.30243015289307,0.8932967,0.8932969570159912,2.384185791015625e-07,0.8932967185974121,10.670328,10.670304298400879
3595,130.3348388671875,0.8932967,0.8932969570159912,2.384185791015625e-07,0.8932967185974121,10.670328,10.670304298400879
3596,130.36762690544128,0.8932967,0.8932969570159912,2.384185791015625e-07,0.8932967185974121,10.670328,10.670304298400879
3597,130.40150022506714,0.8932967,0.8932969570159912,2.384185791015625e-07,0.8932967185974121,10.670328,10.670304298400879
3598,130.43388652801514,0.8932967,0.8932969570159912,2.384185791015625e-07,0.8932967185974121,10.670328,10.670304298400879
3599,130.46724343299866,0.8932967,0.8932969570159912,2.384185791015625e-07,0.8932967185974121,10.670328,10.670304298400879
3600,130.4997751712799,0.8932967,0.8932969570159912,2.384185791015625e-07,0.8932967185974121,10.670328,10.670304298400879
3601,130.5314245223999,0.8932967,0.8932969570159912,2.384185791015625e-07,0.8932967185974121,10.670328,10.670304298400879
3602,130.5643184185028,0.8932967,0.8932969570159912,2.384185791015625e-07,0.8932967185974121,10.670328,10.670304298400879
3603,130.59795928001404,0.8932967,0.8932969570159912,2.384185791015625e-07,0.8932967185974121,10.670328,10.670304298400879
3604,130.63045620918274,0.8932967,0.8932969570159912,2.384185791015625e-07,0.8932967185974121,10.670328,10.670304298400879
3605,130.6629250049591,0.8932967,0.8932969570159912,2.384185791015625e-07,0.8932967185974121,10.670328,10.670304298400879
3606,130.69608116149902,0.8932967,0.8932969570159912,2.384185791015625e-07,0.8932967185974121,10.670328,10.670304298400879
3607,130.72888255119324,0.8932967,0.8932969570159912,2.384185791015625e-07,0.8932967185974121,10.670328,10.670304298400879
3608,130.761296749115,0.8932967,0.8932969570159912,2.384185791015625e-07,0.8932967185974121,10.670328,10.670304298400879
3609,130.79466319084167,0.8932967,0.8932969570159912,2.384185791015625e-07,0.8932967185974121,10.670328,10.670304298400879
3610,130.82763981819153,0.8932967,0.8932969570159912,2.384185791015625e-07,0.8932967185974121,10.670328,10.670304298400879
3611,130.86220335960388,0.8932967,0.8932969570159912,2.384185791015625e-07,0.8932967185974121,10.670328,10.670304298400879
3612,130.89525198936462,0.8932967,0.8932969570159912,2.384185791015625e-07,0.8932967185974121,10.670328,10.670304298400879
3613,130.92895555496216,0.8932967,0.8932969570159912,2.384185791015625e-07,0.8932967185974121,10.670328,10.670304298400879
3614,130.9608883857727,0.8932967,0.8932969570159912,2.384185791015625e-07,0.8932967185974121,10.670328,10.670304298400879
3615,130.9933683872223,0.8932967,0.8932969570159912,2.384185791015625e-07,0.8932967185974121,10.670328,10.670304298400879
3616,131.02638959884644,0.8932967,0.8932969570159912,2.384185791015625e-07,0.8932967185974121,10.670328,10.670304298400879
3617,131.05948162078857,0.8932967,0.8932969570159912,2.384185791015625e-07,0.8932967185974121,10.670328,10.670304298400879
3618,131.09268808364868,0.8932967,0.8932969570159912,2.384185791015625e-07,0.8932967185974121,10.670328,10.670304298400879
3619,131.12525081634521,0.8932967,0.8932969570159912,2.384185791015625e-07,0.8932967185974121,10.670328,10.670304298400879
3620,131.1579236984253,0.8932967,0.8932969570159912,2.384185791015625e-07,0.8932967185974121,10.670328,10.670304298400879
3621,131.18990993499756,0.8932967,0.8932969570159912,2.384185791015625e-07,0.8932967185974121,10.670328,10.670304298400879
3622,131.22116208076477,0.8932967,0.8932969570159912,2.384185791015625e-07,0.8932967185974121,10.670328,10.670304298400879
3623,131.25376534461975,0.8932967,0.8932969570159912,2.384185791015625e-07,0.8932967185974121,10.670328,10.670304298400879
3624,131.28839468955994,0.8932967,0.8932969570159912,2.384185791015625e-07,0.8932967185974121,10.670328,10.670304298400879
3625,131.3209536075592,0.8932967,0.8932969570159912,2.384185791015625e-07,0.8932967185974121,10.670328,10.670304298400879
3626,131.3538522720337,0.8932967,0.8932969570159912,2.384185791015625e-07,0.8932967185974121,10.670328,10.670304298400879
3627,131.387188911438,0.8932967,0.8932969570159912,2.384185791015625e-07,0.8932967185974121,10.670328,10.670304298400879
3628,131.41867923736572,0.8932967,0.8932969570159912,2.384185791015625e-07,0.8932967185974121,10.670328,10.670304298400879
3629,131.45001554489136,0.8932967,0.8932969570159912,2.384185791015625e-07,0.8932967185974121,10.670328,10.670304298400879
3630,131.48232746124268,0.8933145,0.893297016620636,1.148166347775259e-06,0.8932967185974121,10.668552,10.670298337936401
3631,131.52156400680542,0.8933551,0.8932974934577942,4.313992576499004e-06,0.8932967185974121,10.664493,10.670250654220581
3632,131.56216406822205,0.8933806,0.893301784992218,1.7091582776629366e-05,0.8932967185974121,10.661942,10.669821500778198
3633,131.6021864414215,0.8934302,0.8933119773864746,2.9340377295739017e-05,0.8932967185974121,10.656982,10.668802261352539
3634,131.64323544502258,0.8934331,0.8933326005935669,3.7808811612194404e-05,0.8932967185974121,10.656691,10.66673994064331
3635,131.68248200416565,0.8934417,0.8933732509613037,2.103852057189215e-05,0.8933144807815552,10.655832,10.662674903869629
3636,131.72273349761963,0.8934426,0.8933894038200378,2.3818492991267703e-05,0.8933737277984619,10.655743,10.661059617996216
3637,131.76409220695496,0.8934426,0.8934060335159302,2.8366550395730883e-05,0.8933769464492798,10.655743,10.659396648406982
3638,131.80046606063843,0.8934426,0.8934361934661865,4.831882506550755e-06,0.8934233784675598,10.655743,10.656380653381348
3639,131.83287119865417,0.8934426,0.8934403657913208,1.94744916370837e-06,0.8934371471405029,10.655743,10.65596342086792
3640,131.8672058582306,0.8934426,0.8934422135353088,4.430918636444403e-07,0.8934416770935059,10.655743,10.655778646469116
3641,131.90171647071838,0.8934426,0.8934423923492432,1.738377193305496e-07,0.8934425115585327,10.655743,10.655760765075684
3642,131.93613815307617,0.8934426,0.8934423923492432,1.7881393432617188e-07,0.8934425711631775,10.655743,10.655760765075684
3643,131.98230004310608,0.8934426,0.8934423923492432,1.7881393432617188e-07,0.8934425711631775,10.655743,10.655760765075684
3644,132.02207350730896,0.8934426,0.8934423923492432,1.7881393432617188e-07,0.8934425711631775,10.655743,10.655760765075684
3645,132.0547389984131,0.8934426,0.8934423923492432,1.7881393432617188e-07,0.8934425711631775,10.655743,10.655760765075684
3646,132.08700108528137,0.8934426,0.8934423923492432,1.7881393432617188e-07,0.8934425711631775,10.655743,10.655760765075684
3647,132.12057542800903,0.8934426,0.8934423923492432,1.7881393432617188e-07,0.8934425711631775,10.655743,10.655760765075684
3648,132.15410256385803,0.8934426,0.8934423923492432,1.7881393432617188e-07,0.8934425711631775,10.655743,10.655760765075684
3649,132.18875575065613,0.8934426,0.8934423923492432,1.7881393432617188e-07,0.8934425711631775,10.655743,10.655760765075684
3650,132.22217416763306,0.8934426,0.8934423923492432,1.7881393432617188e-07,0.8934425711631775,10.655743,10.655760765075684
3651,132.25522923469543,0.8934426,0.8934423923492432,1.7881393432617188e-07,0.8934425711631775,10.655743,10.655760765075684
3652,132.28981375694275,0.8934426,0.8934423923492432,1.7881393432617188e-07,0.8934425711631775,10.655743,10.655760765075684
3653,132.32198309898376,0.8934426,0.8934423923492432,1.7881393432617188e-07,0.8934425711631775,10.655743,10.655760765075684
3654,132.3561565876007,0.8934426,0.8934423923492432,1.7881393432617188e-07,0.8934425711631775,10.655743,10.655760765075684
3655,132.38972568511963,0.8934426,0.8934423923492432,1.7881393432617188e-07,0.8934425711631775,10.655743,10.655760765075684
3656,132.42306423187256,0.8934426,0.8934423923492432,1.7881393432617188e-07,0.8934425711631775,10.655743,10.655760765075684
3657,132.45681715011597,0.8934426,0.8934423923492432,1.7881393432617188e-07,0.8934425711631775,10.655743,10.655760765075684
3658,132.49043655395508,0.8934426,0.8934423923492432,1.7881393432617188e-07,0.8934425711631775,10.655743,10.655760765075684
3659,132.52346396446228,0.8934426,0.8934423923492432,1.7881393432617188e-07,0.8934425711631775,10.655743,10.655760765075684
3660,132.55712604522705,0.8934426,0.8934423923492432,1.7881393432617188e-07,0.8934425711631775,10.655743,10.655760765075684
3661,132.5916588306427,0.8934426,0.8934423923492432,1.7881393432617188e-07,0.8934425711631775,10.655743,10.655760765075684
3662,132.62528729438782,0.8934426,0.8934423923492432,1.7881393432617188e-07,0.8934425711631775,10.655743,10.655760765075684
3663,132.65993738174438,0.8934426,0.8934423923492432,1.7881393432617188e-07,0.8934425711631775,10.655743,10.655760765075684
3664,132.69592428207397,0.8934426,0.8934423923492432,1.7881393432617188e-07,0.8934425711631775,10.655743,10.655760765075684
3665,132.73163890838623,0.8934426,0.8934423923492432,1.7881393432617188e-07,0.8934425711631775,10.655743,10.655760765075684
3666,132.7676010131836,0.8934426,0.8934423923492432,1.7881393432617188e-07,0.8934425711631775,10.655743,10.655760765075684
3667,132.80349826812744,0.8934426,0.8934423923492432,1.7881393432617188e-07,0.8934425711631775,10.655743,10.655760765075684
3668,132.84033393859863,0.8934426,0.8934423923492432,1.7881393432617188e-07,0.8934425711631775,10.655743,10.655760765075684
3669,132.87570691108704,0.8934426,0.8934423923492432,1.7881393432617188e-07,0.8934425711631775,10.655743,10.655760765075684
3670,132.9152684211731,0.8934426,0.8934423923492432,1.7881393432617188e-07,0.8934425711631775,10.655743,10.655760765075684
3671,132.95666480064392,0.8934426,0.8934423923492432,1.7881393432617188e-07,0.8934425711631775,10.655743,10.655760765075684
3672,132.9961075782776,0.8934426,0.8934423923492432,1.7881393432617188e-07,0.8934425711631775,10.655743,10.655760765075684
3673,133.02994537353516,0.8934426,0.8934423923492432,1.7881393432617188e-07,0.8934425711631775,10.655743,10.655760765075684
3674,133.06527590751648,0.8934426,0.8934423923492432,1.7881393432617188e-07,0.8934425711631775,10.655743,10.655760765075684
3675,133.10063338279724,0.89347595,0.8934425711631775,2.1195432964304928e-06,0.8934425711631775,10.652405,10.655742883682251
3676,133.14335441589355,0.89347595,0.893442690372467,2.9891405119997216e-06,0.8934425711631775,10.652405,10.655730962753296
3677,133.17780685424805,0.89351684,0.8934437036514282,7.860001460358035e-06,0.8934425711631775,10.648316,10.655629634857178
3678,133.219172000885,0.89351684,0.8934478759765625,1.7111608030973002e-05,0.8934425711631775,10.648316,10.65521240234375
3679,133.2520785331726,0.89351684,0.8934571146965027,2.681013211258687e-05,0.8934425711631775,10.648316,10.654288530349731
3680,133.29481101036072,0.8935169,0.8934767842292786,3.2453728636028245e-05,0.8934425711631775,10.64831,10.652321577072144
3681,133.3376703262329,0.8935169,0.8935076594352722,1.4902104339853395e-05,0.8934773802757263,10.64831,10.649234056472778
3682,133.37229180335999,0.8935169,0.8935167789459229,7.508040766879276e-08,0.8935168385505676,10.64831,10.648322105407715
3683,133.40605187416077,0.8935169,0.8935167789459229,8.872338952414793e-08,0.8935168385505676,10.64831,10.648322105407715
3684,133.43931126594543,0.8935169,0.8935167789459229,1.0943529105134076e-07,0.8935168385505676,10.64831,10.648322105407715
3685,133.47312712669373,0.8935169,0.8935167789459229,1.1920928955078125e-07,0.8935168981552124,10.64831,10.648322105407715
3686,133.50701117515564,0.8935169,0.8935167789459229,1.1920928955078125e-07,0.8935168981552124,10.64831,10.648322105407715
3687,133.5409529209137,0.8935169,0.8935167789459229,1.1920928955078125e-07,0.8935168981552124,10.64831,10.648322105407715
3688,133.5749535560608,0.8935169,0.8935167789459229,1.1920928955078125e-07,0.8935168981552124,10.64831,10.648322105407715
3689,133.60887122154236,0.8935169,0.8935167789459229,1.1920928955078125e-07,0.8935168981552124,10.64831,10.648322105407715
3690,133.6426169872284,0.8935169,0.8935167789459229,1.1920928955078125e-07,0.8935168981552124,10.64831,10.648322105407715
3691,133.67605876922607,0.8935169,0.8935167789459229,1.1920928955078125e-07,0.8935168981552124,10.64831,10.648322105407715
3692,133.71004390716553,0.8935169,0.8935167789459229,1.1920928955078125e-07,0.8935168981552124,10.64831,10.648322105407715
3693,133.74359488487244,0.8935169,0.8935167789459229,1.1920928955078125e-07,0.8935168981552124,10.64831,10.648322105407715
3694,133.778386592865,0.8935169,0.8935167789459229,1.1920928955078125e-07,0.8935168981552124,10.64831,10.648322105407715
3695,133.81284713745117,0.8935169,0.8935167789459229,1.1920928955078125e-07,0.8935168981552124,10.64831,10.648322105407715
3696,133.84734320640564,0.8935169,0.8935167789459229,1.1920928955078125e-07,0.8935168981552124,10.64831,10.648322105407715
3697,133.8819019794464,0.8935169,0.8935167789459229,1.1920928955078125e-07,0.8935168981552124,10.64831,10.648322105407715
3698,133.91593480110168,0.8935169,0.8935167789459229,1.1920928955078125e-07,0.8935168981552124,10.64831,10.648322105407715
3699,133.949645280838,0.8935169,0.8935167789459229,1.1920928955078125e-07,0.8935168981552124,10.64831,10.648322105407715
3700,133.98467445373535,0.8935169,0.8935167789459229,1.1920928955078125e-07,0.8935168981552124,10.64831,10.648322105407715
3701,134.01916909217834,0.8935169,0.8935167789459229,1.1920928955078125e-07,0.8935168981552124,10.64831,10.648322105407715
3702,134.05144381523132,0.8935169,0.8935167789459229,1.1920928955078125e-07,0.8935168981552124,10.64831,10.648322105407715
3703,134.08490467071533,0.8935169,0.8935167789459229,1.1920928955078125e-07,0.8935168981552124,10.64831,10.648322105407715
3704,134.1189525127411,0.8935169,0.8935167789459229,1.1920928955078125e-07,0.8935168981552124,10.64831,10.648322105407715
3705,134.15194988250732,0.8935169,0.8935167789459229,1.1920928955078125e-07,0.8935168981552124,10.64831,10.648322105407715
3706,134.1868438720703,0.8935169,0.8935167789459229,1.1920928955078125e-07,0.8935168981552124,10.64831,10.648322105407715
3707,134.22058153152466,0.8935169,0.8935167789459229,1.1920928955078125e-07,0.8935168981552124,10.64831,10.648322105407715
3708,134.25487399101257,0.8935169,0.8935167789459229,1.1920928955078125e-07,0.8935168981552124,10.64831,10.648322105407715
3709,134.2887098789215,0.8935169,0.8935167789459229,1.1920928955078125e-07,0.8935168981552124,10.64831,10.648322105407715
3710,134.32228064537048,0.8935169,0.8935167789459229,1.1920928955078125e-07,0.8935168981552124,10.64831,10.648322105407715
3711,134.35507225990295,0.8935169,0.8935167789459229,1.1920928955078125e-07,0.8935168981552124,10.64831,10.648322105407715
3712,134.38901829719543,0.8935169,0.8935167789459229,1.1920928955078125e-07,0.8935168981552124,10.64831,10.648322105407715
3713,134.42182159423828,0.8935169,0.8935167789459229,1.1920928955078125e-07,0.8935168981552124,10.64831,10.648322105407715
3714,134.4555242061615,0.8935169,0.8935167789459229,1.1920928955078125e-07,0.8935168981552124,10.64831,10.648322105407715
3715,134.48873567581177,0.8935169,0.8935167789459229,1.1920928955078125e-07,0.8935168981552124,10.64831,10.648322105407715
3716,134.52260065078735,0.8935169,0.8935167789459229,1.1920928955078125e-07,0.8935168981552124,10.64831,10.648322105407715
3717,134.55662727355957,0.8935169,0.8935167789459229,1.1920928955078125e-07,0.8935168981552124,10.64831,10.648322105407715
3718,134.59085774421692,0.8935169,0.8935167789459229,1.1920928955078125e-07,0.8935168981552124,10.64831,10.648322105407715
3719,134.62463974952698,0.8935169,0.8935167789459229,1.1920928955078125e-07,0.8935168981552124,10.64831,10.648322105407715
3720,134.65708804130554,0.8935169,0.8935167789459229,1.1920928955078125e-07,0.8935168981552124,10.64831,10.648322105407715
3721,134.69136762619019,0.8935169,0.8935167789459229,1.1920928955078125e-07,0.8935168981552124,10.64831,10.648322105407715
3722,134.72491431236267,0.8935169,0.8935167789459229,1.1920928955078125e-07,0.8935168981552124,10.64831,10.648322105407715
3723,134.75935578346252,0.8935169,0.8935167789459229,1.1920928955078125e-07,0.8935168981552124,10.64831,10.648322105407715
3724,134.79346346855164,0.8935169,0.8935167789459229,1.1920928955078125e-07,0.8935168981552124,10.64831,10.648322105407715
3725,134.8277072906494,0.8935169,0.8935167789459229,1.1920928955078125e-07,0.8935168981552124,10.64831,10.648322105407715
3726,134.86274361610413,0.8935169,0.8935167789459229,1.1920928955078125e-07,0.8935168981552124,10.64831,10.648322105407715
3727,134.89602184295654,0.8935169,0.8935167789459229,1.1920928955078125e-07,0.8935168981552124,10.64831,10.648322105407715
3728,134.92931842803955,0.8935169,0.8935167789459229,1.1920928955078125e-07,0.8935168981552124,10.64831,10.648322105407715
3729,134.96064043045044,0.8935169,0.8935167789459229,1.1920928955078125e-07,0.8935168981552124,10.64831,10.648322105407715
3730,134.99456310272217,0.8935169,0.8935167789459229,1.1920928955078125e-07,0.8935168981552124,10.64831,10.648322105407715
3731,135.02723383903503,0.8935169,0.8935167789459229,1.1920928955078125e-07,0.8935168981552124,10.64831,10.648322105407715
3732,135.06268167495728,0.8935169,0.8935167789459229,1.1920928955078125e-07,0.8935168981552124,10.64831,10.648322105407715
3733,135.09862732887268,0.8935169,0.8935167789459229,1.1920928955078125e-07,0.8935168981552124,10.64831,10.648322105407715
3734,135.13413643836975,0.8935169,0.8935167789459229,1.1920928955078125e-07,0.8935168981552124,10.64831,10.648322105407715
3735,135.16784930229187,0.8935169,0.8935167789459229,1.1920928955078125e-07,0.8935168981552124,10.64831,10.648322105407715
3736,135.20230507850647,0.8935169,0.8935167789459229,1.1920928955078125e-07,0.8935168981552124,10.64831,10.648322105407715
3737,135.23700737953186,0.8935169,0.8935167789459229,1.1920928955078125e-07,0.8935168981552124,10.64831,10.648322105407715
3738,135.2713623046875,0.8935169,0.8935167789459229,1.1920928955078125e-07,0.8935168981552124,10.64831,10.648322105407715
3739,135.3050560951233,0.8935169,0.8935167789459229,1.1920928955078125e-07,0.8935168981552124,10.64831,10.648322105407715
3740,135.33820724487305,0.8935169,0.8935167789459229,1.1920928955078125e-07,0.8935168981552124,10.64831,10.648322105407715
3741,135.37134289741516,0.8935169,0.8935167789459229,1.1920928955078125e-07,0.8935168981552124,10.64831,10.648322105407715
3742,135.40576076507568,0.8935169,0.8935167789459229,1.1920928955078125e-07,0.8935168981552124,10.64831,10.648322105407715
3743,135.4398214817047,0.8935207,0.8935167789459229,2.766861939562659e-07,0.8935168981552124,10.647928,10.648322105407715
3744,135.4809286594391,0.8935207,0.8935168385505676,4.302149818613543e-07,0.8935168981552124,10.647928,10.648316144943237
3745,135.51528477668762,0.8935207,0.893517017364502,8.846143373375526e-07,0.8935168981552124,10.647928,10.648298263549805
3746,135.5498082637787,0.8935207,0.8935173749923706,1.4455761174758663e-06,0.8935168981552124,10.647928,10.64826250076294
3747,135.58360171318054,0.8935207,0.8935182690620422,1.860434622358298e-06,0.8935168981552124,10.647928,10.648173093795776
3748,135.61926913261414,0.89354384,0.8935198783874512,2.1753389773948584e-06,0.8935168981552124,10.645617,10.648012161254883
3749,135.66107439994812,0.893554,0.8935208916664124,2.948044993900112e-06,0.893520712852478,10.644603,10.647910833358765
3750,135.70173382759094,0.89355403,0.8935222625732422,6.9417715167219285e-06,0.893520712852478,10.644597,10.647773742675781
3751,135.74406242370605,0.89359045,0.8935257792472839,1.226059794134926e-05,0.893520712852478,10.640955,10.647422075271606
3752,135.78898167610168,0.89359045,0.893532395362854,1.6539588614250533e-05,0.893520712852478,10.640955,10.6467604637146
3753,135.82271027565002,0.8935942,0.8935474157333374,1.7402449884684756e-05,0.893520712852478,10.640579,10.64525842666626
3754,135.86531043052673,0.89359426,0.8935605883598328,1.3718262380280066e-05,0.8935540318489075,10.6405735,10.643941164016724
3755,135.90859150886536,0.89359796,0.8935704231262207,1.8292712411493994e-05,0.8935540318489075,10.640203,10.64295768737793
3756,135.9499728679657,0.89359796,0.8935886025428772,1.2158433492004406e-05,0.8935608863830566,10.640203,10.64113974571228
3757,135.98153924942017,0.89359796,0.8935950994491577,1.6623054079900612e-06,0.8935942053794861,10.640203,10.640490055084229
3758,136.04365730285645,0.8935992,0.890550971031189,0.002747796243056655,0.8839038610458374,10.640079,10.944902896881104
3759,136.08486938476562,0.8935992,0.8928403258323669,0.0006245018448680639,0.8917146325111389,10.640079,10.715967416763306
3760,136.11765718460083,0.8935993,0.893426239490509,0.00014855267363600433,0.8931242823600769,10.640073,10.657376050949097
3761,136.16123819351196,0.8935993,0.8935553431510925,4.345764682511799e-05,0.893467366695404,10.640073,10.644465684890747
3762,136.1954882144928,0.8935993,0.8935957551002502,5.479524133988889e-06,0.8935762047767639,10.640073,10.640424489974976
3763,136.2302429676056,0.8935993,0.8935990929603577,5.627229597848782e-07,0.8935955762863159,10.640073,10.640090703964233
3764,136.26497960090637,0.8935993,0.8935993909835815,1.5660518215554475e-07,0.8935992121696472,10.640073,10.640060901641846
3765,136.29984307289124,0.8935993,0.8935994505882263,1.8956637859446346e-07,0.8935992121696472,10.640073,10.640054941177368
3766,136.3338565826416,0.8935993,0.8935994505882263,1.7881393432617188e-07,0.893599271774292,10.640073,10.640054941177368
3767,136.36714696884155,0.8935993,0.8935994505882263,1.7881393432617188e-07,0.893599271774292,10.640073,10.640054941177368
3768,136.3996193408966,0.8935993,0.8935994505882263,1.7881393432617188e-07,0.893599271774292,10.640073,10.640054941177368
3769,136.43288040161133,0.8935993,0.8935994505882263,1.7881393432617188e-07,0.893599271774292,10.640073,10.640054941177368
3770,136.46502470970154,0.8935993,0.8935994505882263,1.7881393432617188e-07,0.893599271774292,10.640073,10.640054941177368
3771,136.49881076812744,0.8935993,0.8935994505882263,1.7881393432617188e-07,0.893599271774292,10.640073,10.640054941177368
3772,136.53022503852844,0.8935993,0.8935994505882263,1.7881393432617188e-07,0.893599271774292,10.640073,10.640054941177368
3773,136.56363892555237,0.8936677,0.8935997486114502,4.340947270975448e-06,0.893599271774292,10.63323,10.64002513885498
3774,136.60471510887146,0.8936746,0.8936009407043457,1.0213898349320516e-05,0.893599271774292,10.632539,10.63990592956543
3775,136.64719128608704,0.8936746,0.8936040997505188,1.7787806427804753e-05,0.893599271774292,10.632539,10.63959002494812
3776,136.6811227798462,0.89367974,0.8936122059822083,2.800816400849726e-05,0.893599271774292,10.632027,10.638779401779175
3777,136.72313261032104,0.89367974,0.8936301469802856,3.726304930751212e-05,0.893599271774292,10.632027,10.636985301971436
3778,136.75622177124023,0.89367974,0.8936628699302673,2.9128295864211395e-05,0.893599271774292,10.632027,10.633713006973267
3779,136.79157423973083,0.89367974,0.8936784863471985,2.2380627342499793e-06,0.8936746120452881,10.632027,10.632151365280151
3780,136.82362937927246,0.8937108,0.8936798572540283,1.9679616798384814e-06,0.8936797380447388,10.628921,10.632014274597168
3781,136.8633062839508,0.89371693,0.8936803936958313,4.625636847777059e-06,0.8936797380447388,10.628307,10.63196063041687
3782,136.90224647521973,0.89371884,0.8936824798583984,9.053728717844933e-06,0.8936797380447388,10.628117,10.631752014160156
3783,136.94214463233948,0.89371884,0.8936871886253357,1.3872080671717413e-05,0.8936797380447388,10.628117,10.63128113746643
3784,136.97478866577148,0.89371884,0.8936973214149475,1.6668282114551403e-05,0.8936797380447388,10.628117,10.630267858505249
3785,137.01080656051636,0.89373827,0.8937141299247742,4.3011414163629524e-06,0.8937062621116638,10.626173,10.628587007522583
3786,137.0501585006714,0.89373827,0.893717348575592,2.2171109321789118e-06,0.8937143087387085,10.626173,10.628265142440796
3787,137.0811324119568,0.8938557,0.8937203288078308,1.5195092601061333e-05,0.8937169313430786,10.614431,10.627967119216919
3788,137.12123155593872,0.8938584,0.8937281966209412,3.2662592275300995e-05,0.8937188386917114,10.614162,10.627180337905884
3789,137.160715341568,0.8938584,0.893744945526123,5.1915420044679195e-05,0.8937188386917114,10.614162,10.625505447387695
3790,137.19569373130798,0.8938584,0.8937773704528809,6.53590977890417e-05,0.8937188386917114,10.614162,10.622262954711914
3791,137.23039531707764,0.8938584,0.8938411474227905,3.911001840606332e-05,0.8937404155731201,10.614162,10.615885257720947
3792,137.26446223258972,0.8938584,0.8938577771186829,9.031247145685484e-07,0.8938556909561157,10.614162,10.614222288131714
3793,137.29874753952026,0.8938584,0.8938581943511963,1.7881393432617188e-07,0.8938583731651306,10.614162,10.614180564880371
3794,137.33046221733093,0.8938584,0.8938581943511963,1.7881393432617188e-07,0.8938583731651306,10.614162,10.614180564880371
3795,137.36386275291443,0.8938584,0.8938581943511963,1.7881393432617188e-07,0.8938583731651306,10.614162,10.614180564880371
3796,137.39731740951538,0.8938584,0.8938581943511963,1.7881393432617188e-07,0.8938583731651306,10.614162,10.614180564880371
3797,137.42903995513916,0.8938584,0.8938581943511963,1.7881393432617188e-07,0.8938583731651306,10.614162,10.614180564880371
3798,137.4607870578766,0.8938584,0.8938581943511963,1.7881393432617188e-07,0.8938583731651306,10.614162,10.614180564880371
3799,137.49365901947021,0.8938584,0.8938581943511963,1.7881393432617188e-07,0.8938583731651306,10.614162,10.614180564880371
3800,137.52581810951233,0.8938584,0.8938581943511963,1.7881393432617188e-07,0.8938583731651306,10.614162,10.614180564880371
3801,137.56002235412598,0.8938584,0.8938581943511963,1.7881393432617188e-07,0.8938583731651306,10.614162,10.614180564880371
3802,137.5919942855835,0.8938584,0.8938581943511963,1.7881393432617188e-07,0.8938583731651306,10.614162,10.614180564880371
3803,137.62411499023438,0.8938584,0.8938581943511963,1.7881393432617188e-07,0.8938583731651306,10.614162,10.614180564880371
3804,137.6566126346588,0.8938584,0.8938581943511963,1.7881393432617188e-07,0.8938583731651306,10.614162,10.614180564880371
3805,137.6894109249115,0.8938584,0.8938581943511963,1.7881393432617188e-07,0.8938583731651306,10.614162,10.614180564880371
3806,137.72165250778198,0.8938584,0.8938581943511963,1.7881393432617188e-07,0.8938583731651306,10.614162,10.614180564880371
3807,137.75374555587769,0.8938584,0.8938581943511963,1.7881393432617188e-07,0.8938583731651306,10.614162,10.614180564880371
3808,137.7884829044342,0.8938584,0.8938581943511963,1.7881393432617188e-07,0.8938583731651306,10.614162,10.614180564880371
3809,137.82340097427368,0.8938584,0.8938581943511963,1.7881393432617188e-07,0.8938583731651306,10.614162,10.614180564880371
3810,137.8625385761261,0.8940979,0.8938591480255127,1.518200951977633e-05,0.8938583731651306,10.590208,10.61408519744873
3811,137.90553617477417,0.8940979,0.8938620686531067,3.001438017236069e-05,0.8938583731651306,10.590208,10.613793134689331
3812,137.9427285194397,0.8940979,0.8938756585121155,6.178977491799742e-05,0.8938583731651306,10.590208,10.612434148788452
3813,137.9750063419342,0.8940979,0.8939023017883301,9.222628432326019e-05,0.8938583731651306,10.590208,10.609769821166992
3814,138.00744247436523,0.8940979,0.8939546346664429,0.00011644502956187353,0.8938583731651306,10.590208,10.604536533355713
3815,138.03975653648376,0.89412236,0.8940644860267639,8.102748688543215e-05,0.893860936164856,10.587764,10.593551397323608
3816,138.08070588111877,0.89412236,0.8940985798835754,3.5067530461674323e-06,0.8940979242324829,10.587764,10.590142011642456
3817,138.11372923851013,0.89412236,0.8941004276275635,6.848683369753417e-06,0.8940979242324829,10.587764,10.589957237243652
3818,138.14516735076904,0.89412236,0.8941038846969604,9.662447155278642e-06,0.8940979242324829,10.587764,10.589611530303955
3819,138.17814350128174,0.89412236,0.8941099047660828,1.0751844456535764e-05,0.8940979242324829,10.587764,10.589009523391724
3820,138.21024990081787,0.89412236,0.894120454788208,1.8787513909046538e-06,0.8941178917884827,10.587764,10.5879545211792
3821,138.24243569374084,0.89412236,0.8941221833229065,2.664122575879446e-07,0.8941217064857483,10.587764,10.58778166770935
3822,138.27452397346497,0.89412236,0.8941222429275513,1.1920928955078125e-07,0.8941223621368408,10.587764,10.587775707244873
3823,138.30762124061584,0.89412236,0.8941222429275513,1.1920928955078125e-07,0.8941223621368408,10.587764,10.587775707244873
3824,138.3396954536438,0.89412236,0.8941222429275513,1.1920928955078125e-07,0.8941223621368408,10.587764,10.587775707244873
3825,138.3710277080536,0.89412236,0.8941222429275513,1.1920928955078125e-07,0.8941223621368408,10.587764,10.587775707244873
3826,138.40433859825134,0.89412236,0.8941222429275513,1.1920928955078125e-07,0.8941223621368408,10.587764,10.587775707244873
3827,138.46396040916443,0.8941408,0.8902499079704285,0.0031971335411071777,0.8832449913024902,10.585922,10.975009202957153
3828,138.50514316558838,0.8941408,0.8931043148040771,0.0008392200688831508,0.8913124203681946,10.585922,10.689568519592285
3829,138.53816509246826,0.8941408,0.8938411474227905,0.00027878378750756383,0.8932263255119324,10.585922,10.615885257720947
3830,138.57113814353943,0.8941408,0.8940845727920532,7.136488420655951e-05,0.893934965133667,10.585922,10.591542720794678
3831,138.60379004478455,0.8941408,0.8941381573677063,6.645833764196141e-06,0.8941152691841125,10.585922,10.58618426322937
3832,138.63712096214294,0.8941408,0.894140899181366,1.1920928955078125e-07,0.8941407799720764,10.585922,10.585910081863403
3833,138.66933393478394,0.8941408,0.894140899181366,1.1920928955078125e-07,0.8941407799720764,10.585922,10.585910081863403
3834,138.70184659957886,0.8941408,0.894140899181366,1.1920928955078125e-07,0.8941407799720764,10.585922,10.585910081863403
3835,138.73381519317627,0.8941408,0.894140899181366,1.1920928955078125e-07,0.8941407799720764,10.585922,10.585910081863403
3836,138.76688408851624,0.8941408,0.894140899181366,1.1920928955078125e-07,0.8941407799720764,10.585922,10.585910081863403
3837,138.8004503250122,0.8941408,0.894140899181366,1.1920928955078125e-07,0.8941407799720764,10.585922,10.585910081863403
3838,138.8350214958191,0.8941408,0.894140899181366,1.1920928955078125e-07,0.8941407799720764,10.585922,10.585910081863403
3839,138.86714005470276,0.8941408,0.894140899181366,1.1920928955078125e-07,0.8941407799720764,10.585922,10.585910081863403
3840,138.89965891838074,0.89414895,0.8941409587860107,5.376554668146127e-07,0.8941407799720764,10.585106,10.585904121398926
3841,138.93999576568604,0.89414895,0.8941410183906555,9.035290986503242e-07,0.8941407799720764,10.585106,10.585898160934448
3842,138.97250723838806,0.8941504,0.8941411375999451,1.4718390275447746e-06,0.8941407799720764,10.584963,10.585886240005493
3843,139.0108768939972,0.8941787,0.8941420316696167,3.573993581085233e-06,0.8941407799720764,10.582131,10.58579683303833
3844,139.07681703567505,0.894153,0.8901321887969971,0.003341830102726817,0.8827780485153198,10.5847,10.986781120300293
3845,139.11727261543274,0.894153,0.8929992914199829,0.0009729312150739133,0.8910731673240662,10.5847,10.700070858001709
3846,139.15154910087585,0.894153,0.8938628435134888,0.0002912197378464043,0.8931176066398621,10.5847,10.613715648651123
3847,139.185049533844,0.8941626,0.8941067457199097,4.838871245738119e-05,0.893980085849762,10.58374,10.589325428009033
3848,139.2252173423767,0.8941626,0.894144594669342,9.652357221057173e-06,0.8941221237182617,10.58374,10.585540533065796
3849,139.25793957710266,0.8941626,0.8941534757614136,3.7861843793507433e-06,0.8941407799720764,10.58374,10.584652423858643
3850,139.29060459136963,0.8941629,0.8941553831100464,4.196723693894455e-06,0.8941529989242554,10.583711,10.584461688995361
3851,139.3323781490326,0.8941629,0.8941584229469299,4.728733983938582e-06,0.8941529989242554,10.583711,10.584157705307007
3852,139.36583137512207,0.8941629,0.8941624760627747,1.8404494994683773e-07,0.8941625952720642,10.583711,10.583752393722534
3853,139.3987011909485,0.8941629,0.8941625952720642,1.5719865587016102e-07,0.8941625952720642,10.583711,10.583740472793579
3854,139.43166422843933,0.8941629,0.8941627740859985,1.465640622200226e-07,0.8941625952720642,10.583711,10.583722591400146
3855,139.4651951789856,0.8941629,0.8941630721092224,1.7881393432617188e-07,0.8941628932952881,10.583711,10.583692789077759
3856,139.49767446517944,0.8941629,0.8941630721092224,1.7881393432617188e-07,0.8941628932952881,10.583711,10.583692789077759
3857,139.5303316116333,0.8941629,0.8941630721092224,1.7881393432617188e-07,0.8941628932952881,10.583711,10.583692789077759
3858,139.5628480911255,0.8942133,0.8941632509231567,3.1992851745599182e-06,0.8941628932952881,10.578669,10.583674907684326
3859,139.602680683136,0.8942133,0.8941634893417358,4.514024567470187e-06,0.8941628932952881,10.578669,10.583651065826416
3860,139.63365030288696,0.8942133,0.8941652774810791,1.0382768778072204e-05,0.8941628932952881,10.578669,10.58347225189209
3861,139.66638469696045,0.8942133,0.8941692113876343,1.656109634495806e-05,0.8941628932952881,10.578669,10.583078861236572
3862,139.69882106781006,0.8942133,0.8941777348518372,2.288960422447417e-05,0.8941628932952881,10.578669,10.582226514816284
3863,139.73118424415588,0.8942133,0.8941943049430847,2.4463952286168933e-05,0.8941628932952881,10.578669,10.580569505691528
3864,139.76424169540405,0.8942133,0.8942133784294128,5.960464477539063e-08,0.8942133188247681,10.578669,10.578662157058716
3865,139.7998869419098,0.8942133,0.8942133784294128,5.960464477539063e-08,0.8942133188247681,10.578669,10.578662157058716
3866,139.83337545394897,0.8942133,0.8942133784294128,5.960464477539063e-08,0.8942133188247681,10.578669,10.578662157058716
3867,139.86596274375916,0.8942133,0.8942133784294128,5.960464477539063e-08,0.8942133188247681,10.578669,10.578662157058716
3868,139.89991998672485,0.8942133,0.8942133784294128,5.960464477539063e-08,0.8942133188247681,10.578669,10.578662157058716
3869,139.93229174613953,0.8942133,0.8942133784294128,5.960464477539063e-08,0.8942133188247681,10.578669,10.578662157058716
3870,139.96442985534668,0.8942133,0.8942133784294128,5.960464477539063e-08,0.8942133188247681,10.578669,10.578662157058716
3871,139.99758505821228,0.8942133,0.8942133784294128,5.960464477539063e-08,0.8942133188247681,10.578669,10.578662157058716
3872,140.02987456321716,0.8942133,0.8942133784294128,5.960464477539063e-08,0.8942133188247681,10.578669,10.578662157058716
3873,140.0626847743988,0.8942133,0.8942133784294128,5.960464477539063e-08,0.8942133188247681,10.578669,10.578662157058716
3874,140.09537935256958,0.8942133,0.8942133784294128,5.960464477539063e-08,0.8942133188247681,10.578669,10.578662157058716
3875,140.1271107196808,0.8942133,0.8942133784294128,5.960464477539063e-08,0.8942133188247681,10.578669,10.578662157058716
3876,140.15941953659058,0.8942133,0.8942133784294128,5.960464477539063e-08,0.8942133188247681,10.578669,10.578662157058716
3877,140.19047665596008,0.8942133,0.8942133784294128,5.960464477539063e-08,0.8942133188247681,10.578669,10.578662157058716
3878,140.22276830673218,0.8942133,0.8942133784294128,5.960464477539063e-08,0.8942133188247681,10.578669,10.578662157058716
3879,140.25618505477905,0.8942133,0.8942133784294128,5.960464477539063e-08,0.8942133188247681,10.578669,10.578662157058716
3880,140.28986287117004,0.8942133,0.8942133784294128,5.960464477539063e-08,0.8942133188247681,10.578669,10.578662157058716
3881,140.3213963508606,0.8942133,0.8942133784294128,5.960464477539063e-08,0.8942133188247681,10.578669,10.578662157058716
3882,140.35406351089478,0.8942133,0.8942133784294128,5.960464477539063e-08,0.8942133188247681,10.578669,10.578662157058716
3883,140.3878047466278,0.8942133,0.8942133784294128,5.960464477539063e-08,0.8942133188247681,10.578669,10.578662157058716
3884,140.42149329185486,0.8942133,0.8942133784294128,5.960464477539063e-08,0.8942133188247681,10.578669,10.578662157058716
3885,140.45385718345642,0.8942133,0.8942133784294128,5.960464477539063e-08,0.8942133188247681,10.578669,10.578662157058716
3886,140.48786807060242,0.8942133,0.8942133784294128,5.960464477539063e-08,0.8942133188247681,10.578669,10.578662157058716
3887,140.52065253257751,0.8942133,0.8942133784294128,5.960464477539063e-08,0.8942133188247681,10.578669,10.578662157058716
3888,140.55324530601501,0.8942133,0.8942133784294128,5.960464477539063e-08,0.8942133188247681,10.578669,10.578662157058716
3889,140.58508729934692,0.8942133,0.8942133784294128,5.960464477539063e-08,0.8942133188247681,10.578669,10.578662157058716
3890,140.6185646057129,0.8942133,0.8942133784294128,5.960464477539063e-08,0.8942133188247681,10.578669,10.578662157058716
3891,140.65228939056396,0.8942133,0.8942133784294128,5.960464477539063e-08,0.8942133188247681,10.578669,10.578662157058716
3892,140.68395161628723,0.8942133,0.8942133784294128,5.960464477539063e-08,0.8942133188247681,10.578669,10.578662157058716
3893,140.7167031764984,0.8942133,0.8942133784294128,5.960464477539063e-08,0.8942133188247681,10.578669,10.578662157058716
3894,140.74833607673645,0.8942133,0.8942133784294128,5.960464477539063e-08,0.8942133188247681,10.578669,10.578662157058716
3895,140.78131341934204,0.8942747,0.8942136168479919,3.890905645675957e-06,0.8942133188247681,10.572529,10.578638315200806
3896,140.82310366630554,0.8942747,0.8942141532897949,6.711969035677612e-06,0.8942133188247681,10.572529,10.578584671020508
3897,140.85657596588135,0.8942747,0.8942169547080994,1.4195743460732047e-05,0.8942133188247681,10.572529,10.578304529190063
3898,140.8893849849701,0.8942747,0.894222617149353,2.1871768694836646e-05,0.8942133188247681,10.572529,10.577738285064697
3899,140.9217483997345,0.89428586,0.8942354321479797,2.9380444175330922e-05,0.8942133188247681,10.571414,10.576456785202026
3900,140.96230745315552,0.89432645,0.8942599296569824,2.6655889087123796e-05,0.8942133188247681,10.567355,10.574007034301758
3901,141.00347924232483,0.8943882,0.8942782282829285,1.557736140966881e-05,0.8942747116088867,10.56118,10.572177171707153
3902,141.04396319389343,0.8943882,0.8942887187004089,3.364131407579407e-05,0.8942747116088867,10.56118,10.571128129959106
3903,141.0772054195404,0.8943882,0.8943110108375549,4.786738645634614e-05,0.8942747116088867,10.56118,10.568898916244507
3904,141.11086130142212,0.8943882,0.8943525552749634,4.3409720092313364e-05,0.8942747116088867,10.56118,10.564744472503662
3905,141.14369297027588,0.8943882,0.8943880200386047,1.7881393432617188e-07,0.8943878412246704,10.56118,10.561197996139526
3906,141.17534351348877,0.8943882,0.8943881392478943,1.857301867858041e-07,0.8943878412246704,10.56118,10.561186075210571
3907,141.20719480514526,0.8943882,0.8943881988525391,0.0,0.8943881988525391,10.56118,10.561180114746094
3908,141.2404408454895,0.8943882,0.8943881988525391,0.0,0.8943881988525391,10.56118,10.561180114746094
3909,141.27090668678284,0.8945367,0.894388735294342,9.409361155121587e-06,0.8943881988525391,10.546332,10.561126470565796
3910,141.31084299087524,0.8945367,0.8943893909454346,1.3279592167236842e-05,0.8943881988525391,10.546332,10.561060905456543
3911,141.3433599472046,0.89453703,0.8943935632705688,2.7781466997112148e-05,0.8943881988525391,10.546297,10.560643672943115
3912,141.38260746002197,0.89453703,0.8944050073623657,4.703310696640983e-05,0.8943881988525391,10.546297,10.559499263763428
3913,141.41585206985474,0.89453703,0.8944283723831177,6.601672066608444e-05,0.8943881988525391,10.546297,10.557162761688232
3914,141.4505100250244,0.89459443,0.8944718241691589,7.410652324324474e-05,0.8943881988525391,10.540557,10.552817583084106
3915,141.49295163154602,0.89459443,0.894537627696991,6.011951427353779e-06,0.8945366740226746,10.540557,10.546237230300903
3916,141.52714323997498,0.89459443,0.894540011882782,1.2270785191503819e-05,0.8945370316505432,10.540557,10.545998811721802
3917,141.56194376945496,0.89459443,0.8945470452308655,2.102100734191481e-05,0.8945370316505432,10.540557,10.545295476913452
3918,141.59590888023376,0.89459443,0.8945609331130981,2.6869231078308076e-05,0.8945370316505432,10.540557,10.543906688690186
3919,141.62828922271729,0.89459443,0.8945872783660889,1.4036180800758302e-05,0.8945449590682983,10.540557,10.541272163391113
3920,141.6605944633484,0.89459443,0.8945942521095276,1.7881393432617188e-07,0.8945944309234619,10.540557,10.540574789047241
3921,141.69214344024658,0.89459443,0.8945942521095276,1.7881393432617188e-07,0.8945944309234619,10.540557,10.540574789047241
3922,141.7242865562439,0.89460903,0.8945943117141724,9.424093718735094e-07,0.8945944309234619,10.539097,10.540568828582764
3923,141.76380109786987,0.89464116,0.8945947885513306,4.46341937276884e-06,0.8945944309234619,10.535884,10.540521144866943
3924,141.80638813972473,0.89464116,0.8945965766906738,9.127981684287079e-06,0.8945944309234619,10.535884,10.540342330932617
3925,141.84120106697083,0.89464116,0.8946022391319275,1.6478432371513918e-05,0.8945944309234619,10.535884,10.539776086807251
3926,141.87388730049133,0.89464116,0.8946132659912109,2.153016612282954e-05,0.8945944309234619,10.535884,10.538673400878906
3927,141.90634894371033,0.89464116,0.894633412361145,1.3137706446286757e-05,0.8945944309234619,10.535884,10.536658763885498
3928,141.94133925437927,0.89464116,0.8946410417556763,1.1920928955078125e-07,0.8946411609649658,10.535884,10.535895824432373
3929,141.9843876361847,0.89464116,0.8946410417556763,1.1920928955078125e-07,0.8946411609649658,10.535884,10.535895824432373
3930,142.03056454658508,0.89464116,0.8946410417556763,1.1920928955078125e-07,0.8946411609649658,10.535884,10.535895824432373
3931,142.0682065486908,0.89464116,0.8946410417556763,1.1920928955078125e-07,0.8946411609649658,10.535884,10.535895824432373
3932,142.10170221328735,0.89464116,0.8946410417556763,1.1920928955078125e-07,0.8946411609649658,10.535884,10.535895824432373
3933,142.13383603096008,0.89464116,0.8946410417556763,1.1920928955078125e-07,0.8946411609649658,10.535884,10.535895824432373
3934,142.16669845581055,0.89464116,0.8946410417556763,1.1920928955078125e-07,0.8946411609649658,10.535884,10.535895824432373
3935,142.1989586353302,0.89464116,0.8946410417556763,1.1920928955078125e-07,0.8946411609649658,10.535884,10.535895824432373
3936,142.23381543159485,0.89464116,0.8946410417556763,1.1920928955078125e-07,0.8946411609649658,10.535884,10.535895824432373
3937,142.2669939994812,0.89464116,0.8946410417556763,1.1920928955078125e-07,0.8946411609649658,10.535884,10.535895824432373
3938,142.2988839149475,0.89464116,0.8946410417556763,1.1920928955078125e-07,0.8946411609649658,10.535884,10.535895824432373
3939,142.3323118686676,0.89464116,0.8946410417556763,1.1920928955078125e-07,0.8946411609649658,10.535884,10.535895824432373
3940,142.36515736579895,0.89464116,0.8946410417556763,1.1920928955078125e-07,0.8946411609649658,10.535884,10.535895824432373
3941,142.39691352844238,0.89464116,0.8946410417556763,1.1920928955078125e-07,0.8946411609649658,10.535884,10.535895824432373
3942,142.42898106575012,0.89464116,0.8946410417556763,1.1920928955078125e-07,0.8946411609649658,10.535884,10.535895824432373
3943,142.46125078201294,0.89464116,0.8946410417556763,1.1920928955078125e-07,0.8946411609649658,10.535884,10.535895824432373
3944,142.4933979511261,0.89464116,0.8946410417556763,1.1920928955078125e-07,0.8946411609649658,10.535884,10.535895824432373
3945,142.526193857193,0.89464116,0.8946410417556763,1.1920928955078125e-07,0.8946411609649658,10.535884,10.535895824432373
3946,142.55988025665283,0.89464164,0.8946410417556763,1.2484430556014559e-07,0.8946411609649658,10.535836,10.535895824432373
3947,142.60013794898987,0.89464164,0.8946410417556763,1.3541264820560173e-07,0.8946411609649658,10.535836,10.535895824432373
3948,142.63333463668823,0.89464164,0.8946410417556763,1.82932410552894e-07,0.8946411609649658,10.535836,10.535895824432373
3949,142.6701145172119,0.89464164,0.8946411609649658,1.8787743272241642e-07,0.8946411609649658,10.535836,10.535883903503418
3950,142.70391869544983,0.89464164,0.8946412801742554,2.3159127238159272e-07,0.8946411609649658,10.535836,10.535871982574463
3951,142.73693990707397,0.89464605,0.894641637802124,3.6906160971739155e-07,0.8946411609649658,10.535395,10.535836219787598
3952,142.7780478000641,0.8946648,0.8946419954299927,1.5575444649584824e-06,0.894641637802124,10.533518,10.535800457000732
3953,142.81767868995667,0.8946648,0.8946430087089539,4.549870027403813e-06,0.894641637802124,10.533518,10.535699129104614
3954,142.85088777542114,0.8946648,0.8946453332901001,7.877853022364434e-06,0.894641637802124,10.533518,10.53546667098999
3955,142.88515067100525,0.8946648,0.8946505188941956,1.0568215657258406e-05,0.894641637802124,10.533518,10.534948110580444
3956,142.91923546791077,0.894842,0.8946609497070312,1.3830554962623864e-05,0.894641637802124,10.515797,10.533905029296875
3957,142.96069145202637,0.8949262,0.8946700692176819,3.3901360438903794e-05,0.8946648240089417,10.507381,10.532993078231812
3958,143.00510096549988,0.89492995,0.8946841955184937,6.46754851914011e-05,0.8946648240089417,10.507006,10.531580448150635
3959,143.04656219482422,0.89492995,0.8947173357009888,0.00010097022459376603,0.8946648240089417,10.507006,10.528266429901123
3960,143.08214354515076,0.89492995,0.8947809934616089,0.00012453558156266809,0.8946648240089417,10.507006,10.521900653839111
3961,143.11802077293396,0.89492995,0.8948976397514343,6.984921492403373e-05,0.8946686387062073,10.507006,10.510236024856567
3962,143.1493284702301,0.89492995,0.8949284553527832,1.8331965065954137e-06,0.8949261903762817,10.507006,10.50715446472168
3963,143.18202805519104,0.89492995,0.8949299454689026,0.0,0.8949299454689026,10.507006,10.507005453109741
3964,143.21559953689575,0.89492995,0.8949299454689026,0.0,0.8949299454689026,10.507006,10.507005453109741
3965,143.24918603897095,0.89492995,0.8949299454689026,0.0,0.8949299454689026,10.507006,10.507005453109741
3966,143.28168511390686,0.89492995,0.8949299454689026,0.0,0.8949299454689026,10.507006,10.507005453109741
3967,143.3155484199524,0.89492995,0.8949299454689026,0.0,0.8949299454689026,10.507006,10.507005453109741
3968,143.34855341911316,0.89492995,0.8949299454689026,0.0,0.8949299454689026,10.507006,10.507005453109741
3969,143.38070344924927,0.89492995,0.8949299454689026,0.0,0.8949299454689026,10.507006,10.507005453109741
3970,143.4147288799286,0.89492995,0.8949299454689026,0.0,0.8949299454689026,10.507006,10.507005453109741
3971,143.44805717468262,0.89497626,0.8949301242828369,2.9349419037316693e-06,0.8949299454689026,10.502375,10.506987571716309
3972,143.48773002624512,0.89497626,0.8949310779571533,7.0989922278386075e-06,0.8949299454689026,10.502375,10.506892204284668
3973,143.5210268497467,0.89497626,0.8949340581893921,1.3114171451888978e-05,0.8949299454689026,10.502375,10.506594181060791
3974,143.55589509010315,0.89497626,0.8949398994445801,1.8967955838888884e-05,0.8949299454689026,10.502375,10.506010055541992
3975,143.5939884185791,0.89497626,0.8949521780014038,2.2979334971751086e-05,0.8949299454689026,10.502375,10.50478219985962
3976,143.62817215919495,0.89497626,0.8949750065803528,7.0021956162236165e-06,0.8949305415153503,10.502375,10.502499341964722
3977,143.6617865562439,0.89498675,0.8949763774871826,6.692317242595891e-07,0.8949762582778931,10.501326,10.502362251281738
3978,143.701096534729,0.8950432,0.8949767351150513,4.340856321505271e-06,0.8949762582778931,10.495681,10.502326488494873
3979,143.74165225028992,0.8950432,0.8949776291847229,7.67293749959208e-06,0.8949762582778931,10.495681,10.50223708152771
3980,143.77521014213562,0.8950432,0.8949813842773438,1.575539499754086e-05,0.8949762582778931,10.495681,10.501861572265625
3981,143.80895137786865,0.8950658,0.8949902653694153,2.5419629309908487e-05,0.8949762582778931,10.493422,10.500973463058472
3982,143.8488359451294,0.8950658,0.8950080871582031,3.070975799346343e-05,0.8949762582778931,10.493422,10.499191284179688
3983,143.88111519813538,0.8950717,0.8950387835502625,1.6770856746006757e-05,0.8949949741363525,10.492831,10.496121644973755
3984,143.92088103294373,0.89507174,0.8950480818748474,8.193293069780339e-06,0.8950431942939758,10.4928255,10.495191812515259
3985,143.96137857437134,0.89507174,0.8950536251068115,9.803148714127019e-06,0.8950431942939758,10.4928255,10.494637489318848
3986,143.9956555366516,0.89507174,0.8950625658035278,6.495053185062716e-06,0.8950506448745728,10.4928255,10.493743419647217
3987,144.02909874916077,0.89507174,0.8950676321983337,2.8229142117197625e-06,0.895065188407898,10.4928255,10.493236780166626
3988,144.0608353614807,0.89507174,0.8950697183609009,2.81217080555507e-06,0.8950657844543457,10.4928255,10.493028163909912
3989,144.09299874305725,0.89507174,0.8950719237327576,1.7881393432617188e-07,0.8950717449188232,10.4928255,10.492807626724243
3990,144.12548851966858,0.89507174,0.8950719237327576,1.7881393432617188e-07,0.8950717449188232,10.4928255,10.492807626724243
3991,144.15784311294556,0.89507174,0.8950719237327576,1.7881393432617188e-07,0.8950717449188232,10.4928255,10.492807626724243
3992,144.19022917747498,0.89507174,0.8950719237327576,1.7881393432617188e-07,0.8950717449188232,10.4928255,10.492807626724243
3993,144.22246861457825,0.89507174,0.8950719237327576,1.7881393432617188e-07,0.8950717449188232,10.4928255,10.492807626724243
3994,144.2555456161499,0.89507174,0.8950719237327576,1.7881393432617188e-07,0.8950717449188232,10.4928255,10.492807626724243
3995,144.28889083862305,0.89507174,0.8950719237327576,1.7881393432617188e-07,0.8950717449188232,10.4928255,10.492807626724243
3996,144.3215537071228,0.89507174,0.8950719237327576,1.7881393432617188e-07,0.8950717449188232,10.4928255,10.492807626724243
3997,144.35347199440002,0.89507174,0.8950719237327576,1.7881393432617188e-07,0.8950717449188232,10.4928255,10.492807626724243
3998,144.38551354408264,0.89507174,0.8950719237327576,1.7881393432617188e-07,0.8950717449188232,10.4928255,10.492807626724243
3999,144.41854238510132,0.89507174,0.8950719237327576,1.7881393432617188e-07,0.8950717449188232,10.4928255,10.492807626724243
4000,144.45119500160217,0.89507174,0.8950719237327576,1.7881393432617188e-07,0.8950717449188232,10.4928255,10.492807626724243
4001,144.49095821380615,0.89507174,0.8950719237327576,1.7881393432617188e-07,0.8950717449188232,10.4928255,10.492807626724243
4002,144.5229845046997,0.89507174,0.8950719237327576,1.7881393432617188e-07,0.8950717449188232,10.4928255,10.492807626724243
4003,144.55523538589478,0.89507174,0.8950719237327576,1.7881393432617188e-07,0.8950717449188232,10.4928255,10.492807626724243
4004,144.5859670639038,0.89507174,0.8950719237327576,1.7881393432617188e-07,0.8950717449188232,10.4928255,10.492807626724243
4005,144.61987614631653,0.89507174,0.8950719237327576,1.7881393432617188e-07,0.8950717449188232,10.4928255,10.492807626724243
4006,144.65197086334229,0.89507174,0.8950719237327576,1.7881393432617188e-07,0.8950717449188232,10.4928255,10.492807626724243
4007,144.68497920036316,0.89507174,0.8950719237327576,1.7881393432617188e-07,0.8950717449188232,10.4928255,10.492807626724243
4008,144.71817564964294,0.89507174,0.8950719237327576,1.7881393432617188e-07,0.8950717449188232,10.4928255,10.492807626724243
4009,144.75022435188293,0.89507174,0.8950719237327576,1.7881393432617188e-07,0.8950717449188232,10.4928255,10.492807626724243
4010,144.7830638885498,0.8951126,0.8950721025466919,2.594610805317643e-06,0.8950717449188232,10.488743,10.49278974533081
4011,144.82315468788147,0.8951126,0.8950724601745605,4.468853148864582e-06,0.8950717449188232,10.488743,10.492753982543945
4012,144.8556911945343,0.8951126,0.8950739502906799,8.764252925175242e-06,0.8950717449188232,10.488743,10.492604970932007
4013,144.88907408714294,0.8951205,0.895077645778656,1.3819751984556206e-05,0.8950717449188232,10.487949,10.4922354221344
4014,144.92928409576416,0.8951205,0.8950848579406738,1.801075086405035e-05,0.8950717449188232,10.487949,10.491514205932617
4015,144.96223735809326,0.89512146,0.8950985074043274,1.6975371181615628e-05,0.8950717449188232,10.487854,10.49014925956726
4016,145.00160837173462,0.89512146,0.8951128721237183,6.675821168755647e-06,0.8950962424278259,10.487854,10.488712787628174
4017,145.03506875038147,0.89512146,0.8951179385185242,3.6487945180851966e-06,0.8951125741004944,10.487854,10.488206148147583
4018,145.06930780410767,0.89512765,0.8951209187507629,6.312503160188498e-07,0.8951205015182495,10.487234,10.487908124923706
4019,145.10957312583923,0.8951576,0.8951214551925659,2.436499016766902e-06,0.8951205015182495,10.484242,10.487854480743408
4020,145.14904475212097,0.8951585,0.8951230049133301,6.665823548246408e-06,0.8951214551925659,10.484147,10.487699508666992
4021,145.18825817108154,0.89516056,0.8951266407966614,1.2237822375027463e-05,0.8951214551925659,10.483944,10.487335920333862
4022,145.22860407829285,0.89516056,0.8951339721679688,1.6944406524999067e-05,0.8951214551925659,10.483944,10.486602783203125
4023,145.26313614845276,0.89516056,0.8951480984687805,1.575779970153235e-05,0.8951214551925659,10.483944,10.485190153121948
4024,145.29643273353577,0.89517415,0.8951595425605774,1.219703790411586e-06,0.8951585292816162,10.482586,10.48404574394226
4025,145.3360619544983,0.89517415,0.8951605558395386,1.7739549775797059e-06,0.8951595425605774,10.482586,10.483944416046143
4026,145.369393825531,0.89517415,0.8951613903045654,3.137149178655818e-06,0.8951605558395386,10.482586,10.483860969543457
4027,145.40273690223694,0.89517415,0.8951624035835266,4.586428985930979e-06,0.8951605558395386,10.482586,10.483759641647339
4028,145.43678617477417,0.89517415,0.8951648473739624,6.32096680419636e-06,0.8951605558395386,10.482586,10.48351526260376
4029,145.46995520591736,0.89517415,0.8951693773269653,6.4939422372845e-06,0.8951605558395386,10.482586,10.483062267303467
4030,145.50316405296326,0.89517415,0.8951740860939026,5.960464477539063e-08,0.8951741456985474,10.482586,10.482591390609741
4031,145.53561329841614,0.89517415,0.8951740860939026,5.960464477539063e-08,0.8951741456985474,10.482586,10.482591390609741
4032,145.56731820106506,0.89517415,0.8951740860939026,5.960464477539063e-08,0.8951741456985474,10.482586,10.482591390609741
4033,145.60155701637268,0.89517415,0.8951740860939026,5.960464477539063e-08,0.8951741456985474,10.482586,10.482591390609741
4034,145.6347997188568,0.89517415,0.8951740860939026,5.960464477539063e-08,0.8951741456985474,10.482586,10.482591390609741
4035,145.66889262199402,0.89517415,0.8951740860939026,5.960464477539063e-08,0.8951741456985474,10.482586,10.482591390609741
4036,145.7034592628479,0.89517415,0.8951740860939026,5.960464477539063e-08,0.8951741456985474,10.482586,10.482591390609741
4037,145.73600697517395,0.89517415,0.8951740860939026,5.960464477539063e-08,0.8951741456985474,10.482586,10.482591390609741
4038,145.7699909210205,0.89517415,0.8951740860939026,5.960464477539063e-08,0.8951741456985474,10.482586,10.482591390609741
4039,145.80387496948242,0.89517415,0.8951740860939026,5.960464477539063e-08,0.8951741456985474,10.482586,10.482591390609741
4040,145.8364531993866,0.89517415,0.8951740860939026,5.960464477539063e-08,0.8951741456985474,10.482586,10.482591390609741
4041,145.8694543838501,0.89517415,0.8951740860939026,5.960464477539063e-08,0.8951741456985474,10.482586,10.482591390609741
4042,145.9026517868042,0.89517415,0.8951740860939026,5.960464477539063e-08,0.8951741456985474,10.482586,10.482591390609741
4043,145.96146893501282,0.89521265,0.8914967179298401,0.0035044560208916664,0.8829432725906372,10.478735,10.850328207015991
4044,146.00173926353455,0.89521265,0.8944180011749268,0.0007199559477157891,0.8926525115966797,10.478735,10.558199882507324
4045,146.03489446640015,0.89521265,0.8950037956237793,0.00018708188144955784,0.8946669697761536,10.478735,10.49962043762207
4046,146.06799960136414,0.89521265,0.8951698541641235,3.5720342566492036e-05,0.8950995206832886,10.478735,10.483014583587646
4047,146.10013604164124,0.89521337,0.8952010273933411,1.6380512533942237e-05,0.8951741456985474,10.478663,10.479897260665894
4048,146.1406168937683,0.89521337,0.8952124714851379,2.1782084047572425e-07,0.8952126502990723,10.478663,10.478752851486206
4049,146.17391872406006,0.89521337,0.8952124714851379,2.7998018481412146e-07,0.8952126502990723,10.478663,10.478752851486206
4050,146.20632886886597,0.89521337,0.8952125310897827,3.5826820976581075e-07,0.8952126502990723,10.478663,10.478746891021729
4051,146.23962426185608,0.89521337,0.895212709903717,4.063790015607083e-07,0.8952126502990723,10.478663,10.478729009628296
4052,146.27222561836243,0.89521337,0.8952130675315857,3.234704593069182e-07,0.8952126502990723,10.478663,10.47869324684143
4053,146.3058090209961,0.89521337,0.89521324634552,1.1920928955078125e-07,0.8952133655548096,10.478663,10.478675365447998
4054,146.3395800590515,0.89521337,0.89521324634552,1.1920928955078125e-07,0.8952133655548096,10.478663,10.478675365447998
4055,146.37275576591492,0.89521337,0.89521324634552,1.1920928955078125e-07,0.8952133655548096,10.478663,10.478675365447998
4056,146.40619540214539,0.89521337,0.89521324634552,1.1920928955078125e-07,0.8952133655548096,10.478663,10.478675365447998
4057,146.4657542705536,0.89521337,0.8919541835784912,0.0027066972106695175,0.8854504227638245,10.478663,10.804581642150879
4058,146.50649690628052,0.89521337,0.8942899107933044,0.0007646798621863127,0.8928069472312927,10.478663,10.571008920669556
4059,146.53862166404724,0.89521337,0.8949684500694275,0.00026926229475066066,0.8943268060684204,10.478663,10.503154993057251
4060,146.57107639312744,0.89521337,0.895172655582428,4.6259483497124165e-05,0.8950837850570679,10.478663,10.482734441757202
4061,146.60390067100525,0.89521337,0.89521324634552,1.1920928955078125e-07,0.8952133655548096,10.478663,10.478675365447998
4062,146.63754844665527,0.89521337,0.89521324634552,1.1920928955078125e-07,0.8952133655548096,10.478663,10.478675365447998
4063,146.66924595832825,0.89521337,0.89521324634552,1.1920928955078125e-07,0.8952133655548096,10.478663,10.478675365447998
4064,146.70228695869446,0.89521337,0.89521324634552,1.1920928955078125e-07,0.8952133655548096,10.478663,10.478675365447998
4065,146.73441886901855,0.89521337,0.89521324634552,1.1920928955078125e-07,0.8952133655548096,10.478663,10.478675365447998
4066,146.76656818389893,0.89521337,0.89521324634552,1.1920928955078125e-07,0.8952133655548096,10.478663,10.478675365447998
4067,146.80347609519958,0.89521337,0.89521324634552,1.1920928955078125e-07,0.8952133655548096,10.478663,10.478675365447998
4068,146.83635330200195,0.89521337,0.89521324634552,1.1920928955078125e-07,0.8952133655548096,10.478663,10.478675365447998
4069,146.87030339241028,0.89522636,0.8952133059501648,8.310245220854995e-07,0.8952133655548096,10.477364,10.47866940498352
4070,146.91154551506042,0.89522636,0.8952133655548096,1.1668787465168862e-06,0.8952133655548096,10.477364,10.478663444519043
4071,146.9456069469452,0.8952274,0.8952135443687439,2.0547713575069793e-06,0.8952133655548096,10.4772625,10.47864556312561
4072,146.9859549999237,0.89525026,0.8952149152755737,5.729354143113596e-06,0.8952133655548096,10.474974,10.478508472442627
4073,147.02681064605713,0.89525026,0.8952187299728394,1.0863758689083625e-05,0.8952133655548096,10.474974,10.478127002716064
4074,147.05911874771118,0.89525026,0.8952263593673706,1.4598320376535412e-05,0.8952133655548096,10.474974,10.47736406326294
4075,147.09225368499756,0.89525026,0.8952410817146301,9.299535122408997e-06,0.8952263593673706,10.474974,10.475891828536987
4076,147.1244876384735,0.89525026,0.8952488899230957,2.1497357920452487e-06,0.8952451348304749,10.474974,10.47511100769043
4077,147.15745425224304,0.89525026,0.8952502608299255,5.664717761533211e-08,0.8952500224113464,10.474974,10.474973917007446
4078,147.1901466846466,0.89525026,0.8952502608299255,0.0,0.8952502608299255,10.474974,10.474973917007446
4079,147.22291898727417,0.89525026,0.8952502608299255,0.0,0.8952502608299255,10.474974,10.474973917007446
4080,147.25757217407227,0.8952519,0.8952502608299255,1.0597716482152464e-07,0.8952502608299255,10.474807,10.474973917007446
4081,147.297260761261,0.8952519,0.8952502608299255,2.1195432964304928e-07,0.8952502608299255,10.474807,10.474973917007446
4082,147.33040404319763,0.8952576,0.8952504396438599,8.696787858752941e-07,0.8952502608299255,10.474241,10.474956035614014
4083,147.37150812149048,0.8952576,0.8952509760856628,2.0514744392130524e-06,0.8952502608299255,10.474241,10.474902391433716
4084,147.40467405319214,0.8952576,0.895252525806427,3.1726247016194975e-06,0.8952502608299255,10.474241,10.4747474193573
4085,147.4369602203369,0.8952576,0.8952550292015076,3.1814274734642822e-06,0.8952502608299255,10.474241,10.474497079849243
4086,147.46949529647827,0.8952576,0.8952577114105225,1.1920928955078125e-07,0.8952575922012329,10.474241,10.474228858947754
4087,147.50194025039673,0.8952576,0.8952577114105225,1.1920928955078125e-07,0.8952575922012329,10.474241,10.474228858947754
4088,147.53340601921082,0.8952576,0.8952577114105225,1.1920928955078125e-07,0.8952575922012329,10.474241,10.474228858947754
4089,147.56657314300537,0.8952576,0.8952577114105225,1.1920928955078125e-07,0.8952575922012329,10.474241,10.474228858947754
4090,147.5989363193512,0.8952576,0.8952577114105225,1.1920928955078125e-07,0.8952575922012329,10.474241,10.474228858947754
4091,147.63160395622253,0.8952576,0.8952577114105225,1.1920928955078125e-07,0.8952575922012329,10.474241,10.474228858947754
4092,147.66473817825317,0.8952576,0.8952577114105225,1.1920928955078125e-07,0.8952575922012329,10.474241,10.474228858947754
4093,147.69746375083923,0.8952576,0.8952577114105225,1.1920928955078125e-07,0.8952575922012329,10.474241,10.474228858947754
4094,147.7304139137268,0.8952576,0.8952577114105225,1.1920928955078125e-07,0.8952575922012329,10.474241,10.474228858947754
4095,147.76522541046143,0.8952576,0.8952577114105225,1.1920928955078125e-07,0.8952575922012329,10.474241,10.474228858947754
4096,147.79944682121277,0.8952576,0.8952577114105225,1.1920928955078125e-07,0.8952575922012329,10.474241,10.474228858947754
4097,147.83501625061035,0.8952576,0.8952577114105225,1.1920928955078125e-07,0.8952575922012329,10.474241,10.474228858947754
4098,147.8699667453766,0.8952576,0.8952577114105225,1.1920928955078125e-07,0.8952575922012329,10.474241,10.474228858947754
4099,147.9051229953766,0.8952576,0.8952577114105225,1.1920928955078125e-07,0.8952575922012329,10.474241,10.474228858947754
4100,147.93946480751038,0.8952576,0.8952577114105225,1.1920928955078125e-07,0.8952575922012329,10.474241,10.474228858947754
4101,147.97289848327637,0.8952576,0.8952577114105225,1.1920928955078125e-07,0.8952575922012329,10.474241,10.474228858947754
4102,148.00594091415405,0.8952576,0.8952577114105225,1.1920928955078125e-07,0.8952575922012329,10.474241,10.474228858947754
4103,148.0393431186676,0.8952576,0.8952577114105225,1.1920928955078125e-07,0.8952575922012329,10.474241,10.474228858947754
4104,148.07160234451294,0.8952576,0.8952577114105225,1.1920928955078125e-07,0.8952575922012329,10.474241,10.474228858947754
4105,148.10436010360718,0.8952576,0.8952577114105225,1.1920928955078125e-07,0.8952575922012329,10.474241,10.474228858947754
4106,148.13625526428223,0.8952576,0.8952577114105225,1.1920928955078125e-07,0.8952575922012329,10.474241,10.474228858947754
4107,148.1688847541809,0.8952576,0.8952577114105225,1.1920928955078125e-07,0.8952575922012329,10.474241,10.474228858947754
4108,148.20132207870483,0.8952576,0.8952577114105225,1.1920928955078125e-07,0.8952575922012329,10.474241,10.474228858947754
4109,148.23360991477966,0.8952576,0.8952577114105225,1.1920928955078125e-07,0.8952575922012329,10.474241,10.474228858947754
4110,148.26770162582397,0.8952576,0.8952577114105225,1.1920928955078125e-07,0.8952575922012329,10.474241,10.474228858947754
4111,148.29995203018188,0.8952576,0.8952577114105225,1.1920928955078125e-07,0.8952575922012329,10.474241,10.474228858947754
4112,148.3324224948883,0.8952576,0.8952577114105225,1.1920928955078125e-07,0.8952575922012329,10.474241,10.474228858947754
4113,148.36508202552795,0.8952576,0.8952577114105225,1.1920928955078125e-07,0.8952575922012329,10.474241,10.474228858947754
4114,148.39718198776245,0.8952576,0.8952577114105225,1.1920928955078125e-07,0.8952575922012329,10.474241,10.474228858947754
4115,148.4322726726532,0.8952576,0.8952577114105225,1.1920928955078125e-07,0.8952575922012329,10.474241,10.474228858947754
4116,148.4671425819397,0.8952576,0.8952577114105225,1.1920928955078125e-07,0.8952575922012329,10.474241,10.474228858947754
4117,148.50282549858093,0.8952576,0.8952577114105225,1.1920928955078125e-07,0.8952575922012329,10.474241,10.474228858947754
4118,148.53922700881958,0.8952576,0.8952577114105225,1.1920928955078125e-07,0.8952575922012329,10.474241,10.474228858947754
4119,148.57291626930237,0.8952688,0.8952577710151672,7.225885951811506e-07,0.8952575922012329,10.47312,10.474222898483276
4120,148.61508345603943,0.8952688,0.8952580094337463,1.7279379562751274e-06,0.8952575922012329,10.47312,10.474199056625366
4121,148.64801144599915,0.8952688,0.8952586650848389,3.029252866326715e-06,0.8952575922012329,10.47312,10.474133491516113
4122,148.68042278289795,0.8952688,0.895260214805603,4.400452326080995e-06,0.8952575922012329,10.47312,10.473978519439697
4123,148.712504863739,0.8952688,0.8952629566192627,4.850205641560024e-06,0.8952575922012329,10.47312,10.47370433807373
4124,148.7454423904419,0.8952688,0.8952673077583313,2.2143694877740927e-06,0.8952617645263672,10.47312,10.47326922416687
4125,148.7787787914276,0.8952688,0.8952687382698059,5.960464477539063e-08,0.8952687978744507,10.47312,10.47312617301941
4126,148.81383419036865,0.8952688,0.8952687382698059,5.960464477539063e-08,0.8952687978744507,10.47312,10.47312617301941
4127,148.84688425064087,0.8952688,0.8952687382698059,5.960464477539063e-08,0.8952687978744507,10.47312,10.47312617301941
4128,148.87986421585083,0.8952688,0.8952687382698059,5.960464477539063e-08,0.8952687978744507,10.47312,10.47312617301941
4129,148.9137270450592,0.8952688,0.8952687382698059,5.960464477539063e-08,0.8952687978744507,10.47312,10.47312617301941
4130,148.94619941711426,0.8952688,0.8952687382698059,5.960464477539063e-08,0.8952687978744507,10.47312,10.47312617301941
4131,148.97842025756836,0.8952688,0.8952687382698059,5.960464477539063e-08,0.8952687978744507,10.47312,10.47312617301941
4132,149.01008319854736,0.8952688,0.8952687382698059,5.960464477539063e-08,0.8952687978744507,10.47312,10.47312617301941
4133,149.04341101646423,0.8952688,0.8952687382698059,5.960464477539063e-08,0.8952687978744507,10.47312,10.47312617301941
4134,149.07504224777222,0.8952688,0.8952687382698059,5.960464477539063e-08,0.8952687978744507,10.47312,10.47312617301941
4135,149.108713388443,0.8952688,0.8952687382698059,5.960464477539063e-08,0.8952687978744507,10.47312,10.47312617301941
4136,149.14191102981567,0.8952688,0.8952687382698059,5.960464477539063e-08,0.8952687978744507,10.47312,10.47312617301941
4137,149.17484426498413,0.8952688,0.8952687382698059,5.960464477539063e-08,0.8952687978744507,10.47312,10.47312617301941
4138,149.2075457572937,0.8952688,0.8952687382698059,5.960464477539063e-08,0.8952687978744507,10.47312,10.47312617301941
4139,149.2413547039032,0.8952688,0.8952687382698059,5.960464477539063e-08,0.8952687978744507,10.47312,10.47312617301941
4140,149.2730770111084,0.8952688,0.8952687382698059,5.960464477539063e-08,0.8952687978744507,10.47312,10.47312617301941
4141,149.30607748031616,0.8952688,0.8952687382698059,5.960464477539063e-08,0.8952687978744507,10.47312,10.47312617301941
4142,149.33765029907227,0.8952688,0.8952687382698059,5.960464477539063e-08,0.8952687978744507,10.47312,10.47312617301941
4143,149.37003922462463,0.8952688,0.8952687382698059,5.960464477539063e-08,0.8952687978744507,10.47312,10.47312617301941
4144,149.40264511108398,0.8952688,0.8952687382698059,5.960464477539063e-08,0.8952687978744507,10.47312,10.47312617301941
4145,149.4354019165039,0.8952688,0.8952687382698059,5.960464477539063e-08,0.8952687978744507,10.47312,10.47312617301941
4146,149.46843147277832,0.8952688,0.8952687382698059,5.960464477539063e-08,0.8952687978744507,10.47312,10.47312617301941
4147,149.50165057182312,0.8952688,0.8952687382698059,5.960464477539063e-08,0.8952687978744507,10.47312,10.47312617301941
4148,149.53386640548706,0.8952688,0.8952687382698059,5.960464477539063e-08,0.8952687978744507,10.47312,10.47312617301941
4149,149.56744265556335,0.8952688,0.8952687382698059,5.960464477539063e-08,0.8952687978744507,10.47312,10.47312617301941
4150,149.59946703910828,0.8952688,0.8952687382698059,5.960464477539063e-08,0.8952687978744507,10.47312,10.47312617301941
4151,149.6599895954132,0.8953546,0.8921262621879578,0.0025836338754743338,0.8860569596290588,10.464537,10.787373781204224
4152,149.70002150535583,0.8953546,0.8944347500801086,0.0007093852036632597,0.8927971124649048,10.464537,10.556524991989136
4153,149.73230504989624,0.8953546,0.8950594067573547,0.0002503888972569257,0.8945820927619934,10.464537,10.494059324264526
4154,149.76434469223022,0.8953546,0.8952838778495789,5.124978270032443e-05,0.895183801651001,10.464537,10.471612215042114
4155,149.79749846458435,0.8953546,0.8953220844268799,3.350593397044577e-05,0.895285964012146,10.464537,10.467791557312012
4156,149.83083605766296,0.8953546,0.8953545093536377,1.1920928955078125e-07,0.8953546285629272,10.464537,10.46454906463623
4157,149.8644323348999,0.8953546,0.8953545093536377,1.1920928955078125e-07,0.8953546285629272,10.464537,10.46454906463623
4158,149.89997816085815,0.8953546,0.8953545093536377,1.1920928955078125e-07,0.8953546285629272,10.464537,10.46454906463623
4159,149.9365735054016,0.8953546,0.8953545093536377,1.1920928955078125e-07,0.8953546285629272,10.464537,10.46454906463623
4160,149.96998810768127,0.8953546,0.8953545093536377,1.1920928955078125e-07,0.8953546285629272,10.464537,10.46454906463623
4161,150.00208115577698,0.8953546,0.8953545093536377,1.1920928955078125e-07,0.8953546285629272,10.464537,10.46454906463623
