generation,elapsed_time_sec,best,mean,std,worst,best_error,mean_error
1,0.0265200138092041,0.5409237,0.44329172372817993,0.032744139432907104,0.401522696018219,45.907627,55.67082762718201
2,0.058060407638549805,0.54903567,0.476267009973526,0.02751598320901394,0.4392530918121338,45.09643,52.3732990026474
3,0.0903620719909668,0.556192,0.5024598836898804,0.02154690772294998,0.4736449122428894,44.380802,49.75401163101196
4,0.12196040153503418,0.5780324,0.524260401725769,0.01731318049132824,0.5008984804153442,42.196762,47.573959827423096
5,0.15311384201049805,0.5873469,0.5409455895423889,0.015245772898197174,0.5211378931999207,41.26531,45.90544104576111
6,0.18353724479675293,0.61395824,0.5570657849311829,0.01631319522857666,0.5406720638275146,38.604176,44.293421506881714
7,0.21340179443359375,0.6222981,0.573741614818573,0.016306264325976372,0.5541762113571167,37.770187,42.6258385181427
8,0.24461030960083008,0.62425363,0.5891812443733215,0.014833904802799225,0.5702253580093384,37.57464,41.08187556266785
9,0.2761228084564209,0.6502124,0.6049648523330688,0.013694362714886665,0.5864690542221069,34.97876,39.503514766693115
10,0.30817604064941406,0.6503607,0.6193155646324158,0.01150136161595583,0.6047743558883667,34.96393,38.06844353675842
11,0.33846187591552734,0.664593,0.6309957504272461,0.010847484692931175,0.6172801852226257,33.540703,36.90042495727539
12,0.3704557418823242,0.66590905,0.6413701772689819,0.009055069647729397,0.6283279657363892,33.409096,35.86298227310181
13,0.4212212562561035,0.67612,0.6450858116149902,0.009107890538871288,0.6332293748855591,32.388,35.49141883850098
14,0.4514796733856201,0.67612,0.6542387008666992,0.007787945680320263,0.6439889669418335,32.388,34.57612991333008
15,0.47483086585998535,0.6775434,0.6614871621131897,0.006603477988392115,0.6531754732131958,32.24566,33.85128378868103
16,0.506279706954956,0.68692696,0.6679705381393433,0.00617164047434926,0.6599210500717163,31.307304,33.202946186065674
17,0.5364406108856201,0.68819743,0.6737630367279053,0.004975504707545042,0.6667418479919434,31.180256,32.62369632720947
18,0.5666821002960205,0.69117063,0.6786502599716187,0.0038727805949747562,0.6740055084228516,30.882936,32.134974002838135
19,0.5969462394714355,0.6947006,0.6826465725898743,0.004482677206397057,0.6773022413253784,30.52994,31.735342741012573
20,0.6277146339416504,0.7002685,0.686876118183136,0.004035866819322109,0.6813433170318604,29.973148,31.3123881816864
21,0.6574015617370605,0.701735,0.690954327583313,0.003858786541968584,0.6862019300460815,29.826498,30.9045672416687
22,0.6876282691955566,0.70826924,0.6947768926620483,0.0036584886256605387,0.6904425621032715,29.173077,30.522310733795166
23,0.7170841693878174,0.71732914,0.698722779750824,0.004172322805970907,0.6939302086830139,28.267086,30.127722024917603
24,0.7470495700836182,0.71732914,0.7025529742240906,0.0039102304726839066,0.6979004740715027,28.267086,29.744702577590942
25,0.7698266506195068,0.72789896,0.7062468528747559,0.004545167554169893,0.7013849020004272,27.210104,29.375314712524414
26,0.8011722564697266,0.7304685,0.7107577919960022,0.005417393986135721,0.7050703763961792,26.953148,28.92422080039978
27,0.8311843872070312,0.7346196,0.7154377698898315,0.0059728194028139114,0.7088581323623657,26.538038,28.456223011016846
28,0.863762617111206,0.7386494,0.7213315963745117,0.00610780157148838,0.7137991189956665,26.135057,27.866840362548828
29,0.8961777687072754,0.74561346,0.7276951670646667,0.0052412995137274265,0.7207121253013611,25.438654,27.230483293533325
30,0.9273631572723389,0.74561346,0.7327892780303955,0.004011878743767738,0.7278989553451538,25.438654,26.72107219696045
31,0.9527797698974609,0.7491641,0.7369897365570068,0.0035741038154810667,0.7323775291442871,25.08359,26.301026344299316
32,0.984663724899292,0.7518685,0.7404771447181702,0.0033857699017971754,0.7363955974578857,24.813152,25.952285528182983
33,1.015061855316162,0.75764686,0.7440112829208374,0.003283269004896283,0.7395622134208679,24.235313,25.59887170791626
34,1.0444755554199219,0.7576991,0.7468190789222717,0.0029993720818310976,0.743759036064148,24.230093,25.318092107772827
35,1.0751454830169678,0.7576991,0.7496296763420105,0.003157083410769701,0.745728611946106,24.230093,25.03703236579895
36,1.0987944602966309,0.7626032,0.752732515335083,0.003116391599178314,0.7490535974502563,23.739677,24.7267484664917
37,1.1286590099334717,0.766732,0.7557100057601929,0.003049481427296996,0.751868486404419,23.326801,24.428999423980713
38,1.1598355770111084,0.76910126,0.758557915687561,0.003060566494241357,0.7552556395530701,23.089874,24.144208431243896
39,1.1891071796417236,0.76910126,0.7613677978515625,0.003220499027520418,0.7576468586921692,23.089874,23.86322021484375
40,1.2127208709716797,0.77326447,0.7642897963523865,0.0026695008855313063,0.7608379125595093,22.673553,23.571020364761353
41,1.244767189025879,0.77326447,0.7670353055000305,0.002012099837884307,0.7637430429458618,22.673553,23.29646944999695
42,1.2689268589019775,0.77326447,0.7689684629440308,0.001534216688014567,0.7670653462409973,22.673553,23.103153705596924
43,1.2922346591949463,0.774341,0.7704418301582336,0.0014730652328580618,0.7688626050949097,22.5659,22.955816984176636
44,1.3202440738677979,0.77814996,0.7717998623847961,0.0014726538211107254,0.769991934299469,22.185003,22.820013761520386
45,1.351412296295166,0.7785548,0.7732403874397278,0.00141168013215065,0.7716082334518433,22.14452,22.67596125602722
46,1.3829174041748047,0.7792474,0.7744452357292175,0.0015104019548743963,0.7731579542160034,22.07526,22.555476427078247
47,1.4129295349121094,0.7823509,0.7758661508560181,0.001674529630690813,0.7738993763923645,21.76491,22.413384914398193
48,1.4438741207122803,0.78663826,0.7778063416481018,0.0019363570027053356,0.7756423950195312,21.336174,22.21936583518982
49,1.472667932510376,0.78684896,0.7799080610275269,0.002243876224383712,0.7773478031158447,21.315104,22.009193897247314
50,1.5029304027557373,0.790062,0.7821759581565857,0.0024285847321152687,0.7792232632637024,20.9938,21.78240418434143
51,1.5332996845245361,0.790062,0.7844727039337158,0.002027910202741623,0.7817362546920776,20.9938,21.552729606628418
52,1.5566318035125732,0.7901104,0.7864384055137634,0.0015584046486765146,0.7841443419456482,20.988958,21.356159448623657
53,1.5868589878082275,0.79436266,0.7879549860954285,0.0012274044565856457,0.7866382598876953,20.563734,21.204501390457153
54,1.6194815635681152,0.79436266,0.7889904975891113,0.0012251469306647778,0.7875940799713135,20.563734,21.100950241088867
55,1.6447210311889648,0.7972056,0.7902973890304565,0.00150196289177984,0.7887876033782959,20.279438,20.970261096954346
56,1.6771864891052246,0.7999078,0.7915313839912415,0.0018739167135208845,0.7900620102882385,20.00922,20.846861600875854
57,1.7078769207000732,0.7999078,0.7932310104370117,0.0020704602357000113,0.7908035516738892,20.00922,20.676898956298828
58,1.7308831214904785,0.8007338,0.7952091097831726,0.0019822167232632637,0.7926429510116577,19.92662,20.47908902168274
59,1.7598507404327393,0.8021114,0.7970408797264099,0.0018909185891970992,0.7944133877754211,19.78886,20.29591202735901
60,1.7903168201446533,0.8050753,0.7989158630371094,0.0017967002931982279,0.7970272898674011,19.492472,20.108413696289062
61,1.8220291137695312,0.8061999,0.8008967638015747,0.0021578860469162464,0.7982516884803772,19.380009,19.91032361984253
62,1.8556663990020752,0.8079849,0.8030499815940857,0.001826031948439777,0.8005183339118958,19.201511,19.69500184059143
63,1.8870925903320312,0.808116,0.8049324750900269,0.001085798256099224,0.803037703037262,19.188398,19.506752490997314
64,1.916480541229248,0.8093705,0.805976390838623,0.0010549973230808973,0.8049814105033875,19.062948,19.402360916137695
65,1.9447405338287354,0.81051886,0.8069223761558533,0.0012177692260593176,0.8056637048721313,18.948114,19.307762384414673
66,1.9749951362609863,0.81113076,0.8080373406410217,0.0011826739646494389,0.8063856363296509,18.886925,19.196265935897827
67,2.0053069591522217,0.81113076,0.8092082142829895,0.0007343159522861242,0.8080899715423584,18.886925,19.07917857170105
68,2.048457145690918,0.8133646,0.8075432777404785,0.0023799727205187082,0.802696168422699,18.663538,19.24567222595215
69,2.0783960819244385,0.81394494,0.8096274733543396,0.00147670425940305,0.8077326416969299,18.605507,19.03725266456604
70,2.1097970008850098,0.8141464,0.8109883666038513,0.0013059439370408654,0.8092585802078247,18.58536,18.901163339614868
71,2.1400206089019775,0.81421036,0.8121328353881836,0.0010931836441159248,0.8108025193214417,18.578964,18.78671646118164
72,2.17105770111084,0.8148302,0.8132309317588806,0.0006648823618888855,0.8120381236076355,18.516981,18.67690682411194
73,2.201286792755127,0.8157387,0.813860297203064,0.00042875917279161513,0.8132542371749878,18.426132,18.613970279693604
74,2.2310609817504883,0.8157387,0.814273476600647,0.00040282943518832326,0.8139124512672424,18.426132,18.572652339935303
75,2.2543411254882812,0.8157387,0.8145843148231506,0.00045598059659823775,0.8141443133354187,18.426132,18.541568517684937
76,2.276257276535034,0.8170972,0.8150231838226318,0.000468029931653291,0.814475417137146,18.290281,18.497681617736816
77,2.3063995838165283,0.8171856,0.8154701590538025,0.0005291822599247098,0.8149031400680542,18.281443,18.45298409461975
78,2.3373043537139893,0.81752485,0.8159694671630859,0.0005276506999507546,0.8154075145721436,18.247515,18.403053283691406
79,2.3676207065582275,0.81798303,0.8164689540863037,0.000505766540300101,0.8157386779785156,18.201696,18.35310459136963
80,2.398573160171509,0.81871015,0.8169970512390137,0.00042527858749963343,0.8164780735969543,18.128984,18.300294876098633
81,2.4287424087524414,0.81871015,0.817419707775116,0.00045831900206394494,0.8169896602630615,18.128984,18.258029222488403
82,2.451112747192383,0.81884605,0.8178486824035645,0.00047963199904188514,0.8172140121459961,18.115395,18.215131759643555
83,2.4821200370788574,0.8191452,0.8183495402336121,0.00030207826057448983,0.8178279399871826,18.08548,18.165045976638794
84,2.51183819770813,0.8192003,0.8186483383178711,0.0001758126454660669,0.8183552622795105,18.079971,18.13516616821289
85,2.5425515174865723,0.81962705,0.8188350200653076,0.00016577304631937295,0.8186838626861572,18.037296,18.11649799346924
86,2.57377290725708,0.82200027,0.8190267086029053,0.0003405548050068319,0.8187772035598755,17.799973,18.097329139709473
87,2.603891134262085,0.822269,0.8192952871322632,0.0005263502825982869,0.8189515471458435,17.773098,18.07047128677368
88,2.6343274116516113,0.8222704,0.8197107315063477,0.0008264363277703524,0.8191551566123962,17.77296,18.028926849365234
89,2.665203809738159,0.8223663,0.8203039765357971,0.0009966754587367177,0.8193535804748535,17.76337,17.969602346420288
90,2.694852113723755,0.8231498,0.8213092684745789,0.0007471579010598361,0.8200512528419495,17.68502,17.869073152542114
91,2.723813056945801,0.8250589,0.8220870494842529,0.00048448433517478406,0.8214987516403198,17.494112,17.791295051574707
92,2.7530877590179443,0.8250589,0.8225013613700867,0.0005396932829171419,0.82200026512146,17.494112,17.749863862991333
93,2.778027057647705,0.8250589,0.8229280710220337,0.0006613280274905264,0.8222852349281311,17.494112,17.70719289779663
94,2.8010756969451904,0.82586914,0.8234907388687134,0.0007279436686076224,0.8227108716964722,17.413086,17.650926113128662
95,2.831099271774292,0.8264194,0.824148952960968,0.0007772190147079527,0.8232738971710205,17.358059,17.5851047039032
96,2.8607194423675537,0.8265686,0.824804961681366,0.0007145879208110273,0.8238307237625122,17.34314,17.519503831863403
97,2.8904848098754883,0.8265686,0.8254497647285461,0.0004822777700610459,0.8248781561851501,17.34314,17.455023527145386
98,2.9149069786071777,0.82710844,0.8258856534957886,0.00043172785080969334,0.8252116441726685,17.289156,17.411434650421143
99,2.9441866874694824,0.82759535,0.8263171911239624,0.0003193294396623969,0.8258691430091858,17.240465,17.36828088760376
100,2.976295232772827,0.82759535,0.8266237378120422,0.0002820109948515892,0.8262737393379211,17.240465,17.337626218795776
101,2.9999489784240723,0.82769597,0.8269121646881104,0.00030010921182110906,0.8265462517738342,17.230404,17.308783531188965
102,3.0295960903167725,0.8279406,0.8272074460983276,0.00024711687001399696,0.8268741369247437,17.205942,17.279255390167236
103,3.0606064796447754,0.8282462,0.8274771571159363,0.0002301132626598701,0.8271788954734802,17.175383,17.252284288406372
104,3.0918831825256348,0.82858896,0.8277287483215332,0.0002084055304294452,0.8274639248847961,17.141104,17.22712516784668
105,3.125833511352539,0.82858896,0.8279274106025696,0.00020652959938161075,0.8276928067207336,17.141104,17.207258939743042
106,3.1520004272460938,0.82858896,0.8281243443489075,0.00019759091082960367,0.8278952240943909,17.141104,17.187565565109253
107,3.1756913661956787,0.8287024,0.8283054232597351,0.00016607467841822654,0.8281002044677734,17.12976,17.16945767402649
108,3.203751564025879,0.82891107,0.8284662365913391,0.00012689887080341578,0.8282697200775146,17.108894,17.15337634086609
109,3.234760284423828,0.82897735,0.8285999894142151,9.27445144043304e-05,0.8284659385681152,17.102264,17.14000105857849
110,3.265505075454712,0.8292269,0.8286864757537842,0.00011745334631996229,0.8285889625549316,17.077309,17.131352424621582
111,3.2956414222717285,0.8298106,0.8288171887397766,0.00016257593233603984,0.8286402225494385,17.018938,17.11828112602234
112,3.326505661010742,0.8298712,0.8289762735366821,0.00021909899078309536,0.8287867307662964,17.012882,17.102372646331787
113,3.357050895690918,0.83046126,0.8291770815849304,0.00026163895381614566,0.828887939453125,16.953873,17.082291841506958
114,3.3875696659088135,0.83046126,0.8294060826301575,0.00027656511520035565,0.8291419744491577,16.953873,17.059391736984253
115,3.4115893840789795,0.8307191,0.8296591639518738,0.0003183042863383889,0.8293177485466003,16.92809,17.034083604812622
116,3.4420130252838135,0.8307191,0.8299702405929565,0.00026372246793471277,0.8296773433685303,16.92809,17.002975940704346
117,3.465067148208618,0.8307356,0.8302410244941711,0.0002566997136455029,0.8299033045768738,16.926437,16.975897550582886
118,3.4959487915039062,0.8311511,0.8304933905601501,0.00014036239008419216,0.830195426940918,16.884888,16.950660943984985
119,3.526750326156616,0.8311511,0.830614447593689,0.00012170380796305835,0.8304653763771057,16.884888,16.938555240631104
120,3.550960063934326,0.83130634,0.8307311534881592,0.00016436634177807719,0.8306035399436951,16.869366,16.926884651184082
121,3.581409215927124,0.8313169,0.830864429473877,0.0002219728339696303,0.8306971788406372,16.86831,16.913557052612305
122,3.612083673477173,0.8313614,0.8310461044311523,0.00023719717864878476,0.8307288289070129,16.86386,16.895389556884766
123,3.640872001647949,0.8313614,0.8312591314315796,5.331259671947919e-05,0.8311511278152466,16.86386,16.87408685684204
124,3.6643521785736084,0.8313614,0.831305205821991,2.1840489353053272e-05,0.8312742114067078,16.86386,16.869479417800903
125,3.689310073852539,0.8313805,0.8313248157501221,1.992938996409066e-05,0.8313037157058716,16.861952,16.867518424987793
126,3.719761371612549,0.8313805,0.8313441872596741,1.8817230738932267e-05,0.8313187956809998,16.861952,16.865581274032593
127,3.7446389198303223,0.83181536,0.831365168094635,3.508799636620097e-05,0.831343412399292,16.818464,16.8634831905365
128,3.776160478591919,0.8318847,0.8313838839530945,7.544019172200933e-05,0.8313614726066589,16.811531,16.86161160469055
129,3.806118965148926,0.8320183,0.8314188122749329,0.00013519279309548438,0.83137047290802,16.798168,16.858118772506714
130,3.8371386528015137,0.8320183,0.8314851522445679,0.00019811847596429288,0.8313789367675781,16.798168,16.851484775543213
131,3.862269878387451,0.8320183,0.8316431045532227,0.0002434238704154268,0.8313804864883423,16.798168,16.835689544677734
132,3.8874306678771973,0.8320993,0.8318896889686584,7.613647176185623e-05,0.83175128698349,16.790068,16.811031103134155
133,3.9180076122283936,0.8321031,0.8319600820541382,5.3982108511263505e-05,0.8318846821784973,16.789692,16.80399179458618
134,3.951047897338867,0.83211297,0.8320135474205017,3.773366552195512e-05,0.8319557309150696,16.788704,16.79864525794983
135,3.98225736618042,0.83211297,0.8320482969284058,3.1916366424411535e-05,0.8320175409317017,16.788704,16.795170307159424
136,4.007907152175903,0.83212656,0.8320760726928711,2.677749580470845e-05,0.8320361375808716,16.787344,16.79239273071289
137,4.037631511688232,0.83212656,0.8321021199226379,9.761443834577221e-06,0.8320825099945068,16.787344,16.789788007736206
138,4.062424421310425,0.8321316,0.8321111798286438,6.803395081078634e-06,0.8321019411087036,16.786839,16.78888201713562
139,4.092325448989868,0.83213294,0.8321175575256348,5.8861255638475996e-06,0.8321123719215393,16.786707,16.788244247436523
140,4.122249603271484,0.8321339,0.8321234583854675,5.4063648349256255e-06,0.8321148753166199,16.786612,16.787654161453247
141,4.153018951416016,0.8321385,0.8321284651756287,3.1591796414431883e-06,0.8321250081062317,16.786152,16.787153482437134
142,4.183326244354248,0.8321894,0.8321322202682495,5.262505055725342e-06,0.832126796245575,16.781061,16.78677797317505
143,4.2136406898498535,0.8324219,0.8321382999420166,2.5018694941536523e-05,0.8321319222450256,16.75781,16.78617000579834
144,4.243185758590698,0.8328625,0.8321535587310791,7.18948504072614e-05,0.8321338891983032,16.71375,16.78464412689209
145,4.274311780929565,0.8328625,0.8321964740753174,0.00012969117960892618,0.8321378231048584,16.71375,16.78035259246826
146,4.298246145248413,0.8329313,0.8323091268539429,0.00021402418497018516,0.8321408033370972,16.706871,16.769087314605713
147,4.32927942276001,0.832984,0.8325051069259644,0.00022051329142414033,0.8322067856788635,16.701603,16.749489307403564
148,4.36078405380249,0.832984,0.8326950669288635,0.0002129629283444956,0.8324227333068848,16.701603,16.730493307113647
149,4.385112285614014,0.83351,0.8329122066497803,6.410220521502197e-05,0.832772970199585,16.649002,16.708779335021973
150,4.416689872741699,0.8335286,0.8329606652259827,8.765726670389995e-05,0.8329111933708191,16.647142,16.703933477401733
151,4.445040702819824,0.83353317,0.8330246806144714,0.00015388456813525409,0.8329433798789978,16.646683,16.697531938552856
152,4.472356796264648,0.8335951,0.8331108093261719,0.0002194865810452029,0.8329821228981018,16.64049,16.688919067382812
153,4.501691818237305,0.8336431,0.8332411646842957,0.0002628231013659388,0.832990288734436,16.635693,16.675883531570435
154,4.5327794551849365,0.83449125,0.8334915637969971,0.00019101814541500062,0.8330227136611938,16.550875,16.650843620300293
155,4.5621161460876465,0.83449125,0.8336235880851746,0.00018628394172992557,0.83353191614151,16.550875,16.637641191482544
156,4.586317300796509,0.8351654,0.8337400555610657,0.00032512229518033564,0.8335874676704407,16.483461,16.625994443893433
157,4.616451263427734,0.8351654,0.8339611291885376,0.0004713329253718257,0.8336202502250671,16.483461,16.60388708114624
158,4.640139102935791,0.8352563,0.8343182802200317,0.0005160329164937139,0.8336433172225952,16.474373,16.568171977996826
159,4.671238899230957,0.8354517,0.8347741961479187,0.00031455812859348953,0.83443683385849,16.454828,16.52258038520813
160,4.700807809829712,0.8354517,0.8350999355316162,0.00011844941036542878,0.8346148133277893,16.454828,16.49000644683838
161,4.723843812942505,0.8356527,0.8351959586143494,8.087093010544777e-05,0.8351078033447266,16.434729,16.480404138565063
162,4.754868268966675,0.835827,0.8352667689323425,0.00013196462532505393,0.8351743221282959,16.417301,16.473323106765747
163,4.784867525100708,0.8358684,0.8353747129440308,0.00020121209672652185,0.8352202773094177,16.413158,16.462528705596924
164,4.814720869064331,0.8358775,0.8355505466461182,0.00021223080693744123,0.8352562785148621,16.412252,16.444945335388184
165,4.845356225967407,0.8358928,0.8357505798339844,0.00010082087101181969,0.8355758190155029,16.41072,16.424942016601562
166,4.876690626144409,0.83666176,0.8358427286148071,6.949098315089941e-05,0.8357657194137573,16.333824,16.415727138519287
167,4.908002138137817,0.83801585,0.8358970284461975,0.0001959580840775743,0.8358432054519653,16.198414,16.41029715538025
168,4.938012361526489,0.83810264,0.8359963297843933,0.00041867478284984827,0.8358684182167053,16.189735,16.40036702156067
169,4.969318389892578,0.8382245,0.8362418413162231,0.0007221949636004865,0.8358814120292664,16.177553,16.375815868377686
170,4.999715089797974,0.83856916,0.8367574214935303,0.0009684970718808472,0.8358900547027588,16.143084,16.324257850646973
171,5.030501842498779,0.83856916,0.8376625180244446,0.0006633375305682421,0.8365333676338196,16.143084,16.233748197555542
172,5.054409503936768,0.83856916,0.8382040858268738,0.0001430539123248309,0.8380485773086548,16.143084,16.179591417312622
173,5.078835725784302,0.83911294,0.8383146524429321,0.0001613112399354577,0.8381556868553162,16.088707,16.168534755706787
174,5.109253883361816,0.83913547,0.8384625315666199,0.00013530060823541135,0.8382620215415955,16.086452,16.153746843338013
175,5.139318227767944,0.83913547,0.8385886549949646,0.00014709097740706056,0.8384948968887329,16.086452,16.14113450050354
176,5.163573741912842,0.8395561,0.8386895060539246,0.0002335406607016921,0.8385452032089233,16.04439,16.131049394607544
177,5.1937713623046875,0.8395561,0.8388683795928955,0.0002955709642264992,0.838569164276123,16.04439,16.11316204071045
178,5.217030048370361,0.8396703,0.8391752243041992,0.0001969567674677819,0.8388808369636536,16.03297,16.082477569580078
179,5.246760606765747,0.8396703,0.8393656015396118,0.0001713301899144426,0.839135468006134,16.03297,16.06343984603882
180,5.269859075546265,0.8396899,0.8395284414291382,8.138897828757763e-05,0.8394092321395874,16.03101,16.04715585708618
181,5.3004469871521,0.83969474,0.8396085500717163,4.757720307679847e-05,0.8395181894302368,16.030525,16.03914499282837
182,5.330685377120972,0.8397164,0.8396523594856262,2.5876588551909663e-05,0.8396083116531372,16.028362,16.034764051437378
183,5.360702276229858,0.8400678,0.8396785855293274,3.225580076104961e-05,0.8396545052528381,15.993219,16.03214144706726
184,5.390665054321289,0.8404796,0.8397015929222107,7.652488420717418e-05,0.8396703004837036,15.952039,16.02984070777893
185,5.421558856964111,0.8404796,0.8397414088249207,0.0001415140286553651,0.8396899700164795,15.952039,16.025859117507935
186,5.445024013519287,0.8404796,0.83982253074646,0.0002320908970432356,0.8397045731544495,15.952039,16.017746925354004
187,5.4681479930877686,0.84055454,0.8399747610092163,0.00030657416209578514,0.8397172689437866,15.944547,16.00252389907837
188,5.498445272445679,0.84074885,0.8402303457260132,0.00025211271713487804,0.8397753238677979,15.925116,15.976965427398682
189,5.530622482299805,0.8409344,0.8404750823974609,9.978401067201048e-05,0.8402684926986694,15.906561,15.952491760253906
190,5.560561180114746,0.8409344,0.8405623435974121,0.00010184180428041145,0.8404796123504639,15.906561,15.943765640258789
191,5.584369897842407,0.840992,0.8406549096107483,0.00011716561857610941,0.8405402898788452,15.900803,15.934509038925171
192,5.614942789077759,0.8410679,0.8407554030418396,0.0001276632392546162,0.8406186103820801,15.893209,15.92445969581604
193,5.6443023681640625,0.84130836,0.8408904671669006,0.0001224614679813385,0.8407178521156311,15.869164,15.910953283309937
194,5.673889875411987,0.84145015,0.8410327434539795,0.00012654396414291114,0.8409126400947571,15.854984,15.89672565460205
195,5.704693794250488,0.84151584,0.8411582708358765,0.0001447578688384965,0.8410028219223022,15.848416,15.884172916412354
196,5.7353386878967285,0.84151584,0.8413000702857971,0.00012487747881095856,0.8410947322845459,15.848416,15.869992971420288
197,5.759326457977295,0.84151584,0.8414087295532227,6.541310722241178e-05,0.8412978649139404,15.848416,15.859127044677734
198,5.78213095664978,0.84159404,0.8414691090583801,3.9630558603676036e-05,0.8414214849472046,15.840596,15.853089094161987
199,5.813990831375122,0.84159607,0.8415075540542603,2.9369472031248733e-05,0.8414656519889832,15.840393,15.849244594573975
200,5.844808578491211,0.8415983,0.8415344953536987,2.9930552045698278e-05,0.8415050506591797,15.840173,15.846550464630127
201,5.875218391418457,0.84160435,0.8415606617927551,2.7958452847087756e-05,0.841515839099884,15.839565,15.843933820724487
202,5.907438278198242,0.84161055,0.8415857553482056,9.589221008354798e-06,0.8415720462799072,15.838945,15.841424465179443
203,5.940062046051025,0.84162086,0.8415950536727905,7.548451321781613e-06,0.841582715511322,15.8379135,15.840494632720947
204,5.971742153167725,0.84238636,0.8416060209274292,5.853398397448473e-05,0.8415946364402771,15.761364,15.83939790725708
205,6.00145411491394,0.84238636,0.8416295051574707,0.00012769972090609372,0.8415990471839905,15.761364,15.83704948425293
206,6.024988174438477,0.84469634,0.8417394757270813,0.00046204912359826267,0.8416076898574829,15.530366,15.82605242729187
207,6.05531120300293,0.8448707,0.8420947790145874,0.000942419224884361,0.8416125178337097,15.512932,15.79052209854126
208,6.084537506103516,0.8449115,0.8427380323410034,0.001211087335832417,0.8416208624839783,15.508848,15.726196765899658
209,6.114355802536011,0.84495854,0.8440148830413818,0.0007530381553806365,0.8423947095870972,15.504146,15.598511695861816
210,6.144238710403442,0.8449956,0.8446323275566101,0.00025188366998918355,0.8442418575286865,15.500439,15.53676724433899
211,6.174367427825928,0.84499884,0.8448607921600342,7.509966962970793e-05,0.8446963429450989,15.500116,15.513920783996582
212,6.205049514770508,0.84499913,0.8449174165725708,4.157342846156098e-05,0.844870388507843,15.500087,15.50825834274292
213,6.236149549484253,0.8450053,0.8449590802192688,2.7663396394927986e-05,0.8449133634567261,15.499473,15.50409197807312
214,6.266793251037598,0.84500974,0.8449841737747192,1.3898573342885356e-05,0.844959020614624,15.499025,15.501582622528076
215,6.296499729156494,0.8450166,0.8449971675872803,6.3948691604309715e-06,0.8449875116348267,15.498341,15.500283241271973
216,6.33357310295105,0.8450166,0.8450028896331787,4.7109692786762025e-06,0.8449969291687012,15.498341,15.499711036682129
217,6.366309881210327,0.84501886,0.8450073003768921,4.614904355548788e-06,0.8450016975402832,15.498114,15.499269962310791
218,6.402390956878662,0.845021,0.8450115323066711,3.6346996239444707e-06,0.84500652551651,15.497899,15.498846769332886
219,6.433311462402344,0.84502435,0.8450148105621338,2.892894599426654e-06,0.8450108170509338,15.497565,15.498518943786621
220,6.464642763137817,0.84502435,0.8450174331665039,1.8273015029990347e-06,0.8450156450271606,15.497565,15.49825668334961
221,6.487690448760986,0.8450252,0.8450192809104919,2.1430053038784536e-06,0.845016598701477,15.497482,15.498071908950806
222,6.518249273300171,0.845026,0.8450213074684143,1.902461917779874e-06,0.8450188636779785,15.497398,15.49786925315857
223,6.54858660697937,0.845026,0.8450232148170471,1.4698676977786818e-06,0.8450210094451904,15.497398,15.497678518295288
224,6.571303606033325,0.845026,0.845024585723877,6.296984338405309e-07,0.845023512840271,15.497398,15.497541427612305
225,6.593852281570435,0.845026,0.8450251817703247,4.4912107455274963e-07,0.845024585723877,15.497398,15.49748182296753
226,6.616638422012329,0.845026,0.8450256586074829,3.3923510045497096e-07,0.8450251817703247,15.497398,15.497434139251709
227,6.63952112197876,0.8450264,0.845025897026062,1.6788737866590964e-07,0.8450255393981934,15.497362,15.497410297393799
228,6.670545339584351,0.8450264,0.8450260162353516,6.976966915317462e-08,0.8450260162353516,15.497362,15.497398376464844
229,6.713022708892822,0.8463016,0.8426278233528137,0.0025965627282857895,0.8359993100166321,15.369839,15.737217664718628
230,6.74057149887085,0.8463016,0.8447908163070679,0.0006344318389892578,0.8435605764389038,15.369839,15.520918369293213
231,6.764081239700317,0.8463016,0.8453295230865479,0.0004570725141093135,0.8448922634124756,15.369839,15.467047691345215
232,6.787871837615967,0.8463016,0.8457039594650269,0.00042797537753358483,0.8451027870178223,15.369839,15.429604053497314
233,6.810851812362671,0.84630173,0.8460829854011536,0.00019708780746441334,0.8457965850830078,15.369826,15.391701459884644
234,6.8401196002960205,0.84630173,0.8462622165679932,9.961054456653073e-05,0.8460104465484619,15.369826,15.373778343200684
235,6.863555908203125,0.84630173,0.8463016748428345,5.818825954406748e-08,0.8463016152381897,15.369826,15.369832515716553
236,6.885519981384277,0.84630173,0.8463016748428345,5.6822948124590766e-08,0.8463016152381897,15.369826,15.369832515716553
237,6.908670425415039,0.8463018,0.8463016748428345,5.497954802535787e-08,0.8463016152381897,15.369821,15.369832515716553
238,6.9377617835998535,0.8463018,0.8463016748428345,6.435496402446006e-08,0.8463017344474792,15.369821,15.369832515716553
239,6.95981764793396,0.8463018,0.8463016748428345,7.353627751172098e-08,0.8463017344474792,15.369821,15.369832515716553
240,6.982806444168091,0.8463018,0.8463017344474792,3.612864318824904e-08,0.8463017344474792,15.369821,15.369826555252075
241,7.006046772003174,0.8463018,0.8463018536567688,7.950029612402432e-08,0.8463017344474792,15.369821,15.36981463432312
242,7.029472351074219,0.8463018,0.8463019132614136,1.1920928955078125e-07,0.846301794052124,15.369821,15.369808673858643
243,7.053382635116577,0.8463018,0.8463019132614136,1.1920928955078125e-07,0.846301794052124,15.369821,15.369808673858643
244,7.075495004653931,0.8463018,0.8463019132614136,1.1920928955078125e-07,0.846301794052124,15.369821,15.369808673858643
245,7.098165035247803,0.8463018,0.8463019132614136,1.1920928955078125e-07,0.846301794052124,15.369821,15.369808673858643
246,7.1213061809539795,0.8463018,0.8463019132614136,1.1920928955078125e-07,0.846301794052124,15.369821,15.369808673858643
247,7.144983530044556,0.8463018,0.8463019132614136,1.1920928955078125e-07,0.846301794052124,15.369821,15.369808673858643
248,7.1677350997924805,0.84664565,0.8463038802146912,2.5488829123787582e-05,0.846301794052124,15.335435,15.369611978530884
249,7.195824861526489,0.84691226,0.8463112711906433,6.401487189577892e-05,0.846301794052124,15.308773,15.368872880935669
250,7.225964069366455,0.8470557,0.8463338613510132,0.00011659610754577443,0.846301794052124,15.294433,15.366613864898682
251,7.257140874862671,0.8471091,0.8463930487632751,0.00019631315080914646,0.846301794052124,15.289092,15.360695123672485
252,7.287937641143799,0.84715545,0.8465307354927063,0.00027308097924105823,0.846301794052124,15.284454,15.34692645072937
253,7.318301677703857,0.84715545,0.8467894792556763,0.0002174118417315185,0.846439003944397,15.284454,15.321052074432373
254,7.342479705810547,0.8471664,0.8469827771186829,0.00013283568841870874,0.8467549681663513,15.283358,15.301722288131714
255,7.372886896133423,0.847189,0.8471049070358276,3.686103445943445e-05,0.8470491766929626,15.281099,15.289509296417236
256,7.402484178543091,0.847189,0.8471418619155884,1.925691685755737e-05,0.8471090793609619,15.281099,15.285813808441162
257,7.426874876022339,0.8472023,0.8471608757972717,1.4633057617174927e-05,0.8471430540084839,15.27977,15.283912420272827
258,7.456823110580444,0.8472023,0.847174346446991,1.2214073649374768e-05,0.8471554517745972,15.27977,15.282565355300903
259,7.480753421783447,0.84720796,0.8471865057945251,8.647025424579624e-06,0.8471722602844238,15.279203,15.281349420547485
260,7.509459495544434,0.84720796,0.8471946120262146,5.844355200679274e-06,0.8471876382827759,15.279203,15.28053879737854
261,7.533126592636108,0.84721214,0.8472004532814026,4.601591626851587e-06,0.8471944332122803,15.278787,15.279954671859741
262,7.564057111740112,0.84721214,0.8472045660018921,3.0561632229364477e-06,0.8472011089324951,15.278787,15.279543399810791
263,7.587165117263794,0.84721226,0.8472076654434204,2.231154212495312e-06,0.847205400466919,15.278774,15.279233455657959
264,7.617058992385864,0.84721226,0.8472098112106323,2.024106152020977e-06,0.8472079038619995,15.278774,15.279018878936768
265,7.640888929367065,0.84721226,0.8472117185592651,1.0954641993521363e-06,0.8472079634666443,15.278774,15.278828144073486
266,7.663725137710571,0.8476567,0.8472146987915039,3.295121859991923e-05,0.8472121357917786,15.234327,15.27853012084961
267,7.693544626235962,0.8476567,0.847222089767456,6.534286512760445e-05,0.8472121357917786,15.234327,15.277791023254395
268,7.716896295547485,0.84818405,0.8472679257392883,0.00016790942754596472,0.8472122550010681,15.181595,15.273207426071167
269,7.746941566467285,0.84832484,0.8473731875419617,0.00028613361064344645,0.8472122550010681,15.167517,15.262681245803833
270,7.777994155883789,0.8484267,0.8475790023803711,0.0003714829799719155,0.8472122550010681,15.15733,15.24209976196289
271,7.807852029800415,0.8485099,0.8479365706443787,0.00026326801162213087,0.8475578427314758,15.14901,15.206342935562134
272,7.838895797729492,0.84854734,0.8481934070587158,0.0001520469377283007,0.8479368686676025,15.145266,15.180659294128418
273,7.867966651916504,0.8485882,0.8483403921127319,9.928441431839019e-05,0.848190188407898,15.141177,15.165960788726807
274,7.898583650588989,0.84865135,0.8484318256378174,7.335439295275137e-05,0.8483248353004456,15.134865,15.156817436218262
275,7.929004192352295,0.84868705,0.8485046625137329,6.841299182269722e-05,0.8484266996383667,15.131294,15.149533748626709
276,7.959551572799683,0.8486947,0.848564863204956,5.6460743508068845e-05,0.8485099077224731,15.130531,15.143513679504395
277,7.99260401725769,0.8486947,0.848619818687439,4.436768722371198e-05,0.8485496044158936,15.130531,15.138018131256104
278,8.015071868896484,0.8487006,0.848661482334137,1.8299098883289844e-05,0.8486273288726807,15.129942,15.133851766586304
279,8.04711389541626,0.84873635,0.8486786484718323,1.4921170986781362e-05,0.8486513495445251,15.126366,15.132135152816772
280,8.078256607055664,0.84873635,0.8486931920051575,1.573759436723776e-05,0.8486800193786621,15.126366,15.130680799484253
281,8.101594924926758,0.8487366,0.8487076163291931,2.031162330240477e-05,0.8486870527267456,15.126342,15.129238367080688
282,8.132521152496338,0.8487366,0.8487284183502197,1.1995205568382517e-05,0.848694920539856,15.126342,15.127158164978027
283,8.155057668685913,0.8487366,0.8487361669540405,1.2323740747888223e-06,0.8487294912338257,15.126342,15.126383304595947
284,8.177497625350952,0.8487366,0.8487365245819092,1.5525299090768385e-07,0.8487363457679749,15.126342,15.126347541809082
285,8.20140290260315,0.8487366,0.848736584186554,1.6220873533256963e-07,0.8487363457679749,15.126342,15.126341581344604
286,8.22450590133667,0.8487366,0.8487366437911987,1.1834170265956345e-07,0.8487364053726196,15.126342,15.126335620880127
287,8.247538566589355,0.8487366,0.8487366437911987,5.960464477539063e-08,0.848736584186554,15.126342,15.126335620880127
288,8.270017862319946,0.8487366,0.8487366437911987,5.960464477539063e-08,0.848736584186554,15.126342,15.126335620880127
289,8.293731689453125,0.8487366,0.8487366437911987,5.960464477539063e-08,0.848736584186554,15.126342,15.126335620880127
290,8.316873788833618,0.8487366,0.8487366437911987,5.960464477539063e-08,0.848736584186554,15.126342,15.126335620880127
291,8.339940071105957,0.8487366,0.8487366437911987,5.960464477539063e-08,0.848736584186554,15.126342,15.126335620880127
292,8.366520643234253,0.8487366,0.8487366437911987,5.960464477539063e-08,0.848736584186554,15.126342,15.126335620880127
293,8.38908338546753,0.8487366,0.8487366437911987,5.960464477539063e-08,0.848736584186554,15.126342,15.126335620880127
294,8.413029670715332,0.8487366,0.8487366437911987,5.960464477539063e-08,0.848736584186554,15.126342,15.126335620880127
295,8.436622619628906,0.8487366,0.8487366437911987,5.960464477539063e-08,0.848736584186554,15.126342,15.126335620880127
296,8.460118532180786,0.8487366,0.8487366437911987,5.960464477539063e-08,0.848736584186554,15.126342,15.126335620880127
297,8.481793403625488,0.8487366,0.8487366437911987,5.960464477539063e-08,0.848736584186554,15.126342,15.126335620880127
298,8.504441261291504,0.8487366,0.8487366437911987,5.960464477539063e-08,0.848736584186554,15.126342,15.126335620880127
299,8.527361869812012,0.8487366,0.8487366437911987,5.960464477539063e-08,0.848736584186554,15.126342,15.126335620880127
300,8.549822092056274,0.8487366,0.8487366437911987,5.960464477539063e-08,0.848736584186554,15.126342,15.126335620880127
301,8.571692705154419,0.8487366,0.8487366437911987,5.960464477539063e-08,0.848736584186554,15.126342,15.126335620880127
302,8.595508098602295,0.8487366,0.8487366437911987,5.960464477539063e-08,0.848736584186554,15.126342,15.126335620880127
303,8.618174314498901,0.8487366,0.8487366437911987,5.960464477539063e-08,0.848736584186554,15.126342,15.126335620880127
304,8.641835451126099,0.8487366,0.8487366437911987,5.960464477539063e-08,0.848736584186554,15.126342,15.126335620880127
305,8.665270566940308,0.8487366,0.8487366437911987,5.960464477539063e-08,0.848736584186554,15.126342,15.126335620880127
306,8.68884563446045,0.8487366,0.8487366437911987,5.960464477539063e-08,0.848736584186554,15.126342,15.126335620880127
307,8.712220191955566,0.8487366,0.8487366437911987,5.960464477539063e-08,0.848736584186554,15.126342,15.126335620880127
308,8.736333847045898,0.8487366,0.8487366437911987,5.960464477539063e-08,0.848736584186554,15.126342,15.126335620880127
309,8.759531497955322,0.8487366,0.8487366437911987,5.960464477539063e-08,0.848736584186554,15.126342,15.126335620880127
310,8.78209662437439,0.8487366,0.8487366437911987,5.960464477539063e-08,0.848736584186554,15.126342,15.126335620880127
311,8.803384780883789,0.8487366,0.8487366437911987,5.960464477539063e-08,0.848736584186554,15.126342,15.126335620880127
312,8.825040578842163,0.8487366,0.8487366437911987,5.960464477539063e-08,0.848736584186554,15.126342,15.126335620880127
313,8.848544120788574,0.8487366,0.8487366437911987,5.960464477539063e-08,0.848736584186554,15.126342,15.126335620880127
314,8.871099472045898,0.8487366,0.8487366437911987,5.960464477539063e-08,0.848736584186554,15.126342,15.126335620880127
315,8.893485069274902,0.8487366,0.8487366437911987,5.960464477539063e-08,0.848736584186554,15.126342,15.126335620880127
316,8.916852951049805,0.8487366,0.8487366437911987,5.960464477539063e-08,0.848736584186554,15.126342,15.126335620880127
317,8.941305875778198,0.8487366,0.8487366437911987,5.960464477539063e-08,0.848736584186554,15.126342,15.126335620880127
318,8.963757514953613,0.84880495,0.8487370014190674,5.067740858066827e-06,0.848736584186554,15.119505,15.126299858093262
319,8.994026184082031,0.8488673,0.8487381935119629,1.1994890883215703e-05,0.848736584186554,15.11327,15.126180648803711
320,9.024003744125366,0.84947366,0.8487498164176941,6.70431909384206e-05,0.848736584186554,15.052634,15.12501835823059
321,9.054460287094116,0.84947366,0.8487790822982788,0.00011737900786101818,0.848736584186554,15.052634,15.12209177017212
322,9.0774405002594,0.84947366,0.8488560318946838,0.00019220513058826327,0.848736584186554,15.052634,15.114396810531616
323,9.10028624534607,0.84947366,0.8490124344825745,0.00022483595239464194,0.848736584186554,15.052634,15.098756551742554
324,9.125364780426025,0.8494852,0.8492140173912048,0.00016294758825097233,0.8489930629730225,15.051478,15.078598260879517
325,9.15576696395874,0.8494852,0.8493599891662598,9.516930003883317e-05,0.8492031097412109,15.051478,15.064001083374023
326,9.179405689239502,0.8494852,0.8494405746459961,3.741438558790833e-05,0.8493645787239075,15.051478,15.05594253540039
327,9.20267128944397,0.84948653,0.8494734764099121,8.557118235330563e-06,0.8494338989257812,15.051347,15.052652359008789
328,9.234628677368164,0.84948653,0.8494777679443359,4.5656925067305565e-06,0.8494736552238464,15.051347,15.052223205566406
329,9.257681131362915,0.84948987,0.8494817614555359,3.907848622475285e-06,0.8494769334793091,15.051013,15.051823854446411
330,9.287912368774414,0.85004425,0.8494886755943298,4.145009734202176e-05,0.8494815826416016,14.995575,15.051132440567017
331,9.317997217178345,0.85057557,0.8495050072669983,0.00012432219227775931,0.8494852185249329,14.942444,15.049499273300171
332,9.347048997879028,0.85057557,0.8495446443557739,0.00021782612020615488,0.8494865298271179,14.942444,15.045535564422607
333,9.37120008468628,0.85058874,0.8496670126914978,0.0003619616909418255,0.8494888544082642,14.941126,15.03329873085022
334,9.400759935379028,0.8508122,0.8499128818511963,0.00046436613774858415,0.8494901061058044,14.91878,15.008711814880371
335,9.431489706039429,0.8508638,0.8503198027610779,0.0003306451253592968,0.8497171401977539,14.913618,14.968019723892212
336,9.463619709014893,0.85098946,0.8506115078926086,0.00011106019519502297,0.850511372089386,14.901054,14.938849210739136
337,9.494652509689331,0.85098946,0.8507090210914612,0.00012075233098585159,0.8505755662918091,14.901054,14.929097890853882
338,9.517235040664673,0.8510403,0.8508250117301941,8.6493011622224e-05,0.8506481051445007,14.895969,14.91749882698059
339,9.547024488449097,0.8510438,0.8509028553962708,7.322716555790976e-05,0.8508144021034241,14.895618,14.909714460372925
340,9.576016664505005,0.8510633,0.8509735465049744,5.4441199608845636e-05,0.8508735299110413,14.893669,14.902645349502563
341,9.605623722076416,0.8510672,0.8510205745697021,2.5256336812162772e-05,0.8509894609451294,14.893282,14.897942543029785
342,9.635368585586548,0.8510672,0.8510451912879944,1.0547322744969279e-05,0.8510273694992065,14.893282,14.895480871200562
343,9.660053968429565,0.8510672,0.8510540723800659,8.155953764799051e-06,0.8510432243347168,14.893282,14.894592761993408
344,9.683104038238525,0.8510672,0.8510610461235046,4.546024683804717e-06,0.8510544300079346,14.893282,14.893895387649536
345,9.706036806106567,0.8510672,0.8510656356811523,2.2069978058425477e-06,0.851057231426239,14.893282,14.893436431884766
346,9.729693412780762,0.8510672,0.8510671257972717,5.960464477539063e-08,0.851067066192627,14.893282,14.893287420272827
347,9.753937482833862,0.8510672,0.8510671257972717,5.960464477539063e-08,0.8510671854019165,14.893282,14.893287420272827
348,9.776296615600586,0.8510672,0.8510671257972717,5.960464477539063e-08,0.8510671854019165,14.893282,14.893287420272827
349,9.799168348312378,0.8510672,0.8510671257972717,5.960464477539063e-08,0.8510671854019165,14.893282,14.893287420272827
350,9.822505474090576,0.8510672,0.8510671257972717,5.960464477539063e-08,0.8510671854019165,14.893282,14.893287420272827
351,9.846021175384521,0.8510672,0.8510671257972717,5.960464477539063e-08,0.8510671854019165,14.893282,14.893287420272827
352,9.8684823513031,0.8510672,0.8510671257972717,5.960464477539063e-08,0.8510671854019165,14.893282,14.893287420272827
353,9.892164707183838,0.8510672,0.8510671257972717,5.960464477539063e-08,0.8510671854019165,14.893282,14.893287420272827
354,9.914774656295776,0.8510672,0.8510671257972717,5.960464477539063e-08,0.8510671854019165,14.893282,14.893287420272827
355,9.939711570739746,0.8510672,0.8510671257972717,5.960464477539063e-08,0.8510671854019165,14.893282,14.893287420272827
356,9.962644577026367,0.8510672,0.8510671257972717,5.960464477539063e-08,0.8510671854019165,14.893282,14.893287420272827
357,9.985239505767822,0.8510672,0.8510671257972717,5.960464477539063e-08,0.8510671854019165,14.893282,14.893287420272827
358,10.008593082427979,0.8510672,0.8510671257972717,5.960464477539063e-08,0.8510671854019165,14.893282,14.893287420272827
359,10.033359289169312,0.8510672,0.8510671257972717,5.960464477539063e-08,0.8510671854019165,14.893282,14.893287420272827
360,10.05704402923584,0.8510672,0.8510671257972717,5.960464477539063e-08,0.8510671854019165,14.893282,14.893287420272827
361,10.080381393432617,0.8510672,0.8510671257972717,5.960464477539063e-08,0.8510671854019165,14.893282,14.893287420272827
362,10.105792760848999,0.8510672,0.8510671257972717,5.960464477539063e-08,0.8510671854019165,14.893282,14.893287420272827
363,10.12974739074707,0.8510672,0.8510671257972717,5.960464477539063e-08,0.8510671854019165,14.893282,14.893287420272827
364,10.154400110244751,0.8510672,0.8510671257972717,5.960464477539063e-08,0.8510671854019165,14.893282,14.893287420272827
365,10.178529739379883,0.8510672,0.8510671257972717,5.960464477539063e-08,0.8510671854019165,14.893282,14.893287420272827
366,10.201397180557251,0.8510672,0.8510671257972717,5.960464477539063e-08,0.8510671854019165,14.893282,14.893287420272827
367,10.22287106513977,0.8510672,0.8510671257972717,5.960464477539063e-08,0.8510671854019165,14.893282,14.893287420272827
368,10.244405269622803,0.8510672,0.8510671257972717,5.960464477539063e-08,0.8510671854019165,14.893282,14.893287420272827
369,10.267061948776245,0.8510672,0.8510671257972717,5.960464477539063e-08,0.8510671854019165,14.893282,14.893287420272827
370,10.290297508239746,0.8510672,0.8510671257972717,5.960464477539063e-08,0.8510671854019165,14.893282,14.893287420272827
371,10.313355445861816,0.8510672,0.8510671257972717,5.960464477539063e-08,0.8510671854019165,14.893282,14.893287420272827
372,10.336168766021729,0.85119224,0.8510679006576538,9.269253496313468e-06,0.8510671854019165,14.880776,14.89320993423462
373,10.368927955627441,0.8516246,0.8510740399360657,4.961344166076742e-05,0.8510671854019165,14.83754,14.892596006393433
374,10.399199724197388,0.85224843,0.8511078357696533,0.00014981864660512656,0.8510671854019165,14.775157,14.889216423034668
375,10.431501626968384,0.85253465,0.8512477278709412,0.00037171729491092265,0.8510671854019165,14.746534,14.875227212905884
376,10.461076736450195,0.85253465,0.8515090346336365,0.0005089235492050648,0.8510671854019165,14.746534,14.849096536636353
377,10.484607934951782,0.8526994,0.8520032167434692,0.0004018533800262958,0.8513215780258179,14.730061,14.799678325653076
378,10.512906551361084,0.8526994,0.8523589372634888,0.00013600241800304502,0.8521171808242798,14.730061,14.764106273651123
379,10.535897731781006,0.8527499,0.8524917960166931,9.790698095457628e-05,0.8523535132408142,14.725012,14.750820398330688
380,10.565946102142334,0.85277355,0.8525915741920471,7.121007365640253e-05,0.8525047898292542,14.722645,14.740842580795288
381,10.596727848052979,0.8528001,0.8526580929756165,5.656672874465585e-05,0.8525805473327637,14.719993,14.734190702438354
382,10.626635074615479,0.8528029,0.8527138829231262,3.6379904486238956e-05,0.8526608943939209,14.719713,14.728611707687378
383,10.656030893325806,0.852803,0.8527518510818481,2.7136071366840042e-05,0.8527061939239502,14.719701,14.724814891815186
384,10.698619365692139,0.85281134,0.8527779579162598,1.925841388583649e-05,0.8527506589889526,14.718866,14.722204208374023
385,10.729196071624756,0.8528117,0.8527975082397461,8.31801207823446e-06,0.8527799844741821,14.71883,14.72024917602539
386,10.760472297668457,0.8528117,0.8528040051460266,3.957840817747638e-06,0.8528000712394714,14.71883,14.719599485397339
387,10.783596277236938,0.85281175,0.8528071641921997,3.833351456705714e-06,0.8528027534484863,14.718824,14.71928358078003
388,10.813781499862671,0.8528118,0.8528106808662415,1.103626686926873e-06,0.8528078198432922,14.718819,14.718931913375854
389,10.84583306312561,0.8528118,0.8528116345405579,2.36496731531588e-07,0.8528110384941101,14.718819,14.718836545944214
390,10.86894154548645,0.85281205,0.8528117537498474,6.711694311434258e-08,0.8528115749359131,14.718795,14.718824625015259
391,10.899527072906494,0.85281205,0.8528117537498474,7.366961085608636e-08,0.8528116941452026,14.718795,14.718824625015259
392,10.922787427902222,0.8528122,0.8528117537498474,1.1000371813452148e-07,0.8528117537498474,14.718782,14.718824625015259
393,10.953011989593506,0.8528122,0.852811872959137,1.0266631278454952e-07,0.8528118133544922,14.718782,14.718812704086304
394,10.975485563278198,0.8528122,0.8528119325637817,1.1040445713206282e-07,0.8528118133544922,14.718782,14.718806743621826
395,10.998072624206543,0.8528122,0.8528120517730713,7.844397487133392e-08,0.8528119325637817,14.718782,14.718794822692871
396,11.02222204208374,0.8528122,0.8528121113777161,5.960464477539063e-08,0.8528120517730713,14.718782,14.718788862228394
397,11.044462442398071,0.8528122,0.8528122305870056,5.960464477539063e-08,0.8528121709823608,14.718782,14.718776941299438
398,11.068748712539673,0.8528122,0.8528122305870056,5.960464477539063e-08,0.8528121709823608,14.718782,14.718776941299438
399,11.091590404510498,0.8528122,0.8528122305870056,5.960464477539063e-08,0.8528121709823608,14.718782,14.718776941299438
400,11.114630460739136,0.8528122,0.8528122305870056,5.960464477539063e-08,0.8528121709823608,14.718782,14.718776941299438
401,11.137415885925293,0.8528122,0.8528122305870056,5.960464477539063e-08,0.8528121709823608,14.718782,14.718776941299438
402,11.160015106201172,0.8528122,0.8528122305870056,5.960464477539063e-08,0.8528121709823608,14.718782,14.718776941299438
403,11.182677268981934,0.8528122,0.8528122305870056,5.960464477539063e-08,0.8528121709823608,14.718782,14.718776941299438
404,11.205750703811646,0.8528122,0.8528122305870056,5.960464477539063e-08,0.8528121709823608,14.718782,14.718776941299438
405,11.227789163589478,0.8528122,0.8528122305870056,5.960464477539063e-08,0.8528121709823608,14.718782,14.718776941299438
406,11.251457929611206,0.8528122,0.8528122305870056,5.960464477539063e-08,0.8528121709823608,14.718782,14.718776941299438
407,11.274109125137329,0.8528122,0.8528122305870056,5.960464477539063e-08,0.8528121709823608,14.718782,14.718776941299438
408,11.296934604644775,0.8528122,0.8528122305870056,5.960464477539063e-08,0.8528121709823608,14.718782,14.718776941299438
409,11.320844650268555,0.8528122,0.8528122305870056,5.960464477539063e-08,0.8528121709823608,14.718782,14.718776941299438
410,11.3446626663208,0.8528122,0.8528122305870056,5.960464477539063e-08,0.8528121709823608,14.718782,14.718776941299438
411,11.369006872177124,0.8528122,0.8528122305870056,5.960464477539063e-08,0.8528121709823608,14.718782,14.718776941299438
412,11.391489744186401,0.8528122,0.8528122305870056,5.960464477539063e-08,0.8528121709823608,14.718782,14.718776941299438
413,11.415099859237671,0.8528122,0.8528122305870056,5.960464477539063e-08,0.8528121709823608,14.718782,14.718776941299438
414,11.438809633255005,0.8528122,0.8528122305870056,5.960464477539063e-08,0.8528121709823608,14.718782,14.718776941299438
415,11.462164402008057,0.8528122,0.8528122305870056,5.960464477539063e-08,0.8528121709823608,14.718782,14.718776941299438
416,11.484631776809692,0.8528122,0.8528122305870056,5.960464477539063e-08,0.8528121709823608,14.718782,14.718776941299438
417,11.507087707519531,0.8528122,0.8528122305870056,5.960464477539063e-08,0.8528121709823608,14.718782,14.718776941299438
418,11.530503034591675,0.8528122,0.8528122305870056,5.960464477539063e-08,0.8528121709823608,14.718782,14.718776941299438
419,11.553522109985352,0.8528122,0.8528122305870056,5.960464477539063e-08,0.8528121709823608,14.718782,14.718776941299438
420,11.575102806091309,0.8528122,0.8528122305870056,5.960464477539063e-08,0.8528121709823608,14.718782,14.718776941299438
421,11.597440004348755,0.8528122,0.8528122305870056,5.960464477539063e-08,0.8528121709823608,14.718782,14.718776941299438
422,11.619804382324219,0.8528122,0.8528122305870056,5.960464477539063e-08,0.8528121709823608,14.718782,14.718776941299438
423,11.642723798751831,0.8528122,0.8528122305870056,5.960464477539063e-08,0.8528121709823608,14.718782,14.718776941299438
424,11.665420770645142,0.8528122,0.8528122305870056,5.960464477539063e-08,0.8528121709823608,14.718782,14.718776941299438
425,11.689266681671143,0.8528122,0.8528122305870056,5.960464477539063e-08,0.8528121709823608,14.718782,14.718776941299438
426,11.711395978927612,0.8528122,0.8528122305870056,5.960464477539063e-08,0.8528121709823608,14.718782,14.718776941299438
427,11.734273195266724,0.8528122,0.8528122305870056,5.960464477539063e-08,0.8528121709823608,14.718782,14.718776941299438
428,11.758325099945068,0.8528122,0.8528122305870056,5.960464477539063e-08,0.8528121709823608,14.718782,14.718776941299438
429,11.782665014266968,0.8528122,0.8528122305870056,5.960464477539063e-08,0.8528121709823608,14.718782,14.718776941299438
430,11.806061744689941,0.8528122,0.8528122305870056,5.960464477539063e-08,0.8528121709823608,14.718782,14.718776941299438
431,11.829645156860352,0.8528122,0.8528122305870056,5.960464477539063e-08,0.8528121709823608,14.718782,14.718776941299438
432,11.853116035461426,0.8528122,0.8528122305870056,5.960464477539063e-08,0.8528121709823608,14.718782,14.718776941299438
433,11.87611722946167,0.8528122,0.8528122305870056,5.960464477539063e-08,0.8528121709823608,14.718782,14.718776941299438
434,11.898862600326538,0.8528122,0.8528122305870056,5.960464477539063e-08,0.8528121709823608,14.718782,14.718776941299438
435,11.921054124832153,0.8528122,0.8528122305870056,5.960464477539063e-08,0.8528121709823608,14.718782,14.718776941299438
436,11.944679021835327,0.8528122,0.8528122305870056,5.960464477539063e-08,0.8528121709823608,14.718782,14.718776941299438
437,11.968277215957642,0.8528122,0.8528122305870056,5.960464477539063e-08,0.8528121709823608,14.718782,14.718776941299438
438,11.991504907608032,0.8533009,0.8528149127960205,3.622863005148247e-05,0.8528121709823608,14.669907,14.71850872039795
439,12.021499156951904,0.8533009,0.8528228402137756,7.010812259977683e-05,0.8528121709823608,14.669907,14.717715978622437
440,12.044229745864868,0.8543199,0.8528702259063721,0.00018953839025925845,0.8528121709823608,14.568013,14.712977409362793
441,12.074769496917725,0.85440135,0.8530045747756958,0.0003572253917809576,0.8528121709823608,14.559865,14.69954252243042
442,12.104980230331421,0.85440135,0.8532785773277283,0.0004907040274702013,0.8528121709823608,14.559865,14.672142267227173
443,12.128094911575317,0.85447156,0.8537606000900269,0.0004110681766178459,0.8532516360282898,14.552843,14.623939990997314
444,12.159025430679321,0.8544946,0.8541656136512756,0.00024966540513560176,0.8535796999931335,14.550543,14.583438634872437
445,12.187716484069824,0.8544954,0.8543660640716553,6.059262886992656e-05,0.8542807698249817,14.550459,14.563393592834473
446,12.219319581985474,0.85452485,0.8544191718101501,5.32694612047635e-05,0.8543391823768616,14.547515,14.558082818984985
447,12.251122951507568,0.85452485,0.8544731140136719,2.5022040063049644e-05,0.8544312119483948,14.547515,14.552688598632812
448,12.275620698928833,0.85453326,0.8544965982437134,1.630419683351647e-05,0.8544715642929077,14.546675,14.550340175628662
449,12.305674314498901,0.8545381,0.854511559009552,1.3452041457640007e-05,0.8544945120811462,14.546192,14.5488440990448
450,12.33673644065857,0.8545429,0.8545255661010742,7.063467364787357e-06,0.8545114994049072,14.545709,14.547443389892578
451,12.367869853973389,0.854543,0.8545317053794861,4.480184998101322e-06,0.8545248508453369,14.545703,14.546829462051392
452,12.398704051971436,0.85454345,0.8545358777046204,3.5314658362040063e-06,0.8545315265655518,14.545655,14.546412229537964
453,12.429727792739868,0.8545444,0.8545395731925964,2.6507439088163665e-06,0.8545353412628174,14.54556,14.546042680740356
454,12.461778163909912,0.8545449,0.8545418977737427,1.383902940688131e-06,0.8545393347740173,14.545512,14.545810222625732
455,12.492314577102661,0.8545449,0.8545433878898621,6.408753279174562e-07,0.8545424342155457,14.545512,14.545661211013794
456,12.515661001205444,0.8545449,0.8545440435409546,5.649383751915593e-07,0.8545430302619934,14.545512,14.545595645904541
457,12.539138793945312,0.8545449,0.8545445203781128,2.5998056685239135e-07,0.8545442819595337,14.545512,14.54554796218872
458,12.562182426452637,0.8545449,0.8545446991920471,2.147477147218524e-07,0.8545444011688232,14.545512,14.545530080795288
459,12.585824489593506,0.8545449,0.8545446991920471,1.7881393432617188e-07,0.8545448780059814,14.545512,14.545530080795288
460,12.608751773834229,0.8545449,0.8545446991920471,1.7881393432617188e-07,0.8545448780059814,14.545512,14.545530080795288
461,12.63292670249939,0.8545449,0.8545446991920471,1.7881393432617188e-07,0.8545448780059814,14.545512,14.545530080795288
462,12.654267311096191,0.8545449,0.8545446991920471,1.7881393432617188e-07,0.8545448780059814,14.545512,14.545530080795288
463,12.677231550216675,0.8545449,0.8545446991920471,1.7881393432617188e-07,0.8545448780059814,14.545512,14.545530080795288
464,12.70045280456543,0.8545449,0.8545446991920471,1.7881393432617188e-07,0.8545448780059814,14.545512,14.545530080795288
465,12.724125385284424,0.8545449,0.8545446991920471,1.7881393432617188e-07,0.8545448780059814,14.545512,14.545530080795288
466,12.74612307548523,0.8545449,0.8545446991920471,1.7881393432617188e-07,0.8545448780059814,14.545512,14.545530080795288
467,12.769789457321167,0.8545449,0.8545446991920471,1.7881393432617188e-07,0.8545448780059814,14.545512,14.545530080795288
468,12.792336702346802,0.8545449,0.8545446991920471,1.7881393432617188e-07,0.8545448780059814,14.545512,14.545530080795288
469,12.815131664276123,0.8545449,0.8545446991920471,1.7881393432617188e-07,0.8545448780059814,14.545512,14.545530080795288
470,12.83859395980835,0.8545449,0.8545446991920471,1.7881393432617188e-07,0.8545448780059814,14.545512,14.545530080795288
471,12.861461877822876,0.8545449,0.8545446991920471,1.7881393432617188e-07,0.8545448780059814,14.545512,14.545530080795288
472,12.883060216903687,0.8545449,0.8545446991920471,1.7881393432617188e-07,0.8545448780059814,14.545512,14.545530080795288
473,12.907641410827637,0.8545449,0.8545446991920471,1.7881393432617188e-07,0.8545448780059814,14.545512,14.545530080795288
474,12.930662155151367,0.8545449,0.8545446991920471,1.7881393432617188e-07,0.8545448780059814,14.545512,14.545530080795288
475,12.95371127128601,0.8545449,0.8545446991920471,1.7881393432617188e-07,0.8545448780059814,14.545512,14.545530080795288
476,12.976336479187012,0.8545449,0.8545446991920471,1.7881393432617188e-07,0.8545448780059814,14.545512,14.545530080795288
477,12.99897837638855,0.8545449,0.8545446991920471,1.7881393432617188e-07,0.8545448780059814,14.545512,14.545530080795288
478,13.02295470237732,0.8553198,0.854548990726471,5.7440272939857095e-05,0.8545448780059814,14.46802,14.545100927352905
479,13.05393123626709,0.8554355,0.8545762300491333,0.00014792315778322518,0.8545448780059814,14.456451,14.54237699508667
480,13.085393905639648,0.8555022,0.8546457886695862,0.0002517752582207322,0.8545448780059814,14.449781,14.535421133041382
481,13.115798950195312,0.8555022,0.8547605872154236,0.00033085927134379745,0.8545448780059814,14.449781,14.523941278457642
482,13.141965866088867,0.85565525,0.8550064563751221,0.0003483221516944468,0.8545448780059814,14.434475,14.499354362487793
483,13.174301624298096,0.8558367,0.8553568720817566,0.00016817751748021692,0.8550117015838623,14.416331,14.46431279182434
484,13.204437732696533,0.8558558,0.8555072546005249,0.00014263371122069657,0.8553478121757507,14.414417,14.44927453994751
485,13.23535418510437,0.85590094,0.85564124584198,0.0001378958986606449,0.8554645776748657,14.409905,14.435875415802002
486,13.26422643661499,0.8559207,0.8557777404785156,7.398212619591504e-05,0.8556448221206665,14.407932,14.422225952148438
487,13.294728755950928,0.85593265,0.8558465838432312,3.6280398489907384e-05,0.8558003902435303,14.406734,14.41534161567688
488,13.324065923690796,0.85593605,0.8558818101882935,2.6290506866644137e-05,0.8558452129364014,14.406395,14.411818981170654
489,13.354408740997314,0.85593784,0.8559100031852722,1.5280798834282905e-05,0.8558831214904785,14.406216,14.408999681472778
490,13.384662866592407,0.8559379,0.8559253215789795,8.685316061018966e-06,0.8559048175811768,14.40621,14.40746784210205
491,13.413686990737915,0.8559388,0.8559336066246033,3.993304744653869e-06,0.8559249639511108,14.40612,14.406639337539673
492,13.446676969528198,0.85593885,0.8559369444847107,1.0691449006117182e-06,0.8559346199035645,14.406115,14.40630555152893
493,13.475842952728271,0.85593957,0.8559379577636719,5.998133474349743e-07,0.8559368252754211,14.406043,14.406204223632812
494,13.505856037139893,0.8559396,0.8559384942054749,5.196684469410684e-07,0.8559378385543823,14.406037,14.406150579452515
495,13.535815715789795,0.8559396,0.8559389710426331,3.1299296665565635e-07,0.8559386730194092,14.406037,14.406102895736694
496,13.560367584228516,0.8559396,0.8559391498565674,3.753160626729368e-07,0.8559387922286987,14.406037,14.406085014343262
497,13.583373785018921,0.8559396,0.855939507484436,2.5804814640650875e-07,0.8559388518333435,14.406037,14.406049251556396
498,13.606754541397095,0.8559396,0.8559396862983704,7.819335223757662e-08,0.8559395670890808,14.406037,14.406031370162964
499,13.629430770874023,0.8559396,0.8559398055076599,1.7881393432617188e-07,0.8559396266937256,14.406037,14.406019449234009
500,13.65214204788208,0.8559396,0.8559398055076599,1.7881393432617188e-07,0.8559396266937256,14.406037,14.406019449234009
501,13.681113958358765,0.8559396,0.8559398055076599,1.7881393432617188e-07,0.8559396266937256,14.406037,14.406019449234009
502,13.704771518707275,0.8559396,0.8559398055076599,1.7881393432617188e-07,0.8559396266937256,14.406037,14.406019449234009
503,13.728037357330322,0.8559396,0.8559398055076599,1.7881393432617188e-07,0.8559396266937256,14.406037,14.406019449234009
504,13.751713275909424,0.8559396,0.8559398055076599,1.7881393432617188e-07,0.8559396266937256,14.406037,14.406019449234009
505,13.774519205093384,0.8559396,0.8559398055076599,1.7881393432617188e-07,0.8559396266937256,14.406037,14.406019449234009
506,13.798744440078735,0.8559396,0.8559398055076599,1.7881393432617188e-07,0.8559396266937256,14.406037,14.406019449234009
507,13.821654796600342,0.8559396,0.8559398055076599,1.7881393432617188e-07,0.8559396266937256,14.406037,14.406019449234009
508,13.844435214996338,0.8559396,0.8559398055076599,1.7881393432617188e-07,0.8559396266937256,14.406037,14.406019449234009
509,13.867509126663208,0.8559396,0.8559398055076599,1.7881393432617188e-07,0.8559396266937256,14.406037,14.406019449234009
510,13.890461683273315,0.8559396,0.8559398055076599,1.7881393432617188e-07,0.8559396266937256,14.406037,14.406019449234009
511,13.913728952407837,0.8559396,0.8559398055076599,1.7881393432617188e-07,0.8559396266937256,14.406037,14.406019449234009
512,13.936645030975342,0.8559396,0.8559398055076599,1.7881393432617188e-07,0.8559396266937256,14.406037,14.406019449234009
513,13.959473848342896,0.8559396,0.8559398055076599,1.7881393432617188e-07,0.8559396266937256,14.406037,14.406019449234009
514,13.982854127883911,0.8559396,0.8559398055076599,1.7881393432617188e-07,0.8559396266937256,14.406037,14.406019449234009
515,14.005905151367188,0.8559396,0.8559398055076599,1.7881393432617188e-07,0.8559396266937256,14.406037,14.406019449234009
516,14.028413534164429,0.8559396,0.8559398055076599,1.7881393432617188e-07,0.8559396266937256,14.406037,14.406019449234009
517,14.051749229431152,0.8559396,0.8559398055076599,1.7881393432617188e-07,0.8559396266937256,14.406037,14.406019449234009
518,14.075815916061401,0.8559396,0.8559398055076599,1.7881393432617188e-07,0.8559396266937256,14.406037,14.406019449234009
519,14.099287748336792,0.8559396,0.8559398055076599,1.7881393432617188e-07,0.8559396266937256,14.406037,14.406019449234009
520,14.12172245979309,0.8559396,0.8559398055076599,1.7881393432617188e-07,0.8559396266937256,14.406037,14.406019449234009
521,14.145065784454346,0.8559396,0.8559398055076599,1.7881393432617188e-07,0.8559396266937256,14.406037,14.406019449234009
522,14.166024446487427,0.8559396,0.8559398055076599,1.7881393432617188e-07,0.8559396266937256,14.406037,14.406019449234009
523,14.188546419143677,0.8559396,0.8559398055076599,1.7881393432617188e-07,0.8559396266937256,14.406037,14.406019449234009
524,14.211495637893677,0.8559396,0.8559398055076599,1.7881393432617188e-07,0.8559396266937256,14.406037,14.406019449234009
525,14.234242677688599,0.8559396,0.8559398055076599,1.7881393432617188e-07,0.8559396266937256,14.406037,14.406019449234009
526,14.258742094039917,0.8559396,0.8559398055076599,1.7881393432617188e-07,0.8559396266937256,14.406037,14.406019449234009
527,14.281434059143066,0.8559396,0.8559398055076599,1.7881393432617188e-07,0.8559396266937256,14.406037,14.406019449234009
528,14.304500341415405,0.8559396,0.8559398055076599,1.7881393432617188e-07,0.8559396266937256,14.406037,14.406019449234009
529,14.329314470291138,0.8559396,0.8559398055076599,1.7881393432617188e-07,0.8559396266937256,14.406037,14.406019449234009
530,14.354696035385132,0.8559396,0.8559398055076599,1.7881393432617188e-07,0.8559396266937256,14.406037,14.406019449234009
531,14.380135536193848,0.8559396,0.8559398055076599,1.7881393432617188e-07,0.8559396266937256,14.406037,14.406019449234009
532,14.404785871505737,0.8559396,0.8559398055076599,1.7881393432617188e-07,0.8559396266937256,14.406037,14.406019449234009
533,14.42869234085083,0.8559396,0.8559398055076599,1.7881393432617188e-07,0.8559396266937256,14.406037,14.406019449234009
534,14.451321840286255,0.8559396,0.8559398055076599,1.7881393432617188e-07,0.8559396266937256,14.406037,14.406019449234009
535,14.474603176116943,0.8559396,0.8559398055076599,1.7881393432617188e-07,0.8559396266937256,14.406037,14.406019449234009
536,14.498703241348267,0.8559396,0.8559398055076599,1.7881393432617188e-07,0.8559396266937256,14.406037,14.406019449234009
537,14.521844387054443,0.8559396,0.8559398055076599,1.7881393432617188e-07,0.8559396266937256,14.406037,14.406019449234009
538,14.5443274974823,0.8559396,0.8559398055076599,1.7881393432617188e-07,0.8559396266937256,14.406037,14.406019449234009
539,14.567180633544922,0.8559396,0.8559398055076599,1.7881393432617188e-07,0.8559396266937256,14.406037,14.406019449234009
540,14.590257167816162,0.8559396,0.8559398055076599,1.7881393432617188e-07,0.8559396266937256,14.406037,14.406019449234009
541,14.61362886428833,0.8559396,0.8559398055076599,1.7881393432617188e-07,0.8559396266937256,14.406037,14.406019449234009
542,14.63610553741455,0.8559396,0.8559398055076599,1.7881393432617188e-07,0.8559396266937256,14.406037,14.406019449234009
543,14.658497333526611,0.8559396,0.8559398055076599,1.7881393432617188e-07,0.8559396266937256,14.406037,14.406019449234009
544,14.68168830871582,0.8559396,0.8559398055076599,1.7881393432617188e-07,0.8559396266937256,14.406037,14.406019449234009
545,14.705203533172607,0.8559396,0.8559398055076599,1.7881393432617188e-07,0.8559396266937256,14.406037,14.406019449234009
546,14.728148698806763,0.8559396,0.8559398055076599,1.7881393432617188e-07,0.8559396266937256,14.406037,14.406019449234009
547,14.751628398895264,0.8559396,0.8559398055076599,1.7881393432617188e-07,0.8559396266937256,14.406037,14.406019449234009
548,14.774545907974243,0.8559396,0.8559398055076599,1.7881393432617188e-07,0.8559396266937256,14.406037,14.406019449234009
549,14.79810643196106,0.8559396,0.8559398055076599,1.7881393432617188e-07,0.8559396266937256,14.406037,14.406019449234009
550,14.820570230484009,0.8559396,0.8559398055076599,1.7881393432617188e-07,0.8559396266937256,14.406037,14.406019449234009
551,14.843377828598022,0.8559396,0.8559398055076599,1.7881393432617188e-07,0.8559396266937256,14.406037,14.406019449234009
552,14.866626024246216,0.8559396,0.8559398055076599,1.7881393432617188e-07,0.8559396266937256,14.406037,14.406019449234009
553,14.889321327209473,0.8559396,0.8559398055076599,1.7881393432617188e-07,0.8559396266937256,14.406037,14.406019449234009
554,14.912638664245605,0.8559396,0.8559398055076599,1.7881393432617188e-07,0.8559396266937256,14.406037,14.406019449234009
555,14.93408465385437,0.8559396,0.8559398055076599,1.7881393432617188e-07,0.8559396266937256,14.406037,14.406019449234009
556,14.95674204826355,0.8559396,0.8559398055076599,1.7881393432617188e-07,0.8559396266937256,14.406037,14.406019449234009
557,14.978429317474365,0.8559396,0.8559398055076599,1.7881393432617188e-07,0.8559396266937256,14.406037,14.406019449234009
558,15.000295639038086,0.8559396,0.8559398055076599,1.7881393432617188e-07,0.8559396266937256,14.406037,14.406019449234009
559,15.023605108261108,0.8559396,0.8559398055076599,1.7881393432617188e-07,0.8559396266937256,14.406037,14.406019449234009
560,15.047014713287354,0.8559396,0.8559398055076599,1.7881393432617188e-07,0.8559396266937256,14.406037,14.406019449234009
561,15.070048570632935,0.8559396,0.8559398055076599,1.7881393432617188e-07,0.8559396266937256,14.406037,14.406019449234009
562,15.092697381973267,0.8559396,0.8559398055076599,1.7881393432617188e-07,0.8559396266937256,14.406037,14.406019449234009
563,15.11679482460022,0.8559396,0.8559398055076599,1.7881393432617188e-07,0.8559396266937256,14.406037,14.406019449234009
564,15.140324831008911,0.8559396,0.8559398055076599,1.7881393432617188e-07,0.8559396266937256,14.406037,14.406019449234009
565,15.164788961410522,0.8559396,0.8559398055076599,1.7881393432617188e-07,0.8559396266937256,14.406037,14.406019449234009
566,15.18651294708252,0.8559396,0.8559398055076599,1.7881393432617188e-07,0.8559396266937256,14.406037,14.406019449234009
567,15.208847284317017,0.8559396,0.8559398055076599,1.7881393432617188e-07,0.8559396266937256,14.406037,14.406019449234009
568,15.231786251068115,0.8559396,0.8559398055076599,1.7881393432617188e-07,0.8559396266937256,14.406037,14.406019449234009
569,15.25410771369934,0.8559396,0.8559398055076599,1.7881393432617188e-07,0.8559396266937256,14.406037,14.406019449234009
570,15.27789306640625,0.8559396,0.8559398055076599,1.7881393432617188e-07,0.8559396266937256,14.406037,14.406019449234009
571,15.301572561264038,0.8559396,0.8559398055076599,1.7881393432617188e-07,0.8559396266937256,14.406037,14.406019449234009
572,15.325185537338257,0.8559396,0.8559398055076599,1.7881393432617188e-07,0.8559396266937256,14.406037,14.406019449234009
573,15.349109172821045,0.8559396,0.8559398055076599,1.7881393432617188e-07,0.8559396266937256,14.406037,14.406019449234009
574,15.372809886932373,0.8559396,0.8559398055076599,1.7881393432617188e-07,0.8559396266937256,14.406037,14.406019449234009
575,15.39574122428894,0.8559396,0.8559398055076599,1.7881393432617188e-07,0.8559396266937256,14.406037,14.406019449234009
576,15.419661521911621,0.8559396,0.8559398055076599,1.7881393432617188e-07,0.8559396266937256,14.406037,14.406019449234009
577,15.442420959472656,0.8559396,0.8559398055076599,1.7881393432617188e-07,0.8559396266937256,14.406037,14.406019449234009
578,15.46668553352356,0.8559396,0.8559398055076599,1.7881393432617188e-07,0.8559396266937256,14.406037,14.406019449234009
579,15.48978066444397,0.8559396,0.8559398055076599,1.7881393432617188e-07,0.8559396266937256,14.406037,14.406019449234009
580,15.513758897781372,0.8559396,0.8559398055076599,1.7881393432617188e-07,0.8559396266937256,14.406037,14.406019449234009
581,15.537317752838135,0.8559396,0.8559398055076599,1.7881393432617188e-07,0.8559396266937256,14.406037,14.406019449234009
582,15.56092882156372,0.8559396,0.8559398055076599,1.7881393432617188e-07,0.8559396266937256,14.406037,14.406019449234009
583,15.583796739578247,0.8559396,0.8559398055076599,1.7881393432617188e-07,0.8559396266937256,14.406037,14.406019449234009
584,15.607762336730957,0.8559396,0.8559398055076599,1.7881393432617188e-07,0.8559396266937256,14.406037,14.406019449234009
585,15.630244016647339,0.8559396,0.8559398055076599,1.7881393432617188e-07,0.8559396266937256,14.406037,14.406019449234009
586,15.653278589248657,0.8559396,0.8559398055076599,1.7881393432617188e-07,0.8559396266937256,14.406037,14.406019449234009
587,15.676698684692383,0.8559396,0.8559398055076599,1.7881393432617188e-07,0.8559396266937256,14.406037,14.406019449234009
588,15.698765516281128,0.8559396,0.8559398055076599,1.7881393432617188e-07,0.8559396266937256,14.406037,14.406019449234009
589,15.72190809249878,0.8559396,0.8559398055076599,1.7881393432617188e-07,0.8559396266937256,14.406037,14.406019449234009
590,15.7447350025177,0.8559396,0.8559398055076599,1.7881393432617188e-07,0.8559396266937256,14.406037,14.406019449234009
591,15.766505002975464,0.8559396,0.8559398055076599,1.7881393432617188e-07,0.8559396266937256,14.406037,14.406019449234009
592,15.789316892623901,0.8559396,0.8559398055076599,1.7881393432617188e-07,0.8559396266937256,14.406037,14.406019449234009
593,15.812298774719238,0.8559396,0.8559398055076599,1.7881393432617188e-07,0.8559396266937256,14.406037,14.406019449234009
594,15.835673809051514,0.8559396,0.8559398055076599,1.7881393432617188e-07,0.8559396266937256,14.406037,14.406019449234009
595,15.858463764190674,0.8559396,0.8559398055076599,1.7881393432617188e-07,0.8559396266937256,14.406037,14.406019449234009
596,15.881001710891724,0.8559396,0.8559398055076599,1.7881393432617188e-07,0.8559396266937256,14.406037,14.406019449234009
597,15.904058694839478,0.8559396,0.8559398055076599,1.7881393432617188e-07,0.8559396266937256,14.406037,14.406019449234009
598,15.926524877548218,0.8559396,0.8559398055076599,1.7881393432617188e-07,0.8559396266937256,14.406037,14.406019449234009
599,15.948845148086548,0.8559396,0.8559398055076599,1.7881393432617188e-07,0.8559396266937256,14.406037,14.406019449234009
600,15.971194744110107,0.8559396,0.8559398055076599,1.7881393432617188e-07,0.8559396266937256,14.406037,14.406019449234009
601,15.99369502067566,0.8559396,0.8559398055076599,1.7881393432617188e-07,0.8559396266937256,14.406037,14.406019449234009
602,16.015896558761597,0.8559396,0.8559398055076599,1.7881393432617188e-07,0.8559396266937256,14.406037,14.406019449234009
603,16.03958535194397,0.8559396,0.8559398055076599,1.7881393432617188e-07,0.8559396266937256,14.406037,14.406019449234009
604,16.062926054000854,0.8559396,0.8559398055076599,1.7881393432617188e-07,0.8559396266937256,14.406037,14.406019449234009
605,16.086030960083008,0.8559396,0.8559398055076599,1.7881393432617188e-07,0.8559396266937256,14.406037,14.406019449234009
606,16.109739780426025,0.8559396,0.8559398055076599,1.7881393432617188e-07,0.8559396266937256,14.406037,14.406019449234009
607,16.13385534286499,0.8559396,0.8559398055076599,1.7881393432617188e-07,0.8559396266937256,14.406037,14.406019449234009
608,16.158453702926636,0.8559396,0.8559398055076599,1.7881393432617188e-07,0.8559396266937256,14.406037,14.406019449234009
609,16.181891441345215,0.8559396,0.8559398055076599,1.7881393432617188e-07,0.8559396266937256,14.406037,14.406019449234009
610,16.2051842212677,0.8559396,0.8559398055076599,1.7881393432617188e-07,0.8559396266937256,14.406037,14.406019449234009
611,16.227265119552612,0.8559396,0.8559398055076599,1.7881393432617188e-07,0.8559396266937256,14.406037,14.406019449234009
612,16.25136709213257,0.8559396,0.8559398055076599,1.7881393432617188e-07,0.8559396266937256,14.406037,14.406019449234009
613,16.27637505531311,0.8559396,0.8559398055076599,1.7881393432617188e-07,0.8559396266937256,14.406037,14.406019449234009
614,16.299838066101074,0.8559396,0.8559398055076599,1.7881393432617188e-07,0.8559396266937256,14.406037,14.406019449234009
615,16.329285621643066,0.8559396,0.8559398055076599,1.7881393432617188e-07,0.8559396266937256,14.406037,14.406019449234009
616,16.360949993133545,0.8559396,0.8559398055076599,1.7881393432617188e-07,0.8559396266937256,14.406037,14.406019449234009
617,16.39451837539673,0.8559396,0.8559398055076599,1.7881393432617188e-07,0.8559396266937256,14.406037,14.406019449234009
618,16.419665098190308,0.8559396,0.8559398055076599,1.7881393432617188e-07,0.8559396266937256,14.406037,14.406019449234009
619,16.446589946746826,0.8559396,0.8559398055076599,1.7881393432617188e-07,0.8559396266937256,14.406037,14.406019449234009
620,16.47161054611206,0.8559396,0.8559398055076599,1.7881393432617188e-07,0.8559396266937256,14.406037,14.406019449234009
621,16.49679207801819,0.8559396,0.8559398055076599,1.7881393432617188e-07,0.8559396266937256,14.406037,14.406019449234009
622,16.522720336914062,0.8559396,0.8559398055076599,1.7881393432617188e-07,0.8559396266937256,14.406037,14.406019449234009
623,16.547301769256592,0.8559396,0.8559398055076599,1.7881393432617188e-07,0.8559396266937256,14.406037,14.406019449234009
624,16.569984674453735,0.8559396,0.8559398055076599,1.7881393432617188e-07,0.8559396266937256,14.406037,14.406019449234009
625,16.593165636062622,0.8559396,0.8559398055076599,1.7881393432617188e-07,0.8559396266937256,14.406037,14.406019449234009
626,16.615463972091675,0.8559396,0.8559398055076599,1.7881393432617188e-07,0.8559396266937256,14.406037,14.406019449234009
627,16.63729953765869,0.8559396,0.8559398055076599,1.7881393432617188e-07,0.8559396266937256,14.406037,14.406019449234009
628,16.66150164604187,0.8559396,0.8559398055076599,1.7881393432617188e-07,0.8559396266937256,14.406037,14.406019449234009
629,16.684340953826904,0.8559396,0.8559398055076599,1.7881393432617188e-07,0.8559396266937256,14.406037,14.406019449234009
630,16.707268476486206,0.8559396,0.8559398055076599,1.7881393432617188e-07,0.8559396266937256,14.406037,14.406019449234009
631,16.730645418167114,0.8559396,0.8559398055076599,1.7881393432617188e-07,0.8559396266937256,14.406037,14.406019449234009
632,16.753052949905396,0.8559396,0.8559398055076599,1.7881393432617188e-07,0.8559396266937256,14.406037,14.406019449234009
633,16.776123046875,0.8559396,0.8559398055076599,1.7881393432617188e-07,0.8559396266937256,14.406037,14.406019449234009
634,16.79917860031128,0.85639346,0.8559422492980957,3.363978612469509e-05,0.8559396266937256,14.360655,14.40577507019043
635,16.828822135925293,0.85639346,0.8559497594833374,6.671623123111203e-05,0.8559396266937256,14.360655,14.40502405166626
636,16.852568864822388,0.8565016,0.85598224401474,0.0001369454839732498,0.8559396266937256,14.349842,14.401775598526001
637,16.88247275352478,0.8565016,0.8560457229614258,0.00020577591203618795,0.8559396266937256,14.349842,14.395427703857422
638,16.9063241481781,0.85652816,0.8562036156654358,0.00025671598268672824,0.8559396266937256,14.347183,14.379638433456421
639,16.93736171722412,0.8565351,0.8564593195915222,4.424681537784636e-05,0.8563934564590454,14.346493,14.354068040847778
640,16.966891527175903,0.8565354,0.8564982414245605,1.9590957890613936e-05,0.8564658761024475,14.346462,14.350175857543945
641,16.999006748199463,0.85653955,0.8565161824226379,1.2794059330190066e-05,0.856501579284668,14.3460455,14.348381757736206
642,17.02878165245056,0.85653955,0.8565282821655273,4.509539849095745e-06,0.8565238118171692,14.3460455,14.347171783447266
643,17.052565813064575,0.85653955,0.8565322160720825,3.831386038655182e-06,0.8565279245376587,14.3460455,14.346778392791748
644,17.07516646385193,0.856544,0.8565360307693481,1.7781112546799704e-06,0.8565350770950317,14.345598,14.346396923065186
645,17.10527539253235,0.856544,0.8565372228622437,2.1165712951187743e-06,0.8565350770950317,14.345598,14.346277713775635
646,17.129061222076416,0.856544,0.8565393090248108,1.4286579244071618e-06,0.8565365076065063,14.345598,14.346069097518921
647,17.15276312828064,0.8565454,0.8565405011177063,1.7238699001609348e-06,0.8565395474433899,14.345461,14.34594988822937
648,17.181645393371582,0.8565454,0.8565419316291809,2.3602838155056816e-06,0.8565395474433899,14.345461,14.34580683708191
649,17.204622983932495,0.8565456,0.8565443754196167,1.2533234894362977e-06,0.8565412163734436,14.345437,14.34556245803833
650,17.237040758132935,0.856546,0.8565452694892883,3.0882628720974026e-07,0.856544017791748,14.345402,14.345473051071167
651,17.266483306884766,0.856546,0.8565454483032227,1.3932817921613605e-07,0.8565453886985779,14.345402,14.345455169677734
652,17.289738655090332,0.856546,0.8565455675125122,2.4415365373897657e-07,0.8565453886985779,14.345402,14.34544324874878
653,17.312588930130005,0.856546,0.8565457463264465,2.66486438249558e-07,0.8565453886985779,14.345402,14.345425367355347
654,17.334452867507935,0.856546,0.8565460443496704,5.960464477539063e-08,0.8565459847450256,14.345402,14.345395565032959
655,17.357661485671997,0.856546,0.8565460443496704,5.960464477539063e-08,0.8565459847450256,14.345402,14.345395565032959
656,17.381213426589966,0.856546,0.8565460443496704,5.960464477539063e-08,0.8565459847450256,14.345402,14.345395565032959
657,17.40586256980896,0.856546,0.8565460443496704,5.960464477539063e-08,0.8565459847450256,14.345402,14.345395565032959
658,17.428160429000854,0.856546,0.8565460443496704,5.960464477539063e-08,0.8565459847450256,14.345402,14.345395565032959
659,17.451237201690674,0.856546,0.8565460443496704,5.960464477539063e-08,0.8565459847450256,14.345402,14.345395565032959
660,17.47244954109192,0.856546,0.8565460443496704,5.960464477539063e-08,0.8565459847450256,14.345402,14.345395565032959
661,17.49473237991333,0.856546,0.8565460443496704,5.960464477539063e-08,0.8565459847450256,14.345402,14.345395565032959
662,17.51578164100647,0.856546,0.8565460443496704,5.960464477539063e-08,0.8565459847450256,14.345402,14.345395565032959
663,17.538808822631836,0.856546,0.8565460443496704,5.960464477539063e-08,0.8565459847450256,14.345402,14.345395565032959
664,17.561821222305298,0.856546,0.8565460443496704,5.960464477539063e-08,0.8565459847450256,14.345402,14.345395565032959
665,17.584195137023926,0.856546,0.8565460443496704,5.960464477539063e-08,0.8565459847450256,14.345402,14.345395565032959
666,17.608249187469482,0.856546,0.8565460443496704,5.960464477539063e-08,0.8565459847450256,14.345402,14.345395565032959
667,17.633023977279663,0.856546,0.8565460443496704,5.960464477539063e-08,0.8565459847450256,14.345402,14.345395565032959
668,17.65745210647583,0.856546,0.8565460443496704,5.960464477539063e-08,0.8565459847450256,14.345402,14.345395565032959
669,17.680987119674683,0.856546,0.8565460443496704,5.960464477539063e-08,0.8565459847450256,14.345402,14.345395565032959
670,17.703794479370117,0.856546,0.8565460443496704,5.960464477539063e-08,0.8565459847450256,14.345402,14.345395565032959
671,17.725046396255493,0.856546,0.8565460443496704,5.960464477539063e-08,0.8565459847450256,14.345402,14.345395565032959
672,17.75051712989807,0.856546,0.8565460443496704,5.960464477539063e-08,0.8565459847450256,14.345402,14.345395565032959
673,17.773634910583496,0.856546,0.8565460443496704,5.960464477539063e-08,0.8565459847450256,14.345402,14.345395565032959
674,17.7996768951416,0.856546,0.8565460443496704,5.960464477539063e-08,0.8565459847450256,14.345402,14.345395565032959
675,17.82377028465271,0.856546,0.8565460443496704,5.960464477539063e-08,0.8565459847450256,14.345402,14.345395565032959
676,17.847631454467773,0.856546,0.8565460443496704,5.960464477539063e-08,0.8565459847450256,14.345402,14.345395565032959
677,17.870431423187256,0.856546,0.8565460443496704,5.960464477539063e-08,0.8565459847450256,14.345402,14.345395565032959
678,17.893310070037842,0.856546,0.8565460443496704,5.960464477539063e-08,0.8565459847450256,14.345402,14.345395565032959
679,17.914711475372314,0.856546,0.8565460443496704,5.960464477539063e-08,0.8565459847450256,14.345402,14.345395565032959
680,17.93923544883728,0.856546,0.8565460443496704,5.960464477539063e-08,0.8565459847450256,14.345402,14.345395565032959
681,17.96064257621765,0.856546,0.8565460443496704,5.960464477539063e-08,0.8565459847450256,14.345402,14.345395565032959
682,17.983095169067383,0.856546,0.8565460443496704,5.960464477539063e-08,0.8565459847450256,14.345402,14.345395565032959
683,18.006516218185425,0.856546,0.8565460443496704,5.960464477539063e-08,0.8565459847450256,14.345402,14.345395565032959
684,18.02957034111023,0.856546,0.8565460443496704,5.960464477539063e-08,0.8565459847450256,14.345402,14.345395565032959
685,18.053751945495605,0.856546,0.8565460443496704,5.960464477539063e-08,0.8565459847450256,14.345402,14.345395565032959
686,18.07689070701599,0.856546,0.8565460443496704,5.960464477539063e-08,0.8565459847450256,14.345402,14.345395565032959
687,18.09976553916931,0.856546,0.8565460443496704,5.960464477539063e-08,0.8565459847450256,14.345402,14.345395565032959
688,18.12303376197815,0.856546,0.8565460443496704,5.960464477539063e-08,0.8565459847450256,14.345402,14.345395565032959
689,18.146543264389038,0.856546,0.8565460443496704,5.960464477539063e-08,0.8565459847450256,14.345402,14.345395565032959
690,18.16940212249756,0.856546,0.8565460443496704,5.960464477539063e-08,0.8565459847450256,14.345402,14.345395565032959
691,18.191340446472168,0.856546,0.8565460443496704,5.960464477539063e-08,0.8565459847450256,14.345402,14.345395565032959
692,18.214723825454712,0.856546,0.8565460443496704,5.960464477539063e-08,0.8565459847450256,14.345402,14.345395565032959
693,18.237666606903076,0.856546,0.8565460443496704,5.960464477539063e-08,0.8565459847450256,14.345402,14.345395565032959
694,18.26078987121582,0.856546,0.8565460443496704,5.960464477539063e-08,0.8565459847450256,14.345402,14.345395565032959
695,18.28401494026184,0.856546,0.8565460443496704,5.960464477539063e-08,0.8565459847450256,14.345402,14.345395565032959
696,18.307034730911255,0.856546,0.8565460443496704,5.960464477539063e-08,0.8565459847450256,14.345402,14.345395565032959
697,18.331664323806763,0.85717064,0.8565495014190674,4.630197145161219e-05,0.8565459847450256,14.282936,14.345049858093262
698,18.363802194595337,0.8573164,0.8565614223480225,0.00010251997446175665,0.8565459847450256,14.268362,14.343857765197754
699,18.39327573776245,0.85744077,0.8566004037857056,0.00018847898172680289,0.8565459847450256,14.255923,14.339959621429443
700,18.423130750656128,0.85766995,0.8566786646842957,0.00028523794026114047,0.8565459847450256,14.233006,14.332133531570435
701,18.45427966117859,0.85766995,0.8568418025970459,0.00037557550240308046,0.8565459847450256,14.233006,14.31581974029541
702,18.47904062271118,0.85766995,0.8571650981903076,0.00032267230562865734,0.8565502762794495,14.233006,14.283490180969238
703,18.502405166625977,0.8576776,0.8574446439743042,0.00013553684402722865,0.8572799563407898,14.232243,14.25553560256958
704,18.534506797790527,0.8576776,0.8575533628463745,9.495870472164825e-05,0.8574488162994385,14.232243,14.244663715362549
705,18.559330940246582,0.8576813,0.8576465249061584,4.716945477412082e-05,0.8574991822242737,14.231873,14.235347509384155
706,18.593118906021118,0.857684,0.8576723337173462,3.6776275464944774e-06,0.8576698899269104,14.231598,14.23276662826538
707,18.639240503311157,0.8576917,0.8576748967170715,4.416715000843396e-06,0.8576699495315552,14.230829,14.232510328292847
708,18.669394493103027,0.8576917,0.8576791882514954,3.4395091006445e-06,0.8576775789260864,14.230829,14.232081174850464
709,18.693146228790283,0.85769176,0.8576820492744446,5.39487109563197e-06,0.8576776385307312,14.2308235,14.231795072555542
710,18.722455978393555,0.85769176,0.8576869964599609,4.524128144112183e-06,0.8576776385307312,14.2308235,14.231300354003906
711,18.745922088623047,0.85769176,0.8576912879943848,1.0304082707079942e-06,0.8576889038085938,14.2308235,14.230871200561523
712,18.77003240585327,0.85769176,0.8576917052268982,4.6886718507721525e-08,0.8576917052268982,14.2308235,14.23082947731018
713,18.793768405914307,0.85769176,0.8576918244361877,5.960464477539063e-08,0.857691764831543,14.2308235,14.230817556381226
714,18.817121505737305,0.85769176,0.8576918244361877,5.960464477539063e-08,0.857691764831543,14.2308235,14.230817556381226
715,18.840163946151733,0.85769176,0.8576918244361877,5.960464477539063e-08,0.857691764831543,14.2308235,14.230817556381226
716,18.86131000518799,0.85769176,0.8576918244361877,5.960464477539063e-08,0.857691764831543,14.2308235,14.230817556381226
717,18.88386821746826,0.85769176,0.8576918244361877,5.960464477539063e-08,0.857691764831543,14.2308235,14.230817556381226
718,18.905158758163452,0.85769176,0.8576918244361877,5.960464477539063e-08,0.857691764831543,14.2308235,14.230817556381226
719,18.927973985671997,0.85769176,0.8576918244361877,5.960464477539063e-08,0.857691764831543,14.2308235,14.230817556381226
720,18.95132327079773,0.85769176,0.8576918244361877,5.960464477539063e-08,0.857691764831543,14.2308235,14.230817556381226
721,18.973732709884644,0.85769176,0.8576918244361877,5.960464477539063e-08,0.857691764831543,14.2308235,14.230817556381226
722,18.996546268463135,0.85769176,0.8576918244361877,5.960464477539063e-08,0.857691764831543,14.2308235,14.230817556381226
723,19.01892614364624,0.85769176,0.8576918244361877,5.960464477539063e-08,0.857691764831543,14.2308235,14.230817556381226
724,19.0422101020813,0.85769176,0.8576918244361877,5.960464477539063e-08,0.857691764831543,14.2308235,14.230817556381226
725,19.065738677978516,0.85769176,0.8576918244361877,5.960464477539063e-08,0.857691764831543,14.2308235,14.230817556381226
726,19.088337659835815,0.85769176,0.8576918244361877,5.960464477539063e-08,0.857691764831543,14.2308235,14.230817556381226
727,19.112426042556763,0.85769176,0.8576918244361877,5.960464477539063e-08,0.857691764831543,14.2308235,14.230817556381226
728,19.135353088378906,0.85769176,0.8576918244361877,5.960464477539063e-08,0.857691764831543,14.2308235,14.230817556381226
729,19.15887713432312,0.85769176,0.8576918244361877,5.960464477539063e-08,0.857691764831543,14.2308235,14.230817556381226
730,19.18213152885437,0.85769176,0.8576918244361877,5.960464477539063e-08,0.857691764831543,14.2308235,14.230817556381226
731,19.20582866668701,0.85769176,0.8576918244361877,5.960464477539063e-08,0.857691764831543,14.2308235,14.230817556381226
732,19.229050636291504,0.85769176,0.8576918244361877,5.960464477539063e-08,0.857691764831543,14.2308235,14.230817556381226
733,19.252888441085815,0.85769176,0.8576918244361877,5.960464477539063e-08,0.857691764831543,14.2308235,14.230817556381226
734,19.27686882019043,0.85769176,0.8576918244361877,5.960464477539063e-08,0.857691764831543,14.2308235,14.230817556381226
735,19.300093412399292,0.85769176,0.8576918244361877,5.960464477539063e-08,0.857691764831543,14.2308235,14.230817556381226
736,19.323191165924072,0.85769176,0.8576918244361877,5.960464477539063e-08,0.857691764831543,14.2308235,14.230817556381226
737,19.347313404083252,0.85769176,0.8576918244361877,5.960464477539063e-08,0.857691764831543,14.2308235,14.230817556381226
738,19.36906862258911,0.85769176,0.8576918244361877,5.960464477539063e-08,0.857691764831543,14.2308235,14.230817556381226
739,19.393401622772217,0.85769176,0.8576918244361877,5.960464477539063e-08,0.857691764831543,14.2308235,14.230817556381226
740,19.416397094726562,0.85769176,0.8576918244361877,5.960464477539063e-08,0.857691764831543,14.2308235,14.230817556381226
741,19.43848943710327,0.85769176,0.8576918244361877,5.960464477539063e-08,0.857691764831543,14.2308235,14.230817556381226
742,19.460546016693115,0.85769176,0.8576918244361877,5.960464477539063e-08,0.857691764831543,14.2308235,14.230817556381226
743,19.484339952468872,0.85769176,0.8576918244361877,5.960464477539063e-08,0.857691764831543,14.2308235,14.230817556381226
744,19.506488800048828,0.85769176,0.8576918244361877,5.960464477539063e-08,0.857691764831543,14.2308235,14.230817556381226
745,19.529510736465454,0.85769176,0.8576918244361877,5.960464477539063e-08,0.857691764831543,14.2308235,14.230817556381226
746,19.55238175392151,0.85769176,0.8576918244361877,5.960464477539063e-08,0.857691764831543,14.2308235,14.230817556381226
747,19.575392484664917,0.85769176,0.8576918244361877,5.960464477539063e-08,0.857691764831543,14.2308235,14.230817556381226
748,19.596808910369873,0.85769176,0.8576918244361877,5.960464477539063e-08,0.857691764831543,14.2308235,14.230817556381226
749,19.62002468109131,0.85769176,0.8576918244361877,5.960464477539063e-08,0.857691764831543,14.2308235,14.230817556381226
750,19.642701625823975,0.85769176,0.8576918244361877,5.960464477539063e-08,0.857691764831543,14.2308235,14.230817556381226
751,19.6640944480896,0.85769176,0.8576918244361877,5.960464477539063e-08,0.857691764831543,14.2308235,14.230817556381226
752,19.688448429107666,0.85769176,0.8576918244361877,5.960464477539063e-08,0.857691764831543,14.2308235,14.230817556381226
753,19.711490869522095,0.85769176,0.8576918244361877,5.960464477539063e-08,0.857691764831543,14.2308235,14.230817556381226
754,19.734777688980103,0.85769176,0.8576918244361877,5.960464477539063e-08,0.857691764831543,14.2308235,14.230817556381226
755,19.757799863815308,0.85769176,0.8576918244361877,5.960464477539063e-08,0.857691764831543,14.2308235,14.230817556381226
756,19.78126573562622,0.85769176,0.8576918244361877,5.960464477539063e-08,0.857691764831543,14.2308235,14.230817556381226
757,19.80431818962097,0.85769176,0.8576918244361877,5.960464477539063e-08,0.857691764831543,14.2308235,14.230817556381226
758,19.827604293823242,0.85769176,0.8576918244361877,5.960464477539063e-08,0.857691764831543,14.2308235,14.230817556381226
759,19.851531267166138,0.85769176,0.8576918244361877,5.960464477539063e-08,0.857691764831543,14.2308235,14.230817556381226
760,19.874471187591553,0.85769176,0.8576918244361877,5.960464477539063e-08,0.857691764831543,14.2308235,14.230817556381226
761,19.898078203201294,0.85769176,0.8576918244361877,5.960464477539063e-08,0.857691764831543,14.2308235,14.230817556381226
762,19.92013955116272,0.85769176,0.8576918244361877,5.960464477539063e-08,0.857691764831543,14.2308235,14.230817556381226
763,19.942039966583252,0.85769176,0.8576918244361877,5.960464477539063e-08,0.857691764831543,14.2308235,14.230817556381226
764,19.96431255340576,0.85769176,0.8576918244361877,5.960464477539063e-08,0.857691764831543,14.2308235,14.230817556381226
765,19.98691725730896,0.85769176,0.8576918244361877,5.960464477539063e-08,0.857691764831543,14.2308235,14.230817556381226
766,20.009973764419556,0.85769176,0.8576918244361877,5.960464477539063e-08,0.857691764831543,14.2308235,14.230817556381226
767,20.03302550315857,0.85769176,0.8576918244361877,5.960464477539063e-08,0.857691764831543,14.2308235,14.230817556381226
768,20.05762481689453,0.85769176,0.8576918244361877,5.960464477539063e-08,0.857691764831543,14.2308235,14.230817556381226
769,20.079859733581543,0.85769176,0.8576918244361877,5.960464477539063e-08,0.857691764831543,14.2308235,14.230817556381226
770,20.102418899536133,0.85769176,0.8576918244361877,5.960464477539063e-08,0.857691764831543,14.2308235,14.230817556381226
771,20.125743627548218,0.8577831,0.857692301273346,6.768639650545083e-06,0.857691764831543,14.221692,14.230769872665405
772,20.15492010116577,0.8580774,0.8576951026916504,3.0135037377476692e-05,0.857691764831543,14.192259,14.230489730834961
773,20.184998273849487,0.8582073,0.8577141761779785,8.285191870527342e-05,0.857691764831543,14.179272,14.228582382202148
774,20.216055154800415,0.8583023,0.8577724695205688,0.00015013832307886332,0.857691764831543,14.16977,14.222753047943115
775,20.2460355758667,0.8583023,0.8578867316246033,0.00019557024643290788,0.857691764831543,14.16977,14.211326837539673
776,20.268311977386475,0.8583023,0.8580755591392517,0.00012553328997455537,0.8578266501426697,14.16977,14.192444086074829
777,20.290661096572876,0.85834324,0.8581914901733398,7.814550190232694e-05,0.8580780029296875,14.165676,14.180850982666016
778,20.321478605270386,0.85838735,0.8582637310028076,4.501258808886632e-05,0.8582072854042053,14.161264,14.173626899719238
779,20.35103940963745,0.8584013,0.8583089113235474,2.7431211492512375e-05,0.8582660555839539,14.15987,14.169108867645264
780,20.383166551589966,0.8584014,0.8583308458328247,3.152188583044335e-05,0.8583022952079773,14.159859,14.16691541671753
781,20.413477897644043,0.85841453,0.8583576083183289,2.90134903480066e-05,0.8583161234855652,14.158546,14.164239168167114
782,20.444548845291138,0.8584155,0.8583849668502808,1.699234235275071e-05,0.8583524823188782,14.158451,14.161503314971924
783,20.47444796562195,0.85842,0.8584005236625671,7.2793159233697224e-06,0.8583873510360718,14.157999,14.159947633743286
784,20.504307746887207,0.8584262,0.8584068417549133,5.940147275396157e-06,0.8584012985229492,14.157379,14.159315824508667
785,20.53450107574463,0.8584296,0.8584132790565491,5.404050170909613e-06,0.8584046959877014,14.157039,14.158672094345093
786,20.564061880111694,0.8584296,0.8584191799163818,4.867309598921565e-06,0.8584140539169312,14.157039,14.158082008361816
787,20.585442066192627,0.8584296,0.8584234118461609,4.535184416454285e-06,0.8584171533584595,14.157039,14.157658815383911
788,20.608320951461792,0.8584296,0.8584277629852295,1.383881681249477e-06,0.8584239482879639,14.157039,14.15722370147705
789,20.63189673423767,0.8584296,0.858428955078125,5.062955210632936e-07,0.8584283590316772,14.157039,14.1571044921875
790,20.65538191795349,0.8584296,0.8584294319152832,3.2024618690229545e-07,0.8584285974502563,14.157039,14.15705680847168
791,20.679850339889526,0.8584296,0.8584296107292175,0.0,0.8584296107292175,14.157039,14.157038927078247
792,20.70529866218567,0.8584296,0.8584296107292175,0.0,0.8584296107292175,14.157039,14.157038927078247
793,20.730060338974,0.8584296,0.8584296107292175,0.0,0.8584296107292175,14.157039,14.157038927078247
794,20.75370192527771,0.8584296,0.8584296107292175,0.0,0.8584296107292175,14.157039,14.157038927078247
795,20.77622699737549,0.8584296,0.8584296107292175,0.0,0.8584296107292175,14.157039,14.157038927078247
796,20.798704862594604,0.8584296,0.8584296107292175,0.0,0.8584296107292175,14.157039,14.157038927078247
797,20.821586847305298,0.8584296,0.8584296107292175,0.0,0.8584296107292175,14.157039,14.157038927078247
798,20.845093488693237,0.8584296,0.8584296107292175,0.0,0.8584296107292175,14.157039,14.157038927078247
799,20.869507551193237,0.8584296,0.8584296107292175,0.0,0.8584296107292175,14.157039,14.157038927078247
800,20.892005681991577,0.8584296,0.8584296107292175,0.0,0.8584296107292175,14.157039,14.157038927078247
801,20.91583251953125,0.8584296,0.8584296107292175,0.0,0.8584296107292175,14.157039,14.157038927078247
802,20.93852472305298,0.8584296,0.8584296107292175,0.0,0.8584296107292175,14.157039,14.157038927078247
803,20.961524963378906,0.8584296,0.8584296107292175,0.0,0.8584296107292175,14.157039,14.157038927078247
804,20.984596252441406,0.8584296,0.8584296107292175,0.0,0.8584296107292175,14.157039,14.157038927078247
805,21.00757622718811,0.8584296,0.8584296107292175,0.0,0.8584296107292175,14.157039,14.157038927078247
806,21.029375791549683,0.8584296,0.8584296107292175,0.0,0.8584296107292175,14.157039,14.157038927078247
807,21.051780462265015,0.8584296,0.8584296107292175,0.0,0.8584296107292175,14.157039,14.157038927078247
808,21.074259281158447,0.8584296,0.8584296107292175,0.0,0.8584296107292175,14.157039,14.157038927078247
809,21.097079277038574,0.8584296,0.8584296107292175,0.0,0.8584296107292175,14.157039,14.157038927078247
810,21.140625953674316,0.85857403,0.8556038737297058,0.0024408462923020124,0.8502291440963745,14.142597,14.439612627029419
811,21.169007062911987,0.85857403,0.8578156232833862,0.0006606795359402895,0.8564499020576477,14.142597,14.218437671661377
812,21.192457914352417,0.85857403,0.8584036827087402,0.0001570415624883026,0.8580523133277893,14.142597,14.159631729125977
813,21.215706825256348,0.85857403,0.8585355281829834,5.034359128330834e-05,0.8584296107292175,14.142597,14.14644718170166
814,21.238715648651123,0.85857403,0.8585717678070068,5.306113962433301e-06,0.858559250831604,14.142597,14.142823219299316
815,21.261379718780518,0.85857403,0.8585739731788635,5.960464477539063e-08,0.8585740327835083,14.142597,14.142602682113647
816,21.285107851028442,0.85857403,0.8585739731788635,5.960464477539063e-08,0.8585740327835083,14.142597,14.142602682113647
817,21.308342695236206,0.85857403,0.8585739731788635,5.960464477539063e-08,0.8585740327835083,14.142597,14.142602682113647
818,21.33108115196228,0.85857403,0.8585739731788635,5.960464477539063e-08,0.8585740327835083,14.142597,14.142602682113647
819,21.355064153671265,0.85857403,0.8585739731788635,5.960464477539063e-08,0.8585740327835083,14.142597,14.142602682113647
820,21.380831956863403,0.85857403,0.8585739731788635,5.960464477539063e-08,0.8585740327835083,14.142597,14.142602682113647
821,21.40558910369873,0.85857403,0.8585739731788635,5.960464477539063e-08,0.8585740327835083,14.142597,14.142602682113647
822,21.42921495437622,0.85857403,0.8585739731788635,5.960464477539063e-08,0.8585740327835083,14.142597,14.142602682113647
823,21.452457904815674,0.85857403,0.8585739731788635,5.960464477539063e-08,0.8585740327835083,14.142597,14.142602682113647
824,21.4753634929657,0.85857403,0.8585739731788635,5.960464477539063e-08,0.8585740327835083,14.142597,14.142602682113647
825,21.49863314628601,0.85857403,0.8585739731788635,5.960464477539063e-08,0.8585740327835083,14.142597,14.142602682113647
826,21.521318197250366,0.85857403,0.8585739731788635,5.960464477539063e-08,0.8585740327835083,14.142597,14.142602682113647
827,21.543961763381958,0.85857403,0.8585739731788635,5.960464477539063e-08,0.8585740327835083,14.142597,14.142602682113647
828,21.567355632781982,0.85857403,0.8585739731788635,5.960464477539063e-08,0.8585740327835083,14.142597,14.142602682113647
829,21.590280055999756,0.85857403,0.8585739731788635,5.960464477539063e-08,0.8585740327835083,14.142597,14.142602682113647
830,21.6332528591156,0.85872686,0.8554303050041199,0.002798854373395443,0.8486324548721313,14.127314,14.456969499588013
831,21.66325044631958,0.85872686,0.8578400015830994,0.0005759001360274851,0.8566807508468628,14.127314,14.215999841690063
832,21.686318159103394,0.85872686,0.8583807349205017,0.00018847043975256383,0.8579834699630737,14.127314,14.161926507949829
833,21.70963191986084,0.85872686,0.8585335612297058,0.00012712868920061737,0.8583759069442749,14.127314,14.146643877029419
834,21.7319917678833,0.85872686,0.8586422204971313,9.893475362332538e-05,0.858521044254303,14.127314,14.135777950286865
835,21.754703044891357,0.85872686,0.8587268590927124,0.0,0.8587268590927124,14.127314,14.12731409072876
836,21.7776837348938,0.85872686,0.8587268590927124,0.0,0.8587268590927124,14.127314,14.12731409072876
837,21.8004367351532,0.85872686,0.8587268590927124,0.0,0.8587268590927124,14.127314,14.12731409072876
838,21.82405948638916,0.85872686,0.8587268590927124,0.0,0.8587268590927124,14.127314,14.12731409072876
839,21.847447395324707,0.85872686,0.8587268590927124,0.0,0.8587268590927124,14.127314,14.12731409072876
840,21.869932651519775,0.85872686,0.8587268590927124,0.0,0.8587268590927124,14.127314,14.12731409072876
841,21.89155626296997,0.85872686,0.8587268590927124,0.0,0.8587268590927124,14.127314,14.12731409072876
842,21.914337635040283,0.85872686,0.8587268590927124,0.0,0.8587268590927124,14.127314,14.12731409072876
843,21.93704128265381,0.85872686,0.8587268590927124,0.0,0.8587268590927124,14.127314,14.12731409072876
844,21.96040105819702,0.85872686,0.8587268590927124,0.0,0.8587268590927124,14.127314,14.12731409072876
845,21.981744050979614,0.85872686,0.8587268590927124,0.0,0.8587268590927124,14.127314,14.12731409072876
846,22.00679039955139,0.85872686,0.8587268590927124,0.0,0.8587268590927124,14.127314,14.12731409072876
847,22.02996325492859,0.85872686,0.8587268590927124,0.0,0.8587268590927124,14.127314,14.12731409072876
848,22.053518772125244,0.85872686,0.8587268590927124,0.0,0.8587268590927124,14.127314,14.12731409072876
849,22.078032970428467,0.85872686,0.8587268590927124,0.0,0.8587268590927124,14.127314,14.12731409072876
850,22.100635528564453,0.85872686,0.8587268590927124,0.0,0.8587268590927124,14.127314,14.12731409072876
851,22.12386727333069,0.85872686,0.8587268590927124,0.0,0.8587268590927124,14.127314,14.12731409072876
852,22.14781618118286,0.85872686,0.8587268590927124,0.0,0.8587268590927124,14.127314,14.12731409072876
853,22.170170545578003,0.85872686,0.8587268590927124,0.0,0.8587268590927124,14.127314,14.12731409072876
854,22.1914644241333,0.85872686,0.8587268590927124,0.0,0.8587268590927124,14.127314,14.12731409072876
855,22.2142436504364,0.85872686,0.8587268590927124,0.0,0.8587268590927124,14.127314,14.12731409072876
856,22.237201690673828,0.85872686,0.8587268590927124,0.0,0.8587268590927124,14.127314,14.12731409072876
857,22.26038908958435,0.85872686,0.8587268590927124,0.0,0.8587268590927124,14.127314,14.12731409072876
858,22.283010482788086,0.85872686,0.8587268590927124,0.0,0.8587268590927124,14.127314,14.12731409072876
859,22.305662393569946,0.85872686,0.8587268590927124,0.0,0.8587268590927124,14.127314,14.12731409072876
860,22.3285551071167,0.85872686,0.8587268590927124,0.0,0.8587268590927124,14.127314,14.12731409072876
861,22.35235619544983,0.85872686,0.8587268590927124,0.0,0.8587268590927124,14.127314,14.12731409072876
862,22.374831438064575,0.85872686,0.8587268590927124,0.0,0.8587268590927124,14.127314,14.12731409072876
863,22.39928698539734,0.85872686,0.8587268590927124,0.0,0.8587268590927124,14.127314,14.12731409072876
864,22.423175811767578,0.85872686,0.8587268590927124,0.0,0.8587268590927124,14.127314,14.12731409072876
865,22.446135759353638,0.85872686,0.8587268590927124,0.0,0.8587268590927124,14.127314,14.12731409072876
866,22.47141408920288,0.85872686,0.8587268590927124,0.0,0.8587268590927124,14.127314,14.12731409072876
867,22.494813203811646,0.85872686,0.8587268590927124,0.0,0.8587268590927124,14.127314,14.12731409072876
868,22.519160509109497,0.85872686,0.8587268590927124,0.0,0.8587268590927124,14.127314,14.12731409072876
869,22.542186975479126,0.85872686,0.8587268590927124,0.0,0.8587268590927124,14.127314,14.12731409072876
870,22.565636157989502,0.85872686,0.8587268590927124,0.0,0.8587268590927124,14.127314,14.12731409072876
871,22.587782859802246,0.85872686,0.8587268590927124,0.0,0.8587268590927124,14.127314,14.12731409072876
872,22.61160922050476,0.85872686,0.8587268590927124,0.0,0.8587268590927124,14.127314,14.12731409072876
873,22.634260177612305,0.85872686,0.8587268590927124,0.0,0.8587268590927124,14.127314,14.12731409072876
874,22.657773733139038,0.85872686,0.8587268590927124,0.0,0.8587268590927124,14.127314,14.12731409072876
875,22.67896318435669,0.85872686,0.8587268590927124,0.0,0.8587268590927124,14.127314,14.12731409072876
876,22.701380014419556,0.85872686,0.8587268590927124,0.0,0.8587268590927124,14.127314,14.12731409072876
877,22.722862243652344,0.85872686,0.8587268590927124,0.0,0.8587268590927124,14.127314,14.12731409072876
878,22.745691776275635,0.85872686,0.8587268590927124,0.0,0.8587268590927124,14.127314,14.12731409072876
879,22.769498109817505,0.85872686,0.8587268590927124,0.0,0.8587268590927124,14.127314,14.12731409072876
880,22.7941153049469,0.85872686,0.8587268590927124,0.0,0.8587268590927124,14.127314,14.12731409072876
881,22.818371295928955,0.85872686,0.8587268590927124,0.0,0.8587268590927124,14.127314,14.12731409072876
882,22.862491846084595,0.8589651,0.8550037145614624,0.0032716598361730576,0.8476332426071167,14.10349,14.49962854385376
883,22.893917560577393,0.8589651,0.857769787311554,0.0009251821902580559,0.8558391332626343,14.10349,14.223021268844604
884,22.91729736328125,0.8589651,0.8585837483406067,0.000300166429951787,0.8579441905021667,14.10349,14.141625165939331
885,22.941501140594482,0.8589651,0.8588314056396484,0.00011199335131095722,0.8586891293525696,14.10349,14.116859436035156
886,22.9649338722229,0.8589651,0.8589335680007935,6.321620458038524e-05,0.8588067293167114,14.10349,14.106643199920654
887,22.988178968429565,0.8589651,0.8589649796485901,1.1920928955078125e-07,0.8589650988578796,14.10349,14.103502035140991
888,23.01141881942749,0.8589651,0.8589649796485901,1.1920928955078125e-07,0.8589650988578796,14.10349,14.103502035140991
889,23.034955978393555,0.8589651,0.8589649796485901,1.1920928955078125e-07,0.8589650988578796,14.10349,14.103502035140991
890,23.058631658554077,0.8589651,0.8589649796485901,1.1920928955078125e-07,0.8589650988578796,14.10349,14.103502035140991
891,23.08161234855652,0.8589651,0.8589649796485901,1.1920928955078125e-07,0.8589650988578796,14.10349,14.103502035140991
892,23.10578751564026,0.8589651,0.8589649796485901,1.1920928955078125e-07,0.8589650988578796,14.10349,14.103502035140991
893,23.12740707397461,0.8589651,0.8589649796485901,1.1920928955078125e-07,0.8589650988578796,14.10349,14.103502035140991
894,23.15056872367859,0.8589651,0.8589649796485901,1.1920928955078125e-07,0.8589650988578796,14.10349,14.103502035140991
895,23.173696756362915,0.8589651,0.8589649796485901,1.1920928955078125e-07,0.8589650988578796,14.10349,14.103502035140991
896,23.197111129760742,0.8589651,0.8589649796485901,1.1920928955078125e-07,0.8589650988578796,14.10349,14.103502035140991
897,23.220540523529053,0.8589651,0.8589649796485901,1.1920928955078125e-07,0.8589650988578796,14.10349,14.103502035140991
898,23.244367837905884,0.8589651,0.8589649796485901,1.1920928955078125e-07,0.8589650988578796,14.10349,14.103502035140991
899,23.26736545562744,0.8589651,0.8589649796485901,1.1920928955078125e-07,0.8589650988578796,14.10349,14.103502035140991
900,23.29001545906067,0.8589651,0.8589649796485901,1.1920928955078125e-07,0.8589650988578796,14.10349,14.103502035140991
901,23.313636541366577,0.8589651,0.8589649796485901,1.1920928955078125e-07,0.8589650988578796,14.10349,14.103502035140991
902,23.33687114715576,0.8589651,0.8589649796485901,1.1920928955078125e-07,0.8589650988578796,14.10349,14.103502035140991
903,23.359885692596436,0.8589651,0.8589649796485901,1.1920928955078125e-07,0.8589650988578796,14.10349,14.103502035140991
904,23.38450860977173,0.8589651,0.8589649796485901,1.1920928955078125e-07,0.8589650988578796,14.10349,14.103502035140991
905,23.40914511680603,0.8589651,0.8589649796485901,1.1920928955078125e-07,0.8589650988578796,14.10349,14.103502035140991
906,23.43174386024475,0.8589651,0.8589649796485901,1.1920928955078125e-07,0.8589650988578796,14.10349,14.103502035140991
907,23.45516562461853,0.8589651,0.8589649796485901,1.1920928955078125e-07,0.8589650988578796,14.10349,14.103502035140991
908,23.479173183441162,0.8589651,0.8589649796485901,1.1920928955078125e-07,0.8589650988578796,14.10349,14.103502035140991
909,23.502424478530884,0.8589651,0.8589649796485901,1.1920928955078125e-07,0.8589650988578796,14.10349,14.103502035140991
910,23.52505874633789,0.8589651,0.8589649796485901,1.1920928955078125e-07,0.8589650988578796,14.10349,14.103502035140991
911,23.54776406288147,0.8589651,0.8589649796485901,1.1920928955078125e-07,0.8589650988578796,14.10349,14.103502035140991
912,23.5693256855011,0.8589651,0.8589649796485901,1.1920928955078125e-07,0.8589650988578796,14.10349,14.103502035140991
913,23.59171485900879,0.8589651,0.8589649796485901,1.1920928955078125e-07,0.8589650988578796,14.10349,14.103502035140991
914,23.614627361297607,0.8589651,0.8589649796485901,1.1920928955078125e-07,0.8589650988578796,14.10349,14.103502035140991
915,23.6369206905365,0.8589651,0.8589649796485901,1.1920928955078125e-07,0.8589650988578796,14.10349,14.103502035140991
916,23.6595401763916,0.8589651,0.8589649796485901,1.1920928955078125e-07,0.8589650988578796,14.10349,14.103502035140991
917,23.682917594909668,0.8589651,0.8589649796485901,1.1920928955078125e-07,0.8589650988578796,14.10349,14.103502035140991
918,23.70556378364563,0.8589651,0.8589649796485901,1.1920928955078125e-07,0.8589650988578796,14.10349,14.103502035140991
919,23.729309558868408,0.8589651,0.8589649796485901,1.1920928955078125e-07,0.8589650988578796,14.10349,14.103502035140991
920,23.75213861465454,0.8589651,0.8589649796485901,1.1920928955078125e-07,0.8589650988578796,14.10349,14.103502035140991
921,23.775413274765015,0.8589651,0.8589649796485901,1.1920928955078125e-07,0.8589650988578796,14.10349,14.103502035140991
922,23.79641890525818,0.8589651,0.8589649796485901,1.1920928955078125e-07,0.8589650988578796,14.10349,14.103502035140991
923,23.820619821548462,0.8589651,0.8589649796485901,1.1920928955078125e-07,0.8589650988578796,14.10349,14.103502035140991
924,23.86271572113037,0.8591191,0.8562137484550476,0.002254476770758629,0.8515794277191162,14.088088,14.37862515449524
925,23.893136739730835,0.8591191,0.8582552075386047,0.0006700709345750511,0.8568936586380005,14.088088,14.174479246139526
926,23.917906999588013,0.8591191,0.8588618636131287,0.000176226269104518,0.8584243059158325,14.088088,14.113813638687134
927,23.94156765937805,0.8591191,0.8590179085731506,9.525210771244019e-05,0.8588730096817017,14.088088,14.098209142684937
928,23.96699285507202,0.8591191,0.8591054677963257,4.0228151192422956e-05,0.8589863181114197,14.088088,14.089453220367432
929,23.99025821685791,0.8591191,0.8591190576553345,5.960464477539063e-08,0.8591191172599792,14.088088,14.088094234466553
930,24.032761335372925,0.8591326,0.8552438020706177,0.0033297257032245398,0.8476312160491943,14.086741,14.475619792938232
931,24.06512427330017,0.8591326,0.8581372499465942,0.000896044191904366,0.8561582565307617,14.086741,14.186275005340576
932,24.087952136993408,0.8591326,0.8589357733726501,0.00022285780869424343,0.8584381341934204,14.086741,14.106422662734985
933,24.11193609237671,0.8591326,0.8590976595878601,3.615494642872363e-05,0.8590359687805176,14.086741,14.09023404121399
934,24.13696551322937,0.8591326,0.8591241240501404,6.5240687945333775e-06,0.8591191172599792,14.086741,14.087587594985962
935,24.16084885597229,0.8591326,0.8591298460960388,5.432417310657911e-06,0.8591191172599792,14.086741,14.087015390396118
936,24.184467315673828,0.8591326,0.859132707118988,1.1920928955078125e-07,0.8591325879096985,14.086741,14.086729288101196
937,24.20920753479004,0.8591326,0.859132707118988,1.1920928955078125e-07,0.8591325879096985,14.086741,14.086729288101196
938,24.232505559921265,0.8591326,0.859132707118988,1.1920928955078125e-07,0.8591325879096985,14.086741,14.086729288101196
939,24.257000207901,0.8591326,0.859132707118988,1.1920928955078125e-07,0.8591325879096985,14.086741,14.086729288101196
940,24.281827449798584,0.8591326,0.859132707118988,1.1920928955078125e-07,0.8591325879096985,14.086741,14.086729288101196
941,24.30543088912964,0.8591326,0.859132707118988,1.1920928955078125e-07,0.8591325879096985,14.086741,14.086729288101196
942,24.3296377658844,0.8591326,0.859132707118988,1.1920928955078125e-07,0.8591325879096985,14.086741,14.086729288101196
943,24.353347778320312,0.8591326,0.859132707118988,1.1920928955078125e-07,0.8591325879096985,14.086741,14.086729288101196
944,24.378928184509277,0.8591326,0.859132707118988,1.1920928955078125e-07,0.8591325879096985,14.086741,14.086729288101196
945,24.402714729309082,0.8591326,0.859132707118988,1.1920928955078125e-07,0.8591325879096985,14.086741,14.086729288101196
946,24.427867889404297,0.8591326,0.859132707118988,1.1920928955078125e-07,0.8591325879096985,14.086741,14.086729288101196
947,24.452487230300903,0.8591326,0.859132707118988,1.1920928955078125e-07,0.8591325879096985,14.086741,14.086729288101196
948,24.47630739212036,0.8591326,0.859132707118988,1.1920928955078125e-07,0.8591325879096985,14.086741,14.086729288101196
949,24.500268936157227,0.8591326,0.859132707118988,1.1920928955078125e-07,0.8591325879096985,14.086741,14.086729288101196
950,24.52502989768982,0.8591326,0.859132707118988,1.1920928955078125e-07,0.8591325879096985,14.086741,14.086729288101196
951,24.549538373947144,0.8591326,0.859132707118988,1.1920928955078125e-07,0.8591325879096985,14.086741,14.086729288101196
952,24.573689937591553,0.8591326,0.859132707118988,1.1920928955078125e-07,0.8591325879096985,14.086741,14.086729288101196
953,24.59722113609314,0.8591326,0.859132707118988,1.1920928955078125e-07,0.8591325879096985,14.086741,14.086729288101196
954,24.621140003204346,0.8591326,0.859132707118988,1.1920928955078125e-07,0.8591325879096985,14.086741,14.086729288101196
955,24.644720554351807,0.8591326,0.859132707118988,1.1920928955078125e-07,0.8591325879096985,14.086741,14.086729288101196
956,24.668843507766724,0.8591326,0.859132707118988,1.1920928955078125e-07,0.8591325879096985,14.086741,14.086729288101196
957,24.692912578582764,0.8591326,0.859132707118988,1.1920928955078125e-07,0.8591325879096985,14.086741,14.086729288101196
958,24.714980840682983,0.8591326,0.859132707118988,1.1920928955078125e-07,0.8591325879096985,14.086741,14.086729288101196
959,24.740243673324585,0.8591326,0.859132707118988,1.1920928955078125e-07,0.8591325879096985,14.086741,14.086729288101196
960,24.764148235321045,0.8591326,0.859132707118988,1.1920928955078125e-07,0.8591325879096985,14.086741,14.086729288101196
961,24.787851095199585,0.8591326,0.859132707118988,1.1920928955078125e-07,0.8591325879096985,14.086741,14.086729288101196
962,24.813655853271484,0.8591326,0.859132707118988,1.1920928955078125e-07,0.8591325879096985,14.086741,14.086729288101196
963,24.836644887924194,0.8591326,0.859132707118988,1.1920928955078125e-07,0.8591325879096985,14.086741,14.086729288101196
964,24.860546350479126,0.8591326,0.859132707118988,1.1920928955078125e-07,0.8591325879096985,14.086741,14.086729288101196
965,24.885972023010254,0.8591326,0.859132707118988,1.1920928955078125e-07,0.8591325879096985,14.086741,14.086729288101196
966,24.91256809234619,0.8591326,0.859132707118988,1.1920928955078125e-07,0.8591325879096985,14.086741,14.086729288101196
967,24.93989849090576,0.8591326,0.859132707118988,1.1920928955078125e-07,0.8591325879096985,14.086741,14.086729288101196
968,24.970064163208008,0.8591326,0.859132707118988,1.1920928955078125e-07,0.8591325879096985,14.086741,14.086729288101196
969,24.996764659881592,0.8591326,0.859132707118988,1.1920928955078125e-07,0.8591325879096985,14.086741,14.086729288101196
970,25.02020025253296,0.8591326,0.859132707118988,1.1920928955078125e-07,0.8591325879096985,14.086741,14.086729288101196
971,25.044770002365112,0.8591326,0.859132707118988,1.1920928955078125e-07,0.8591325879096985,14.086741,14.086729288101196
972,25.069239854812622,0.8591326,0.859132707118988,1.1920928955078125e-07,0.8591325879096985,14.086741,14.086729288101196
973,25.093420267105103,0.8591326,0.859132707118988,1.1920928955078125e-07,0.8591325879096985,14.086741,14.086729288101196
974,25.11765718460083,0.8591326,0.859132707118988,1.1920928955078125e-07,0.8591325879096985,14.086741,14.086729288101196
975,25.142438173294067,0.8591326,0.859132707118988,1.1920928955078125e-07,0.8591325879096985,14.086741,14.086729288101196
976,25.166687488555908,0.8591326,0.859132707118988,1.1920928955078125e-07,0.8591325879096985,14.086741,14.086729288101196
977,25.190579652786255,0.8591326,0.859132707118988,1.1920928955078125e-07,0.8591325879096985,14.086741,14.086729288101196
978,25.21450924873352,0.8591326,0.859132707118988,1.1920928955078125e-07,0.8591325879096985,14.086741,14.086729288101196
979,25.238013744354248,0.8591326,0.859132707118988,1.1920928955078125e-07,0.8591325879096985,14.086741,14.086729288101196
980,25.26218557357788,0.8591326,0.859132707118988,1.1920928955078125e-07,0.8591325879096985,14.086741,14.086729288101196
981,25.285648345947266,0.8591326,0.859132707118988,1.1920928955078125e-07,0.8591325879096985,14.086741,14.086729288101196
982,25.31019163131714,0.8591326,0.859132707118988,1.1920928955078125e-07,0.8591325879096985,14.086741,14.086729288101196
983,25.335811138153076,0.8591326,0.859132707118988,1.1920928955078125e-07,0.8591325879096985,14.086741,14.086729288101196
984,25.360516786575317,0.8591326,0.859132707118988,1.1920928955078125e-07,0.8591325879096985,14.086741,14.086729288101196
985,25.3842294216156,0.8591326,0.859132707118988,1.1920928955078125e-07,0.8591325879096985,14.086741,14.086729288101196
986,25.409786701202393,0.8591326,0.859132707118988,1.1920928955078125e-07,0.8591325879096985,14.086741,14.086729288101196
987,25.43299412727356,0.8591326,0.859132707118988,1.1920928955078125e-07,0.8591325879096985,14.086741,14.086729288101196
988,25.456494569778442,0.8591326,0.859132707118988,1.1920928955078125e-07,0.8591325879096985,14.086741,14.086729288101196
989,25.48040199279785,0.8591326,0.859132707118988,1.1920928955078125e-07,0.8591325879096985,14.086741,14.086729288101196
990,25.505048036575317,0.8591326,0.859132707118988,1.1920928955078125e-07,0.8591325879096985,14.086741,14.086729288101196
991,25.529960870742798,0.8591326,0.859132707118988,1.1920928955078125e-07,0.8591325879096985,14.086741,14.086729288101196
992,25.5724937915802,0.85931027,0.8559337854385376,0.0030746208503842354,0.8490479588508606,14.068974,14.40662145614624
993,25.603251457214355,0.85931027,0.8584319949150085,0.0006935955607332289,0.857063889503479,14.068974,14.156800508499146
994,25.627233505249023,0.85931027,0.8590406775474548,0.00019587099086493254,0.858649492263794,14.068974,14.095932245254517
995,25.65067982673645,0.85931027,0.8592071533203125,6.720985402353108e-05,0.8590923547744751,14.068974,14.07928466796875
996,25.675408601760864,0.85931027,0.8592638969421387,4.646664092433639e-05,0.8592115640640259,14.068974,14.073610305786133
997,25.69856905937195,0.85931027,0.8593102693557739,0.0,0.8593102693557739,14.068974,14.068973064422607
998,25.723156213760376,0.85931027,0.8593102693557739,0.0,0.8593102693557739,14.068974,14.068973064422607
999,25.748709678649902,0.85931027,0.8593102693557739,0.0,0.8593102693557739,14.068974,14.068973064422607
1000,25.774088621139526,0.85931027,0.8593102693557739,0.0,0.8593102693557739,14.068974,14.068973064422607
1001,25.80304741859436,0.85931027,0.8593102693557739,0.0,0.8593102693557739,14.068974,14.068973064422607
1002,25.827399492263794,0.85931027,0.8593102693557739,0.0,0.8593102693557739,14.068974,14.068973064422607
1003,25.849733352661133,0.85931027,0.8593102693557739,0.0,0.8593102693557739,14.068974,14.068973064422607
1004,25.87416958808899,0.85931027,0.8593102693557739,0.0,0.8593102693557739,14.068974,14.068973064422607
1005,25.898941040039062,0.85931027,0.8593102693557739,0.0,0.8593102693557739,14.068974,14.068973064422607
1006,25.922953605651855,0.85931027,0.8593102693557739,0.0,0.8593102693557739,14.068974,14.068973064422607
1007,25.94759178161621,0.85931027,0.8593102693557739,0.0,0.8593102693557739,14.068974,14.068973064422607
1008,25.971060514450073,0.85931027,0.8593102693557739,0.0,0.8593102693557739,14.068974,14.068973064422607
1009,25.995487451553345,0.85931027,0.8593102693557739,0.0,0.8593102693557739,14.068974,14.068973064422607
1010,26.01932144165039,0.85931027,0.8593102693557739,0.0,0.8593102693557739,14.068974,14.068973064422607
1011,26.04499125480652,0.85931027,0.8593102693557739,0.0,0.8593102693557739,14.068974,14.068973064422607
1012,26.069486141204834,0.85931027,0.8593102693557739,0.0,0.8593102693557739,14.068974,14.068973064422607
1013,26.093459367752075,0.85931027,0.8593102693557739,0.0,0.8593102693557739,14.068974,14.068973064422607
1014,26.117189407348633,0.85931027,0.8593102693557739,0.0,0.8593102693557739,14.068974,14.068973064422607
1015,26.141010999679565,0.85931027,0.8593102693557739,0.0,0.8593102693557739,14.068974,14.068973064422607
1016,26.16356921195984,0.85931027,0.8593102693557739,0.0,0.8593102693557739,14.068974,14.068973064422607
1017,26.18680477142334,0.85931027,0.8593102693557739,0.0,0.8593102693557739,14.068974,14.068973064422607
1018,26.211533546447754,0.85931027,0.8593102693557739,0.0,0.8593102693557739,14.068974,14.068973064422607
1019,26.236514806747437,0.85931027,0.8593102693557739,0.0,0.8593102693557739,14.068974,14.068973064422607
1020,26.26163387298584,0.85931027,0.8593102693557739,0.0,0.8593102693557739,14.068974,14.068973064422607
1021,26.285603523254395,0.85931027,0.8593102693557739,0.0,0.8593102693557739,14.068974,14.068973064422607
1022,26.314059257507324,0.85931027,0.8593102693557739,0.0,0.8593102693557739,14.068974,14.068973064422607
1023,26.35140299797058,0.85931027,0.8593102693557739,0.0,0.8593102693557739,14.068974,14.068973064422607
1024,26.385534524917603,0.85931027,0.8593102693557739,0.0,0.8593102693557739,14.068974,14.068973064422607
1025,26.411890268325806,0.85931027,0.8593102693557739,0.0,0.8593102693557739,14.068974,14.068973064422607
1026,26.437474012374878,0.85931027,0.8593102693557739,0.0,0.8593102693557739,14.068974,14.068973064422607
1027,26.462889432907104,0.85931027,0.8593102693557739,0.0,0.8593102693557739,14.068974,14.068973064422607
1028,26.487643003463745,0.85931027,0.8593102693557739,0.0,0.8593102693557739,14.068974,14.068973064422607
1029,26.511966943740845,0.85931027,0.8593102693557739,0.0,0.8593102693557739,14.068974,14.068973064422607
1030,26.536520957946777,0.85931027,0.8593102693557739,0.0,0.8593102693557739,14.068974,14.068973064422607
1031,26.56229519844055,0.85931027,0.8593102693557739,0.0,0.8593102693557739,14.068974,14.068973064422607
1032,26.586944580078125,0.85931027,0.8593102693557739,0.0,0.8593102693557739,14.068974,14.068973064422607
1033,26.612377166748047,0.85931027,0.8593102693557739,0.0,0.8593102693557739,14.068974,14.068973064422607
1034,26.637503147125244,0.85931027,0.8593102693557739,0.0,0.8593102693557739,14.068974,14.068973064422607
1035,26.661420106887817,0.85931027,0.8593102693557739,0.0,0.8593102693557739,14.068974,14.068973064422607
1036,26.68686294555664,0.85931027,0.8593102693557739,0.0,0.8593102693557739,14.068974,14.068973064422607
1037,26.710081577301025,0.85931027,0.8593102693557739,0.0,0.8593102693557739,14.068974,14.068973064422607
1038,26.73469042778015,0.85931027,0.8593102693557739,0.0,0.8593102693557739,14.068974,14.068973064422607
1039,26.760791301727295,0.85931027,0.8593102693557739,0.0,0.8593102693557739,14.068974,14.068973064422607
1040,26.783954858779907,0.85931027,0.8593102693557739,0.0,0.8593102693557739,14.068974,14.068973064422607
1041,26.808910131454468,0.85931027,0.8593102693557739,0.0,0.8593102693557739,14.068974,14.068973064422607
1042,26.833160400390625,0.85931027,0.8593102693557739,0.0,0.8593102693557739,14.068974,14.068973064422607
1043,26.855749368667603,0.85931027,0.8593102693557739,0.0,0.8593102693557739,14.068974,14.068973064422607
1044,26.880099296569824,0.85931027,0.8593102693557739,0.0,0.8593102693557739,14.068974,14.068973064422607
1045,26.903884649276733,0.85931027,0.8593102693557739,0.0,0.8593102693557739,14.068974,14.068973064422607
1046,26.92810297012329,0.85931027,0.8593102693557739,0.0,0.8593102693557739,14.068974,14.068973064422607
1047,26.95287561416626,0.85931027,0.8593102693557739,0.0,0.8593102693557739,14.068974,14.068973064422607
1048,26.977874755859375,0.85931027,0.8593102693557739,0.0,0.8593102693557739,14.068974,14.068973064422607
1049,27.002612352371216,0.85931027,0.8593102693557739,0.0,0.8593102693557739,14.068974,14.068973064422607
1050,27.02702569961548,0.85931027,0.8593102693557739,0.0,0.8593102693557739,14.068974,14.068973064422607
1051,27.053685188293457,0.85931027,0.8593102693557739,0.0,0.8593102693557739,14.068974,14.068973064422607
1052,27.079793453216553,0.85931027,0.8593102693557739,0.0,0.8593102693557739,14.068974,14.068973064422607
1053,27.106040716171265,0.85931027,0.8593102693557739,0.0,0.8593102693557739,14.068974,14.068973064422607
1054,27.129135131835938,0.85931027,0.8593102693557739,0.0,0.8593102693557739,14.068974,14.068973064422607
1055,27.15314793586731,0.85931027,0.8593102693557739,0.0,0.8593102693557739,14.068974,14.068973064422607
1056,27.177735090255737,0.85931027,0.8593102693557739,0.0,0.8593102693557739,14.068974,14.068973064422607
1057,27.201613903045654,0.85931027,0.8593102693557739,0.0,0.8593102693557739,14.068974,14.068973064422607
1058,27.225871801376343,0.85931027,0.8593102693557739,0.0,0.8593102693557739,14.068974,14.068973064422607
1059,27.2503719329834,0.85931027,0.8593102693557739,0.0,0.8593102693557739,14.068974,14.068973064422607
1060,27.27576184272766,0.85931027,0.8593102693557739,0.0,0.8593102693557739,14.068974,14.068973064422607
1061,27.29852032661438,0.85931027,0.8593102693557739,0.0,0.8593102693557739,14.068974,14.068973064422607
1062,27.322842359542847,0.85931027,0.8593102693557739,0.0,0.8593102693557739,14.068974,14.068973064422607
1063,27.34663963317871,0.85931027,0.8593102693557739,0.0,0.8593102693557739,14.068974,14.068973064422607
1064,27.37053370475769,0.85931027,0.8593102693557739,0.0,0.8593102693557739,14.068974,14.068973064422607
1065,27.39555811882019,0.85931027,0.8593102693557739,0.0,0.8593102693557739,14.068974,14.068973064422607
1066,27.42180371284485,0.85931027,0.8593102693557739,0.0,0.8593102693557739,14.068974,14.068973064422607
1067,27.44597625732422,0.85931027,0.8593102693557739,0.0,0.8593102693557739,14.068974,14.068973064422607
1068,27.469517946243286,0.85931027,0.8593102693557739,0.0,0.8593102693557739,14.068974,14.068973064422607
1069,27.493309259414673,0.85931027,0.8593102693557739,0.0,0.8593102693557739,14.068974,14.068973064422607
1070,27.517927885055542,0.85931027,0.8593102693557739,0.0,0.8593102693557739,14.068974,14.068973064422607
1071,27.541990280151367,0.85931027,0.8593102693557739,0.0,0.8593102693557739,14.068974,14.068973064422607
1072,27.565337657928467,0.85931027,0.8593102693557739,0.0,0.8593102693557739,14.068974,14.068973064422607
1073,27.59080410003662,0.85931027,0.8593102693557739,0.0,0.8593102693557739,14.068974,14.068973064422607
1074,27.6141197681427,0.85931027,0.8593102693557739,0.0,0.8593102693557739,14.068974,14.068973064422607
1075,27.637304306030273,0.85931027,0.8593102693557739,0.0,0.8593102693557739,14.068974,14.068973064422607
1076,27.66090440750122,0.85931027,0.8593102693557739,0.0,0.8593102693557739,14.068974,14.068973064422607
1077,27.685129642486572,0.85931027,0.8593102693557739,0.0,0.8593102693557739,14.068974,14.068973064422607
1078,27.708527088165283,0.85931027,0.8593102693557739,0.0,0.8593102693557739,14.068974,14.068973064422607
1079,27.733978748321533,0.85931027,0.8593102693557739,0.0,0.8593102693557739,14.068974,14.068973064422607
1080,27.75821566581726,0.85931027,0.8593102693557739,0.0,0.8593102693557739,14.068974,14.068973064422607
1081,27.783100366592407,0.85931027,0.8593102693557739,0.0,0.8593102693557739,14.068974,14.068973064422607
1082,27.807403326034546,0.85931027,0.8593102693557739,0.0,0.8593102693557739,14.068974,14.068973064422607
1083,27.8330237865448,0.85931027,0.8593102693557739,0.0,0.8593102693557739,14.068974,14.068973064422607
1084,27.85674810409546,0.85931027,0.8593102693557739,0.0,0.8593102693557739,14.068974,14.068973064422607
1085,27.880154132843018,0.85931027,0.8593102693557739,0.0,0.8593102693557739,14.068974,14.068973064422607
1086,27.903441429138184,0.85931027,0.8593102693557739,0.0,0.8593102693557739,14.068974,14.068973064422607
1087,27.928051471710205,0.85931027,0.8593102693557739,0.0,0.8593102693557739,14.068974,14.068973064422607
1088,27.95335865020752,0.85931027,0.8593102693557739,0.0,0.8593102693557739,14.068974,14.068973064422607
1089,27.975900888442993,0.85931027,0.8593102693557739,0.0,0.8593102693557739,14.068974,14.068973064422607
1090,28.000836849212646,0.85931027,0.8593102693557739,0.0,0.8593102693557739,14.068974,14.068973064422607
1091,28.025503158569336,0.85931027,0.8593102693557739,0.0,0.8593102693557739,14.068974,14.068973064422607
1092,28.05032467842102,0.85931027,0.8593102693557739,0.0,0.8593102693557739,14.068974,14.068973064422607
1093,28.075109243392944,0.85931027,0.8593102693557739,0.0,0.8593102693557739,14.068974,14.068973064422607
1094,28.09905195236206,0.85931027,0.8593102693557739,0.0,0.8593102693557739,14.068974,14.068973064422607
1095,28.123045921325684,0.85931027,0.8593102693557739,0.0,0.8593102693557739,14.068974,14.068973064422607
1096,28.145671844482422,0.85931027,0.8593102693557739,0.0,0.8593102693557739,14.068974,14.068973064422607
1097,28.17101526260376,0.85931027,0.8593102693557739,0.0,0.8593102693557739,14.068974,14.068973064422607
1098,28.194538354873657,0.85931027,0.8593102693557739,0.0,0.8593102693557739,14.068974,14.068973064422607
1099,28.217888593673706,0.85931027,0.8593102693557739,0.0,0.8593102693557739,14.068974,14.068973064422607
1100,28.242263078689575,0.85931027,0.8593102693557739,0.0,0.8593102693557739,14.068974,14.068973064422607
1101,28.265828847885132,0.85931027,0.8593102693557739,0.0,0.8593102693557739,14.068974,14.068973064422607
1102,28.28999352455139,0.85931027,0.8593102693557739,0.0,0.8593102693557739,14.068974,14.068973064422607
1103,28.31201410293579,0.85931027,0.8593102693557739,0.0,0.8593102693557739,14.068974,14.068973064422607
1104,28.33593225479126,0.85931027,0.8593102693557739,0.0,0.8593102693557739,14.068974,14.068973064422607
1105,28.362421989440918,0.85931027,0.8593102693557739,0.0,0.8593102693557739,14.068974,14.068973064422607
1106,28.3865647315979,0.85931027,0.8593102693557739,0.0,0.8593102693557739,14.068974,14.068973064422607
1107,28.411669969558716,0.85931027,0.8593102693557739,0.0,0.8593102693557739,14.068974,14.068973064422607
1108,28.433967351913452,0.85931027,0.8593102693557739,0.0,0.8593102693557739,14.068974,14.068973064422607
1109,28.45625114440918,0.85931027,0.8593102693557739,0.0,0.8593102693557739,14.068974,14.068973064422607
1110,28.47865605354309,0.85931027,0.8593102693557739,0.0,0.8593102693557739,14.068974,14.068973064422607
1111,28.501711130142212,0.85931027,0.8593102693557739,0.0,0.8593102693557739,14.068974,14.068973064422607
1112,28.52318048477173,0.85931027,0.8593102693557739,0.0,0.8593102693557739,14.068974,14.068973064422607
1113,28.54651641845703,0.85931027,0.8593102693557739,0.0,0.8593102693557739,14.068974,14.068973064422607
1114,28.570149183273315,0.85931027,0.8593102693557739,0.0,0.8593102693557739,14.068974,14.068973064422607
1115,28.593870162963867,0.85931027,0.8593102693557739,0.0,0.8593102693557739,14.068974,14.068973064422607
1116,28.617138147354126,0.85931027,0.8593102693557739,0.0,0.8593102693557739,14.068974,14.068973064422607
1117,28.640798091888428,0.85931027,0.8593102693557739,0.0,0.8593102693557739,14.068974,14.068973064422607
1118,28.663949251174927,0.85931027,0.8593102693557739,0.0,0.8593102693557739,14.068974,14.068973064422607
1119,28.68715476989746,0.85931027,0.8593102693557739,0.0,0.8593102693557739,14.068974,14.068973064422607
1120,28.711310386657715,0.85931027,0.8593102693557739,0.0,0.8593102693557739,14.068974,14.068973064422607
1121,28.734880685806274,0.85931027,0.8593102693557739,0.0,0.8593102693557739,14.068974,14.068973064422607
1122,28.75800108909607,0.85931027,0.8593102693557739,0.0,0.8593102693557739,14.068974,14.068973064422607
1123,28.78056311607361,0.85931027,0.8593102693557739,0.0,0.8593102693557739,14.068974,14.068973064422607
1124,28.803171396255493,0.85931027,0.8593102693557739,0.0,0.8593102693557739,14.068974,14.068973064422607
1125,28.82609796524048,0.85931027,0.8593102693557739,0.0,0.8593102693557739,14.068974,14.068973064422607
1126,28.869428873062134,0.85939884,0.8567449450492859,0.002360349055379629,0.8511992692947388,14.060116,14.325505495071411
1127,28.90042757987976,0.85939884,0.8587111830711365,0.000564844929613173,0.8576030731201172,14.060116,14.128881692886353
1128,28.92327046394348,0.85939884,0.8592146635055542,0.00017761680646799505,0.8588370084762573,14.060116,14.07853364944458
1129,28.946383714675903,0.85939884,0.8593517541885376,3.702970570884645e-05,0.8593102693557739,14.060116,14.06482458114624
1130,28.969197273254395,0.85939884,0.859381914138794,2.8634547561523505e-05,0.8593312501907349,14.060116,14.061808586120605
1131,28.992794275283813,0.85939884,0.8593987822532654,5.960464477539063e-08,0.8593988418579102,14.060116,14.060121774673462
1132,29.016156435012817,0.85939884,0.8593987822532654,5.960464477539063e-08,0.8593988418579102,14.060116,14.060121774673462
1133,29.038971662521362,0.85939884,0.8593987822532654,5.960464477539063e-08,0.8593988418579102,14.060116,14.060121774673462
1134,29.062265396118164,0.85939884,0.8593987822532654,5.960464477539063e-08,0.8593988418579102,14.060116,14.060121774673462
1135,29.08627223968506,0.85939884,0.8593987822532654,5.960464477539063e-08,0.8593988418579102,14.060116,14.060121774673462
1136,29.1105854511261,0.85939884,0.8593987822532654,5.960464477539063e-08,0.8593988418579102,14.060116,14.060121774673462
1137,29.135346174240112,0.85939884,0.8593987822532654,5.960464477539063e-08,0.8593988418579102,14.060116,14.060121774673462
1138,29.160796403884888,0.85939884,0.8593987822532654,5.960464477539063e-08,0.8593988418579102,14.060116,14.060121774673462
1139,29.184643030166626,0.85939884,0.8593987822532654,5.960464477539063e-08,0.8593988418579102,14.060116,14.060121774673462
1140,29.20951557159424,0.85939884,0.8593987822532654,5.960464477539063e-08,0.8593988418579102,14.060116,14.060121774673462
1141,29.233142852783203,0.85939884,0.8593987822532654,5.960464477539063e-08,0.8593988418579102,14.060116,14.060121774673462
1142,29.257150411605835,0.85939884,0.8593987822532654,5.960464477539063e-08,0.8593988418579102,14.060116,14.060121774673462
1143,29.281095027923584,0.85939884,0.8593987822532654,5.960464477539063e-08,0.8593988418579102,14.060116,14.060121774673462
1144,29.305341958999634,0.85939884,0.8593987822532654,5.960464477539063e-08,0.8593988418579102,14.060116,14.060121774673462
1145,29.328489065170288,0.85939884,0.8593987822532654,5.960464477539063e-08,0.8593988418579102,14.060116,14.060121774673462
1146,29.35329532623291,0.85939884,0.8593987822532654,5.960464477539063e-08,0.8593988418579102,14.060116,14.060121774673462
1147,29.37642192840576,0.85939884,0.8593987822532654,5.960464477539063e-08,0.8593988418579102,14.060116,14.060121774673462
1148,29.401477813720703,0.85939884,0.8593987822532654,5.960464477539063e-08,0.8593988418579102,14.060116,14.060121774673462
1149,29.424211978912354,0.85939884,0.8593987822532654,5.960464477539063e-08,0.8593988418579102,14.060116,14.060121774673462
1150,29.44792079925537,0.85939884,0.8593987822532654,5.960464477539063e-08,0.8593988418579102,14.060116,14.060121774673462
1151,29.47158122062683,0.85939884,0.8593987822532654,5.960464477539063e-08,0.8593988418579102,14.060116,14.060121774673462
1152,29.495338439941406,0.85939884,0.8593987822532654,5.960464477539063e-08,0.8593988418579102,14.060116,14.060121774673462
1153,29.519826650619507,0.85939884,0.8593987822532654,5.960464477539063e-08,0.8593988418579102,14.060116,14.060121774673462
1154,29.54329800605774,0.85939884,0.8593987822532654,5.960464477539063e-08,0.8593988418579102,14.060116,14.060121774673462
1155,29.566154718399048,0.85939884,0.8593987822532654,5.960464477539063e-08,0.8593988418579102,14.060116,14.060121774673462
1156,29.588690280914307,0.85939884,0.8593987822532654,5.960464477539063e-08,0.8593988418579102,14.060116,14.060121774673462
1157,29.612982749938965,0.85939884,0.8593987822532654,5.960464477539063e-08,0.8593988418579102,14.060116,14.060121774673462
1158,29.654213428497314,0.85960037,0.8555942177772522,0.003175619523972273,0.8482575416564941,14.039964,14.44057822227478
1159,29.683824062347412,0.85960037,0.8583385944366455,0.0010492526926100254,0.8562496900558472,14.039964,14.16614055633545
1160,29.70766854286194,0.85960037,0.8592745065689087,0.00023150477500166744,0.8586854338645935,14.039964,14.07254934310913
1161,29.731059074401855,0.85960037,0.8594444394111633,0.0001057933914125897,0.8593384027481079,14.039964,14.055556058883667
1162,29.75415277481079,0.85960037,0.859531819820404,9.810030314838514e-05,0.8593829274177551,14.039964,14.046818017959595
1163,29.77703619003296,0.85960037,0.8596004247665405,5.960464477539063e-08,0.8596003651618958,14.039964,14.039957523345947
1164,29.801262378692627,0.85960037,0.8596004247665405,5.960464477539063e-08,0.8596003651618958,14.039964,14.039957523345947
1165,29.824378490447998,0.85960037,0.8596004247665405,5.960464477539063e-08,0.8596003651618958,14.039964,14.039957523345947
1166,29.847283363342285,0.85960037,0.8596004247665405,5.960464477539063e-08,0.8596003651618958,14.039964,14.039957523345947
1167,29.87045955657959,0.85960037,0.8596004247665405,5.960464477539063e-08,0.8596003651618958,14.039964,14.039957523345947
1168,29.894056797027588,0.85960037,0.8596004247665405,5.960464477539063e-08,0.8596003651618958,14.039964,14.039957523345947
1169,29.91774582862854,0.85960037,0.8596004247665405,5.960464477539063e-08,0.8596003651618958,14.039964,14.039957523345947
1170,29.942147493362427,0.85960037,0.8596004247665405,5.960464477539063e-08,0.8596003651618958,14.039964,14.039957523345947
1171,29.964930534362793,0.85960037,0.8596004247665405,5.960464477539063e-08,0.8596003651618958,14.039964,14.039957523345947
1172,29.988504886627197,0.85960037,0.8596004247665405,5.960464477539063e-08,0.8596003651618958,14.039964,14.039957523345947
1173,30.011962413787842,0.85960037,0.8596004247665405,5.960464477539063e-08,0.8596003651618958,14.039964,14.039957523345947
1174,30.03505277633667,0.85960037,0.8596004247665405,5.960464477539063e-08,0.8596003651618958,14.039964,14.039957523345947
1175,30.05757761001587,0.85960037,0.8596004247665405,5.960464477539063e-08,0.8596003651618958,14.039964,14.039957523345947
1176,30.079495906829834,0.85960037,0.8596004247665405,5.960464477539063e-08,0.8596003651618958,14.039964,14.039957523345947
1177,30.10373020172119,0.85960037,0.8596004247665405,5.960464477539063e-08,0.8596003651618958,14.039964,14.039957523345947
1178,30.126298904418945,0.85960037,0.8596004247665405,5.960464477539063e-08,0.8596003651618958,14.039964,14.039957523345947
1179,30.150103092193604,0.85960037,0.8596004247665405,5.960464477539063e-08,0.8596003651618958,14.039964,14.039957523345947
1180,30.17350196838379,0.85960037,0.8596004247665405,5.960464477539063e-08,0.8596003651618958,14.039964,14.039957523345947
1181,30.19685459136963,0.85960037,0.8596004247665405,5.960464477539063e-08,0.8596003651618958,14.039964,14.039957523345947
1182,30.219547986984253,0.85960037,0.8596004247665405,5.960464477539063e-08,0.8596003651618958,14.039964,14.039957523345947
1183,30.242403030395508,0.85960037,0.8596004247665405,5.960464477539063e-08,0.8596003651618958,14.039964,14.039957523345947
1184,30.26501441001892,0.85960037,0.8596004247665405,5.960464477539063e-08,0.8596003651618958,14.039964,14.039957523345947
1185,30.288251876831055,0.85960037,0.8596004247665405,5.960464477539063e-08,0.8596003651618958,14.039964,14.039957523345947
1186,30.311397075653076,0.85960037,0.8596004247665405,5.960464477539063e-08,0.8596003651618958,14.039964,14.039957523345947
1187,30.333996057510376,0.85960037,0.8596004247665405,5.960464477539063e-08,0.8596003651618958,14.039964,14.039957523345947
1188,30.357869863510132,0.85960037,0.8596004247665405,5.960464477539063e-08,0.8596003651618958,14.039964,14.039957523345947
1189,30.40285563468933,0.86010647,0.8560274839401245,0.0030437351670116186,0.8494094610214233,13.989353,14.397251605987549
1190,30.434917449951172,0.86010647,0.8586783409118652,0.0008171733352355659,0.8569517135620117,13.989353,14.132165908813477
1191,30.459118843078613,0.86010647,0.8594384789466858,0.00028438030858524144,0.8588675260543823,13.989353,14.056152105331421
1192,30.483202695846558,0.86010647,0.8596753478050232,0.00019639877427835017,0.8594712018966675,13.989353,14.03246521949768
1193,30.507522344589233,0.86010647,0.8598158955574036,0.00021497880516108125,0.8596003651618958,13.989353,14.018410444259644
1194,30.531158924102783,0.86010647,0.8600067496299744,0.00014329802070278674,0.8598007559776306,13.989353,13.999325037002563
1195,30.55531358718872,0.86010647,0.8601064085960388,5.960464477539063e-08,0.8601064682006836,13.989353,13.989359140396118
1196,30.578638076782227,0.86010647,0.8601064085960388,5.960464477539063e-08,0.8601064682006836,13.989353,13.989359140396118
1197,30.601261615753174,0.86010647,0.8601064085960388,5.960464477539063e-08,0.8601064682006836,13.989353,13.989359140396118
1198,30.62419819831848,0.86010647,0.8601064085960388,5.960464477539063e-08,0.8601064682006836,13.989353,13.989359140396118
1199,30.646795749664307,0.86010647,0.8601064085960388,5.960464477539063e-08,0.8601064682006836,13.989353,13.989359140396118
1200,30.670520067214966,0.86010647,0.8601064085960388,5.960464477539063e-08,0.8601064682006836,13.989353,13.989359140396118
1201,30.692737340927124,0.86010647,0.8601064085960388,5.960464477539063e-08,0.8601064682006836,13.989353,13.989359140396118
1202,30.7159206867218,0.86010647,0.8601064085960388,5.960464477539063e-08,0.8601064682006836,13.989353,13.989359140396118
1203,30.73888349533081,0.86010647,0.8601064085960388,5.960464477539063e-08,0.8601064682006836,13.989353,13.989359140396118
1204,30.762085676193237,0.86010647,0.8601064085960388,5.960464477539063e-08,0.8601064682006836,13.989353,13.989359140396118
1205,30.78579044342041,0.86010647,0.8601064085960388,5.960464477539063e-08,0.8601064682006836,13.989353,13.989359140396118
1206,30.808159589767456,0.86010647,0.8601064085960388,5.960464477539063e-08,0.8601064682006836,13.989353,13.989359140396118
1207,30.831993579864502,0.86010647,0.8601064085960388,5.960464477539063e-08,0.8601064682006836,13.989353,13.989359140396118
1208,30.855652809143066,0.86010647,0.8601064085960388,5.960464477539063e-08,0.8601064682006836,13.989353,13.989359140396118
1209,30.8787362575531,0.86010647,0.8601064085960388,5.960464477539063e-08,0.8601064682006836,13.989353,13.989359140396118
1210,30.902090072631836,0.86010647,0.8601064085960388,5.960464477539063e-08,0.8601064682006836,13.989353,13.989359140396118
1211,30.92580246925354,0.86010647,0.8601064085960388,5.960464477539063e-08,0.8601064682006836,13.989353,13.989359140396118
1212,30.948484420776367,0.86010647,0.8601064085960388,5.960464477539063e-08,0.8601064682006836,13.989353,13.989359140396118
1213,30.971994876861572,0.86010647,0.8601064085960388,5.960464477539063e-08,0.8601064682006836,13.989353,13.989359140396118
1214,30.99552273750305,0.86010647,0.8601064085960388,5.960464477539063e-08,0.8601064682006836,13.989353,13.989359140396118
1215,31.01801347732544,0.86010647,0.8601064085960388,5.960464477539063e-08,0.8601064682006836,13.989353,13.989359140396118
1216,31.04134702682495,0.86010647,0.8601064085960388,5.960464477539063e-08,0.8601064682006836,13.989353,13.989359140396118
1217,31.06760048866272,0.86010647,0.8601064085960388,5.960464477539063e-08,0.8601064682006836,13.989353,13.989359140396118
1218,31.09080696105957,0.86010647,0.8601064085960388,5.960464477539063e-08,0.8601064682006836,13.989353,13.989359140396118
1219,31.113932609558105,0.86010647,0.8601064085960388,5.960464477539063e-08,0.8601064682006836,13.989353,13.989359140396118
1220,31.137104749679565,0.86010647,0.8601064085960388,5.960464477539063e-08,0.8601064682006836,13.989353,13.989359140396118
1221,31.16124391555786,0.86010647,0.8601064085960388,5.960464477539063e-08,0.8601064682006836,13.989353,13.989359140396118
1222,31.18475317955017,0.86010647,0.8601064085960388,5.960464477539063e-08,0.8601064682006836,13.989353,13.989359140396118
1223,31.2080819606781,0.86010647,0.8601064085960388,5.960464477539063e-08,0.8601064682006836,13.989353,13.989359140396118
1224,31.23169445991516,0.86010647,0.8601064085960388,5.960464477539063e-08,0.8601064682006836,13.989353,13.989359140396118
1225,31.254971265792847,0.86010647,0.8601064085960388,5.960464477539063e-08,0.8601064682006836,13.989353,13.989359140396118
1226,31.28140425682068,0.86010647,0.8601064085960388,5.960464477539063e-08,0.8601064682006836,13.989353,13.989359140396118
1227,31.306629419326782,0.86010647,0.8601064085960388,5.960464477539063e-08,0.8601064682006836,13.989353,13.989359140396118
1228,31.332332134246826,0.86010647,0.8601064085960388,5.960464477539063e-08,0.8601064682006836,13.989353,13.989359140396118
1229,31.35570764541626,0.86010647,0.8601064085960388,5.960464477539063e-08,0.8601064682006836,13.989353,13.989359140396118
1230,31.380356073379517,0.86010647,0.8601064085960388,5.960464477539063e-08,0.8601064682006836,13.989353,13.989359140396118
1231,31.403993368148804,0.86010647,0.8601064085960388,5.960464477539063e-08,0.8601064682006836,13.989353,13.989359140396118
1232,31.42807364463806,0.86010647,0.8601064085960388,5.960464477539063e-08,0.8601064682006836,13.989353,13.989359140396118
1233,31.450563430786133,0.86010647,0.8601064085960388,5.960464477539063e-08,0.8601064682006836,13.989353,13.989359140396118
1234,31.474063873291016,0.86010647,0.8601064085960388,5.960464477539063e-08,0.8601064682006836,13.989353,13.989359140396118
1235,31.49831533432007,0.86010647,0.8601064085960388,5.960464477539063e-08,0.8601064682006836,13.989353,13.989359140396118
1236,31.52163076400757,0.86010647,0.8601064085960388,5.960464477539063e-08,0.8601064682006836,13.989353,13.989359140396118
1237,31.543946027755737,0.86010647,0.8601064085960388,5.960464477539063e-08,0.8601064682006836,13.989353,13.989359140396118
1238,31.566892862319946,0.86010647,0.8601064085960388,5.960464477539063e-08,0.8601064682006836,13.989353,13.989359140396118
1239,31.58967614173889,0.86010647,0.8601064085960388,5.960464477539063e-08,0.8601064682006836,13.989353,13.989359140396118
1240,31.61245036125183,0.86010647,0.8601064085960388,5.960464477539063e-08,0.8601064682006836,13.989353,13.989359140396118
1241,31.636553287506104,0.86010647,0.8601064085960388,5.960464477539063e-08,0.8601064682006836,13.989353,13.989359140396118
1242,31.6605327129364,0.86010647,0.8601064085960388,5.960464477539063e-08,0.8601064682006836,13.989353,13.989359140396118
1243,31.683654308319092,0.86010647,0.8601064085960388,5.960464477539063e-08,0.8601064682006836,13.989353,13.989359140396118
1244,31.706984996795654,0.86010647,0.8601064085960388,5.960464477539063e-08,0.8601064682006836,13.989353,13.989359140396118
1245,31.73071265220642,0.86010647,0.8601064085960388,5.960464477539063e-08,0.8601064682006836,13.989353,13.989359140396118
1246,31.75456929206848,0.86010647,0.8601064085960388,5.960464477539063e-08,0.8601064682006836,13.989353,13.989359140396118
1247,31.77788257598877,0.86010647,0.8601064085960388,5.960464477539063e-08,0.8601064682006836,13.989353,13.989359140396118
1248,31.800753355026245,0.86010647,0.8601064085960388,5.960464477539063e-08,0.8601064682006836,13.989353,13.989359140396118
1249,31.82514452934265,0.86010647,0.8601064085960388,5.960464477539063e-08,0.8601064682006836,13.989353,13.989359140396118
1250,31.848655223846436,0.86010647,0.8601064085960388,5.960464477539063e-08,0.8601064682006836,13.989353,13.989359140396118
1251,31.871552228927612,0.86010647,0.8601064085960388,5.960464477539063e-08,0.8601064682006836,13.989353,13.989359140396118
1252,31.893762350082397,0.86010647,0.8601064085960388,5.960464477539063e-08,0.8601064682006836,13.989353,13.989359140396118
1253,31.916642665863037,0.86010647,0.8601064085960388,5.960464477539063e-08,0.8601064682006836,13.989353,13.989359140396118
1254,31.93976926803589,0.86010647,0.8601064085960388,5.960464477539063e-08,0.8601064682006836,13.989353,13.989359140396118
1255,31.962659120559692,0.86010647,0.8601064085960388,5.960464477539063e-08,0.8601064682006836,13.989353,13.989359140396118
1256,31.98543429374695,0.86010647,0.8601064085960388,5.960464477539063e-08,0.8601064682006836,13.989353,13.989359140396118
1257,32.0076699256897,0.86010647,0.8601064085960388,5.960464477539063e-08,0.8601064682006836,13.989353,13.989359140396118
1258,32.03092575073242,0.86010647,0.8601064085960388,5.960464477539063e-08,0.8601064682006836,13.989353,13.989359140396118
1259,32.055328369140625,0.86010647,0.8601064085960388,5.960464477539063e-08,0.8601064682006836,13.989353,13.989359140396118
1260,32.07923340797424,0.86010647,0.8601064085960388,5.960464477539063e-08,0.8601064682006836,13.989353,13.989359140396118
1261,32.10243535041809,0.86010647,0.8601064085960388,5.960464477539063e-08,0.8601064682006836,13.989353,13.989359140396118
1262,32.126518964767456,0.86010647,0.8601064085960388,5.960464477539063e-08,0.8601064682006836,13.989353,13.989359140396118
1263,32.14969801902771,0.86010647,0.8601064085960388,5.960464477539063e-08,0.8601064682006836,13.989353,13.989359140396118
1264,32.17060470581055,0.86010647,0.8601064085960388,5.960464477539063e-08,0.8601064682006836,13.989353,13.989359140396118
1265,32.19373559951782,0.86010647,0.8601064085960388,5.960464477539063e-08,0.8601064682006836,13.989353,13.989359140396118
1266,32.21675443649292,0.86010647,0.8601064085960388,5.960464477539063e-08,0.8601064682006836,13.989353,13.989359140396118
1267,32.240214586257935,0.86010647,0.8601064085960388,5.960464477539063e-08,0.8601064682006836,13.989353,13.989359140396118
1268,32.262470960617065,0.86010647,0.8601064085960388,5.960464477539063e-08,0.8601064682006836,13.989353,13.989359140396118
1269,32.28626871109009,0.86010647,0.8601064085960388,5.960464477539063e-08,0.8601064682006836,13.989353,13.989359140396118
1270,32.30983805656433,0.86010647,0.8601064085960388,5.960464477539063e-08,0.8601064682006836,13.989353,13.989359140396118
1271,32.33325815200806,0.86010647,0.8601064085960388,5.960464477539063e-08,0.8601064682006836,13.989353,13.989359140396118
1272,32.35665559768677,0.86010647,0.8601064085960388,5.960464477539063e-08,0.8601064682006836,13.989353,13.989359140396118
1273,32.38146424293518,0.86010647,0.8601064085960388,5.960464477539063e-08,0.8601064682006836,13.989353,13.989359140396118
1274,32.406134366989136,0.86010647,0.8601064085960388,5.960464477539063e-08,0.8601064682006836,13.989353,13.989359140396118
1275,32.4297080039978,0.86010647,0.8601064085960388,5.960464477539063e-08,0.8601064682006836,13.989353,13.989359140396118
1276,32.453120946884155,0.86010647,0.8601064085960388,5.960464477539063e-08,0.8601064682006836,13.989353,13.989359140396118
1277,32.495843172073364,0.86010647,0.8573659658432007,0.0025291291531175375,0.8510504961013794,13.989353,14.263403415679932
1278,32.52591896057129,0.86010647,0.8595262169837952,0.0005211865063756704,0.858289361000061,13.989353,14.047378301620483
1279,32.55186438560486,0.86010647,0.8599897623062134,0.00013120939547661692,0.8595781922340393,13.989353,14.001023769378662
1280,32.57560324668884,0.86010647,0.8600779175758362,2.1503194147953764e-05,0.8600416779518127,13.989353,13.992208242416382
1281,32.600213289260864,0.86010647,0.8600987195968628,9.611535460862797e-06,0.8600606322288513,13.989353,13.99012804031372
1282,32.62359380722046,0.86010647,0.8601064085960388,5.960464477539063e-08,0.8601064682006836,13.989353,13.989359140396118
1283,32.64808440208435,0.86010647,0.8601064085960388,5.960464477539063e-08,0.8601064682006836,13.989353,13.989359140396118
1284,32.671087980270386,0.86010647,0.8601064085960388,5.960464477539063e-08,0.8601064682006836,13.989353,13.989359140396118
1285,32.69459772109985,0.86010647,0.8601064085960388,5.960464477539063e-08,0.8601064682006836,13.989353,13.989359140396118
1286,32.718207359313965,0.86010647,0.8601064085960388,5.960464477539063e-08,0.8601064682006836,13.989353,13.989359140396118
1287,32.7418577671051,0.86010647,0.8601064085960388,5.960464477539063e-08,0.8601064682006836,13.989353,13.989359140396118
1288,32.76351284980774,0.86010647,0.8601064085960388,5.960464477539063e-08,0.8601064682006836,13.989353,13.989359140396118
1289,32.78745079040527,0.86010647,0.8601064085960388,5.960464477539063e-08,0.8601064682006836,13.989353,13.989359140396118
1290,32.81050086021423,0.86010647,0.8601064085960388,5.960464477539063e-08,0.8601064682006836,13.989353,13.989359140396118
1291,32.83378720283508,0.86010647,0.8601064085960388,5.960464477539063e-08,0.8601064682006836,13.989353,13.989359140396118
1292,32.855395555496216,0.86010647,0.8601064085960388,5.960464477539063e-08,0.8601064682006836,13.989353,13.989359140396118
1293,32.87897753715515,0.86010647,0.8601064085960388,5.960464477539063e-08,0.8601064682006836,13.989353,13.989359140396118
1294,32.90289664268494,0.86010647,0.8601064085960388,5.960464477539063e-08,0.8601064682006836,13.989353,13.989359140396118
1295,32.92663311958313,0.86010647,0.8601064085960388,5.960464477539063e-08,0.8601064682006836,13.989353,13.989359140396118
1296,32.95048904418945,0.86010647,0.8601064085960388,5.960464477539063e-08,0.8601064682006836,13.989353,13.989359140396118
1297,32.97415804862976,0.86010647,0.8601064085960388,5.960464477539063e-08,0.8601064682006836,13.989353,13.989359140396118
1298,32.99702835083008,0.86010647,0.8601064085960388,5.960464477539063e-08,0.8601064682006836,13.989353,13.989359140396118
1299,33.02028155326843,0.86010647,0.8601064085960388,5.960464477539063e-08,0.8601064682006836,13.989353,13.989359140396118
1300,33.043434858322144,0.86010647,0.8601064085960388,5.960464477539063e-08,0.8601064682006836,13.989353,13.989359140396118
1301,33.067193031311035,0.86030436,0.8601076006889343,1.4668220501334872e-05,0.8601064682006836,13.969564,13.989239931106567
1302,33.097426414489746,0.8606061,0.8601124882698059,4.462743891053833e-05,0.8601064682006836,13.939392,13.98875117301941
1303,33.127203941345215,0.8607751,0.8601460456848145,0.0001252697256859392,0.8601064682006836,13.922489,13.985395431518555
1304,33.15882349014282,0.8607817,0.8602237701416016,0.00020400711218826473,0.8601064682006836,13.921827,13.977622985839844
1305,33.19060754776001,0.8608238,0.86037278175354,0.00024029203632380813,0.8601064682006836,13.917619,13.962721824645996
1306,33.22174000740051,0.8608987,0.8606235980987549,0.000112169909698423,0.860374391078949,13.910132,13.937640190124512
1307,33.25321936607361,0.86092764,0.860724925994873,6.542328628711402e-05,0.8606352806091309,13.907236,13.927507400512695
1308,33.30439829826355,0.8608238,0.8580003380775452,0.0025661636609584093,0.8519232869148254,13.917619,14.199966192245483
1309,33.33497405052185,0.86090827,0.8602038621902466,0.00046611615107394755,0.8591247797012329,13.909173,13.979613780975342
1310,33.36684703826904,0.86093545,0.8605870008468628,0.00018135676509700716,0.8603015542030334,13.906455,13.94129991531372
1311,33.40236854553223,0.86093867,0.8607604503631592,8.533536311006173e-05,0.8606408834457397,13.906134,13.923954963684082
1312,33.43697690963745,0.8609414,0.8608371615409851,5.940106348134577e-05,0.8607606887817383,13.905859,13.91628384590149
1313,33.46750283241272,0.8609414,0.8608939051628113,4.070072463946417e-05,0.8608238101005554,13.905859,13.910609483718872
1314,33.49013113975525,0.86094147,0.8609281778335571,1.0646836017258465e-05,0.8609082698822021,13.905853,13.907182216644287
1315,33.52125120162964,0.86094165,0.8609371185302734,2.2631234060099814e-06,0.8609335422515869,13.905835,13.906288146972656
1316,33.552711486816406,0.86094373,0.8609393239021301,1.404779368385789e-06,0.8609368801116943,13.905626,13.906067609786987
1317,33.58332848548889,0.86094564,0.8609405755996704,1.478176955060917e-06,0.8609386682510376,13.905436,13.905942440032959
1318,33.614206314086914,0.86094564,0.860942006111145,1.128155645346851e-06,0.8609414100646973,13.905436,13.905799388885498
1319,33.63798499107361,0.86094564,0.8609427809715271,1.5703707276770729e-06,0.860941469669342,13.905436,13.90572190284729
1320,33.661439418792725,0.86094564,0.8609440326690674,1.6714978983145556e-06,0.8609416484832764,13.905436,13.905596733093262
1321,33.68460440635681,0.86094564,0.8609456419944763,1.1111332298696652e-07,0.860945463180542,13.905436,13.905435800552368
1322,33.70802068710327,0.86094564,0.8609456419944763,0.0,0.8609456419944763,13.905436,13.905435800552368
1323,33.730690002441406,0.86094564,0.8609456419944763,0.0,0.8609456419944763,13.905436,13.905435800552368
1324,33.75200295448303,0.86094564,0.8609456419944763,0.0,0.8609456419944763,13.905436,13.905435800552368
1325,33.79399609565735,0.8610198,0.857837975025177,0.002880699234083295,0.8514394164085388,13.898021,14.2162024974823
1326,33.823906660079956,0.8610198,0.8602718114852905,0.0005449712625704706,0.8588790893554688,13.898021,13.972818851470947
1327,33.84678912162781,0.8610198,0.8607435822486877,0.0001934650499606505,0.8603827953338623,13.898021,13.925641775131226
1328,33.87102007865906,0.86101985,0.8609158992767334,7.652667409274727e-05,0.8608090281486511,13.898015,13.90841007232666
1329,33.90166473388672,0.86101985,0.8609806299209595,5.304127626004629e-05,0.8608930706977844,13.898015,13.901937007904053
1330,33.925851821899414,0.86101985,0.8610198497772217,5.334882047236533e-08,0.8610197901725769,13.898015,13.898015022277832
1331,33.947279930114746,0.86101985,0.8610199093818665,9.71657811987825e-08,0.8610197901725769,13.898015,13.898009061813354
1332,33.96958065032959,0.86101985,0.8610199689865112,1.2483921807415754e-07,0.8610197901725769,13.898015,13.898003101348877
1333,33.99295091629028,0.86101985,0.8610199689865112,1.1920928955078125e-07,0.8610198497772217,13.898015,13.898003101348877
1334,34.01710271835327,0.86101985,0.8610199689865112,1.1920928955078125e-07,0.8610198497772217,13.898015,13.898003101348877
1335,34.03977155685425,0.86101985,0.8610199689865112,1.1920928955078125e-07,0.8610198497772217,13.898015,13.898003101348877
1336,34.06457877159119,0.86101985,0.8610199689865112,1.1920928955078125e-07,0.8610198497772217,13.898015,13.898003101348877
1337,34.08794903755188,0.86101985,0.8610199689865112,1.1920928955078125e-07,0.8610198497772217,13.898015,13.898003101348877
1338,34.109778881073,0.86101985,0.8610199689865112,1.1920928955078125e-07,0.8610198497772217,13.898015,13.898003101348877
1339,34.13426923751831,0.86101985,0.8610199689865112,1.1920928955078125e-07,0.8610198497772217,13.898015,13.898003101348877
1340,34.15844774246216,0.86101985,0.8610199689865112,1.1920928955078125e-07,0.8610198497772217,13.898015,13.898003101348877
1341,34.18274784088135,0.86101985,0.8610199689865112,1.1920928955078125e-07,0.8610198497772217,13.898015,13.898003101348877
1342,34.20617699623108,0.86101985,0.8610199689865112,1.1920928955078125e-07,0.8610198497772217,13.898015,13.898003101348877
1343,34.230464696884155,0.86101985,0.8610199689865112,1.1920928955078125e-07,0.8610198497772217,13.898015,13.898003101348877
1344,34.25414180755615,0.86101985,0.8610199689865112,1.1920928955078125e-07,0.8610198497772217,13.898015,13.898003101348877
1345,34.27662134170532,0.86101985,0.8610199689865112,1.1920928955078125e-07,0.8610198497772217,13.898015,13.898003101348877
1346,34.29891014099121,0.86101985,0.8610199689865112,1.1920928955078125e-07,0.8610198497772217,13.898015,13.898003101348877
1347,34.321731090545654,0.86101985,0.8610199689865112,1.1920928955078125e-07,0.8610198497772217,13.898015,13.898003101348877
1348,34.34631633758545,0.86101985,0.8610199689865112,1.1920928955078125e-07,0.8610198497772217,13.898015,13.898003101348877
1349,34.370075941085815,0.86101985,0.8610199689865112,1.1920928955078125e-07,0.8610198497772217,13.898015,13.898003101348877
1350,34.393778800964355,0.86101985,0.8610199689865112,1.1920928955078125e-07,0.8610198497772217,13.898015,13.898003101348877
1351,34.41804552078247,0.86101985,0.8610199689865112,1.1920928955078125e-07,0.8610198497772217,13.898015,13.898003101348877
1352,34.43984317779541,0.86101985,0.8610199689865112,1.1920928955078125e-07,0.8610198497772217,13.898015,13.898003101348877
1353,34.46298432350159,0.86101985,0.8610199689865112,1.1920928955078125e-07,0.8610198497772217,13.898015,13.898003101348877
1354,34.487706661224365,0.86101985,0.8610199689865112,1.1920928955078125e-07,0.8610198497772217,13.898015,13.898003101348877
1355,34.51148986816406,0.86101985,0.8610199689865112,1.1920928955078125e-07,0.8610198497772217,13.898015,13.898003101348877
1356,34.53498363494873,0.86101985,0.8610199689865112,1.1920928955078125e-07,0.8610198497772217,13.898015,13.898003101348877
1357,34.55907082557678,0.86101985,0.8610199689865112,1.1920928955078125e-07,0.8610198497772217,13.898015,13.898003101348877
1358,34.582202672958374,0.86101985,0.8610199689865112,1.1920928955078125e-07,0.8610198497772217,13.898015,13.898003101348877
1359,34.60579824447632,0.86101985,0.8610199689865112,1.1920928955078125e-07,0.8610198497772217,13.898015,13.898003101348877
1360,34.629218339920044,0.86101985,0.8610199689865112,1.1920928955078125e-07,0.8610198497772217,13.898015,13.898003101348877
1361,34.65268921852112,0.86101985,0.8610199689865112,1.1920928955078125e-07,0.8610198497772217,13.898015,13.898003101348877
1362,34.675827741622925,0.86101985,0.8610199689865112,1.1920928955078125e-07,0.8610198497772217,13.898015,13.898003101348877
1363,34.69960904121399,0.86101985,0.8610199689865112,1.1920928955078125e-07,0.8610198497772217,13.898015,13.898003101348877
1364,34.72327017784119,0.86101985,0.8610199689865112,1.1920928955078125e-07,0.8610198497772217,13.898015,13.898003101348877
1365,34.74725675582886,0.86101985,0.8610199689865112,1.1920928955078125e-07,0.8610198497772217,13.898015,13.898003101348877
1366,34.77065134048462,0.86101985,0.8610199689865112,1.1920928955078125e-07,0.8610198497772217,13.898015,13.898003101348877
1367,34.79177951812744,0.86101985,0.8610199689865112,1.1920928955078125e-07,0.8610198497772217,13.898015,13.898003101348877
1368,34.81545639038086,0.86101985,0.8610199689865112,1.1920928955078125e-07,0.8610198497772217,13.898015,13.898003101348877
1369,34.84050679206848,0.86101985,0.8610199689865112,1.1920928955078125e-07,0.8610198497772217,13.898015,13.898003101348877
1370,34.86474800109863,0.86101985,0.8610199689865112,1.1920928955078125e-07,0.8610198497772217,13.898015,13.898003101348877
1371,34.88882637023926,0.86101985,0.8610199689865112,1.1920928955078125e-07,0.8610198497772217,13.898015,13.898003101348877
1372,34.91247844696045,0.86101985,0.8610199689865112,1.1920928955078125e-07,0.8610198497772217,13.898015,13.898003101348877
1373,34.93504071235657,0.86101985,0.8610199689865112,1.1920928955078125e-07,0.8610198497772217,13.898015,13.898003101348877
1374,34.95787858963013,0.86101985,0.8610199689865112,1.1920928955078125e-07,0.8610198497772217,13.898015,13.898003101348877
1375,34.98094153404236,0.86101985,0.8610199689865112,1.1920928955078125e-07,0.8610198497772217,13.898015,13.898003101348877
1376,35.00267052650452,0.86101985,0.8610199689865112,1.1920928955078125e-07,0.8610198497772217,13.898015,13.898003101348877
1377,35.02612257003784,0.86101985,0.8610199689865112,1.1920928955078125e-07,0.8610198497772217,13.898015,13.898003101348877
1378,35.071707248687744,0.8611334,0.8577640652656555,0.002628079615533352,0.852240800857544,13.886661,14.223593473434448
1379,35.10184669494629,0.8611334,0.8602293133735657,0.0006757475784979761,0.8588945269584656,13.886661,13.977068662643433
1380,35.125656843185425,0.8611334,0.860883355140686,0.00020285940263420343,0.8604548573493958,13.886661,13.911664485931396
1381,35.1486120223999,0.8611334,0.8610708117485046,8.449873712379485e-05,0.8609193563461304,13.886661,13.892918825149536
1382,35.17227530479431,0.8611334,0.8611334562301636,5.960464477539063e-08,0.8611333966255188,13.886661,13.886654376983643
1383,35.19566059112549,0.8611334,0.8611334562301636,5.960464477539063e-08,0.8611333966255188,13.886661,13.886654376983643
1384,35.21887183189392,0.8611334,0.8611334562301636,5.960464477539063e-08,0.8611333966255188,13.886661,13.886654376983643
1385,35.241862773895264,0.8611334,0.8611334562301636,5.960464477539063e-08,0.8611333966255188,13.886661,13.886654376983643
1386,35.26556468009949,0.8611334,0.8611334562301636,5.960464477539063e-08,0.8611333966255188,13.886661,13.886654376983643
1387,35.28851294517517,0.8611334,0.8611334562301636,5.960464477539063e-08,0.8611333966255188,13.886661,13.886654376983643
1388,35.313270807266235,0.8611334,0.8611334562301636,5.960464477539063e-08,0.8611333966255188,13.886661,13.886654376983643
1389,35.3370623588562,0.8611334,0.8611334562301636,5.960464477539063e-08,0.8611333966255188,13.886661,13.886654376983643
1390,35.3611536026001,0.8611334,0.8611334562301636,5.960464477539063e-08,0.8611333966255188,13.886661,13.886654376983643
1391,35.38511776924133,0.8611334,0.8611334562301636,5.960464477539063e-08,0.8611333966255188,13.886661,13.886654376983643
1392,35.410643339157104,0.8611334,0.8611334562301636,5.960464477539063e-08,0.8611333966255188,13.886661,13.886654376983643
1393,35.43599510192871,0.8611334,0.8611334562301636,5.960464477539063e-08,0.8611333966255188,13.886661,13.886654376983643
1394,35.46070408821106,0.8611334,0.8611334562301636,5.960464477539063e-08,0.8611333966255188,13.886661,13.886654376983643
1395,35.484535217285156,0.8611334,0.8611334562301636,5.960464477539063e-08,0.8611333966255188,13.886661,13.886654376983643
1396,35.51094102859497,0.8611334,0.8611334562301636,5.960464477539063e-08,0.8611333966255188,13.886661,13.886654376983643
1397,35.5367226600647,0.8611334,0.8611334562301636,5.960464477539063e-08,0.8611333966255188,13.886661,13.886654376983643
1398,35.56178569793701,0.8611334,0.8611334562301636,5.960464477539063e-08,0.8611333966255188,13.886661,13.886654376983643
1399,35.58539390563965,0.8611334,0.8611334562301636,5.960464477539063e-08,0.8611333966255188,13.886661,13.886654376983643
1400,35.60919165611267,0.8611334,0.8611334562301636,5.960464477539063e-08,0.8611333966255188,13.886661,13.886654376983643
1401,35.632710218429565,0.8611334,0.8611334562301636,5.960464477539063e-08,0.8611333966255188,13.886661,13.886654376983643
1402,35.65593647956848,0.8611334,0.8611334562301636,5.960464477539063e-08,0.8611333966255188,13.886661,13.886654376983643
1403,35.67764949798584,0.8611334,0.8611334562301636,5.960464477539063e-08,0.8611333966255188,13.886661,13.886654376983643
1404,35.70106482505798,0.8611334,0.8611334562301636,5.960464477539063e-08,0.8611333966255188,13.886661,13.886654376983643
1405,35.724504709243774,0.8611334,0.8611334562301636,5.960464477539063e-08,0.8611333966255188,13.886661,13.886654376983643
1406,35.74713063240051,0.8611334,0.8611334562301636,5.960464477539063e-08,0.8611333966255188,13.886661,13.886654376983643
1407,35.76978826522827,0.8611334,0.8611334562301636,5.960464477539063e-08,0.8611333966255188,13.886661,13.886654376983643
1408,35.79339814186096,0.8611334,0.8611334562301636,5.960464477539063e-08,0.8611333966255188,13.886661,13.886654376983643
1409,35.816935777664185,0.8611334,0.8611334562301636,5.960464477539063e-08,0.8611333966255188,13.886661,13.886654376983643
1410,35.84100961685181,0.8611334,0.8611334562301636,5.960464477539063e-08,0.8611333966255188,13.886661,13.886654376983643
1411,35.86442494392395,0.8611334,0.8611334562301636,5.960464477539063e-08,0.8611333966255188,13.886661,13.886654376983643
1412,35.88697957992554,0.8611334,0.8611334562301636,5.960464477539063e-08,0.8611333966255188,13.886661,13.886654376983643
1413,35.90993404388428,0.8611334,0.8611334562301636,5.960464477539063e-08,0.8611333966255188,13.886661,13.886654376983643
1414,35.93267583847046,0.8611334,0.8611334562301636,5.960464477539063e-08,0.8611333966255188,13.886661,13.886654376983643
1415,35.95409631729126,0.8611334,0.8611334562301636,5.960464477539063e-08,0.8611333966255188,13.886661,13.886654376983643
1416,35.977137088775635,0.8611334,0.8611334562301636,5.960464477539063e-08,0.8611333966255188,13.886661,13.886654376983643
1417,36.00195527076721,0.8611334,0.8611334562301636,5.960464477539063e-08,0.8611333966255188,13.886661,13.886654376983643
1418,36.02504110336304,0.8611334,0.8611334562301636,5.960464477539063e-08,0.8611333966255188,13.886661,13.886654376983643
1419,36.04932475090027,0.8611334,0.8611334562301636,5.960464477539063e-08,0.8611333966255188,13.886661,13.886654376983643
1420,36.072669506073,0.8611334,0.8611334562301636,5.960464477539063e-08,0.8611333966255188,13.886661,13.886654376983643
1421,36.09646415710449,0.8611334,0.8611334562301636,5.960464477539063e-08,0.8611333966255188,13.886661,13.886654376983643
1422,36.11831855773926,0.8611334,0.8611334562301636,5.960464477539063e-08,0.8611333966255188,13.886661,13.886654376983643
1423,36.141560554504395,0.8611334,0.8611334562301636,5.960464477539063e-08,0.8611333966255188,13.886661,13.886654376983643
1424,36.16592025756836,0.8611334,0.8611334562301636,5.960464477539063e-08,0.8611333966255188,13.886661,13.886654376983643
1425,36.18962240219116,0.8611334,0.8611334562301636,5.960464477539063e-08,0.8611333966255188,13.886661,13.886654376983643
1426,36.21453809738159,0.8611334,0.8611334562301636,5.960464477539063e-08,0.8611333966255188,13.886661,13.886654376983643
1427,36.23805379867554,0.8611334,0.8611334562301636,5.960464477539063e-08,0.8611333966255188,13.886661,13.886654376983643
1428,36.26141548156738,0.8611334,0.8611334562301636,5.960464477539063e-08,0.8611333966255188,13.886661,13.886654376983643
1429,36.28566002845764,0.8611334,0.8611334562301636,5.960464477539063e-08,0.8611333966255188,13.886661,13.886654376983643
1430,36.30942463874817,0.8611334,0.8611334562301636,5.960464477539063e-08,0.8611333966255188,13.886661,13.886654376983643
1431,36.337377071380615,0.8611334,0.8611334562301636,5.960464477539063e-08,0.8611333966255188,13.886661,13.886654376983643
1432,36.364227294921875,0.8611334,0.8611334562301636,5.960464477539063e-08,0.8611333966255188,13.886661,13.886654376983643
1433,36.39456081390381,0.8611334,0.8611334562301636,5.960464477539063e-08,0.8611333966255188,13.886661,13.886654376983643
1434,36.42435693740845,0.8611334,0.8611334562301636,5.960464477539063e-08,0.8611333966255188,13.886661,13.886654376983643
1435,36.449627161026,0.8611334,0.8611334562301636,5.960464477539063e-08,0.8611333966255188,13.886661,13.886654376983643
1436,36.4736590385437,0.8611334,0.8611334562301636,5.960464477539063e-08,0.8611333966255188,13.886661,13.886654376983643
1437,36.49806451797485,0.8611334,0.8611334562301636,5.960464477539063e-08,0.8611333966255188,13.886661,13.886654376983643
1438,36.52198839187622,0.8611334,0.8611334562301636,5.960464477539063e-08,0.8611333966255188,13.886661,13.886654376983643
1439,36.54442882537842,0.8611334,0.8611334562301636,5.960464477539063e-08,0.8611333966255188,13.886661,13.886654376983643
1440,36.56727576255798,0.8611334,0.8611334562301636,5.960464477539063e-08,0.8611333966255188,13.886661,13.886654376983643
1441,36.59147882461548,0.8611334,0.8611334562301636,5.960464477539063e-08,0.8611333966255188,13.886661,13.886654376983643
1442,36.614131689071655,0.8611334,0.8611334562301636,5.960464477539063e-08,0.8611333966255188,13.886661,13.886654376983643
1443,36.637322425842285,0.8611334,0.8611334562301636,5.960464477539063e-08,0.8611333966255188,13.886661,13.886654376983643
1444,36.66222143173218,0.8611334,0.8611334562301636,5.960464477539063e-08,0.8611333966255188,13.886661,13.886654376983643
1445,36.684279918670654,0.8611334,0.8611334562301636,5.960464477539063e-08,0.8611333966255188,13.886661,13.886654376983643
1446,36.707176208496094,0.8611334,0.8611334562301636,5.960464477539063e-08,0.8611333966255188,13.886661,13.886654376983643
1447,36.7308611869812,0.8611334,0.8611334562301636,5.960464477539063e-08,0.8611333966255188,13.886661,13.886654376983643
1448,36.75285601615906,0.8611334,0.8611334562301636,5.960464477539063e-08,0.8611333966255188,13.886661,13.886654376983643
1449,36.77673888206482,0.8611334,0.8611334562301636,5.960464477539063e-08,0.8611333966255188,13.886661,13.886654376983643
1450,36.79986023902893,0.8611334,0.8611334562301636,5.960464477539063e-08,0.8611333966255188,13.886661,13.886654376983643
1451,36.82371115684509,0.8611334,0.8611334562301636,5.960464477539063e-08,0.8611333966255188,13.886661,13.886654376983643
1452,36.84685277938843,0.8611334,0.8611334562301636,5.960464477539063e-08,0.8611333966255188,13.886661,13.886654376983643
1453,36.87119197845459,0.8611334,0.8611334562301636,5.960464477539063e-08,0.8611333966255188,13.886661,13.886654376983643
1454,36.89313554763794,0.8611334,0.8611334562301636,5.960464477539063e-08,0.8611333966255188,13.886661,13.886654376983643
1455,36.91727948188782,0.8611334,0.8611334562301636,5.960464477539063e-08,0.8611333966255188,13.886661,13.886654376983643
1456,36.93920636177063,0.8611334,0.8611334562301636,5.960464477539063e-08,0.8611333966255188,13.886661,13.886654376983643
1457,36.96276044845581,0.8611334,0.8611334562301636,5.960464477539063e-08,0.8611333966255188,13.886661,13.886654376983643
1458,36.98651051521301,0.8611334,0.8611334562301636,5.960464477539063e-08,0.8611333966255188,13.886661,13.886654376983643
1459,37.010186195373535,0.8611334,0.8611334562301636,5.960464477539063e-08,0.8611333966255188,13.886661,13.886654376983643
1460,37.03431534767151,0.8611334,0.8611334562301636,5.960464477539063e-08,0.8611333966255188,13.886661,13.886654376983643
1461,37.05791139602661,0.8611334,0.8611334562301636,5.960464477539063e-08,0.8611333966255188,13.886661,13.886654376983643
1462,37.08141469955444,0.8611334,0.8611334562301636,5.960464477539063e-08,0.8611333966255188,13.886661,13.886654376983643
1463,37.103729248046875,0.8611334,0.8611334562301636,5.960464477539063e-08,0.8611333966255188,13.886661,13.886654376983643
1464,37.126989126205444,0.8611334,0.8611334562301636,5.960464477539063e-08,0.8611333966255188,13.886661,13.886654376983643
1465,37.14989876747131,0.8611334,0.8611334562301636,5.960464477539063e-08,0.8611333966255188,13.886661,13.886654376983643
1466,37.173237562179565,0.8611334,0.8611334562301636,5.960464477539063e-08,0.8611333966255188,13.886661,13.886654376983643
1467,37.21711087226868,0.86122304,0.8583019971847534,0.0025732330977916718,0.8520039319992065,13.877696,14.169800281524658
1468,37.247727155685425,0.86122304,0.8604978322982788,0.0006629902636632323,0.8590938448905945,13.877696,13.95021677017212
1469,37.27090764045715,0.86122304,0.8610830307006836,0.00010734409443102777,0.8608298897743225,13.877696,13.89169692993164
1470,37.29553413391113,0.86122304,0.8611672520637512,4.467095641302876e-05,0.8611029982566833,13.877696,13.883274793624878
1471,37.3188157081604,0.86122304,0.8612090945243835,2.4039167328737676e-05,0.8611598610877991,13.877696,13.879090547561646
1472,37.342976093292236,0.86122304,0.8612231016159058,5.960464477539063e-08,0.861223042011261,13.877696,13.877689838409424
1473,37.38767433166504,0.86130893,0.8579738736152649,0.0028506240341812372,0.8511464595794678,13.869106,14.20261263847351
1474,37.41958785057068,0.86130893,0.8604732155799866,0.0006453272653743625,0.8592402338981628,13.869106,13.952678442001343
1475,37.444621562957764,0.86130893,0.8610455989837646,0.00018533735419623554,0.8606885671615601,13.869106,13.895440101623535
1476,37.469722032547,0.86130893,0.8612006306648254,7.746867049718276e-05,0.8610892295837402,13.869106,13.879936933517456
1477,37.495280504226685,0.86130893,0.8612681031227112,4.6655921323690563e-05,0.8612082600593567,13.869106,13.873189687728882
1478,37.51893353462219,0.86130893,0.8613077402114868,4.627080215868773e-06,0.8612903356552124,13.869106,13.869225978851318
1479,37.54329061508179,0.86130893,0.8613089323043823,0.0,0.8613089323043823,13.869106,13.869106769561768
1480,37.56773018836975,0.86130893,0.8613089323043823,0.0,0.8613089323043823,13.869106,13.869106769561768
1481,37.59308218955994,0.86130893,0.8613089323043823,0.0,0.8613089323043823,13.869106,13.869106769561768
1482,37.619009017944336,0.86130893,0.8613089323043823,0.0,0.8613089323043823,13.869106,13.869106769561768
1483,37.64503884315491,0.86130893,0.8613089323043823,0.0,0.8613089323043823,13.869106,13.869106769561768
1484,37.66982984542847,0.86130893,0.8613089323043823,0.0,0.8613089323043823,13.869106,13.869106769561768
1485,37.694411516189575,0.86130893,0.8613089323043823,0.0,0.8613089323043823,13.869106,13.869106769561768
1486,37.71856689453125,0.86130893,0.8613089323043823,0.0,0.8613089323043823,13.869106,13.869106769561768
1487,37.74212431907654,0.86130893,0.8613089323043823,0.0,0.8613089323043823,13.869106,13.869106769561768
1488,37.765891790390015,0.86130893,0.8613089323043823,0.0,0.8613089323043823,13.869106,13.869106769561768
1489,37.78895902633667,0.86130893,0.8613089323043823,0.0,0.8613089323043823,13.869106,13.869106769561768
1490,37.81098937988281,0.86130893,0.8613089323043823,0.0,0.8613089323043823,13.869106,13.869106769561768
1491,37.83410310745239,0.86130893,0.8613089323043823,0.0,0.8613089323043823,13.869106,13.869106769561768
1492,37.857598304748535,0.86130893,0.8613089323043823,0.0,0.8613089323043823,13.869106,13.869106769561768
1493,37.88206195831299,0.86130893,0.8613089323043823,0.0,0.8613089323043823,13.869106,13.869106769561768
1494,37.90604853630066,0.86130893,0.8613089323043823,0.0,0.8613089323043823,13.869106,13.869106769561768
1495,37.931079149246216,0.86130893,0.8613089323043823,0.0,0.8613089323043823,13.869106,13.869106769561768
1496,37.95417499542236,0.86130893,0.8613089323043823,0.0,0.8613089323043823,13.869106,13.869106769561768
1497,37.97817397117615,0.86130893,0.8613089323043823,0.0,0.8613089323043823,13.869106,13.869106769561768
1498,38.00195670127869,0.86130893,0.8613089323043823,0.0,0.8613089323043823,13.869106,13.869106769561768
1499,38.027379751205444,0.86130893,0.8613089323043823,0.0,0.8613089323043823,13.869106,13.869106769561768
1500,38.051121950149536,0.86130893,0.8613089323043823,0.0,0.8613089323043823,13.869106,13.869106769561768
1501,38.0826096534729,0.86130893,0.8613089323043823,0.0,0.8613089323043823,13.869106,13.869106769561768
1502,38.1057493686676,0.86130893,0.8613089323043823,0.0,0.8613089323043823,13.869106,13.869106769561768
1503,38.13111615180969,0.86130893,0.8613089323043823,0.0,0.8613089323043823,13.869106,13.869106769561768
1504,38.16012501716614,0.86130893,0.8613089323043823,0.0,0.8613089323043823,13.869106,13.869106769561768
1505,38.18528914451599,0.86130893,0.8613089323043823,0.0,0.8613089323043823,13.869106,13.869106769561768
1506,38.209744691848755,0.86130893,0.8613089323043823,0.0,0.8613089323043823,13.869106,13.869106769561768
1507,38.233372926712036,0.86130893,0.8613089323043823,0.0,0.8613089323043823,13.869106,13.869106769561768
1508,38.25703716278076,0.86130893,0.8613089323043823,0.0,0.8613089323043823,13.869106,13.869106769561768
1509,38.280625343322754,0.86130893,0.8613089323043823,0.0,0.8613089323043823,13.869106,13.869106769561768
1510,38.305009841918945,0.86130893,0.8613089323043823,0.0,0.8613089323043823,13.869106,13.869106769561768
1511,38.32830882072449,0.86130893,0.8613089323043823,0.0,0.8613089323043823,13.869106,13.869106769561768
1512,38.35226631164551,0.86130893,0.8613089323043823,0.0,0.8613089323043823,13.869106,13.869106769561768
1513,38.379926443099976,0.86130893,0.8613089323043823,0.0,0.8613089323043823,13.869106,13.869106769561768
1514,38.40512704849243,0.86130893,0.8613089323043823,0.0,0.8613089323043823,13.869106,13.869106769561768
1515,38.4283652305603,0.86130893,0.8613089323043823,0.0,0.8613089323043823,13.869106,13.869106769561768
1516,38.450807332992554,0.86130893,0.8613089323043823,0.0,0.8613089323043823,13.869106,13.869106769561768
1517,38.47428822517395,0.86130893,0.8613089323043823,0.0,0.8613089323043823,13.869106,13.869106769561768
1518,38.4971342086792,0.86130893,0.8613089323043823,0.0,0.8613089323043823,13.869106,13.869106769561768
1519,38.52007341384888,0.86130893,0.8613089323043823,0.0,0.8613089323043823,13.869106,13.869106769561768
1520,38.543726444244385,0.86130893,0.8613089323043823,0.0,0.8613089323043823,13.869106,13.869106769561768
1521,38.56821799278259,0.86130893,0.8613089323043823,0.0,0.8613089323043823,13.869106,13.869106769561768
1522,38.59187889099121,0.86130893,0.8613089323043823,0.0,0.8613089323043823,13.869106,13.869106769561768
1523,38.61524486541748,0.86130893,0.8613089323043823,0.0,0.8613089323043823,13.869106,13.869106769561768
1524,38.63950252532959,0.86130893,0.8613089323043823,0.0,0.8613089323043823,13.869106,13.869106769561768
1525,38.662116289138794,0.86130893,0.8613089323043823,0.0,0.8613089323043823,13.869106,13.869106769561768
1526,38.68440890312195,0.86130893,0.8613089323043823,0.0,0.8613089323043823,13.869106,13.869106769561768
1527,38.70889854431152,0.86130893,0.8613089323043823,0.0,0.8613089323043823,13.869106,13.869106769561768
1528,38.73222041130066,0.86130893,0.8613089323043823,0.0,0.8613089323043823,13.869106,13.869106769561768
1529,38.75542068481445,0.86130893,0.8613089323043823,0.0,0.8613089323043823,13.869106,13.869106769561768
1530,38.77888035774231,0.86130893,0.8613089323043823,0.0,0.8613089323043823,13.869106,13.869106769561768
1531,38.80250000953674,0.86130893,0.8613089323043823,0.0,0.8613089323043823,13.869106,13.869106769561768
1532,38.82564353942871,0.86130893,0.8613089323043823,0.0,0.8613089323043823,13.869106,13.869106769561768
1533,38.84963917732239,0.86130893,0.8613089323043823,0.0,0.8613089323043823,13.869106,13.869106769561768
1534,38.87284278869629,0.86130893,0.8613089323043823,0.0,0.8613089323043823,13.869106,13.869106769561768
1535,38.896448612213135,0.86130893,0.8613089323043823,0.0,0.8613089323043823,13.869106,13.869106769561768
1536,38.919492959976196,0.86130893,0.8613089323043823,0.0,0.8613089323043823,13.869106,13.869106769561768
1537,38.942787885665894,0.86130893,0.8613089323043823,0.0,0.8613089323043823,13.869106,13.869106769561768
1538,38.96426486968994,0.86130893,0.8613089323043823,0.0,0.8613089323043823,13.869106,13.869106769561768
1539,38.98826789855957,0.86130893,0.8613089323043823,0.0,0.8613089323043823,13.869106,13.869106769561768
1540,39.01118206977844,0.86130893,0.8613089323043823,0.0,0.8613089323043823,13.869106,13.869106769561768
1541,39.036267042160034,0.86130893,0.8613089323043823,0.0,0.8613089323043823,13.869106,13.869106769561768
1542,39.060267210006714,0.86130893,0.8613089323043823,0.0,0.8613089323043823,13.869106,13.869106769561768
1543,39.08298921585083,0.86130893,0.8613089323043823,0.0,0.8613089323043823,13.869106,13.869106769561768
1544,39.10706377029419,0.86130893,0.8613089323043823,0.0,0.8613089323043823,13.869106,13.869106769561768
1545,39.13102960586548,0.86130893,0.8613089323043823,0.0,0.8613089323043823,13.869106,13.869106769561768
1546,39.1551558971405,0.86130893,0.8613089323043823,0.0,0.8613089323043823,13.869106,13.869106769561768
1547,39.17992544174194,0.86130893,0.8613089323043823,0.0,0.8613089323043823,13.869106,13.869106769561768
1548,39.20427417755127,0.86130893,0.8613089323043823,0.0,0.8613089323043823,13.869106,13.869106769561768
1549,39.22865605354309,0.86130893,0.8613089323043823,0.0,0.8613089323043823,13.869106,13.869106769561768
1550,39.25174689292908,0.86130893,0.8613089323043823,0.0,0.8613089323043823,13.869106,13.869106769561768
1551,39.27660059928894,0.86130893,0.8613089323043823,0.0,0.8613089323043823,13.869106,13.869106769561768
1552,39.30009889602661,0.86130893,0.8613089323043823,0.0,0.8613089323043823,13.869106,13.869106769561768
1553,39.32459855079651,0.86130893,0.8613089323043823,0.0,0.8613089323043823,13.869106,13.869106769561768
1554,39.347795724868774,0.86130893,0.8613089323043823,0.0,0.8613089323043823,13.869106,13.869106769561768
1555,39.37290930747986,0.86130893,0.8613089323043823,0.0,0.8613089323043823,13.869106,13.869106769561768
1556,39.397560834884644,0.86130893,0.8613089323043823,0.0,0.8613089323043823,13.869106,13.869106769561768
1557,39.42246985435486,0.86130893,0.8613089323043823,0.0,0.8613089323043823,13.869106,13.869106769561768
1558,39.44573926925659,0.86130893,0.8613089323043823,0.0,0.8613089323043823,13.869106,13.869106769561768
1559,39.470925092697144,0.86130893,0.8613089323043823,0.0,0.8613089323043823,13.869106,13.869106769561768
1560,39.49501872062683,0.86130893,0.8613089323043823,0.0,0.8613089323043823,13.869106,13.869106769561768
1561,39.51875448226929,0.86130893,0.8613089323043823,0.0,0.8613089323043823,13.869106,13.869106769561768
1562,39.54274892807007,0.86130893,0.8613089323043823,0.0,0.8613089323043823,13.869106,13.869106769561768
1563,39.56593179702759,0.86130893,0.8613089323043823,0.0,0.8613089323043823,13.869106,13.869106769561768
1564,39.589436769485474,0.86130893,0.8613089323043823,0.0,0.8613089323043823,13.869106,13.869106769561768
1565,39.61298966407776,0.86130893,0.8613089323043823,0.0,0.8613089323043823,13.869106,13.869106769561768
1566,39.63657855987549,0.86130893,0.8613089323043823,0.0,0.8613089323043823,13.869106,13.869106769561768
1567,39.659645795822144,0.86130893,0.8613089323043823,0.0,0.8613089323043823,13.869106,13.869106769561768
1568,39.68396592140198,0.86130893,0.8613089323043823,0.0,0.8613089323043823,13.869106,13.869106769561768
1569,39.708470582962036,0.86130893,0.8613089323043823,0.0,0.8613089323043823,13.869106,13.869106769561768
1570,39.73146462440491,0.86130893,0.8613089323043823,0.0,0.8613089323043823,13.869106,13.869106769561768
1571,39.75742983818054,0.86130893,0.8613089323043823,0.0,0.8613089323043823,13.869106,13.869106769561768
1572,39.782031297683716,0.86130893,0.8613089323043823,0.0,0.8613089323043823,13.869106,13.869106769561768
1573,39.807048320770264,0.86130893,0.8613089323043823,0.0,0.8613089323043823,13.869106,13.869106769561768
1574,39.82978415489197,0.86130893,0.8613089323043823,0.0,0.8613089323043823,13.869106,13.869106769561768
1575,39.8530478477478,0.86130893,0.8613089323043823,0.0,0.8613089323043823,13.869106,13.869106769561768
1576,39.87531518936157,0.86130893,0.8613089323043823,0.0,0.8613089323043823,13.869106,13.869106769561768
1577,39.900022745132446,0.86130893,0.8613089323043823,0.0,0.8613089323043823,13.869106,13.869106769561768
1578,39.923659324645996,0.86130893,0.8613089323043823,0.0,0.8613089323043823,13.869106,13.869106769561768
1579,39.94645881652832,0.86130893,0.8613089323043823,0.0,0.8613089323043823,13.869106,13.869106769561768
1580,39.98984384536743,0.8613105,0.8578841090202332,0.0026205156464129686,0.8519964218139648,13.868952,14.211589097976685
1581,40.02180480957031,0.8613105,0.8602696061134338,0.0008754695882089436,0.8586277961730957,13.868952,13.973039388656616
1582,40.04440665245056,0.86134017,0.8610349297523499,0.00025412379181943834,0.8603610396385193,13.865984,13.896507024765015
1583,40.07507109642029,0.86134017,0.8612498641014099,4.679573612520471e-05,0.8611531853675842,13.865984,13.875013589859009
1584,40.0992751121521,0.8613491,0.8612923622131348,2.6240453735226765e-05,0.8612614274024963,13.865089,13.870763778686523
1585,40.12983775138855,0.86135197,0.8613167405128479,1.2552894986583851e-05,0.8613104820251465,13.864803,13.86832594871521
1586,40.15940451622009,0.86135197,0.8613252639770508,1.645798511162866e-05,0.8613104820251465,13.864803,13.867473602294922
1587,40.18371510505676,0.86137354,0.8613431453704834,6.815654160163831e-06,0.8613104820251465,13.862646,13.86568546295166
1588,40.214601039886475,0.8614185,0.861349880695343,1.2709527254628483e-05,0.8613401651382446,13.858151,13.865011930465698
1589,40.2457799911499,0.8614185,0.8613602519035339,2.0363320800242946e-05,0.8613485097885132,13.858151,13.863974809646606
1590,40.269739627838135,0.8614185,0.8613724708557129,2.656763535924256e-05,0.8613519668579102,13.858151,13.862752914428711
1591,40.293155908584595,0.8614185,0.8613957166671753,2.1970370653434657e-05,0.8613519668579102,13.858151,13.86042833328247
1592,40.31608486175537,0.8614185,0.8614146113395691,7.87752287578769e-06,0.8613905906677246,13.858151,13.85853886604309
1593,40.33929777145386,0.8614185,0.8614186644554138,1.7881393432617188e-07,0.8614184856414795,13.858151,13.858133554458618
1594,40.36356043815613,0.8614185,0.8614186644554138,1.7881393432617188e-07,0.8614184856414795,13.858151,13.858133554458618
1595,40.38715600967407,0.8614185,0.8614186644554138,1.7881393432617188e-07,0.8614184856414795,13.858151,13.858133554458618
1596,40.41161227226257,0.8614185,0.8614186644554138,1.7881393432617188e-07,0.8614184856414795,13.858151,13.858133554458618
1597,40.43519139289856,0.8614185,0.8614186644554138,1.7881393432617188e-07,0.8614184856414795,13.858151,13.858133554458618
1598,40.458964586257935,0.8614185,0.8614186644554138,1.7881393432617188e-07,0.8614184856414795,13.858151,13.858133554458618
1599,40.481109380722046,0.8614185,0.8614186644554138,1.7881393432617188e-07,0.8614184856414795,13.858151,13.858133554458618
1600,40.50457978248596,0.8614185,0.8614186644554138,1.7881393432617188e-07,0.8614184856414795,13.858151,13.858133554458618
1601,40.52798247337341,0.8614185,0.8614186644554138,1.7881393432617188e-07,0.8614184856414795,13.858151,13.858133554458618
1602,40.551371574401855,0.8614185,0.8614186644554138,1.7881393432617188e-07,0.8614184856414795,13.858151,13.858133554458618
1603,40.575758934020996,0.8614185,0.8614186644554138,1.7881393432617188e-07,0.8614184856414795,13.858151,13.858133554458618
1604,40.59940528869629,0.8614185,0.8614186644554138,1.7881393432617188e-07,0.8614184856414795,13.858151,13.858133554458618
1605,40.62310171127319,0.8614185,0.8614186644554138,1.7881393432617188e-07,0.8614184856414795,13.858151,13.858133554458618
1606,40.64689564704895,0.8614185,0.8614186644554138,1.7881393432617188e-07,0.8614184856414795,13.858151,13.858133554458618
1607,40.67096519470215,0.8614185,0.8614186644554138,1.7881393432617188e-07,0.8614184856414795,13.858151,13.858133554458618
1608,40.69436955451965,0.8614185,0.8614186644554138,1.7881393432617188e-07,0.8614184856414795,13.858151,13.858133554458618
1609,40.716933488845825,0.8614185,0.8614186644554138,1.7881393432617188e-07,0.8614184856414795,13.858151,13.858133554458618
1610,40.740283250808716,0.8614185,0.8614186644554138,1.7881393432617188e-07,0.8614184856414795,13.858151,13.858133554458618
1611,40.762980699539185,0.8614185,0.8614186644554138,1.7881393432617188e-07,0.8614184856414795,13.858151,13.858133554458618
1612,40.786064863204956,0.8614185,0.8614186644554138,1.7881393432617188e-07,0.8614184856414795,13.858151,13.858133554458618
1613,40.809958696365356,0.8614185,0.8614186644554138,1.7881393432617188e-07,0.8614184856414795,13.858151,13.858133554458618
1614,40.83350372314453,0.8614185,0.8614186644554138,1.7881393432617188e-07,0.8614184856414795,13.858151,13.858133554458618
1615,40.85651922225952,0.8614185,0.8614186644554138,1.7881393432617188e-07,0.8614184856414795,13.858151,13.858133554458618
1616,40.879576683044434,0.8614185,0.8614186644554138,1.7881393432617188e-07,0.8614184856414795,13.858151,13.858133554458618
1617,40.902568101882935,0.8614185,0.8614186644554138,1.7881393432617188e-07,0.8614184856414795,13.858151,13.858133554458618
1618,40.92610836029053,0.8614185,0.8614186644554138,1.7881393432617188e-07,0.8614184856414795,13.858151,13.858133554458618
1619,40.94958305358887,0.8614185,0.8614186644554138,1.7881393432617188e-07,0.8614184856414795,13.858151,13.858133554458618
1620,40.97280764579773,0.8614185,0.8614186644554138,1.7881393432617188e-07,0.8614184856414795,13.858151,13.858133554458618
1621,40.996232748031616,0.8614185,0.8614186644554138,1.7881393432617188e-07,0.8614184856414795,13.858151,13.858133554458618
1622,41.01901936531067,0.8614185,0.8614186644554138,1.7881393432617188e-07,0.8614184856414795,13.858151,13.858133554458618
1623,41.04390859603882,0.8614185,0.8614186644554138,1.7881393432617188e-07,0.8614184856414795,13.858151,13.858133554458618
1624,41.06764769554138,0.8614185,0.8614186644554138,1.7881393432617188e-07,0.8614184856414795,13.858151,13.858133554458618
1625,41.09033679962158,0.8614185,0.8614186644554138,1.7881393432617188e-07,0.8614184856414795,13.858151,13.858133554458618
1626,41.11360311508179,0.8614185,0.8614186644554138,1.7881393432617188e-07,0.8614184856414795,13.858151,13.858133554458618
1627,41.13754439353943,0.8614185,0.8614186644554138,1.7881393432617188e-07,0.8614184856414795,13.858151,13.858133554458618
1628,41.160802364349365,0.8614185,0.8614186644554138,1.7881393432617188e-07,0.8614184856414795,13.858151,13.858133554458618
1629,41.18391680717468,0.8614185,0.8614186644554138,1.7881393432617188e-07,0.8614184856414795,13.858151,13.858133554458618
1630,41.20813965797424,0.8614185,0.8614186644554138,1.7881393432617188e-07,0.8614184856414795,13.858151,13.858133554458618
1631,41.2313187122345,0.8614185,0.8614186644554138,1.7881393432617188e-07,0.8614184856414795,13.858151,13.858133554458618
1632,41.25506901741028,0.8614185,0.8614186644554138,1.7881393432617188e-07,0.8614184856414795,13.858151,13.858133554458618
1633,41.27880811691284,0.8614185,0.8614186644554138,1.7881393432617188e-07,0.8614184856414795,13.858151,13.858133554458618
1634,41.30160307884216,0.8614185,0.8614186644554138,1.7881393432617188e-07,0.8614184856414795,13.858151,13.858133554458618
1635,41.32560110092163,0.8614185,0.8614186644554138,1.7881393432617188e-07,0.8614184856414795,13.858151,13.858133554458618
1636,41.34845566749573,0.8614185,0.8614186644554138,1.7881393432617188e-07,0.8614184856414795,13.858151,13.858133554458618
1637,41.37445402145386,0.8614185,0.8614186644554138,1.7881393432617188e-07,0.8614184856414795,13.858151,13.858133554458618
1638,41.398775815963745,0.8614185,0.8614186644554138,1.7881393432617188e-07,0.8614184856414795,13.858151,13.858133554458618
1639,41.422115087509155,0.8614185,0.8614186644554138,1.7881393432617188e-07,0.8614184856414795,13.858151,13.858133554458618
1640,41.44587469100952,0.8614185,0.8614186644554138,1.7881393432617188e-07,0.8614184856414795,13.858151,13.858133554458618
1641,41.470269441604614,0.8614185,0.8614186644554138,1.7881393432617188e-07,0.8614184856414795,13.858151,13.858133554458618
1642,41.49332642555237,0.8614185,0.8614186644554138,1.7881393432617188e-07,0.8614184856414795,13.858151,13.858133554458618
1643,41.517261266708374,0.8614185,0.8614186644554138,1.7881393432617188e-07,0.8614184856414795,13.858151,13.858133554458618
1644,41.54138159751892,0.8614185,0.8614186644554138,1.7881393432617188e-07,0.8614184856414795,13.858151,13.858133554458618
1645,41.56541085243225,0.8614185,0.8614186644554138,1.7881393432617188e-07,0.8614184856414795,13.858151,13.858133554458618
1646,41.59022903442383,0.8614185,0.8614186644554138,1.7881393432617188e-07,0.8614184856414795,13.858151,13.858133554458618
1647,41.613439083099365,0.8614185,0.8614186644554138,1.7881393432617188e-07,0.8614184856414795,13.858151,13.858133554458618
1648,41.638535261154175,0.8614185,0.8614186644554138,1.7881393432617188e-07,0.8614184856414795,13.858151,13.858133554458618
1649,41.663310527801514,0.8614185,0.8614186644554138,1.7881393432617188e-07,0.8614184856414795,13.858151,13.858133554458618
1650,41.68664789199829,0.8614185,0.8614186644554138,1.7881393432617188e-07,0.8614184856414795,13.858151,13.858133554458618
1651,41.7099347114563,0.8614185,0.8614186644554138,1.7881393432617188e-07,0.8614184856414795,13.858151,13.858133554458618
1652,41.733393907547,0.8614185,0.8614186644554138,1.7881393432617188e-07,0.8614184856414795,13.858151,13.858133554458618
1653,41.7572979927063,0.8614185,0.8614186644554138,1.7881393432617188e-07,0.8614184856414795,13.858151,13.858133554458618
1654,41.7805278301239,0.8614185,0.8614186644554138,1.7881393432617188e-07,0.8614184856414795,13.858151,13.858133554458618
1655,41.805150270462036,0.8614185,0.8614186644554138,1.7881393432617188e-07,0.8614184856414795,13.858151,13.858133554458618
1656,41.82953929901123,0.8614185,0.8614186644554138,1.7881393432617188e-07,0.8614184856414795,13.858151,13.858133554458618
1657,41.85447692871094,0.8614185,0.8614186644554138,1.7881393432617188e-07,0.8614184856414795,13.858151,13.858133554458618
1658,41.87945222854614,0.8614185,0.8614186644554138,1.7881393432617188e-07,0.8614184856414795,13.858151,13.858133554458618
1659,41.90507102012634,0.8614185,0.8614186644554138,1.7881393432617188e-07,0.8614184856414795,13.858151,13.858133554458618
1660,41.92986845970154,0.8614185,0.8614186644554138,1.7881393432617188e-07,0.8614184856414795,13.858151,13.858133554458618
1661,41.95424771308899,0.8614185,0.8614186644554138,1.7881393432617188e-07,0.8614184856414795,13.858151,13.858133554458618
1662,41.97840237617493,0.8614185,0.8614186644554138,1.7881393432617188e-07,0.8614184856414795,13.858151,13.858133554458618
1663,42.002265214920044,0.8614185,0.8614186644554138,1.7881393432617188e-07,0.8614184856414795,13.858151,13.858133554458618
1664,42.02449011802673,0.8614185,0.8614186644554138,1.7881393432617188e-07,0.8614184856414795,13.858151,13.858133554458618
1665,42.04925465583801,0.8614185,0.8614186644554138,1.7881393432617188e-07,0.8614184856414795,13.858151,13.858133554458618
1666,42.07263112068176,0.8614185,0.8614186644554138,1.7881393432617188e-07,0.8614184856414795,13.858151,13.858133554458618
1667,42.095969438552856,0.8614185,0.8614186644554138,1.7881393432617188e-07,0.8614184856414795,13.858151,13.858133554458618
1668,42.119701623916626,0.8614185,0.8614186644554138,1.7881393432617188e-07,0.8614184856414795,13.858151,13.858133554458618
1669,42.14263582229614,0.8614185,0.8614186644554138,1.7881393432617188e-07,0.8614184856414795,13.858151,13.858133554458618
1670,42.185481786727905,0.86204493,0.8573299646377563,0.003531802911311388,0.8503613471984863,13.795507,14.267003536224365
1671,42.21613931655884,0.86204493,0.8604496717453003,0.0010847968515008688,0.8580271601676941,13.795507,13.95503282546997
1672,42.23952865600586,0.86204493,0.8613862991333008,0.0003361139097250998,0.8608569502830505,13.795507,13.861370086669922
1673,42.26382565498352,0.86204493,0.8616605997085571,0.00031497530289925635,0.861336886882782,13.795507,13.833940029144287
1674,42.287508726119995,0.86204493,0.8619557619094849,0.0002177590358769521,0.8614240288734436,13.795507,13.804423809051514
1675,42.31114053726196,0.86204493,0.8620449304580688,0.0,0.8620449304580688,13.795507,13.795506954193115
1676,42.33510208129883,0.86204493,0.8620449304580688,0.0,0.8620449304580688,13.795507,13.795506954193115
1677,42.36029100418091,0.86204493,0.8620449304580688,0.0,0.8620449304580688,13.795507,13.795506954193115
1678,42.38390064239502,0.86204493,0.8620449304580688,0.0,0.8620449304580688,13.795507,13.795506954193115
1679,42.40898060798645,0.86204493,0.8620449304580688,0.0,0.8620449304580688,13.795507,13.795506954193115
1680,42.43335223197937,0.86204493,0.8620449304580688,0.0,0.8620449304580688,13.795507,13.795506954193115
1681,42.456847190856934,0.86204493,0.8620449304580688,0.0,0.8620449304580688,13.795507,13.795506954193115
1682,42.480183362960815,0.86204493,0.8620449304580688,0.0,0.8620449304580688,13.795507,13.795506954193115
1683,42.50287365913391,0.86204493,0.8620449304580688,0.0,0.8620449304580688,13.795507,13.795506954193115
1684,42.527931213378906,0.86204493,0.8620449304580688,0.0,0.8620449304580688,13.795507,13.795506954193115
1685,42.55136442184448,0.86204493,0.8620449304580688,0.0,0.8620449304580688,13.795507,13.795506954193115
1686,42.57470917701721,0.86204493,0.8620449304580688,0.0,0.8620449304580688,13.795507,13.795506954193115
1687,42.6185839176178,0.86206836,0.8589683175086975,0.0027793545741587877,0.8520023822784424,13.793164,14.103168249130249
1688,42.64982628822327,0.86206836,0.8614130020141602,0.0006310141179710627,0.8599967360496521,13.793164,13.858699798583984
1689,42.67601418495178,0.86206836,0.8619720935821533,0.00012562924530357122,0.8615766763687134,13.793164,13.802790641784668
1690,42.70011234283447,0.86206836,0.8620597720146179,9.793201570573729e-06,0.8620449304580688,13.793164,13.794022798538208
1691,42.72317576408386,0.86206836,0.8620681166648865,5.561845455304137e-07,0.862062394618988,13.793164,13.793188333511353
1692,42.7460880279541,0.86206836,0.8620682954788208,5.960464477539063e-08,0.8620683550834656,13.793164,13.79317045211792
1693,42.769808292388916,0.86206836,0.8620682954788208,5.960464477539063e-08,0.8620683550834656,13.793164,13.79317045211792
1694,42.7937798500061,0.86206836,0.8620682954788208,5.960464477539063e-08,0.8620683550834656,13.793164,13.79317045211792
1695,42.81705451011658,0.86206836,0.8620682954788208,5.960464477539063e-08,0.8620683550834656,13.793164,13.79317045211792
1696,42.840659618377686,0.86206836,0.8620682954788208,5.960464477539063e-08,0.8620683550834656,13.793164,13.79317045211792
1697,42.86405968666077,0.86206836,0.8620682954788208,5.960464477539063e-08,0.8620683550834656,13.793164,13.79317045211792
1698,42.8878390789032,0.86206836,0.8620682954788208,5.960464477539063e-08,0.8620683550834656,13.793164,13.79317045211792
1699,42.91102886199951,0.86206836,0.8620682954788208,5.960464477539063e-08,0.8620683550834656,13.793164,13.79317045211792
1700,42.935039043426514,0.86206836,0.8620682954788208,5.960464477539063e-08,0.8620683550834656,13.793164,13.79317045211792
1701,42.96080565452576,0.86206836,0.8620682954788208,5.960464477539063e-08,0.8620683550834656,13.793164,13.79317045211792
1702,42.98419427871704,0.86206836,0.8620682954788208,5.960464477539063e-08,0.8620683550834656,13.793164,13.79317045211792
1703,43.00734353065491,0.86206836,0.8620682954788208,5.960464477539063e-08,0.8620683550834656,13.793164,13.79317045211792
1704,43.03210186958313,0.86206836,0.8620682954788208,5.960464477539063e-08,0.8620683550834656,13.793164,13.79317045211792
1705,43.055742502212524,0.86206836,0.8620682954788208,5.960464477539063e-08,0.8620683550834656,13.793164,13.79317045211792
1706,43.07785224914551,0.86206836,0.8620682954788208,5.960464477539063e-08,0.8620683550834656,13.793164,13.79317045211792
1707,43.10093379020691,0.86206836,0.8620682954788208,5.960464477539063e-08,0.8620683550834656,13.793164,13.79317045211792
1708,43.12423872947693,0.86206836,0.8620682954788208,5.960464477539063e-08,0.8620683550834656,13.793164,13.79317045211792
1709,43.14724135398865,0.86206836,0.8620682954788208,5.960464477539063e-08,0.8620683550834656,13.793164,13.79317045211792
1710,43.17243695259094,0.86206836,0.8620682954788208,5.960464477539063e-08,0.8620683550834656,13.793164,13.79317045211792
1711,43.19619965553284,0.86206836,0.8620682954788208,5.960464477539063e-08,0.8620683550834656,13.793164,13.79317045211792
1712,43.21954846382141,0.86206836,0.8620682954788208,5.960464477539063e-08,0.8620683550834656,13.793164,13.79317045211792
1713,43.24349880218506,0.86206836,0.8620682954788208,5.960464477539063e-08,0.8620683550834656,13.793164,13.79317045211792
1714,43.26685333251953,0.86206836,0.8620682954788208,5.960464477539063e-08,0.8620683550834656,13.793164,13.79317045211792
1715,43.29078936576843,0.86206836,0.8620682954788208,5.960464477539063e-08,0.8620683550834656,13.793164,13.79317045211792
1716,43.314253091812134,0.86206836,0.8620682954788208,5.960464477539063e-08,0.8620683550834656,13.793164,13.79317045211792
1717,43.33774662017822,0.86206836,0.8620682954788208,5.960464477539063e-08,0.8620683550834656,13.793164,13.79317045211792
1718,43.36167001724243,0.86206836,0.8620682954788208,5.960464477539063e-08,0.8620683550834656,13.793164,13.79317045211792
1719,43.38549017906189,0.86206836,0.8620682954788208,5.960464477539063e-08,0.8620683550834656,13.793164,13.79317045211792
1720,43.41030240058899,0.86206836,0.8620682954788208,5.960464477539063e-08,0.8620683550834656,13.793164,13.79317045211792
1721,43.43370175361633,0.86206836,0.8620682954788208,5.960464477539063e-08,0.8620683550834656,13.793164,13.79317045211792
1722,43.45799112319946,0.86206836,0.8620682954788208,5.960464477539063e-08,0.8620683550834656,13.793164,13.79317045211792
1723,43.48176455497742,0.86206836,0.8620682954788208,5.960464477539063e-08,0.8620683550834656,13.793164,13.79317045211792
1724,43.50495457649231,0.86206836,0.8620682954788208,5.960464477539063e-08,0.8620683550834656,13.793164,13.79317045211792
1725,43.528783321380615,0.86206836,0.8620682954788208,5.960464477539063e-08,0.8620683550834656,13.793164,13.79317045211792
1726,43.551724672317505,0.86206836,0.8620682954788208,5.960464477539063e-08,0.8620683550834656,13.793164,13.79317045211792
1727,43.57546854019165,0.86206836,0.8620682954788208,5.960464477539063e-08,0.8620683550834656,13.793164,13.79317045211792
1728,43.59846019744873,0.86206836,0.8620682954788208,5.960464477539063e-08,0.8620683550834656,13.793164,13.79317045211792
1729,43.62406039237976,0.86206836,0.8620682954788208,5.960464477539063e-08,0.8620683550834656,13.793164,13.79317045211792
1730,43.6470422744751,0.86206836,0.8620682954788208,5.960464477539063e-08,0.8620683550834656,13.793164,13.79317045211792
1731,43.67051410675049,0.86206836,0.8620682954788208,5.960464477539063e-08,0.8620683550834656,13.793164,13.79317045211792
1732,43.69347310066223,0.86206836,0.8620682954788208,5.960464477539063e-08,0.8620683550834656,13.793164,13.79317045211792
1733,43.71654272079468,0.86206836,0.8620682954788208,5.960464477539063e-08,0.8620683550834656,13.793164,13.79317045211792
1734,43.73998212814331,0.86206836,0.8620682954788208,5.960464477539063e-08,0.8620683550834656,13.793164,13.79317045211792
1735,43.763510942459106,0.86206836,0.8620682954788208,5.960464477539063e-08,0.8620683550834656,13.793164,13.79317045211792
1736,43.786782026290894,0.86206836,0.8620682954788208,5.960464477539063e-08,0.8620683550834656,13.793164,13.79317045211792
1737,43.810463190078735,0.86206836,0.8620682954788208,5.960464477539063e-08,0.8620683550834656,13.793164,13.79317045211792
1738,43.83508610725403,0.86206836,0.8620682954788208,5.960464477539063e-08,0.8620683550834656,13.793164,13.79317045211792
1739,43.878302574157715,0.86228526,0.8588359951972961,0.0028272897470742464,0.8523145318031311,13.771475,14.116400480270386
1740,43.909451961517334,0.86228526,0.8612016439437866,0.0008234900888055563,0.8593262434005737,13.771475,13.879835605621338
1741,43.93388843536377,0.86228526,0.8619446158409119,0.00025982517399825156,0.8614062070846558,13.771475,13.805538415908813
1742,43.958937883377075,0.86228526,0.8621701598167419,0.00010982259846059605,0.8620340824127197,13.771475,13.782984018325806
1743,43.98408818244934,0.86228526,0.8622723817825317,1.229321878781775e-05,0.862260639667511,13.771475,13.772761821746826
1744,44.00837016105652,0.86228526,0.8622837662696838,5.881290235265624e-06,0.862260639667511,13.771475,13.771623373031616
1745,44.03325629234314,0.86228526,0.862285315990448,5.960464477539063e-08,0.8622852563858032,13.771475,13.7714684009552
1746,44.05663180351257,0.86228526,0.862285315990448,5.960464477539063e-08,0.8622852563858032,13.771475,13.7714684009552
1747,44.08011078834534,0.86228526,0.862285315990448,5.960464477539063e-08,0.8622852563858032,13.771475,13.7714684009552
1748,44.1031858921051,0.86228526,0.862285315990448,5.960464477539063e-08,0.8622852563858032,13.771475,13.7714684009552
1749,44.12605381011963,0.86228526,0.862285315990448,5.960464477539063e-08,0.8622852563858032,13.771475,13.7714684009552
1750,44.15058612823486,0.86228526,0.862285315990448,5.960464477539063e-08,0.8622852563858032,13.771475,13.7714684009552
1751,44.1758337020874,0.86228526,0.862285315990448,5.960464477539063e-08,0.8622852563858032,13.771475,13.7714684009552
1752,44.19904613494873,0.86228526,0.862285315990448,5.960464477539063e-08,0.8622852563858032,13.771475,13.7714684009552
1753,44.222806453704834,0.86228526,0.862285315990448,5.960464477539063e-08,0.8622852563858032,13.771475,13.7714684009552
1754,44.246585845947266,0.86228526,0.862285315990448,5.960464477539063e-08,0.8622852563858032,13.771475,13.7714684009552
1755,44.29198408126831,0.86251915,0.8585844039916992,0.0028934350702911615,0.8522533178329468,13.748085,14.141559600830078
1756,44.34258508682251,0.8616717,0.8554227352142334,0.0036873710341751575,0.8480325937271118,13.832831,14.45772647857666
1757,44.37506890296936,0.86199445,0.85877925157547,0.001836705836467445,0.8556928038597107,13.800555,14.122074842453003
1758,44.408045053482056,0.86199445,0.8606347441673279,0.000965468178037554,0.8587722778320312,13.800555,13.936525583267212
1759,44.43227291107178,0.8624717,0.86147141456604,0.00028011997346766293,0.861005425453186,13.7528305,13.852858543395996
1760,44.462669372558594,0.8624717,0.8617390394210815,0.0002798374043777585,0.8613672852516174,13.7528305,13.826096057891846
1761,44.488141775131226,0.8625042,0.8619858622550964,0.00024175304861273617,0.8616716861724854,13.749581,13.801413774490356
1762,44.518988609313965,0.8625042,0.8622148036956787,0.0001723174354992807,0.8619944453239441,13.749581,13.778519630432129
1763,44.542954444885254,0.86254156,0.8623694181442261,0.00010072789882542565,0.8622035384178162,13.745844,13.763058185577393
1764,44.57453274726868,0.86254156,0.8624528646469116,5.840348967467435e-05,0.8623529672622681,13.745844,13.754713535308838
1765,44.597954750061035,0.86254156,0.8624922037124634,2.590083568065893e-05,0.8624716997146606,13.745844,13.750779628753662
1766,44.622095823287964,0.86254156,0.8625138998031616,2.1407209715107456e-05,0.8624716997146606,13.745844,13.748610019683838
1767,44.645626068115234,0.86254156,0.8625297546386719,1.7358735931338742e-05,0.8625041842460632,13.745844,13.747024536132812
1768,44.67287802696228,0.86254156,0.8625415563583374,0.0,0.8625415563583374,13.745844,13.74584436416626
1769,44.69854021072388,0.86254156,0.8625415563583374,0.0,0.8625415563583374,13.745844,13.74584436416626
1770,44.72215700149536,0.86254156,0.8625415563583374,0.0,0.8625415563583374,13.745844,13.74584436416626
1771,44.74685263633728,0.86254156,0.8625415563583374,0.0,0.8625415563583374,13.745844,13.74584436416626
1772,44.770238399505615,0.86254156,0.8625415563583374,0.0,0.8625415563583374,13.745844,13.74584436416626
1773,44.79461622238159,0.86254156,0.8625415563583374,0.0,0.8625415563583374,13.745844,13.74584436416626
1774,44.81901693344116,0.86254156,0.8625415563583374,0.0,0.8625415563583374,13.745844,13.74584436416626
1775,44.84282326698303,0.86254156,0.8625415563583374,0.0,0.8625415563583374,13.745844,13.74584436416626
1776,44.86728286743164,0.86254156,0.8625415563583374,0.0,0.8625415563583374,13.745844,13.74584436416626
1777,44.89226508140564,0.86254156,0.8625415563583374,0.0,0.8625415563583374,13.745844,13.74584436416626
1778,44.916293144226074,0.86254156,0.8625415563583374,0.0,0.8625415563583374,13.745844,13.74584436416626
1779,44.940391302108765,0.86254156,0.8625415563583374,0.0,0.8625415563583374,13.745844,13.74584436416626
1780,44.96523308753967,0.86254156,0.8625415563583374,0.0,0.8625415563583374,13.745844,13.74584436416626
1781,44.988085985183716,0.86254156,0.8625415563583374,0.0,0.8625415563583374,13.745844,13.74584436416626
1782,45.0117084980011,0.86254156,0.8625415563583374,0.0,0.8625415563583374,13.745844,13.74584436416626
1783,45.03579545021057,0.86254156,0.8625415563583374,0.0,0.8625415563583374,13.745844,13.74584436416626
1784,45.06096863746643,0.86254156,0.8625415563583374,0.0,0.8625415563583374,13.745844,13.74584436416626
1785,45.085418462753296,0.86254156,0.8625415563583374,0.0,0.8625415563583374,13.745844,13.74584436416626
1786,45.11034822463989,0.86254156,0.8625415563583374,0.0,0.8625415563583374,13.745844,13.74584436416626
1787,45.13477635383606,0.86254156,0.8625415563583374,0.0,0.8625415563583374,13.745844,13.74584436416626
1788,45.15864968299866,0.86254156,0.8625415563583374,0.0,0.8625415563583374,13.745844,13.74584436416626
1789,45.18227696418762,0.86254156,0.8625415563583374,0.0,0.8625415563583374,13.745844,13.74584436416626
1790,45.206281661987305,0.86254156,0.8625415563583374,0.0,0.8625415563583374,13.745844,13.74584436416626
1791,45.22883486747742,0.86254156,0.8625415563583374,0.0,0.8625415563583374,13.745844,13.74584436416626
1792,45.25159215927124,0.86254156,0.8625415563583374,0.0,0.8625415563583374,13.745844,13.74584436416626
1793,45.27474570274353,0.86254156,0.8625415563583374,0.0,0.8625415563583374,13.745844,13.74584436416626
1794,45.29659938812256,0.86254156,0.8625415563583374,0.0,0.8625415563583374,13.745844,13.74584436416626
1795,45.32099270820618,0.86254156,0.8625415563583374,0.0,0.8625415563583374,13.745844,13.74584436416626
1796,45.34440755844116,0.86254156,0.8625415563583374,0.0,0.8625415563583374,13.745844,13.74584436416626
1797,45.369420528411865,0.86254156,0.8625415563583374,0.0,0.8625415563583374,13.745844,13.74584436416626
1798,45.39283275604248,0.86254156,0.8625415563583374,0.0,0.8625415563583374,13.745844,13.74584436416626
1799,45.416823863983154,0.86254156,0.8625415563583374,0.0,0.8625415563583374,13.745844,13.74584436416626
1800,45.440905809402466,0.86254156,0.8625415563583374,0.0,0.8625415563583374,13.745844,13.74584436416626
1801,45.46372079849243,0.86254156,0.8625415563583374,0.0,0.8625415563583374,13.745844,13.74584436416626
1802,45.48560047149658,0.86254156,0.8625415563583374,0.0,0.8625415563583374,13.745844,13.74584436416626
1803,45.50987696647644,0.86254156,0.8625415563583374,0.0,0.8625415563583374,13.745844,13.74584436416626
1804,45.53390336036682,0.86254156,0.8625415563583374,0.0,0.8625415563583374,13.745844,13.74584436416626
1805,45.556636333465576,0.86254156,0.8625415563583374,0.0,0.8625415563583374,13.745844,13.74584436416626
1806,45.58010673522949,0.86254156,0.8625415563583374,0.0,0.8625415563583374,13.745844,13.74584436416626
1807,45.60384464263916,0.86254156,0.8625415563583374,0.0,0.8625415563583374,13.745844,13.74584436416626
1808,45.62654972076416,0.86254156,0.8625415563583374,0.0,0.8625415563583374,13.745844,13.74584436416626
1809,45.65201139450073,0.86254156,0.8625415563583374,0.0,0.8625415563583374,13.745844,13.74584436416626
1810,45.67632007598877,0.86254156,0.8625415563583374,0.0,0.8625415563583374,13.745844,13.74584436416626
1811,45.69923639297485,0.86254156,0.8625415563583374,0.0,0.8625415563583374,13.745844,13.74584436416626
1812,45.72235155105591,0.86254156,0.8625415563583374,0.0,0.8625415563583374,13.745844,13.74584436416626
1813,45.74682569503784,0.86254156,0.8625415563583374,0.0,0.8625415563583374,13.745844,13.74584436416626
1814,45.7701051235199,0.86254156,0.8625415563583374,0.0,0.8625415563583374,13.745844,13.74584436416626
1815,45.81364941596985,0.8625887,0.8597395420074463,0.0025890080723911524,0.8540269136428833,13.74113,14.026045799255371
1816,45.84552597999573,0.8625887,0.8619812726974487,0.0005683762137778103,0.8607057332992554,13.74113,13.801872730255127
1817,45.86997318267822,0.8625887,0.8624517321586609,0.00013908787514083087,0.8621289730072021,13.74113,13.754826784133911
1818,45.893460273742676,0.8625887,0.8625651597976685,2.5941975763998926e-05,0.8625131845474243,13.74113,13.743484020233154
1819,45.91725158691406,0.8625887,0.8625887632369995,5.960464477539063e-08,0.8625887036323547,13.74113,13.741123676300049
1820,45.9409339427948,0.8625887,0.8625887632369995,5.960464477539063e-08,0.8625887036323547,13.74113,13.741123676300049
1821,45.96444129943848,0.8625887,0.8625887632369995,5.960464477539063e-08,0.8625887036323547,13.74113,13.741123676300049
1822,45.988017082214355,0.8625887,0.8625887632369995,5.960464477539063e-08,0.8625887036323547,13.74113,13.741123676300049
1823,46.011706590652466,0.8625887,0.8625887632369995,5.960464477539063e-08,0.8625887036323547,13.74113,13.741123676300049
1824,46.03594994544983,0.8625887,0.8625887632369995,5.960464477539063e-08,0.8625887036323547,13.74113,13.741123676300049
1825,46.06086730957031,0.8625887,0.8625887632369995,5.960464477539063e-08,0.8625887036323547,13.74113,13.741123676300049
1826,46.086119651794434,0.8625887,0.8625887632369995,5.960464477539063e-08,0.8625887036323547,13.74113,13.741123676300049
1827,46.112794399261475,0.8625887,0.8625887632369995,5.960464477539063e-08,0.8625887036323547,13.74113,13.741123676300049
1828,46.14369440078735,0.8625887,0.8625887632369995,5.960464477539063e-08,0.8625887036323547,13.74113,13.741123676300049
1829,46.168081283569336,0.8625887,0.8625887632369995,5.960464477539063e-08,0.8625887036323547,13.74113,13.741123676300049
1830,46.19188356399536,0.8625887,0.8625887632369995,5.960464477539063e-08,0.8625887036323547,13.74113,13.741123676300049
1831,46.21607518196106,0.8625887,0.8625887632369995,5.960464477539063e-08,0.8625887036323547,13.74113,13.741123676300049
1832,46.239790201187134,0.8625887,0.8625887632369995,5.960464477539063e-08,0.8625887036323547,13.74113,13.741123676300049
1833,46.26426148414612,0.8625887,0.8625887632369995,5.960464477539063e-08,0.8625887036323547,13.74113,13.741123676300049
1834,46.28951811790466,0.8625887,0.8625887632369995,5.960464477539063e-08,0.8625887036323547,13.74113,13.741123676300049
1835,46.31403112411499,0.8625887,0.8625887632369995,5.960464477539063e-08,0.8625887036323547,13.74113,13.741123676300049
1836,46.34055233001709,0.8625887,0.8625887632369995,5.960464477539063e-08,0.8625887036323547,13.74113,13.741123676300049
1837,46.37601828575134,0.8625887,0.8625887632369995,5.960464477539063e-08,0.8625887036323547,13.74113,13.741123676300049
1838,46.40851092338562,0.8625887,0.8625887632369995,5.960464477539063e-08,0.8625887036323547,13.74113,13.741123676300049
1839,46.43610763549805,0.8625887,0.8625887632369995,5.960464477539063e-08,0.8625887036323547,13.74113,13.741123676300049
1840,46.46206307411194,0.8625887,0.8625887632369995,5.960464477539063e-08,0.8625887036323547,13.74113,13.741123676300049
1841,46.486642360687256,0.8625887,0.8625887632369995,5.960464477539063e-08,0.8625887036323547,13.74113,13.741123676300049
1842,46.51026368141174,0.8625887,0.8625887632369995,5.960464477539063e-08,0.8625887036323547,13.74113,13.741123676300049
1843,46.53406262397766,0.8625887,0.8625887632369995,5.960464477539063e-08,0.8625887036323547,13.74113,13.741123676300049
1844,46.55780529975891,0.8625887,0.8625887632369995,5.960464477539063e-08,0.8625887036323547,13.74113,13.741123676300049
1845,46.602519035339355,0.8626893,0.8591902256011963,0.0030752290040254593,0.8520449995994568,13.731069,14.080977439880371
1846,46.63382053375244,0.8626893,0.8618290424346924,0.0008170172804966569,0.8598935604095459,13.731069,13.817095756530762
1847,46.658082485198975,0.8626893,0.8625283241271973,0.00015657594485674053,0.8620401620864868,13.731069,13.747167587280273
1848,46.68135476112366,0.8626893,0.8626287579536438,3.686850322992541e-05,0.8625956177711487,13.731069,13.73712420463562
1849,46.705156564712524,0.8626893,0.8626582622528076,3.396734609850682e-05,0.8626132607460022,13.731069,13.734173774719238
1850,46.72989630699158,0.8626893,0.8626892566680908,5.960464477539063e-08,0.8626893162727356,13.731069,13.731074333190918
1851,46.753901958465576,0.8626893,0.8626892566680908,5.960464477539063e-08,0.8626893162727356,13.731069,13.731074333190918
1852,46.777602672576904,0.8626893,0.8626892566680908,5.960464477539063e-08,0.8626893162727356,13.731069,13.731074333190918
1853,46.801186323165894,0.8626893,0.8626892566680908,5.960464477539063e-08,0.8626893162727356,13.731069,13.731074333190918
1854,46.8248872756958,0.8626893,0.8626892566680908,5.960464477539063e-08,0.8626893162727356,13.731069,13.731074333190918
1855,46.84885287284851,0.8626893,0.8626892566680908,5.960464477539063e-08,0.8626893162727356,13.731069,13.731074333190918
1856,46.87184405326843,0.8626893,0.8626892566680908,5.960464477539063e-08,0.8626893162727356,13.731069,13.731074333190918
1857,46.895392179489136,0.8626893,0.8626892566680908,5.960464477539063e-08,0.8626893162727356,13.731069,13.731074333190918
1858,46.91944909095764,0.8626893,0.8626892566680908,5.960464477539063e-08,0.8626893162727356,13.731069,13.731074333190918
1859,46.94313311576843,0.8626893,0.8626892566680908,5.960464477539063e-08,0.8626893162727356,13.731069,13.731074333190918
1860,46.96665334701538,0.8626893,0.8626892566680908,5.960464477539063e-08,0.8626893162727356,13.731069,13.731074333190918
1861,46.990509033203125,0.8626893,0.8626892566680908,5.960464477539063e-08,0.8626893162727356,13.731069,13.731074333190918
1862,47.013593673706055,0.8626893,0.8626892566680908,5.960464477539063e-08,0.8626893162727356,13.731069,13.731074333190918
1863,47.037399768829346,0.8626893,0.8626892566680908,5.960464477539063e-08,0.8626893162727356,13.731069,13.731074333190918
1864,47.062031984329224,0.8626893,0.8626892566680908,5.960464477539063e-08,0.8626893162727356,13.731069,13.731074333190918
1865,47.08628606796265,0.8626893,0.8626892566680908,5.960464477539063e-08,0.8626893162727356,13.731069,13.731074333190918
1866,47.1106276512146,0.8626893,0.8626892566680908,5.960464477539063e-08,0.8626893162727356,13.731069,13.731074333190918
1867,47.13468623161316,0.8626893,0.8626892566680908,5.960464477539063e-08,0.8626893162727356,13.731069,13.731074333190918
1868,47.1585009098053,0.8626893,0.8626892566680908,5.960464477539063e-08,0.8626893162727356,13.731069,13.731074333190918
1869,47.18348407745361,0.8626893,0.8626892566680908,5.960464477539063e-08,0.8626893162727356,13.731069,13.731074333190918
1870,47.207152128219604,0.8626893,0.8626892566680908,5.960464477539063e-08,0.8626893162727356,13.731069,13.731074333190918
1871,47.2305052280426,0.8626893,0.8626892566680908,5.960464477539063e-08,0.8626893162727356,13.731069,13.731074333190918
1872,47.25540614128113,0.8626893,0.8626892566680908,5.960464477539063e-08,0.8626893162727356,13.731069,13.731074333190918
1873,47.27942895889282,0.8626893,0.8626892566680908,5.960464477539063e-08,0.8626893162727356,13.731069,13.731074333190918
1874,47.30291748046875,0.8626893,0.8626892566680908,5.960464477539063e-08,0.8626893162727356,13.731069,13.731074333190918
1875,47.32695913314819,0.8626893,0.8626892566680908,5.960464477539063e-08,0.8626893162727356,13.731069,13.731074333190918
1876,47.351309299468994,0.8626893,0.8626892566680908,5.960464477539063e-08,0.8626893162727356,13.731069,13.731074333190918
1877,47.37771558761597,0.8626893,0.8626892566680908,5.960464477539063e-08,0.8626893162727356,13.731069,13.731074333190918
1878,47.40258240699768,0.8626893,0.8626892566680908,5.960464477539063e-08,0.8626893162727356,13.731069,13.731074333190918
1879,47.42682909965515,0.8626893,0.8626892566680908,5.960464477539063e-08,0.8626893162727356,13.731069,13.731074333190918
1880,47.45114231109619,0.8626893,0.8626892566680908,5.960464477539063e-08,0.8626893162727356,13.731069,13.731074333190918
1881,47.475353717803955,0.8626893,0.8626892566680908,5.960464477539063e-08,0.8626893162727356,13.731069,13.731074333190918
1882,47.49879860877991,0.8626893,0.8626892566680908,5.960464477539063e-08,0.8626893162727356,13.731069,13.731074333190918
1883,47.52367877960205,0.8626893,0.8626892566680908,5.960464477539063e-08,0.8626893162727356,13.731069,13.731074333190918
1884,47.54755258560181,0.8626893,0.8626892566680908,5.960464477539063e-08,0.8626893162727356,13.731069,13.731074333190918
1885,47.57168626785278,0.8626893,0.8626892566680908,5.960464477539063e-08,0.8626893162727356,13.731069,13.731074333190918
1886,47.595895290374756,0.8626893,0.8626892566680908,5.960464477539063e-08,0.8626893162727356,13.731069,13.731074333190918
1887,47.61917448043823,0.8626893,0.8626892566680908,5.960464477539063e-08,0.8626893162727356,13.731069,13.731074333190918
1888,47.64354848861694,0.8626893,0.8626892566680908,5.960464477539063e-08,0.8626893162727356,13.731069,13.731074333190918
1889,47.66566872596741,0.8626893,0.8626892566680908,5.960464477539063e-08,0.8626893162727356,13.731069,13.731074333190918
1890,47.68949222564697,0.8626893,0.8626892566680908,5.960464477539063e-08,0.8626893162727356,13.731069,13.731074333190918
1891,47.714027643203735,0.8626893,0.8626892566680908,5.960464477539063e-08,0.8626893162727356,13.731069,13.731074333190918
1892,47.73852896690369,0.8626893,0.8626892566680908,5.960464477539063e-08,0.8626893162727356,13.731069,13.731074333190918
1893,47.76228165626526,0.8626893,0.8626892566680908,5.960464477539063e-08,0.8626893162727356,13.731069,13.731074333190918
1894,47.78663897514343,0.8626893,0.8626892566680908,5.960464477539063e-08,0.8626893162727356,13.731069,13.731074333190918
1895,47.81131362915039,0.8626893,0.8626892566680908,5.960464477539063e-08,0.8626893162727356,13.731069,13.731074333190918
1896,47.835105419158936,0.8626893,0.8626892566680908,5.960464477539063e-08,0.8626893162727356,13.731069,13.731074333190918
1897,47.85751128196716,0.8626893,0.8626892566680908,5.960464477539063e-08,0.8626893162727356,13.731069,13.731074333190918
1898,47.88094615936279,0.8626893,0.8626892566680908,5.960464477539063e-08,0.8626893162727356,13.731069,13.731074333190918
1899,47.90312075614929,0.8626893,0.8626892566680908,5.960464477539063e-08,0.8626893162727356,13.731069,13.731074333190918
1900,47.92866802215576,0.8626893,0.8626892566680908,5.960464477539063e-08,0.8626893162727356,13.731069,13.731074333190918
1901,47.95207118988037,0.8626893,0.8626892566680908,5.960464477539063e-08,0.8626893162727356,13.731069,13.731074333190918
1902,47.97647571563721,0.8626893,0.8626892566680908,5.960464477539063e-08,0.8626893162727356,13.731069,13.731074333190918
1903,48.00045323371887,0.8626893,0.8626892566680908,5.960464477539063e-08,0.8626893162727356,13.731069,13.731074333190918
1904,48.02503943443298,0.8626893,0.8626892566680908,5.960464477539063e-08,0.8626893162727356,13.731069,13.731074333190918
1905,48.04908990859985,0.8626893,0.8626892566680908,5.960464477539063e-08,0.8626893162727356,13.731069,13.731074333190918
1906,48.07351779937744,0.8626893,0.8626892566680908,5.960464477539063e-08,0.8626893162727356,13.731069,13.731074333190918
1907,48.09537386894226,0.8626893,0.8626892566680908,5.960464477539063e-08,0.8626893162727356,13.731069,13.731074333190918
1908,48.11862921714783,0.8626893,0.8626892566680908,5.960464477539063e-08,0.8626893162727356,13.731069,13.731074333190918
1909,48.143213748931885,0.8626893,0.8626892566680908,5.960464477539063e-08,0.8626893162727356,13.731069,13.731074333190918
1910,48.16904926300049,0.8626893,0.8626892566680908,5.960464477539063e-08,0.8626893162727356,13.731069,13.731074333190918
1911,48.19405555725098,0.8626893,0.8626892566680908,5.960464477539063e-08,0.8626893162727356,13.731069,13.731074333190918
1912,48.22006177902222,0.8626893,0.8626892566680908,5.960464477539063e-08,0.8626893162727356,13.731069,13.731074333190918
1913,48.24613356590271,0.8626893,0.8626892566680908,5.960464477539063e-08,0.8626893162727356,13.731069,13.731074333190918
1914,48.270204067230225,0.8626893,0.8626892566680908,5.960464477539063e-08,0.8626893162727356,13.731069,13.731074333190918
1915,48.294320821762085,0.8626893,0.8626892566680908,5.960464477539063e-08,0.8626893162727356,13.731069,13.731074333190918
1916,48.318180322647095,0.8626893,0.8626892566680908,5.960464477539063e-08,0.8626893162727356,13.731069,13.731074333190918
1917,48.341726541519165,0.8626893,0.8626892566680908,5.960464477539063e-08,0.8626893162727356,13.731069,13.731074333190918
1918,48.366480588912964,0.8626893,0.8626892566680908,5.960464477539063e-08,0.8626893162727356,13.731069,13.731074333190918
1919,48.39179968833923,0.8626893,0.8626892566680908,5.960464477539063e-08,0.8626893162727356,13.731069,13.731074333190918
1920,48.41747784614563,0.8626893,0.8626892566680908,5.960464477539063e-08,0.8626893162727356,13.731069,13.731074333190918
1921,48.44128084182739,0.8626893,0.8626892566680908,5.960464477539063e-08,0.8626893162727356,13.731069,13.731074333190918
1922,48.46515679359436,0.8626893,0.8626892566680908,5.960464477539063e-08,0.8626893162727356,13.731069,13.731074333190918
1923,48.488945960998535,0.8626893,0.8626892566680908,5.960464477539063e-08,0.8626893162727356,13.731069,13.731074333190918
1924,48.51248097419739,0.8626893,0.8626892566680908,5.960464477539063e-08,0.8626893162727356,13.731069,13.731074333190918
1925,48.53601431846619,0.8626893,0.8626892566680908,5.960464477539063e-08,0.8626893162727356,13.731069,13.731074333190918
1926,48.55997157096863,0.8626893,0.8626892566680908,5.960464477539063e-08,0.8626893162727356,13.731069,13.731074333190918
1927,48.58426523208618,0.8626893,0.8626892566680908,5.960464477539063e-08,0.8626893162727356,13.731069,13.731074333190918
1928,48.608757972717285,0.8626893,0.8626892566680908,5.960464477539063e-08,0.8626893162727356,13.731069,13.731074333190918
1929,48.63241696357727,0.8626893,0.8626892566680908,5.960464477539063e-08,0.8626893162727356,13.731069,13.731074333190918
1930,48.65388298034668,0.8626893,0.8626892566680908,5.960464477539063e-08,0.8626893162727356,13.731069,13.731074333190918
1931,48.678033113479614,0.8626893,0.8626892566680908,5.960464477539063e-08,0.8626893162727356,13.731069,13.731074333190918
1932,48.702133893966675,0.8626893,0.8626892566680908,5.960464477539063e-08,0.8626893162727356,13.731069,13.731074333190918
1933,48.72521996498108,0.8626893,0.8626892566680908,5.960464477539063e-08,0.8626893162727356,13.731069,13.731074333190918
1934,48.748536586761475,0.8626893,0.8626892566680908,5.960464477539063e-08,0.8626893162727356,13.731069,13.731074333190918
1935,48.77282738685608,0.8626893,0.8626892566680908,5.960464477539063e-08,0.8626893162727356,13.731069,13.731074333190918
1936,48.796648263931274,0.8626893,0.8626892566680908,5.960464477539063e-08,0.8626893162727356,13.731069,13.731074333190918
1937,48.819743156433105,0.8626893,0.8626892566680908,5.960464477539063e-08,0.8626893162727356,13.731069,13.731074333190918
1938,48.84327554702759,0.8626893,0.8626892566680908,5.960464477539063e-08,0.8626893162727356,13.731069,13.731074333190918
1939,48.86695146560669,0.8626893,0.8626892566680908,5.960464477539063e-08,0.8626893162727356,13.731069,13.731074333190918
1940,48.890318155288696,0.8626893,0.8626892566680908,5.960464477539063e-08,0.8626893162727356,13.731069,13.731074333190918
1941,48.91346621513367,0.8626893,0.8626892566680908,5.960464477539063e-08,0.8626893162727356,13.731069,13.731074333190918
1942,48.93765068054199,0.8626893,0.8626892566680908,5.960464477539063e-08,0.8626893162727356,13.731069,13.731074333190918
1943,48.96057891845703,0.8626893,0.8626892566680908,5.960464477539063e-08,0.8626893162727356,13.731069,13.731074333190918
1944,48.98401188850403,0.8626893,0.8626892566680908,5.960464477539063e-08,0.8626893162727356,13.731069,13.731074333190918
1945,49.00767135620117,0.8626893,0.8626892566680908,5.960464477539063e-08,0.8626893162727356,13.731069,13.731074333190918
1946,49.03156352043152,0.8626893,0.8626892566680908,5.960464477539063e-08,0.8626893162727356,13.731069,13.731074333190918
1947,49.05543804168701,0.8626893,0.8626892566680908,5.960464477539063e-08,0.8626893162727356,13.731069,13.731074333190918
1948,49.08000302314758,0.8626893,0.8626892566680908,5.960464477539063e-08,0.8626893162727356,13.731069,13.731074333190918
1949,49.10213613510132,0.8626893,0.8626892566680908,5.960464477539063e-08,0.8626893162727356,13.731069,13.731074333190918
1950,49.12576460838318,0.8626893,0.8626892566680908,5.960464477539063e-08,0.8626893162727356,13.731069,13.731074333190918
1951,49.15016150474548,0.8626893,0.8626892566680908,5.960464477539063e-08,0.8626893162727356,13.731069,13.731074333190918
1952,49.17345714569092,0.8626893,0.8626892566680908,5.960464477539063e-08,0.8626893162727356,13.731069,13.731074333190918
1953,49.19706726074219,0.8626893,0.8626892566680908,5.960464477539063e-08,0.8626893162727356,13.731069,13.731074333190918
1954,49.22153687477112,0.8626893,0.8626892566680908,5.960464477539063e-08,0.8626893162727356,13.731069,13.731074333190918
1955,49.24604320526123,0.8626893,0.8626892566680908,5.960464477539063e-08,0.8626893162727356,13.731069,13.731074333190918
1956,49.270233154296875,0.8626893,0.8626892566680908,5.960464477539063e-08,0.8626893162727356,13.731069,13.731074333190918
1957,49.29352903366089,0.8626893,0.8626892566680908,5.960464477539063e-08,0.8626893162727356,13.731069,13.731074333190918
1958,49.31569147109985,0.8626893,0.8626892566680908,5.960464477539063e-08,0.8626893162727356,13.731069,13.731074333190918
1959,49.33942222595215,0.8626893,0.8626892566680908,5.960464477539063e-08,0.8626893162727356,13.731069,13.731074333190918
1960,49.36324334144592,0.8626893,0.8626892566680908,5.960464477539063e-08,0.8626893162727356,13.731069,13.731074333190918
1961,49.38732862472534,0.8626893,0.8626892566680908,5.960464477539063e-08,0.8626893162727356,13.731069,13.731074333190918
1962,49.41260051727295,0.8626893,0.8626892566680908,5.960464477539063e-08,0.8626893162727356,13.731069,13.731074333190918
1963,49.435877323150635,0.8626893,0.8626892566680908,5.960464477539063e-08,0.8626893162727356,13.731069,13.731074333190918
1964,49.45917320251465,0.8626893,0.8626892566680908,5.960464477539063e-08,0.8626893162727356,13.731069,13.731074333190918
1965,49.482279777526855,0.8626893,0.8626892566680908,5.960464477539063e-08,0.8626893162727356,13.731069,13.731074333190918
1966,49.50621485710144,0.8626893,0.8626892566680908,5.960464477539063e-08,0.8626893162727356,13.731069,13.731074333190918
1967,49.52998995780945,0.8626893,0.8626892566680908,5.960464477539063e-08,0.8626893162727356,13.731069,13.731074333190918
1968,49.55402636528015,0.8626893,0.8626892566680908,5.960464477539063e-08,0.8626893162727356,13.731069,13.731074333190918
1969,49.57770776748657,0.8626893,0.8626892566680908,5.960464477539063e-08,0.8626893162727356,13.731069,13.731074333190918
1970,49.60227012634277,0.8626893,0.8626892566680908,5.960464477539063e-08,0.8626893162727356,13.731069,13.731074333190918
1971,49.6271448135376,0.8626893,0.8626892566680908,5.960464477539063e-08,0.8626893162727356,13.731069,13.731074333190918
1972,49.650620222091675,0.8626893,0.8626892566680908,5.960464477539063e-08,0.8626893162727356,13.731069,13.731074333190918
1973,49.674320220947266,0.8626893,0.8626892566680908,5.960464477539063e-08,0.8626893162727356,13.731069,13.731074333190918
1974,49.69741129875183,0.8626893,0.8626892566680908,5.960464477539063e-08,0.8626893162727356,13.731069,13.731074333190918
1975,49.72150254249573,0.8626893,0.8626892566680908,5.960464477539063e-08,0.8626893162727356,13.731069,13.731074333190918
1976,49.744494915008545,0.8626893,0.8626892566680908,5.960464477539063e-08,0.8626893162727356,13.731069,13.731074333190918
1977,49.76997137069702,0.8626893,0.8626892566680908,5.960464477539063e-08,0.8626893162727356,13.731069,13.731074333190918
1978,49.79423189163208,0.8626893,0.8626892566680908,5.960464477539063e-08,0.8626893162727356,13.731069,13.731074333190918
1979,49.817142963409424,0.8626893,0.8626892566680908,5.960464477539063e-08,0.8626893162727356,13.731069,13.731074333190918
1980,49.840312480926514,0.8626893,0.8626892566680908,5.960464477539063e-08,0.8626893162727356,13.731069,13.731074333190918
1981,49.86187529563904,0.8626893,0.8626892566680908,5.960464477539063e-08,0.8626893162727356,13.731069,13.731074333190918
1982,49.887239933013916,0.8626893,0.8626892566680908,5.960464477539063e-08,0.8626893162727356,13.731069,13.731074333190918
1983,49.91132926940918,0.8626893,0.8626892566680908,5.960464477539063e-08,0.8626893162727356,13.731069,13.731074333190918
1984,49.934571981430054,0.8626893,0.8626892566680908,5.960464477539063e-08,0.8626893162727356,13.731069,13.731074333190918
1985,49.959567070007324,0.8626893,0.8626892566680908,5.960464477539063e-08,0.8626893162727356,13.731069,13.731074333190918
1986,49.983229637145996,0.8626893,0.8626892566680908,5.960464477539063e-08,0.8626893162727356,13.731069,13.731074333190918
1987,50.00714898109436,0.8626893,0.8626892566680908,5.960464477539063e-08,0.8626893162727356,13.731069,13.731074333190918
1988,50.03082728385925,0.8626893,0.8626892566680908,5.960464477539063e-08,0.8626893162727356,13.731069,13.731074333190918
1989,50.05462574958801,0.8626893,0.8626892566680908,5.960464477539063e-08,0.8626893162727356,13.731069,13.731074333190918
1990,50.078413248062134,0.8626893,0.8626892566680908,5.960464477539063e-08,0.8626893162727356,13.731069,13.731074333190918
1991,50.10165572166443,0.8626893,0.8626892566680908,5.960464477539063e-08,0.8626893162727356,13.731069,13.731074333190918
1992,50.130603313446045,0.8626893,0.8626892566680908,5.960464477539063e-08,0.8626893162727356,13.731069,13.731074333190918
1993,50.15481781959534,0.8626893,0.8626892566680908,5.960464477539063e-08,0.8626893162727356,13.731069,13.731074333190918
1994,50.17824721336365,0.8626893,0.8626892566680908,5.960464477539063e-08,0.8626893162727356,13.731069,13.731074333190918
1995,50.20222210884094,0.8626893,0.8626892566680908,5.960464477539063e-08,0.8626893162727356,13.731069,13.731074333190918
1996,50.22576022148132,0.8626893,0.8626892566680908,5.960464477539063e-08,0.8626893162727356,13.731069,13.731074333190918
1997,50.24952006340027,0.8626893,0.8626892566680908,5.960464477539063e-08,0.8626893162727356,13.731069,13.731074333190918
1998,50.27440357208252,0.8626893,0.8626892566680908,5.960464477539063e-08,0.8626893162727356,13.731069,13.731074333190918
1999,50.29850220680237,0.8626893,0.8626892566680908,5.960464477539063e-08,0.8626893162727356,13.731069,13.731074333190918
2000,50.32406830787659,0.8626893,0.8626892566680908,5.960464477539063e-08,0.8626893162727356,13.731069,13.731074333190918
2001,50.36656737327576,0.8626893,0.8626892566680908,5.960464477539063e-08,0.8626893162727356,13.731069,13.731074333190918
2002,50.39378786087036,0.8626893,0.8626892566680908,5.960464477539063e-08,0.8626893162727356,13.731069,13.731074333190918
2003,50.41891646385193,0.8626893,0.8626892566680908,5.960464477539063e-08,0.8626893162727356,13.731069,13.731074333190918
2004,50.443199157714844,0.8626893,0.8626892566680908,5.960464477539063e-08,0.8626893162727356,13.731069,13.731074333190918
2005,50.46527934074402,0.8626893,0.8626892566680908,5.960464477539063e-08,0.8626893162727356,13.731069,13.731074333190918
2006,50.48935151100159,0.8626893,0.8626892566680908,5.960464477539063e-08,0.8626893162727356,13.731069,13.731074333190918
2007,50.51293706893921,0.8626893,0.8626892566680908,5.960464477539063e-08,0.8626893162727356,13.731069,13.731074333190918
2008,50.53745436668396,0.8626893,0.8626892566680908,5.960464477539063e-08,0.8626893162727356,13.731069,13.731074333190918
2009,50.56054353713989,0.8626893,0.8626892566680908,5.960464477539063e-08,0.8626893162727356,13.731069,13.731074333190918
2010,50.5837025642395,0.8626893,0.8626892566680908,5.960464477539063e-08,0.8626893162727356,13.731069,13.731074333190918
2011,50.60708928108215,0.8626893,0.8626892566680908,5.960464477539063e-08,0.8626893162727356,13.731069,13.731074333190918
2012,50.63025259971619,0.8626893,0.8626892566680908,5.960464477539063e-08,0.8626893162727356,13.731069,13.731074333190918
2013,50.6541645526886,0.8626893,0.8626892566680908,5.960464477539063e-08,0.8626893162727356,13.731069,13.731074333190918
2014,50.67824602127075,0.8626893,0.8626892566680908,5.960464477539063e-08,0.8626893162727356,13.731069,13.731074333190918
2015,50.70231103897095,0.8626893,0.8626892566680908,5.960464477539063e-08,0.8626893162727356,13.731069,13.731074333190918
2016,50.72598624229431,0.8626893,0.8626892566680908,5.960464477539063e-08,0.8626893162727356,13.731069,13.731074333190918
2017,50.74932336807251,0.8626893,0.8626892566680908,5.960464477539063e-08,0.8626893162727356,13.731069,13.731074333190918
2018,50.773534059524536,0.8626893,0.8626892566680908,5.960464477539063e-08,0.8626893162727356,13.731069,13.731074333190918
2019,50.79724931716919,0.8626893,0.8626892566680908,5.960464477539063e-08,0.8626893162727356,13.731069,13.731074333190918
2020,50.820327043533325,0.8626893,0.8626892566680908,5.960464477539063e-08,0.8626893162727356,13.731069,13.731074333190918
2021,50.842907667160034,0.8626893,0.8626892566680908,5.960464477539063e-08,0.8626893162727356,13.731069,13.731074333190918
2022,50.865864276885986,0.8626893,0.8626892566680908,5.960464477539063e-08,0.8626893162727356,13.731069,13.731074333190918
2023,50.89036750793457,0.8626893,0.8626892566680908,5.960464477539063e-08,0.8626893162727356,13.731069,13.731074333190918
2024,50.91405773162842,0.8626893,0.8626892566680908,5.960464477539063e-08,0.8626893162727356,13.731069,13.731074333190918
2025,50.9377326965332,0.8626893,0.8626892566680908,5.960464477539063e-08,0.8626893162727356,13.731069,13.731074333190918
2026,50.96082520484924,0.8626893,0.8626892566680908,5.960464477539063e-08,0.8626893162727356,13.731069,13.731074333190918
2027,50.98340702056885,0.8626893,0.8626892566680908,5.960464477539063e-08,0.8626893162727356,13.731069,13.731074333190918
2028,51.00761437416077,0.8626893,0.8626892566680908,5.960464477539063e-08,0.8626893162727356,13.731069,13.731074333190918
2029,51.03172254562378,0.8626893,0.8626892566680908,5.960464477539063e-08,0.8626893162727356,13.731069,13.731074333190918
2030,51.055546045303345,0.8626893,0.8626892566680908,5.960464477539063e-08,0.8626893162727356,13.731069,13.731074333190918
2031,51.08004832267761,0.8626893,0.8626892566680908,5.960464477539063e-08,0.8626893162727356,13.731069,13.731074333190918
2032,51.10291242599487,0.8626893,0.8626892566680908,5.960464477539063e-08,0.8626893162727356,13.731069,13.731074333190918
2033,51.12661623954773,0.8626893,0.8626892566680908,5.960464477539063e-08,0.8626893162727356,13.731069,13.731074333190918
2034,51.152602434158325,0.8626893,0.8626892566680908,5.960464477539063e-08,0.8626893162727356,13.731069,13.731074333190918
2035,51.17682957649231,0.8626893,0.8626892566680908,5.960464477539063e-08,0.8626893162727356,13.731069,13.731074333190918
2036,51.20019793510437,0.8626893,0.8626892566680908,5.960464477539063e-08,0.8626893162727356,13.731069,13.731074333190918
2037,51.223660469055176,0.8626893,0.8626892566680908,5.960464477539063e-08,0.8626893162727356,13.731069,13.731074333190918
2038,51.24725604057312,0.8626893,0.8626892566680908,5.960464477539063e-08,0.8626893162727356,13.731069,13.731074333190918
2039,51.27068376541138,0.8626893,0.8626892566680908,5.960464477539063e-08,0.8626893162727356,13.731069,13.731074333190918
2040,51.294665813446045,0.8626893,0.8626892566680908,5.960464477539063e-08,0.8626893162727356,13.731069,13.731074333190918
2041,51.31817555427551,0.8626893,0.8626892566680908,5.960464477539063e-08,0.8626893162727356,13.731069,13.731074333190918
2042,51.34066653251648,0.8626893,0.8626892566680908,5.960464477539063e-08,0.8626893162727356,13.731069,13.731074333190918
2043,51.36593770980835,0.8626893,0.8626892566680908,5.960464477539063e-08,0.8626893162727356,13.731069,13.731074333190918
2044,51.38832497596741,0.8626893,0.8626892566680908,5.960464477539063e-08,0.8626893162727356,13.731069,13.731074333190918
2045,51.41262698173523,0.8626893,0.8626892566680908,5.960464477539063e-08,0.8626893162727356,13.731069,13.731074333190918
2046,51.43659853935242,0.8626893,0.8626892566680908,5.960464477539063e-08,0.8626893162727356,13.731069,13.731074333190918
2047,51.459999322891235,0.8626893,0.8626892566680908,5.960464477539063e-08,0.8626893162727356,13.731069,13.731074333190918
2048,51.48316764831543,0.8626893,0.8626892566680908,5.960464477539063e-08,0.8626893162727356,13.731069,13.731074333190918
2049,51.506139516830444,0.8626893,0.8626892566680908,5.960464477539063e-08,0.8626893162727356,13.731069,13.731074333190918
2050,51.53035640716553,0.8626893,0.8626892566680908,5.960464477539063e-08,0.8626893162727356,13.731069,13.731074333190918
2051,51.55392050743103,0.8626893,0.8626892566680908,5.960464477539063e-08,0.8626893162727356,13.731069,13.731074333190918
2052,51.5784547328949,0.8626893,0.8626892566680908,5.960464477539063e-08,0.8626893162727356,13.731069,13.731074333190918
2053,51.60284781455994,0.8626893,0.8626892566680908,5.960464477539063e-08,0.8626893162727356,13.731069,13.731074333190918
2054,51.62706017494202,0.8626893,0.8626892566680908,5.960464477539063e-08,0.8626893162727356,13.731069,13.731074333190918
2055,51.65091323852539,0.8626893,0.8626892566680908,5.960464477539063e-08,0.8626893162727356,13.731069,13.731074333190918
2056,51.67436504364014,0.8626893,0.8626892566680908,5.960464477539063e-08,0.8626893162727356,13.731069,13.731074333190918
2057,51.69775581359863,0.8626893,0.8626892566680908,5.960464477539063e-08,0.8626893162727356,13.731069,13.731074333190918
2058,51.72094011306763,0.8626893,0.8626892566680908,5.960464477539063e-08,0.8626893162727356,13.731069,13.731074333190918
2059,51.745755434036255,0.8626893,0.8626892566680908,5.960464477539063e-08,0.8626893162727356,13.731069,13.731074333190918
2060,51.77029728889465,0.8626893,0.8626892566680908,5.960464477539063e-08,0.8626893162727356,13.731069,13.731074333190918
2061,51.79456305503845,0.8626893,0.8626892566680908,5.960464477539063e-08,0.8626893162727356,13.731069,13.731074333190918
2062,51.81866407394409,0.8626893,0.8626892566680908,5.960464477539063e-08,0.8626893162727356,13.731069,13.731074333190918
2063,51.842631101608276,0.8626893,0.8626892566680908,5.960464477539063e-08,0.8626893162727356,13.731069,13.731074333190918
2064,51.86612010002136,0.8626893,0.8626892566680908,5.960464477539063e-08,0.8626893162727356,13.731069,13.731074333190918
2065,51.88996863365173,0.8626893,0.8626892566680908,5.960464477539063e-08,0.8626893162727356,13.731069,13.731074333190918
2066,51.914411306381226,0.8626893,0.8626892566680908,5.960464477539063e-08,0.8626893162727356,13.731069,13.731074333190918
2067,51.93785524368286,0.8626893,0.8626892566680908,5.960464477539063e-08,0.8626893162727356,13.731069,13.731074333190918
2068,51.96156549453735,0.8626893,0.8626892566680908,5.960464477539063e-08,0.8626893162727356,13.731069,13.731074333190918
2069,51.98545169830322,0.8626893,0.8626892566680908,5.960464477539063e-08,0.8626893162727356,13.731069,13.731074333190918
2070,52.00911593437195,0.8626893,0.8626892566680908,5.960464477539063e-08,0.8626893162727356,13.731069,13.731074333190918
2071,52.03268790245056,0.8626893,0.8626892566680908,5.960464477539063e-08,0.8626893162727356,13.731069,13.731074333190918
2072,52.05613946914673,0.8626893,0.8626892566680908,5.960464477539063e-08,0.8626893162727356,13.731069,13.731074333190918
2073,52.10004734992981,0.8627344,0.8598624467849731,0.002399386605247855,0.8537116050720215,13.7265625,14.013755321502686
2074,52.1305365562439,0.8627344,0.8620288372039795,0.000730678322724998,0.8604367971420288,13.7265625,13.79711627960205
2075,52.154539585113525,0.8627344,0.862637996673584,0.00010455562733113766,0.8623896837234497,13.7265625,13.736200332641602
2076,52.17777633666992,0.8627344,0.862719714641571,1.6352876627934165e-05,0.8626893162727356,13.7265625,13.728028535842896
2077,52.20139288902283,0.8627344,0.86273193359375,3.7317988699214766e-06,0.862726092338562,13.7265625,13.726806640625
2078,52.225523471832275,0.8627344,0.8627344369888306,5.960464477539063e-08,0.8627343773841858,13.7265625,13.726556301116943
2079,52.248455286026,0.8627344,0.8627344369888306,5.960464477539063e-08,0.8627343773841858,13.7265625,13.726556301116943
2080,52.271878719329834,0.8627344,0.8627344369888306,5.960464477539063e-08,0.8627343773841858,13.7265625,13.726556301116943
2081,52.29610538482666,0.8627344,0.8627344369888306,5.960464477539063e-08,0.8627343773841858,13.7265625,13.726556301116943
2082,52.319671392440796,0.8627344,0.8627344369888306,5.960464477539063e-08,0.8627343773841858,13.7265625,13.726556301116943
2083,52.34264373779297,0.8627344,0.8627344369888306,5.960464477539063e-08,0.8627343773841858,13.7265625,13.726556301116943
2084,52.367281675338745,0.8627344,0.8627344369888306,5.960464477539063e-08,0.8627343773841858,13.7265625,13.726556301116943
2085,52.39299750328064,0.8627344,0.8627344369888306,5.960464477539063e-08,0.8627343773841858,13.7265625,13.726556301116943
2086,52.42284893989563,0.8627344,0.8627344369888306,5.960464477539063e-08,0.8627343773841858,13.7265625,13.726556301116943
2087,52.448389291763306,0.8627344,0.8627344369888306,5.960464477539063e-08,0.8627343773841858,13.7265625,13.726556301116943
2088,52.47571063041687,0.8627344,0.8627344369888306,5.960464477539063e-08,0.8627343773841858,13.7265625,13.726556301116943
2089,52.50074601173401,0.8627344,0.8627344369888306,5.960464477539063e-08,0.8627343773841858,13.7265625,13.726556301116943
2090,52.52432346343994,0.8627344,0.8627344369888306,5.960464477539063e-08,0.8627343773841858,13.7265625,13.726556301116943
2091,52.54815125465393,0.8627344,0.8627344369888306,5.960464477539063e-08,0.8627343773841858,13.7265625,13.726556301116943
2092,52.57124423980713,0.8627344,0.8627344369888306,5.960464477539063e-08,0.8627343773841858,13.7265625,13.726556301116943
2093,52.594536542892456,0.8627344,0.8627344369888306,5.960464477539063e-08,0.8627343773841858,13.7265625,13.726556301116943
2094,52.61801624298096,0.8627344,0.8627344369888306,5.960464477539063e-08,0.8627343773841858,13.7265625,13.726556301116943
2095,52.6427857875824,0.8627344,0.8627344369888306,5.960464477539063e-08,0.8627343773841858,13.7265625,13.726556301116943
2096,52.66712784767151,0.8627344,0.8627344369888306,5.960464477539063e-08,0.8627343773841858,13.7265625,13.726556301116943
2097,52.692434549331665,0.8627344,0.8627344369888306,5.960464477539063e-08,0.8627343773841858,13.7265625,13.726556301116943
2098,52.716673851013184,0.8627344,0.8627344369888306,5.960464477539063e-08,0.8627343773841858,13.7265625,13.726556301116943
2099,52.74149012565613,0.8627344,0.8627344369888306,5.960464477539063e-08,0.8627343773841858,13.7265625,13.726556301116943
2100,52.76583480834961,0.8627344,0.8627344369888306,5.960464477539063e-08,0.8627343773841858,13.7265625,13.726556301116943
2101,52.78983426094055,0.8627344,0.8627344369888306,5.960464477539063e-08,0.8627343773841858,13.7265625,13.726556301116943
2102,52.814027070999146,0.8627344,0.8627344369888306,5.960464477539063e-08,0.8627343773841858,13.7265625,13.726556301116943
2103,52.838557720184326,0.8627344,0.8627344369888306,5.960464477539063e-08,0.8627343773841858,13.7265625,13.726556301116943
2104,52.862345695495605,0.8627344,0.8627344369888306,5.960464477539063e-08,0.8627343773841858,13.7265625,13.726556301116943
2105,52.886011600494385,0.8627344,0.8627344369888306,5.960464477539063e-08,0.8627343773841858,13.7265625,13.726556301116943
2106,52.910993576049805,0.8627344,0.8627344369888306,5.960464477539063e-08,0.8627343773841858,13.7265625,13.726556301116943
2107,52.93546652793884,0.8627344,0.8627344369888306,5.960464477539063e-08,0.8627343773841858,13.7265625,13.726556301116943
2108,52.95966100692749,0.8627344,0.8627344369888306,5.960464477539063e-08,0.8627343773841858,13.7265625,13.726556301116943
2109,52.984097480773926,0.8627344,0.8627344369888306,5.960464477539063e-08,0.8627343773841858,13.7265625,13.726556301116943
2110,53.0078010559082,0.8627344,0.8627344369888306,5.960464477539063e-08,0.8627343773841858,13.7265625,13.726556301116943
2111,53.03290772438049,0.8627344,0.8627344369888306,5.960464477539063e-08,0.8627343773841858,13.7265625,13.726556301116943
2112,53.057302474975586,0.8627344,0.8627344369888306,5.960464477539063e-08,0.8627343773841858,13.7265625,13.726556301116943
2113,53.08104968070984,0.8627344,0.8627344369888306,5.960464477539063e-08,0.8627343773841858,13.7265625,13.726556301116943
2114,53.12531566619873,0.86330706,0.859343409538269,0.0030936175025999546,0.8527253866195679,13.669294,14.065659046173096
2115,53.15642786026001,0.86330706,0.8621602058410645,0.0007125058327801526,0.8604978322982788,13.669294,13.783979415893555
2116,53.18072319030762,0.86330706,0.8627813458442688,0.0002894978679250926,0.8623999357223511,13.669294,13.72186541557312
2117,53.20480298995972,0.86330706,0.8630135655403137,0.0002557633852120489,0.8627351522445679,13.669294,13.698643445968628
2118,53.229286670684814,0.86330706,0.8632687926292419,0.00012289085134398192,0.8628741502761841,13.669294,13.673120737075806
2119,53.25198173522949,0.86330706,0.8633070588111877,0.0,0.8633070588111877,13.669294,13.669294118881226
2120,53.27636170387268,0.86330706,0.8633070588111877,0.0,0.8633070588111877,13.669294,13.669294118881226
2121,53.30098056793213,0.86330706,0.8633070588111877,0.0,0.8633070588111877,13.669294,13.669294118881226
2122,53.32505750656128,0.86330706,0.8633070588111877,0.0,0.8633070588111877,13.669294,13.669294118881226
2123,53.35060358047485,0.86330706,0.8633070588111877,0.0,0.8633070588111877,13.669294,13.669294118881226
2124,53.37427878379822,0.86330706,0.8633070588111877,0.0,0.8633070588111877,13.669294,13.669294118881226
2125,53.398070096969604,0.86330706,0.8633070588111877,0.0,0.8633070588111877,13.669294,13.669294118881226
2126,53.42278838157654,0.86330706,0.8633070588111877,0.0,0.8633070588111877,13.669294,13.669294118881226
2127,53.44676923751831,0.86330706,0.8633070588111877,0.0,0.8633070588111877,13.669294,13.669294118881226
2128,53.47106099128723,0.86330706,0.8633070588111877,0.0,0.8633070588111877,13.669294,13.669294118881226
2129,53.49480938911438,0.86330706,0.8633070588111877,0.0,0.8633070588111877,13.669294,13.669294118881226
2130,53.51768946647644,0.86330706,0.8633070588111877,0.0,0.8633070588111877,13.669294,13.669294118881226
2131,53.541916370391846,0.86330706,0.8633070588111877,0.0,0.8633070588111877,13.669294,13.669294118881226
2132,53.5654182434082,0.86330706,0.8633070588111877,0.0,0.8633070588111877,13.669294,13.669294118881226
2133,53.586957693099976,0.86330706,0.8633070588111877,0.0,0.8633070588111877,13.669294,13.669294118881226
2134,53.61101412773132,0.86330706,0.8633070588111877,0.0,0.8633070588111877,13.669294,13.669294118881226
2135,53.633838176727295,0.86330706,0.8633070588111877,0.0,0.8633070588111877,13.669294,13.669294118881226
2136,53.65934777259827,0.86330706,0.8633070588111877,0.0,0.8633070588111877,13.669294,13.669294118881226
2137,53.683427572250366,0.86330706,0.8633070588111877,0.0,0.8633070588111877,13.669294,13.669294118881226
2138,53.70703125,0.86330706,0.8633070588111877,0.0,0.8633070588111877,13.669294,13.669294118881226
2139,53.73041343688965,0.86330706,0.8633070588111877,0.0,0.8633070588111877,13.669294,13.669294118881226
2140,53.75432109832764,0.86330706,0.8633070588111877,0.0,0.8633070588111877,13.669294,13.669294118881226
2141,53.7783317565918,0.86330706,0.8633070588111877,0.0,0.8633070588111877,13.669294,13.669294118881226
2142,53.80206370353699,0.86330706,0.8633070588111877,0.0,0.8633070588111877,13.669294,13.669294118881226
2143,53.82544183731079,0.86330706,0.8633070588111877,0.0,0.8633070588111877,13.669294,13.669294118881226
2144,53.84960341453552,0.86330706,0.8633070588111877,0.0,0.8633070588111877,13.669294,13.669294118881226
2145,53.87418341636658,0.86330706,0.8633070588111877,0.0,0.8633070588111877,13.669294,13.669294118881226
2146,53.89786505699158,0.86330706,0.8633070588111877,0.0,0.8633070588111877,13.669294,13.669294118881226
2147,53.921388149261475,0.86330706,0.8633070588111877,0.0,0.8633070588111877,13.669294,13.669294118881226
2148,53.94526648521423,0.86330706,0.8633070588111877,0.0,0.8633070588111877,13.669294,13.669294118881226
2149,53.970510959625244,0.86330706,0.8633070588111877,0.0,0.8633070588111877,13.669294,13.669294118881226
2150,53.99430584907532,0.86330706,0.8633070588111877,0.0,0.8633070588111877,13.669294,13.669294118881226
2151,54.01798057556152,0.86330706,0.8633070588111877,0.0,0.8633070588111877,13.669294,13.669294118881226
2152,54.040531873703,0.86330706,0.8633070588111877,0.0,0.8633070588111877,13.669294,13.669294118881226
2153,54.0644371509552,0.86330706,0.8633070588111877,0.0,0.8633070588111877,13.669294,13.669294118881226
2154,54.08871269226074,0.86330706,0.8633070588111877,0.0,0.8633070588111877,13.669294,13.669294118881226
2155,54.11296343803406,0.86330706,0.8633070588111877,0.0,0.8633070588111877,13.669294,13.669294118881226
2156,54.137327671051025,0.86330706,0.8633070588111877,0.0,0.8633070588111877,13.669294,13.669294118881226
2157,54.161139726638794,0.86330706,0.8633070588111877,0.0,0.8633070588111877,13.669294,13.669294118881226
2158,54.186171770095825,0.86330706,0.8633070588111877,0.0,0.8633070588111877,13.669294,13.669294118881226
2159,54.209563970565796,0.86330706,0.8633070588111877,0.0,0.8633070588111877,13.669294,13.669294118881226
2160,54.233439683914185,0.86330706,0.8633070588111877,0.0,0.8633070588111877,13.669294,13.669294118881226
2161,54.256815671920776,0.86330706,0.8633070588111877,0.0,0.8633070588111877,13.669294,13.669294118881226
2162,54.280601024627686,0.86330706,0.8633070588111877,0.0,0.8633070588111877,13.669294,13.669294118881226
2163,54.30407762527466,0.86330706,0.8633070588111877,0.0,0.8633070588111877,13.669294,13.669294118881226
2164,54.327818870544434,0.86330706,0.8633070588111877,0.0,0.8633070588111877,13.669294,13.669294118881226
2165,54.35211801528931,0.86330706,0.8633070588111877,0.0,0.8633070588111877,13.669294,13.669294118881226
2166,54.376341581344604,0.86330706,0.8633070588111877,0.0,0.8633070588111877,13.669294,13.669294118881226
2167,54.4007031917572,0.86330706,0.8633070588111877,0.0,0.8633070588111877,13.669294,13.669294118881226
2168,54.42439389228821,0.86330706,0.8633070588111877,0.0,0.8633070588111877,13.669294,13.669294118881226
2169,54.44759750366211,0.86330706,0.8633070588111877,0.0,0.8633070588111877,13.669294,13.669294118881226
2170,54.47125720977783,0.86330706,0.8633070588111877,0.0,0.8633070588111877,13.669294,13.669294118881226
2171,54.49652338027954,0.86330706,0.8633070588111877,0.0,0.8633070588111877,13.669294,13.669294118881226
2172,54.520543336868286,0.86330706,0.8633070588111877,0.0,0.8633070588111877,13.669294,13.669294118881226
2173,54.54519820213318,0.86330706,0.8633070588111877,0.0,0.8633070588111877,13.669294,13.669294118881226
2174,54.57084012031555,0.86330706,0.8633070588111877,0.0,0.8633070588111877,13.669294,13.669294118881226
2175,54.59634256362915,0.86330706,0.8633070588111877,0.0,0.8633070588111877,13.669294,13.669294118881226
2176,54.62183594703674,0.86330706,0.8633070588111877,0.0,0.8633070588111877,13.669294,13.669294118881226
2177,54.64620852470398,0.86330706,0.8633070588111877,0.0,0.8633070588111877,13.669294,13.669294118881226
2178,54.66894578933716,0.86330706,0.8633070588111877,0.0,0.8633070588111877,13.669294,13.669294118881226
2179,54.692930698394775,0.86330706,0.8633070588111877,0.0,0.8633070588111877,13.669294,13.669294118881226
2180,54.71678042411804,0.86330706,0.8633070588111877,0.0,0.8633070588111877,13.669294,13.669294118881226
2181,54.740649700164795,0.86330706,0.8633070588111877,0.0,0.8633070588111877,13.669294,13.669294118881226
2182,54.76496505737305,0.86330706,0.8633070588111877,0.0,0.8633070588111877,13.669294,13.669294118881226
2183,54.78866696357727,0.86330706,0.8633070588111877,0.0,0.8633070588111877,13.669294,13.669294118881226
2184,54.81261610984802,0.86330706,0.8633070588111877,0.0,0.8633070588111877,13.669294,13.669294118881226
2185,54.837037563323975,0.86330706,0.8633070588111877,0.0,0.8633070588111877,13.669294,13.669294118881226
2186,54.86061501502991,0.86330706,0.8633070588111877,0.0,0.8633070588111877,13.669294,13.669294118881226
2187,54.88448214530945,0.86330706,0.8633070588111877,0.0,0.8633070588111877,13.669294,13.669294118881226
2188,54.90897846221924,0.86330706,0.8633070588111877,0.0,0.8633070588111877,13.669294,13.669294118881226
2189,54.93289375305176,0.86330706,0.8633070588111877,0.0,0.8633070588111877,13.669294,13.669294118881226
2190,54.95676922798157,0.86330706,0.8633070588111877,0.0,0.8633070588111877,13.669294,13.669294118881226
2191,54.98036766052246,0.86330706,0.8633070588111877,0.0,0.8633070588111877,13.669294,13.669294118881226
2192,55.00432085990906,0.86330706,0.8633070588111877,0.0,0.8633070588111877,13.669294,13.669294118881226
2193,55.02880573272705,0.86330706,0.8633070588111877,0.0,0.8633070588111877,13.669294,13.669294118881226
2194,55.05305075645447,0.86330706,0.8633070588111877,0.0,0.8633070588111877,13.669294,13.669294118881226
2195,55.07602334022522,0.86330706,0.8633070588111877,0.0,0.8633070588111877,13.669294,13.669294118881226
2196,55.10028553009033,0.86330706,0.8633070588111877,0.0,0.8633070588111877,13.669294,13.669294118881226
2197,55.123918294906616,0.86330706,0.8633070588111877,0.0,0.8633070588111877,13.669294,13.669294118881226
2198,55.14807748794556,0.86330706,0.8633070588111877,0.0,0.8633070588111877,13.669294,13.669294118881226
2199,55.17219948768616,0.86330706,0.8633070588111877,0.0,0.8633070588111877,13.669294,13.669294118881226
2200,55.19618058204651,0.86330706,0.8633070588111877,0.0,0.8633070588111877,13.669294,13.669294118881226
2201,55.22031259536743,0.86330706,0.8633070588111877,0.0,0.8633070588111877,13.669294,13.669294118881226
2202,55.244736671447754,0.86330706,0.8633070588111877,0.0,0.8633070588111877,13.669294,13.669294118881226
2203,55.287795305252075,0.863584,0.8598952293395996,0.0029528632294386625,0.8538686633110046,13.641602,14.010477066040039
2204,55.31641459465027,0.863584,0.8625444173812866,0.0006916613201610744,0.8610739707946777,13.641602,13.745558261871338
2205,55.341169118881226,0.863584,0.8631404042243958,0.0002922248386312276,0.8625723719596863,13.641602,13.685959577560425
2206,55.366119623184204,0.863584,0.8633962273597717,0.00018954819825012237,0.8631721138954163,13.641602,13.660377264022827
2207,55.39017701148987,0.863584,0.8635832071304321,1.190189664157515e-06,0.8635813593864441,13.641602,13.641679286956787
2208,55.41546654701233,0.863584,0.8635839223861694,5.960464477539063e-08,0.8635839819908142,13.641602,13.641607761383057
2209,55.44023108482361,0.863584,0.8635839223861694,5.960464477539063e-08,0.8635839819908142,13.641602,13.641607761383057
2210,55.46443462371826,0.863584,0.8635839223861694,5.960464477539063e-08,0.8635839819908142,13.641602,13.641607761383057
2211,55.48761963844299,0.863584,0.8635839223861694,5.960464477539063e-08,0.8635839819908142,13.641602,13.641607761383057
2212,55.51257514953613,0.863584,0.8635839223861694,5.960464477539063e-08,0.8635839819908142,13.641602,13.641607761383057
2213,55.53594756126404,0.863584,0.8635839223861694,5.960464477539063e-08,0.8635839819908142,13.641602,13.641607761383057
2214,55.56013035774231,0.863584,0.8635839223861694,5.960464477539063e-08,0.8635839819908142,13.641602,13.641607761383057
2215,55.584864377975464,0.863584,0.8635839223861694,5.960464477539063e-08,0.8635839819908142,13.641602,13.641607761383057
2216,55.60919713973999,0.863584,0.8635839223861694,5.960464477539063e-08,0.8635839819908142,13.641602,13.641607761383057
2217,55.632359981536865,0.863584,0.8635839223861694,5.960464477539063e-08,0.8635839819908142,13.641602,13.641607761383057
2218,55.65594005584717,0.863584,0.8635839223861694,5.960464477539063e-08,0.8635839819908142,13.641602,13.641607761383057
2219,55.680331230163574,0.863584,0.8635839223861694,5.960464477539063e-08,0.8635839819908142,13.641602,13.641607761383057
2220,55.70382499694824,0.863584,0.8635839223861694,5.960464477539063e-08,0.8635839819908142,13.641602,13.641607761383057
2221,55.726457357406616,0.863584,0.8635839223861694,5.960464477539063e-08,0.8635839819908142,13.641602,13.641607761383057
2222,55.751221895217896,0.863584,0.8635839223861694,5.960464477539063e-08,0.8635839819908142,13.641602,13.641607761383057
2223,55.77383017539978,0.863584,0.8635839223861694,5.960464477539063e-08,0.8635839819908142,13.641602,13.641607761383057
2224,55.818910121917725,0.8637762,0.8604742288589478,0.002668393310159445,0.8541660308837891,13.622379,13.952577114105225
2225,55.85044550895691,0.8637762,0.8627889156341553,0.0007910473505035043,0.8612930774688721,13.622379,13.721108436584473
2226,55.87402415275574,0.8637762,0.8635047078132629,0.00017921025573741645,0.8631380796432495,13.622379,13.649529218673706
2227,55.899017333984375,0.8637762,0.8636645674705505,8.381491352338344e-05,0.8635712265968323,13.622379,13.633543252944946
2228,55.92233443260193,0.8637762,0.8637369871139526,6.298365042312071e-05,0.863635778427124,13.622379,13.626301288604736
2229,55.94613289833069,0.8637762,0.8637762665748596,5.960464477539063e-08,0.8637762069702148,13.622379,13.622373342514038
2230,55.970269441604614,0.8637762,0.8637762665748596,5.960464477539063e-08,0.8637762069702148,13.622379,13.622373342514038
2231,55.99442720413208,0.8637762,0.8637762665748596,5.960464477539063e-08,0.8637762069702148,13.622379,13.622373342514038
2232,56.01797103881836,0.8637762,0.8637762665748596,5.960464477539063e-08,0.8637762069702148,13.622379,13.622373342514038
2233,56.041945695877075,0.8637762,0.8637762665748596,5.960464477539063e-08,0.8637762069702148,13.622379,13.622373342514038
2234,56.06536269187927,0.8637762,0.8637762665748596,5.960464477539063e-08,0.8637762069702148,13.622379,13.622373342514038
2235,56.08870530128479,0.8637762,0.8637762665748596,5.960464477539063e-08,0.8637762069702148,13.622379,13.622373342514038
2236,56.113539695739746,0.8637762,0.8637762665748596,5.960464477539063e-08,0.8637762069702148,13.622379,13.622373342514038
2237,56.13842439651489,0.8637762,0.8637762665748596,5.960464477539063e-08,0.8637762069702148,13.622379,13.622373342514038
2238,56.16271209716797,0.8637762,0.8637762665748596,5.960464477539063e-08,0.8637762069702148,13.622379,13.622373342514038
2239,56.18638372421265,0.8637762,0.8637762665748596,5.960464477539063e-08,0.8637762069702148,13.622379,13.622373342514038
2240,56.2109477519989,0.8637762,0.8637762665748596,5.960464477539063e-08,0.8637762069702148,13.622379,13.622373342514038
2241,56.233723163604736,0.8637762,0.8637762665748596,5.960464477539063e-08,0.8637762069702148,13.622379,13.622373342514038
2242,56.25810885429382,0.8637762,0.8637762665748596,5.960464477539063e-08,0.8637762069702148,13.622379,13.622373342514038
2243,56.2822265625,0.8637762,0.8637762665748596,5.960464477539063e-08,0.8637762069702148,13.622379,13.622373342514038
2244,56.30704927444458,0.8637762,0.8637762665748596,5.960464477539063e-08,0.8637762069702148,13.622379,13.622373342514038
2245,56.33188581466675,0.8637762,0.8637762665748596,5.960464477539063e-08,0.8637762069702148,13.622379,13.622373342514038
2246,56.36838936805725,0.8637762,0.8637762665748596,5.960464477539063e-08,0.8637762069702148,13.622379,13.622373342514038
2247,56.42262244224548,0.86384046,0.8607692122459412,0.002814499195665121,0.8536794781684875,13.615953,13.923078775405884
2248,56.45846390724182,0.86384046,0.863105297088623,0.0005721921334043145,0.8619606494903564,13.615953,13.689470291137695
2249,56.481685638427734,0.86384046,0.8636196255683899,0.0001949024444911629,0.8631960153579712,13.615953,13.63803744316101
2250,56.5057806968689,0.86384046,0.8637933731079102,3.7615132896462455e-05,0.8637301921844482,13.615953,13.620662689208984
2251,56.52938151359558,0.86384046,0.8638269305229187,1.878189323178958e-05,0.8638008832931519,13.615953,13.61730694770813
2252,56.55292534828186,0.86384046,0.8638404011726379,5.960464477539063e-08,0.8638404607772827,13.615953,13.615959882736206
2253,56.577479124069214,0.86384046,0.8638404011726379,5.960464477539063e-08,0.8638404607772827,13.615953,13.615959882736206
2254,56.600950717926025,0.86384046,0.8638404011726379,5.960464477539063e-08,0.8638404607772827,13.615953,13.615959882736206
2255,56.62542366981506,0.86384046,0.8638404011726379,5.960464477539063e-08,0.8638404607772827,13.615953,13.615959882736206
2256,56.64998269081116,0.86384046,0.8638404011726379,5.960464477539063e-08,0.8638404607772827,13.615953,13.615959882736206
2257,56.675856590270996,0.86384046,0.8638404011726379,5.960464477539063e-08,0.8638404607772827,13.615953,13.615959882736206
2258,56.70150351524353,0.86384046,0.8638404011726379,5.960464477539063e-08,0.8638404607772827,13.615953,13.615959882736206
2259,56.72802519798279,0.86384046,0.8638404011726379,5.960464477539063e-08,0.8638404607772827,13.615953,13.615959882736206
2260,56.75298714637756,0.86384046,0.8638404011726379,5.960464477539063e-08,0.8638404607772827,13.615953,13.615959882736206
2261,56.776511669158936,0.86384046,0.8638404011726379,5.960464477539063e-08,0.8638404607772827,13.615953,13.615959882736206
2262,56.80002021789551,0.86384046,0.8638404011726379,5.960464477539063e-08,0.8638404607772827,13.615953,13.615959882736206
2263,56.82569718360901,0.86384046,0.8638404011726379,5.960464477539063e-08,0.8638404607772827,13.615953,13.615959882736206
2264,56.85077118873596,0.86384046,0.8638404011726379,5.960464477539063e-08,0.8638404607772827,13.615953,13.615959882736206
2265,56.87528657913208,0.86384046,0.8638404011726379,5.960464477539063e-08,0.8638404607772827,13.615953,13.615959882736206
2266,56.899768114089966,0.86384046,0.8638404011726379,5.960464477539063e-08,0.8638404607772827,13.615953,13.615959882736206
2267,56.92389702796936,0.86384046,0.8638404011726379,5.960464477539063e-08,0.8638404607772827,13.615953,13.615959882736206
2268,56.94793081283569,0.86384046,0.8638404011726379,5.960464477539063e-08,0.8638404607772827,13.615953,13.615959882736206
2269,56.972439765930176,0.86384046,0.8638404011726379,5.960464477539063e-08,0.8638404607772827,13.615953,13.615959882736206
2270,56.99639654159546,0.86384046,0.8638404011726379,5.960464477539063e-08,0.8638404607772827,13.615953,13.615959882736206
2271,57.02020311355591,0.8638532,0.8638405203819275,9.455407052882947e-07,0.8638404607772827,13.614678,13.615947961807251
2272,57.073835611343384,0.8642339,0.8603640198707581,0.002890925854444504,0.8545517921447754,13.576609,13.963598012924194
2273,57.114110231399536,0.8642339,0.8628662824630737,0.0010459342738613486,0.8608366847038269,13.576609,13.713371753692627
2274,57.13846707344055,0.86431825,0.8637818098068237,0.00018094186089001596,0.8634147047996521,13.568174,13.621819019317627
2275,57.17092800140381,0.86444074,0.8639293909072876,0.00017186279001180083,0.8637996315956116,13.555926,13.60706090927124
2276,57.201542377471924,0.8645141,0.864068329334259,0.00020834553288295865,0.8638404607772827,13.548589,13.593167066574097
2277,57.23265862464905,0.8645141,0.8642770051956177,0.00011904955317731947,0.8640751838684082,13.548589,13.572299480438232
2278,57.25674891471863,0.8647342,0.8643839955329895,8.877702202880755e-05,0.8642575144767761,13.526583,13.56160044670105
2279,57.28748679161072,0.8647342,0.8644773960113525,7.729182107141241e-05,0.864380419254303,13.526583,13.552260398864746
2280,57.31167697906494,0.8647342,0.8645501732826233,7.896213355707005e-05,0.8644694089889526,13.526583,13.544982671737671
2281,57.335885763168335,0.8647366,0.8646252155303955,7.23959383321926e-05,0.8645170331001282,13.526339,13.53747844696045
2282,57.36769342422485,0.864741,0.8646950721740723,3.317039227113128e-05,0.8646236658096313,13.525897,13.530492782592773
2283,57.39786171913147,0.8647438,0.864722490310669,1.1774059203162324e-05,0.8647034168243408,13.525618,13.527750968933105
2284,57.430482625961304,0.8647471,0.8647338151931763,8.089055882010143e-06,0.8647196292877197,13.52529,13.526618480682373
2285,57.462162494659424,0.8647471,0.864740788936615,2.8254371500224806e-06,0.8647348284721375,13.52529,13.525921106338501
2286,57.48648524284363,0.8647471,0.8647432923316956,1.5932431551846093e-06,0.8647408485412598,13.52529,13.525670766830444
2287,57.5107581615448,0.8647474,0.8647447228431702,1.2976773859918467e-06,0.8647435903549194,13.525259,13.525527715682983
2288,57.541611433029175,0.8647474,0.8647460341453552,1.036916728480719e-06,0.8647438287734985,13.525259,13.525396585464478
2289,57.56618642807007,0.8647474,0.8647467494010925,4.3999256149618304e-07,0.8647462129592896,13.525259,13.525325059890747
2290,57.59011101722717,0.8647474,0.864747166633606,1.3572440593634383e-07,0.8647471070289612,13.525259,13.525283336639404
2291,57.614279985427856,0.8647474,0.8647472858428955,1.4552966831615777e-07,0.8647471070289612,13.525259,13.52527141571045
2292,57.637489318847656,0.8647474,0.8647474646568298,5.960464477539063e-08,0.8647474050521851,13.525259,13.525253534317017
2293,57.66005563735962,0.8647474,0.8647474646568298,5.960464477539063e-08,0.8647474050521851,13.525259,13.525253534317017
2294,57.68348956108093,0.8647474,0.8647474646568298,5.960464477539063e-08,0.8647474050521851,13.525259,13.525253534317017
2295,57.707841873168945,0.8647474,0.8647474646568298,5.960464477539063e-08,0.8647474050521851,13.525259,13.525253534317017
2296,57.73142123222351,0.8647474,0.8647474646568298,5.960464477539063e-08,0.8647474050521851,13.525259,13.525253534317017
2297,57.755099058151245,0.8647474,0.8647474646568298,5.960464477539063e-08,0.8647474050521851,13.525259,13.525253534317017
2298,57.77814292907715,0.8647474,0.8647474646568298,5.960464477539063e-08,0.8647474050521851,13.525259,13.525253534317017
2299,57.80168890953064,0.8647474,0.8647474646568298,5.960464477539063e-08,0.8647474050521851,13.525259,13.525253534317017
2300,57.825806856155396,0.8647474,0.8647474646568298,5.960464477539063e-08,0.8647474050521851,13.525259,13.525253534317017
2301,57.84969115257263,0.8647474,0.8647474646568298,5.960464477539063e-08,0.8647474050521851,13.525259,13.525253534317017
2302,57.87296795845032,0.8647474,0.8647474646568298,5.960464477539063e-08,0.8647474050521851,13.525259,13.525253534317017
2303,57.89616084098816,0.8647474,0.8647474646568298,5.960464477539063e-08,0.8647474050521851,13.525259,13.525253534317017
2304,57.92030096054077,0.8647474,0.8647474646568298,5.960464477539063e-08,0.8647474050521851,13.525259,13.525253534317017
2305,57.963873624801636,0.8647474,0.8616302013397217,0.002967155072838068,0.8543698787689209,13.525259,13.836979866027832
2306,57.99467492103577,0.8647474,0.8640474081039429,0.0006047794013284147,0.8627711534500122,13.525259,13.595259189605713
2307,58.019707918167114,0.8647474,0.864567220211029,0.0001560385135235265,0.8642116785049438,13.525259,13.543277978897095
2308,58.045817852020264,0.8647474,0.8647083044052124,4.1087823774432763e-05,0.8645757436752319,13.525259,13.52916955947876
2309,58.07113075256348,0.8647474,0.8647426962852478,9.315973329648841e-06,0.8646996021270752,13.525259,13.52573037147522
2310,58.09530568122864,0.8647474,0.8647474646568298,5.960464477539063e-08,0.8647474050521851,13.525259,13.525253534317017
2311,58.119577407836914,0.8647474,0.8647474646568298,5.960464477539063e-08,0.8647474050521851,13.525259,13.525253534317017
2312,58.14372682571411,0.8647474,0.8647474646568298,5.960464477539063e-08,0.8647474050521851,13.525259,13.525253534317017
2313,58.167163133621216,0.8647474,0.8647474646568298,5.960464477539063e-08,0.8647474050521851,13.525259,13.525253534317017
2314,58.19191527366638,0.8647474,0.8647474646568298,5.960464477539063e-08,0.8647474050521851,13.525259,13.525253534317017
2315,58.21437120437622,0.8647474,0.8647474646568298,5.960464477539063e-08,0.8647474050521851,13.525259,13.525253534317017
2316,58.23862814903259,0.8647474,0.8647474646568298,5.960464477539063e-08,0.8647474050521851,13.525259,13.525253534317017
2317,58.262640953063965,0.8647474,0.8647474646568298,5.960464477539063e-08,0.8647474050521851,13.525259,13.525253534317017
2318,58.286654472351074,0.8647474,0.8647474646568298,5.960464477539063e-08,0.8647474050521851,13.525259,13.525253534317017
2319,58.31075048446655,0.8647474,0.8647474646568298,5.960464477539063e-08,0.8647474050521851,13.525259,13.525253534317017
2320,58.33398938179016,0.8647474,0.8647474646568298,5.960464477539063e-08,0.8647474050521851,13.525259,13.525253534317017
2321,58.35824942588806,0.8647474,0.8647474646568298,5.960464477539063e-08,0.8647474050521851,13.525259,13.525253534317017
2322,58.3841507434845,0.8647474,0.8647474646568298,5.960464477539063e-08,0.8647474050521851,13.525259,13.525253534317017
2323,58.4102098941803,0.8647474,0.8647474646568298,5.960464477539063e-08,0.8647474050521851,13.525259,13.525253534317017
2324,58.43441462516785,0.8647474,0.8647474646568298,5.960464477539063e-08,0.8647474050521851,13.525259,13.525253534317017
2325,58.4581618309021,0.8647474,0.8647474646568298,5.960464477539063e-08,0.8647474050521851,13.525259,13.525253534317017
2326,58.48164701461792,0.8647474,0.8647474646568298,5.960464477539063e-08,0.8647474050521851,13.525259,13.525253534317017
2327,58.50566220283508,0.8647474,0.8647474646568298,5.960464477539063e-08,0.8647474050521851,13.525259,13.525253534317017
2328,58.52947950363159,0.8647474,0.8647474646568298,5.960464477539063e-08,0.8647474050521851,13.525259,13.525253534317017
2329,58.55356550216675,0.8647474,0.8647474646568298,5.960464477539063e-08,0.8647474050521851,13.525259,13.525253534317017
2330,58.57737421989441,0.8647474,0.8647474646568298,5.960464477539063e-08,0.8647474050521851,13.525259,13.525253534317017
2331,58.600773096084595,0.8647474,0.8647474646568298,5.960464477539063e-08,0.8647474050521851,13.525259,13.525253534317017
2332,58.62488341331482,0.8647474,0.8647474646568298,5.960464477539063e-08,0.8647474050521851,13.525259,13.525253534317017
2333,58.64774203300476,0.8647474,0.8647474646568298,5.960464477539063e-08,0.8647474050521851,13.525259,13.525253534317017
2334,58.67097592353821,0.8647474,0.8647474646568298,5.960464477539063e-08,0.8647474050521851,13.525259,13.525253534317017
2335,58.694987535476685,0.8647474,0.8647474646568298,5.960464477539063e-08,0.8647474050521851,13.525259,13.525253534317017
2336,58.7192497253418,0.8647474,0.8647474646568298,5.960464477539063e-08,0.8647474050521851,13.525259,13.525253534317017
2337,58.74331521987915,0.8647474,0.8647474646568298,5.960464477539063e-08,0.8647474050521851,13.525259,13.525253534317017
2338,58.76805901527405,0.8647474,0.8647474646568298,5.960464477539063e-08,0.8647474050521851,13.525259,13.525253534317017
2339,58.792020320892334,0.8647474,0.8647474646568298,5.960464477539063e-08,0.8647474050521851,13.525259,13.525253534317017
2340,58.81696653366089,0.8647474,0.8647474646568298,5.960464477539063e-08,0.8647474050521851,13.525259,13.525253534317017
2341,58.84315204620361,0.8647474,0.8647474646568298,5.960464477539063e-08,0.8647474050521851,13.525259,13.525253534317017
2342,58.869154930114746,0.8647474,0.8647474646568298,5.960464477539063e-08,0.8647474050521851,13.525259,13.525253534317017
2343,58.89276385307312,0.8647474,0.8647474646568298,5.960464477539063e-08,0.8647474050521851,13.525259,13.525253534317017
2344,58.9169020652771,0.8647474,0.8647474646568298,5.960464477539063e-08,0.8647474050521851,13.525259,13.525253534317017
2345,58.94075131416321,0.8647474,0.8647474646568298,5.960464477539063e-08,0.8647474050521851,13.525259,13.525253534317017
2346,58.96434998512268,0.8647474,0.8647474646568298,5.960464477539063e-08,0.8647474050521851,13.525259,13.525253534317017
2347,58.988279819488525,0.8647474,0.8647474646568298,5.960464477539063e-08,0.8647474050521851,13.525259,13.525253534317017
2348,59.01231384277344,0.8647474,0.8647474646568298,5.960464477539063e-08,0.8647474050521851,13.525259,13.525253534317017
2349,59.03614926338196,0.8647474,0.8647474646568298,5.960464477539063e-08,0.8647474050521851,13.525259,13.525253534317017
2350,59.060189962387085,0.8647474,0.8647474646568298,5.960464477539063e-08,0.8647474050521851,13.525259,13.525253534317017
2351,59.083738803863525,0.8647474,0.8647474646568298,5.960464477539063e-08,0.8647474050521851,13.525259,13.525253534317017
2352,59.1075336933136,0.8647474,0.8647474646568298,5.960464477539063e-08,0.8647474050521851,13.525259,13.525253534317017
2353,59.15196204185486,0.8647474,0.8610670566558838,0.003191629657521844,0.8539267778396606,13.525259,13.893294334411621
2354,59.18372988700867,0.8647474,0.8638120889663696,0.0007862269412726164,0.8620931506156921,13.525259,13.618791103363037
2355,59.20818090438843,0.8647474,0.8645082116127014,0.00017379944620188326,0.8641449213027954,13.525259,13.549178838729858
2356,59.23193669319153,0.8647474,0.8646812438964844,6.569277320522815e-05,0.8645554780960083,13.525259,13.531875610351562
2357,59.25669455528259,0.8647474,0.8647381663322449,1.1104863915534224e-05,0.8647183775901794,13.525259,13.526183366775513
2358,59.28124189376831,0.8647474,0.8647467494010925,1.8110496284862165e-06,0.8647408485412598,13.525259,13.525325059890747
2359,59.30516529083252,0.8647474,0.8647474646568298,5.960464477539063e-08,0.8647474050521851,13.525259,13.525253534317017
2360,59.32773566246033,0.8647474,0.8647474646568298,5.960464477539063e-08,0.8647474050521851,13.525259,13.525253534317017
2361,59.35281991958618,0.8647474,0.8647474646568298,5.960464477539063e-08,0.8647474050521851,13.525259,13.525253534317017
2362,59.37724828720093,0.8647474,0.8647474646568298,5.960464477539063e-08,0.8647474050521851,13.525259,13.525253534317017
2363,59.40213418006897,0.8647474,0.8647474646568298,5.960464477539063e-08,0.8647474050521851,13.525259,13.525253534317017
2364,59.42591571807861,0.8647474,0.8647474646568298,5.960464477539063e-08,0.8647474050521851,13.525259,13.525253534317017
2365,59.45079851150513,0.8647474,0.8647474646568298,5.960464477539063e-08,0.8647474050521851,13.525259,13.525253534317017
2366,59.47539734840393,0.8647474,0.8647474646568298,5.960464477539063e-08,0.8647474050521851,13.525259,13.525253534317017
2367,59.49925184249878,0.8647474,0.8647474646568298,5.960464477539063e-08,0.8647474050521851,13.525259,13.525253534317017
2368,59.52312994003296,0.8647474,0.8647474646568298,5.960464477539063e-08,0.8647474050521851,13.525259,13.525253534317017
2369,59.547070264816284,0.8647474,0.8647474646568298,5.960464477539063e-08,0.8647474050521851,13.525259,13.525253534317017
2370,59.57080817222595,0.8647474,0.8647474646568298,5.960464477539063e-08,0.8647474050521851,13.525259,13.525253534317017
2371,59.59403705596924,0.8647474,0.8647474646568298,5.960464477539063e-08,0.8647474050521851,13.525259,13.525253534317017
2372,59.617878437042236,0.8647474,0.8647474646568298,5.960464477539063e-08,0.8647474050521851,13.525259,13.525253534317017
2373,59.641520261764526,0.8647474,0.8647474646568298,5.960464477539063e-08,0.8647474050521851,13.525259,13.525253534317017
2374,59.66623663902283,0.8647474,0.8647474646568298,5.960464477539063e-08,0.8647474050521851,13.525259,13.525253534317017
2375,59.6901376247406,0.8647474,0.8647474646568298,5.960464477539063e-08,0.8647474050521851,13.525259,13.525253534317017
2376,59.71330451965332,0.8647474,0.8647474646568298,5.960464477539063e-08,0.8647474050521851,13.525259,13.525253534317017
2377,59.73652458190918,0.8647474,0.8647474646568298,5.960464477539063e-08,0.8647474050521851,13.525259,13.525253534317017
2378,59.78073811531067,0.8647547,0.8614075183868408,0.003187895053997636,0.8529942035675049,13.524532,13.859248161315918
2379,59.812411069869995,0.8647547,0.8639176487922668,0.0005921562551520765,0.8626179695129395,13.524532,13.608235120773315
2380,59.83751845359802,0.8647547,0.8644209504127502,0.00024292782472912222,0.8639959096908569,13.524532,13.557904958724976
2381,59.86198854446411,0.8647547,0.8646421432495117,8.471172623103485e-05,0.864454984664917,13.524532,13.535785675048828
2382,59.907583713531494,0.8647955,0.8610190749168396,0.002919588703662157,0.8546606302261353,13.52045,13.89809250831604
2383,59.93972730636597,0.8647955,0.8635310530662537,0.0009859248530119658,0.8616042733192444,13.52045,13.646894693374634
2384,59.96349859237671,0.8648758,0.8644527196884155,0.0003276412026025355,0.8637205362319946,13.512421,13.554728031158447
2385,59.99393677711487,0.8649437,0.8647357225418091,9.610377310309559e-05,0.8645105957984924,13.505631,13.526427745819092
2386,60.02608799934387,0.8649437,0.8648191094398499,4.8954974772641435e-05,0.8647955060005188,13.505631,13.518089056015015
2387,60.049853563308716,0.8649437,0.8648514747619629,6.377829413395375e-05,0.8647955060005188,13.505631,13.514852523803711
2388,60.073580741882324,0.8649437,0.8649175763130188,3.240395017201081e-05,0.8648439645767212,13.505631,13.50824236869812
2389,60.097798109054565,0.8649437,0.8649414777755737,5.438204425445292e-06,0.8649276494979858,13.505631,13.505852222442627
2390,60.12262010574341,0.8649437,0.8649436235427856,5.960464477539063e-08,0.8649436831474304,13.505631,13.505637645721436
2391,60.145798683166504,0.8649437,0.8649436235427856,5.960464477539063e-08,0.8649436831474304,13.505631,13.505637645721436
2392,60.16862416267395,0.8649437,0.8649436235427856,5.960464477539063e-08,0.8649436831474304,13.505631,13.505637645721436
2393,60.19259214401245,0.8649437,0.8649436235427856,5.960464477539063e-08,0.8649436831474304,13.505631,13.505637645721436
2394,60.217475175857544,0.8649437,0.8649436235427856,5.960464477539063e-08,0.8649436831474304,13.505631,13.505637645721436
2395,60.24059200286865,0.8649437,0.8649436235427856,5.960464477539063e-08,0.8649436831474304,13.505631,13.505637645721436
2396,60.26444411277771,0.8649437,0.8649436235427856,5.960464477539063e-08,0.8649436831474304,13.505631,13.505637645721436
2397,60.28934049606323,0.8649437,0.8649436235427856,5.960464477539063e-08,0.8649436831474304,13.505631,13.505637645721436
2398,60.31277084350586,0.8649437,0.8649436235427856,5.960464477539063e-08,0.8649436831474304,13.505631,13.505637645721436
2399,60.336480379104614,0.8649437,0.8649436235427856,5.960464477539063e-08,0.8649436831474304,13.505631,13.505637645721436
2400,60.36149764060974,0.8649437,0.8649436235427856,5.960464477539063e-08,0.8649436831474304,13.505631,13.505637645721436
2401,60.38590216636658,0.8649437,0.8649436235427856,5.960464477539063e-08,0.8649436831474304,13.505631,13.505637645721436
2402,60.410311460494995,0.8649437,0.8649436235427856,5.960464477539063e-08,0.8649436831474304,13.505631,13.505637645721436
2403,60.43547701835632,0.8649437,0.8649436235427856,5.960464477539063e-08,0.8649436831474304,13.505631,13.505637645721436
2404,60.459165811538696,0.8649437,0.8649436235427856,5.960464477539063e-08,0.8649436831474304,13.505631,13.505637645721436
2405,60.48215937614441,0.8649437,0.8649436235427856,5.960464477539063e-08,0.8649436831474304,13.505631,13.505637645721436
2406,60.50591731071472,0.8649437,0.8649436235427856,5.960464477539063e-08,0.8649436831474304,13.505631,13.505637645721436
2407,60.52945613861084,0.8649437,0.8649436235427856,5.960464477539063e-08,0.8649436831474304,13.505631,13.505637645721436
2408,60.55341649055481,0.8649437,0.8649436235427856,5.960464477539063e-08,0.8649436831474304,13.505631,13.505637645721436
2409,60.57867455482483,0.8649437,0.8649436235427856,5.960464477539063e-08,0.8649436831474304,13.505631,13.505637645721436
2410,60.60228991508484,0.8649437,0.8649436235427856,5.960464477539063e-08,0.8649436831474304,13.505631,13.505637645721436
2411,60.62567710876465,0.8649437,0.8649436235427856,5.960464477539063e-08,0.8649436831474304,13.505631,13.505637645721436
2412,60.649985551834106,0.8649437,0.8649436235427856,5.960464477539063e-08,0.8649436831474304,13.505631,13.505637645721436
2413,60.67471194267273,0.8649437,0.8649436235427856,5.960464477539063e-08,0.8649436831474304,13.505631,13.505637645721436
2414,60.69798302650452,0.8649437,0.8649436235427856,5.960464477539063e-08,0.8649436831474304,13.505631,13.505637645721436
2415,60.72152781486511,0.8649437,0.8649436235427856,5.960464477539063e-08,0.8649436831474304,13.505631,13.505637645721436
2416,60.745195388793945,0.8649437,0.8649436235427856,5.960464477539063e-08,0.8649436831474304,13.505631,13.505637645721436
2417,60.76857590675354,0.8649437,0.8649436235427856,5.960464477539063e-08,0.8649436831474304,13.505631,13.505637645721436
2418,60.79179120063782,0.8649437,0.8649436235427856,5.960464477539063e-08,0.8649436831474304,13.505631,13.505637645721436
2419,60.81580090522766,0.8649437,0.8649436235427856,5.960464477539063e-08,0.8649436831474304,13.505631,13.505637645721436
2420,60.84074926376343,0.8649437,0.8649436235427856,5.960464477539063e-08,0.8649436831474304,13.505631,13.505637645721436
2421,60.86548328399658,0.8649437,0.8649436235427856,5.960464477539063e-08,0.8649436831474304,13.505631,13.505637645721436
2422,60.8910858631134,0.8649437,0.8649436235427856,5.960464477539063e-08,0.8649436831474304,13.505631,13.505637645721436
2423,60.91704511642456,0.8649437,0.8649436235427856,5.960464477539063e-08,0.8649436831474304,13.505631,13.505637645721436
2424,60.94290041923523,0.8649437,0.8649436235427856,5.960464477539063e-08,0.8649436831474304,13.505631,13.505637645721436
2425,60.967878341674805,0.8649437,0.8649436235427856,5.960464477539063e-08,0.8649436831474304,13.505631,13.505637645721436
2426,60.99298596382141,0.8649437,0.8649436235427856,5.960464477539063e-08,0.8649436831474304,13.505631,13.505637645721436
2427,61.0171377658844,0.8649437,0.8649436235427856,5.960464477539063e-08,0.8649436831474304,13.505631,13.505637645721436
2428,61.04226994514465,0.8649437,0.8649436235427856,5.960464477539063e-08,0.8649436831474304,13.505631,13.505637645721436
2429,61.06657791137695,0.8649437,0.8649436235427856,5.960464477539063e-08,0.8649436831474304,13.505631,13.505637645721436
2430,61.09078812599182,0.8649437,0.8649436235427856,5.960464477539063e-08,0.8649436831474304,13.505631,13.505637645721436
2431,61.114473819732666,0.8649437,0.8649436235427856,5.960464477539063e-08,0.8649436831474304,13.505631,13.505637645721436
2432,61.138768434524536,0.8649437,0.8649436235427856,5.960464477539063e-08,0.8649436831474304,13.505631,13.505637645721436
2433,61.1630597114563,0.8649437,0.8649436235427856,5.960464477539063e-08,0.8649436831474304,13.505631,13.505637645721436
2434,61.187010526657104,0.8649437,0.8649436235427856,5.960464477539063e-08,0.8649436831474304,13.505631,13.505637645721436
2435,61.21187472343445,0.8649437,0.8649436235427856,5.960464477539063e-08,0.8649436831474304,13.505631,13.505637645721436
2436,61.23609471321106,0.8649437,0.8649436235427856,5.960464477539063e-08,0.8649436831474304,13.505631,13.505637645721436
2437,61.259573221206665,0.8649437,0.8649436235427856,5.960464477539063e-08,0.8649436831474304,13.505631,13.505637645721436
2438,61.28397798538208,0.8649437,0.8649436235427856,5.960464477539063e-08,0.8649436831474304,13.505631,13.505637645721436
2439,61.30814552307129,0.8649437,0.8649436235427856,5.960464477539063e-08,0.8649436831474304,13.505631,13.505637645721436
2440,61.332115650177,0.8649437,0.8649436235427856,5.960464477539063e-08,0.8649436831474304,13.505631,13.505637645721436
2441,61.355961561203,0.8649437,0.8649436235427856,5.960464477539063e-08,0.8649436831474304,13.505631,13.505637645721436
2442,61.38103365898132,0.8649437,0.8649436235427856,5.960464477539063e-08,0.8649436831474304,13.505631,13.505637645721436
2443,61.404132604599,0.8649437,0.8649436235427856,5.960464477539063e-08,0.8649436831474304,13.505631,13.505637645721436
2444,61.428597927093506,0.8649437,0.8649436235427856,5.960464477539063e-08,0.8649436831474304,13.505631,13.505637645721436
2445,61.45186185836792,0.8649437,0.8649436235427856,5.960464477539063e-08,0.8649436831474304,13.505631,13.505637645721436
2446,61.47566604614258,0.8649437,0.8649436235427856,5.960464477539063e-08,0.8649436831474304,13.505631,13.505637645721436
2447,61.498867988586426,0.8649437,0.8649436235427856,5.960464477539063e-08,0.8649436831474304,13.505631,13.505637645721436
2448,61.5227165222168,0.8649437,0.8649436235427856,5.960464477539063e-08,0.8649436831474304,13.505631,13.505637645721436
2449,61.54613447189331,0.8649437,0.8649436235427856,5.960464477539063e-08,0.8649436831474304,13.505631,13.505637645721436
2450,61.570541858673096,0.8649437,0.8649436235427856,5.960464477539063e-08,0.8649436831474304,13.505631,13.505637645721436
2451,61.59434509277344,0.8649437,0.8649436235427856,5.960464477539063e-08,0.8649436831474304,13.505631,13.505637645721436
2452,61.61907601356506,0.8649437,0.8649436235427856,5.960464477539063e-08,0.8649436831474304,13.505631,13.505637645721436
2453,61.642627000808716,0.8649437,0.8649436235427856,5.960464477539063e-08,0.8649436831474304,13.505631,13.505637645721436
2454,61.66707444190979,0.8649437,0.8649436235427856,5.960464477539063e-08,0.8649436831474304,13.505631,13.505637645721436
2455,61.691980838775635,0.8649437,0.8649436235427856,5.960464477539063e-08,0.8649436831474304,13.505631,13.505637645721436
2456,61.71562695503235,0.8649437,0.8649436235427856,5.960464477539063e-08,0.8649436831474304,13.505631,13.505637645721436
2457,61.74035334587097,0.8649437,0.8649436235427856,5.960464477539063e-08,0.8649436831474304,13.505631,13.505637645721436
2458,61.76494598388672,0.8649437,0.8649436235427856,5.960464477539063e-08,0.8649436831474304,13.505631,13.505637645721436
2459,61.788453102111816,0.8649437,0.8649436235427856,5.960464477539063e-08,0.8649436831474304,13.505631,13.505637645721436
2460,61.81238651275635,0.8649437,0.8649436235427856,5.960464477539063e-08,0.8649436831474304,13.505631,13.505637645721436
2461,61.836631298065186,0.8649437,0.8649436235427856,5.960464477539063e-08,0.8649436831474304,13.505631,13.505637645721436
2462,61.860074043273926,0.8649437,0.8649436235427856,5.960464477539063e-08,0.8649436831474304,13.505631,13.505637645721436
2463,61.883535623550415,0.8649437,0.8649436235427856,5.960464477539063e-08,0.8649436831474304,13.505631,13.505637645721436
2464,61.906837940216064,0.8649437,0.8649436235427856,5.960464477539063e-08,0.8649436831474304,13.505631,13.505637645721436
2465,61.931408643722534,0.8649437,0.8649436235427856,5.960464477539063e-08,0.8649436831474304,13.505631,13.505637645721436
2466,61.97530484199524,0.8651035,0.8621771931648254,0.0023651195224374533,0.8568267822265625,13.489652,13.782280683517456
2467,62.00592350959778,0.8651035,0.864229142665863,0.0007493638549931347,0.8625852465629578,13.489652,13.577085733413696
2468,62.02853274345398,0.8651035,0.8648492097854614,0.0002058066165773198,0.8643254041671753,13.489652,13.515079021453857
2469,62.05203866958618,0.8651035,0.8650037050247192,7.226578600239009e-05,0.8649104237556458,13.489652,13.499629497528076
2470,62.07657217979431,0.8651035,0.8650676012039185,5.347087062546052e-05,0.8649880886077881,13.489652,13.493239879608154
2471,62.10002875328064,0.8651035,0.8651036024093628,1.1920928955078125e-07,0.8651034832000732,13.489652,13.48963975906372
2472,62.123135566711426,0.8651035,0.8651036024093628,1.1920928955078125e-07,0.8651034832000732,13.489652,13.48963975906372
2473,62.14676761627197,0.8651035,0.8651036024093628,1.1920928955078125e-07,0.8651034832000732,13.489652,13.48963975906372
2474,62.171623945236206,0.8651035,0.8651036024093628,1.1920928955078125e-07,0.8651034832000732,13.489652,13.48963975906372
2475,62.19584822654724,0.8651035,0.8651036024093628,1.1920928955078125e-07,0.8651034832000732,13.489652,13.48963975906372
2476,62.21971011161804,0.8651035,0.8651036024093628,1.1920928955078125e-07,0.8651034832000732,13.489652,13.48963975906372
2477,62.244531869888306,0.8651035,0.8651036024093628,1.1920928955078125e-07,0.8651034832000732,13.489652,13.48963975906372
2478,62.26857781410217,0.8651035,0.8651036024093628,1.1920928955078125e-07,0.8651034832000732,13.489652,13.48963975906372
2479,62.293031215667725,0.8651035,0.8651036024093628,1.1920928955078125e-07,0.8651034832000732,13.489652,13.48963975906372
2480,62.316537380218506,0.8651035,0.8651036024093628,1.1920928955078125e-07,0.8651034832000732,13.489652,13.48963975906372
2481,62.340237855911255,0.8651035,0.8651036024093628,1.1920928955078125e-07,0.8651034832000732,13.489652,13.48963975906372
2482,62.3642315864563,0.8651035,0.8651036024093628,1.1920928955078125e-07,0.8651034832000732,13.489652,13.48963975906372
2483,62.388479232788086,0.8651035,0.8651036024093628,1.1920928955078125e-07,0.8651034832000732,13.489652,13.48963975906372
2484,62.41339349746704,0.8651035,0.8651036024093628,1.1920928955078125e-07,0.8651034832000732,13.489652,13.48963975906372
2485,62.43736457824707,0.8651035,0.8651036024093628,1.1920928955078125e-07,0.8651034832000732,13.489652,13.48963975906372
2486,62.46208572387695,0.8651035,0.8651036024093628,1.1920928955078125e-07,0.8651034832000732,13.489652,13.48963975906372
2487,62.48607397079468,0.8651035,0.8651036024093628,1.1920928955078125e-07,0.8651034832000732,13.489652,13.48963975906372
2488,62.50991749763489,0.8651035,0.8651036024093628,1.1920928955078125e-07,0.8651034832000732,13.489652,13.48963975906372
2489,62.533541202545166,0.8651035,0.8651036024093628,1.1920928955078125e-07,0.8651034832000732,13.489652,13.48963975906372
2490,62.556596994400024,0.8651035,0.8651036024093628,1.1920928955078125e-07,0.8651034832000732,13.489652,13.48963975906372
2491,62.58043026924133,0.8651035,0.8651036024093628,1.1920928955078125e-07,0.8651034832000732,13.489652,13.48963975906372
2492,62.6043803691864,0.8651035,0.8651036024093628,1.1920928955078125e-07,0.8651034832000732,13.489652,13.48963975906372
2493,62.62890386581421,0.8651035,0.8651036024093628,1.1920928955078125e-07,0.8651034832000732,13.489652,13.48963975906372
2494,62.65230107307434,0.8651035,0.8651036024093628,1.1920928955078125e-07,0.8651034832000732,13.489652,13.48963975906372
2495,62.676140785217285,0.8651035,0.8651036024093628,1.1920928955078125e-07,0.8651034832000732,13.489652,13.48963975906372
2496,62.700528144836426,0.8651035,0.8651036024093628,1.1920928955078125e-07,0.8651034832000732,13.489652,13.48963975906372
2497,62.724605560302734,0.8651035,0.8651036024093628,1.1920928955078125e-07,0.8651034832000732,13.489652,13.48963975906372
2498,62.76921200752258,0.8651035,0.8616359233856201,0.0028826026245951653,0.8556450605392456,13.489652,13.836407661437988
2499,62.800830125808716,0.8651035,0.8640931844711304,0.0008409438887611032,0.8623222708702087,13.489652,13.590681552886963
2500,62.82699012756348,0.8651035,0.864861786365509,0.0002152808738173917,0.864316999912262,13.489652,13.513821363449097
2501,62.85840106010437,0.8651035,0.8650467395782471,4.9573733122088015e-05,0.8649349212646484,13.489652,13.495326042175293
2502,62.883692502975464,0.8651035,0.8650897741317749,1.9572746168705635e-05,0.8650481700897217,13.489652,13.49102258682251
2503,62.90703821182251,0.8651035,0.8651036024093628,1.1920928955078125e-07,0.8651034832000732,13.489652,13.48963975906372
2504,62.93057656288147,0.8651035,0.8651036024093628,1.1920928955078125e-07,0.8651034832000732,13.489652,13.48963975906372
2505,62.95539593696594,0.8651035,0.8651036024093628,1.1920928955078125e-07,0.8651034832000732,13.489652,13.48963975906372
2506,62.978816986083984,0.8651035,0.8651036024093628,1.1920928955078125e-07,0.8651034832000732,13.489652,13.48963975906372
2507,63.00454902648926,0.8651035,0.8651036024093628,1.1920928955078125e-07,0.8651034832000732,13.489652,13.48963975906372
2508,63.02940011024475,0.8651035,0.8651036024093628,1.1920928955078125e-07,0.8651034832000732,13.489652,13.48963975906372
2509,63.05485796928406,0.8651035,0.8651036024093628,1.1920928955078125e-07,0.8651034832000732,13.489652,13.48963975906372
2510,63.08089470863342,0.8651035,0.8651036024093628,1.1920928955078125e-07,0.8651034832000732,13.489652,13.48963975906372
2511,63.10655403137207,0.8651035,0.8651036024093628,1.1920928955078125e-07,0.8651034832000732,13.489652,13.48963975906372
2512,63.131083488464355,0.8651035,0.8651036024093628,1.1920928955078125e-07,0.8651034832000732,13.489652,13.48963975906372
2513,63.1548957824707,0.8651035,0.8651036024093628,1.1920928955078125e-07,0.8651034832000732,13.489652,13.48963975906372
2514,63.17861342430115,0.8651035,0.8651036024093628,1.1920928955078125e-07,0.8651034832000732,13.489652,13.48963975906372
2515,63.20231246948242,0.8651035,0.8651036024093628,1.1920928955078125e-07,0.8651034832000732,13.489652,13.48963975906372
2516,63.22568082809448,0.8651035,0.8651036024093628,1.1920928955078125e-07,0.8651034832000732,13.489652,13.48963975906372
2517,63.250338077545166,0.8651035,0.8651036024093628,1.1920928955078125e-07,0.8651034832000732,13.489652,13.48963975906372
2518,63.27461910247803,0.8651035,0.8651036024093628,1.1920928955078125e-07,0.8651034832000732,13.489652,13.48963975906372
2519,63.299196004867554,0.8651035,0.8651036024093628,1.1920928955078125e-07,0.8651034832000732,13.489652,13.48963975906372
2520,63.322155475616455,0.8651035,0.8651036024093628,1.1920928955078125e-07,0.8651034832000732,13.489652,13.48963975906372
2521,63.34591507911682,0.8651035,0.8651036024093628,1.1920928955078125e-07,0.8651034832000732,13.489652,13.48963975906372
2522,63.37151312828064,0.8651035,0.8651036024093628,1.1920928955078125e-07,0.8651034832000732,13.489652,13.48963975906372
2523,63.39678764343262,0.8651035,0.8651036024093628,1.1920928955078125e-07,0.8651034832000732,13.489652,13.48963975906372
2524,63.42104959487915,0.8651035,0.8651036024093628,1.1920928955078125e-07,0.8651034832000732,13.489652,13.48963975906372
2525,63.44481444358826,0.8651035,0.8651036024093628,1.1920928955078125e-07,0.8651034832000732,13.489652,13.48963975906372
2526,63.46841073036194,0.8651035,0.8651036024093628,1.1920928955078125e-07,0.8651034832000732,13.489652,13.48963975906372
2527,63.491764545440674,0.8651035,0.8651036024093628,1.1920928955078125e-07,0.8651034832000732,13.489652,13.48963975906372
2528,63.513779163360596,0.8651035,0.8651036024093628,1.1920928955078125e-07,0.8651034832000732,13.489652,13.48963975906372
2529,63.538344621658325,0.8651035,0.8651036024093628,1.1920928955078125e-07,0.8651034832000732,13.489652,13.48963975906372
2530,63.56214928627014,0.8651035,0.8651036024093628,1.1920928955078125e-07,0.8651034832000732,13.489652,13.48963975906372
2531,63.58564233779907,0.8651035,0.8651036024093628,1.1920928955078125e-07,0.8651034832000732,13.489652,13.48963975906372
2532,63.60988473892212,0.8651035,0.8651036024093628,1.1920928955078125e-07,0.8651034832000732,13.489652,13.48963975906372
2533,63.633397579193115,0.8651035,0.8651036024093628,1.1920928955078125e-07,0.8651034832000732,13.489652,13.48963975906372
2534,63.65844511985779,0.8651035,0.8651036024093628,1.1920928955078125e-07,0.8651034832000732,13.489652,13.48963975906372
2535,63.683329820632935,0.8651035,0.8651036024093628,1.1920928955078125e-07,0.8651034832000732,13.489652,13.48963975906372
2536,63.707536697387695,0.8651035,0.8651036024093628,1.1920928955078125e-07,0.8651034832000732,13.489652,13.48963975906372
2537,63.730955839157104,0.8651035,0.8651036024093628,1.1920928955078125e-07,0.8651034832000732,13.489652,13.48963975906372
2538,63.75466704368591,0.8651035,0.8651036024093628,1.1920928955078125e-07,0.8651034832000732,13.489652,13.48963975906372
2539,63.77842378616333,0.8651035,0.8651036024093628,1.1920928955078125e-07,0.8651034832000732,13.489652,13.48963975906372
2540,63.80259680747986,0.8651035,0.8651036024093628,1.1920928955078125e-07,0.8651034832000732,13.489652,13.48963975906372
2541,63.826210737228394,0.8651035,0.8651036024093628,1.1920928955078125e-07,0.8651034832000732,13.489652,13.48963975906372
2542,63.85000228881836,0.8651035,0.8651036024093628,1.1920928955078125e-07,0.8651034832000732,13.489652,13.48963975906372
2543,63.87391495704651,0.8651035,0.8651036024093628,1.1920928955078125e-07,0.8651034832000732,13.489652,13.48963975906372
2544,63.8980131149292,0.8651035,0.8651036024093628,1.1920928955078125e-07,0.8651034832000732,13.489652,13.48963975906372
2545,63.92192769050598,0.8651035,0.8651036024093628,1.1920928955078125e-07,0.8651034832000732,13.489652,13.48963975906372
2546,63.967276096343994,0.86540717,0.8610668778419495,0.003437165869399905,0.8537660837173462,13.459283,13.893312215805054
2547,63.999003648757935,0.86540717,0.8641218543052673,0.0008881870307959616,0.8625874519348145,13.459283,13.587814569473267
2548,64.02310848236084,0.86540717,0.86492919921875,0.0003497108118608594,0.8641149997711182,13.459283,13.507080078125
2549,64.0477044582367,0.86540717,0.8652211427688599,0.00013146405399311334,0.8650528192520142,13.459283,13.477885723114014
2550,64.07145476341248,0.86540717,0.8653463125228882,9.048050560522825e-05,0.8651856780052185,13.459283,13.465368747711182
2551,64.09635043144226,0.86540717,0.8654071092605591,5.960464477539063e-08,0.8654071688652039,13.459283,13.459289073944092
2552,64.12034678459167,0.86540717,0.8654071092605591,5.960464477539063e-08,0.8654071688652039,13.459283,13.459289073944092
2553,64.14370393753052,0.86540717,0.8654071092605591,5.960464477539063e-08,0.8654071688652039,13.459283,13.459289073944092
2554,64.16840958595276,0.86540717,0.8654071092605591,5.960464477539063e-08,0.8654071688652039,13.459283,13.459289073944092
2555,64.19163537025452,0.86540717,0.8654071092605591,5.960464477539063e-08,0.8654071688652039,13.459283,13.459289073944092
2556,64.21410608291626,0.86540717,0.8654071092605591,5.960464477539063e-08,0.8654071688652039,13.459283,13.459289073944092
2557,64.23800921440125,0.86540717,0.8654071092605591,5.960464477539063e-08,0.8654071688652039,13.459283,13.459289073944092
2558,64.26191782951355,0.86540717,0.8654071092605591,5.960464477539063e-08,0.8654071688652039,13.459283,13.459289073944092
2559,64.28544759750366,0.86540717,0.8654071092605591,5.960464477539063e-08,0.8654071688652039,13.459283,13.459289073944092
2560,64.30983710289001,0.86540717,0.8654071092605591,5.960464477539063e-08,0.8654071688652039,13.459283,13.459289073944092
2561,64.33403968811035,0.86540717,0.8654071092605591,5.960464477539063e-08,0.8654071688652039,13.459283,13.459289073944092
2562,64.35797548294067,0.86540717,0.8654071092605591,5.960464477539063e-08,0.8654071688652039,13.459283,13.459289073944092
2563,64.38258671760559,0.86540717,0.8654071092605591,5.960464477539063e-08,0.8654071688652039,13.459283,13.459289073944092
2564,64.40775179862976,0.86540717,0.8654071092605591,5.960464477539063e-08,0.8654071688652039,13.459283,13.459289073944092
2565,64.43155789375305,0.86540717,0.8654071092605591,5.960464477539063e-08,0.8654071688652039,13.459283,13.459289073944092
2566,64.45703125,0.86540717,0.8654071092605591,5.960464477539063e-08,0.8654071688652039,13.459283,13.459289073944092
2567,64.4823968410492,0.86540717,0.8654071092605591,5.960464477539063e-08,0.8654071688652039,13.459283,13.459289073944092
2568,64.50646781921387,0.86540717,0.8654071092605591,5.960464477539063e-08,0.8654071688652039,13.459283,13.459289073944092
2569,64.53159356117249,0.86540717,0.8654071092605591,5.960464477539063e-08,0.8654071688652039,13.459283,13.459289073944092
2570,64.55686593055725,0.86540717,0.8654071092605591,5.960464477539063e-08,0.8654071688652039,13.459283,13.459289073944092
2571,64.5808470249176,0.86540717,0.8654071092605591,5.960464477539063e-08,0.8654071688652039,13.459283,13.459289073944092
2572,64.60549664497375,0.86540717,0.8654071092605591,5.960464477539063e-08,0.8654071688652039,13.459283,13.459289073944092
2573,64.62882208824158,0.86540717,0.8654071092605591,5.960464477539063e-08,0.8654071688652039,13.459283,13.459289073944092
2574,64.65273761749268,0.86540717,0.8654071092605591,5.960464477539063e-08,0.8654071688652039,13.459283,13.459289073944092
2575,64.67715167999268,0.86540717,0.8654071092605591,5.960464477539063e-08,0.8654071688652039,13.459283,13.459289073944092
2576,64.70157861709595,0.86540717,0.8654071092605591,5.960464477539063e-08,0.8654071688652039,13.459283,13.459289073944092
2577,64.72509789466858,0.86540717,0.8654071092605591,5.960464477539063e-08,0.8654071688652039,13.459283,13.459289073944092
2578,64.74918556213379,0.86540717,0.8654071092605591,5.960464477539063e-08,0.8654071688652039,13.459283,13.459289073944092
2579,64.77325057983398,0.86540717,0.8654071092605591,5.960464477539063e-08,0.8654071688652039,13.459283,13.459289073944092
2580,64.79803013801575,0.86540717,0.8654071092605591,5.960464477539063e-08,0.8654071688652039,13.459283,13.459289073944092
2581,64.82203769683838,0.86540717,0.8654071092605591,5.960464477539063e-08,0.8654071688652039,13.459283,13.459289073944092
2582,64.84659934043884,0.86540717,0.8654071092605591,5.960464477539063e-08,0.8654071688652039,13.459283,13.459289073944092
2583,64.87042951583862,0.86540717,0.8654071092605591,5.960464477539063e-08,0.8654071688652039,13.459283,13.459289073944092
2584,64.89350605010986,0.86540717,0.8654071092605591,5.960464477539063e-08,0.8654071688652039,13.459283,13.459289073944092
2585,64.91809964179993,0.86540717,0.8654071092605591,5.960464477539063e-08,0.8654071688652039,13.459283,13.459289073944092
2586,64.94208002090454,0.86540717,0.8654071092605591,5.960464477539063e-08,0.8654071688652039,13.459283,13.459289073944092
2587,64.96616792678833,0.86540717,0.8654071092605591,5.960464477539063e-08,0.8654071688652039,13.459283,13.459289073944092
2588,65.0111231803894,0.86542785,0.8621004223823547,0.0027984529733657837,0.8561552166938782,13.457214,13.789957761764526
2589,65.04242372512817,0.86542785,0.8645434975624084,0.0006957824807614088,0.8630146384239197,13.457214,13.545650243759155
2590,65.06746554374695,0.86542785,0.865156888961792,0.0001984762493520975,0.8648037314414978,13.457214,13.4843111038208
2591,65.09241604804993,0.86542785,0.8653367161750793,7.708329940214753e-05,0.8652176260948181,13.457214,13.466328382492065
2592,65.11719799041748,0.86542785,0.8654070496559143,3.560205368557945e-05,0.8653128743171692,13.457214,13.45929503440857
2593,65.14195442199707,0.86542785,0.8654278516769409,0.0,0.8654278516769409,13.457214,13.457214832305908
2594,65.16783094406128,0.86542785,0.8654278516769409,0.0,0.8654278516769409,13.457214,13.457214832305908
2595,65.19488215446472,0.86542785,0.8654278516769409,0.0,0.8654278516769409,13.457214,13.457214832305908
2596,65.22021961212158,0.86542785,0.8654278516769409,0.0,0.8654278516769409,13.457214,13.457214832305908
2597,65.24512815475464,0.86542785,0.8654278516769409,0.0,0.8654278516769409,13.457214,13.457214832305908
2598,65.26916790008545,0.86542785,0.8654278516769409,0.0,0.8654278516769409,13.457214,13.457214832305908
2599,65.29502296447754,0.86542785,0.8654278516769409,0.0,0.8654278516769409,13.457214,13.457214832305908
2600,65.31980967521667,0.86542785,0.8654278516769409,0.0,0.8654278516769409,13.457214,13.457214832305908
2601,65.34408164024353,0.86542785,0.8654278516769409,0.0,0.8654278516769409,13.457214,13.457214832305908
2602,65.36927580833435,0.86542785,0.8654278516769409,0.0,0.8654278516769409,13.457214,13.457214832305908
2603,65.39486813545227,0.86542785,0.8654278516769409,0.0,0.8654278516769409,13.457214,13.457214832305908
2604,65.42022705078125,0.86542785,0.8654278516769409,0.0,0.8654278516769409,13.457214,13.457214832305908
2605,65.44597244262695,0.86542785,0.8654278516769409,0.0,0.8654278516769409,13.457214,13.457214832305908
2606,65.47051882743835,0.86542785,0.8654278516769409,0.0,0.8654278516769409,13.457214,13.457214832305908
2607,65.49498987197876,0.86542785,0.8654278516769409,0.0,0.8654278516769409,13.457214,13.457214832305908
2608,65.51983666419983,0.86542785,0.8654278516769409,0.0,0.8654278516769409,13.457214,13.457214832305908
2609,65.54381346702576,0.86542785,0.8654278516769409,0.0,0.8654278516769409,13.457214,13.457214832305908
2610,65.5694727897644,0.86542785,0.8654278516769409,0.0,0.8654278516769409,13.457214,13.457214832305908
2611,65.59373641014099,0.86542785,0.8654278516769409,0.0,0.8654278516769409,13.457214,13.457214832305908
2612,65.61756634712219,0.86542785,0.8654278516769409,0.0,0.8654278516769409,13.457214,13.457214832305908
2613,65.64158582687378,0.86542785,0.8654278516769409,0.0,0.8654278516769409,13.457214,13.457214832305908
2614,65.6645576953888,0.86542785,0.8654278516769409,0.0,0.8654278516769409,13.457214,13.457214832305908
2615,65.68809223175049,0.86542785,0.8654278516769409,0.0,0.8654278516769409,13.457214,13.457214832305908
2616,65.71238660812378,0.86542785,0.8654278516769409,0.0,0.8654278516769409,13.457214,13.457214832305908
2617,65.73681306838989,0.86542785,0.8654278516769409,0.0,0.8654278516769409,13.457214,13.457214832305908
2618,65.76130723953247,0.86542785,0.8654278516769409,0.0,0.8654278516769409,13.457214,13.457214832305908
2619,65.78522109985352,0.86542785,0.8654278516769409,0.0,0.8654278516769409,13.457214,13.457214832305908
2620,65.80929231643677,0.86542785,0.8654278516769409,0.0,0.8654278516769409,13.457214,13.457214832305908
2621,65.8335816860199,0.86542785,0.8654278516769409,0.0,0.8654278516769409,13.457214,13.457214832305908
2622,65.85749292373657,0.86542785,0.8654278516769409,0.0,0.8654278516769409,13.457214,13.457214832305908
2623,65.88071465492249,0.86542785,0.8654278516769409,0.0,0.8654278516769409,13.457214,13.457214832305908
2624,65.90562725067139,0.86542785,0.8654278516769409,0.0,0.8654278516769409,13.457214,13.457214832305908
2625,65.92977595329285,0.86542785,0.8654278516769409,0.0,0.8654278516769409,13.457214,13.457214832305908
2626,65.95384788513184,0.86542785,0.8654278516769409,0.0,0.8654278516769409,13.457214,13.457214832305908
2627,65.97848153114319,0.86542785,0.8654278516769409,0.0,0.8654278516769409,13.457214,13.457214832305908
2628,66.00262808799744,0.86542785,0.8654278516769409,0.0,0.8654278516769409,13.457214,13.457214832305908
2629,66.0261127948761,0.86542785,0.8654278516769409,0.0,0.8654278516769409,13.457214,13.457214832305908
2630,66.05188512802124,0.86542785,0.8654278516769409,0.0,0.8654278516769409,13.457214,13.457214832305908
2631,66.0767195224762,0.86542785,0.8654278516769409,0.0,0.8654278516769409,13.457214,13.457214832305908
2632,66.10192203521729,0.86542785,0.8654278516769409,0.0,0.8654278516769409,13.457214,13.457214832305908
2633,66.12527704238892,0.86542785,0.8654278516769409,0.0,0.8654278516769409,13.457214,13.457214832305908
2634,66.14913630485535,0.86542785,0.8654278516769409,0.0,0.8654278516769409,13.457214,13.457214832305908
2635,66.172527551651,0.86542785,0.8654278516769409,0.0,0.8654278516769409,13.457214,13.457214832305908
2636,66.19645833969116,0.86542785,0.8654278516769409,0.0,0.8654278516769409,13.457214,13.457214832305908
2637,66.22188830375671,0.86542785,0.8654278516769409,0.0,0.8654278516769409,13.457214,13.457214832305908
2638,66.24630737304688,0.86542785,0.8654278516769409,0.0,0.8654278516769409,13.457214,13.457214832305908
2639,66.27079248428345,0.86542785,0.8654278516769409,0.0,0.8654278516769409,13.457214,13.457214832305908
2640,66.29574131965637,0.86542785,0.8654278516769409,0.0,0.8654278516769409,13.457214,13.457214832305908
2641,66.32131457328796,0.86542785,0.8654278516769409,0.0,0.8654278516769409,13.457214,13.457214832305908
2642,66.34916257858276,0.86542785,0.8654278516769409,0.0,0.8654278516769409,13.457214,13.457214832305908
2643,66.38631415367126,0.86542785,0.8654278516769409,0.0,0.8654278516769409,13.457214,13.457214832305908
2644,66.41593098640442,0.86542785,0.8654278516769409,0.0,0.8654278516769409,13.457214,13.457214832305908
2645,66.44162487983704,0.86542785,0.8654278516769409,0.0,0.8654278516769409,13.457214,13.457214832305908
2646,66.46631574630737,0.86542785,0.8654278516769409,0.0,0.8654278516769409,13.457214,13.457214832305908
2647,66.48938727378845,0.86542785,0.8654278516769409,0.0,0.8654278516769409,13.457214,13.457214832305908
2648,66.51292681694031,0.86542785,0.8654278516769409,0.0,0.8654278516769409,13.457214,13.457214832305908
2649,66.53614616394043,0.86542785,0.8654278516769409,0.0,0.8654278516769409,13.457214,13.457214832305908
2650,66.56028962135315,0.86542785,0.8654278516769409,0.0,0.8654278516769409,13.457214,13.457214832305908
2651,66.58531355857849,0.86542785,0.8654278516769409,0.0,0.8654278516769409,13.457214,13.457214832305908
2652,66.61030387878418,0.86542785,0.8654278516769409,0.0,0.8654278516769409,13.457214,13.457214832305908
2653,66.63455319404602,0.86542785,0.8654278516769409,0.0,0.8654278516769409,13.457214,13.457214832305908
2654,66.6587700843811,0.86542785,0.8654278516769409,0.0,0.8654278516769409,13.457214,13.457214832305908
2655,66.68285059928894,0.86542785,0.8654278516769409,0.0,0.8654278516769409,13.457214,13.457214832305908
2656,66.70564985275269,0.86542785,0.8654278516769409,0.0,0.8654278516769409,13.457214,13.457214832305908
2657,66.72917342185974,0.86542785,0.8654278516769409,0.0,0.8654278516769409,13.457214,13.457214832305908
2658,66.75315451622009,0.86542785,0.8654278516769409,0.0,0.8654278516769409,13.457214,13.457214832305908
2659,66.77713561058044,0.86542785,0.8654278516769409,0.0,0.8654278516769409,13.457214,13.457214832305908
2660,66.8005518913269,0.86542785,0.8654278516769409,0.0,0.8654278516769409,13.457214,13.457214832305908
2661,66.82495927810669,0.86542785,0.8654278516769409,0.0,0.8654278516769409,13.457214,13.457214832305908
2662,66.84919357299805,0.86542785,0.8654278516769409,0.0,0.8654278516769409,13.457214,13.457214832305908
2663,66.87286257743835,0.86542785,0.8654278516769409,0.0,0.8654278516769409,13.457214,13.457214832305908
2664,66.89724707603455,0.86542785,0.8654278516769409,0.0,0.8654278516769409,13.457214,13.457214832305908
2665,66.92086219787598,0.86542785,0.8654278516769409,0.0,0.8654278516769409,13.457214,13.457214832305908
2666,66.94497966766357,0.86542785,0.8654278516769409,0.0,0.8654278516769409,13.457214,13.457214832305908
2667,66.9679000377655,0.86542785,0.8654278516769409,0.0,0.8654278516769409,13.457214,13.457214832305908
2668,66.99225664138794,0.86542785,0.8654278516769409,0.0,0.8654278516769409,13.457214,13.457214832305908
2669,67.01793599128723,0.86542785,0.8654278516769409,0.0,0.8654278516769409,13.457214,13.457214832305908
2670,67.0416488647461,0.86542785,0.8654278516769409,0.0,0.8654278516769409,13.457214,13.457214832305908
2671,67.06734466552734,0.86542785,0.8654278516769409,0.0,0.8654278516769409,13.457214,13.457214832305908
2672,67.0918436050415,0.86542785,0.8654278516769409,0.0,0.8654278516769409,13.457214,13.457214832305908
2673,67.11607146263123,0.86542785,0.8654278516769409,0.0,0.8654278516769409,13.457214,13.457214832305908
2674,67.139976978302,0.86542785,0.8654278516769409,0.0,0.8654278516769409,13.457214,13.457214832305908
2675,67.16304850578308,0.86542785,0.8654278516769409,0.0,0.8654278516769409,13.457214,13.457214832305908
2676,67.1867949962616,0.86542785,0.8654278516769409,0.0,0.8654278516769409,13.457214,13.457214832305908
2677,67.21081686019897,0.86542785,0.8654278516769409,0.0,0.8654278516769409,13.457214,13.457214832305908
2678,67.2354998588562,0.86542785,0.8654278516769409,0.0,0.8654278516769409,13.457214,13.457214832305908
2679,67.26067113876343,0.86542785,0.8654278516769409,0.0,0.8654278516769409,13.457214,13.457214832305908
2680,67.28602266311646,0.86542785,0.8654278516769409,0.0,0.8654278516769409,13.457214,13.457214832305908
2681,67.31160497665405,0.86542785,0.8654278516769409,0.0,0.8654278516769409,13.457214,13.457214832305908
2682,67.33597469329834,0.86542785,0.8654278516769409,0.0,0.8654278516769409,13.457214,13.457214832305908
2683,67.36038756370544,0.86542785,0.8654278516769409,0.0,0.8654278516769409,13.457214,13.457214832305908
2684,67.3858277797699,0.86542785,0.8654278516769409,0.0,0.8654278516769409,13.457214,13.457214832305908
2685,67.41123366355896,0.86542785,0.8654278516769409,0.0,0.8654278516769409,13.457214,13.457214832305908
2686,67.43538475036621,0.86542785,0.8654278516769409,0.0,0.8654278516769409,13.457214,13.457214832305908
2687,67.46001529693604,0.86542785,0.8654278516769409,0.0,0.8654278516769409,13.457214,13.457214832305908
2688,67.4841251373291,0.86542785,0.8654278516769409,0.0,0.8654278516769409,13.457214,13.457214832305908
2689,67.50842046737671,0.86542785,0.8654278516769409,0.0,0.8654278516769409,13.457214,13.457214832305908
2690,67.53176689147949,0.86542785,0.8654278516769409,0.0,0.8654278516769409,13.457214,13.457214832305908
2691,67.5553994178772,0.86542785,0.8654278516769409,0.0,0.8654278516769409,13.457214,13.457214832305908
2692,67.57990980148315,0.86542785,0.8654278516769409,0.0,0.8654278516769409,13.457214,13.457214832305908
2693,67.60433506965637,0.86542785,0.8654278516769409,0.0,0.8654278516769409,13.457214,13.457214832305908
2694,67.62872958183289,0.86542785,0.8654278516769409,0.0,0.8654278516769409,13.457214,13.457214832305908
2695,67.65402889251709,0.86542785,0.8654278516769409,0.0,0.8654278516769409,13.457214,13.457214832305908
2696,67.67884683609009,0.86542785,0.8654278516769409,0.0,0.8654278516769409,13.457214,13.457214832305908
2697,67.70304822921753,0.86542785,0.8654278516769409,0.0,0.8654278516769409,13.457214,13.457214832305908
2698,67.72702121734619,0.86542785,0.8654278516769409,0.0,0.8654278516769409,13.457214,13.457214832305908
2699,67.74940824508667,0.86542785,0.8654278516769409,0.0,0.8654278516769409,13.457214,13.457214832305908
2700,67.77359652519226,0.86542785,0.8654278516769409,0.0,0.8654278516769409,13.457214,13.457214832305908
2701,67.7974009513855,0.86542785,0.8654278516769409,0.0,0.8654278516769409,13.457214,13.457214832305908
2702,67.82169079780579,0.86542785,0.8654278516769409,0.0,0.8654278516769409,13.457214,13.457214832305908
2703,67.84560561180115,0.86542785,0.8654278516769409,0.0,0.8654278516769409,13.457214,13.457214832305908
2704,67.86921906471252,0.86542785,0.8654278516769409,0.0,0.8654278516769409,13.457214,13.457214832305908
2705,67.89324450492859,0.86542785,0.8654278516769409,0.0,0.8654278516769409,13.457214,13.457214832305908
2706,67.9173858165741,0.86542785,0.8654278516769409,0.0,0.8654278516769409,13.457214,13.457214832305908
2707,67.94139838218689,0.86542785,0.8654278516769409,0.0,0.8654278516769409,13.457214,13.457214832305908
2708,67.96635961532593,0.86542785,0.8654278516769409,0.0,0.8654278516769409,13.457214,13.457214832305908
2709,67.99068427085876,0.86542785,0.8654278516769409,0.0,0.8654278516769409,13.457214,13.457214832305908
2710,68.01407814025879,0.86542785,0.8654278516769409,0.0,0.8654278516769409,13.457214,13.457214832305908
2711,68.0384418964386,0.86542785,0.8654278516769409,0.0,0.8654278516769409,13.457214,13.457214832305908
2712,68.06245470046997,0.86542785,0.8654278516769409,0.0,0.8654278516769409,13.457214,13.457214832305908
2713,68.08637499809265,0.86542785,0.8654278516769409,0.0,0.8654278516769409,13.457214,13.457214832305908
2714,68.10996794700623,0.86542785,0.8654278516769409,0.0,0.8654278516769409,13.457214,13.457214832305908
2715,68.13508534431458,0.86542785,0.8654278516769409,0.0,0.8654278516769409,13.457214,13.457214832305908
2716,68.1603536605835,0.86542785,0.8654278516769409,0.0,0.8654278516769409,13.457214,13.457214832305908
2717,68.18387627601624,0.86542785,0.8654278516769409,0.0,0.8654278516769409,13.457214,13.457214832305908
2718,68.2083432674408,0.86542785,0.8654278516769409,0.0,0.8654278516769409,13.457214,13.457214832305908
2719,68.23280811309814,0.86542785,0.8654278516769409,0.0,0.8654278516769409,13.457214,13.457214832305908
2720,68.25634360313416,0.86542785,0.8654278516769409,0.0,0.8654278516769409,13.457214,13.457214832305908
2721,68.28097772598267,0.86542785,0.8654278516769409,0.0,0.8654278516769409,13.457214,13.457214832305908
2722,68.30547070503235,0.86542785,0.8654278516769409,0.0,0.8654278516769409,13.457214,13.457214832305908
2723,68.33022022247314,0.86542785,0.8654278516769409,0.0,0.8654278516769409,13.457214,13.457214832305908
2724,68.35499906539917,0.86542785,0.8654278516769409,0.0,0.8654278516769409,13.457214,13.457214832305908
2725,68.37982392311096,0.86542785,0.8654278516769409,0.0,0.8654278516769409,13.457214,13.457214832305908
2726,68.40732860565186,0.86542785,0.8654278516769409,0.0,0.8654278516769409,13.457214,13.457214832305908
2727,68.43149447441101,0.86542785,0.8654278516769409,0.0,0.8654278516769409,13.457214,13.457214832305908
2728,68.45360159873962,0.86542785,0.8654278516769409,0.0,0.8654278516769409,13.457214,13.457214832305908
2729,68.47702074050903,0.86542785,0.8654278516769409,0.0,0.8654278516769409,13.457214,13.457214832305908
2730,68.50134086608887,0.86542785,0.8654278516769409,0.0,0.8654278516769409,13.457214,13.457214832305908
2731,68.52444458007812,0.86542785,0.8654278516769409,0.0,0.8654278516769409,13.457214,13.457214832305908
2732,68.54913592338562,0.86542785,0.8654278516769409,0.0,0.8654278516769409,13.457214,13.457214832305908
2733,68.57376432418823,0.86542785,0.8654278516769409,0.0,0.8654278516769409,13.457214,13.457214832305908
2734,68.5977246761322,0.86542785,0.8654278516769409,0.0,0.8654278516769409,13.457214,13.457214832305908
2735,68.62134790420532,0.86542785,0.8654278516769409,0.0,0.8654278516769409,13.457214,13.457214832305908
2736,68.64589643478394,0.86542785,0.8654278516769409,0.0,0.8654278516769409,13.457214,13.457214832305908
2737,68.67080593109131,0.86542785,0.8654278516769409,0.0,0.8654278516769409,13.457214,13.457214832305908
2738,68.6952178478241,0.86542785,0.8654278516769409,0.0,0.8654278516769409,13.457214,13.457214832305908
2739,68.71937227249146,0.86542785,0.8654278516769409,0.0,0.8654278516769409,13.457214,13.457214832305908
2740,68.74412894248962,0.86542785,0.8654278516769409,0.0,0.8654278516769409,13.457214,13.457214832305908
2741,68.76807284355164,0.86542785,0.8654278516769409,0.0,0.8654278516769409,13.457214,13.457214832305908
2742,68.79267454147339,0.86542785,0.8654278516769409,0.0,0.8654278516769409,13.457214,13.457214832305908
2743,68.8172013759613,0.86542785,0.8654278516769409,0.0,0.8654278516769409,13.457214,13.457214832305908
2744,68.84049081802368,0.86542785,0.8654278516769409,0.0,0.8654278516769409,13.457214,13.457214832305908
2745,68.86418962478638,0.86542785,0.8654278516769409,0.0,0.8654278516769409,13.457214,13.457214832305908
2746,68.88877272605896,0.86542785,0.8654278516769409,0.0,0.8654278516769409,13.457214,13.457214832305908
2747,68.91190123558044,0.86542785,0.8654278516769409,0.0,0.8654278516769409,13.457214,13.457214832305908
2748,68.9357476234436,0.86542785,0.8654278516769409,0.0,0.8654278516769409,13.457214,13.457214832305908
2749,68.95930886268616,0.86542785,0.8654278516769409,0.0,0.8654278516769409,13.457214,13.457214832305908
2750,68.98464703559875,0.86542785,0.8654278516769409,0.0,0.8654278516769409,13.457214,13.457214832305908
2751,69.0085301399231,0.86542785,0.8654278516769409,0.0,0.8654278516769409,13.457214,13.457214832305908
2752,69.03274703025818,0.86542785,0.8654278516769409,0.0,0.8654278516769409,13.457214,13.457214832305908
2753,69.05732226371765,0.86542785,0.8654278516769409,0.0,0.8654278516769409,13.457214,13.457214832305908
2754,69.08123731613159,0.86542785,0.8654278516769409,0.0,0.8654278516769409,13.457214,13.457214832305908
2755,69.10541105270386,0.86542785,0.8654278516769409,0.0,0.8654278516769409,13.457214,13.457214832305908
2756,69.1294379234314,0.86542785,0.8654278516769409,0.0,0.8654278516769409,13.457214,13.457214832305908
2757,69.15308117866516,0.86542785,0.8654278516769409,0.0,0.8654278516769409,13.457214,13.457214832305908
2758,69.17870664596558,0.86542785,0.8654278516769409,0.0,0.8654278516769409,13.457214,13.457214832305908
2759,69.2029881477356,0.86542785,0.8654278516769409,0.0,0.8654278516769409,13.457214,13.457214832305908
2760,69.22731709480286,0.86542785,0.8654278516769409,0.0,0.8654278516769409,13.457214,13.457214832305908
2761,69.24987649917603,0.86542785,0.8654278516769409,0.0,0.8654278516769409,13.457214,13.457214832305908
2762,69.27371168136597,0.86542785,0.8654278516769409,0.0,0.8654278516769409,13.457214,13.457214832305908
2763,69.29857540130615,0.86542785,0.8654278516769409,0.0,0.8654278516769409,13.457214,13.457214832305908
2764,69.32362747192383,0.86542785,0.8654278516769409,0.0,0.8654278516769409,13.457214,13.457214832305908
2765,69.34847640991211,0.86542785,0.8654278516769409,0.0,0.8654278516769409,13.457214,13.457214832305908
2766,69.3751974105835,0.86542785,0.8654278516769409,0.0,0.8654278516769409,13.457214,13.457214832305908
2767,69.40224695205688,0.86542785,0.8654278516769409,0.0,0.8654278516769409,13.457214,13.457214832305908
2768,69.42953729629517,0.86542785,0.8654278516769409,0.0,0.8654278516769409,13.457214,13.457214832305908
2769,69.45408606529236,0.86542785,0.8654278516769409,0.0,0.8654278516769409,13.457214,13.457214832305908
2770,69.47893166542053,0.86542785,0.8654278516769409,0.0,0.8654278516769409,13.457214,13.457214832305908
2771,69.50344061851501,0.86542785,0.8654278516769409,0.0,0.8654278516769409,13.457214,13.457214832305908
2772,69.52806878089905,0.86542785,0.8654278516769409,0.0,0.8654278516769409,13.457214,13.457214832305908
2773,69.55190300941467,0.86542785,0.8654278516769409,0.0,0.8654278516769409,13.457214,13.457214832305908
2774,69.57779169082642,0.86542785,0.8654278516769409,0.0,0.8654278516769409,13.457214,13.457214832305908
2775,69.60309529304504,0.86542785,0.8654278516769409,0.0,0.8654278516769409,13.457214,13.457214832305908
2776,69.62807655334473,0.86542785,0.8654278516769409,0.0,0.8654278516769409,13.457214,13.457214832305908
2777,69.65218734741211,0.86542785,0.8654278516769409,0.0,0.8654278516769409,13.457214,13.457214832305908
2778,69.67648363113403,0.86542785,0.8654278516769409,0.0,0.8654278516769409,13.457214,13.457214832305908
2779,69.70083332061768,0.86542785,0.8654278516769409,0.0,0.8654278516769409,13.457214,13.457214832305908
2780,69.72458052635193,0.86542785,0.8654278516769409,0.0,0.8654278516769409,13.457214,13.457214832305908
2781,69.74852705001831,0.86542785,0.8654278516769409,0.0,0.8654278516769409,13.457214,13.457214832305908
2782,69.77251887321472,0.86542785,0.8654278516769409,0.0,0.8654278516769409,13.457214,13.457214832305908
2783,69.79678297042847,0.86542785,0.8654278516769409,0.0,0.8654278516769409,13.457214,13.457214832305908
2784,69.8202486038208,0.86542785,0.8654278516769409,0.0,0.8654278516769409,13.457214,13.457214832305908
2785,69.84443211555481,0.86542785,0.8654278516769409,0.0,0.8654278516769409,13.457214,13.457214832305908
2786,69.87008929252625,0.86542785,0.8654278516769409,0.0,0.8654278516769409,13.457214,13.457214832305908
2787,69.89353609085083,0.86542785,0.8654278516769409,0.0,0.8654278516769409,13.457214,13.457214832305908
2788,69.91783308982849,0.86542785,0.8654278516769409,0.0,0.8654278516769409,13.457214,13.457214832305908
2789,69.9435875415802,0.86542785,0.8654278516769409,0.0,0.8654278516769409,13.457214,13.457214832305908
2790,69.96765780448914,0.86542785,0.8654278516769409,0.0,0.8654278516769409,13.457214,13.457214832305908
2791,69.9916660785675,0.86542785,0.8654278516769409,0.0,0.8654278516769409,13.457214,13.457214832305908
2792,70.01522564888,0.86542785,0.8654278516769409,0.0,0.8654278516769409,13.457214,13.457214832305908
2793,70.05867624282837,0.86545306,0.861443281173706,0.003115728497505188,0.854301929473877,13.454694,13.855671882629395
2794,70.08909749984741,0.86545306,0.86409991979599,0.0011825627880170941,0.8617606163024902,13.454694,13.590008020401001
2795,70.11513113975525,0.86545306,0.8651475310325623,0.00031391603988595307,0.8644618988037109,13.454694,13.485246896743774
2796,70.13801527023315,0.86545306,0.8654002547264099,6.024256435921416e-05,0.8652506470680237,13.454694,13.459974527359009
2797,70.16252756118774,0.86545306,0.8654466271400452,6.752578883606475e-06,0.8654299974441528,13.454694,13.455337285995483
2798,70.1884388923645,0.86545306,0.8654513955116272,3.341260253364453e-06,0.8654447793960571,13.454694,13.45486044883728
2799,70.21218776702881,0.86545306,0.8654530644416809,0.0,0.8654530644416809,13.454694,13.45469355583191
2800,70.23599481582642,0.86545306,0.8654530644416809,0.0,0.8654530644416809,13.454694,13.45469355583191
2801,70.25980615615845,0.86545306,0.8654530644416809,0.0,0.8654530644416809,13.454694,13.45469355583191
2802,70.28428316116333,0.86545306,0.8654530644416809,0.0,0.8654530644416809,13.454694,13.45469355583191
2803,70.30885887145996,0.86545306,0.8654530644416809,0.0,0.8654530644416809,13.454694,13.45469355583191
2804,70.33108305931091,0.86545306,0.8654530644416809,0.0,0.8654530644416809,13.454694,13.45469355583191
2805,70.35415148735046,0.86545306,0.8654530644416809,0.0,0.8654530644416809,13.454694,13.45469355583191
2806,70.37864136695862,0.86545306,0.8654530644416809,0.0,0.8654530644416809,13.454694,13.45469355583191
2807,70.40135836601257,0.86545306,0.8654530644416809,0.0,0.8654530644416809,13.454694,13.45469355583191
2808,70.42708563804626,0.86545306,0.8654530644416809,0.0,0.8654530644416809,13.454694,13.45469355583191
2809,70.45098829269409,0.86545306,0.8654530644416809,0.0,0.8654530644416809,13.454694,13.45469355583191
2810,70.47430324554443,0.86545306,0.8654530644416809,0.0,0.8654530644416809,13.454694,13.45469355583191
2811,70.49808359146118,0.86545306,0.8654530644416809,0.0,0.8654530644416809,13.454694,13.45469355583191
2812,70.52212691307068,0.86545306,0.8654530644416809,0.0,0.8654530644416809,13.454694,13.45469355583191
2813,70.54552698135376,0.86545306,0.8654530644416809,0.0,0.8654530644416809,13.454694,13.45469355583191
2814,70.5698721408844,0.86545306,0.8654530644416809,0.0,0.8654530644416809,13.454694,13.45469355583191
2815,70.59367156028748,0.86545306,0.8654530644416809,0.0,0.8654530644416809,13.454694,13.45469355583191
2816,70.6179563999176,0.86545306,0.8654530644416809,0.0,0.8654530644416809,13.454694,13.45469355583191
2817,70.64136457443237,0.86545306,0.8654530644416809,0.0,0.8654530644416809,13.454694,13.45469355583191
2818,70.66593098640442,0.86545306,0.8654530644416809,0.0,0.8654530644416809,13.454694,13.45469355583191
2819,70.69078707695007,0.86545306,0.8654530644416809,0.0,0.8654530644416809,13.454694,13.45469355583191
2820,70.7144422531128,0.86545306,0.8654530644416809,0.0,0.8654530644416809,13.454694,13.45469355583191
2821,70.73854637145996,0.86545306,0.8654530644416809,0.0,0.8654530644416809,13.454694,13.45469355583191
2822,70.76151823997498,0.86545306,0.8654530644416809,0.0,0.8654530644416809,13.454694,13.45469355583191
2823,70.78539371490479,0.86545306,0.8654530644416809,0.0,0.8654530644416809,13.454694,13.45469355583191
2824,70.80981040000916,0.86545306,0.8654530644416809,0.0,0.8654530644416809,13.454694,13.45469355583191
2825,70.83302545547485,0.86545306,0.8654530644416809,0.0,0.8654530644416809,13.454694,13.45469355583191
2826,70.8559045791626,0.86545306,0.8654530644416809,0.0,0.8654530644416809,13.454694,13.45469355583191
2827,70.87923622131348,0.86545306,0.8654530644416809,0.0,0.8654530644416809,13.454694,13.45469355583191
2828,70.90378618240356,0.86545306,0.8654530644416809,0.0,0.8654530644416809,13.454694,13.45469355583191
2829,70.92695569992065,0.86545306,0.8654530644416809,0.0,0.8654530644416809,13.454694,13.45469355583191
2830,70.95005011558533,0.86545306,0.8654530644416809,0.0,0.8654530644416809,13.454694,13.45469355583191
2831,70.97401022911072,0.86545306,0.8654530644416809,0.0,0.8654530644416809,13.454694,13.45469355583191
2832,70.99777364730835,0.86545306,0.8654530644416809,0.0,0.8654530644416809,13.454694,13.45469355583191
2833,71.02219295501709,0.86545306,0.8654530644416809,0.0,0.8654530644416809,13.454694,13.45469355583191
2834,71.04624557495117,0.86545306,0.8654530644416809,0.0,0.8654530644416809,13.454694,13.45469355583191
2835,71.0709388256073,0.86545306,0.8654530644416809,0.0,0.8654530644416809,13.454694,13.45469355583191
2836,71.09547114372253,0.86545306,0.8654530644416809,0.0,0.8654530644416809,13.454694,13.45469355583191
2837,71.12031197547913,0.86545306,0.8654530644416809,0.0,0.8654530644416809,13.454694,13.45469355583191
2838,71.14470720291138,0.86545306,0.8654530644416809,0.0,0.8654530644416809,13.454694,13.45469355583191
2839,71.16822624206543,0.86545306,0.8654530644416809,0.0,0.8654530644416809,13.454694,13.45469355583191
2840,71.19188022613525,0.86545306,0.8654530644416809,0.0,0.8654530644416809,13.454694,13.45469355583191
2841,71.2156617641449,0.86545306,0.8654530644416809,0.0,0.8654530644416809,13.454694,13.45469355583191
2842,71.2400906085968,0.86545306,0.8654530644416809,0.0,0.8654530644416809,13.454694,13.45469355583191
2843,71.26385259628296,0.86545306,0.8654530644416809,0.0,0.8654530644416809,13.454694,13.45469355583191
2844,71.2873899936676,0.86545306,0.8654530644416809,0.0,0.8654530644416809,13.454694,13.45469355583191
2845,71.31218123435974,0.86545306,0.8654530644416809,0.0,0.8654530644416809,13.454694,13.45469355583191
2846,71.33535552024841,0.86545306,0.8654530644416809,0.0,0.8654530644416809,13.454694,13.45469355583191
2847,71.36027836799622,0.86545306,0.8654530644416809,0.0,0.8654530644416809,13.454694,13.45469355583191
2848,71.38449001312256,0.86545306,0.8654530644416809,0.0,0.8654530644416809,13.454694,13.45469355583191
2849,71.41050696372986,0.86545306,0.8654530644416809,0.0,0.8654530644416809,13.454694,13.45469355583191
2850,71.43648791313171,0.86545306,0.8654530644416809,0.0,0.8654530644416809,13.454694,13.45469355583191
2851,71.46149110794067,0.86545306,0.8654530644416809,0.0,0.8654530644416809,13.454694,13.45469355583191
2852,71.48702764511108,0.86545306,0.8654530644416809,0.0,0.8654530644416809,13.454694,13.45469355583191
2853,71.5132462978363,0.86545306,0.8654530644416809,0.0,0.8654530644416809,13.454694,13.45469355583191
2854,71.53880500793457,0.86545306,0.8654530644416809,0.0,0.8654530644416809,13.454694,13.45469355583191
2855,71.5641577243805,0.86545306,0.8654530644416809,0.0,0.8654530644416809,13.454694,13.45469355583191
2856,71.58866333961487,0.86545306,0.8654530644416809,0.0,0.8654530644416809,13.454694,13.45469355583191
2857,71.61302304267883,0.86545306,0.8654530644416809,0.0,0.8654530644416809,13.454694,13.45469355583191
2858,71.63794803619385,0.86545306,0.8654530644416809,0.0,0.8654530644416809,13.454694,13.45469355583191
2859,71.66216850280762,0.86545306,0.8654530644416809,0.0,0.8654530644416809,13.454694,13.45469355583191
2860,71.68700504302979,0.86545306,0.8654530644416809,0.0,0.8654530644416809,13.454694,13.45469355583191
2861,71.71160244941711,0.86545306,0.8654530644416809,0.0,0.8654530644416809,13.454694,13.45469355583191
2862,71.73630404472351,0.86545306,0.8654530644416809,0.0,0.8654530644416809,13.454694,13.45469355583191
2863,71.76015615463257,0.86545306,0.8654530644416809,0.0,0.8654530644416809,13.454694,13.45469355583191
2864,71.78364038467407,0.86545306,0.8654530644416809,0.0,0.8654530644416809,13.454694,13.45469355583191
2865,71.80756163597107,0.86545306,0.8654530644416809,0.0,0.8654530644416809,13.454694,13.45469355583191
2866,71.83142447471619,0.86545306,0.8654530644416809,0.0,0.8654530644416809,13.454694,13.45469355583191
2867,71.85507225990295,0.86545306,0.8654530644416809,0.0,0.8654530644416809,13.454694,13.45469355583191
2868,71.87859320640564,0.86545306,0.8654530644416809,0.0,0.8654530644416809,13.454694,13.45469355583191
2869,71.90323066711426,0.86545306,0.8654530644416809,0.0,0.8654530644416809,13.454694,13.45469355583191
2870,71.9271764755249,0.86545306,0.8654530644416809,0.0,0.8654530644416809,13.454694,13.45469355583191
2871,71.95070099830627,0.86545306,0.8654530644416809,0.0,0.8654530644416809,13.454694,13.45469355583191
2872,71.97495651245117,0.86545306,0.8654530644416809,0.0,0.8654530644416809,13.454694,13.45469355583191
2873,71.99963283538818,0.86545306,0.8654530644416809,0.0,0.8654530644416809,13.454694,13.45469355583191
2874,72.02412629127502,0.86545306,0.8654530644416809,0.0,0.8654530644416809,13.454694,13.45469355583191
2875,72.04926943778992,0.86545306,0.8654530644416809,0.0,0.8654530644416809,13.454694,13.45469355583191
2876,72.07355856895447,0.86545306,0.8654530644416809,0.0,0.8654530644416809,13.454694,13.45469355583191
2877,72.09817314147949,0.86545306,0.8654530644416809,0.0,0.8654530644416809,13.454694,13.45469355583191
2878,72.12202763557434,0.86545306,0.8654530644416809,0.0,0.8654530644416809,13.454694,13.45469355583191
2879,72.1459093093872,0.86545306,0.8654530644416809,0.0,0.8654530644416809,13.454694,13.45469355583191
2880,72.17023491859436,0.86545306,0.8654530644416809,0.0,0.8654530644416809,13.454694,13.45469355583191
2881,72.19407057762146,0.86545306,0.8654530644416809,0.0,0.8654530644416809,13.454694,13.45469355583191
2882,72.21852517127991,0.86545306,0.8654530644416809,0.0,0.8654530644416809,13.454694,13.45469355583191
2883,72.24244666099548,0.86545306,0.8654530644416809,0.0,0.8654530644416809,13.454694,13.45469355583191
2884,72.26673936843872,0.86545306,0.8654530644416809,0.0,0.8654530644416809,13.454694,13.45469355583191
2885,72.29130935668945,0.86545306,0.8654530644416809,0.0,0.8654530644416809,13.454694,13.45469355583191
2886,72.31631422042847,0.86545306,0.8654530644416809,0.0,0.8654530644416809,13.454694,13.45469355583191
2887,72.33967614173889,0.86545306,0.8654530644416809,0.0,0.8654530644416809,13.454694,13.45469355583191
2888,72.36639547348022,0.86545306,0.8654530644416809,0.0,0.8654530644416809,13.454694,13.45469355583191
2889,72.39049339294434,0.86545306,0.8654530644416809,0.0,0.8654530644416809,13.454694,13.45469355583191
2890,72.41600918769836,0.86545306,0.8654530644416809,0.0,0.8654530644416809,13.454694,13.45469355583191
2891,72.44063782691956,0.86545306,0.8654530644416809,0.0,0.8654530644416809,13.454694,13.45469355583191
2892,72.46418023109436,0.86545306,0.8654530644416809,0.0,0.8654530644416809,13.454694,13.45469355583191
2893,72.48792123794556,0.86545306,0.8654530644416809,0.0,0.8654530644416809,13.454694,13.45469355583191
2894,72.51211881637573,0.86545306,0.8654530644416809,0.0,0.8654530644416809,13.454694,13.45469355583191
2895,72.53561496734619,0.86545306,0.8654530644416809,0.0,0.8654530644416809,13.454694,13.45469355583191
2896,72.56154990196228,0.86545306,0.8654530644416809,0.0,0.8654530644416809,13.454694,13.45469355583191
2897,72.58536577224731,0.86545306,0.8654530644416809,0.0,0.8654530644416809,13.454694,13.45469355583191
2898,72.60975670814514,0.86545306,0.8654530644416809,0.0,0.8654530644416809,13.454694,13.45469355583191
2899,72.63410758972168,0.86545306,0.8654530644416809,0.0,0.8654530644416809,13.454694,13.45469355583191
2900,72.65775895118713,0.86545306,0.8654530644416809,0.0,0.8654530644416809,13.454694,13.45469355583191
2901,72.68246173858643,0.86545306,0.8654530644416809,0.0,0.8654530644416809,13.454694,13.45469355583191
2902,72.70680165290833,0.86545306,0.8654530644416809,0.0,0.8654530644416809,13.454694,13.45469355583191
2903,72.73058032989502,0.86545306,0.8654530644416809,0.0,0.8654530644416809,13.454694,13.45469355583191
2904,72.75548195838928,0.86545306,0.8654530644416809,0.0,0.8654530644416809,13.454694,13.45469355583191
2905,72.77884364128113,0.86545306,0.8654530644416809,0.0,0.8654530644416809,13.454694,13.45469355583191
2906,72.8029420375824,0.86545306,0.8654530644416809,0.0,0.8654530644416809,13.454694,13.45469355583191
2907,72.82747077941895,0.86545306,0.8654530644416809,0.0,0.8654530644416809,13.454694,13.45469355583191
2908,72.85241556167603,0.86545306,0.8654530644416809,0.0,0.8654530644416809,13.454694,13.45469355583191
2909,72.87798309326172,0.86545306,0.8654530644416809,0.0,0.8654530644416809,13.454694,13.45469355583191
2910,72.90132689476013,0.86545306,0.8654530644416809,0.0,0.8654530644416809,13.454694,13.45469355583191
2911,72.92552638053894,0.86545306,0.8654530644416809,0.0,0.8654530644416809,13.454694,13.45469355583191
2912,72.94946360588074,0.86545306,0.8654530644416809,0.0,0.8654530644416809,13.454694,13.45469355583191
2913,72.97327876091003,0.86545306,0.8654530644416809,0.0,0.8654530644416809,13.454694,13.45469355583191
2914,72.99649500846863,0.86545306,0.8654530644416809,0.0,0.8654530644416809,13.454694,13.45469355583191
2915,73.02002048492432,0.86545306,0.8654530644416809,0.0,0.8654530644416809,13.454694,13.45469355583191
2916,73.04294514656067,0.86545306,0.8654530644416809,0.0,0.8654530644416809,13.454694,13.45469355583191
2917,73.06717729568481,0.86545306,0.8654530644416809,0.0,0.8654530644416809,13.454694,13.45469355583191
2918,73.0910050868988,0.86545306,0.8654530644416809,0.0,0.8654530644416809,13.454694,13.45469355583191
2919,73.11511635780334,0.86545306,0.8654530644416809,0.0,0.8654530644416809,13.454694,13.45469355583191
2920,73.14070630073547,0.86545306,0.8654530644416809,0.0,0.8654530644416809,13.454694,13.45469355583191
2921,73.1646032333374,0.86545306,0.8654530644416809,0.0,0.8654530644416809,13.454694,13.45469355583191
2922,73.18850612640381,0.86545306,0.8654530644416809,0.0,0.8654530644416809,13.454694,13.45469355583191
2923,73.21183967590332,0.86545306,0.8654530644416809,0.0,0.8654530644416809,13.454694,13.45469355583191
2924,73.23608827590942,0.86545306,0.8654530644416809,0.0,0.8654530644416809,13.454694,13.45469355583191
2925,73.26043891906738,0.86545306,0.8654530644416809,0.0,0.8654530644416809,13.454694,13.45469355583191
2926,73.28430485725403,0.86545306,0.8654530644416809,0.0,0.8654530644416809,13.454694,13.45469355583191
2927,73.30850434303284,0.86545306,0.8654530644416809,0.0,0.8654530644416809,13.454694,13.45469355583191
2928,73.33277702331543,0.86545306,0.8654530644416809,0.0,0.8654530644416809,13.454694,13.45469355583191
2929,73.35838675498962,0.86545306,0.8654530644416809,0.0,0.8654530644416809,13.454694,13.45469355583191
2930,73.3826675415039,0.86545306,0.8654530644416809,0.0,0.8654530644416809,13.454694,13.45469355583191
2931,73.40646195411682,0.86545306,0.8654530644416809,0.0,0.8654530644416809,13.454694,13.45469355583191
2932,73.43141770362854,0.86545306,0.8654530644416809,0.0,0.8654530644416809,13.454694,13.45469355583191
2933,73.45579123497009,0.86545306,0.8654530644416809,0.0,0.8654530644416809,13.454694,13.45469355583191
2934,73.47958397865295,0.86545306,0.8654530644416809,0.0,0.8654530644416809,13.454694,13.45469355583191
2935,73.50346899032593,0.86545306,0.8654530644416809,0.0,0.8654530644416809,13.454694,13.45469355583191
2936,73.52790975570679,0.86545306,0.8654530644416809,0.0,0.8654530644416809,13.454694,13.45469355583191
2937,73.5521810054779,0.86545306,0.8654530644416809,0.0,0.8654530644416809,13.454694,13.45469355583191
2938,73.577388048172,0.86545306,0.8654530644416809,0.0,0.8654530644416809,13.454694,13.45469355583191
2939,73.60218548774719,0.86545306,0.8654530644416809,0.0,0.8654530644416809,13.454694,13.45469355583191
2940,73.62542676925659,0.86545306,0.8654530644416809,0.0,0.8654530644416809,13.454694,13.45469355583191
2941,73.65054416656494,0.86545306,0.8654530644416809,0.0,0.8654530644416809,13.454694,13.45469355583191
2942,73.67555379867554,0.86545306,0.8654530644416809,0.0,0.8654530644416809,13.454694,13.45469355583191
2943,73.6996819972992,0.86545306,0.8654530644416809,0.0,0.8654530644416809,13.454694,13.45469355583191
2944,73.72424745559692,0.86545306,0.8654530644416809,0.0,0.8654530644416809,13.454694,13.45469355583191
2945,73.74808120727539,0.86545306,0.8654530644416809,0.0,0.8654530644416809,13.454694,13.45469355583191
2946,73.77262783050537,0.86545306,0.8654530644416809,0.0,0.8654530644416809,13.454694,13.45469355583191
2947,73.7962920665741,0.86545306,0.8654530644416809,0.0,0.8654530644416809,13.454694,13.45469355583191
2948,73.8208875656128,0.86545306,0.8654530644416809,0.0,0.8654530644416809,13.454694,13.45469355583191
2949,73.84554648399353,0.86545306,0.8654530644416809,0.0,0.8654530644416809,13.454694,13.45469355583191
2950,73.86990547180176,0.86545306,0.8654530644416809,0.0,0.8654530644416809,13.454694,13.45469355583191
2951,73.89469194412231,0.86545306,0.8654530644416809,0.0,0.8654530644416809,13.454694,13.45469355583191
2952,73.91894912719727,0.86545306,0.8654530644416809,0.0,0.8654530644416809,13.454694,13.45469355583191
2953,73.94242691993713,0.86545306,0.8654530644416809,0.0,0.8654530644416809,13.454694,13.45469355583191
2954,73.96691083908081,0.86545306,0.8654530644416809,0.0,0.8654530644416809,13.454694,13.45469355583191
2955,73.98931097984314,0.86545306,0.8654530644416809,0.0,0.8654530644416809,13.454694,13.45469355583191
2956,74.01440906524658,0.86545306,0.8654530644416809,0.0,0.8654530644416809,13.454694,13.45469355583191
2957,74.03852033615112,0.86545306,0.8654530644416809,0.0,0.8654530644416809,13.454694,13.45469355583191
2958,74.06386113166809,0.86545306,0.8654530644416809,0.0,0.8654530644416809,13.454694,13.45469355583191
2959,74.08716821670532,0.86545306,0.8654530644416809,0.0,0.8654530644416809,13.454694,13.45469355583191
2960,74.11080384254456,0.86545306,0.8654530644416809,0.0,0.8654530644416809,13.454694,13.45469355583191
2961,74.13397693634033,0.86545306,0.8654530644416809,0.0,0.8654530644416809,13.454694,13.45469355583191
2962,74.15804147720337,0.86545306,0.8654530644416809,0.0,0.8654530644416809,13.454694,13.45469355583191
2963,74.1823251247406,0.86545306,0.8654530644416809,0.0,0.8654530644416809,13.454694,13.45469355583191
2964,74.20610499382019,0.86545306,0.8654530644416809,0.0,0.8654530644416809,13.454694,13.45469355583191
2965,74.23017048835754,0.86545306,0.8654530644416809,0.0,0.8654530644416809,13.454694,13.45469355583191
2966,74.25465488433838,0.86545306,0.8654530644416809,0.0,0.8654530644416809,13.454694,13.45469355583191
2967,74.27783608436584,0.86545306,0.8654530644416809,0.0,0.8654530644416809,13.454694,13.45469355583191
2968,74.30152034759521,0.86545306,0.8654530644416809,0.0,0.8654530644416809,13.454694,13.45469355583191
2969,74.32517409324646,0.86545306,0.8654530644416809,0.0,0.8654530644416809,13.454694,13.45469355583191
2970,74.34894824028015,0.86545306,0.8654530644416809,0.0,0.8654530644416809,13.454694,13.45469355583191
2971,74.37332773208618,0.86545306,0.8654530644416809,0.0,0.8654530644416809,13.454694,13.45469355583191
2972,74.39788603782654,0.86545306,0.8654530644416809,0.0,0.8654530644416809,13.454694,13.45469355583191
2973,74.42277073860168,0.86545306,0.8654530644416809,0.0,0.8654530644416809,13.454694,13.45469355583191
2974,74.44847750663757,0.86545306,0.8654530644416809,0.0,0.8654530644416809,13.454694,13.45469355583191
2975,74.47223782539368,0.86545306,0.8654530644416809,0.0,0.8654530644416809,13.454694,13.45469355583191
2976,74.49640226364136,0.86545306,0.8654530644416809,0.0,0.8654530644416809,13.454694,13.45469355583191
2977,74.51925039291382,0.86545306,0.8654530644416809,0.0,0.8654530644416809,13.454694,13.45469355583191
2978,74.54287981987,0.86545306,0.8654530644416809,0.0,0.8654530644416809,13.454694,13.45469355583191
2979,74.56896018981934,0.86545306,0.8654530644416809,0.0,0.8654530644416809,13.454694,13.45469355583191
2980,74.59303975105286,0.86545306,0.8654530644416809,0.0,0.8654530644416809,13.454694,13.45469355583191
2981,74.61789155006409,0.86545306,0.8654530644416809,0.0,0.8654530644416809,13.454694,13.45469355583191
2982,74.66247463226318,0.8655816,0.8612770438194275,0.003602373879402876,0.8528971672058105,13.441843,13.872295618057251
2983,74.69327187538147,0.8655816,0.8644087314605713,0.0009268643334507942,0.8623374700546265,13.441843,13.559126853942871
2984,74.71814727783203,0.8655816,0.8651999235153198,0.00026862300001084805,0.8646141290664673,13.441843,13.480007648468018
2985,74.74243998527527,0.8655816,0.8654257655143738,0.00011508104216773063,0.8652136325836182,13.441843,13.457423448562622
2986,74.76523971557617,0.8655816,0.8655272722244263,6.827180186519399e-05,0.8654102087020874,13.441843,13.447272777557373
2987,74.79058885574341,0.8655816,0.8655816316604614,5.960464477539063e-08,0.8655815720558167,13.441843,13.441836833953857
2988,74.8147222995758,0.8655816,0.8655816316604614,5.960464477539063e-08,0.8655815720558167,13.441843,13.441836833953857
2989,74.83931827545166,0.8655816,0.8655816316604614,5.960464477539063e-08,0.8655815720558167,13.441843,13.441836833953857
2990,74.86364221572876,0.8655816,0.8655816316604614,5.960464477539063e-08,0.8655815720558167,13.441843,13.441836833953857
2991,74.88766050338745,0.8655816,0.8655816316604614,5.960464477539063e-08,0.8655815720558167,13.441843,13.441836833953857
2992,74.91099786758423,0.8655816,0.8655816316604614,5.960464477539063e-08,0.8655815720558167,13.441843,13.441836833953857
2993,74.93474531173706,0.8655816,0.8655816316604614,5.960464477539063e-08,0.8655815720558167,13.441843,13.441836833953857
2994,74.95857071876526,0.86596674,0.8655837178230286,2.8549915441544726e-05,0.8655815720558167,13.403326,13.441628217697144
2995,74.98855805397034,0.86596674,0.8655901551246643,5.154283280717209e-05,0.8655815720558167,13.403326,13.44098448753357
2996,75.01251745223999,0.86596674,0.8656044602394104,8.088216418400407e-05,0.8655815720558167,13.403326,13.43955397605896
2997,75.03601932525635,0.8660679,0.8656496405601501,0.00013544203829951584,0.8655815720558167,13.393211,13.435035943984985
2998,75.06696557998657,0.8660971,0.8657424449920654,0.0001727737399050966,0.8655815720558167,13.390291,13.425755500793457
2999,75.09874367713928,0.86622477,0.8659140467643738,0.00011967410682700574,0.865717351436615,13.377523,13.408595323562622
3000,75.13171792030334,0.866443,0.8660492300987244,9.336348011856899e-05,0.8659436106681824,13.355702,13.395076990127563
3001,75.16626954078674,0.86644834,0.8661495447158813,0.00010763458703877404,0.8660195469856262,13.3551655,13.385045528411865
3002,75.20036458969116,0.8666228,0.866260826587677,0.00010574725456535816,0.8661278486251831,13.337719,13.3739173412323
3003,75.23182201385498,0.8666228,0.8663651943206787,8.529041951987892e-05,0.8662421703338623,13.337719,13.363480567932129
3004,75.25649380683899,0.8666228,0.8664505481719971,6.391922215698287e-05,0.8663644790649414,13.337719,13.354945182800293
3005,75.28157448768616,0.86662525,0.8665069341659546,5.547141336137429e-05,0.8664429783821106,13.337475,13.349306583404541
3006,75.31304550170898,0.8666363,0.8665539026260376,4.4534579501487315e-05,0.866491436958313,13.336372,13.34460973739624
3007,75.34401154518127,0.8666414,0.8665968775749207,2.4923725504777394e-05,0.8665510416030884,13.335859,13.340312242507935
3008,75.37561464309692,0.8666448,0.8666223287582397,8.774417437962256e-06,0.8666027784347534,13.33552,13.337767124176025
3009,75.40801072120667,0.8666448,0.8666290640830994,7.206342161225621e-06,0.866622805595398,13.33552,13.337093591690063
3010,75.43363165855408,0.8666448,0.8666351437568665,6.568256594619015e-06,0.8666252493858337,13.33552,13.336485624313354
3011,75.4583580493927,0.8666454,0.8666412234306335,2.3420909656124422e-06,0.8666374683380127,13.335461,13.335877656936646
3012,75.48822546005249,0.8666461,0.8666434288024902,1.5188057886916795e-06,0.8666412830352783,13.335389,13.335657119750977
3013,75.51964068412781,0.86664623,0.8666448593139648,3.991276571468916e-07,0.8666443824768066,13.335377,13.335514068603516
3014,75.55121564865112,0.86664623,0.8666452765464783,4.3286405571052455e-07,0.8666447997093201,13.335377,13.335472345352173
3015,75.57478308677673,0.86664623,0.8666456937789917,3.255499052556843e-07,0.8666452169418335,13.335377,13.33543062210083
3016,75.59857082366943,0.86664623,0.8666459321975708,2.501300571111642e-07,0.8666455149650574,13.335377,13.33540678024292
3017,75.62301421165466,0.86664635,0.8666461110115051,1.1295293234070414e-07,0.8666459918022156,13.335365,13.335388898849487
3018,75.65341567993164,0.86664635,0.8666461110115051,1.4177210516663763e-07,0.8666462302207947,13.335365,13.335388898849487
3019,75.67813420295715,0.86664635,0.8666462898254395,5.960464477539063e-08,0.8666462302207947,13.335365,13.335371017456055
3020,75.70308661460876,0.86664635,0.8666462898254395,5.960464477539063e-08,0.8666462302207947,13.335365,13.335371017456055
3021,75.7301652431488,0.86664635,0.8666464686393738,1.1920928955078125e-07,0.8666463494300842,13.335365,13.335353136062622
3022,75.75542378425598,0.86664635,0.8666464686393738,1.1920928955078125e-07,0.8666463494300842,13.335365,13.335353136062622
3023,75.78049182891846,0.86664635,0.8666464686393738,1.1920928955078125e-07,0.8666463494300842,13.335365,13.335353136062622
3024,75.80504250526428,0.86664635,0.8666464686393738,1.1920928955078125e-07,0.8666463494300842,13.335365,13.335353136062622
3025,75.83003258705139,0.86664635,0.8666464686393738,1.1920928955078125e-07,0.8666463494300842,13.335365,13.335353136062622
3026,75.85370540618896,0.86664635,0.8666464686393738,1.1920928955078125e-07,0.8666463494300842,13.335365,13.335353136062622
3027,75.87751364707947,0.86664635,0.8666464686393738,1.1920928955078125e-07,0.8666463494300842,13.335365,13.335353136062622
3028,75.90183687210083,0.86664635,0.8666464686393738,1.1920928955078125e-07,0.8666463494300842,13.335365,13.335353136062622
3029,75.92612528800964,0.86664635,0.8666464686393738,1.1920928955078125e-07,0.8666463494300842,13.335365,13.335353136062622
3030,75.95013451576233,0.86664635,0.8666464686393738,1.1920928955078125e-07,0.8666463494300842,13.335365,13.335353136062622
3031,75.9739351272583,0.86664635,0.8666464686393738,1.1920928955078125e-07,0.8666463494300842,13.335365,13.335353136062622
3032,75.99725651741028,0.86664635,0.8666464686393738,1.1920928955078125e-07,0.8666463494300842,13.335365,13.335353136062622
3033,76.02094864845276,0.86664635,0.8666464686393738,1.1920928955078125e-07,0.8666463494300842,13.335365,13.335353136062622
3034,76.0455813407898,0.86664635,0.8666464686393738,1.1920928955078125e-07,0.8666463494300842,13.335365,13.335353136062622
3035,76.07005214691162,0.86664635,0.8666464686393738,1.1920928955078125e-07,0.8666463494300842,13.335365,13.335353136062622
3036,76.09377837181091,0.86664635,0.8666464686393738,1.1920928955078125e-07,0.8666463494300842,13.335365,13.335353136062622
3037,76.11725211143494,0.86664635,0.8666464686393738,1.1920928955078125e-07,0.8666463494300842,13.335365,13.335353136062622
3038,76.14201951026917,0.86664635,0.8666464686393738,1.1920928955078125e-07,0.8666463494300842,13.335365,13.335353136062622
3039,76.16577553749084,0.86664635,0.8666464686393738,1.1920928955078125e-07,0.8666463494300842,13.335365,13.335353136062622
3040,76.19191861152649,0.86664635,0.8666464686393738,1.1920928955078125e-07,0.8666463494300842,13.335365,13.335353136062622
3041,76.21677947044373,0.86664635,0.8666464686393738,1.1920928955078125e-07,0.8666463494300842,13.335365,13.335353136062622
3042,76.24094557762146,0.86664635,0.8666464686393738,1.1920928955078125e-07,0.8666463494300842,13.335365,13.335353136062622
3043,76.26467680931091,0.86664635,0.8666464686393738,1.1920928955078125e-07,0.8666463494300842,13.335365,13.335353136062622
3044,76.28814435005188,0.86664635,0.8666464686393738,1.1920928955078125e-07,0.8666463494300842,13.335365,13.335353136062622
3045,76.31332755088806,0.86664635,0.8666464686393738,1.1920928955078125e-07,0.8666463494300842,13.335365,13.335353136062622
3046,76.33822536468506,0.86664635,0.8666464686393738,1.1920928955078125e-07,0.8666463494300842,13.335365,13.335353136062622
3047,76.36560726165771,0.86664635,0.8666464686393738,1.1920928955078125e-07,0.8666463494300842,13.335365,13.335353136062622
3048,76.39893889427185,0.86664635,0.8666464686393738,1.1920928955078125e-07,0.8666463494300842,13.335365,13.335353136062622
3049,76.43288922309875,0.86664635,0.8666464686393738,1.1920928955078125e-07,0.8666463494300842,13.335365,13.335353136062622
3050,76.4608964920044,0.86664635,0.8666464686393738,1.1920928955078125e-07,0.8666463494300842,13.335365,13.335353136062622
3051,76.48719191551208,0.86664635,0.8666464686393738,1.1920928955078125e-07,0.8666463494300842,13.335365,13.335353136062622
3052,76.51385235786438,0.86664635,0.8666464686393738,1.1920928955078125e-07,0.8666463494300842,13.335365,13.335353136062622
3053,76.53919959068298,0.86664635,0.8666464686393738,1.1920928955078125e-07,0.8666463494300842,13.335365,13.335353136062622
3054,76.56325483322144,0.86664635,0.8666464686393738,1.1920928955078125e-07,0.8666463494300842,13.335365,13.335353136062622
3055,76.58732557296753,0.86664635,0.8666464686393738,1.1920928955078125e-07,0.8666463494300842,13.335365,13.335353136062622
3056,76.61188101768494,0.86664635,0.8666464686393738,1.1920928955078125e-07,0.8666463494300842,13.335365,13.335353136062622
3057,76.63584494590759,0.86664635,0.8666464686393738,1.1920928955078125e-07,0.8666463494300842,13.335365,13.335353136062622
3058,76.65979743003845,0.86664635,0.8666464686393738,1.1920928955078125e-07,0.8666463494300842,13.335365,13.335353136062622
3059,76.68423175811768,0.86664635,0.8666464686393738,1.1920928955078125e-07,0.8666463494300842,13.335365,13.335353136062622
3060,76.70862627029419,0.86664635,0.8666464686393738,1.1920928955078125e-07,0.8666463494300842,13.335365,13.335353136062622
3061,76.73201060295105,0.86664635,0.8666464686393738,1.1920928955078125e-07,0.8666463494300842,13.335365,13.335353136062622
3062,76.75581526756287,0.86664635,0.8666464686393738,1.1920928955078125e-07,0.8666463494300842,13.335365,13.335353136062622
3063,76.77935147285461,0.86664635,0.8666464686393738,1.1920928955078125e-07,0.8666463494300842,13.335365,13.335353136062622
3064,76.8034942150116,0.86664635,0.8666464686393738,1.1920928955078125e-07,0.8666463494300842,13.335365,13.335353136062622
3065,76.82740926742554,0.86664635,0.8666464686393738,1.1920928955078125e-07,0.8666463494300842,13.335365,13.335353136062622
3066,76.85116267204285,0.86664635,0.8666464686393738,1.1920928955078125e-07,0.8666463494300842,13.335365,13.335353136062622
3067,76.87577414512634,0.86664635,0.8666464686393738,1.1920928955078125e-07,0.8666463494300842,13.335365,13.335353136062622
3068,76.9003677368164,0.86664635,0.8666464686393738,1.1920928955078125e-07,0.8666463494300842,13.335365,13.335353136062622
3069,76.92527604103088,0.86664635,0.8666464686393738,1.1920928955078125e-07,0.8666463494300842,13.335365,13.335353136062622
3070,76.9490258693695,0.86664635,0.8666464686393738,1.1920928955078125e-07,0.8666463494300842,13.335365,13.335353136062622
3071,76.97360634803772,0.86664635,0.8666464686393738,1.1920928955078125e-07,0.8666463494300842,13.335365,13.335353136062622
3072,76.99704170227051,0.86664635,0.8666464686393738,1.1920928955078125e-07,0.8666463494300842,13.335365,13.335353136062622
3073,77.01950860023499,0.86664635,0.8666464686393738,1.1920928955078125e-07,0.8666463494300842,13.335365,13.335353136062622
3074,77.04259896278381,0.86664635,0.8666464686393738,1.1920928955078125e-07,0.8666463494300842,13.335365,13.335353136062622
3075,77.06767725944519,0.86664635,0.8666464686393738,1.1920928955078125e-07,0.8666463494300842,13.335365,13.335353136062622
3076,77.09148049354553,0.86664635,0.8666464686393738,1.1920928955078125e-07,0.8666463494300842,13.335365,13.335353136062622
3077,77.1157660484314,0.86664635,0.8666464686393738,1.1920928955078125e-07,0.8666463494300842,13.335365,13.335353136062622
3078,77.13903188705444,0.86664635,0.8666464686393738,1.1920928955078125e-07,0.8666463494300842,13.335365,13.335353136062622
3079,77.16271710395813,0.86664635,0.8666464686393738,1.1920928955078125e-07,0.8666463494300842,13.335365,13.335353136062622
3080,77.18669748306274,0.86664635,0.8666464686393738,1.1920928955078125e-07,0.8666463494300842,13.335365,13.335353136062622
3081,77.21087121963501,0.86664635,0.8666464686393738,1.1920928955078125e-07,0.8666463494300842,13.335365,13.335353136062622
3082,77.23751068115234,0.86664635,0.8666464686393738,1.1920928955078125e-07,0.8666463494300842,13.335365,13.335353136062622
3083,77.26138138771057,0.86664635,0.8666464686393738,1.1920928955078125e-07,0.8666463494300842,13.335365,13.335353136062622
3084,77.28489398956299,0.86664635,0.8666464686393738,1.1920928955078125e-07,0.8666463494300842,13.335365,13.335353136062622
3085,77.30865621566772,0.86664635,0.8666464686393738,1.1920928955078125e-07,0.8666463494300842,13.335365,13.335353136062622
3086,77.33205056190491,0.86664635,0.8666464686393738,1.1920928955078125e-07,0.8666463494300842,13.335365,13.335353136062622
3087,77.35711932182312,0.86664635,0.8666464686393738,1.1920928955078125e-07,0.8666463494300842,13.335365,13.335353136062622
3088,77.3803198337555,0.86664635,0.8666464686393738,1.1920928955078125e-07,0.8666463494300842,13.335365,13.335353136062622
3089,77.40399742126465,0.86664635,0.8666464686393738,1.1920928955078125e-07,0.8666463494300842,13.335365,13.335353136062622
3090,77.42948603630066,0.86664635,0.8666464686393738,1.1920928955078125e-07,0.8666463494300842,13.335365,13.335353136062622
3091,77.45354437828064,0.86664635,0.8666464686393738,1.1920928955078125e-07,0.8666463494300842,13.335365,13.335353136062622
3092,77.49697613716125,0.8667766,0.8637174367904663,0.0026347627863287926,0.8574179410934448,13.322342,13.62825632095337
3093,77.52870988845825,0.8667766,0.8660032153129578,0.0006538511370308697,0.8645681142807007,13.322342,13.399678468704224
3094,77.55350828170776,0.8667766,0.8665670156478882,0.00017916668730322272,0.8662154674530029,13.322342,13.343298435211182
3095,77.57745599746704,0.8667766,0.8667213320732117,5.4675019782735035e-05,0.8666098713874817,13.322342,13.327866792678833
3096,77.60206341743469,0.8667766,0.8667634725570679,1.7414729882148094e-05,0.866740345954895,13.322342,13.323652744293213
3097,77.62663245201111,0.8667766,0.8667765259742737,5.960464477539063e-08,0.8667765855789185,13.322342,13.322347402572632
3098,77.65128970146179,0.8667766,0.8667765259742737,5.960464477539063e-08,0.8667765855789185,13.322342,13.322347402572632
3099,77.67512536048889,0.8667766,0.8667765259742737,5.960464477539063e-08,0.8667765855789185,13.322342,13.322347402572632
3100,77.6993956565857,0.8667766,0.8667765259742737,5.960464477539063e-08,0.8667765855789185,13.322342,13.322347402572632
3101,77.72393298149109,0.8667766,0.8667765259742737,5.960464477539063e-08,0.8667765855789185,13.322342,13.322347402572632
3102,77.74826335906982,0.8667766,0.8667765259742737,5.960464477539063e-08,0.8667765855789185,13.322342,13.322347402572632
3103,77.77185297012329,0.8667766,0.8667765259742737,5.960464477539063e-08,0.8667765855789185,13.322342,13.322347402572632
3104,77.79584074020386,0.8667766,0.8667765259742737,5.960464477539063e-08,0.8667765855789185,13.322342,13.322347402572632
3105,77.8211019039154,0.8667766,0.8667765259742737,5.960464477539063e-08,0.8667765855789185,13.322342,13.322347402572632
3106,77.8467869758606,0.8667766,0.8667765259742737,5.960464477539063e-08,0.8667765855789185,13.322342,13.322347402572632
3107,77.872718334198,0.8667766,0.8667765259742737,5.960464477539063e-08,0.8667765855789185,13.322342,13.322347402572632
3108,77.89925146102905,0.8667766,0.8667765259742737,5.960464477539063e-08,0.8667765855789185,13.322342,13.322347402572632
3109,77.92534708976746,0.8667766,0.8667765259742737,5.960464477539063e-08,0.8667765855789185,13.322342,13.322347402572632
3110,77.949871301651,0.8667766,0.8667765259742737,5.960464477539063e-08,0.8667765855789185,13.322342,13.322347402572632
3111,77.97385501861572,0.8667766,0.8667765259742737,5.960464477539063e-08,0.8667765855789185,13.322342,13.322347402572632
3112,77.99915313720703,0.8667766,0.8667765259742737,5.960464477539063e-08,0.8667765855789185,13.322342,13.322347402572632
3113,78.0227403640747,0.8667766,0.8667765259742737,5.960464477539063e-08,0.8667765855789185,13.322342,13.322347402572632
3114,78.0473005771637,0.8667766,0.8667765259742737,5.960464477539063e-08,0.8667765855789185,13.322342,13.322347402572632
3115,78.07185363769531,0.8667766,0.8667765259742737,5.960464477539063e-08,0.8667765855789185,13.322342,13.322347402572632
3116,78.09517550468445,0.8667766,0.8667765259742737,5.960464477539063e-08,0.8667765855789185,13.322342,13.322347402572632
3117,78.11999845504761,0.8667766,0.8667765259742737,5.960464477539063e-08,0.8667765855789185,13.322342,13.322347402572632
3118,78.14436054229736,0.8667766,0.8667765259742737,5.960464477539063e-08,0.8667765855789185,13.322342,13.322347402572632
3119,78.16903781890869,0.8667766,0.8667765259742737,5.960464477539063e-08,0.8667765855789185,13.322342,13.322347402572632
3120,78.19290161132812,0.8667766,0.8667765259742737,5.960464477539063e-08,0.8667765855789185,13.322342,13.322347402572632
3121,78.21751379966736,0.8667766,0.8667765259742737,5.960464477539063e-08,0.8667765855789185,13.322342,13.322347402572632
3122,78.24259614944458,0.8667766,0.8667765259742737,5.960464477539063e-08,0.8667765855789185,13.322342,13.322347402572632
3123,78.2666449546814,0.8667766,0.8667765259742737,5.960464477539063e-08,0.8667765855789185,13.322342,13.322347402572632
3124,78.2908411026001,0.8667766,0.8667765259742737,5.960464477539063e-08,0.8667765855789185,13.322342,13.322347402572632
3125,78.3153305053711,0.8667766,0.8667765259742737,5.960464477539063e-08,0.8667765855789185,13.322342,13.322347402572632
3126,78.3405692577362,0.8667766,0.8667765259742737,5.960464477539063e-08,0.8667765855789185,13.322342,13.322347402572632
3127,78.36460256576538,0.8667766,0.8667765259742737,5.960464477539063e-08,0.8667765855789185,13.322342,13.322347402572632
3128,78.38833045959473,0.8667766,0.8667765259742737,5.960464477539063e-08,0.8667765855789185,13.322342,13.322347402572632
3129,78.41389036178589,0.8667766,0.8667765259742737,5.960464477539063e-08,0.8667765855789185,13.322342,13.322347402572632
3130,78.43948483467102,0.8667766,0.8667765259742737,5.960464477539063e-08,0.8667765855789185,13.322342,13.322347402572632
3131,78.46344494819641,0.8667766,0.8667765259742737,5.960464477539063e-08,0.8667765855789185,13.322342,13.322347402572632
3132,78.4880793094635,0.8667766,0.8667765259742737,5.960464477539063e-08,0.8667765855789185,13.322342,13.322347402572632
3133,78.51160311698914,0.8667766,0.8667765259742737,5.960464477539063e-08,0.8667765855789185,13.322342,13.322347402572632
3134,78.53681588172913,0.8667766,0.8667765259742737,5.960464477539063e-08,0.8667765855789185,13.322342,13.322347402572632
3135,78.56091737747192,0.8667766,0.8667765259742737,5.960464477539063e-08,0.8667765855789185,13.322342,13.322347402572632
3136,78.5861234664917,0.8667766,0.8667765259742737,5.960464477539063e-08,0.8667765855789185,13.322342,13.322347402572632
3137,78.60985779762268,0.8667766,0.8667765259742737,5.960464477539063e-08,0.8667765855789185,13.322342,13.322347402572632
3138,78.63384580612183,0.8667766,0.8667765259742737,5.960464477539063e-08,0.8667765855789185,13.322342,13.322347402572632
3139,78.65769505500793,0.8667766,0.8667765259742737,5.960464477539063e-08,0.8667765855789185,13.322342,13.322347402572632
3140,78.68261122703552,0.8667766,0.8667765259742737,5.960464477539063e-08,0.8667765855789185,13.322342,13.322347402572632
3141,78.7064311504364,0.8667766,0.8667765259742737,5.960464477539063e-08,0.8667765855789185,13.322342,13.322347402572632
3142,78.7304437160492,0.8667766,0.8667765259742737,5.960464477539063e-08,0.8667765855789185,13.322342,13.322347402572632
3143,78.75442314147949,0.8667766,0.8667765259742737,5.960464477539063e-08,0.8667765855789185,13.322342,13.322347402572632
3144,78.77897047996521,0.8667766,0.8667765259742737,5.960464477539063e-08,0.8667765855789185,13.322342,13.322347402572632
3145,78.80360913276672,0.8667766,0.8667765259742737,5.960464477539063e-08,0.8667765855789185,13.322342,13.322347402572632
3146,78.8285903930664,0.8667766,0.8667765259742737,5.960464477539063e-08,0.8667765855789185,13.322342,13.322347402572632
3147,78.85176992416382,0.8667766,0.8667765259742737,5.960464477539063e-08,0.8667765855789185,13.322342,13.322347402572632
3148,78.87712597846985,0.8667766,0.8667765259742737,5.960464477539063e-08,0.8667765855789185,13.322342,13.322347402572632
3149,78.90158081054688,0.8667766,0.8667765259742737,5.960464477539063e-08,0.8667765855789185,13.322342,13.322347402572632
3150,78.92588376998901,0.8667766,0.8667765259742737,5.960464477539063e-08,0.8667765855789185,13.322342,13.322347402572632
3151,78.95064449310303,0.8667766,0.8667765259742737,5.960464477539063e-08,0.8667765855789185,13.322342,13.322347402572632
3152,78.97585248947144,0.8667766,0.8667765259742737,5.960464477539063e-08,0.8667765855789185,13.322342,13.322347402572632
3153,79.000972032547,0.8667766,0.8667765259742737,5.960464477539063e-08,0.8667765855789185,13.322342,13.322347402572632
3154,79.02501034736633,0.8667766,0.8667765259742737,5.960464477539063e-08,0.8667765855789185,13.322342,13.322347402572632
3155,79.04833817481995,0.8667766,0.8667765259742737,5.960464477539063e-08,0.8667765855789185,13.322342,13.322347402572632
3156,79.07375383377075,0.8667766,0.8667765259742737,5.960464477539063e-08,0.8667765855789185,13.322342,13.322347402572632
3157,79.09764766693115,0.8667766,0.8667765259742737,5.960464477539063e-08,0.8667765855789185,13.322342,13.322347402572632
3158,79.12144541740417,0.8667766,0.8667765259742737,5.960464477539063e-08,0.8667765855789185,13.322342,13.322347402572632
3159,79.14518928527832,0.8667766,0.8667765259742737,5.960464477539063e-08,0.8667765855789185,13.322342,13.322347402572632
3160,79.16932129859924,0.8667766,0.8667765259742737,5.960464477539063e-08,0.8667765855789185,13.322342,13.322347402572632
3161,79.19267654418945,0.8667766,0.8667765259742737,5.960464477539063e-08,0.8667765855789185,13.322342,13.322347402572632
3162,79.21785235404968,0.8667766,0.8667765259742737,5.960464477539063e-08,0.8667765855789185,13.322342,13.322347402572632
3163,79.2428548336029,0.8667766,0.8667765259742737,5.960464477539063e-08,0.8667765855789185,13.322342,13.322347402572632
3164,79.267897605896,0.8667766,0.8667765259742737,5.960464477539063e-08,0.8667765855789185,13.322342,13.322347402572632
3165,79.29214525222778,0.8667766,0.8667765259742737,5.960464477539063e-08,0.8667765855789185,13.322342,13.322347402572632
3166,79.31629061698914,0.8667766,0.8667765259742737,5.960464477539063e-08,0.8667765855789185,13.322342,13.322347402572632
3167,79.34145069122314,0.8667766,0.8667765259742737,5.960464477539063e-08,0.8667765855789185,13.322342,13.322347402572632
3168,79.36657810211182,0.8667766,0.8667765259742737,5.960464477539063e-08,0.8667765855789185,13.322342,13.322347402572632
3169,79.39149951934814,0.8667766,0.8667765259742737,5.960464477539063e-08,0.8667765855789185,13.322342,13.322347402572632
3170,79.41593337059021,0.8667766,0.8667765259742737,5.960464477539063e-08,0.8667765855789185,13.322342,13.322347402572632
3171,79.44036769866943,0.8667766,0.8667765259742737,5.960464477539063e-08,0.8667765855789185,13.322342,13.322347402572632
3172,79.46404576301575,0.8667766,0.8667765259742737,5.960464477539063e-08,0.8667765855789185,13.322342,13.322347402572632
3173,79.48773550987244,0.8667766,0.8667765259742737,5.960464477539063e-08,0.8667765855789185,13.322342,13.322347402572632
3174,79.5111870765686,0.8667766,0.8667765259742737,5.960464477539063e-08,0.8667765855789185,13.322342,13.322347402572632
3175,79.53505825996399,0.8667766,0.8667765259742737,5.960464477539063e-08,0.8667765855789185,13.322342,13.322347402572632
3176,79.55998754501343,0.8667766,0.8667765259742737,5.960464477539063e-08,0.8667765855789185,13.322342,13.322347402572632
3177,79.58408665657043,0.8667766,0.8667765259742737,5.960464477539063e-08,0.8667765855789185,13.322342,13.322347402572632
3178,79.60823249816895,0.8667766,0.8667765259742737,5.960464477539063e-08,0.8667765855789185,13.322342,13.322347402572632
3179,79.63251495361328,0.8667766,0.8667765259742737,5.960464477539063e-08,0.8667765855789185,13.322342,13.322347402572632
3180,79.6571671962738,0.8667766,0.8667765259742737,5.960464477539063e-08,0.8667765855789185,13.322342,13.322347402572632
3181,79.68130850791931,0.8667766,0.8667765259742737,5.960464477539063e-08,0.8667765855789185,13.322342,13.322347402572632
3182,79.70515251159668,0.8667766,0.8667765259742737,5.960464477539063e-08,0.8667765855789185,13.322342,13.322347402572632
3183,79.7295434474945,0.8667766,0.8667765259742737,5.960464477539063e-08,0.8667765855789185,13.322342,13.322347402572632
3184,79.75348496437073,0.8667766,0.8667765259742737,5.960464477539063e-08,0.8667765855789185,13.322342,13.322347402572632
3185,79.77730512619019,0.8667766,0.8667765259742737,5.960464477539063e-08,0.8667765855789185,13.322342,13.322347402572632
3186,79.8013505935669,0.8667766,0.8667765259742737,5.960464477539063e-08,0.8667765855789185,13.322342,13.322347402572632
3187,79.82390689849854,0.8667766,0.8667765259742737,5.960464477539063e-08,0.8667765855789185,13.322342,13.322347402572632
3188,79.84893560409546,0.8667766,0.8667765259742737,5.960464477539063e-08,0.8667765855789185,13.322342,13.322347402572632
3189,79.87237358093262,0.8667766,0.8667765259742737,5.960464477539063e-08,0.8667765855789185,13.322342,13.322347402572632
3190,79.89671039581299,0.8667766,0.8667765259742737,5.960464477539063e-08,0.8667765855789185,13.322342,13.322347402572632
3191,79.92182230949402,0.8667766,0.8667765259742737,5.960464477539063e-08,0.8667765855789185,13.322342,13.322347402572632
3192,79.94551134109497,0.8667766,0.8667765259742737,5.960464477539063e-08,0.8667765855789185,13.322342,13.322347402572632
3193,79.99767398834229,0.866806,0.8636669516563416,0.0026954375207424164,0.8581729531288147,13.319403,13.633304834365845
3194,80.03053426742554,0.866806,0.8661057949066162,0.000666885229293257,0.8643204569816589,13.319403,13.389420509338379
3195,80.0554187297821,0.866806,0.866643488407135,0.00014582173025701195,0.8663127422332764,13.319403,13.335651159286499
3196,80.08010840415955,0.866806,0.8667697906494141,2.888384733523708e-05,0.8666961789131165,13.319403,13.323020935058594
3197,80.10399270057678,0.866806,0.8667929768562317,1.4583870324713644e-05,0.8667765855789185,13.319403,13.320702314376831
3198,80.12844061851501,0.866806,0.8668059706687927,0.0,0.8668059706687927,13.319403,13.319402933120728
3199,80.15221405029297,0.866806,0.8668059706687927,0.0,0.8668059706687927,13.319403,13.319402933120728
3200,80.1772232055664,0.866806,0.8668059706687927,0.0,0.8668059706687927,13.319403,13.319402933120728
3201,80.20125937461853,0.866806,0.8668059706687927,0.0,0.8668059706687927,13.319403,13.319402933120728
3202,80.22475576400757,0.866806,0.8668059706687927,0.0,0.8668059706687927,13.319403,13.319402933120728
3203,80.24897718429565,0.866806,0.8668059706687927,0.0,0.8668059706687927,13.319403,13.319402933120728
3204,80.27244091033936,0.866806,0.8668059706687927,0.0,0.8668059706687927,13.319403,13.319402933120728
3205,80.29659843444824,0.866806,0.8668059706687927,0.0,0.8668059706687927,13.319403,13.319402933120728
3206,80.32146120071411,0.866806,0.8668059706687927,0.0,0.8668059706687927,13.319403,13.319402933120728
3207,80.34541535377502,0.866806,0.8668059706687927,0.0,0.8668059706687927,13.319403,13.319402933120728
3208,80.37010884284973,0.866806,0.8668059706687927,0.0,0.8668059706687927,13.319403,13.319402933120728
3209,80.3946361541748,0.866806,0.8668059706687927,0.0,0.8668059706687927,13.319403,13.319402933120728
3210,80.41944813728333,0.866806,0.8668059706687927,0.0,0.8668059706687927,13.319403,13.319402933120728
3211,80.44448971748352,0.866806,0.8668059706687927,0.0,0.8668059706687927,13.319403,13.319402933120728
3212,80.4678328037262,0.866806,0.8668059706687927,0.0,0.8668059706687927,13.319403,13.319402933120728
3213,80.49224019050598,0.866806,0.8668059706687927,0.0,0.8668059706687927,13.319403,13.319402933120728
3214,80.51595735549927,0.866806,0.8668059706687927,0.0,0.8668059706687927,13.319403,13.319402933120728
3215,80.53927636146545,0.866806,0.8668059706687927,0.0,0.8668059706687927,13.319403,13.319402933120728
3216,80.56351137161255,0.866806,0.8668059706687927,0.0,0.8668059706687927,13.319403,13.319402933120728
3217,80.58655786514282,0.866806,0.8668059706687927,0.0,0.8668059706687927,13.319403,13.319402933120728
3218,80.6110827922821,0.866806,0.8668059706687927,0.0,0.8668059706687927,13.319403,13.319402933120728
3219,80.63507747650146,0.866806,0.8668059706687927,0.0,0.8668059706687927,13.319403,13.319402933120728
3220,80.6595196723938,0.866806,0.8668059706687927,0.0,0.8668059706687927,13.319403,13.319402933120728
3221,80.6831214427948,0.866806,0.8668059706687927,0.0,0.8668059706687927,13.319403,13.319402933120728
3222,80.70818614959717,0.866806,0.8668059706687927,0.0,0.8668059706687927,13.319403,13.319402933120728
3223,80.73367357254028,0.866806,0.8668059706687927,0.0,0.8668059706687927,13.319403,13.319402933120728
3224,80.75803279876709,0.866806,0.8668059706687927,0.0,0.8668059706687927,13.319403,13.319402933120728
3225,80.78154921531677,0.866806,0.8668059706687927,0.0,0.8668059706687927,13.319403,13.319402933120728
3226,80.80570220947266,0.866806,0.8668059706687927,0.0,0.8668059706687927,13.319403,13.319402933120728
3227,80.82905459403992,0.866806,0.8668059706687927,0.0,0.8668059706687927,13.319403,13.319402933120728
3228,80.85316634178162,0.866806,0.8668059706687927,0.0,0.8668059706687927,13.319403,13.319402933120728
3229,80.87694835662842,0.866806,0.8668059706687927,0.0,0.8668059706687927,13.319403,13.319402933120728
3230,80.90149140357971,0.866806,0.8668059706687927,0.0,0.8668059706687927,13.319403,13.319402933120728
3231,80.92553853988647,0.866806,0.8668059706687927,0.0,0.8668059706687927,13.319403,13.319402933120728
3232,80.94948744773865,0.866806,0.8668059706687927,0.0,0.8668059706687927,13.319403,13.319402933120728
3233,80.97362732887268,0.866806,0.8668059706687927,0.0,0.8668059706687927,13.319403,13.319402933120728
3234,80.9975368976593,0.866806,0.8668059706687927,0.0,0.8668059706687927,13.319403,13.319402933120728
3235,81.02184963226318,0.866806,0.8668059706687927,0.0,0.8668059706687927,13.319403,13.319402933120728
3236,81.04634022712708,0.866806,0.8668059706687927,0.0,0.8668059706687927,13.319403,13.319402933120728
3237,81.07031321525574,0.866806,0.8668059706687927,0.0,0.8668059706687927,13.319403,13.319402933120728
3238,81.09482884407043,0.866806,0.8668059706687927,0.0,0.8668059706687927,13.319403,13.319402933120728
3239,81.11983585357666,0.866806,0.8668059706687927,0.0,0.8668059706687927,13.319403,13.319402933120728
3240,81.14413356781006,0.866806,0.8668059706687927,0.0,0.8668059706687927,13.319403,13.319402933120728
3241,81.16825079917908,0.866806,0.8668059706687927,0.0,0.8668059706687927,13.319403,13.319402933120728
3242,81.19130516052246,0.866806,0.8668059706687927,0.0,0.8668059706687927,13.319403,13.319402933120728
3243,81.2155442237854,0.866806,0.8668059706687927,0.0,0.8668059706687927,13.319403,13.319402933120728
3244,81.24004864692688,0.866806,0.8668059706687927,0.0,0.8668059706687927,13.319403,13.319402933120728
3245,81.26519989967346,0.866806,0.8668059706687927,0.0,0.8668059706687927,13.319403,13.319402933120728
3246,81.29086828231812,0.866806,0.8668059706687927,0.0,0.8668059706687927,13.319403,13.319402933120728
3247,81.31469416618347,0.866806,0.8668059706687927,0.0,0.8668059706687927,13.319403,13.319402933120728
3248,81.33983874320984,0.866806,0.8668059706687927,0.0,0.8668059706687927,13.319403,13.319402933120728
3249,81.36516523361206,0.866806,0.8668059706687927,0.0,0.8668059706687927,13.319403,13.319402933120728
3250,81.39223527908325,0.866806,0.8668059706687927,0.0,0.8668059706687927,13.319403,13.319402933120728
3251,81.41800856590271,0.866806,0.8668059706687927,0.0,0.8668059706687927,13.319403,13.319402933120728
3252,81.4414873123169,0.866806,0.8668059706687927,0.0,0.8668059706687927,13.319403,13.319402933120728
3253,81.46525049209595,0.866806,0.8668059706687927,0.0,0.8668059706687927,13.319403,13.319402933120728
3254,81.48954272270203,0.866806,0.8668059706687927,0.0,0.8668059706687927,13.319403,13.319402933120728
3255,81.5139627456665,0.866806,0.8668059706687927,0.0,0.8668059706687927,13.319403,13.319402933120728
3256,81.53831815719604,0.866806,0.8668059706687927,0.0,0.8668059706687927,13.319403,13.319402933120728
3257,81.56318712234497,0.866806,0.8668059706687927,0.0,0.8668059706687927,13.319403,13.319402933120728
3258,81.58565950393677,0.866806,0.8668059706687927,0.0,0.8668059706687927,13.319403,13.319402933120728
3259,81.60978817939758,0.866806,0.8668059706687927,0.0,0.8668059706687927,13.319403,13.319402933120728
3260,81.6341609954834,0.866806,0.8668059706687927,0.0,0.8668059706687927,13.319403,13.319402933120728
3261,81.658695936203,0.866806,0.8668059706687927,0.0,0.8668059706687927,13.319403,13.319402933120728
3262,81.68256163597107,0.866806,0.8668059706687927,0.0,0.8668059706687927,13.319403,13.319402933120728
3263,81.70695352554321,0.866806,0.8668059706687927,0.0,0.8668059706687927,13.319403,13.319402933120728
3264,81.73076963424683,0.866806,0.8668059706687927,0.0,0.8668059706687927,13.319403,13.319402933120728
3265,81.7543671131134,0.866806,0.8668059706687927,0.0,0.8668059706687927,13.319403,13.319402933120728
3266,81.77806258201599,0.866806,0.8668059706687927,0.0,0.8668059706687927,13.319403,13.319402933120728
3267,81.80143928527832,0.866806,0.8668059706687927,0.0,0.8668059706687927,13.319403,13.319402933120728
3268,81.82544922828674,0.866806,0.8668059706687927,0.0,0.8668059706687927,13.319403,13.319402933120728
3269,81.84929394721985,0.866806,0.8668059706687927,0.0,0.8668059706687927,13.319403,13.319402933120728
3270,81.87337017059326,0.866806,0.8668059706687927,0.0,0.8668059706687927,13.319403,13.319402933120728
3271,81.8979389667511,0.866806,0.8668059706687927,0.0,0.8668059706687927,13.319403,13.319402933120728
3272,81.92255711555481,0.866806,0.8668059706687927,0.0,0.8668059706687927,13.319403,13.319402933120728
3273,81.94611430168152,0.866806,0.8668059706687927,0.0,0.8668059706687927,13.319403,13.319402933120728
3274,81.97119975090027,0.866806,0.8668059706687927,0.0,0.8668059706687927,13.319403,13.319402933120728
3275,81.99497151374817,0.866806,0.8668059706687927,0.0,0.8668059706687927,13.319403,13.319402933120728
3276,82.02018237113953,0.866806,0.8668059706687927,0.0,0.8668059706687927,13.319403,13.319402933120728
3277,82.04640579223633,0.866806,0.8668059706687927,0.0,0.8668059706687927,13.319403,13.319402933120728
3278,82.0722222328186,0.866806,0.8668059706687927,0.0,0.8668059706687927,13.319403,13.319402933120728
3279,82.09739780426025,0.866806,0.8668059706687927,0.0,0.8668059706687927,13.319403,13.319402933120728
3280,82.12407612800598,0.866806,0.8668059706687927,0.0,0.8668059706687927,13.319403,13.319402933120728
3281,82.14840459823608,0.866806,0.8668059706687927,0.0,0.8668059706687927,13.319403,13.319402933120728
3282,82.17186975479126,0.866806,0.8668059706687927,0.0,0.8668059706687927,13.319403,13.319402933120728
3283,82.19656014442444,0.866806,0.8668059706687927,0.0,0.8668059706687927,13.319403,13.319402933120728
3284,82.22111320495605,0.866806,0.8668059706687927,0.0,0.8668059706687927,13.319403,13.319402933120728
3285,82.24315547943115,0.866806,0.8668059706687927,0.0,0.8668059706687927,13.319403,13.319402933120728
3286,82.26856327056885,0.866806,0.8668059706687927,0.0,0.8668059706687927,13.319403,13.319402933120728
3287,82.29350280761719,0.866806,0.8668059706687927,0.0,0.8668059706687927,13.319403,13.319402933120728
3288,82.31757760047913,0.866806,0.8668059706687927,0.0,0.8668059706687927,13.319403,13.319402933120728
3289,82.34111595153809,0.866806,0.8668059706687927,0.0,0.8668059706687927,13.319403,13.319402933120728
3290,82.36625170707703,0.866806,0.8668059706687927,0.0,0.8668059706687927,13.319403,13.319402933120728
3291,82.39092206954956,0.866806,0.8668059706687927,0.0,0.8668059706687927,13.319403,13.319402933120728
3292,82.41665315628052,0.866806,0.8668059706687927,0.0,0.8668059706687927,13.319403,13.319402933120728
3293,82.44151306152344,0.866806,0.8668059706687927,0.0,0.8668059706687927,13.319403,13.319402933120728
3294,82.46549463272095,0.866806,0.8668059706687927,0.0,0.8668059706687927,13.319403,13.319402933120728
3295,82.49010801315308,0.866806,0.8668059706687927,0.0,0.8668059706687927,13.319403,13.319402933120728
3296,82.51313805580139,0.866806,0.8668059706687927,0.0,0.8668059706687927,13.319403,13.319402933120728
3297,82.53688764572144,0.866806,0.8668059706687927,0.0,0.8668059706687927,13.319403,13.319402933120728
3298,82.56050729751587,0.866806,0.8668059706687927,0.0,0.8668059706687927,13.319403,13.319402933120728
3299,82.58494973182678,0.866806,0.8668059706687927,0.0,0.8668059706687927,13.319403,13.319402933120728
3300,82.6090931892395,0.866806,0.8668059706687927,0.0,0.8668059706687927,13.319403,13.319402933120728
3301,82.63285684585571,0.866806,0.8668059706687927,0.0,0.8668059706687927,13.319403,13.319402933120728
3302,82.65722608566284,0.866806,0.8668059706687927,0.0,0.8668059706687927,13.319403,13.319402933120728
3303,82.6815664768219,0.866806,0.8668059706687927,0.0,0.8668059706687927,13.319403,13.319402933120728
3304,82.70589995384216,0.866806,0.8668059706687927,0.0,0.8668059706687927,13.319403,13.319402933120728
3305,82.7297613620758,0.866806,0.8668059706687927,0.0,0.8668059706687927,13.319403,13.319402933120728
3306,82.75292944908142,0.866806,0.8668059706687927,0.0,0.8668059706687927,13.319403,13.319402933120728
3307,82.77802968025208,0.866806,0.8668059706687927,0.0,0.8668059706687927,13.319403,13.319402933120728
3308,82.80290198326111,0.866806,0.8668059706687927,0.0,0.8668059706687927,13.319403,13.319402933120728
3309,82.82729721069336,0.866806,0.8668059706687927,0.0,0.8668059706687927,13.319403,13.319402933120728
3310,82.8511791229248,0.866806,0.8668059706687927,0.0,0.8668059706687927,13.319403,13.319402933120728
3311,82.87472558021545,0.866806,0.8668059706687927,0.0,0.8668059706687927,13.319403,13.319402933120728
3312,82.89893102645874,0.866806,0.8668059706687927,0.0,0.8668059706687927,13.319403,13.319402933120728
3313,82.92401671409607,0.866806,0.8668059706687927,0.0,0.8668059706687927,13.319403,13.319402933120728
3314,82.94936418533325,0.866806,0.8668059706687927,0.0,0.8668059706687927,13.319403,13.319402933120728
3315,82.97263836860657,0.866806,0.8668059706687927,0.0,0.8668059706687927,13.319403,13.319402933120728
3316,82.99600672721863,0.866806,0.8668059706687927,0.0,0.8668059706687927,13.319403,13.319402933120728
3317,83.02088975906372,0.866806,0.8668059706687927,0.0,0.8668059706687927,13.319403,13.319402933120728
3318,83.0457694530487,0.866806,0.8668059706687927,0.0,0.8668059706687927,13.319403,13.319402933120728
3319,83.07011651992798,0.866806,0.8668059706687927,0.0,0.8668059706687927,13.319403,13.319402933120728
3320,83.09413599967957,0.866806,0.8668059706687927,0.0,0.8668059706687927,13.319403,13.319402933120728
3321,83.11769247055054,0.866806,0.8668059706687927,0.0,0.8668059706687927,13.319403,13.319402933120728
3322,83.14141654968262,0.866806,0.8668059706687927,0.0,0.8668059706687927,13.319403,13.319402933120728
3323,83.16487622261047,0.866806,0.8668059706687927,0.0,0.8668059706687927,13.319403,13.319402933120728
3324,83.1893482208252,0.866806,0.8668059706687927,0.0,0.8668059706687927,13.319403,13.319402933120728
3325,83.2143325805664,0.866806,0.8668059706687927,0.0,0.8668059706687927,13.319403,13.319402933120728
3326,83.23893880844116,0.866806,0.8668059706687927,0.0,0.8668059706687927,13.319403,13.319402933120728
3327,83.26336312294006,0.866806,0.8668059706687927,0.0,0.8668059706687927,13.319403,13.319402933120728
3328,83.28755593299866,0.866806,0.8668059706687927,0.0,0.8668059706687927,13.319403,13.319402933120728
3329,83.31141066551208,0.866806,0.8668059706687927,0.0,0.8668059706687927,13.319403,13.319402933120728
3330,83.33521771430969,0.866806,0.8668059706687927,0.0,0.8668059706687927,13.319403,13.319402933120728
3331,83.36061024665833,0.866806,0.8668059706687927,0.0,0.8668059706687927,13.319403,13.319402933120728
3332,83.38545322418213,0.866806,0.8668059706687927,0.0,0.8668059706687927,13.319403,13.319402933120728
3333,83.41207647323608,0.866806,0.8668059706687927,0.0,0.8668059706687927,13.319403,13.319402933120728
3334,83.4361891746521,0.866806,0.8668059706687927,0.0,0.8668059706687927,13.319403,13.319402933120728
3335,83.46048045158386,0.866806,0.8668059706687927,0.0,0.8668059706687927,13.319403,13.319402933120728
3336,83.48438239097595,0.866806,0.8668059706687927,0.0,0.8668059706687927,13.319403,13.319402933120728
3337,83.50952959060669,0.866806,0.8668059706687927,0.0,0.8668059706687927,13.319403,13.319402933120728
3338,83.53311252593994,0.866806,0.8668059706687927,0.0,0.8668059706687927,13.319403,13.319402933120728
3339,83.55695676803589,0.866806,0.8668059706687927,0.0,0.8668059706687927,13.319403,13.319402933120728
3340,83.58093309402466,0.866806,0.8668059706687927,0.0,0.8668059706687927,13.319403,13.319402933120728
3341,83.60552597045898,0.866806,0.8668059706687927,0.0,0.8668059706687927,13.319403,13.319402933120728
3342,83.62956523895264,0.866806,0.8668059706687927,0.0,0.8668059706687927,13.319403,13.319402933120728
3343,83.6532473564148,0.866806,0.8668059706687927,0.0,0.8668059706687927,13.319403,13.319402933120728
3344,83.6773624420166,0.866806,0.8668059706687927,0.0,0.8668059706687927,13.319403,13.319402933120728
3345,83.7019374370575,0.866806,0.8668059706687927,0.0,0.8668059706687927,13.319403,13.319402933120728
3346,83.72720122337341,0.866806,0.8668059706687927,0.0,0.8668059706687927,13.319403,13.319402933120728
3347,83.75097894668579,0.866806,0.8668059706687927,0.0,0.8668059706687927,13.319403,13.319402933120728
3348,83.77499032020569,0.866806,0.8668059706687927,0.0,0.8668059706687927,13.319403,13.319402933120728
3349,83.79871034622192,0.866806,0.8668059706687927,0.0,0.8668059706687927,13.319403,13.319402933120728
3350,83.82254528999329,0.866806,0.8668059706687927,0.0,0.8668059706687927,13.319403,13.319402933120728
3351,83.84708523750305,0.866806,0.8668059706687927,0.0,0.8668059706687927,13.319403,13.319402933120728
3352,83.87122654914856,0.866806,0.8668059706687927,0.0,0.8668059706687927,13.319403,13.319402933120728
3353,83.896169424057,0.866806,0.8668059706687927,0.0,0.8668059706687927,13.319403,13.319402933120728
3354,83.9218201637268,0.866806,0.8668059706687927,0.0,0.8668059706687927,13.319403,13.319402933120728
3355,83.94563269615173,0.866806,0.8668059706687927,0.0,0.8668059706687927,13.319403,13.319402933120728
3356,83.97005891799927,0.866806,0.8668059706687927,0.0,0.8668059706687927,13.319403,13.319402933120728
3357,83.99427390098572,0.866806,0.8668059706687927,0.0,0.8668059706687927,13.319403,13.319402933120728
3358,84.01945853233337,0.866806,0.8668059706687927,0.0,0.8668059706687927,13.319403,13.319402933120728
3359,84.04366946220398,0.866806,0.8668059706687927,0.0,0.8668059706687927,13.319403,13.319402933120728
3360,84.07057666778564,0.866806,0.8668059706687927,0.0,0.8668059706687927,13.319403,13.319402933120728
3361,84.09531307220459,0.866806,0.8668059706687927,0.0,0.8668059706687927,13.319403,13.319402933120728
3362,84.1191475391388,0.866806,0.8668059706687927,0.0,0.8668059706687927,13.319403,13.319402933120728
3363,84.14379453659058,0.866806,0.8668059706687927,0.0,0.8668059706687927,13.319403,13.319402933120728
3364,84.16818141937256,0.866806,0.8668059706687927,0.0,0.8668059706687927,13.319403,13.319402933120728
3365,84.19315910339355,0.866806,0.8668059706687927,0.0,0.8668059706687927,13.319403,13.319402933120728
3366,84.2183268070221,0.866806,0.8668059706687927,0.0,0.8668059706687927,13.319403,13.319402933120728
3367,84.24450445175171,0.866806,0.8668059706687927,0.0,0.8668059706687927,13.319403,13.319402933120728
3368,84.2706413269043,0.866806,0.8668059706687927,0.0,0.8668059706687927,13.319403,13.319402933120728
3369,84.29500532150269,0.866806,0.8668059706687927,0.0,0.8668059706687927,13.319403,13.319402933120728
3370,84.31941890716553,0.866806,0.8668059706687927,0.0,0.8668059706687927,13.319403,13.319402933120728
3371,84.344069480896,0.866806,0.8668059706687927,0.0,0.8668059706687927,13.319403,13.319402933120728
3372,84.36972260475159,0.866806,0.8668059706687927,0.0,0.8668059706687927,13.319403,13.319402933120728
3373,84.39464044570923,0.866806,0.8668059706687927,0.0,0.8668059706687927,13.319403,13.319402933120728
3374,84.42013382911682,0.866806,0.8668059706687927,0.0,0.8668059706687927,13.319403,13.319402933120728
3375,84.44582319259644,0.866806,0.8668059706687927,0.0,0.8668059706687927,13.319403,13.319402933120728
3376,84.47073078155518,0.866806,0.8668059706687927,0.0,0.8668059706687927,13.319403,13.319402933120728
3377,84.49591517448425,0.866806,0.8668059706687927,0.0,0.8668059706687927,13.319403,13.319402933120728
3378,84.51967573165894,0.866806,0.8668059706687927,0.0,0.8668059706687927,13.319403,13.319402933120728
3379,84.54439282417297,0.866806,0.8668059706687927,0.0,0.8668059706687927,13.319403,13.319402933120728
3380,84.56866145133972,0.866806,0.8668059706687927,0.0,0.8668059706687927,13.319403,13.319402933120728
3381,84.59253644943237,0.866806,0.8668059706687927,0.0,0.8668059706687927,13.319403,13.319402933120728
3382,84.61768198013306,0.866806,0.8668059706687927,0.0,0.8668059706687927,13.319403,13.319402933120728
3383,84.64168930053711,0.866806,0.8668059706687927,0.0,0.8668059706687927,13.319403,13.319402933120728
3384,84.66590976715088,0.866806,0.8668059706687927,0.0,0.8668059706687927,13.319403,13.319402933120728
3385,84.68952226638794,0.866806,0.8668059706687927,0.0,0.8668059706687927,13.319403,13.319402933120728
3386,84.71286964416504,0.866806,0.8668059706687927,0.0,0.8668059706687927,13.319403,13.319402933120728
3387,84.7373697757721,0.866806,0.8668059706687927,0.0,0.8668059706687927,13.319403,13.319402933120728
3388,84.78150129318237,0.866974,0.8632816672325134,0.003234068863093853,0.8555313944816589,13.302601,13.671833276748657
3389,84.81397986412048,0.866974,0.8659022450447083,0.0007991260499693453,0.8643090128898621,13.302601,13.409775495529175
3390,84.8375792503357,0.866974,0.8666499853134155,0.00024224133812822402,0.8660313487052917,13.302601,13.335001468658447
3391,84.86200881004333,0.866974,0.8668522238731384,7.31564941816032e-05,0.8667875528335571,13.302601,13.314777612686157
3392,84.88661813735962,0.866974,0.8669003844261169,7.647511665709317e-05,0.8668209314346313,13.302601,13.309961557388306
3393,84.90914535522461,0.866974,0.8669739365577698,5.960464477539063e-08,0.8669739961624146,13.302601,13.302606344223022
3394,84.93500804901123,0.866974,0.8669739365577698,5.960464477539063e-08,0.8669739961624146,13.302601,13.302606344223022
3395,84.95997595787048,0.866974,0.8669739365577698,5.960464477539063e-08,0.8669739961624146,13.302601,13.302606344223022
3396,84.98445081710815,0.866974,0.8669739365577698,5.960464477539063e-08,0.8669739961624146,13.302601,13.302606344223022
3397,85.0092134475708,0.866974,0.8669739365577698,5.960464477539063e-08,0.8669739961624146,13.302601,13.302606344223022
3398,85.03470492362976,0.866974,0.8669739365577698,5.960464477539063e-08,0.8669739961624146,13.302601,13.302606344223022
3399,85.08089685440063,0.8670479,0.8639758229255676,0.0025474897120147943,0.8581251502037048,13.29521,13.602417707443237
3400,85.11218690872192,0.8670479,0.8662984371185303,0.0006031342200003564,0.865115225315094,13.29521,13.370156288146973
3401,85.13616752624512,0.8670479,0.8668280243873596,0.0002030847390415147,0.8664368391036987,13.29521,13.317197561264038
3402,85.16120457649231,0.8670479,0.8670064210891724,4.590279422700405e-05,0.8668988347053528,13.29521,13.299357891082764
3403,85.18496251106262,0.8670479,0.8670412302017212,1.1380753676348832e-05,0.8670218586921692,13.29521,13.29587697982788
3404,85.20955777168274,0.8670479,0.867047905921936,0.0,0.867047905921936,13.29521,13.295209407806396
3405,85.23246097564697,0.8670479,0.867047905921936,0.0,0.867047905921936,13.29521,13.295209407806396
3406,85.25734424591064,0.8670479,0.867047905921936,0.0,0.867047905921936,13.29521,13.295209407806396
3407,85.28084659576416,0.8670479,0.867047905921936,0.0,0.867047905921936,13.29521,13.295209407806396
3408,85.3057918548584,0.8670479,0.867047905921936,0.0,0.867047905921936,13.29521,13.295209407806396
3409,85.33135962486267,0.8670479,0.867047905921936,0.0,0.867047905921936,13.29521,13.295209407806396
3410,85.3564567565918,0.8670479,0.867047905921936,0.0,0.867047905921936,13.29521,13.295209407806396
3411,85.38058423995972,0.8670479,0.867047905921936,0.0,0.867047905921936,13.29521,13.295209407806396
3412,85.40625,0.8670479,0.867047905921936,0.0,0.867047905921936,13.29521,13.295209407806396
3413,85.43116593360901,0.8670479,0.867047905921936,0.0,0.867047905921936,13.29521,13.295209407806396
3414,85.45611786842346,0.8670479,0.867047905921936,0.0,0.867047905921936,13.29521,13.295209407806396
3415,85.5010998249054,0.86717695,0.8638940453529358,0.0028943398501724005,0.8562817573547363,13.282305,13.610595464706421
3416,85.53218960762024,0.86717695,0.8663850426673889,0.0006553271668963134,0.8648951053619385,13.282305,13.361495733261108
3417,85.55705308914185,0.86717695,0.8669620156288147,0.00016657766536809504,0.866570770740509,13.282305,13.30379843711853
3418,85.58140993118286,0.86717695,0.8670991659164429,5.4890046158107e-05,0.8670204281806946,13.282305,13.290083408355713
3419,85.60700845718384,0.86717695,0.8671476244926453,2.845046401489526e-05,0.8671200275421143,13.282305,13.285237550735474
3420,85.63056659698486,0.86717695,0.8671769499778748,0.0,0.8671769499778748,13.282305,13.282305002212524
3421,85.6551444530487,0.86717695,0.8671769499778748,0.0,0.8671769499778748,13.282305,13.282305002212524
3422,85.6794126033783,0.86717695,0.8671769499778748,0.0,0.8671769499778748,13.282305,13.282305002212524
3423,85.70420551300049,0.86717695,0.8671769499778748,0.0,0.8671769499778748,13.282305,13.282305002212524
3424,85.72897124290466,0.86717695,0.8671769499778748,0.0,0.8671769499778748,13.282305,13.282305002212524
3425,85.75300431251526,0.86717695,0.8671769499778748,0.0,0.8671769499778748,13.282305,13.282305002212524
3426,85.7777099609375,0.86717695,0.8671769499778748,0.0,0.8671769499778748,13.282305,13.282305002212524
3427,85.80111265182495,0.86717695,0.8671769499778748,0.0,0.8671769499778748,13.282305,13.282305002212524
3428,85.82498669624329,0.86717695,0.8671769499778748,0.0,0.8671769499778748,13.282305,13.282305002212524
3429,85.84867310523987,0.86717695,0.8671769499778748,0.0,0.8671769499778748,13.282305,13.282305002212524
3430,85.87349820137024,0.86717695,0.8671769499778748,0.0,0.8671769499778748,13.282305,13.282305002212524
3431,85.89785146713257,0.86717695,0.8671769499778748,0.0,0.8671769499778748,13.282305,13.282305002212524
3432,85.9225447177887,0.86717695,0.8671769499778748,0.0,0.8671769499778748,13.282305,13.282305002212524
3433,85.94720315933228,0.86717695,0.8671769499778748,0.0,0.8671769499778748,13.282305,13.282305002212524
3434,85.97093462944031,0.86717695,0.8671769499778748,0.0,0.8671769499778748,13.282305,13.282305002212524
3435,85.99572134017944,0.86717695,0.8671769499778748,0.0,0.8671769499778748,13.282305,13.282305002212524
3436,86.02095150947571,0.86717695,0.8671769499778748,0.0,0.8671769499778748,13.282305,13.282305002212524
3437,86.04543542861938,0.86717695,0.8671769499778748,0.0,0.8671769499778748,13.282305,13.282305002212524
3438,86.07085824012756,0.86717695,0.8671769499778748,0.0,0.8671769499778748,13.282305,13.282305002212524
3439,86.11439943313599,0.8672236,0.8642364740371704,0.0026176501996815205,0.8580237030982971,13.2776375,13.576352596282959
3440,86.14582920074463,0.8672236,0.8664467930793762,0.0005557736731134355,0.8652854561805725,13.2776375,13.355320692062378
3441,86.17033123970032,0.8672236,0.866912841796875,0.0002618394501041621,0.8664413690567017,13.2776375,13.3087158203125
3442,86.19470643997192,0.8672236,0.8671488761901855,6.612380093429238e-05,0.8670009970664978,13.2776375,13.285112380981445
3443,86.21894979476929,0.8672236,0.8672053813934326,3.0602706829085946e-05,0.867154061794281,13.2776375,13.279461860656738
3444,86.24283337593079,0.8672236,0.8672236800193787,5.960464477539063e-08,0.8672236204147339,13.2776375,13.277631998062134
3445,86.26794791221619,0.8672236,0.8672236800193787,5.960464477539063e-08,0.8672236204147339,13.2776375,13.277631998062134
3446,86.29384231567383,0.8672236,0.8672236800193787,5.960464477539063e-08,0.8672236204147339,13.2776375,13.277631998062134
3447,86.32079100608826,0.8672236,0.8672236800193787,5.960464477539063e-08,0.8672236204147339,13.2776375,13.277631998062134
3448,86.37639546394348,0.86722934,0.863502562046051,0.0034478125162422657,0.8554692268371582,13.277065,13.649743795394897
3449,86.42147994041443,0.86722934,0.8664630651473999,0.0006803713622502983,0.8647392988204956,13.277065,13.35369348526001
3450,86.45066261291504,0.86722934,0.8670858144760132,0.0001516012562206015,0.8666179776191711,13.277065,13.291418552398682
3451,86.47769331932068,0.86722934,0.8671930432319641,3.859799835481681e-05,0.8671229481697083,13.277065,13.280695676803589
3452,86.50260710716248,0.86722934,0.867229163646698,1.7881393432617188e-07,0.8672289848327637,13.277065,13.2770836353302
3453,86.526700258255,0.86722934,0.8672293424606323,0.0,0.8672293424606323,13.277065,13.277065753936768
3454,86.55257749557495,0.86722934,0.8672293424606323,0.0,0.8672293424606323,13.277065,13.277065753936768
3455,86.57737684249878,0.86722934,0.8672293424606323,0.0,0.8672293424606323,13.277065,13.277065753936768
3456,86.60190725326538,0.86722934,0.8672293424606323,0.0,0.8672293424606323,13.277065,13.277065753936768
3457,86.626549243927,0.86722934,0.8672293424606323,0.0,0.8672293424606323,13.277065,13.277065753936768
3458,86.65131711959839,0.86722934,0.8672293424606323,0.0,0.8672293424606323,13.277065,13.277065753936768
3459,86.67639780044556,0.86722934,0.8672293424606323,0.0,0.8672293424606323,13.277065,13.277065753936768
3460,86.70111227035522,0.86722934,0.8672293424606323,0.0,0.8672293424606323,13.277065,13.277065753936768
3461,86.72549343109131,0.86722934,0.8672293424606323,0.0,0.8672293424606323,13.277065,13.277065753936768
3462,86.75098037719727,0.86722934,0.8672293424606323,0.0,0.8672293424606323,13.277065,13.277065753936768
3463,86.7749011516571,0.86722934,0.8672293424606323,0.0,0.8672293424606323,13.277065,13.277065753936768
3464,86.79931044578552,0.86722934,0.8672293424606323,0.0,0.8672293424606323,13.277065,13.277065753936768
3465,86.82428932189941,0.86722934,0.8672293424606323,0.0,0.8672293424606323,13.277065,13.277065753936768
3466,86.84889006614685,0.86722934,0.8672293424606323,0.0,0.8672293424606323,13.277065,13.277065753936768
3467,86.8734998703003,0.86722934,0.8672293424606323,0.0,0.8672293424606323,13.277065,13.277065753936768
3468,86.89770555496216,0.86722934,0.8672293424606323,0.0,0.8672293424606323,13.277065,13.277065753936768
3469,86.92262315750122,0.86722934,0.8672293424606323,0.0,0.8672293424606323,13.277065,13.277065753936768
3470,86.9475827217102,0.86722934,0.8672293424606323,0.0,0.8672293424606323,13.277065,13.277065753936768
3471,86.97236919403076,0.86722934,0.8672293424606323,0.0,0.8672293424606323,13.277065,13.277065753936768
3472,86.99838280677795,0.86722934,0.8672293424606323,0.0,0.8672293424606323,13.277065,13.277065753936768
3473,87.02383494377136,0.86722934,0.8672293424606323,0.0,0.8672293424606323,13.277065,13.277065753936768
3474,87.04858589172363,0.86722934,0.8672293424606323,0.0,0.8672293424606323,13.277065,13.277065753936768
3475,87.07321310043335,0.86722934,0.8672293424606323,0.0,0.8672293424606323,13.277065,13.277065753936768
3476,87.09976267814636,0.86722934,0.8672293424606323,0.0,0.8672293424606323,13.277065,13.277065753936768
3477,87.12414360046387,0.86722934,0.8672293424606323,0.0,0.8672293424606323,13.277065,13.277065753936768
3478,87.14934730529785,0.86722934,0.8672293424606323,0.0,0.8672293424606323,13.277065,13.277065753936768
3479,87.17305779457092,0.86722934,0.8672293424606323,0.0,0.8672293424606323,13.277065,13.277065753936768
3480,87.19905543327332,0.86722934,0.8672293424606323,0.0,0.8672293424606323,13.277065,13.277065753936768
3481,87.22401356697083,0.86722934,0.8672293424606323,0.0,0.8672293424606323,13.277065,13.277065753936768
3482,87.24886083602905,0.86722934,0.8672293424606323,0.0,0.8672293424606323,13.277065,13.277065753936768
3483,87.27377939224243,0.86722934,0.8672293424606323,0.0,0.8672293424606323,13.277065,13.277065753936768
3484,87.29854488372803,0.86722934,0.8672293424606323,0.0,0.8672293424606323,13.277065,13.277065753936768
3485,87.32189559936523,0.86722934,0.8672293424606323,0.0,0.8672293424606323,13.277065,13.277065753936768
3486,87.34664869308472,0.86722934,0.8672293424606323,0.0,0.8672293424606323,13.277065,13.277065753936768
3487,87.37167811393738,0.86722934,0.8672293424606323,0.0,0.8672293424606323,13.277065,13.277065753936768
3488,87.39794850349426,0.86722934,0.8672293424606323,0.0,0.8672293424606323,13.277065,13.277065753936768
3489,87.42341876029968,0.86722934,0.8672293424606323,0.0,0.8672293424606323,13.277065,13.277065753936768
3490,87.44804525375366,0.86722934,0.8672293424606323,0.0,0.8672293424606323,13.277065,13.277065753936768
3491,87.47279739379883,0.86722934,0.8672293424606323,0.0,0.8672293424606323,13.277065,13.277065753936768
3492,87.49748086929321,0.86722934,0.8672293424606323,0.0,0.8672293424606323,13.277065,13.277065753936768
3493,87.52221632003784,0.86722934,0.8672293424606323,0.0,0.8672293424606323,13.277065,13.277065753936768
3494,87.5459496974945,0.86722934,0.8672293424606323,0.0,0.8672293424606323,13.277065,13.277065753936768
3495,87.57086610794067,0.86722934,0.8672293424606323,0.0,0.8672293424606323,13.277065,13.277065753936768
3496,87.61636900901794,0.8674586,0.8646584749221802,0.0021528094075620174,0.8601388931274414,13.254142,13.534152507781982
3497,87.64780831336975,0.8674586,0.8665520548820496,0.0006446655024774373,0.8652700185775757,13.254142,13.344794511795044
3498,87.67223572731018,0.8674586,0.8671087622642517,0.0002822709211613983,0.8666195273399353,13.254142,13.289123773574829
3499,87.69792342185974,0.8674586,0.86735999584198,9.499883890384808e-05,0.8672293424606323,13.254142,13.264000415802002
3500,87.72214579582214,0.8674586,0.8674498796463013,1.3901420061301906e-05,0.8674275875091553,13.254142,13.255012035369873
3501,87.75383639335632,0.8674586,0.8674584627151489,1.1920928955078125e-07,0.8674585819244385,13.254142,13.254153728485107
3502,87.77835607528687,0.8674586,0.8674584627151489,1.1920928955078125e-07,0.8674585819244385,13.254142,13.254153728485107
3503,87.80300664901733,0.8674586,0.8674584627151489,1.1920928955078125e-07,0.8674585819244385,13.254142,13.254153728485107
3504,87.82665920257568,0.8674586,0.8674584627151489,1.1920928955078125e-07,0.8674585819244385,13.254142,13.254153728485107
3505,87.85033798217773,0.8674586,0.8674584627151489,1.1920928955078125e-07,0.8674585819244385,13.254142,13.254153728485107
3506,87.8748869895935,0.8674586,0.8674584627151489,1.1920928955078125e-07,0.8674585819244385,13.254142,13.254153728485107
3507,87.89991688728333,0.8674586,0.8674584627151489,1.1920928955078125e-07,0.8674585819244385,13.254142,13.254153728485107
3508,87.9241111278534,0.8674586,0.8674584627151489,1.1920928955078125e-07,0.8674585819244385,13.254142,13.254153728485107
3509,87.94758439064026,0.8674586,0.8674584627151489,1.1920928955078125e-07,0.8674585819244385,13.254142,13.254153728485107
3510,87.97192549705505,0.8674586,0.8674584627151489,1.1920928955078125e-07,0.8674585819244385,13.254142,13.254153728485107
3511,87.99659991264343,0.8674586,0.8674584627151489,1.1920928955078125e-07,0.8674585819244385,13.254142,13.254153728485107
3512,88.02083039283752,0.8674586,0.8674584627151489,1.1920928955078125e-07,0.8674585819244385,13.254142,13.254153728485107
3513,88.04571771621704,0.8674586,0.8674584627151489,1.1920928955078125e-07,0.8674585819244385,13.254142,13.254153728485107
3514,88.07122707366943,0.8674586,0.8674584627151489,1.1920928955078125e-07,0.8674585819244385,13.254142,13.254153728485107
3515,88.09569692611694,0.8674586,0.8674584627151489,1.1920928955078125e-07,0.8674585819244385,13.254142,13.254153728485107
3516,88.12019109725952,0.8674586,0.8674584627151489,1.1920928955078125e-07,0.8674585819244385,13.254142,13.254153728485107
3517,88.14531636238098,0.8674586,0.8674584627151489,1.1920928955078125e-07,0.8674585819244385,13.254142,13.254153728485107
3518,88.16978478431702,0.8674586,0.8674584627151489,1.1920928955078125e-07,0.8674585819244385,13.254142,13.254153728485107
3519,88.19440650939941,0.8674586,0.8674584627151489,1.1920928955078125e-07,0.8674585819244385,13.254142,13.254153728485107
3520,88.21815252304077,0.8674586,0.8674584627151489,1.1920928955078125e-07,0.8674585819244385,13.254142,13.254153728485107
3521,88.2428650856018,0.8674586,0.8674584627151489,1.1920928955078125e-07,0.8674585819244385,13.254142,13.254153728485107
3522,88.2678587436676,0.8674586,0.8674584627151489,1.1920928955078125e-07,0.8674585819244385,13.254142,13.254153728485107
3523,88.29294538497925,0.8674586,0.8674584627151489,1.1920928955078125e-07,0.8674585819244385,13.254142,13.254153728485107
3524,88.31655836105347,0.8674586,0.8674584627151489,1.1920928955078125e-07,0.8674585819244385,13.254142,13.254153728485107
3525,88.34038853645325,0.8674586,0.8674584627151489,1.1920928955078125e-07,0.8674585819244385,13.254142,13.254153728485107
3526,88.36933302879333,0.8674586,0.8674584627151489,1.1920928955078125e-07,0.8674585819244385,13.254142,13.254153728485107
3527,88.39568853378296,0.8674586,0.8674584627151489,1.1920928955078125e-07,0.8674585819244385,13.254142,13.254153728485107
3528,88.42672514915466,0.8674586,0.8674584627151489,1.1920928955078125e-07,0.8674585819244385,13.254142,13.254153728485107
3529,88.45405602455139,0.8674586,0.8674584627151489,1.1920928955078125e-07,0.8674585819244385,13.254142,13.254153728485107
3530,88.48195600509644,0.8674586,0.8674584627151489,1.1920928955078125e-07,0.8674585819244385,13.254142,13.254153728485107
3531,88.50818085670471,0.8674586,0.8674584627151489,1.1920928955078125e-07,0.8674585819244385,13.254142,13.254153728485107
3532,88.53357410430908,0.8674586,0.8674584627151489,1.1920928955078125e-07,0.8674585819244385,13.254142,13.254153728485107
3533,88.55909323692322,0.8674586,0.8674584627151489,1.1920928955078125e-07,0.8674585819244385,13.254142,13.254153728485107
3534,88.58390855789185,0.8674586,0.8674584627151489,1.1920928955078125e-07,0.8674585819244385,13.254142,13.254153728485107
3535,88.60908675193787,0.8674586,0.8674584627151489,1.1920928955078125e-07,0.8674585819244385,13.254142,13.254153728485107
3536,88.6348888874054,0.8674586,0.8674584627151489,1.1920928955078125e-07,0.8674585819244385,13.254142,13.254153728485107
3537,88.6595950126648,0.8674586,0.8674584627151489,1.1920928955078125e-07,0.8674585819244385,13.254142,13.254153728485107
3538,88.68550443649292,0.8674586,0.8674584627151489,1.1920928955078125e-07,0.8674585819244385,13.254142,13.254153728485107
3539,88.7100727558136,0.8674586,0.8674584627151489,1.1920928955078125e-07,0.8674585819244385,13.254142,13.254153728485107
3540,88.7348051071167,0.8674586,0.8674584627151489,1.1920928955078125e-07,0.8674585819244385,13.254142,13.254153728485107
3541,88.76078033447266,0.8674586,0.8674584627151489,1.1920928955078125e-07,0.8674585819244385,13.254142,13.254153728485107
3542,88.78593516349792,0.8674586,0.8674584627151489,1.1920928955078125e-07,0.8674585819244385,13.254142,13.254153728485107
3543,88.81224370002747,0.8674586,0.8674584627151489,1.1920928955078125e-07,0.8674585819244385,13.254142,13.254153728485107
3544,88.83813452720642,0.8674586,0.8674584627151489,1.1920928955078125e-07,0.8674585819244385,13.254142,13.254153728485107
3545,88.86391043663025,0.8674586,0.8674584627151489,1.1920928955078125e-07,0.8674585819244385,13.254142,13.254153728485107
3546,88.88998699188232,0.8674586,0.8674584627151489,1.1920928955078125e-07,0.8674585819244385,13.254142,13.254153728485107
3547,88.91465854644775,0.8674586,0.8674584627151489,1.1920928955078125e-07,0.8674585819244385,13.254142,13.254153728485107
3548,88.93966460227966,0.8674586,0.8674584627151489,1.1920928955078125e-07,0.8674585819244385,13.254142,13.254153728485107
3549,88.96531867980957,0.8674586,0.8674584627151489,1.1920928955078125e-07,0.8674585819244385,13.254142,13.254153728485107
3550,88.99067640304565,0.8674586,0.8674584627151489,1.1920928955078125e-07,0.8674585819244385,13.254142,13.254153728485107
3551,89.01528024673462,0.8674586,0.8674584627151489,1.1920928955078125e-07,0.8674585819244385,13.254142,13.254153728485107
3552,89.04102873802185,0.8674586,0.8674584627151489,1.1920928955078125e-07,0.8674585819244385,13.254142,13.254153728485107
3553,89.067058801651,0.8674586,0.8674584627151489,1.1920928955078125e-07,0.8674585819244385,13.254142,13.254153728485107
3554,89.0925920009613,0.8674586,0.8674584627151489,1.1920928955078125e-07,0.8674585819244385,13.254142,13.254153728485107
3555,89.11781072616577,0.8674586,0.8674584627151489,1.1920928955078125e-07,0.8674585819244385,13.254142,13.254153728485107
3556,89.14291739463806,0.8674586,0.8674584627151489,1.1920928955078125e-07,0.8674585819244385,13.254142,13.254153728485107
3557,89.16834926605225,0.8674586,0.8674584627151489,1.1920928955078125e-07,0.8674585819244385,13.254142,13.254153728485107
3558,89.19361233711243,0.8674586,0.8674584627151489,1.1920928955078125e-07,0.8674585819244385,13.254142,13.254153728485107
3559,89.21918630599976,0.8674586,0.8674584627151489,1.1920928955078125e-07,0.8674585819244385,13.254142,13.254153728485107
3560,89.24619460105896,0.8674586,0.8674584627151489,1.1920928955078125e-07,0.8674585819244385,13.254142,13.254153728485107
3561,89.27038717269897,0.8674586,0.8674584627151489,1.1920928955078125e-07,0.8674585819244385,13.254142,13.254153728485107
3562,89.29481935501099,0.8674586,0.8674584627151489,1.1920928955078125e-07,0.8674585819244385,13.254142,13.254153728485107
3563,89.32029795646667,0.8674586,0.8674584627151489,1.1920928955078125e-07,0.8674585819244385,13.254142,13.254153728485107
3564,89.34610843658447,0.8674586,0.8674584627151489,1.1920928955078125e-07,0.8674585819244385,13.254142,13.254153728485107
3565,89.37103509902954,0.8674586,0.8674584627151489,1.1920928955078125e-07,0.8674585819244385,13.254142,13.254153728485107
3566,89.396817445755,0.8674586,0.8674584627151489,1.1920928955078125e-07,0.8674585819244385,13.254142,13.254153728485107
3567,89.42284750938416,0.8674586,0.8674584627151489,1.1920928955078125e-07,0.8674585819244385,13.254142,13.254153728485107
3568,89.44783449172974,0.8674586,0.8674584627151489,1.1920928955078125e-07,0.8674585819244385,13.254142,13.254153728485107
3569,89.47463321685791,0.8674586,0.8674584627151489,1.1920928955078125e-07,0.8674585819244385,13.254142,13.254153728485107
3570,89.50020503997803,0.8674586,0.8674584627151489,1.1920928955078125e-07,0.8674585819244385,13.254142,13.254153728485107
3571,89.5247974395752,0.8674586,0.8674584627151489,1.1920928955078125e-07,0.8674585819244385,13.254142,13.254153728485107
3572,89.55044960975647,0.8674586,0.8674584627151489,1.1920928955078125e-07,0.8674585819244385,13.254142,13.254153728485107
3573,89.57628798484802,0.8674586,0.8674584627151489,1.1920928955078125e-07,0.8674585819244385,13.254142,13.254153728485107
3574,89.60341763496399,0.8674586,0.8674584627151489,1.1920928955078125e-07,0.8674585819244385,13.254142,13.254153728485107
3575,89.6290180683136,0.8674586,0.8674584627151489,1.1920928955078125e-07,0.8674585819244385,13.254142,13.254153728485107
3576,89.6542375087738,0.8674586,0.8674584627151489,1.1920928955078125e-07,0.8674585819244385,13.254142,13.254153728485107
3577,89.67950654029846,0.8674586,0.8674584627151489,1.1920928955078125e-07,0.8674585819244385,13.254142,13.254153728485107
3578,89.70474004745483,0.8674586,0.8674584627151489,1.1920928955078125e-07,0.8674585819244385,13.254142,13.254153728485107
3579,89.7299575805664,0.8674586,0.8674584627151489,1.1920928955078125e-07,0.8674585819244385,13.254142,13.254153728485107
3580,89.75468802452087,0.8674586,0.8674584627151489,1.1920928955078125e-07,0.8674585819244385,13.254142,13.254153728485107
3581,89.78051328659058,0.8674586,0.8674584627151489,1.1920928955078125e-07,0.8674585819244385,13.254142,13.254153728485107
3582,89.80575799942017,0.8674586,0.8674584627151489,1.1920928955078125e-07,0.8674585819244385,13.254142,13.254153728485107
3583,89.83092951774597,0.8674586,0.8674584627151489,1.1920928955078125e-07,0.8674585819244385,13.254142,13.254153728485107
3584,89.855637550354,0.8674586,0.8674584627151489,1.1920928955078125e-07,0.8674585819244385,13.254142,13.254153728485107
3585,89.88100671768188,0.8674586,0.8674584627151489,1.1920928955078125e-07,0.8674585819244385,13.254142,13.254153728485107
3586,89.90627884864807,0.8674586,0.8674584627151489,1.1920928955078125e-07,0.8674585819244385,13.254142,13.254153728485107
3587,89.92993330955505,0.8674586,0.8674584627151489,1.1920928955078125e-07,0.8674585819244385,13.254142,13.254153728485107
3588,89.95405721664429,0.8674586,0.8674584627151489,1.1920928955078125e-07,0.8674585819244385,13.254142,13.254153728485107
3589,89.97908926010132,0.8674586,0.8674584627151489,1.1920928955078125e-07,0.8674585819244385,13.254142,13.254153728485107
3590,90.00463366508484,0.8674586,0.8674584627151489,1.1920928955078125e-07,0.8674585819244385,13.254142,13.254153728485107
3591,90.02914714813232,0.8674586,0.8674584627151489,1.1920928955078125e-07,0.8674585819244385,13.254142,13.254153728485107
3592,90.05534315109253,0.8674586,0.8674584627151489,1.1920928955078125e-07,0.8674585819244385,13.254142,13.254153728485107
3593,90.08027219772339,0.8674586,0.8674584627151489,1.1920928955078125e-07,0.8674585819244385,13.254142,13.254153728485107
3594,90.1056318283081,0.8674586,0.8674584627151489,1.1920928955078125e-07,0.8674585819244385,13.254142,13.254153728485107
3595,90.1317949295044,0.8674586,0.8674584627151489,1.1920928955078125e-07,0.8674585819244385,13.254142,13.254153728485107
3596,90.15726566314697,0.8674586,0.8674584627151489,1.1920928955078125e-07,0.8674585819244385,13.254142,13.254153728485107
3597,90.1810188293457,0.8674586,0.8674584627151489,1.1920928955078125e-07,0.8674585819244385,13.254142,13.254153728485107
3598,90.20612144470215,0.8674586,0.8674584627151489,1.1920928955078125e-07,0.8674585819244385,13.254142,13.254153728485107
3599,90.23277068138123,0.8674586,0.8674584627151489,1.1920928955078125e-07,0.8674585819244385,13.254142,13.254153728485107
3600,90.25930452346802,0.8674586,0.8674584627151489,1.1920928955078125e-07,0.8674585819244385,13.254142,13.254153728485107
3601,90.28476285934448,0.8674586,0.8674584627151489,1.1920928955078125e-07,0.8674585819244385,13.254142,13.254153728485107
3602,90.31041526794434,0.8674586,0.8674584627151489,1.1920928955078125e-07,0.8674585819244385,13.254142,13.254153728485107
3603,90.33582925796509,0.8674586,0.8674584627151489,1.1920928955078125e-07,0.8674585819244385,13.254142,13.254153728485107
3604,90.36038398742676,0.8674586,0.8674584627151489,1.1920928955078125e-07,0.8674585819244385,13.254142,13.254153728485107
3605,90.38695812225342,0.8674586,0.8674584627151489,1.1920928955078125e-07,0.8674585819244385,13.254142,13.254153728485107
3606,90.41253280639648,0.8674586,0.8674584627151489,1.1920928955078125e-07,0.8674585819244385,13.254142,13.254153728485107
3607,90.43812394142151,0.8674586,0.8674584627151489,1.1920928955078125e-07,0.8674585819244385,13.254142,13.254153728485107
3608,90.46365547180176,0.8674586,0.8674584627151489,1.1920928955078125e-07,0.8674585819244385,13.254142,13.254153728485107
3609,90.49020767211914,0.8674586,0.8674584627151489,1.1920928955078125e-07,0.8674585819244385,13.254142,13.254153728485107
3610,90.51624274253845,0.8674586,0.8674584627151489,1.1920928955078125e-07,0.8674585819244385,13.254142,13.254153728485107
3611,90.54199743270874,0.8674586,0.8674584627151489,1.1920928955078125e-07,0.8674585819244385,13.254142,13.254153728485107
3612,90.56967425346375,0.8674586,0.8674584627151489,1.1920928955078125e-07,0.8674585819244385,13.254142,13.254153728485107
3613,90.59687948226929,0.8674586,0.8674584627151489,1.1920928955078125e-07,0.8674585819244385,13.254142,13.254153728485107
3614,90.62475967407227,0.8674586,0.8674584627151489,1.1920928955078125e-07,0.8674585819244385,13.254142,13.254153728485107
3615,90.64992451667786,0.8674586,0.8674584627151489,1.1920928955078125e-07,0.8674585819244385,13.254142,13.254153728485107
3616,90.6755428314209,0.8674586,0.8674584627151489,1.1920928955078125e-07,0.8674585819244385,13.254142,13.254153728485107
3617,90.70030546188354,0.8674586,0.8674584627151489,1.1920928955078125e-07,0.8674585819244385,13.254142,13.254153728485107
3618,90.7257182598114,0.8674586,0.8674584627151489,1.1920928955078125e-07,0.8674585819244385,13.254142,13.254153728485107
3619,90.74997806549072,0.8674586,0.8674584627151489,1.1920928955078125e-07,0.8674585819244385,13.254142,13.254153728485107
3620,90.77470993995667,0.8674586,0.8674584627151489,1.1920928955078125e-07,0.8674585819244385,13.254142,13.254153728485107
3621,90.82280445098877,0.86750466,0.8643962144851685,0.0027169676031917334,0.858326256275177,13.249535,13.560378551483154
3622,90.8559684753418,0.86750466,0.8666975498199463,0.0006932262913323939,0.864831805229187,13.249535,13.330245018005371
3623,90.8797516822815,0.86750466,0.8672778606414795,0.00019015886937268078,0.8669441342353821,13.249535,13.27221393585205
3624,90.90427136421204,0.86750466,0.8674554228782654,6.572726124431938e-05,0.8673130869865417,13.249535,13.254457712173462
3625,90.92993354797363,0.86750466,0.8675048351287842,1.7881393432617188e-07,0.8675046563148499,13.249535,13.249516487121582
3626,90.95456671714783,0.86750466,0.8675048351287842,1.7881393432617188e-07,0.8675046563148499,13.249535,13.249516487121582
3627,90.97928929328918,0.86750466,0.8675048351287842,1.7881393432617188e-07,0.8675046563148499,13.249535,13.249516487121582
3628,91.00409054756165,0.86750466,0.8675048351287842,1.7881393432617188e-07,0.8675046563148499,13.249535,13.249516487121582
3629,91.0292444229126,0.86750466,0.8675048351287842,1.7881393432617188e-07,0.8675046563148499,13.249535,13.249516487121582
3630,91.05581879615784,0.86750466,0.8675048351287842,1.7881393432617188e-07,0.8675046563148499,13.249535,13.249516487121582
3631,91.08148050308228,0.86750466,0.8675048351287842,1.7881393432617188e-07,0.8675046563148499,13.249535,13.249516487121582
3632,91.10641694068909,0.86750466,0.8675048351287842,1.7881393432617188e-07,0.8675046563148499,13.249535,13.249516487121582
3633,91.13200426101685,0.86750466,0.8675048351287842,1.7881393432617188e-07,0.8675046563148499,13.249535,13.249516487121582
3634,91.15813541412354,0.86750466,0.8675048351287842,1.7881393432617188e-07,0.8675046563148499,13.249535,13.249516487121582
3635,91.1832983493805,0.86750466,0.8675048351287842,1.7881393432617188e-07,0.8675046563148499,13.249535,13.249516487121582
3636,91.20947313308716,0.86750466,0.8675048351287842,1.7881393432617188e-07,0.8675046563148499,13.249535,13.249516487121582
3637,91.23471927642822,0.86750466,0.8675048351287842,1.7881393432617188e-07,0.8675046563148499,13.249535,13.249516487121582
3638,91.25949382781982,0.86750466,0.8675048351287842,1.7881393432617188e-07,0.8675046563148499,13.249535,13.249516487121582
3639,91.28520560264587,0.86750466,0.8675048351287842,1.7881393432617188e-07,0.8675046563148499,13.249535,13.249516487121582
3640,91.3110044002533,0.86750466,0.8675048351287842,1.7881393432617188e-07,0.8675046563148499,13.249535,13.249516487121582
3641,91.33638405799866,0.86750466,0.8675048351287842,1.7881393432617188e-07,0.8675046563148499,13.249535,13.249516487121582
3642,91.36318469047546,0.86750466,0.8675048351287842,1.7881393432617188e-07,0.8675046563148499,13.249535,13.249516487121582
3643,91.38818001747131,0.86750466,0.8675048351287842,1.7881393432617188e-07,0.8675046563148499,13.249535,13.249516487121582
3644,91.4151816368103,0.86750466,0.8675048351287842,1.7881393432617188e-07,0.8675046563148499,13.249535,13.249516487121582
3645,91.44066786766052,0.86750466,0.8675048351287842,1.7881393432617188e-07,0.8675046563148499,13.249535,13.249516487121582
3646,91.46682572364807,0.86750466,0.8675048351287842,1.7881393432617188e-07,0.8675046563148499,13.249535,13.249516487121582
3647,91.49168515205383,0.86750466,0.8675048351287842,1.7881393432617188e-07,0.8675046563148499,13.249535,13.249516487121582
3648,91.51717114448547,0.86750466,0.8675048351287842,1.7881393432617188e-07,0.8675046563148499,13.249535,13.249516487121582
3649,91.54244780540466,0.86750466,0.8675048351287842,1.7881393432617188e-07,0.8675046563148499,13.249535,13.249516487121582
3650,91.56906080245972,0.86750466,0.8675048351287842,1.7881393432617188e-07,0.8675046563148499,13.249535,13.249516487121582
3651,91.59402394294739,0.86750466,0.8675048351287842,1.7881393432617188e-07,0.8675046563148499,13.249535,13.249516487121582
3652,91.61947989463806,0.86750466,0.8675048351287842,1.7881393432617188e-07,0.8675046563148499,13.249535,13.249516487121582
3653,91.64450597763062,0.86750466,0.8675048351287842,1.7881393432617188e-07,0.8675046563148499,13.249535,13.249516487121582
3654,91.67081260681152,0.86750466,0.8675048351287842,1.7881393432617188e-07,0.8675046563148499,13.249535,13.249516487121582
3655,91.69628977775574,0.86750466,0.8675048351287842,1.7881393432617188e-07,0.8675046563148499,13.249535,13.249516487121582
3656,91.722825050354,0.86750466,0.8675048351287842,1.7881393432617188e-07,0.8675046563148499,13.249535,13.249516487121582
3657,91.74764013290405,0.86750466,0.8675048351287842,1.7881393432617188e-07,0.8675046563148499,13.249535,13.249516487121582
3658,91.7733519077301,0.86750466,0.8675048351287842,1.7881393432617188e-07,0.8675046563148499,13.249535,13.249516487121582
3659,91.79893517494202,0.86750466,0.8675048351287842,1.7881393432617188e-07,0.8675046563148499,13.249535,13.249516487121582
3660,91.82439851760864,0.86750466,0.8675048351287842,1.7881393432617188e-07,0.8675046563148499,13.249535,13.249516487121582
3661,91.84982490539551,0.86750466,0.8675048351287842,1.7881393432617188e-07,0.8675046563148499,13.249535,13.249516487121582
3662,91.8753490447998,0.86750466,0.8675048351287842,1.7881393432617188e-07,0.8675046563148499,13.249535,13.249516487121582
3663,91.90030717849731,0.86750466,0.8675048351287842,1.7881393432617188e-07,0.8675046563148499,13.249535,13.249516487121582
3664,91.92641568183899,0.86750466,0.8675048351287842,1.7881393432617188e-07,0.8675046563148499,13.249535,13.249516487121582
3665,91.95191884040833,0.86750466,0.8675048351287842,1.7881393432617188e-07,0.8675046563148499,13.249535,13.249516487121582
3666,91.97747564315796,0.86750466,0.8675048351287842,1.7881393432617188e-07,0.8675046563148499,13.249535,13.249516487121582
3667,92.00321197509766,0.86750466,0.8675048351287842,1.7881393432617188e-07,0.8675046563148499,13.249535,13.249516487121582
3668,92.02773094177246,0.86750466,0.8675048351287842,1.7881393432617188e-07,0.8675046563148499,13.249535,13.249516487121582
3669,92.05464673042297,0.86750466,0.8675048351287842,1.7881393432617188e-07,0.8675046563148499,13.249535,13.249516487121582
3670,92.0791757106781,0.86750466,0.8675048351287842,1.7881393432617188e-07,0.8675046563148499,13.249535,13.249516487121582
3671,92.10529518127441,0.86750466,0.8675048351287842,1.7881393432617188e-07,0.8675046563148499,13.249535,13.249516487121582
3672,92.13263845443726,0.86750466,0.8675048351287842,1.7881393432617188e-07,0.8675046563148499,13.249535,13.249516487121582
3673,92.1575779914856,0.86750466,0.8675048351287842,1.7881393432617188e-07,0.8675046563148499,13.249535,13.249516487121582
3674,92.18259119987488,0.86750466,0.8675048351287842,1.7881393432617188e-07,0.8675046563148499,13.249535,13.249516487121582
3675,92.20771408081055,0.86750466,0.8675048351287842,1.7881393432617188e-07,0.8675046563148499,13.249535,13.249516487121582
3676,92.23192501068115,0.86750466,0.8675048351287842,1.7881393432617188e-07,0.8675046563148499,13.249535,13.249516487121582
3677,92.25626230239868,0.86750466,0.8675048351287842,1.7881393432617188e-07,0.8675046563148499,13.249535,13.249516487121582
3678,92.28224420547485,0.86750466,0.8675048351287842,1.7881393432617188e-07,0.8675046563148499,13.249535,13.249516487121582
3679,92.30760455131531,0.86750466,0.8675048351287842,1.7881393432617188e-07,0.8675046563148499,13.249535,13.249516487121582
3680,92.33282995223999,0.86750466,0.8675048351287842,1.7881393432617188e-07,0.8675046563148499,13.249535,13.249516487121582
3681,92.3584496974945,0.86750466,0.8675048351287842,1.7881393432617188e-07,0.8675046563148499,13.249535,13.249516487121582
3682,92.3846321105957,0.86750466,0.8675048351287842,1.7881393432617188e-07,0.8675046563148499,13.249535,13.249516487121582
3683,92.41028046607971,0.86750466,0.8675048351287842,1.7881393432617188e-07,0.8675046563148499,13.249535,13.249516487121582
3684,92.43594098091125,0.86750466,0.8675048351287842,1.7881393432617188e-07,0.8675046563148499,13.249535,13.249516487121582
3685,92.46132278442383,0.86750466,0.8675048351287842,1.7881393432617188e-07,0.8675046563148499,13.249535,13.249516487121582
3686,92.48719811439514,0.86750466,0.8675048351287842,1.7881393432617188e-07,0.8675046563148499,13.249535,13.249516487121582
3687,92.5124933719635,0.86750466,0.8675048351287842,1.7881393432617188e-07,0.8675046563148499,13.249535,13.249516487121582
3688,92.5374903678894,0.86750466,0.8675048351287842,1.7881393432617188e-07,0.8675046563148499,13.249535,13.249516487121582
3689,92.56215190887451,0.86750466,0.8675048351287842,1.7881393432617188e-07,0.8675046563148499,13.249535,13.249516487121582
3690,92.58601427078247,0.86750466,0.8675048351287842,1.7881393432617188e-07,0.8675046563148499,13.249535,13.249516487121582
3691,92.611398935318,0.86750466,0.8675048351287842,1.7881393432617188e-07,0.8675046563148499,13.249535,13.249516487121582
3692,92.63698935508728,0.86750466,0.8675048351287842,1.7881393432617188e-07,0.8675046563148499,13.249535,13.249516487121582
3693,92.66225099563599,0.86750466,0.8675048351287842,1.7881393432617188e-07,0.8675046563148499,13.249535,13.249516487121582
3694,92.68842387199402,0.86750466,0.8675048351287842,1.7881393432617188e-07,0.8675046563148499,13.249535,13.249516487121582
3695,92.71498584747314,0.86750466,0.8675048351287842,1.7881393432617188e-07,0.8675046563148499,13.249535,13.249516487121582
3696,92.74201798439026,0.86750466,0.8675048351287842,1.7881393432617188e-07,0.8675046563148499,13.249535,13.249516487121582
3697,92.76752185821533,0.86750466,0.8675048351287842,1.7881393432617188e-07,0.8675046563148499,13.249535,13.249516487121582
3698,92.79243469238281,0.86750466,0.8675048351287842,1.7881393432617188e-07,0.8675046563148499,13.249535,13.249516487121582
3699,92.81774425506592,0.86750466,0.8675048351287842,1.7881393432617188e-07,0.8675046563148499,13.249535,13.249516487121582
3700,92.84307408332825,0.86750466,0.8675048351287842,1.7881393432617188e-07,0.8675046563148499,13.249535,13.249516487121582
3701,92.86868786811829,0.86750466,0.8675048351287842,1.7881393432617188e-07,0.8675046563148499,13.249535,13.249516487121582
3702,92.89338541030884,0.86750466,0.8675048351287842,1.7881393432617188e-07,0.8675046563148499,13.249535,13.249516487121582
3703,92.91736030578613,0.86750466,0.8675048351287842,1.7881393432617188e-07,0.8675046563148499,13.249535,13.249516487121582
3704,92.94252920150757,0.86750466,0.8675048351287842,1.7881393432617188e-07,0.8675046563148499,13.249535,13.249516487121582
3705,92.96693110466003,0.86750466,0.8675048351287842,1.7881393432617188e-07,0.8675046563148499,13.249535,13.249516487121582
3706,92.99224853515625,0.86750466,0.8675048351287842,1.7881393432617188e-07,0.8675046563148499,13.249535,13.249516487121582
3707,93.01782274246216,0.86750466,0.8675048351287842,1.7881393432617188e-07,0.8675046563148499,13.249535,13.249516487121582
3708,93.04306316375732,0.86750466,0.8675048351287842,1.7881393432617188e-07,0.8675046563148499,13.249535,13.249516487121582
3709,93.06835198402405,0.86750466,0.8675048351287842,1.7881393432617188e-07,0.8675046563148499,13.249535,13.249516487121582
3710,93.09292674064636,0.86750466,0.8675048351287842,1.7881393432617188e-07,0.8675046563148499,13.249535,13.249516487121582
3711,93.117032289505,0.86750466,0.8675048351287842,1.7881393432617188e-07,0.8675046563148499,13.249535,13.249516487121582
3712,93.14140725135803,0.86750466,0.8675048351287842,1.7881393432617188e-07,0.8675046563148499,13.249535,13.249516487121582
3713,93.16546058654785,0.86750466,0.8675048351287842,1.7881393432617188e-07,0.8675046563148499,13.249535,13.249516487121582
3714,93.18964838981628,0.86750466,0.8675048351287842,1.7881393432617188e-07,0.8675046563148499,13.249535,13.249516487121582
3715,93.21391415596008,0.86750466,0.8675048351287842,1.7881393432617188e-07,0.8675046563148499,13.249535,13.249516487121582
3716,93.23822712898254,0.86750466,0.8675048351287842,1.7881393432617188e-07,0.8675046563148499,13.249535,13.249516487121582
3717,93.26322412490845,0.86750466,0.8675048351287842,1.7881393432617188e-07,0.8675046563148499,13.249535,13.249516487121582
3718,93.28776788711548,0.86750466,0.8675048351287842,1.7881393432617188e-07,0.8675046563148499,13.249535,13.249516487121582
3719,93.31266069412231,0.86750466,0.8675048351287842,1.7881393432617188e-07,0.8675046563148499,13.249535,13.249516487121582
3720,93.33664345741272,0.86750466,0.8675048351287842,1.7881393432617188e-07,0.8675046563148499,13.249535,13.249516487121582
3721,93.36165571212769,0.86750466,0.8675048351287842,1.7881393432617188e-07,0.8675046563148499,13.249535,13.249516487121582
3722,93.38755559921265,0.86750466,0.8675048351287842,1.7881393432617188e-07,0.8675046563148499,13.249535,13.249516487121582
3723,93.41312718391418,0.86750466,0.8675048351287842,1.7881393432617188e-07,0.8675046563148499,13.249535,13.249516487121582
3724,93.43716192245483,0.86750466,0.8675048351287842,1.7881393432617188e-07,0.8675046563148499,13.249535,13.249516487121582
3725,93.46173214912415,0.86750466,0.8675048351287842,1.7881393432617188e-07,0.8675046563148499,13.249535,13.249516487121582
3726,93.48729395866394,0.86750466,0.8675048351287842,1.7881393432617188e-07,0.8675046563148499,13.249535,13.249516487121582
3727,93.51177430152893,0.86750466,0.8675048351287842,1.7881393432617188e-07,0.8675046563148499,13.249535,13.249516487121582
3728,93.53571057319641,0.86750466,0.8675048351287842,1.7881393432617188e-07,0.8675046563148499,13.249535,13.249516487121582
3729,93.55925059318542,0.86750466,0.8675048351287842,1.7881393432617188e-07,0.8675046563148499,13.249535,13.249516487121582
3730,93.5837914943695,0.86750466,0.8675048351287842,1.7881393432617188e-07,0.8675046563148499,13.249535,13.249516487121582
3731,93.60790920257568,0.86750466,0.8675048351287842,1.7881393432617188e-07,0.8675046563148499,13.249535,13.249516487121582
3732,93.63275909423828,0.86750466,0.8675048351287842,1.7881393432617188e-07,0.8675046563148499,13.249535,13.249516487121582
3733,93.65685415267944,0.86750466,0.8675048351287842,1.7881393432617188e-07,0.8675046563148499,13.249535,13.249516487121582
3734,93.68075728416443,0.86750466,0.8675048351287842,1.7881393432617188e-07,0.8675046563148499,13.249535,13.249516487121582
3735,93.70600032806396,0.86750466,0.8675048351287842,1.7881393432617188e-07,0.8675046563148499,13.249535,13.249516487121582
3736,93.73049974441528,0.86750466,0.8675048351287842,1.7881393432617188e-07,0.8675046563148499,13.249535,13.249516487121582
3737,93.75577354431152,0.86750466,0.8675048351287842,1.7881393432617188e-07,0.8675046563148499,13.249535,13.249516487121582
3738,93.77964735031128,0.86750466,0.8675048351287842,1.7881393432617188e-07,0.8675046563148499,13.249535,13.249516487121582
3739,93.80414080619812,0.86750466,0.8675048351287842,1.7881393432617188e-07,0.8675046563148499,13.249535,13.249516487121582
3740,93.82930731773376,0.86750466,0.8675048351287842,1.7881393432617188e-07,0.8675046563148499,13.249535,13.249516487121582
3741,93.85458493232727,0.86750466,0.8675048351287842,1.7881393432617188e-07,0.8675046563148499,13.249535,13.249516487121582
3742,93.87959671020508,0.86750466,0.8675048351287842,1.7881393432617188e-07,0.8675046563148499,13.249535,13.249516487121582
3743,93.90361404418945,0.86750466,0.8675048351287842,1.7881393432617188e-07,0.8675046563148499,13.249535,13.249516487121582
3744,93.9277617931366,0.86750466,0.8675048351287842,1.7881393432617188e-07,0.8675046563148499,13.249535,13.249516487121582
3745,93.95301008224487,0.86750466,0.8675048351287842,1.7881393432617188e-07,0.8675046563148499,13.249535,13.249516487121582
3746,93.9782087802887,0.86750466,0.8675048351287842,1.7881393432617188e-07,0.8675046563148499,13.249535,13.249516487121582
3747,94.00250554084778,0.86750466,0.8675048351287842,1.7881393432617188e-07,0.8675046563148499,13.249535,13.249516487121582
3748,94.02665185928345,0.86750466,0.8675048351287842,1.7881393432617188e-07,0.8675046563148499,13.249535,13.249516487121582
3749,94.05175375938416,0.86750466,0.8675048351287842,1.7881393432617188e-07,0.8675046563148499,13.249535,13.249516487121582
3750,94.07701420783997,0.86750466,0.8675048351287842,1.7881393432617188e-07,0.8675046563148499,13.249535,13.249516487121582
3751,94.10169506072998,0.86750466,0.8675048351287842,1.7881393432617188e-07,0.8675046563148499,13.249535,13.249516487121582
3752,94.1265459060669,0.86750466,0.8675048351287842,1.7881393432617188e-07,0.8675046563148499,13.249535,13.249516487121582
3753,94.15036058425903,0.86750466,0.8675048351287842,1.7881393432617188e-07,0.8675046563148499,13.249535,13.249516487121582
3754,94.17631316184998,0.86750466,0.8675048351287842,1.7881393432617188e-07,0.8675046563148499,13.249535,13.249516487121582
3755,94.20036959648132,0.86750466,0.8675048351287842,1.7881393432617188e-07,0.8675046563148499,13.249535,13.249516487121582
3756,94.22470188140869,0.86750466,0.8675048351287842,1.7881393432617188e-07,0.8675046563148499,13.249535,13.249516487121582
3757,94.24881386756897,0.86750466,0.8675048351287842,1.7881393432617188e-07,0.8675046563148499,13.249535,13.249516487121582
3758,94.27396965026855,0.86750466,0.8675048351287842,1.7881393432617188e-07,0.8675046563148499,13.249535,13.249516487121582
3759,94.29889726638794,0.86750466,0.8675048351287842,1.7881393432617188e-07,0.8675046563148499,13.249535,13.249516487121582
3760,94.32469391822815,0.86750466,0.8675048351287842,1.7881393432617188e-07,0.8675046563148499,13.249535,13.249516487121582
3761,94.3496253490448,0.86750466,0.8675048351287842,1.7881393432617188e-07,0.8675046563148499,13.249535,13.249516487121582
3762,94.3752760887146,0.86750466,0.8675048351287842,1.7881393432617188e-07,0.8675046563148499,13.249535,13.249516487121582
3763,94.39990878105164,0.86750466,0.8675048351287842,1.7881393432617188e-07,0.8675046563148499,13.249535,13.249516487121582
3764,94.42426896095276,0.86750466,0.8675048351287842,1.7881393432617188e-07,0.8675046563148499,13.249535,13.249516487121582
3765,94.44804978370667,0.86750466,0.8675048351287842,1.7881393432617188e-07,0.8675046563148499,13.249535,13.249516487121582
3766,94.47246599197388,0.86750466,0.8675048351287842,1.7881393432617188e-07,0.8675046563148499,13.249535,13.249516487121582
3767,94.49761128425598,0.86750466,0.8675048351287842,1.7881393432617188e-07,0.8675046563148499,13.249535,13.249516487121582
3768,94.52307391166687,0.86750466,0.8675048351287842,1.7881393432617188e-07,0.8675046563148499,13.249535,13.249516487121582
3769,94.56809997558594,0.86762536,0.8643454313278198,0.002752401866018772,0.8577075600624084,13.237465,13.565456867218018
3770,94.59984230995178,0.86762536,0.8666958212852478,0.0007196622318588197,0.8652645349502563,13.237465,13.33041787147522
3771,94.62377905845642,0.86762536,0.8673611879348755,0.00019610389426816255,0.8669244050979614,13.237465,13.263881206512451
3772,94.64752888679504,0.86762536,0.8675268888473511,8.709676330909133e-05,0.8674140572547913,13.237465,13.247311115264893
3773,94.67236638069153,0.86762536,0.8676051497459412,3.808637484326027e-05,0.8675331473350525,13.237465,13.239485025405884
3774,94.696528673172,0.86762536,0.8676252961158752,5.960464477539063e-08,0.86762535572052,13.237465,13.237470388412476
3775,94.72155451774597,0.86762536,0.8676252961158752,5.960464477539063e-08,0.86762535572052,13.237465,13.237470388412476
3776,94.74653339385986,0.86762536,0.8676252961158752,5.960464477539063e-08,0.86762535572052,13.237465,13.237470388412476
3777,94.77262473106384,0.86762536,0.8676252961158752,5.960464477539063e-08,0.86762535572052,13.237465,13.237470388412476
3778,94.79849982261658,0.86762536,0.8676252961158752,5.960464477539063e-08,0.86762535572052,13.237465,13.237470388412476
3779,94.8238217830658,0.86762536,0.8676252961158752,5.960464477539063e-08,0.86762535572052,13.237465,13.237470388412476
3780,94.85048818588257,0.86762536,0.8676252961158752,5.960464477539063e-08,0.86762535572052,13.237465,13.237470388412476
3781,94.87695050239563,0.86762536,0.8676252961158752,5.960464477539063e-08,0.86762535572052,13.237465,13.237470388412476
3782,94.90198421478271,0.86762536,0.8676252961158752,5.960464477539063e-08,0.86762535572052,13.237465,13.237470388412476
3783,94.92719435691833,0.86762536,0.8676252961158752,5.960464477539063e-08,0.86762535572052,13.237465,13.237470388412476
3784,94.95106077194214,0.86762536,0.8676252961158752,5.960464477539063e-08,0.86762535572052,13.237465,13.237470388412476
3785,94.9760434627533,0.86762536,0.8676252961158752,5.960464477539063e-08,0.86762535572052,13.237465,13.237470388412476
3786,95.00083994865417,0.86762536,0.8676252961158752,5.960464477539063e-08,0.86762535572052,13.237465,13.237470388412476
3787,95.02504849433899,0.86762536,0.8676252961158752,5.960464477539063e-08,0.86762535572052,13.237465,13.237470388412476
3788,95.04947996139526,0.86762536,0.8676252961158752,5.960464477539063e-08,0.86762535572052,13.237465,13.237470388412476
3789,95.07404518127441,0.86762536,0.8676252961158752,5.960464477539063e-08,0.86762535572052,13.237465,13.237470388412476
3790,95.09911704063416,0.86762536,0.8676252961158752,5.960464477539063e-08,0.86762535572052,13.237465,13.237470388412476
3791,95.12357592582703,0.86762536,0.8676252961158752,5.960464477539063e-08,0.86762535572052,13.237465,13.237470388412476
3792,95.14763116836548,0.86762536,0.8676252961158752,5.960464477539063e-08,0.86762535572052,13.237465,13.237470388412476
3793,95.17254734039307,0.86762536,0.8676252961158752,5.960464477539063e-08,0.86762535572052,13.237465,13.237470388412476
3794,95.1974720954895,0.86762536,0.8676252961158752,5.960464477539063e-08,0.86762535572052,13.237465,13.237470388412476
3795,95.22148728370667,0.86762536,0.8676252961158752,5.960464477539063e-08,0.86762535572052,13.237465,13.237470388412476
3796,95.24725413322449,0.86762536,0.8676252961158752,5.960464477539063e-08,0.86762535572052,13.237465,13.237470388412476
3797,95.27257299423218,0.86762536,0.8676252961158752,5.960464477539063e-08,0.86762535572052,13.237465,13.237470388412476
3798,95.29691648483276,0.86762536,0.8676252961158752,5.960464477539063e-08,0.86762535572052,13.237465,13.237470388412476
3799,95.32237958908081,0.86762536,0.8676252961158752,5.960464477539063e-08,0.86762535572052,13.237465,13.237470388412476
3800,95.34683680534363,0.86762536,0.8676252961158752,5.960464477539063e-08,0.86762535572052,13.237465,13.237470388412476
3801,95.37184405326843,0.86762536,0.8676252961158752,5.960464477539063e-08,0.86762535572052,13.237465,13.237470388412476
3802,95.39691185951233,0.86762536,0.8676252961158752,5.960464477539063e-08,0.86762535572052,13.237465,13.237470388412476
3803,95.42185473442078,0.86762536,0.8676252961158752,5.960464477539063e-08,0.86762535572052,13.237465,13.237470388412476
3804,95.44641590118408,0.86762536,0.8676252961158752,5.960464477539063e-08,0.86762535572052,13.237465,13.237470388412476
3805,95.47063970565796,0.86762536,0.8676252961158752,5.960464477539063e-08,0.86762535572052,13.237465,13.237470388412476
3806,95.49473071098328,0.86762536,0.8676252961158752,5.960464477539063e-08,0.86762535572052,13.237465,13.237470388412476
3807,95.52140402793884,0.86762536,0.8676252961158752,5.960464477539063e-08,0.86762535572052,13.237465,13.237470388412476
3808,95.54698657989502,0.86762536,0.8676252961158752,5.960464477539063e-08,0.86762535572052,13.237465,13.237470388412476
3809,95.57088661193848,0.86762536,0.8676252961158752,5.960464477539063e-08,0.86762535572052,13.237465,13.237470388412476
3810,95.59455037117004,0.86762536,0.8676252961158752,5.960464477539063e-08,0.86762535572052,13.237465,13.237470388412476
3811,95.61993789672852,0.86762536,0.8676252961158752,5.960464477539063e-08,0.86762535572052,13.237465,13.237470388412476
3812,95.64490413665771,0.86762536,0.8676252961158752,5.960464477539063e-08,0.86762535572052,13.237465,13.237470388412476
3813,95.67007327079773,0.86762536,0.8676252961158752,5.960464477539063e-08,0.86762535572052,13.237465,13.237470388412476
3814,95.69471573829651,0.86762536,0.8676252961158752,5.960464477539063e-08,0.86762535572052,13.237465,13.237470388412476
3815,95.71958303451538,0.86762536,0.8676252961158752,5.960464477539063e-08,0.86762535572052,13.237465,13.237470388412476
3816,95.74417400360107,0.86762536,0.8676252961158752,5.960464477539063e-08,0.86762535572052,13.237465,13.237470388412476
3817,95.76898550987244,0.86762536,0.8676252961158752,5.960464477539063e-08,0.86762535572052,13.237465,13.237470388412476
3818,95.81337022781372,0.86778265,0.8640226125717163,0.0032575081568211317,0.8563594818115234,13.221735,13.59773874282837
3819,95.84420466423035,0.86778265,0.8667673468589783,0.0007790196104906499,0.8649150133132935,13.221735,13.323265314102173
3820,95.87001252174377,0.86778265,0.8673990964889526,0.0002951721253339201,0.866874098777771,13.221735,13.260090351104736
3821,95.89605808258057,0.86778265,0.8676609396934509,7.310452201636508e-05,0.8674921989440918,13.221735,13.233906030654907
3822,95.92043590545654,0.86778265,0.8677158355712891,6.866859621368349e-05,0.86762535572052,13.221735,13.228416442871094
3823,95.94466972351074,0.86778265,0.8677826523780823,0.0,0.8677826523780823,13.221735,13.221734762191772
3824,95.96827101707458,0.86778265,0.8677826523780823,0.0,0.8677826523780823,13.221735,13.221734762191772
3825,95.99334216117859,0.86778265,0.8677826523780823,0.0,0.8677826523780823,13.221735,13.221734762191772
3826,96.01808404922485,0.86778265,0.8677826523780823,0.0,0.8677826523780823,13.221735,13.221734762191772
3827,96.04282784461975,0.86778265,0.8677826523780823,0.0,0.8677826523780823,13.221735,13.221734762191772
3828,96.06789565086365,0.86778265,0.8677826523780823,0.0,0.8677826523780823,13.221735,13.221734762191772
3829,96.09260320663452,0.86778265,0.8677826523780823,0.0,0.8677826523780823,13.221735,13.221734762191772
3830,96.11747336387634,0.86778265,0.8677826523780823,0.0,0.8677826523780823,13.221735,13.221734762191772
3831,96.14168167114258,0.86778265,0.8677826523780823,0.0,0.8677826523780823,13.221735,13.221734762191772
3832,96.16631293296814,0.86778265,0.8677826523780823,0.0,0.8677826523780823,13.221735,13.221734762191772
3833,96.1906042098999,0.86778265,0.8677826523780823,0.0,0.8677826523780823,13.221735,13.221734762191772
3834,96.21479320526123,0.86778265,0.8677826523780823,0.0,0.8677826523780823,13.221735,13.221734762191772
3835,96.23854303359985,0.86778265,0.8677826523780823,0.0,0.8677826523780823,13.221735,13.221734762191772
3836,96.26341485977173,0.86778265,0.8677826523780823,0.0,0.8677826523780823,13.221735,13.221734762191772
3837,96.2873523235321,0.86778265,0.8677826523780823,0.0,0.8677826523780823,13.221735,13.221734762191772
3838,96.3129563331604,0.86778265,0.8677826523780823,0.0,0.8677826523780823,13.221735,13.221734762191772
3839,96.33808612823486,0.86778265,0.8677826523780823,0.0,0.8677826523780823,13.221735,13.221734762191772
3840,96.3645453453064,0.86778265,0.8677826523780823,0.0,0.8677826523780823,13.221735,13.221734762191772
3841,96.40106391906738,0.86778265,0.8677826523780823,0.0,0.8677826523780823,13.221735,13.221734762191772
3842,96.43119430541992,0.86778265,0.8677826523780823,0.0,0.8677826523780823,13.221735,13.221734762191772
3843,96.45896077156067,0.86778265,0.8677826523780823,0.0,0.8677826523780823,13.221735,13.221734762191772
3844,96.50532555580139,0.8679013,0.8642382621765137,0.0030309748835861683,0.8573204874992371,13.2098675,13.576173782348633
3845,96.53750205039978,0.8679013,0.8667553067207336,0.0009609668049961329,0.8648010492324829,13.2098675,13.324469327926636
3846,96.56244039535522,0.8679013,0.8675941824913025,0.0002456054789945483,0.8670803904533386,13.2098675,13.240581750869751
3847,96.5874969959259,0.8679013,0.8678151965141296,8.734992297831923e-05,0.8676315546035767,13.2098675,13.218480348587036
3848,96.61315989494324,0.8679013,0.8678853511810303,2.5580406145309098e-05,0.8678444623947144,13.2098675,13.211464881896973
3849,96.63799929618835,0.8679013,0.8679013848304749,5.960464477539063e-08,0.8679013252258301,13.2098675,13.209861516952515
3850,96.66254591941833,0.8679013,0.8679013848304749,5.960464477539063e-08,0.8679013252258301,13.2098675,13.209861516952515
3851,96.68765258789062,0.8679013,0.8679013848304749,5.960464477539063e-08,0.8679013252258301,13.2098675,13.209861516952515
3852,96.71218419075012,0.8679013,0.8679013848304749,5.960464477539063e-08,0.8679013252258301,13.2098675,13.209861516952515
3853,96.73731565475464,0.8679013,0.8679013848304749,5.960464477539063e-08,0.8679013252258301,13.2098675,13.209861516952515
3854,96.76318883895874,0.8679013,0.8679013848304749,5.960464477539063e-08,0.8679013252258301,13.2098675,13.209861516952515
3855,96.78821730613708,0.8679013,0.8679013848304749,5.960464477539063e-08,0.8679013252258301,13.2098675,13.209861516952515
3856,96.81162333488464,0.8679013,0.8679013848304749,5.960464477539063e-08,0.8679013252258301,13.2098675,13.209861516952515
3857,96.83536148071289,0.8679013,0.8679013848304749,5.960464477539063e-08,0.8679013252258301,13.2098675,13.209861516952515
3858,96.86104726791382,0.8679013,0.8679013848304749,5.960464477539063e-08,0.8679013252258301,13.2098675,13.209861516952515
3859,96.88677859306335,0.8679013,0.8679013848304749,5.960464477539063e-08,0.8679013252258301,13.2098675,13.209861516952515
3860,96.91330027580261,0.8679013,0.8679013848304749,5.960464477539063e-08,0.8679013252258301,13.2098675,13.209861516952515
3861,96.9398021697998,0.8679013,0.8679013848304749,5.960464477539063e-08,0.8679013252258301,13.2098675,13.209861516952515
3862,96.9658374786377,0.8679013,0.8679013848304749,5.960464477539063e-08,0.8679013252258301,13.2098675,13.209861516952515
3863,96.99236011505127,0.8679013,0.8679013848304749,5.960464477539063e-08,0.8679013252258301,13.2098675,13.209861516952515
3864,97.01670837402344,0.8679013,0.8679013848304749,5.960464477539063e-08,0.8679013252258301,13.2098675,13.209861516952515
3865,97.0406346321106,0.8679013,0.8679013848304749,5.960464477539063e-08,0.8679013252258301,13.2098675,13.209861516952515
3866,97.06702446937561,0.8679013,0.8679013848304749,5.960464477539063e-08,0.8679013252258301,13.2098675,13.209861516952515
3867,97.09161520004272,0.8679013,0.8679013848304749,5.960464477539063e-08,0.8679013252258301,13.2098675,13.209861516952515
3868,97.11560988426208,0.8679013,0.8679013848304749,5.960464477539063e-08,0.8679013252258301,13.2098675,13.209861516952515
3869,97.14025378227234,0.8679013,0.8679013848304749,5.960464477539063e-08,0.8679013252258301,13.2098675,13.209861516952515
3870,97.16496992111206,0.8679013,0.8679013848304749,5.960464477539063e-08,0.8679013252258301,13.2098675,13.209861516952515
3871,97.18923234939575,0.8679013,0.8679013848304749,5.960464477539063e-08,0.8679013252258301,13.2098675,13.209861516952515
3872,97.21397471427917,0.8679013,0.8679013848304749,5.960464477539063e-08,0.8679013252258301,13.2098675,13.209861516952515
3873,97.23875665664673,0.8679013,0.8679013848304749,5.960464477539063e-08,0.8679013252258301,13.2098675,13.209861516952515
3874,97.2641065120697,0.8679013,0.8679013848304749,5.960464477539063e-08,0.8679013252258301,13.2098675,13.209861516952515
3875,97.28892064094543,0.8679013,0.8679013848304749,5.960464477539063e-08,0.8679013252258301,13.2098675,13.209861516952515
3876,97.3154923915863,0.8679013,0.8679013848304749,5.960464477539063e-08,0.8679013252258301,13.2098675,13.209861516952515
3877,97.34062600135803,0.8679013,0.8679013848304749,5.960464477539063e-08,0.8679013252258301,13.2098675,13.209861516952515
3878,97.3649971485138,0.8679013,0.8679013848304749,5.960464477539063e-08,0.8679013252258301,13.2098675,13.209861516952515
3879,97.39071321487427,0.8679013,0.8679013848304749,5.960464477539063e-08,0.8679013252258301,13.2098675,13.209861516952515
3880,97.41772365570068,0.8679013,0.8679013848304749,5.960464477539063e-08,0.8679013252258301,13.2098675,13.209861516952515
3881,97.44264030456543,0.8679013,0.8679013848304749,5.960464477539063e-08,0.8679013252258301,13.2098675,13.209861516952515
3882,97.46749973297119,0.8679013,0.8679013848304749,5.960464477539063e-08,0.8679013252258301,13.2098675,13.209861516952515
3883,97.49193549156189,0.8679013,0.8679013848304749,5.960464477539063e-08,0.8679013252258301,13.2098675,13.209861516952515
3884,97.51623773574829,0.8679013,0.8679013848304749,5.960464477539063e-08,0.8679013252258301,13.2098675,13.209861516952515
3885,97.54056310653687,0.8679013,0.8679013848304749,5.960464477539063e-08,0.8679013252258301,13.2098675,13.209861516952515
3886,97.56532764434814,0.8679013,0.8679013848304749,5.960464477539063e-08,0.8679013252258301,13.2098675,13.209861516952515
3887,97.59039282798767,0.8679013,0.8679013848304749,5.960464477539063e-08,0.8679013252258301,13.2098675,13.209861516952515
3888,97.61579489707947,0.8679013,0.8679013848304749,5.960464477539063e-08,0.8679013252258301,13.2098675,13.209861516952515
3889,97.63993620872498,0.8679013,0.8679013848304749,5.960464477539063e-08,0.8679013252258301,13.2098675,13.209861516952515
3890,97.66490602493286,0.8679013,0.8679013848304749,5.960464477539063e-08,0.8679013252258301,13.2098675,13.209861516952515
3891,97.68883109092712,0.8679013,0.8679013848304749,5.960464477539063e-08,0.8679013252258301,13.2098675,13.209861516952515
3892,97.71209740638733,0.8679013,0.8679013848304749,5.960464477539063e-08,0.8679013252258301,13.2098675,13.209861516952515
3893,97.7357189655304,0.8679013,0.8679013848304749,5.960464477539063e-08,0.8679013252258301,13.2098675,13.209861516952515
3894,97.78149342536926,0.86807114,0.8634375333786011,0.003908125218003988,0.8551539778709412,13.192886,13.656246662139893
3895,97.81439518928528,0.86807114,0.8668045997619629,0.0010097002377733588,0.8647365570068359,13.192886,13.319540023803711
3896,97.83884310722351,0.86807114,0.8677203059196472,0.00035615157685242593,0.8669854402542114,13.192886,13.227969408035278
3897,97.86399555206299,0.86807114,0.8679850101470947,8.558930130675435e-05,0.867876410484314,13.192886,13.201498985290527
3898,97.88778734207153,0.86807114,0.8680711388587952,0.0,0.8680711388587952,13.192886,13.192886114120483
3899,97.91328310966492,0.86807114,0.8680711388587952,0.0,0.8680711388587952,13.192886,13.192886114120483
3900,97.93759942054749,0.86807114,0.8680711388587952,0.0,0.8680711388587952,13.192886,13.192886114120483
3901,97.96170902252197,0.86807114,0.8680711388587952,0.0,0.8680711388587952,13.192886,13.192886114120483
3902,97.98710608482361,0.86807114,0.8680711388587952,0.0,0.8680711388587952,13.192886,13.192886114120483
3903,98.01140809059143,0.86807114,0.8680711388587952,0.0,0.8680711388587952,13.192886,13.192886114120483
3904,98.03578019142151,0.86807114,0.8680711388587952,0.0,0.8680711388587952,13.192886,13.192886114120483
3905,98.06069779396057,0.86807114,0.8680711388587952,0.0,0.8680711388587952,13.192886,13.192886114120483
3906,98.08478331565857,0.86807114,0.8680711388587952,0.0,0.8680711388587952,13.192886,13.192886114120483
3907,98.10884928703308,0.86807114,0.8680711388587952,0.0,0.8680711388587952,13.192886,13.192886114120483
3908,98.14242839813232,0.86807114,0.8680711388587952,0.0,0.8680711388587952,13.192886,13.192886114120483
3909,98.17068338394165,0.86807114,0.8680711388587952,0.0,0.8680711388587952,13.192886,13.192886114120483
3910,98.19512987136841,0.86807114,0.8680711388587952,0.0,0.8680711388587952,13.192886,13.192886114120483
3911,98.2195086479187,0.86807114,0.8680711388587952,0.0,0.8680711388587952,13.192886,13.192886114120483
3912,98.24425482749939,0.86807114,0.8680711388587952,0.0,0.8680711388587952,13.192886,13.192886114120483
3913,98.26969146728516,0.86807114,0.8680711388587952,0.0,0.8680711388587952,13.192886,13.192886114120483
3914,98.29560446739197,0.86807114,0.8680711388587952,0.0,0.8680711388587952,13.192886,13.192886114120483
3915,98.31988406181335,0.86807114,0.8680711388587952,0.0,0.8680711388587952,13.192886,13.192886114120483
3916,98.34534883499146,0.86807114,0.8680711388587952,0.0,0.8680711388587952,13.192886,13.192886114120483
3917,98.37042188644409,0.86807114,0.8680711388587952,0.0,0.8680711388587952,13.192886,13.192886114120483
3918,98.39576935768127,0.86807114,0.8680711388587952,0.0,0.8680711388587952,13.192886,13.192886114120483
3919,98.42313623428345,0.86807114,0.8680711388587952,0.0,0.8680711388587952,13.192886,13.192886114120483
3920,98.44817900657654,0.86807114,0.8680711388587952,0.0,0.8680711388587952,13.192886,13.192886114120483
3921,98.47159266471863,0.86807114,0.8680711388587952,0.0,0.8680711388587952,13.192886,13.192886114120483
3922,98.49647760391235,0.86807114,0.8680711388587952,0.0,0.8680711388587952,13.192886,13.192886114120483
3923,98.52040958404541,0.86807114,0.8680711388587952,0.0,0.8680711388587952,13.192886,13.192886114120483
3924,98.56542491912842,0.86818826,0.8648879528045654,0.0030549676157534122,0.8573223352432251,13.181173,13.511204719543457
3925,98.59726119041443,0.86818826,0.8673665523529053,0.0006857938715256751,0.8659855127334595,13.181173,13.263344764709473
3926,98.62277221679688,0.86818826,0.867978572845459,0.00016725441673770547,0.8676162958145142,13.181173,13.202142715454102
3927,98.64759373664856,0.86818826,0.8681221008300781,6.21219805907458e-05,0.8680155277252197,13.181173,13.187789916992188
3928,98.6721715927124,0.86818826,0.8681856393814087,1.721795524645131e-05,0.8680711388587952,13.181173,13.18143606185913
3929,98.69737505912781,0.86818826,0.868188202381134,5.960464477539063e-08,0.8681882619857788,13.181173,13.181179761886597
3930,98.72155523300171,0.86818826,0.868188202381134,5.960464477539063e-08,0.8681882619857788,13.181173,13.181179761886597
3931,98.74611783027649,0.86818826,0.868188202381134,5.960464477539063e-08,0.8681882619857788,13.181173,13.181179761886597
3932,98.77046298980713,0.86818826,0.868188202381134,5.960464477539063e-08,0.8681882619857788,13.181173,13.181179761886597
3933,98.79789328575134,0.86818826,0.868188202381134,5.960464477539063e-08,0.8681882619857788,13.181173,13.181179761886597
3934,98.82234072685242,0.86818826,0.868188202381134,5.960464477539063e-08,0.8681882619857788,13.181173,13.181179761886597
3935,98.84591698646545,0.86818826,0.868188202381134,5.960464477539063e-08,0.8681882619857788,13.181173,13.181179761886597
3936,98.8710036277771,0.86818826,0.868188202381134,5.960464477539063e-08,0.8681882619857788,13.181173,13.181179761886597
3937,98.89544653892517,0.86818826,0.868188202381134,5.960464477539063e-08,0.8681882619857788,13.181173,13.181179761886597
3938,98.92066812515259,0.86818826,0.868188202381134,5.960464477539063e-08,0.8681882619857788,13.181173,13.181179761886597
3939,98.94376492500305,0.86818826,0.868188202381134,5.960464477539063e-08,0.8681882619857788,13.181173,13.181179761886597
3940,98.96829390525818,0.86818826,0.868188202381134,5.960464477539063e-08,0.8681882619857788,13.181173,13.181179761886597
3941,98.99369549751282,0.86818826,0.868188202381134,5.960464477539063e-08,0.8681882619857788,13.181173,13.181179761886597
3942,99.01892638206482,0.86818826,0.868188202381134,5.960464477539063e-08,0.8681882619857788,13.181173,13.181179761886597
3943,99.04470753669739,0.86818826,0.868188202381134,5.960464477539063e-08,0.8681882619857788,13.181173,13.181179761886597
3944,99.07235169410706,0.86818826,0.868188202381134,5.960464477539063e-08,0.8681882619857788,13.181173,13.181179761886597
3945,99.09886884689331,0.86818826,0.868188202381134,5.960464477539063e-08,0.8681882619857788,13.181173,13.181179761886597
3946,99.12556433677673,0.86818826,0.868188202381134,5.960464477539063e-08,0.8681882619857788,13.181173,13.181179761886597
3947,99.14952611923218,0.86818826,0.868188202381134,5.960464477539063e-08,0.8681882619857788,13.181173,13.181179761886597
3948,99.17524313926697,0.86818826,0.868188202381134,5.960464477539063e-08,0.8681882619857788,13.181173,13.181179761886597
3949,99.19942378997803,0.86818826,0.868188202381134,5.960464477539063e-08,0.8681882619857788,13.181173,13.181179761886597
3950,99.22421932220459,0.86818826,0.868188202381134,5.960464477539063e-08,0.8681882619857788,13.181173,13.181179761886597
3951,99.24788522720337,0.86818826,0.868188202381134,5.960464477539063e-08,0.8681882619857788,13.181173,13.181179761886597
3952,99.29232478141785,0.8683276,0.865136981010437,0.002487074350938201,0.8600040674209595,13.167238,13.486301898956299
3953,99.32423734664917,0.8683276,0.8673431873321533,0.000836274353787303,0.8654890060424805,13.167238,13.265681266784668
3954,99.35063695907593,0.8683276,0.8680517673492432,0.00019381826859898865,0.867667555809021,13.167238,13.194823265075684
3955,99.37642097473145,0.8683276,0.8682305216789246,7.715922401985154e-05,0.8681423664093018,13.167238,13.176947832107544
3956,99.40317702293396,0.8683276,0.8682913780212402,6.162907084217295e-05,0.868182897567749,13.167238,13.170862197875977
3957,99.42790412902832,0.8683276,0.8683276176452637,0.0,0.8683276176452637,13.167238,13.167238235473633
3958,99.45297646522522,0.8683276,0.8683276176452637,0.0,0.8683276176452637,13.167238,13.167238235473633
3959,99.4777934551239,0.8683276,0.8683276176452637,0.0,0.8683276176452637,13.167238,13.167238235473633
3960,99.5027482509613,0.8683276,0.8683276176452637,0.0,0.8683276176452637,13.167238,13.167238235473633
3961,99.52655458450317,0.8683276,0.8683276176452637,0.0,0.8683276176452637,13.167238,13.167238235473633
3962,99.55120396614075,0.8683276,0.8683276176452637,0.0,0.8683276176452637,13.167238,13.167238235473633
3963,99.57699847221375,0.8683276,0.8683276176452637,0.0,0.8683276176452637,13.167238,13.167238235473633
3964,99.60261154174805,0.8683276,0.8683276176452637,0.0,0.8683276176452637,13.167238,13.167238235473633
3965,99.62749218940735,0.8683276,0.8683276176452637,0.0,0.8683276176452637,13.167238,13.167238235473633
3966,99.65190625190735,0.8683276,0.8683276176452637,0.0,0.8683276176452637,13.167238,13.167238235473633
3967,99.67707109451294,0.8683276,0.8683276176452637,0.0,0.8683276176452637,13.167238,13.167238235473633
3968,99.7016065120697,0.8683276,0.8683276176452637,0.0,0.8683276176452637,13.167238,13.167238235473633
3969,99.72553014755249,0.8683276,0.8683276176452637,0.0,0.8683276176452637,13.167238,13.167238235473633
3970,99.7501609325409,0.8683276,0.8683276176452637,0.0,0.8683276176452637,13.167238,13.167238235473633
3971,99.77513861656189,0.8683276,0.8683276176452637,0.0,0.8683276176452637,13.167238,13.167238235473633
3972,99.7996244430542,0.8683276,0.8683276176452637,0.0,0.8683276176452637,13.167238,13.167238235473633
3973,99.82455635070801,0.8683276,0.8683276176452637,0.0,0.8683276176452637,13.167238,13.167238235473633
3974,99.84901094436646,0.8683276,0.8683276176452637,0.0,0.8683276176452637,13.167238,13.167238235473633
3975,99.8731427192688,0.8683276,0.8683276176452637,0.0,0.8683276176452637,13.167238,13.167238235473633
3976,99.89823293685913,0.8683276,0.8683276176452637,0.0,0.8683276176452637,13.167238,13.167238235473633
3977,99.9235634803772,0.8683276,0.8683276176452637,0.0,0.8683276176452637,13.167238,13.167238235473633
3978,99.94701814651489,0.8683276,0.8683276176452637,0.0,0.8683276176452637,13.167238,13.167238235473633
3979,99.96956586837769,0.8683276,0.8683276176452637,0.0,0.8683276176452637,13.167238,13.167238235473633
3980,99.99349737167358,0.8683276,0.8683276176452637,0.0,0.8683276176452637,13.167238,13.167238235473633
3981,100.01782655715942,0.8683276,0.8683276176452637,0.0,0.8683276176452637,13.167238,13.167238235473633
3982,100.04284429550171,0.8683276,0.8683276176452637,0.0,0.8683276176452637,13.167238,13.167238235473633
3983,100.0680296421051,0.8683276,0.8683276176452637,0.0,0.8683276176452637,13.167238,13.167238235473633
3984,100.0924916267395,0.8683276,0.8683276176452637,0.0,0.8683276176452637,13.167238,13.167238235473633
3985,100.1398561000824,0.8684096,0.8656865954399109,0.0024498600978404284,0.8592439889907837,13.159042,13.431340456008911
3986,100.1718897819519,0.8684096,0.8677101731300354,0.0005778301856480539,0.8664013147354126,13.159042,13.22898268699646
3987,100.19588470458984,0.8684096,0.8681846261024475,0.0001804072962841019,0.8678019642829895,13.159042,13.181537389755249
3988,100.22128081321716,0.8684096,0.8683385848999023,4.829705358133651e-05,0.8682704567909241,13.159042,13.166141510009766
3989,100.24606943130493,0.8684096,0.868377685546875,3.4900753234978765e-05,0.868329644203186,13.159042,13.1622314453125
3990,100.27047109603882,0.8684096,0.8684095740318298,0.0,0.8684095740318298,13.159042,13.159042596817017
3991,100.29444408416748,0.8684096,0.8684095740318298,0.0,0.8684095740318298,13.159042,13.159042596817017
3992,100.31799030303955,0.8684096,0.8684095740318298,0.0,0.8684095740318298,13.159042,13.159042596817017
3993,100.3436439037323,0.8684096,0.8684095740318298,0.0,0.8684095740318298,13.159042,13.159042596817017
3994,100.3695924282074,0.8684096,0.8684095740318298,0.0,0.8684095740318298,13.159042,13.159042596817017
3995,100.39430522918701,0.8684096,0.8684095740318298,0.0,0.8684095740318298,13.159042,13.159042596817017
3996,100.42039108276367,0.8684096,0.8684095740318298,0.0,0.8684095740318298,13.159042,13.159042596817017
3997,100.44631385803223,0.8684096,0.8684095740318298,0.0,0.8684095740318298,13.159042,13.159042596817017
3998,100.47081327438354,0.8684096,0.8684095740318298,0.0,0.8684095740318298,13.159042,13.159042596817017
3999,100.49566078186035,0.8684096,0.8684095740318298,0.0,0.8684095740318298,13.159042,13.159042596817017
4000,100.52069664001465,0.8684096,0.8684095740318298,0.0,0.8684095740318298,13.159042,13.159042596817017
4001,100.552485704422,0.8684096,0.8684095740318298,0.0,0.8684095740318298,13.159042,13.159042596817017
4002,100.57660794258118,0.8684096,0.8684095740318298,0.0,0.8684095740318298,13.159042,13.159042596817017
4003,100.60132336616516,0.8684096,0.8684095740318298,0.0,0.8684095740318298,13.159042,13.159042596817017
4004,100.62649488449097,0.8684096,0.8684095740318298,0.0,0.8684095740318298,13.159042,13.159042596817017
4005,100.65145063400269,0.8684096,0.8684095740318298,0.0,0.8684095740318298,13.159042,13.159042596817017
4006,100.67578125,0.8684096,0.8684095740318298,0.0,0.8684095740318298,13.159042,13.159042596817017
4007,100.70084071159363,0.8684096,0.8684095740318298,0.0,0.8684095740318298,13.159042,13.159042596817017
4008,100.72503185272217,0.8684096,0.8684095740318298,0.0,0.8684095740318298,13.159042,13.159042596817017
4009,100.74920392036438,0.8684096,0.8684095740318298,0.0,0.8684095740318298,13.159042,13.159042596817017
4010,100.77421498298645,0.8684096,0.8684095740318298,0.0,0.8684095740318298,13.159042,13.159042596817017
4011,100.79870653152466,0.8684096,0.8684095740318298,0.0,0.8684095740318298,13.159042,13.159042596817017
4012,100.82307028770447,0.8684096,0.8684095740318298,0.0,0.8684095740318298,13.159042,13.159042596817017
4013,100.84719467163086,0.8684096,0.8684095740318298,0.0,0.8684095740318298,13.159042,13.159042596817017
4014,100.87154960632324,0.8684096,0.8684095740318298,0.0,0.8684095740318298,13.159042,13.159042596817017
4015,100.8965916633606,0.8684096,0.8684095740318298,0.0,0.8684095740318298,13.159042,13.159042596817017
4016,100.9222264289856,0.8684096,0.8684095740318298,0.0,0.8684095740318298,13.159042,13.159042596817017
4017,100.94668865203857,0.8684096,0.8684095740318298,0.0,0.8684095740318298,13.159042,13.159042596817017
4018,100.9718279838562,0.8684096,0.8684095740318298,0.0,0.8684095740318298,13.159042,13.159042596817017
4019,100.99689221382141,0.8684096,0.8684095740318298,0.0,0.8684095740318298,13.159042,13.159042596817017
4020,101.02109670639038,0.8684096,0.8684095740318298,0.0,0.8684095740318298,13.159042,13.159042596817017
4021,101.0462920665741,0.8684096,0.8684095740318298,0.0,0.8684095740318298,13.159042,13.159042596817017
4022,101.07177662849426,0.8684096,0.8684095740318298,0.0,0.8684095740318298,13.159042,13.159042596817017
4023,101.09663438796997,0.8684096,0.8684095740318298,0.0,0.8684095740318298,13.159042,13.159042596817017
4024,101.12170815467834,0.8684096,0.8684095740318298,0.0,0.8684095740318298,13.159042,13.159042596817017
4025,101.14622616767883,0.8684096,0.8684095740318298,0.0,0.8684095740318298,13.159042,13.159042596817017
4026,101.17229413986206,0.8684096,0.8684095740318298,0.0,0.8684095740318298,13.159042,13.159042596817017
4027,101.1981565952301,0.8684096,0.8684095740318298,0.0,0.8684095740318298,13.159042,13.159042596817017
4028,101.22477555274963,0.8684096,0.8684095740318298,0.0,0.8684095740318298,13.159042,13.159042596817017
4029,101.24921178817749,0.8684096,0.8684095740318298,0.0,0.8684095740318298,13.159042,13.159042596817017
4030,101.27429485321045,0.8684096,0.8684095740318298,0.0,0.8684095740318298,13.159042,13.159042596817017
4031,101.2985668182373,0.8684096,0.8684095740318298,0.0,0.8684095740318298,13.159042,13.159042596817017
4032,101.32353973388672,0.8684096,0.8684095740318298,0.0,0.8684095740318298,13.159042,13.159042596817017
4033,101.3700749874115,0.8684096,0.8648394346237183,0.0029949306044727564,0.857873260974884,13.159042,13.516056537628174
4034,101.40269231796265,0.8684096,0.8675051331520081,0.0008032803889364004,0.8659996390342712,13.159042,13.249486684799194
4035,101.42789626121521,0.8684096,0.8682480454444885,0.00019052511197514832,0.8678061366081238,13.159042,13.175195455551147
4036,101.45324349403381,0.8684096,0.8683962225914001,2.224274430773221e-05,0.8683114051818848,13.159042,13.160377740859985
4037,101.4786901473999,0.8684096,0.8684095740318298,0.0,0.8684095740318298,13.159042,13.159042596817017
4038,101.50306296348572,0.8684096,0.8684095740318298,0.0,0.8684095740318298,13.159042,13.159042596817017
4039,101.52814483642578,0.8684096,0.8684095740318298,0.0,0.8684095740318298,13.159042,13.159042596817017
4040,101.5534131526947,0.8684096,0.8684095740318298,0.0,0.8684095740318298,13.159042,13.159042596817017
4041,101.5781512260437,0.8684096,0.8684095740318298,0.0,0.8684095740318298,13.159042,13.159042596817017
4042,101.60258364677429,0.8684096,0.8684095740318298,0.0,0.8684095740318298,13.159042,13.159042596817017
4043,101.62578892707825,0.8684096,0.8684095740318298,0.0,0.8684095740318298,13.159042,13.159042596817017
4044,101.65098595619202,0.8684096,0.8684095740318298,0.0,0.8684095740318298,13.159042,13.159042596817017
4045,101.67648315429688,0.8684096,0.8684095740318298,0.0,0.8684095740318298,13.159042,13.159042596817017
4046,101.7006368637085,0.8684096,0.8684095740318298,0.0,0.8684095740318298,13.159042,13.159042596817017
4047,101.72513341903687,0.8684096,0.8684095740318298,0.0,0.8684095740318298,13.159042,13.159042596817017
4048,101.74918127059937,0.8684096,0.8684095740318298,0.0,0.8684095740318298,13.159042,13.159042596817017
4049,101.7742862701416,0.8684096,0.8684095740318298,0.0,0.8684095740318298,13.159042,13.159042596817017
4050,101.79906916618347,0.8684096,0.8684095740318298,0.0,0.8684095740318298,13.159042,13.159042596817017
4051,101.82322001457214,0.8684096,0.8684095740318298,0.0,0.8684095740318298,13.159042,13.159042596817017
4052,101.84782314300537,0.8684096,0.8684095740318298,0.0,0.8684095740318298,13.159042,13.159042596817017
4053,101.87256526947021,0.8684096,0.8684095740318298,0.0,0.8684095740318298,13.159042,13.159042596817017
4054,101.89691281318665,0.8684096,0.8684095740318298,0.0,0.8684095740318298,13.159042,13.159042596817017
4055,101.92054772377014,0.8684096,0.8684095740318298,0.0,0.8684095740318298,13.159042,13.159042596817017
4056,101.9453296661377,0.8684096,0.8684095740318298,0.0,0.8684095740318298,13.159042,13.159042596817017
4057,101.97028517723083,0.8684096,0.8684095740318298,0.0,0.8684095740318298,13.159042,13.159042596817017
4058,101.99495553970337,0.8684096,0.8684095740318298,0.0,0.8684095740318298,13.159042,13.159042596817017
4059,102.01920676231384,0.8684096,0.8684095740318298,0.0,0.8684095740318298,13.159042,13.159042596817017
4060,102.04398584365845,0.8684096,0.8684095740318298,0.0,0.8684095740318298,13.159042,13.159042596817017
4061,102.06956219673157,0.8684096,0.8684095740318298,0.0,0.8684095740318298,13.159042,13.159042596817017
4062,102.09413456916809,0.8684096,0.8684095740318298,0.0,0.8684095740318298,13.159042,13.159042596817017
4063,102.11881470680237,0.8684096,0.8684095740318298,0.0,0.8684095740318298,13.159042,13.159042596817017
4064,102.14292287826538,0.8684096,0.8684095740318298,0.0,0.8684095740318298,13.159042,13.159042596817017
4065,102.16802954673767,0.8684096,0.8684095740318298,0.0,0.8684095740318298,13.159042,13.159042596817017
4066,102.19327521324158,0.8684096,0.8684095740318298,0.0,0.8684095740318298,13.159042,13.159042596817017
4067,102.21815633773804,0.8684096,0.8684095740318298,0.0,0.8684095740318298,13.159042,13.159042596817017
4068,102.24303722381592,0.8684096,0.8684095740318298,0.0,0.8684095740318298,13.159042,13.159042596817017
4069,102.26674485206604,0.8684096,0.8684095740318298,0.0,0.8684095740318298,13.159042,13.159042596817017
4070,102.29170870780945,0.8684096,0.8684095740318298,0.0,0.8684095740318298,13.159042,13.159042596817017
4071,102.31680011749268,0.8684096,0.8684095740318298,0.0,0.8684095740318298,13.159042,13.159042596817017
4072,102.34124255180359,0.8684096,0.8684095740318298,0.0,0.8684095740318298,13.159042,13.159042596817017
4073,102.36626315116882,0.8684096,0.8684095740318298,0.0,0.8684095740318298,13.159042,13.159042596817017
4074,102.39266657829285,0.8684096,0.8684095740318298,0.0,0.8684095740318298,13.159042,13.159042596817017
4075,102.41782736778259,0.8684096,0.8684095740318298,0.0,0.8684095740318298,13.159042,13.159042596817017
4076,102.4426577091217,0.8684096,0.8684095740318298,0.0,0.8684095740318298,13.159042,13.159042596817017
4077,102.46791672706604,0.8684096,0.8684095740318298,0.0,0.8684095740318298,13.159042,13.159042596817017
4078,102.49252510070801,0.8684096,0.8684095740318298,0.0,0.8684095740318298,13.159042,13.159042596817017
4079,102.5172848701477,0.8684096,0.8684095740318298,0.0,0.8684095740318298,13.159042,13.159042596817017
4080,102.5417799949646,0.8684096,0.8684095740318298,0.0,0.8684095740318298,13.159042,13.159042596817017
4081,102.56578254699707,0.8684096,0.8684095740318298,0.0,0.8684095740318298,13.159042,13.159042596817017
4082,102.59152173995972,0.8684096,0.8684095740318298,0.0,0.8684095740318298,13.159042,13.159042596817017
4083,102.61693716049194,0.8684096,0.8684095740318298,0.0,0.8684095740318298,13.159042,13.159042596817017
4084,102.64157056808472,0.8684096,0.8684095740318298,0.0,0.8684095740318298,13.159042,13.159042596817017
4085,102.66722655296326,0.8684096,0.8684095740318298,0.0,0.8684095740318298,13.159042,13.159042596817017
4086,102.69147610664368,0.8684096,0.8684095740318298,0.0,0.8684095740318298,13.159042,13.159042596817017
4087,102.71518564224243,0.8684096,0.8684095740318298,0.0,0.8684095740318298,13.159042,13.159042596817017
4088,102.73962950706482,0.8684096,0.8684095740318298,0.0,0.8684095740318298,13.159042,13.159042596817017
4089,102.7636547088623,0.8684096,0.8684095740318298,0.0,0.8684095740318298,13.159042,13.159042596817017
4090,102.78759789466858,0.8684096,0.8684095740318298,0.0,0.8684095740318298,13.159042,13.159042596817017
4091,102.8117253780365,0.8684096,0.8684095740318298,0.0,0.8684095740318298,13.159042,13.159042596817017
4092,102.8364737033844,0.8684096,0.8684095740318298,0.0,0.8684095740318298,13.159042,13.159042596817017
4093,102.86215090751648,0.8684096,0.8684095740318298,0.0,0.8684095740318298,13.159042,13.159042596817017
4094,102.88648581504822,0.8684096,0.8684095740318298,0.0,0.8684095740318298,13.159042,13.159042596817017
4095,102.91102957725525,0.8684096,0.8684095740318298,0.0,0.8684095740318298,13.159042,13.159042596817017
4096,102.93610286712646,0.8684096,0.8684095740318298,0.0,0.8684095740318298,13.159042,13.159042596817017
4097,102.95997357368469,0.8684096,0.8684095740318298,0.0,0.8684095740318298,13.159042,13.159042596817017
4098,102.98446536064148,0.8684096,0.8684095740318298,0.0,0.8684095740318298,13.159042,13.159042596817017
4099,103.0089464187622,0.8684096,0.8684095740318298,0.0,0.8684095740318298,13.159042,13.159042596817017
4100,103.03472018241882,0.8684096,0.8684095740318298,0.0,0.8684095740318298,13.159042,13.159042596817017
4101,103.05956149101257,0.8684096,0.8684095740318298,0.0,0.8684095740318298,13.159042,13.159042596817017
4102,103.08514189720154,0.8684096,0.8684095740318298,0.0,0.8684095740318298,13.159042,13.159042596817017
4103,103.10963892936707,0.8684096,0.8684095740318298,0.0,0.8684095740318298,13.159042,13.159042596817017
4104,103.133305311203,0.8684096,0.8684095740318298,0.0,0.8684095740318298,13.159042,13.159042596817017
4105,103.16023707389832,0.8684096,0.8684095740318298,0.0,0.8684095740318298,13.159042,13.159042596817017
4106,103.18534111976624,0.8684096,0.8684095740318298,0.0,0.8684095740318298,13.159042,13.159042596817017
4107,103.2092444896698,0.8684096,0.8684095740318298,0.0,0.8684095740318298,13.159042,13.159042596817017
4108,103.23356032371521,0.8684096,0.8684095740318298,0.0,0.8684095740318298,13.159042,13.159042596817017
4109,103.25929045677185,0.8684096,0.8684095740318298,0.0,0.8684095740318298,13.159042,13.159042596817017
4110,103.28445267677307,0.8684096,0.8684095740318298,0.0,0.8684095740318298,13.159042,13.159042596817017
4111,103.31187534332275,0.8684096,0.8684095740318298,0.0,0.8684095740318298,13.159042,13.159042596817017
4112,103.33716344833374,0.8684096,0.8684095740318298,0.0,0.8684095740318298,13.159042,13.159042596817017
4113,103.36241412162781,0.8684096,0.8684095740318298,0.0,0.8684095740318298,13.159042,13.159042596817017
4114,103.38770747184753,0.8684096,0.8684095740318298,0.0,0.8684095740318298,13.159042,13.159042596817017
4115,103.41322088241577,0.8684096,0.8684095740318298,0.0,0.8684095740318298,13.159042,13.159042596817017
4116,103.43784260749817,0.8684096,0.8684095740318298,0.0,0.8684095740318298,13.159042,13.159042596817017
4117,103.4627456665039,0.8684096,0.8684095740318298,0.0,0.8684095740318298,13.159042,13.159042596817017
4118,103.48821473121643,0.8684096,0.8684095740318298,0.0,0.8684095740318298,13.159042,13.159042596817017
4119,103.512615442276,0.8684096,0.8684095740318298,0.0,0.8684095740318298,13.159042,13.159042596817017
4120,103.53865075111389,0.8684096,0.8684095740318298,0.0,0.8684095740318298,13.159042,13.159042596817017
4121,103.56295609474182,0.8684096,0.8684095740318298,0.0,0.8684095740318298,13.159042,13.159042596817017
4122,103.587655544281,0.8684096,0.8684095740318298,0.0,0.8684095740318298,13.159042,13.159042596817017
4123,103.61417055130005,0.8684096,0.8684095740318298,0.0,0.8684095740318298,13.159042,13.159042596817017
4124,103.6380684375763,0.8684096,0.8684095740318298,0.0,0.8684095740318298,13.159042,13.159042596817017
4125,103.66362476348877,0.8684096,0.8684095740318298,0.0,0.8684095740318298,13.159042,13.159042596817017
4126,103.68890571594238,0.8684096,0.8684095740318298,0.0,0.8684095740318298,13.159042,13.159042596817017
4127,103.71268463134766,0.8684096,0.8684095740318298,0.0,0.8684095740318298,13.159042,13.159042596817017
4128,103.7372727394104,0.8684096,0.8684095740318298,0.0,0.8684095740318298,13.159042,13.159042596817017
4129,103.76162648200989,0.8684096,0.8684095740318298,0.0,0.8684095740318298,13.159042,13.159042596817017
4130,103.78651881217957,0.8684096,0.8684095740318298,0.0,0.8684095740318298,13.159042,13.159042596817017
4131,103.80994892120361,0.8684096,0.8684095740318298,0.0,0.8684095740318298,13.159042,13.159042596817017
4132,103.83442854881287,0.8684096,0.8684095740318298,0.0,0.8684095740318298,13.159042,13.159042596817017
4133,103.859379529953,0.8684096,0.8684095740318298,0.0,0.8684095740318298,13.159042,13.159042596817017
4134,103.88418245315552,0.8684096,0.8684095740318298,0.0,0.8684095740318298,13.159042,13.159042596817017
4135,103.9091112613678,0.8684096,0.8684095740318298,0.0,0.8684095740318298,13.159042,13.159042596817017
4136,103.93343186378479,0.8684096,0.8684095740318298,0.0,0.8684095740318298,13.159042,13.159042596817017
4137,103.95873689651489,0.8684096,0.8684095740318298,0.0,0.8684095740318298,13.159042,13.159042596817017
4138,103.98328423500061,0.8684096,0.8684095740318298,0.0,0.8684095740318298,13.159042,13.159042596817017
4139,104.00738883018494,0.8684096,0.8684095740318298,0.0,0.8684095740318298,13.159042,13.159042596817017
4140,104.03207731246948,0.8684096,0.8684095740318298,0.0,0.8684095740318298,13.159042,13.159042596817017
4141,104.05836272239685,0.8684096,0.8684095740318298,0.0,0.8684095740318298,13.159042,13.159042596817017
4142,104.08325290679932,0.8684096,0.8684095740318298,0.0,0.8684095740318298,13.159042,13.159042596817017
4143,104.10846710205078,0.8684096,0.8684095740318298,0.0,0.8684095740318298,13.159042,13.159042596817017
4144,104.13377952575684,0.8684096,0.8684095740318298,0.0,0.8684095740318298,13.159042,13.159042596817017
4145,104.15812969207764,0.8684096,0.8684095740318298,0.0,0.8684095740318298,13.159042,13.159042596817017
4146,104.18202304840088,0.8684096,0.8684095740318298,0.0,0.8684095740318298,13.159042,13.159042596817017
4147,104.20597767829895,0.8684096,0.8684095740318298,0.0,0.8684095740318298,13.159042,13.159042596817017
4148,104.23018264770508,0.8684096,0.8684095740318298,0.0,0.8684095740318298,13.159042,13.159042596817017
4149,104.25463652610779,0.8684096,0.8684095740318298,0.0,0.8684095740318298,13.159042,13.159042596817017
4150,104.2788155078888,0.8684096,0.8684095740318298,0.0,0.8684095740318298,13.159042,13.159042596817017
4151,104.30311036109924,0.8684096,0.8684095740318298,0.0,0.8684095740318298,13.159042,13.159042596817017
4152,104.32819700241089,0.8684096,0.8684095740318298,0.0,0.8684095740318298,13.159042,13.159042596817017
4153,104.35259056091309,0.8684096,0.8684095740318298,0.0,0.8684095740318298,13.159042,13.159042596817017
4154,104.37816834449768,0.8684096,0.8684095740318298,0.0,0.8684095740318298,13.159042,13.159042596817017
4155,104.40390419960022,0.8684096,0.8684095740318298,0.0,0.8684095740318298,13.159042,13.159042596817017
4156,104.4287748336792,0.8684096,0.8684095740318298,0.0,0.8684095740318298,13.159042,13.159042596817017
4157,104.45299434661865,0.8684096,0.8684095740318298,0.0,0.8684095740318298,13.159042,13.159042596817017
4158,104.47821116447449,0.8684096,0.8684095740318298,0.0,0.8684095740318298,13.159042,13.159042596817017
4159,104.5027859210968,0.8684096,0.8684095740318298,0.0,0.8684095740318298,13.159042,13.159042596817017
4160,104.52826499938965,0.8684096,0.8684095740318298,0.0,0.8684095740318298,13.159042,13.159042596817017
4161,104.55299115180969,0.8684096,0.8684095740318298,0.0,0.8684095740318298,13.159042,13.159042596817017
4162,104.5767707824707,0.8684096,0.8684095740318298,0.0,0.8684095740318298,13.159042,13.159042596817017
4163,104.60050630569458,0.8684096,0.8684095740318298,0.0,0.8684095740318298,13.159042,13.159042596817017
4164,104.62525677680969,0.8684096,0.8684095740318298,0.0,0.8684095740318298,13.159042,13.159042596817017
4165,104.64962649345398,0.8684096,0.8684095740318298,0.0,0.8684095740318298,13.159042,13.159042596817017
4166,104.67414164543152,0.8684096,0.8684095740318298,0.0,0.8684095740318298,13.159042,13.159042596817017
4167,104.70005106925964,0.8684096,0.8684095740318298,0.0,0.8684095740318298,13.159042,13.159042596817017
4168,104.72426533699036,0.8684096,0.8684095740318298,0.0,0.8684095740318298,13.159042,13.159042596817017
4169,104.74932861328125,0.8684096,0.8684095740318298,0.0,0.8684095740318298,13.159042,13.159042596817017
4170,104.77390122413635,0.8684096,0.8684095740318298,0.0,0.8684095740318298,13.159042,13.159042596817017
4171,104.79841351509094,0.8684096,0.8684095740318298,0.0,0.8684095740318298,13.159042,13.159042596817017
4172,104.82419443130493,0.8684096,0.8684095740318298,0.0,0.8684095740318298,13.159042,13.159042596817017
4173,104.84921288490295,0.8684096,0.8684095740318298,0.0,0.8684095740318298,13.159042,13.159042596817017
4174,104.87344408035278,0.8684096,0.8684095740318298,0.0,0.8684095740318298,13.159042,13.159042596817017
4175,104.89826607704163,0.8684096,0.8684095740318298,0.0,0.8684095740318298,13.159042,13.159042596817017
4176,104.92317223548889,0.8684096,0.8684095740318298,0.0,0.8684095740318298,13.159042,13.159042596817017
4177,104.9482011795044,0.8684096,0.8684095740318298,0.0,0.8684095740318298,13.159042,13.159042596817017
4178,104.97224450111389,0.8684096,0.8684095740318298,0.0,0.8684095740318298,13.159042,13.159042596817017
4179,104.99625325202942,0.8684096,0.8684095740318298,0.0,0.8684095740318298,13.159042,13.159042596817017
4180,105.01999521255493,0.8684096,0.8684095740318298,0.0,0.8684095740318298,13.159042,13.159042596817017
4181,105.04484415054321,0.8684096,0.8684095740318298,0.0,0.8684095740318298,13.159042,13.159042596817017
4182,105.07002520561218,0.8684096,0.8684095740318298,0.0,0.8684095740318298,13.159042,13.159042596817017
4183,105.09479022026062,0.8684096,0.8684095740318298,0.0,0.8684095740318298,13.159042,13.159042596817017
4184,105.12045621871948,0.8684096,0.8684095740318298,0.0,0.8684095740318298,13.159042,13.159042596817017
4185,105.14393520355225,0.8684096,0.8684095740318298,0.0,0.8684095740318298,13.159042,13.159042596817017
4186,105.16780376434326,0.8684096,0.8684095740318298,0.0,0.8684095740318298,13.159042,13.159042596817017
4187,105.19233512878418,0.8684096,0.8684095740318298,0.0,0.8684095740318298,13.159042,13.159042596817017
4188,105.21625018119812,0.8684096,0.8684095740318298,0.0,0.8684095740318298,13.159042,13.159042596817017
4189,105.24146962165833,0.8684096,0.8684095740318298,0.0,0.8684095740318298,13.159042,13.159042596817017
4190,105.26650142669678,0.8684096,0.8684095740318298,0.0,0.8684095740318298,13.159042,13.159042596817017
4191,105.29091596603394,0.8684096,0.8684095740318298,0.0,0.8684095740318298,13.159042,13.159042596817017
4192,105.3151044845581,0.8684096,0.8684095740318298,0.0,0.8684095740318298,13.159042,13.159042596817017
4193,105.33915042877197,0.8684096,0.8684095740318298,0.0,0.8684095740318298,13.159042,13.159042596817017
4194,105.36592960357666,0.8684096,0.8684095740318298,0.0,0.8684095740318298,13.159042,13.159042596817017
4195,105.39271306991577,0.8684096,0.8684095740318298,0.0,0.8684095740318298,13.159042,13.159042596817017
4196,105.42164397239685,0.8684096,0.8684095740318298,0.0,0.8684095740318298,13.159042,13.159042596817017
4197,105.45028066635132,0.8684096,0.8684095740318298,0.0,0.8684095740318298,13.159042,13.159042596817017
4198,105.47528648376465,0.8684096,0.8684095740318298,0.0,0.8684095740318298,13.159042,13.159042596817017
4199,105.50009059906006,0.8684096,0.8684095740318298,0.0,0.8684095740318298,13.159042,13.159042596817017
4200,105.52483534812927,0.8684096,0.8684095740318298,0.0,0.8684095740318298,13.159042,13.159042596817017
4201,105.54879522323608,0.8684096,0.8684095740318298,0.0,0.8684095740318298,13.159042,13.159042596817017
4202,105.57421064376831,0.8684096,0.8684095740318298,0.0,0.8684095740318298,13.159042,13.159042596817017
4203,105.59733653068542,0.8684096,0.8684095740318298,0.0,0.8684095740318298,13.159042,13.159042596817017
4204,105.62123966217041,0.8684096,0.8684095740318298,0.0,0.8684095740318298,13.159042,13.159042596817017
4205,105.64584970474243,0.8684096,0.8684095740318298,0.0,0.8684095740318298,13.159042,13.159042596817017
4206,105.67106032371521,0.8684096,0.8684095740318298,0.0,0.8684095740318298,13.159042,13.159042596817017
4207,105.69493794441223,0.8684096,0.8684095740318298,0.0,0.8684095740318298,13.159042,13.159042596817017
4208,105.72064185142517,0.8684096,0.8684095740318298,0.0,0.8684095740318298,13.159042,13.159042596817017
4209,105.74567079544067,0.8684096,0.8684095740318298,0.0,0.8684095740318298,13.159042,13.159042596817017
4210,105.77092719078064,0.8684096,0.8684095740318298,0.0,0.8684095740318298,13.159042,13.159042596817017
4211,105.7964415550232,0.8684096,0.8684095740318298,0.0,0.8684095740318298,13.159042,13.159042596817017
4212,105.82106161117554,0.8684096,0.8684095740318298,0.0,0.8684095740318298,13.159042,13.159042596817017
4213,105.84527134895325,0.8684096,0.8684095740318298,0.0,0.8684095740318298,13.159042,13.159042596817017
4214,105.8698980808258,0.8684096,0.8684095740318298,0.0,0.8684095740318298,13.159042,13.159042596817017
4215,105.89483523368835,0.8684096,0.8684095740318298,0.0,0.8684095740318298,13.159042,13.159042596817017
4216,105.91905307769775,0.8684096,0.8684095740318298,0.0,0.8684095740318298,13.159042,13.159042596817017
4217,105.94438600540161,0.8684096,0.8684095740318298,0.0,0.8684095740318298,13.159042,13.159042596817017
4218,105.96872687339783,0.8684096,0.8684095740318298,0.0,0.8684095740318298,13.159042,13.159042596817017
4219,105.99285674095154,0.8684096,0.8684095740318298,0.0,0.8684095740318298,13.159042,13.159042596817017
4220,106.01730489730835,0.8684096,0.8684095740318298,0.0,0.8684095740318298,13.159042,13.159042596817017
4221,106.0424075126648,0.8684096,0.8684095740318298,0.0,0.8684095740318298,13.159042,13.159042596817017
4222,106.06763648986816,0.8684096,0.8684095740318298,0.0,0.8684095740318298,13.159042,13.159042596817017
4223,106.09329152107239,0.8684096,0.8684095740318298,0.0,0.8684095740318298,13.159042,13.159042596817017
4224,106.11774778366089,0.8684096,0.8684095740318298,0.0,0.8684095740318298,13.159042,13.159042596817017
4225,106.14320683479309,0.8684096,0.8684095740318298,0.0,0.8684095740318298,13.159042,13.159042596817017
4226,106.16756129264832,0.8684096,0.8684095740318298,0.0,0.8684095740318298,13.159042,13.159042596817017
4227,106.19326639175415,0.8684096,0.8684095740318298,0.0,0.8684095740318298,13.159042,13.159042596817017
4228,106.21815061569214,0.8684096,0.8684095740318298,0.0,0.8684095740318298,13.159042,13.159042596817017
4229,106.24229717254639,0.8684096,0.8684095740318298,0.0,0.8684095740318298,13.159042,13.159042596817017
4230,106.26661539077759,0.8684096,0.8684095740318298,0.0,0.8684095740318298,13.159042,13.159042596817017
4231,106.2910270690918,0.8684096,0.8684095740318298,0.0,0.8684095740318298,13.159042,13.159042596817017
4232,106.31549620628357,0.8684096,0.8684095740318298,0.0,0.8684095740318298,13.159042,13.159042596817017
4233,106.34007382392883,0.8684096,0.8684095740318298,0.0,0.8684095740318298,13.159042,13.159042596817017
4234,106.36550784111023,0.8684096,0.8684095740318298,0.0,0.8684095740318298,13.159042,13.159042596817017
4235,106.40206003189087,0.8684096,0.8684095740318298,0.0,0.8684095740318298,13.159042,13.159042596817017
4236,106.43789339065552,0.8684096,0.8684095740318298,0.0,0.8684095740318298,13.159042,13.159042596817017
4237,106.46806335449219,0.8684096,0.8684095740318298,0.0,0.8684095740318298,13.159042,13.159042596817017
4238,106.49562621116638,0.8684096,0.8684095740318298,0.0,0.8684095740318298,13.159042,13.159042596817017
4239,106.52022218704224,0.8684096,0.8684095740318298,0.0,0.8684095740318298,13.159042,13.159042596817017
4240,106.5450050830841,0.8684096,0.8684095740318298,0.0,0.8684095740318298,13.159042,13.159042596817017
4241,106.5700421333313,0.8684096,0.8684095740318298,0.0,0.8684095740318298,13.159042,13.159042596817017
4242,106.59486150741577,0.8684096,0.8684095740318298,0.0,0.8684095740318298,13.159042,13.159042596817017
4243,106.61897039413452,0.8684096,0.8684095740318298,0.0,0.8684095740318298,13.159042,13.159042596817017
4244,106.64342641830444,0.8684096,0.8684095740318298,0.0,0.8684095740318298,13.159042,13.159042596817017
4245,106.66720414161682,0.8684096,0.8684095740318298,0.0,0.8684095740318298,13.159042,13.159042596817017
4246,106.69246554374695,0.8684096,0.8684095740318298,0.0,0.8684095740318298,13.159042,13.159042596817017
4247,106.71726942062378,0.8684096,0.8684095740318298,0.0,0.8684095740318298,13.159042,13.159042596817017
4248,106.74358367919922,0.8684096,0.8684095740318298,0.0,0.8684095740318298,13.159042,13.159042596817017
4249,106.76786589622498,0.8684096,0.8684095740318298,0.0,0.8684095740318298,13.159042,13.159042596817017
4250,106.79282283782959,0.8684096,0.8684095740318298,0.0,0.8684095740318298,13.159042,13.159042596817017
4251,106.8173496723175,0.8684096,0.8684095740318298,0.0,0.8684095740318298,13.159042,13.159042596817017
4252,106.84008812904358,0.8684096,0.8684095740318298,0.0,0.8684095740318298,13.159042,13.159042596817017
4253,106.86575889587402,0.8684096,0.8684095740318298,0.0,0.8684095740318298,13.159042,13.159042596817017
4254,106.88911128044128,0.8684096,0.8684095740318298,0.0,0.8684095740318298,13.159042,13.159042596817017
4255,106.91375589370728,0.8684096,0.8684095740318298,0.0,0.8684095740318298,13.159042,13.159042596817017
4256,106.95820116996765,0.86842257,0.8644410967826843,0.0031285337172448635,0.8571311235427856,13.157743,13.555890321731567
4257,106.98961186408997,0.86842257,0.8672424554824829,0.0011088172905147076,0.8648989796638489,13.157743,13.275754451751709
4258,107.01605582237244,0.86842257,0.8681697249412537,0.0002375678886892274,0.867697536945343,13.157743,13.183027505874634
4259,107.04017972946167,0.86842257,0.8683874607086182,4.254413943272084e-05,0.8682425618171692,13.157743,13.161253929138184
4260,107.06482863426208,0.86842257,0.86841881275177,5.292300556902774e-06,0.8684078454971313,13.157743,13.158118724822998
4261,107.08997821807861,0.86842257,0.8684223890304565,5.814017072225397e-07,0.8684206008911133,13.157743,13.157761096954346
4262,107.11570715904236,0.86842257,0.8684226274490356,5.960464477539063e-08,0.8684225678443909,13.157743,13.157737255096436
4263,107.14053463935852,0.86842257,0.8684226274490356,5.960464477539063e-08,0.8684225678443909,13.157743,13.157737255096436
4264,107.16487503051758,0.86842257,0.8684226274490356,5.960464477539063e-08,0.8684225678443909,13.157743,13.157737255096436
4265,107.18970465660095,0.86842257,0.8684226274490356,5.960464477539063e-08,0.8684225678443909,13.157743,13.157737255096436
4266,107.21460056304932,0.86842257,0.8684226274490356,5.960464477539063e-08,0.8684225678443909,13.157743,13.157737255096436
4267,107.23877286911011,0.86842257,0.8684226274490356,5.960464477539063e-08,0.8684225678443909,13.157743,13.157737255096436
4268,107.2632486820221,0.86842257,0.8684226274490356,5.960464477539063e-08,0.8684225678443909,13.157743,13.157737255096436
4269,107.28736686706543,0.86842257,0.8684226274490356,5.960464477539063e-08,0.8684225678443909,13.157743,13.157737255096436
4270,107.31363224983215,0.86842257,0.8684226274490356,5.960464477539063e-08,0.8684225678443909,13.157743,13.157737255096436
4271,107.33830499649048,0.86842257,0.8684226274490356,5.960464477539063e-08,0.8684225678443909,13.157743,13.157737255096436
4272,107.36265063285828,0.86842257,0.8684226274490356,5.960464477539063e-08,0.8684225678443909,13.157743,13.157737255096436
4273,107.38801980018616,0.86842257,0.8684226274490356,5.960464477539063e-08,0.8684225678443909,13.157743,13.157737255096436
4274,107.41359257698059,0.86842257,0.8684226274490356,5.960464477539063e-08,0.8684225678443909,13.157743,13.157737255096436
4275,107.43845558166504,0.86842257,0.8684226274490356,5.960464477539063e-08,0.8684225678443909,13.157743,13.157737255096436
4276,107.46347880363464,0.86842257,0.8684226274490356,5.960464477539063e-08,0.8684225678443909,13.157743,13.157737255096436
4277,107.48885154724121,0.86842257,0.8684226274490356,5.960464477539063e-08,0.8684225678443909,13.157743,13.157737255096436
4278,107.51539397239685,0.86842257,0.8684226274490356,5.960464477539063e-08,0.8684225678443909,13.157743,13.157737255096436
4279,107.54218411445618,0.86842257,0.8684226274490356,5.960464477539063e-08,0.8684225678443909,13.157743,13.157737255096436
4280,107.56806969642639,0.86842257,0.8684226274490356,5.960464477539063e-08,0.8684225678443909,13.157743,13.157737255096436
4281,107.59327840805054,0.86842257,0.8684226274490356,5.960464477539063e-08,0.8684225678443909,13.157743,13.157737255096436
4282,107.61884641647339,0.86842257,0.8684226274490356,5.960464477539063e-08,0.8684225678443909,13.157743,13.157737255096436
4283,107.64282512664795,0.86842257,0.8684226274490356,5.960464477539063e-08,0.8684225678443909,13.157743,13.157737255096436
4284,107.66758608818054,0.86842257,0.8684226274490356,5.960464477539063e-08,0.8684225678443909,13.157743,13.157737255096436
4285,107.69294929504395,0.86842257,0.8684226274490356,5.960464477539063e-08,0.8684225678443909,13.157743,13.157737255096436
4286,107.71733617782593,0.86842257,0.8684226274490356,5.960464477539063e-08,0.8684225678443909,13.157743,13.157737255096436
4287,107.74191188812256,0.86842257,0.8684226274490356,5.960464477539063e-08,0.8684225678443909,13.157743,13.157737255096436
4288,107.76642942428589,0.86842257,0.8684226274490356,5.960464477539063e-08,0.8684225678443909,13.157743,13.157737255096436
4289,107.7910737991333,0.86842257,0.8684226274490356,5.960464477539063e-08,0.8684225678443909,13.157743,13.157737255096436
4290,107.81587219238281,0.86842257,0.8684226274490356,5.960464477539063e-08,0.8684225678443909,13.157743,13.157737255096436
4291,107.83969712257385,0.86842257,0.8684226274490356,5.960464477539063e-08,0.8684225678443909,13.157743,13.157737255096436
4292,107.86411738395691,0.86842257,0.8684226274490356,5.960464477539063e-08,0.8684225678443909,13.157743,13.157737255096436
4293,107.88858437538147,0.86842257,0.8684226274490356,5.960464477539063e-08,0.8684225678443909,13.157743,13.157737255096436
4294,107.91267013549805,0.86842257,0.8684226274490356,5.960464477539063e-08,0.8684225678443909,13.157743,13.157737255096436
4295,107.93717789649963,0.86842257,0.8684226274490356,5.960464477539063e-08,0.8684225678443909,13.157743,13.157737255096436
4296,107.96104621887207,0.86842257,0.8684226274490356,5.960464477539063e-08,0.8684225678443909,13.157743,13.157737255096436
4297,107.98634719848633,0.86842257,0.8684226274490356,5.960464477539063e-08,0.8684225678443909,13.157743,13.157737255096436
4298,108.01083254814148,0.86842257,0.8684226274490356,5.960464477539063e-08,0.8684225678443909,13.157743,13.157737255096436
4299,108.03583431243896,0.86842257,0.8684226274490356,5.960464477539063e-08,0.8684225678443909,13.157743,13.157737255096436
4300,108.06047439575195,0.86842257,0.8684226274490356,5.960464477539063e-08,0.8684225678443909,13.157743,13.157737255096436
4301,108.08514213562012,0.86842257,0.8684226274490356,5.960464477539063e-08,0.8684225678443909,13.157743,13.157737255096436
4302,108.10984563827515,0.86842257,0.8684226274490356,5.960464477539063e-08,0.8684225678443909,13.157743,13.157737255096436
4303,108.13402009010315,0.86842257,0.8684226274490356,5.960464477539063e-08,0.8684225678443909,13.157743,13.157737255096436
4304,108.15825581550598,0.86842257,0.8684226274490356,5.960464477539063e-08,0.8684225678443909,13.157743,13.157737255096436
4305,108.18299794197083,0.86842257,0.8684226274490356,5.960464477539063e-08,0.8684225678443909,13.157743,13.157737255096436
4306,108.20783686637878,0.86842257,0.8684226274490356,5.960464477539063e-08,0.8684225678443909,13.157743,13.157737255096436
4307,108.23308849334717,0.86842257,0.8684226274490356,5.960464477539063e-08,0.8684225678443909,13.157743,13.157737255096436
4308,108.25706481933594,0.86842257,0.8684226274490356,5.960464477539063e-08,0.8684225678443909,13.157743,13.157737255096436
4309,108.28137993812561,0.86842257,0.8684226274490356,5.960464477539063e-08,0.8684225678443909,13.157743,13.157737255096436
4310,108.30470395088196,0.86842257,0.8684226274490356,5.960464477539063e-08,0.8684225678443909,13.157743,13.157737255096436
4311,108.3312246799469,0.86842257,0.8684226274490356,5.960464477539063e-08,0.8684225678443909,13.157743,13.157737255096436
4312,108.35664892196655,0.86842257,0.8684226274490356,5.960464477539063e-08,0.8684225678443909,13.157743,13.157737255096436
4313,108.3818907737732,0.86842257,0.8684226274490356,5.960464477539063e-08,0.8684225678443909,13.157743,13.157737255096436
4314,108.40911412239075,0.86842257,0.8684226274490356,5.960464477539063e-08,0.8684225678443909,13.157743,13.157737255096436
4315,108.4357488155365,0.86842257,0.8684226274490356,5.960464477539063e-08,0.8684225678443909,13.157743,13.157737255096436
4316,108.46093702316284,0.86842257,0.8684226274490356,5.960464477539063e-08,0.8684225678443909,13.157743,13.157737255096436
4317,108.48667788505554,0.86842257,0.8684226274490356,5.960464477539063e-08,0.8684225678443909,13.157743,13.157737255096436
4318,108.51121664047241,0.86842257,0.8684226274490356,5.960464477539063e-08,0.8684225678443909,13.157743,13.157737255096436
4319,108.535968542099,0.86842257,0.8684226274490356,5.960464477539063e-08,0.8684225678443909,13.157743,13.157737255096436
4320,108.56120300292969,0.86842257,0.8684226274490356,5.960464477539063e-08,0.8684225678443909,13.157743,13.157737255096436
4321,108.58656597137451,0.86842257,0.8684226274490356,5.960464477539063e-08,0.8684225678443909,13.157743,13.157737255096436
4322,108.61042594909668,0.86842257,0.8684226274490356,5.960464477539063e-08,0.8684225678443909,13.157743,13.157737255096436
4323,108.63493299484253,0.86842257,0.8684226274490356,5.960464477539063e-08,0.8684225678443909,13.157743,13.157737255096436
4324,108.65889835357666,0.86842257,0.8684226274490356,5.960464477539063e-08,0.8684225678443909,13.157743,13.157737255096436
4325,108.6832480430603,0.86842257,0.8684226274490356,5.960464477539063e-08,0.8684225678443909,13.157743,13.157737255096436
4326,108.70746207237244,0.86842257,0.8684226274490356,5.960464477539063e-08,0.8684225678443909,13.157743,13.157737255096436
4327,108.7321572303772,0.86842257,0.8684226274490356,5.960464477539063e-08,0.8684225678443909,13.157743,13.157737255096436
4328,108.75607681274414,0.86842257,0.8684226274490356,5.960464477539063e-08,0.8684225678443909,13.157743,13.157737255096436
4329,108.78061008453369,0.86842257,0.8684226274490356,5.960464477539063e-08,0.8684225678443909,13.157743,13.157737255096436
4330,108.80575823783875,0.86842257,0.8684226274490356,5.960464477539063e-08,0.8684225678443909,13.157743,13.157737255096436
4331,108.83044791221619,0.86842257,0.8684226274490356,5.960464477539063e-08,0.8684225678443909,13.157743,13.157737255096436
4332,108.85521817207336,0.86842257,0.8684226274490356,5.960464477539063e-08,0.8684225678443909,13.157743,13.157737255096436
4333,108.88057398796082,0.86842257,0.8684226274490356,5.960464477539063e-08,0.8684225678443909,13.157743,13.157737255096436
4334,108.90509605407715,0.86842257,0.8684226274490356,5.960464477539063e-08,0.8684225678443909,13.157743,13.157737255096436
4335,108.93000364303589,0.86842257,0.8684226274490356,5.960464477539063e-08,0.8684225678443909,13.157743,13.157737255096436
4336,108.95460104942322,0.86842257,0.8684226274490356,5.960464477539063e-08,0.8684225678443909,13.157743,13.157737255096436
4337,108.97934484481812,0.86842257,0.8684226274490356,5.960464477539063e-08,0.8684225678443909,13.157743,13.157737255096436
4338,109.00385999679565,0.86842257,0.8684226274490356,5.960464477539063e-08,0.8684225678443909,13.157743,13.157737255096436
4339,109.02787971496582,0.86842257,0.8684226274490356,5.960464477539063e-08,0.8684225678443909,13.157743,13.157737255096436
4340,109.0529465675354,0.86842257,0.8684226274490356,5.960464477539063e-08,0.8684225678443909,13.157743,13.157737255096436
4341,109.07782983779907,0.86842257,0.8684226274490356,5.960464477539063e-08,0.8684225678443909,13.157743,13.157737255096436
4342,109.1030867099762,0.86842257,0.8684226274490356,5.960464477539063e-08,0.8684225678443909,13.157743,13.157737255096436
4343,109.12742137908936,0.86842257,0.8684226274490356,5.960464477539063e-08,0.8684225678443909,13.157743,13.157737255096436
4344,109.15232229232788,0.86842257,0.8684226274490356,5.960464477539063e-08,0.8684225678443909,13.157743,13.157737255096436
4345,109.17740631103516,0.86842257,0.8684226274490356,5.960464477539063e-08,0.8684225678443909,13.157743,13.157737255096436
4346,109.20355820655823,0.86842257,0.8684226274490356,5.960464477539063e-08,0.8684225678443909,13.157743,13.157737255096436
4347,109.22766256332397,0.86842257,0.8684226274490356,5.960464477539063e-08,0.8684225678443909,13.157743,13.157737255096436
4348,109.25199770927429,0.86842257,0.8684226274490356,5.960464477539063e-08,0.8684225678443909,13.157743,13.157737255096436
4349,109.27780365943909,0.86842257,0.8684226274490356,5.960464477539063e-08,0.8684225678443909,13.157743,13.157737255096436
4350,109.30201125144958,0.86842257,0.8684226274490356,5.960464477539063e-08,0.8684225678443909,13.157743,13.157737255096436
4351,109.32624816894531,0.86842257,0.8684226274490356,5.960464477539063e-08,0.8684225678443909,13.157743,13.157737255096436
4352,109.35127902030945,0.86842257,0.8684226274490356,5.960464477539063e-08,0.8684225678443909,13.157743,13.157737255096436
4353,109.37634229660034,0.86842257,0.8684226274490356,5.960464477539063e-08,0.8684225678443909,13.157743,13.157737255096436
4354,109.40184831619263,0.86842257,0.8684226274490356,5.960464477539063e-08,0.8684225678443909,13.157743,13.157737255096436
4355,109.42699527740479,0.86842257,0.8684226274490356,5.960464477539063e-08,0.8684225678443909,13.157743,13.157737255096436
4356,109.45103406906128,0.86842257,0.8684226274490356,5.960464477539063e-08,0.8684225678443909,13.157743,13.157737255096436
4357,109.47584080696106,0.86842257,0.8684226274490356,5.960464477539063e-08,0.8684225678443909,13.157743,13.157737255096436
4358,109.50254368782043,0.86842257,0.8684226274490356,5.960464477539063e-08,0.8684225678443909,13.157743,13.157737255096436
4359,109.52781891822815,0.86842257,0.8684226274490356,5.960464477539063e-08,0.8684225678443909,13.157743,13.157737255096436
4360,109.55230045318604,0.86842257,0.8684226274490356,5.960464477539063e-08,0.8684225678443909,13.157743,13.157737255096436
4361,109.57727384567261,0.86842257,0.8684226274490356,5.960464477539063e-08,0.8684225678443909,13.157743,13.157737255096436
4362,109.60359835624695,0.86842257,0.8684226274490356,5.960464477539063e-08,0.8684225678443909,13.157743,13.157737255096436
4363,109.62863874435425,0.86842257,0.8684226274490356,5.960464477539063e-08,0.8684225678443909,13.157743,13.157737255096436
4364,109.65581130981445,0.86842257,0.8684226274490356,5.960464477539063e-08,0.8684225678443909,13.157743,13.157737255096436
4365,109.68330478668213,0.86842257,0.8684226274490356,5.960464477539063e-08,0.8684225678443909,13.157743,13.157737255096436
4366,109.70982074737549,0.86842257,0.8684226274490356,5.960464477539063e-08,0.8684225678443909,13.157743,13.157737255096436
4367,109.7350594997406,0.86842257,0.8684226274490356,5.960464477539063e-08,0.8684225678443909,13.157743,13.157737255096436
4368,109.75946712493896,0.86842257,0.8684226274490356,5.960464477539063e-08,0.8684225678443909,13.157743,13.157737255096436
4369,109.78549146652222,0.86842257,0.8684226274490356,5.960464477539063e-08,0.8684225678443909,13.157743,13.157737255096436
4370,109.81059384346008,0.86842257,0.8684226274490356,5.960464477539063e-08,0.8684225678443909,13.157743,13.157737255096436
4371,109.8357081413269,0.86842257,0.8684226274490356,5.960464477539063e-08,0.8684225678443909,13.157743,13.157737255096436
4372,109.8597936630249,0.86842257,0.8684226274490356,5.960464477539063e-08,0.8684225678443909,13.157743,13.157737255096436
4373,109.88556361198425,0.86842257,0.8684226274490356,5.960464477539063e-08,0.8684225678443909,13.157743,13.157737255096436
4374,109.91228103637695,0.86842257,0.8684226274490356,5.960464477539063e-08,0.8684225678443909,13.157743,13.157737255096436
4375,109.93742513656616,0.86842257,0.8684226274490356,5.960464477539063e-08,0.8684225678443909,13.157743,13.157737255096436
4376,109.96223855018616,0.86842257,0.8684226274490356,5.960464477539063e-08,0.8684225678443909,13.157743,13.157737255096436
4377,109.98661589622498,0.86842257,0.8684226274490356,5.960464477539063e-08,0.8684225678443909,13.157743,13.157737255096436
4378,110.01155114173889,0.86842257,0.8684226274490356,5.960464477539063e-08,0.8684225678443909,13.157743,13.157737255096436
4379,110.03603386878967,0.86842257,0.8684226274490356,5.960464477539063e-08,0.8684225678443909,13.157743,13.157737255096436
4380,110.06066346168518,0.86842257,0.8684226274490356,5.960464477539063e-08,0.8684225678443909,13.157743,13.157737255096436
4381,110.08550882339478,0.86842257,0.8684226274490356,5.960464477539063e-08,0.8684225678443909,13.157743,13.157737255096436
4382,110.11015391349792,0.86842257,0.8684226274490356,5.960464477539063e-08,0.8684225678443909,13.157743,13.157737255096436
4383,110.13463044166565,0.86842257,0.8684226274490356,5.960464477539063e-08,0.8684225678443909,13.157743,13.157737255096436
4384,110.15841698646545,0.86842257,0.8684226274490356,5.960464477539063e-08,0.8684225678443909,13.157743,13.157737255096436
4385,110.18216276168823,0.86842257,0.8684226274490356,5.960464477539063e-08,0.8684225678443909,13.157743,13.157737255096436
4386,110.20683860778809,0.86842257,0.8684226274490356,5.960464477539063e-08,0.8684225678443909,13.157743,13.157737255096436
4387,110.23193097114563,0.86842257,0.8684226274490356,5.960464477539063e-08,0.8684225678443909,13.157743,13.157737255096436
4388,110.25674724578857,0.86842257,0.8684226274490356,5.960464477539063e-08,0.8684225678443909,13.157743,13.157737255096436
4389,110.28151488304138,0.86842257,0.8684226274490356,5.960464477539063e-08,0.8684225678443909,13.157743,13.157737255096436
4390,110.30598592758179,0.86842257,0.8684226274490356,5.960464477539063e-08,0.8684225678443909,13.157743,13.157737255096436
4391,110.33036732673645,0.86842257,0.8684226274490356,5.960464477539063e-08,0.8684225678443909,13.157743,13.157737255096436
4392,110.3558464050293,0.86842257,0.8684226274490356,5.960464477539063e-08,0.8684225678443909,13.157743,13.157737255096436
4393,110.38147401809692,0.86842257,0.8684226274490356,5.960464477539063e-08,0.8684225678443909,13.157743,13.157737255096436
4394,110.4061770439148,0.86842257,0.8684226274490356,5.960464477539063e-08,0.8684225678443909,13.157743,13.157737255096436
4395,110.43230843544006,0.86842257,0.8684226274490356,5.960464477539063e-08,0.8684225678443909,13.157743,13.157737255096436
4396,110.45602250099182,0.86842257,0.8684226274490356,5.960464477539063e-08,0.8684225678443909,13.157743,13.157737255096436
4397,110.48219561576843,0.86842257,0.8684226274490356,5.960464477539063e-08,0.8684225678443909,13.157743,13.157737255096436
4398,110.50690150260925,0.86842257,0.8684226274490356,5.960464477539063e-08,0.8684225678443909,13.157743,13.157737255096436
4399,110.53152465820312,0.86842257,0.8684226274490356,5.960464477539063e-08,0.8684225678443909,13.157743,13.157737255096436
4400,110.5572350025177,0.86842257,0.8684226274490356,5.960464477539063e-08,0.8684225678443909,13.157743,13.157737255096436
4401,110.58166980743408,0.86842257,0.8684226274490356,5.960464477539063e-08,0.8684225678443909,13.157743,13.157737255096436
4402,110.60707664489746,0.86842257,0.8684226274490356,5.960464477539063e-08,0.8684225678443909,13.157743,13.157737255096436
4403,110.63265466690063,0.86842257,0.8684226274490356,5.960464477539063e-08,0.8684225678443909,13.157743,13.157737255096436
4404,110.65799140930176,0.86842257,0.8684226274490356,5.960464477539063e-08,0.8684225678443909,13.157743,13.157737255096436
4405,110.68269085884094,0.86842257,0.8684226274490356,5.960464477539063e-08,0.8684225678443909,13.157743,13.157737255096436
4406,110.70755195617676,0.86842257,0.8684226274490356,5.960464477539063e-08,0.8684225678443909,13.157743,13.157737255096436
4407,110.73249292373657,0.86842257,0.8684226274490356,5.960464477539063e-08,0.8684225678443909,13.157743,13.157737255096436
4408,110.75715374946594,0.86842257,0.8684226274490356,5.960464477539063e-08,0.8684225678443909,13.157743,13.157737255096436
4409,110.78193402290344,0.86842257,0.8684226274490356,5.960464477539063e-08,0.8684225678443909,13.157743,13.157737255096436
4410,110.80707740783691,0.86842257,0.8684226274490356,5.960464477539063e-08,0.8684225678443909,13.157743,13.157737255096436
4411,110.83228039741516,0.86842257,0.8684226274490356,5.960464477539063e-08,0.8684225678443909,13.157743,13.157737255096436
4412,110.85773134231567,0.86842257,0.8684226274490356,5.960464477539063e-08,0.8684225678443909,13.157743,13.157737255096436
4413,110.88323211669922,0.86842257,0.8684226274490356,5.960464477539063e-08,0.8684225678443909,13.157743,13.157737255096436
4414,110.90775895118713,0.86842257,0.8684226274490356,5.960464477539063e-08,0.8684225678443909,13.157743,13.157737255096436
4415,110.93204236030579,0.86842257,0.8684226274490356,5.960464477539063e-08,0.8684225678443909,13.157743,13.157737255096436
4416,110.95629358291626,0.86842257,0.8684226274490356,5.960464477539063e-08,0.8684225678443909,13.157743,13.157737255096436
4417,110.9803113937378,0.86842257,0.8684226274490356,5.960464477539063e-08,0.8684225678443909,13.157743,13.157737255096436
4418,111.00566864013672,0.86842257,0.8684226274490356,5.960464477539063e-08,0.8684225678443909,13.157743,13.157737255096436
4419,111.03116083145142,0.86842257,0.8684226274490356,5.960464477539063e-08,0.8684225678443909,13.157743,13.157737255096436
4420,111.05687642097473,0.86842257,0.8684226274490356,5.960464477539063e-08,0.8684225678443909,13.157743,13.157737255096436
4421,111.08045744895935,0.86842257,0.8684226274490356,5.960464477539063e-08,0.8684225678443909,13.157743,13.157737255096436
4422,111.10501384735107,0.86842257,0.8684226274490356,5.960464477539063e-08,0.8684225678443909,13.157743,13.157737255096436
4423,111.12955141067505,0.86842257,0.8684226274490356,5.960464477539063e-08,0.8684225678443909,13.157743,13.157737255096436
4424,111.15460467338562,0.86842257,0.8684226274490356,5.960464477539063e-08,0.8684225678443909,13.157743,13.157737255096436
4425,111.17980718612671,0.86842257,0.8684226274490356,5.960464477539063e-08,0.8684225678443909,13.157743,13.157737255096436
4426,111.20397734642029,0.86842257,0.8684226274490356,5.960464477539063e-08,0.8684225678443909,13.157743,13.157737255096436
4427,111.22846341133118,0.86842257,0.8684226274490356,5.960464477539063e-08,0.8684225678443909,13.157743,13.157737255096436
4428,111.2523467540741,0.86842257,0.8684226274490356,5.960464477539063e-08,0.8684225678443909,13.157743,13.157737255096436
4429,111.27654528617859,0.86842257,0.8684226274490356,5.960464477539063e-08,0.8684225678443909,13.157743,13.157737255096436
4430,111.30173325538635,0.86842257,0.8684226274490356,5.960464477539063e-08,0.8684225678443909,13.157743,13.157737255096436
4431,111.32625770568848,0.86842257,0.8684226274490356,5.960464477539063e-08,0.8684225678443909,13.157743,13.157737255096436
4432,111.35149002075195,0.86842257,0.8684226274490356,5.960464477539063e-08,0.8684225678443909,13.157743,13.157737255096436
4433,111.37648940086365,0.86842257,0.8684226274490356,5.960464477539063e-08,0.8684225678443909,13.157743,13.157737255096436
4434,111.40156412124634,0.86842257,0.8684226274490356,5.960464477539063e-08,0.8684225678443909,13.157743,13.157737255096436
4435,111.42735934257507,0.86842257,0.8684226274490356,5.960464477539063e-08,0.8684225678443909,13.157743,13.157737255096436
4436,111.45134997367859,0.86842257,0.8684226274490356,5.960464477539063e-08,0.8684225678443909,13.157743,13.157737255096436
4437,111.47601413726807,0.86842257,0.8684226274490356,5.960464477539063e-08,0.8684225678443909,13.157743,13.157737255096436
4438,111.50092315673828,0.86842257,0.8684226274490356,5.960464477539063e-08,0.8684225678443909,13.157743,13.157737255096436
4439,111.52548694610596,0.86842257,0.8684226274490356,5.960464477539063e-08,0.8684225678443909,13.157743,13.157737255096436
4440,111.55194163322449,0.86842257,0.8684226274490356,5.960464477539063e-08,0.8684225678443909,13.157743,13.157737255096436
4441,111.57630944252014,0.86842257,0.8684226274490356,5.960464477539063e-08,0.8684225678443909,13.157743,13.157737255096436
4442,111.60114240646362,0.86842257,0.8684226274490356,5.960464477539063e-08,0.8684225678443909,13.157743,13.157737255096436
4443,111.626389503479,0.86842257,0.8684226274490356,5.960464477539063e-08,0.8684225678443909,13.157743,13.157737255096436
4444,111.65180206298828,0.86842257,0.8684226274490356,5.960464477539063e-08,0.8684225678443909,13.157743,13.157737255096436
4445,111.67748999595642,0.86842257,0.8684226274490356,5.960464477539063e-08,0.8684225678443909,13.157743,13.157737255096436
4446,111.70254254341125,0.86842257,0.8684226274490356,5.960464477539063e-08,0.8684225678443909,13.157743,13.157737255096436
4447,111.7278254032135,0.86842257,0.8684226274490356,5.960464477539063e-08,0.8684225678443909,13.157743,13.157737255096436
4448,111.75346255302429,0.86842257,0.8684226274490356,5.960464477539063e-08,0.8684225678443909,13.157743,13.157737255096436
4449,111.7798707485199,0.86842257,0.8684226274490356,5.960464477539063e-08,0.8684225678443909,13.157743,13.157737255096436
4450,111.80643463134766,0.86842257,0.8684226274490356,5.960464477539063e-08,0.8684225678443909,13.157743,13.157737255096436
4451,111.83423447608948,0.86842257,0.8684226274490356,5.960464477539063e-08,0.8684225678443909,13.157743,13.157737255096436
4452,111.86008095741272,0.86842257,0.8684226274490356,5.960464477539063e-08,0.8684225678443909,13.157743,13.157737255096436
4453,111.88453435897827,0.86842257,0.8684226274490356,5.960464477539063e-08,0.8684225678443909,13.157743,13.157737255096436
4454,111.90930557250977,0.86842257,0.8684226274490356,5.960464477539063e-08,0.8684225678443909,13.157743,13.157737255096436
4455,111.93386673927307,0.86842257,0.8684226274490356,5.960464477539063e-08,0.8684225678443909,13.157743,13.157737255096436
4456,111.95857787132263,0.86842257,0.8684226274490356,5.960464477539063e-08,0.8684225678443909,13.157743,13.157737255096436
4457,111.98437666893005,0.86842257,0.8684226274490356,5.960464477539063e-08,0.8684225678443909,13.157743,13.157737255096436
4458,112.00950050354004,0.86842257,0.8684226274490356,5.960464477539063e-08,0.8684225678443909,13.157743,13.157737255096436
4459,112.03434443473816,0.86842257,0.8684226274490356,5.960464477539063e-08,0.8684225678443909,13.157743,13.157737255096436
4460,112.05915951728821,0.86842257,0.8684226274490356,5.960464477539063e-08,0.8684225678443909,13.157743,13.157737255096436
4461,112.083740234375,0.86842257,0.8684226274490356,5.960464477539063e-08,0.8684225678443909,13.157743,13.157737255096436
4462,112.10818529129028,0.86842257,0.8684226274490356,5.960464477539063e-08,0.8684225678443909,13.157743,13.157737255096436
4463,112.13307332992554,0.86842257,0.8684226274490356,5.960464477539063e-08,0.8684225678443909,13.157743,13.157737255096436
4464,112.15789270401001,0.86842257,0.8684226274490356,5.960464477539063e-08,0.8684225678443909,13.157743,13.157737255096436
4465,112.18180918693542,0.86842257,0.8684226274490356,5.960464477539063e-08,0.8684225678443909,13.157743,13.157737255096436
4466,112.20706462860107,0.86842257,0.8684226274490356,5.960464477539063e-08,0.8684225678443909,13.157743,13.157737255096436
4467,112.23198103904724,0.86842257,0.8684226274490356,5.960464477539063e-08,0.8684225678443909,13.157743,13.157737255096436
4468,112.25591468811035,0.86842257,0.8684226274490356,5.960464477539063e-08,0.8684225678443909,13.157743,13.157737255096436
4469,112.2786455154419,0.86842257,0.8684226274490356,5.960464477539063e-08,0.8684225678443909,13.157743,13.157737255096436
4470,112.30348014831543,0.86842257,0.8684226274490356,5.960464477539063e-08,0.8684225678443909,13.157743,13.157737255096436
4471,112.32797193527222,0.86842257,0.8684226274490356,5.960464477539063e-08,0.8684225678443909,13.157743,13.157737255096436
4472,112.35323333740234,0.86842257,0.8684226274490356,5.960464477539063e-08,0.8684225678443909,13.157743,13.157737255096436
4473,112.37832689285278,0.86842257,0.8684226274490356,5.960464477539063e-08,0.8684225678443909,13.157743,13.157737255096436
4474,112.40355324745178,0.86842257,0.8684226274490356,5.960464477539063e-08,0.8684225678443909,13.157743,13.157737255096436
4475,112.42789578437805,0.86842257,0.8684226274490356,5.960464477539063e-08,0.8684225678443909,13.157743,13.157737255096436
4476,112.45204424858093,0.86842257,0.8684226274490356,5.960464477539063e-08,0.8684225678443909,13.157743,13.157737255096436
4477,112.47557091712952,0.86842257,0.8684226274490356,5.960464477539063e-08,0.8684225678443909,13.157743,13.157737255096436
4478,112.50066661834717,0.86842257,0.8684226274490356,5.960464477539063e-08,0.8684225678443909,13.157743,13.157737255096436
4479,112.52535152435303,0.86842257,0.8684226274490356,5.960464477539063e-08,0.8684225678443909,13.157743,13.157737255096436
4480,112.55003833770752,0.86842257,0.8684226274490356,5.960464477539063e-08,0.8684225678443909,13.157743,13.157737255096436
4481,112.57449412345886,0.86842257,0.8684226274490356,5.960464477539063e-08,0.8684225678443909,13.157743,13.157737255096436
4482,112.59921717643738,0.86842257,0.8684226274490356,5.960464477539063e-08,0.8684225678443909,13.157743,13.157737255096436
4483,112.62377381324768,0.86842257,0.8684226274490356,5.960464477539063e-08,0.8684225678443909,13.157743,13.157737255096436
4484,112.64802503585815,0.86842257,0.8684226274490356,5.960464477539063e-08,0.8684225678443909,13.157743,13.157737255096436
4485,112.67199468612671,0.86842257,0.8684226274490356,5.960464477539063e-08,0.8684225678443909,13.157743,13.157737255096436
4486,112.6977903842926,0.86842257,0.8684226274490356,5.960464477539063e-08,0.8684225678443909,13.157743,13.157737255096436
4487,112.72182965278625,0.86842257,0.8684226274490356,5.960464477539063e-08,0.8684225678443909,13.157743,13.157737255096436
4488,112.7466983795166,0.86842257,0.8684226274490356,5.960464477539063e-08,0.8684225678443909,13.157743,13.157737255096436
4489,112.7710633277893,0.86842257,0.8684226274490356,5.960464477539063e-08,0.8684225678443909,13.157743,13.157737255096436
4490,112.7959976196289,0.86842257,0.8684226274490356,5.960464477539063e-08,0.8684225678443909,13.157743,13.157737255096436
4491,112.82156157493591,0.86842257,0.8684226274490356,5.960464477539063e-08,0.8684225678443909,13.157743,13.157737255096436
4492,112.84614992141724,0.86842257,0.8684226274490356,5.960464477539063e-08,0.8684225678443909,13.157743,13.157737255096436
4493,112.87191367149353,0.86842257,0.8684226274490356,5.960464477539063e-08,0.8684225678443909,13.157743,13.157737255096436
4494,112.89650988578796,0.86842257,0.8684226274490356,5.960464477539063e-08,0.8684225678443909,13.157743,13.157737255096436
4495,112.92101263999939,0.86842257,0.8684226274490356,5.960464477539063e-08,0.8684225678443909,13.157743,13.157737255096436
4496,112.94523644447327,0.86842257,0.8684226274490356,5.960464477539063e-08,0.8684225678443909,13.157743,13.157737255096436
4497,112.96975684165955,0.86842257,0.8684226274490356,5.960464477539063e-08,0.8684225678443909,13.157743,13.157737255096436
4498,112.9943060874939,0.86842257,0.8684226274490356,5.960464477539063e-08,0.8684225678443909,13.157743,13.157737255096436
4499,113.01864862442017,0.86842257,0.8684226274490356,5.960464477539063e-08,0.8684225678443909,13.157743,13.157737255096436
4500,113.04289603233337,0.86842257,0.8684226274490356,5.960464477539063e-08,0.8684225678443909,13.157743,13.157737255096436
4501,113.0766499042511,0.86842257,0.8684226274490356,5.960464477539063e-08,0.8684225678443909,13.157743,13.157737255096436
4502,113.10169005393982,0.86842257,0.8684226274490356,5.960464477539063e-08,0.8684225678443909,13.157743,13.157737255096436
4503,113.12617373466492,0.86842257,0.8684226274490356,5.960464477539063e-08,0.8684225678443909,13.157743,13.157737255096436
4504,113.15122151374817,0.86842257,0.8684226274490356,5.960464477539063e-08,0.8684225678443909,13.157743,13.157737255096436
4505,113.17665219306946,0.86842257,0.8684226274490356,5.960464477539063e-08,0.8684225678443909,13.157743,13.157737255096436
4506,113.20292568206787,0.86842257,0.8684226274490356,5.960464477539063e-08,0.8684225678443909,13.157743,13.157737255096436
4507,113.22816777229309,0.86842257,0.8684226274490356,5.960464477539063e-08,0.8684225678443909,13.157743,13.157737255096436
4508,113.25228071212769,0.86842257,0.8684226274490356,5.960464477539063e-08,0.8684225678443909,13.157743,13.157737255096436
4509,113.27723503112793,0.86842257,0.8684226274490356,5.960464477539063e-08,0.8684225678443909,13.157743,13.157737255096436
4510,113.30201697349548,0.86842257,0.8684226274490356,5.960464477539063e-08,0.8684225678443909,13.157743,13.157737255096436
4511,113.32689476013184,0.86842257,0.8684226274490356,5.960464477539063e-08,0.8684225678443909,13.157743,13.157737255096436
4512,113.35151863098145,0.86842257,0.8684226274490356,5.960464477539063e-08,0.8684225678443909,13.157743,13.157737255096436
4513,113.3772783279419,0.86842257,0.8684226274490356,5.960464477539063e-08,0.8684225678443909,13.157743,13.157737255096436
4514,113.40241837501526,0.86842257,0.8684226274490356,5.960464477539063e-08,0.8684225678443909,13.157743,13.157737255096436
4515,113.42747569084167,0.86842257,0.8684226274490356,5.960464477539063e-08,0.8684225678443909,13.157743,13.157737255096436
4516,113.45174384117126,0.86842257,0.8684226274490356,5.960464477539063e-08,0.8684225678443909,13.157743,13.157737255096436
4517,113.47597408294678,0.86842257,0.8684226274490356,5.960464477539063e-08,0.8684225678443909,13.157743,13.157737255096436
4518,113.50079107284546,0.86842257,0.8684226274490356,5.960464477539063e-08,0.8684225678443909,13.157743,13.157737255096436
4519,113.52516603469849,0.86842257,0.8684226274490356,5.960464477539063e-08,0.8684225678443909,13.157743,13.157737255096436
4520,113.55051398277283,0.86842257,0.8684226274490356,5.960464477539063e-08,0.8684225678443909,13.157743,13.157737255096436
4521,113.57545590400696,0.86842257,0.8684226274490356,5.960464477539063e-08,0.8684225678443909,13.157743,13.157737255096436
4522,113.5999984741211,0.86842257,0.8684226274490356,5.960464477539063e-08,0.8684225678443909,13.157743,13.157737255096436
4523,113.62378644943237,0.86842257,0.8684226274490356,5.960464477539063e-08,0.8684225678443909,13.157743,13.157737255096436
4524,113.64815855026245,0.86842257,0.8684226274490356,5.960464477539063e-08,0.8684225678443909,13.157743,13.157737255096436
4525,113.67244672775269,0.86842257,0.8684226274490356,5.960464477539063e-08,0.8684225678443909,13.157743,13.157737255096436
4526,113.69671368598938,0.86842257,0.8684226274490356,5.960464477539063e-08,0.8684225678443909,13.157743,13.157737255096436
4527,113.72170090675354,0.86842257,0.8684226274490356,5.960464477539063e-08,0.8684225678443909,13.157743,13.157737255096436
4528,113.74553060531616,0.86842257,0.8684226274490356,5.960464477539063e-08,0.8684225678443909,13.157743,13.157737255096436
4529,113.77098393440247,0.86842257,0.8684226274490356,5.960464477539063e-08,0.8684225678443909,13.157743,13.157737255096436
4530,113.79582929611206,0.86842257,0.8684226274490356,5.960464477539063e-08,0.8684225678443909,13.157743,13.157737255096436
4531,113.82149338722229,0.86842257,0.8684226274490356,5.960464477539063e-08,0.8684225678443909,13.157743,13.157737255096436
4532,113.8463351726532,0.86842257,0.8684226274490356,5.960464477539063e-08,0.8684225678443909,13.157743,13.157737255096436
4533,113.874502658844,0.86842257,0.8684226274490356,5.960464477539063e-08,0.8684225678443909,13.157743,13.157737255096436
4534,113.90319776535034,0.86842257,0.8684226274490356,5.960464477539063e-08,0.8684225678443909,13.157743,13.157737255096436
4535,113.93294262886047,0.86842257,0.8684226274490356,5.960464477539063e-08,0.8684225678443909,13.157743,13.157737255096436
4536,113.96002864837646,0.86842257,0.8684226274490356,5.960464477539063e-08,0.8684225678443909,13.157743,13.157737255096436
4537,113.9845404624939,0.86842257,0.8684226274490356,5.960464477539063e-08,0.8684225678443909,13.157743,13.157737255096436
4538,114.00967931747437,0.86842257,0.8684226274490356,5.960464477539063e-08,0.8684225678443909,13.157743,13.157737255096436
4539,114.03277707099915,0.86842257,0.8684226274490356,5.960464477539063e-08,0.8684225678443909,13.157743,13.157737255096436
4540,114.05896997451782,0.86842257,0.8684226274490356,5.960464477539063e-08,0.8684225678443909,13.157743,13.157737255096436
4541,114.08374524116516,0.86842257,0.8684226274490356,5.960464477539063e-08,0.8684225678443909,13.157743,13.157737255096436
4542,114.109384059906,0.86842257,0.8684226274490356,5.960464477539063e-08,0.8684225678443909,13.157743,13.157737255096436
4543,114.13591313362122,0.86842257,0.8684226274490356,5.960464477539063e-08,0.8684225678443909,13.157743,13.157737255096436
4544,114.15946340560913,0.86842257,0.8684226274490356,5.960464477539063e-08,0.8684225678443909,13.157743,13.157737255096436
4545,114.18461418151855,0.86842257,0.8684226274490356,5.960464477539063e-08,0.8684225678443909,13.157743,13.157737255096436
4546,114.20986294746399,0.86842257,0.8684226274490356,5.960464477539063e-08,0.8684225678443909,13.157743,13.157737255096436
4547,114.23412227630615,0.86842257,0.8684226274490356,5.960464477539063e-08,0.8684225678443909,13.157743,13.157737255096436
4548,114.25860714912415,0.86842257,0.8684226274490356,5.960464477539063e-08,0.8684225678443909,13.157743,13.157737255096436
4549,114.28174710273743,0.86842257,0.8684226274490356,5.960464477539063e-08,0.8684225678443909,13.157743,13.157737255096436
4550,114.30705380439758,0.86842257,0.8684226274490356,5.960464477539063e-08,0.8684225678443909,13.157743,13.157737255096436
4551,114.33215260505676,0.86842257,0.8684226274490356,5.960464477539063e-08,0.8684225678443909,13.157743,13.157737255096436
4552,114.35988664627075,0.86842257,0.8684226274490356,5.960464477539063e-08,0.8684225678443909,13.157743,13.157737255096436
4553,114.3863890171051,0.86842257,0.8684226274490356,5.960464477539063e-08,0.8684225678443909,13.157743,13.157737255096436
4554,114.41187191009521,0.86842257,0.8684226274490356,5.960464477539063e-08,0.8684225678443909,13.157743,13.157737255096436
4555,114.43558812141418,0.86842257,0.8684226274490356,5.960464477539063e-08,0.8684225678443909,13.157743,13.157737255096436
4556,114.46059656143188,0.86842257,0.8684226274490356,5.960464477539063e-08,0.8684225678443909,13.157743,13.157737255096436
4557,114.48686099052429,0.86842257,0.8684226274490356,5.960464477539063e-08,0.8684225678443909,13.157743,13.157737255096436
4558,114.51130533218384,0.86842257,0.8684226274490356,5.960464477539063e-08,0.8684225678443909,13.157743,13.157737255096436
4559,114.53757739067078,0.86842257,0.8684226274490356,5.960464477539063e-08,0.8684225678443909,13.157743,13.157737255096436
4560,114.5621919631958,0.86842257,0.8684226274490356,5.960464477539063e-08,0.8684225678443909,13.157743,13.157737255096436
4561,114.58735156059265,0.86842257,0.8684226274490356,5.960464477539063e-08,0.8684225678443909,13.157743,13.157737255096436
4562,114.61149001121521,0.86842257,0.8684226274490356,5.960464477539063e-08,0.8684225678443909,13.157743,13.157737255096436
4563,114.63600301742554,0.86842257,0.8684226274490356,5.960464477539063e-08,0.8684225678443909,13.157743,13.157737255096436
4564,114.66155338287354,0.86842257,0.8684226274490356,5.960464477539063e-08,0.8684225678443909,13.157743,13.157737255096436
4565,114.68723273277283,0.86842257,0.8684226274490356,5.960464477539063e-08,0.8684225678443909,13.157743,13.157737255096436
4566,114.7131929397583,0.86842257,0.8684226274490356,5.960464477539063e-08,0.8684225678443909,13.157743,13.157737255096436
4567,114.73813271522522,0.86842257,0.8684226274490356,5.960464477539063e-08,0.8684225678443909,13.157743,13.157737255096436
4568,114.76274228096008,0.86842257,0.8684226274490356,5.960464477539063e-08,0.8684225678443909,13.157743,13.157737255096436
4569,114.78855562210083,0.86842257,0.8684226274490356,5.960464477539063e-08,0.8684225678443909,13.157743,13.157737255096436
4570,114.83386039733887,0.8686917,0.8650557994842529,0.003160719061270356,0.8576076626777649,13.130832,13.494420051574707
4571,114.86623120307922,0.8686917,0.867656409740448,0.0006910142838023603,0.8661897778511047,13.130832,13.2343590259552
4572,114.89341425895691,0.8686917,0.8682675957679749,0.0002599440631456673,0.8678072094917297,13.130832,13.173240423202515
4573,114.91893863677979,0.8686917,0.8684874773025513,0.00016357621643692255,0.8682678937911987,13.130832,13.151252269744873
4574,114.94378781318665,0.8686917,0.8686419129371643,8.39877684484236e-05,0.8684149384498596,13.130832,13.13580870628357
4575,114.96961975097656,0.8686917,0.8686915636062622,1.1920928955078125e-07,0.8686916828155518,13.130832,13.13084363937378
4576,114.99511289596558,0.8686917,0.8686915636062622,1.1920928955078125e-07,0.8686916828155518,13.130832,13.13084363937378
4577,115.02016234397888,0.8686917,0.8686915636062622,1.1920928955078125e-07,0.8686916828155518,13.130832,13.13084363937378
4578,115.04377007484436,0.8686917,0.8686915636062622,1.1920928955078125e-07,0.8686916828155518,13.130832,13.13084363937378
4579,115.06928658485413,0.8686917,0.8686915636062622,1.1920928955078125e-07,0.8686916828155518,13.130832,13.13084363937378
4580,115.0940351486206,0.8686917,0.8686915636062622,1.1920928955078125e-07,0.8686916828155518,13.130832,13.13084363937378
4581,115.11910676956177,0.8686917,0.8686915636062622,1.1920928955078125e-07,0.8686916828155518,13.130832,13.13084363937378
4582,115.14324283599854,0.8686917,0.8686915636062622,1.1920928955078125e-07,0.8686916828155518,13.130832,13.13084363937378
4583,115.16789937019348,0.8686917,0.8686915636062622,1.1920928955078125e-07,0.8686916828155518,13.130832,13.13084363937378
4584,115.19176721572876,0.8686917,0.8686915636062622,1.1920928955078125e-07,0.8686916828155518,13.130832,13.13084363937378
4585,115.21651411056519,0.8686917,0.8686915636062622,1.1920928955078125e-07,0.8686916828155518,13.130832,13.13084363937378
4586,115.26220679283142,0.86875147,0.8660283088684082,0.002425671787932515,0.8607698082923889,13.124853,13.39716911315918
4587,115.29359674453735,0.86875147,0.8681182265281677,0.0005414907354861498,0.8670625686645508,13.124853,13.188177347183228
4588,115.3174831867218,0.86875147,0.8686061501502991,0.00011543776781763881,0.8683128952980042,13.124853,13.139384984970093
4589,115.34182047843933,0.86875147,0.8686981797218323,5.452382902149111e-05,0.8686099052429199,13.124853,13.130182027816772
4590,115.36725687980652,0.86875147,0.8687471151351929,6.258287157834275e-06,0.8687381148338318,13.124853,13.125288486480713
4591,115.41586112976074,0.86882377,0.8651528358459473,0.0032111622858792543,0.8568345308303833,13.117623,13.484716415405273
4592,115.4493350982666,0.8688371,0.8678541779518127,0.0007818613667041063,0.8663574457168579,13.116288,13.214582204818726
4593,115.48125433921814,0.8688371,0.8685508370399475,0.00022388123034033924,0.8680927753448486,13.116288,13.144916296005249
4594,115.50740456581116,0.8688371,0.8687444925308228,7.110113801900297e-05,0.8685805797576904,13.116288,13.125550746917725
4595,115.5324318408966,0.8688371,0.8688133358955383,2.871263313863892e-05,0.8687585592269897,13.116288,13.118666410446167
4596,115.55794095993042,0.8688371,0.8688303828239441,6.674998076050542e-06,0.868823766708374,13.116288,13.11696171760559
4597,115.58292198181152,0.8688371,0.868837296962738,1.7881393432617188e-07,0.8688371181488037,13.116288,13.116270303726196
4598,115.60778617858887,0.8688371,0.868837296962738,1.7881393432617188e-07,0.8688371181488037,13.116288,13.116270303726196
4599,115.63286566734314,0.8688371,0.868837296962738,1.7881393432617188e-07,0.8688371181488037,13.116288,13.116270303726196
4600,115.65766382217407,0.8688371,0.868837296962738,1.7881393432617188e-07,0.8688371181488037,13.116288,13.116270303726196
4601,115.6815550327301,0.8688371,0.868837296962738,1.7881393432617188e-07,0.8688371181488037,13.116288,13.116270303726196
4602,115.70625376701355,0.8688371,0.868837296962738,1.7881393432617188e-07,0.8688371181488037,13.116288,13.116270303726196
4603,115.73173499107361,0.8688371,0.868837296962738,1.7881393432617188e-07,0.8688371181488037,13.116288,13.116270303726196
4604,115.75601315498352,0.8688371,0.868837296962738,1.7881393432617188e-07,0.8688371181488037,13.116288,13.116270303726196
4605,115.78022956848145,0.8688371,0.868837296962738,1.7881393432617188e-07,0.8688371181488037,13.116288,13.116270303726196
4606,115.80408692359924,0.8688371,0.868837296962738,1.7881393432617188e-07,0.8688371181488037,13.116288,13.116270303726196
4607,115.82849454879761,0.8688371,0.868837296962738,1.7881393432617188e-07,0.8688371181488037,13.116288,13.116270303726196
4608,115.85350704193115,0.8688371,0.868837296962738,1.7881393432617188e-07,0.8688371181488037,13.116288,13.116270303726196
4609,115.87879800796509,0.8688371,0.868837296962738,1.7881393432617188e-07,0.8688371181488037,13.116288,13.116270303726196
4610,115.90433239936829,0.8688371,0.868837296962738,1.7881393432617188e-07,0.8688371181488037,13.116288,13.116270303726196
4611,115.92914366722107,0.8688371,0.868837296962738,1.7881393432617188e-07,0.8688371181488037,13.116288,13.116270303726196
4612,115.95338129997253,0.8688371,0.868837296962738,1.7881393432617188e-07,0.8688371181488037,13.116288,13.116270303726196
4613,115.9785487651825,0.8688371,0.868837296962738,1.7881393432617188e-07,0.8688371181488037,13.116288,13.116270303726196
4614,116.00281548500061,0.8688371,0.868837296962738,1.7881393432617188e-07,0.8688371181488037,13.116288,13.116270303726196
4615,116.02948498725891,0.8688371,0.868837296962738,1.7881393432617188e-07,0.8688371181488037,13.116288,13.116270303726196
4616,116.05665111541748,0.8688371,0.868837296962738,1.7881393432617188e-07,0.8688371181488037,13.116288,13.116270303726196
4617,116.08384466171265,0.8688371,0.868837296962738,1.7881393432617188e-07,0.8688371181488037,13.116288,13.116270303726196
4618,116.10909390449524,0.8688371,0.868837296962738,1.7881393432617188e-07,0.8688371181488037,13.116288,13.116270303726196
4619,116.13325691223145,0.8688371,0.868837296962738,1.7881393432617188e-07,0.8688371181488037,13.116288,13.116270303726196
4620,116.15749192237854,0.8688371,0.868837296962738,1.7881393432617188e-07,0.8688371181488037,13.116288,13.116270303726196
4621,116.18328475952148,0.8688371,0.868837296962738,1.7881393432617188e-07,0.8688371181488037,13.116288,13.116270303726196
4622,116.20781397819519,0.8688371,0.868837296962738,1.7881393432617188e-07,0.8688371181488037,13.116288,13.116270303726196
4623,116.23223280906677,0.8688371,0.868837296962738,1.7881393432617188e-07,0.8688371181488037,13.116288,13.116270303726196
4624,116.25689816474915,0.8688371,0.868837296962738,1.7881393432617188e-07,0.8688371181488037,13.116288,13.116270303726196
4625,116.28199291229248,0.8688371,0.868837296962738,1.7881393432617188e-07,0.8688371181488037,13.116288,13.116270303726196
4626,116.30696439743042,0.8688371,0.868837296962738,1.7881393432617188e-07,0.8688371181488037,13.116288,13.116270303726196
4627,116.33184242248535,0.8688371,0.868837296962738,1.7881393432617188e-07,0.8688371181488037,13.116288,13.116270303726196
4628,116.35888385772705,0.8688371,0.868837296962738,1.7881393432617188e-07,0.8688371181488037,13.116288,13.116270303726196
4629,116.38793802261353,0.8688371,0.868837296962738,1.7881393432617188e-07,0.8688371181488037,13.116288,13.116270303726196
4630,116.42288994789124,0.8688371,0.868837296962738,1.7881393432617188e-07,0.8688371181488037,13.116288,13.116270303726196
4631,116.45509386062622,0.8688371,0.868837296962738,1.7881393432617188e-07,0.8688371181488037,13.116288,13.116270303726196
4632,116.48480129241943,0.8688371,0.868837296962738,1.7881393432617188e-07,0.8688371181488037,13.116288,13.116270303726196
4633,116.51078200340271,0.8688371,0.868837296962738,1.7881393432617188e-07,0.8688371181488037,13.116288,13.116270303726196
4634,116.5360803604126,0.8688371,0.868837296962738,1.7881393432617188e-07,0.8688371181488037,13.116288,13.116270303726196
4635,116.5597083568573,0.8688371,0.868837296962738,1.7881393432617188e-07,0.8688371181488037,13.116288,13.116270303726196
4636,116.58467721939087,0.8688371,0.868837296962738,1.7881393432617188e-07,0.8688371181488037,13.116288,13.116270303726196
4637,116.63109159469604,0.86917114,0.8651679158210754,0.003432690165936947,0.8574575781822205,13.082886,13.483208417892456
4638,116.66248631477356,0.86917114,0.8680582046508789,0.0007431725971400738,0.8665814399719238,13.082886,13.19417953491211
4639,116.68836903572083,0.86917114,0.8686914443969727,0.0002662570623215288,0.8681988716125488,13.082886,13.130855560302734
4640,116.71304202079773,0.86917114,0.8689212799072266,0.00016020007024053484,0.8687552809715271,13.082886,13.107872009277344
4641,116.73697209358215,0.86917114,0.8690450191497803,0.00015883962623775005,0.8688371181488037,13.082886,13.095498085021973
4642,116.78173041343689,0.86929667,0.8657447695732117,0.002794967731460929,0.8600371479988098,13.0703335,13.425523042678833
4643,116.81487894058228,0.86929667,0.8683233857154846,0.0007368942606262863,0.8665456175804138,13.0703335,13.167661428451538
4644,116.83938455581665,0.86929667,0.868955671787262,0.00026772762066684663,0.8684278726577759,13.0703335,13.104432821273804
4645,116.8649652004242,0.86929667,0.8691829442977905,7.559972436865792e-05,0.8690769672393799,13.0703335,13.081705570220947
4646,116.89144468307495,0.86929667,0.8692430257797241,6.730855966452509e-05,0.869156539440155,13.0703335,13.075697422027588
4647,116.91602325439453,0.86929667,0.869296669960022,0.0,0.869296669960022,13.0703335,13.070333003997803
4648,116.94040393829346,0.86929667,0.869296669960022,0.0,0.869296669960022,13.0703335,13.070333003997803
4649,116.96501469612122,0.86929667,0.869296669960022,0.0,0.869296669960022,13.0703335,13.070333003997803
4650,116.99056792259216,0.86929667,0.869296669960022,0.0,0.869296669960022,13.0703335,13.070333003997803
4651,117.01583099365234,0.86929667,0.869296669960022,0.0,0.869296669960022,13.0703335,13.070333003997803
4652,117.04089736938477,0.86929667,0.869296669960022,0.0,0.869296669960022,13.0703335,13.070333003997803
4653,117.06539177894592,0.86929667,0.869296669960022,0.0,0.869296669960022,13.0703335,13.070333003997803
4654,117.0898003578186,0.86929667,0.869296669960022,0.0,0.869296669960022,13.0703335,13.070333003997803
4655,117.11366844177246,0.86929667,0.869296669960022,0.0,0.869296669960022,13.0703335,13.070333003997803
4656,117.13827466964722,0.86929667,0.869296669960022,0.0,0.869296669960022,13.0703335,13.070333003997803
4657,117.1636688709259,0.86929667,0.869296669960022,0.0,0.869296669960022,13.0703335,13.070333003997803
4658,117.18739771842957,0.86929667,0.869296669960022,0.0,0.869296669960022,13.0703335,13.070333003997803
4659,117.23413276672363,0.8693227,0.8665692806243896,0.0023984862491488457,0.8609620332717896,13.067728,13.343071937561035
4660,117.26562833786011,0.8693227,0.8686541318893433,0.0005699177854694426,0.8674228191375732,13.067728,13.134586811065674
4661,117.2906928062439,0.8693227,0.8691741824150085,0.00015222548972815275,0.8687798380851746,13.067728,13.082581758499146
4662,117.31674385070801,0.8693227,0.8692972660064697,2.2345020624925382e-05,0.8692374229431152,13.067728,13.070273399353027
4663,117.34224104881287,0.8693227,0.8693137168884277,1.185421751870308e-05,0.869296669960022,13.067728,13.068628311157227
4664,117.36862754821777,0.8693227,0.8693227171897888,0.0,0.8693227171897888,13.067728,13.067728281021118
4665,117.39506578445435,0.8693227,0.8693227171897888,0.0,0.8693227171897888,13.067728,13.067728281021118
4666,117.42070770263672,0.8693227,0.8693227171897888,0.0,0.8693227171897888,13.067728,13.067728281021118
4667,117.44660973548889,0.8693227,0.8693227171897888,0.0,0.8693227171897888,13.067728,13.067728281021118
4668,117.4711012840271,0.8693227,0.8693227171897888,0.0,0.8693227171897888,13.067728,13.067728281021118
4669,117.49653387069702,0.8693227,0.8693227171897888,0.0,0.8693227171897888,13.067728,13.067728281021118
4670,117.52242183685303,0.8693227,0.8693227171897888,0.0,0.8693227171897888,13.067728,13.067728281021118
4671,117.54769158363342,0.8693227,0.8693227171897888,0.0,0.8693227171897888,13.067728,13.067728281021118
4672,117.57274746894836,0.8693227,0.8693227171897888,0.0,0.8693227171897888,13.067728,13.067728281021118
4673,117.59830737113953,0.8693227,0.8693227171897888,0.0,0.8693227171897888,13.067728,13.067728281021118
4674,117.62378931045532,0.8693227,0.8693227171897888,0.0,0.8693227171897888,13.067728,13.067728281021118
4675,117.64995694160461,0.8693227,0.8693227171897888,0.0,0.8693227171897888,13.067728,13.067728281021118
4676,117.67500019073486,0.8693227,0.8693227171897888,0.0,0.8693227171897888,13.067728,13.067728281021118
4677,117.69990563392639,0.8693227,0.8693227171897888,0.0,0.8693227171897888,13.067728,13.067728281021118
4678,117.72461771965027,0.8693227,0.8693227171897888,0.0,0.8693227171897888,13.067728,13.067728281021118
4679,117.75054359436035,0.8693227,0.8693227171897888,0.0,0.8693227171897888,13.067728,13.067728281021118
4680,117.77504825592041,0.8693227,0.8693227171897888,0.0,0.8693227171897888,13.067728,13.067728281021118
4681,117.80103898048401,0.8693227,0.8693227171897888,0.0,0.8693227171897888,13.067728,13.067728281021118
4682,117.82536387443542,0.8693227,0.8693227171897888,0.0,0.8693227171897888,13.067728,13.067728281021118
4683,117.85037922859192,0.8693227,0.8693227171897888,0.0,0.8693227171897888,13.067728,13.067728281021118
4684,117.8752875328064,0.8693227,0.8693227171897888,0.0,0.8693227171897888,13.067728,13.067728281021118
4685,117.90041470527649,0.8693227,0.8693227171897888,0.0,0.8693227171897888,13.067728,13.067728281021118
4686,117.92556667327881,0.8693227,0.8693227171897888,0.0,0.8693227171897888,13.067728,13.067728281021118
4687,117.95015859603882,0.8693227,0.8693227171897888,0.0,0.8693227171897888,13.067728,13.067728281021118
4688,117.97481560707092,0.8693227,0.8693227171897888,0.0,0.8693227171897888,13.067728,13.067728281021118
4689,117.99905610084534,0.8693227,0.8693227171897888,0.0,0.8693227171897888,13.067728,13.067728281021118
4690,118.02300500869751,0.8693227,0.8693227171897888,0.0,0.8693227171897888,13.067728,13.067728281021118
4691,118.04796981811523,0.8693227,0.8693227171897888,0.0,0.8693227171897888,13.067728,13.067728281021118
4692,118.07382035255432,0.8693227,0.8693227171897888,0.0,0.8693227171897888,13.067728,13.067728281021118
4693,118.09832072257996,0.8693227,0.8693227171897888,0.0,0.8693227171897888,13.067728,13.067728281021118
4694,118.12431716918945,0.8693227,0.8693227171897888,0.0,0.8693227171897888,13.067728,13.067728281021118
4695,118.15182495117188,0.8693227,0.8693227171897888,0.0,0.8693227171897888,13.067728,13.067728281021118
4696,118.17859268188477,0.8693227,0.8693227171897888,0.0,0.8693227171897888,13.067728,13.067728281021118
4697,118.20510172843933,0.8693227,0.8693227171897888,0.0,0.8693227171897888,13.067728,13.067728281021118
4698,118.23156714439392,0.8693227,0.8693227171897888,0.0,0.8693227171897888,13.067728,13.067728281021118
4699,118.25711917877197,0.8693227,0.8693227171897888,0.0,0.8693227171897888,13.067728,13.067728281021118
4700,118.28215622901917,0.8693227,0.8693227171897888,0.0,0.8693227171897888,13.067728,13.067728281021118
4701,118.30672264099121,0.8693227,0.8693227171897888,0.0,0.8693227171897888,13.067728,13.067728281021118
4702,118.33174514770508,0.8693227,0.8693227171897888,0.0,0.8693227171897888,13.067728,13.067728281021118
4703,118.35635662078857,0.8693227,0.8693227171897888,0.0,0.8693227171897888,13.067728,13.067728281021118
4704,118.38177227973938,0.8693227,0.8693227171897888,0.0,0.8693227171897888,13.067728,13.067728281021118
4705,118.4070508480072,0.8693227,0.8693227171897888,0.0,0.8693227171897888,13.067728,13.067728281021118
4706,118.43377113342285,0.8693227,0.8693227171897888,0.0,0.8693227171897888,13.067728,13.067728281021118
4707,118.45944476127625,0.8693227,0.8693227171897888,0.0,0.8693227171897888,13.067728,13.067728281021118
4708,118.48395705223083,0.8693227,0.8693227171897888,0.0,0.8693227171897888,13.067728,13.067728281021118
4709,118.51010775566101,0.8693227,0.8693227171897888,0.0,0.8693227171897888,13.067728,13.067728281021118
4710,118.53517270088196,0.8693227,0.8693227171897888,0.0,0.8693227171897888,13.067728,13.067728281021118
4711,118.55952787399292,0.8693227,0.8693227171897888,0.0,0.8693227171897888,13.067728,13.067728281021118
4712,118.58422088623047,0.8693227,0.8693227171897888,0.0,0.8693227171897888,13.067728,13.067728281021118
4713,118.60921692848206,0.8693227,0.8693227171897888,0.0,0.8693227171897888,13.067728,13.067728281021118
4714,118.63376927375793,0.8693227,0.8693227171897888,0.0,0.8693227171897888,13.067728,13.067728281021118
4715,118.65872693061829,0.8693227,0.8693227171897888,0.0,0.8693227171897888,13.067728,13.067728281021118
4716,118.683753490448,0.8693227,0.8693227171897888,0.0,0.8693227171897888,13.067728,13.067728281021118
4717,118.70855069160461,0.8693227,0.8693227171897888,0.0,0.8693227171897888,13.067728,13.067728281021118
4718,118.73357057571411,0.8693227,0.8693227171897888,0.0,0.8693227171897888,13.067728,13.067728281021118
4719,118.75823640823364,0.8693227,0.8693227171897888,0.0,0.8693227171897888,13.067728,13.067728281021118
4720,118.78274965286255,0.8693227,0.8693227171897888,0.0,0.8693227171897888,13.067728,13.067728281021118
4721,118.80692791938782,0.8693227,0.8693227171897888,0.0,0.8693227171897888,13.067728,13.067728281021118
4722,118.83166861534119,0.8693227,0.8693227171897888,0.0,0.8693227171897888,13.067728,13.067728281021118
4723,118.8563404083252,0.8693227,0.8693227171897888,0.0,0.8693227171897888,13.067728,13.067728281021118
4724,118.88068389892578,0.8693227,0.8693227171897888,0.0,0.8693227171897888,13.067728,13.067728281021118
4725,118.90545415878296,0.8693227,0.8693227171897888,0.0,0.8693227171897888,13.067728,13.067728281021118
4726,118.93008685112,0.8693227,0.8693227171897888,0.0,0.8693227171897888,13.067728,13.067728281021118
4727,118.95605850219727,0.8693227,0.8693227171897888,0.0,0.8693227171897888,13.067728,13.067728281021118
4728,118.98075437545776,0.8693227,0.8693227171897888,0.0,0.8693227171897888,13.067728,13.067728281021118
4729,119.00694060325623,0.8693227,0.8693227171897888,0.0,0.8693227171897888,13.067728,13.067728281021118
4730,119.03173685073853,0.8693227,0.8693227171897888,0.0,0.8693227171897888,13.067728,13.067728281021118
4731,119.05868744850159,0.8693227,0.8693227171897888,0.0,0.8693227171897888,13.067728,13.067728281021118
4732,119.08407497406006,0.8693227,0.8693227171897888,0.0,0.8693227171897888,13.067728,13.067728281021118
4733,119.10877561569214,0.8693227,0.8693227171897888,0.0,0.8693227171897888,13.067728,13.067728281021118
4734,119.13316035270691,0.8693227,0.8693227171897888,0.0,0.8693227171897888,13.067728,13.067728281021118
4735,119.15743684768677,0.8693227,0.8693227171897888,0.0,0.8693227171897888,13.067728,13.067728281021118
4736,119.18383884429932,0.8693227,0.8693227171897888,0.0,0.8693227171897888,13.067728,13.067728281021118
4737,119.20990443229675,0.8693227,0.8693227171897888,0.0,0.8693227171897888,13.067728,13.067728281021118
4738,119.23626732826233,0.8693227,0.8693227171897888,0.0,0.8693227171897888,13.067728,13.067728281021118
4739,119.2612898349762,0.8693227,0.8693227171897888,0.0,0.8693227171897888,13.067728,13.067728281021118
4740,119.28560543060303,0.8693227,0.8693227171897888,0.0,0.8693227171897888,13.067728,13.067728281021118
4741,119.31095099449158,0.8693227,0.8693227171897888,0.0,0.8693227171897888,13.067728,13.067728281021118
4742,119.3355119228363,0.8693227,0.8693227171897888,0.0,0.8693227171897888,13.067728,13.067728281021118
4743,119.36138439178467,0.8693227,0.8693227171897888,0.0,0.8693227171897888,13.067728,13.067728281021118
4744,119.38750886917114,0.8693227,0.8693227171897888,0.0,0.8693227171897888,13.067728,13.067728281021118
4745,119.41133069992065,0.8693227,0.8693227171897888,0.0,0.8693227171897888,13.067728,13.067728281021118
4746,119.4359872341156,0.8693227,0.8693227171897888,0.0,0.8693227171897888,13.067728,13.067728281021118
4747,119.45949459075928,0.8693227,0.8693227171897888,0.0,0.8693227171897888,13.067728,13.067728281021118
4748,119.48352456092834,0.8693227,0.8693227171897888,0.0,0.8693227171897888,13.067728,13.067728281021118
4749,119.53039050102234,0.86976266,0.8668080568313599,0.0023052862379699945,0.861302375793457,13.023734,13.319194316864014
4750,119.56285333633423,0.86976266,0.8687538504600525,0.0004917245241813362,0.8677396774291992,13.023734,13.124614953994751
4751,119.58701920509338,0.86976266,0.8692447543144226,0.00021092378301545978,0.868933916091919,13.023734,13.07552456855774
4752,119.61120438575745,0.86976266,0.8694144487380981,0.0001990549499168992,0.8692613840103149,13.023734,13.058555126190186
4753,119.63572669029236,0.86976266,0.8695805072784424,0.00019898918981198221,0.8693064451217651,13.023734,13.041949272155762
4754,119.66116428375244,0.86976266,0.8697625398635864,1.1920928955078125e-07,0.869762659072876,13.023734,13.023746013641357
4755,119.68552017211914,0.86976266,0.8697625398635864,1.1920928955078125e-07,0.869762659072876,13.023734,13.023746013641357
4756,119.71124839782715,0.86976266,0.8697625398635864,1.1920928955078125e-07,0.869762659072876,13.023734,13.023746013641357
4757,119.7361888885498,0.86976266,0.8697625398635864,1.1920928955078125e-07,0.869762659072876,13.023734,13.023746013641357
4758,119.76042056083679,0.86976266,0.8697625398635864,1.1920928955078125e-07,0.869762659072876,13.023734,13.023746013641357
4759,119.78526854515076,0.86976266,0.8697625398635864,1.1920928955078125e-07,0.869762659072876,13.023734,13.023746013641357
4760,119.81008982658386,0.86976266,0.8697625398635864,1.1920928955078125e-07,0.869762659072876,13.023734,13.023746013641357
4761,119.8341932296753,0.86976266,0.8697625398635864,1.1920928955078125e-07,0.869762659072876,13.023734,13.023746013641357
4762,119.85981273651123,0.86976266,0.8697625398635864,1.1920928955078125e-07,0.869762659072876,13.023734,13.023746013641357
4763,119.8850839138031,0.86976266,0.8697625398635864,1.1920928955078125e-07,0.869762659072876,13.023734,13.023746013641357
4764,119.90993309020996,0.86976266,0.8697625398635864,1.1920928955078125e-07,0.869762659072876,13.023734,13.023746013641357
4765,119.93395519256592,0.86976266,0.8697625398635864,1.1920928955078125e-07,0.869762659072876,13.023734,13.023746013641357
4766,119.95829772949219,0.86976266,0.8697625398635864,1.1920928955078125e-07,0.869762659072876,13.023734,13.023746013641357
4767,119.9829728603363,0.86976266,0.8697625398635864,1.1920928955078125e-07,0.869762659072876,13.023734,13.023746013641357
4768,120.0079402923584,0.86976266,0.8697625398635864,1.1920928955078125e-07,0.869762659072876,13.023734,13.023746013641357
4769,120.03315091133118,0.86976266,0.8697625398635864,1.1920928955078125e-07,0.869762659072876,13.023734,13.023746013641357
4770,120.05797791481018,0.86976266,0.8697625398635864,1.1920928955078125e-07,0.869762659072876,13.023734,13.023746013641357
4771,120.08302640914917,0.86976266,0.8697625398635864,1.1920928955078125e-07,0.869762659072876,13.023734,13.023746013641357
4772,120.10769748687744,0.86976266,0.8697625398635864,1.1920928955078125e-07,0.869762659072876,13.023734,13.023746013641357
4773,120.13226652145386,0.86976266,0.8697625398635864,1.1920928955078125e-07,0.869762659072876,13.023734,13.023746013641357
4774,120.15677452087402,0.86976266,0.8697625398635864,1.1920928955078125e-07,0.869762659072876,13.023734,13.023746013641357
4775,120.18112111091614,0.86976266,0.8697625398635864,1.1920928955078125e-07,0.869762659072876,13.023734,13.023746013641357
4776,120.20622134208679,0.86976266,0.8697625398635864,1.1920928955078125e-07,0.869762659072876,13.023734,13.023746013641357
4777,120.23208045959473,0.86976266,0.8697625398635864,1.1920928955078125e-07,0.869762659072876,13.023734,13.023746013641357
4778,120.25750160217285,0.86976266,0.8697625398635864,1.1920928955078125e-07,0.869762659072876,13.023734,13.023746013641357
4779,120.28464579582214,0.86976266,0.8697625398635864,1.1920928955078125e-07,0.869762659072876,13.023734,13.023746013641357
4780,120.31151151657104,0.86976266,0.8697625398635864,1.1920928955078125e-07,0.869762659072876,13.023734,13.023746013641357
4781,120.33811926841736,0.86976266,0.8697625398635864,1.1920928955078125e-07,0.869762659072876,13.023734,13.023746013641357
4782,120.36408281326294,0.86976266,0.8697625398635864,1.1920928955078125e-07,0.869762659072876,13.023734,13.023746013641357
4783,120.3898491859436,0.86976266,0.8697625398635864,1.1920928955078125e-07,0.869762659072876,13.023734,13.023746013641357
4784,120.41554069519043,0.86976266,0.8697625398635864,1.1920928955078125e-07,0.869762659072876,13.023734,13.023746013641357
4785,120.44216346740723,0.86976266,0.8697625398635864,1.1920928955078125e-07,0.869762659072876,13.023734,13.023746013641357
4786,120.46678280830383,0.86976266,0.8697625398635864,1.1920928955078125e-07,0.869762659072876,13.023734,13.023746013641357
4787,120.49139070510864,0.86976266,0.8697625398635864,1.1920928955078125e-07,0.869762659072876,13.023734,13.023746013641357
4788,120.5159010887146,0.86976266,0.8697625398635864,1.1920928955078125e-07,0.869762659072876,13.023734,13.023746013641357
4789,120.54096865653992,0.86976266,0.8697625398635864,1.1920928955078125e-07,0.869762659072876,13.023734,13.023746013641357
4790,120.5655825138092,0.86976266,0.8697625398635864,1.1920928955078125e-07,0.869762659072876,13.023734,13.023746013641357
4791,120.59029245376587,0.86976266,0.8697625398635864,1.1920928955078125e-07,0.869762659072876,13.023734,13.023746013641357
4792,120.6147882938385,0.86976266,0.8697625398635864,1.1920928955078125e-07,0.869762659072876,13.023734,13.023746013641357
4793,120.63995242118835,0.86976266,0.8697625398635864,1.1920928955078125e-07,0.869762659072876,13.023734,13.023746013641357
4794,120.66609954833984,0.86976266,0.8697625398635864,1.1920928955078125e-07,0.869762659072876,13.023734,13.023746013641357
4795,120.69095468521118,0.86976266,0.8697625398635864,1.1920928955078125e-07,0.869762659072876,13.023734,13.023746013641357
4796,120.71505808830261,0.86976266,0.8697625398635864,1.1920928955078125e-07,0.869762659072876,13.023734,13.023746013641357
4797,120.74039316177368,0.86976266,0.8697625398635864,1.1920928955078125e-07,0.869762659072876,13.023734,13.023746013641357
4798,120.76597619056702,0.86976266,0.8697625398635864,1.1920928955078125e-07,0.869762659072876,13.023734,13.023746013641357
4799,120.79049754142761,0.86976266,0.8697625398635864,1.1920928955078125e-07,0.869762659072876,13.023734,13.023746013641357
4800,120.81645703315735,0.86976266,0.8697625398635864,1.1920928955078125e-07,0.869762659072876,13.023734,13.023746013641357
4801,120.84159851074219,0.86976266,0.8697625398635864,1.1920928955078125e-07,0.869762659072876,13.023734,13.023746013641357
4802,120.86722183227539,0.86976266,0.8697625398635864,1.1920928955078125e-07,0.869762659072876,13.023734,13.023746013641357
4803,120.89255619049072,0.86976266,0.8697625398635864,1.1920928955078125e-07,0.869762659072876,13.023734,13.023746013641357
4804,120.91747212409973,0.86976266,0.8697625398635864,1.1920928955078125e-07,0.869762659072876,13.023734,13.023746013641357
4805,120.94350934028625,0.86976266,0.8697625398635864,1.1920928955078125e-07,0.869762659072876,13.023734,13.023746013641357
4806,120.96819400787354,0.86976266,0.8697625398635864,1.1920928955078125e-07,0.869762659072876,13.023734,13.023746013641357
4807,120.99450469017029,0.86976266,0.8697625398635864,1.1920928955078125e-07,0.869762659072876,13.023734,13.023746013641357
4808,121.01995062828064,0.86976266,0.8697625398635864,1.1920928955078125e-07,0.869762659072876,13.023734,13.023746013641357
4809,121.04444313049316,0.86976266,0.8697625398635864,1.1920928955078125e-07,0.869762659072876,13.023734,13.023746013641357
4810,121.06850123405457,0.86976266,0.8697625398635864,1.1920928955078125e-07,0.869762659072876,13.023734,13.023746013641357
4811,121.09312534332275,0.86976266,0.8697625398635864,1.1920928955078125e-07,0.869762659072876,13.023734,13.023746013641357
4812,121.11766028404236,0.86976266,0.8697625398635864,1.1920928955078125e-07,0.869762659072876,13.023734,13.023746013641357
4813,121.14205598831177,0.86976266,0.8697625398635864,1.1920928955078125e-07,0.869762659072876,13.023734,13.023746013641357
4814,121.1671097278595,0.86976266,0.8697625398635864,1.1920928955078125e-07,0.869762659072876,13.023734,13.023746013641357
4815,121.19216656684875,0.86976266,0.8697625398635864,1.1920928955078125e-07,0.869762659072876,13.023734,13.023746013641357
4816,121.21727180480957,0.86976266,0.8697625398635864,1.1920928955078125e-07,0.869762659072876,13.023734,13.023746013641357
4817,121.24116039276123,0.86976266,0.8697625398635864,1.1920928955078125e-07,0.869762659072876,13.023734,13.023746013641357
4818,121.26622438430786,0.86976266,0.8697625398635864,1.1920928955078125e-07,0.869762659072876,13.023734,13.023746013641357
4819,121.29112911224365,0.86976266,0.8697625398635864,1.1920928955078125e-07,0.869762659072876,13.023734,13.023746013641357
4820,121.31479001045227,0.86976266,0.8697625398635864,1.1920928955078125e-07,0.869762659072876,13.023734,13.023746013641357
4821,121.3406810760498,0.86976266,0.8697625398635864,1.1920928955078125e-07,0.869762659072876,13.023734,13.023746013641357
4822,121.3657956123352,0.86976266,0.8697625398635864,1.1920928955078125e-07,0.869762659072876,13.023734,13.023746013641357
4823,121.39159607887268,0.86976266,0.8697625398635864,1.1920928955078125e-07,0.869762659072876,13.023734,13.023746013641357
4824,121.41730284690857,0.86976266,0.8697625398635864,1.1920928955078125e-07,0.869762659072876,13.023734,13.023746013641357
4825,121.44453716278076,0.86976266,0.8697625398635864,1.1920928955078125e-07,0.869762659072876,13.023734,13.023746013641357
4826,121.47014665603638,0.86976266,0.8697625398635864,1.1920928955078125e-07,0.869762659072876,13.023734,13.023746013641357
4827,121.49217367172241,0.86976266,0.8697625398635864,1.1920928955078125e-07,0.869762659072876,13.023734,13.023746013641357
4828,121.51724576950073,0.86976266,0.8697625398635864,1.1920928955078125e-07,0.869762659072876,13.023734,13.023746013641357
4829,121.54187273979187,0.86976266,0.8697625398635864,1.1920928955078125e-07,0.869762659072876,13.023734,13.023746013641357
4830,121.56664729118347,0.86976266,0.8697625398635864,1.1920928955078125e-07,0.869762659072876,13.023734,13.023746013641357
4831,121.59138345718384,0.86976266,0.8697625398635864,1.1920928955078125e-07,0.869762659072876,13.023734,13.023746013641357
4832,121.61612010002136,0.86976266,0.8697625398635864,1.1920928955078125e-07,0.869762659072876,13.023734,13.023746013641357
4833,121.64137291908264,0.86976266,0.8697625398635864,1.1920928955078125e-07,0.869762659072876,13.023734,13.023746013641357
4834,121.68776202201843,0.8700053,0.8662923574447632,0.0031043088529258966,0.8591879606246948,12.999469,13.370764255523682
4835,121.72090864181519,0.8700053,0.8689845204353333,0.000770722923334688,0.8670538067817688,12.999469,13.101547956466675
4836,121.74746656417847,0.8700053,0.8696234226226807,0.0002363864186918363,0.869185209274292,12.999469,13.037657737731934
4837,121.77205061912537,0.8700053,0.8698134422302246,0.0001440925116185099,0.8696393370628357,12.999469,13.018655776977539
4838,121.79669642448425,0.8700053,0.8699340224266052,0.0001100367953768,0.8697624206542969,12.999469,13.006597757339478
4839,121.82241559028625,0.8700053,0.8700052499771118,5.960464477539063e-08,0.8700053095817566,12.999469,12.999475002288818
4840,121.84919047355652,0.8700053,0.8700052499771118,5.960464477539063e-08,0.8700053095817566,12.999469,12.999475002288818
4841,121.873544216156,0.8700053,0.8700052499771118,5.960464477539063e-08,0.8700053095817566,12.999469,12.999475002288818
4842,121.89879894256592,0.8700053,0.8700052499771118,5.960464477539063e-08,0.8700053095817566,12.999469,12.999475002288818
4843,121.92482399940491,0.8700053,0.8700052499771118,5.960464477539063e-08,0.8700053095817566,12.999469,12.999475002288818
4844,121.94967436790466,0.8700053,0.8700052499771118,5.960464477539063e-08,0.8700053095817566,12.999469,12.999475002288818
4845,121.97363471984863,0.8700053,0.8700052499771118,5.960464477539063e-08,0.8700053095817566,12.999469,12.999475002288818
4846,121.99969863891602,0.8700053,0.8700052499771118,5.960464477539063e-08,0.8700053095817566,12.999469,12.999475002288818
4847,122.02388739585876,0.8700053,0.8700052499771118,5.960464477539063e-08,0.8700053095817566,12.999469,12.999475002288818
4848,122.04890990257263,0.8700053,0.8700052499771118,5.960464477539063e-08,0.8700053095817566,12.999469,12.999475002288818
4849,122.07489037513733,0.8700053,0.8700052499771118,5.960464477539063e-08,0.8700053095817566,12.999469,12.999475002288818
4850,122.09939861297607,0.8700053,0.8700052499771118,5.960464477539063e-08,0.8700053095817566,12.999469,12.999475002288818
4851,122.12338900566101,0.8700053,0.8700052499771118,5.960464477539063e-08,0.8700053095817566,12.999469,12.999475002288818
4852,122.14815640449524,0.8700053,0.8700052499771118,5.960464477539063e-08,0.8700053095817566,12.999469,12.999475002288818
4853,122.17282748222351,0.8700053,0.8700052499771118,5.960464477539063e-08,0.8700053095817566,12.999469,12.999475002288818
4854,122.19760775566101,0.8700053,0.8700052499771118,5.960464477539063e-08,0.8700053095817566,12.999469,12.999475002288818
4855,122.22306632995605,0.8700053,0.8700052499771118,5.960464477539063e-08,0.8700053095817566,12.999469,12.999475002288818
4856,122.24850869178772,0.8700053,0.8700052499771118,5.960464477539063e-08,0.8700053095817566,12.999469,12.999475002288818
4857,122.27277946472168,0.8700053,0.8700052499771118,5.960464477539063e-08,0.8700053095817566,12.999469,12.999475002288818
4858,122.2977921962738,0.8700053,0.8700052499771118,5.960464477539063e-08,0.8700053095817566,12.999469,12.999475002288818
4859,122.32296752929688,0.8700053,0.8700052499771118,5.960464477539063e-08,0.8700053095817566,12.999469,12.999475002288818
4860,122.34736251831055,0.8700053,0.8700052499771118,5.960464477539063e-08,0.8700053095817566,12.999469,12.999475002288818
4861,122.3723406791687,0.8700053,0.8700052499771118,5.960464477539063e-08,0.8700053095817566,12.999469,12.999475002288818
4862,122.39970278739929,0.8700053,0.8700052499771118,5.960464477539063e-08,0.8700053095817566,12.999469,12.999475002288818
4863,122.42722487449646,0.8700053,0.8700052499771118,5.960464477539063e-08,0.8700053095817566,12.999469,12.999475002288818
4864,122.45532488822937,0.8700053,0.8700052499771118,5.960464477539063e-08,0.8700053095817566,12.999469,12.999475002288818
4865,122.48059487342834,0.8700053,0.8700052499771118,5.960464477539063e-08,0.8700053095817566,12.999469,12.999475002288818
4866,122.50523710250854,0.8700053,0.8700052499771118,5.960464477539063e-08,0.8700053095817566,12.999469,12.999475002288818
4867,122.53048634529114,0.8700053,0.8700052499771118,5.960464477539063e-08,0.8700053095817566,12.999469,12.999475002288818
4868,122.55406665802002,0.8700053,0.8700052499771118,5.960464477539063e-08,0.8700053095817566,12.999469,12.999475002288818
4869,122.57931208610535,0.8700053,0.8700052499771118,5.960464477539063e-08,0.8700053095817566,12.999469,12.999475002288818
4870,122.60489511489868,0.8700053,0.8700052499771118,5.960464477539063e-08,0.8700053095817566,12.999469,12.999475002288818
4871,122.6300196647644,0.8700053,0.8700052499771118,5.960464477539063e-08,0.8700053095817566,12.999469,12.999475002288818
4872,122.65519571304321,0.8700053,0.8700052499771118,5.960464477539063e-08,0.8700053095817566,12.999469,12.999475002288818
4873,122.67947053909302,0.8700053,0.8700052499771118,5.960464477539063e-08,0.8700053095817566,12.999469,12.999475002288818
4874,122.70461678504944,0.8700053,0.8700052499771118,5.960464477539063e-08,0.8700053095817566,12.999469,12.999475002288818
4875,122.72961211204529,0.8700053,0.8700052499771118,5.960464477539063e-08,0.8700053095817566,12.999469,12.999475002288818
4876,122.75438857078552,0.8700053,0.8700052499771118,5.960464477539063e-08,0.8700053095817566,12.999469,12.999475002288818
4877,122.78080749511719,0.8700053,0.8700052499771118,5.960464477539063e-08,0.8700053095817566,12.999469,12.999475002288818
4878,122.80537366867065,0.8700053,0.8700052499771118,5.960464477539063e-08,0.8700053095817566,12.999469,12.999475002288818
4879,122.83059883117676,0.8700053,0.8700052499771118,5.960464477539063e-08,0.8700053095817566,12.999469,12.999475002288818
4880,122.85573625564575,0.8700053,0.8700052499771118,5.960464477539063e-08,0.8700053095817566,12.999469,12.999475002288818
4881,122.88063788414001,0.8700053,0.8700052499771118,5.960464477539063e-08,0.8700053095817566,12.999469,12.999475002288818
4882,122.9066252708435,0.8700053,0.8700052499771118,5.960464477539063e-08,0.8700053095817566,12.999469,12.999475002288818
4883,122.93242478370667,0.8700053,0.8700052499771118,5.960464477539063e-08,0.8700053095817566,12.999469,12.999475002288818
4884,122.95776748657227,0.8700053,0.8700052499771118,5.960464477539063e-08,0.8700053095817566,12.999469,12.999475002288818
4885,122.98380494117737,0.8700053,0.8700052499771118,5.960464477539063e-08,0.8700053095817566,12.999469,12.999475002288818
4886,123.00881147384644,0.8700053,0.8700052499771118,5.960464477539063e-08,0.8700053095817566,12.999469,12.999475002288818
4887,123.03404188156128,0.8700053,0.8700052499771118,5.960464477539063e-08,0.8700053095817566,12.999469,12.999475002288818
4888,123.05869507789612,0.8700053,0.8700052499771118,5.960464477539063e-08,0.8700053095817566,12.999469,12.999475002288818
4889,123.08293581008911,0.8700053,0.8700052499771118,5.960464477539063e-08,0.8700053095817566,12.999469,12.999475002288818
4890,123.10701489448547,0.8700053,0.8700052499771118,5.960464477539063e-08,0.8700053095817566,12.999469,12.999475002288818
4891,123.13158130645752,0.8700053,0.8700052499771118,5.960464477539063e-08,0.8700053095817566,12.999469,12.999475002288818
4892,123.15710878372192,0.8700053,0.8700052499771118,5.960464477539063e-08,0.8700053095817566,12.999469,12.999475002288818
4893,123.18339157104492,0.8700053,0.8700052499771118,5.960464477539063e-08,0.8700053095817566,12.999469,12.999475002288818
4894,123.20820689201355,0.8700053,0.8700052499771118,5.960464477539063e-08,0.8700053095817566,12.999469,12.999475002288818
4895,123.23430109024048,0.8700053,0.8700052499771118,5.960464477539063e-08,0.8700053095817566,12.999469,12.999475002288818
4896,123.25924706459045,0.8700053,0.8700052499771118,5.960464477539063e-08,0.8700053095817566,12.999469,12.999475002288818
4897,123.28488254547119,0.8700053,0.8700052499771118,5.960464477539063e-08,0.8700053095817566,12.999469,12.999475002288818
4898,123.30995154380798,0.8700053,0.8700052499771118,5.960464477539063e-08,0.8700053095817566,12.999469,12.999475002288818
4899,123.33540844917297,0.8700053,0.8700052499771118,5.960464477539063e-08,0.8700053095817566,12.999469,12.999475002288818
4900,123.36030459403992,0.8700053,0.8700052499771118,5.960464477539063e-08,0.8700053095817566,12.999469,12.999475002288818
4901,123.38538384437561,0.8700053,0.8700052499771118,5.960464477539063e-08,0.8700053095817566,12.999469,12.999475002288818
4902,123.4111213684082,0.8700053,0.8700052499771118,5.960464477539063e-08,0.8700053095817566,12.999469,12.999475002288818
4903,123.43718647956848,0.8700053,0.8700052499771118,5.960464477539063e-08,0.8700053095817566,12.999469,12.999475002288818
4904,123.46202230453491,0.8700053,0.8700052499771118,5.960464477539063e-08,0.8700053095817566,12.999469,12.999475002288818
4905,123.48600125312805,0.8700053,0.8700052499771118,5.960464477539063e-08,0.8700053095817566,12.999469,12.999475002288818
4906,123.51142907142639,0.8700053,0.8700052499771118,5.960464477539063e-08,0.8700053095817566,12.999469,12.999475002288818
4907,123.53641939163208,0.8700053,0.8700052499771118,5.960464477539063e-08,0.8700053095817566,12.999469,12.999475002288818
4908,123.56226444244385,0.8700053,0.8700052499771118,5.960464477539063e-08,0.8700053095817566,12.999469,12.999475002288818
4909,123.5871729850769,0.8700053,0.8700052499771118,5.960464477539063e-08,0.8700053095817566,12.999469,12.999475002288818
4910,123.61248922348022,0.8700053,0.8700052499771118,5.960464477539063e-08,0.8700053095817566,12.999469,12.999475002288818
4911,123.63672804832458,0.8700053,0.8700052499771118,5.960464477539063e-08,0.8700053095817566,12.999469,12.999475002288818
4912,123.66235208511353,0.8700053,0.8700052499771118,5.960464477539063e-08,0.8700053095817566,12.999469,12.999475002288818
4913,123.68724346160889,0.8700053,0.8700052499771118,5.960464477539063e-08,0.8700053095817566,12.999469,12.999475002288818
4914,123.71238946914673,0.8700053,0.8700052499771118,5.960464477539063e-08,0.8700053095817566,12.999469,12.999475002288818
4915,123.73723888397217,0.8700053,0.8700052499771118,5.960464477539063e-08,0.8700053095817566,12.999469,12.999475002288818
4916,123.7629828453064,0.8700053,0.8700052499771118,5.960464477539063e-08,0.8700053095817566,12.999469,12.999475002288818
4917,123.78769183158875,0.8700053,0.8700052499771118,5.960464477539063e-08,0.8700053095817566,12.999469,12.999475002288818
4918,123.81250357627869,0.8700053,0.8700052499771118,5.960464477539063e-08,0.8700053095817566,12.999469,12.999475002288818
4919,123.83626008033752,0.8700053,0.8700052499771118,5.960464477539063e-08,0.8700053095817566,12.999469,12.999475002288818
4920,123.86223530769348,0.8700053,0.8700052499771118,5.960464477539063e-08,0.8700053095817566,12.999469,12.999475002288818
4921,123.88631129264832,0.8700053,0.8700052499771118,5.960464477539063e-08,0.8700053095817566,12.999469,12.999475002288818
4922,123.91115760803223,0.8700053,0.8700052499771118,5.960464477539063e-08,0.8700053095817566,12.999469,12.999475002288818
4923,123.9352355003357,0.8700053,0.8700052499771118,5.960464477539063e-08,0.8700053095817566,12.999469,12.999475002288818
4924,123.96034812927246,0.8700053,0.8700052499771118,5.960464477539063e-08,0.8700053095817566,12.999469,12.999475002288818
4925,123.98614501953125,0.8700053,0.8700052499771118,5.960464477539063e-08,0.8700053095817566,12.999469,12.999475002288818
4926,124.01142835617065,0.8700053,0.8700052499771118,5.960464477539063e-08,0.8700053095817566,12.999469,12.999475002288818
4927,124.03747963905334,0.8700053,0.8700052499771118,5.960464477539063e-08,0.8700053095817566,12.999469,12.999475002288818
4928,124.0621817111969,0.8700053,0.8700052499771118,5.960464477539063e-08,0.8700053095817566,12.999469,12.999475002288818
4929,124.0870590209961,0.8700053,0.8700052499771118,5.960464477539063e-08,0.8700053095817566,12.999469,12.999475002288818
4930,124.11123371124268,0.8700053,0.8700052499771118,5.960464477539063e-08,0.8700053095817566,12.999469,12.999475002288818
4931,124.1352059841156,0.8700053,0.8700052499771118,5.960464477539063e-08,0.8700053095817566,12.999469,12.999475002288818
4932,124.16060209274292,0.8700053,0.8700052499771118,5.960464477539063e-08,0.8700053095817566,12.999469,12.999475002288818
4933,124.18637132644653,0.8700053,0.8700052499771118,5.960464477539063e-08,0.8700053095817566,12.999469,12.999475002288818
4934,124.21185231208801,0.8700053,0.8700052499771118,5.960464477539063e-08,0.8700053095817566,12.999469,12.999475002288818
4935,124.23688316345215,0.8700053,0.8700052499771118,5.960464477539063e-08,0.8700053095817566,12.999469,12.999475002288818
4936,124.26229000091553,0.8700053,0.8700052499771118,5.960464477539063e-08,0.8700053095817566,12.999469,12.999475002288818
4937,124.2871470451355,0.8700053,0.8700052499771118,5.960464477539063e-08,0.8700053095817566,12.999469,12.999475002288818
4938,124.31257677078247,0.8700053,0.8700052499771118,5.960464477539063e-08,0.8700053095817566,12.999469,12.999475002288818
4939,124.33748602867126,0.8700053,0.8700052499771118,5.960464477539063e-08,0.8700053095817566,12.999469,12.999475002288818
4940,124.36255645751953,0.8700053,0.8700052499771118,5.960464477539063e-08,0.8700053095817566,12.999469,12.999475002288818
4941,124.38817763328552,0.8700053,0.8700052499771118,5.960464477539063e-08,0.8700053095817566,12.999469,12.999475002288818
4942,124.43641924858093,0.87021387,0.8669806122779846,0.0025029643438756466,0.8619567155838013,12.978613,13.301938772201538
4943,124.47006058692932,0.87021387,0.8691450357437134,0.0008242055191658437,0.8672600984573364,12.978613,13.085496425628662
4944,124.49597001075745,0.87021387,0.8698523044586182,0.00021638363250531256,0.8694310188293457,12.978613,13.014769554138184
4945,124.52269077301025,0.87021387,0.870048463344574,8.35279279272072e-05,0.8698893785476685,12.978613,12.995153665542603
4946,124.55014300346375,0.87021387,0.870110273361206,8.517561946064234e-05,0.870040237903595,12.978613,12.988972663879395
4947,124.57546019554138,0.87021387,0.8701885342597961,6.138039316283539e-05,0.870040237903595,12.978613,12.981146574020386
4948,124.60081434249878,0.87021387,0.8702138066291809,5.960464477539063e-08,0.8702138662338257,12.978613,12.97861933708191
4949,124.625253200531,0.87021387,0.8702138066291809,5.960464477539063e-08,0.8702138662338257,12.978613,12.97861933708191
4950,124.649911403656,0.87021387,0.8702138066291809,5.960464477539063e-08,0.8702138662338257,12.978613,12.97861933708191
4951,124.67442631721497,0.87021387,0.8702138066291809,5.960464477539063e-08,0.8702138662338257,12.978613,12.97861933708191
4952,124.69850897789001,0.87021387,0.8702138066291809,5.960464477539063e-08,0.8702138662338257,12.978613,12.97861933708191
4953,124.72330975532532,0.87021387,0.8702138066291809,5.960464477539063e-08,0.8702138662338257,12.978613,12.97861933708191
4954,124.74870252609253,0.87021387,0.8702138066291809,5.960464477539063e-08,0.8702138662338257,12.978613,12.97861933708191
4955,124.7736279964447,0.87021387,0.8702138066291809,5.960464477539063e-08,0.8702138662338257,12.978613,12.97861933708191
4956,124.79975461959839,0.87021387,0.8702138066291809,5.960464477539063e-08,0.8702138662338257,12.978613,12.97861933708191
4957,124.82472896575928,0.87021387,0.8702138066291809,5.960464477539063e-08,0.8702138662338257,12.978613,12.97861933708191
4958,124.84952449798584,0.87021387,0.8702138066291809,5.960464477539063e-08,0.8702138662338257,12.978613,12.97861933708191
4959,124.87464570999146,0.87021387,0.8702138066291809,5.960464477539063e-08,0.8702138662338257,12.978613,12.97861933708191
4960,124.89985632896423,0.87021387,0.8702138066291809,5.960464477539063e-08,0.8702138662338257,12.978613,12.97861933708191
4961,124.9251549243927,0.87021387,0.8702138066291809,5.960464477539063e-08,0.8702138662338257,12.978613,12.97861933708191
4962,124.9514856338501,0.87021387,0.8702138066291809,5.960464477539063e-08,0.8702138662338257,12.978613,12.97861933708191
4963,124.97626614570618,0.87021387,0.8702138066291809,5.960464477539063e-08,0.8702138662338257,12.978613,12.97861933708191
4964,125.00038123130798,0.87021387,0.8702138066291809,5.960464477539063e-08,0.8702138662338257,12.978613,12.97861933708191
4965,125.02496433258057,0.87021387,0.8702138066291809,5.960464477539063e-08,0.8702138662338257,12.978613,12.97861933708191
4966,125.0505051612854,0.87021387,0.8702138066291809,5.960464477539063e-08,0.8702138662338257,12.978613,12.97861933708191
4967,125.07599186897278,0.87021387,0.8702138066291809,5.960464477539063e-08,0.8702138662338257,12.978613,12.97861933708191
4968,125.10129451751709,0.87021387,0.8702138066291809,5.960464477539063e-08,0.8702138662338257,12.978613,12.97861933708191
4969,125.12618803977966,0.87021387,0.8702138066291809,5.960464477539063e-08,0.8702138662338257,12.978613,12.97861933708191
4970,125.15090084075928,0.87021387,0.8702138066291809,5.960464477539063e-08,0.8702138662338257,12.978613,12.97861933708191
4971,125.17632102966309,0.87021387,0.8702138066291809,5.960464477539063e-08,0.8702138662338257,12.978613,12.97861933708191
4972,125.2020812034607,0.87021387,0.8702138066291809,5.960464477539063e-08,0.8702138662338257,12.978613,12.97861933708191
4973,125.2273166179657,0.87021387,0.8702138066291809,5.960464477539063e-08,0.8702138662338257,12.978613,12.97861933708191
4974,125.25270175933838,0.87021387,0.8702138066291809,5.960464477539063e-08,0.8702138662338257,12.978613,12.97861933708191
4975,125.27798700332642,0.87021387,0.8702138066291809,5.960464477539063e-08,0.8702138662338257,12.978613,12.97861933708191
4976,125.30283784866333,0.87021387,0.8702138066291809,5.960464477539063e-08,0.8702138662338257,12.978613,12.97861933708191
4977,125.32767534255981,0.87021387,0.8702138066291809,5.960464477539063e-08,0.8702138662338257,12.978613,12.97861933708191
4978,125.35305047035217,0.87021387,0.8702138066291809,5.960464477539063e-08,0.8702138662338257,12.978613,12.97861933708191
4979,125.37808442115784,0.87021387,0.8702138066291809,5.960464477539063e-08,0.8702138662338257,12.978613,12.97861933708191
4980,125.40355515480042,0.87021387,0.8702138066291809,5.960464477539063e-08,0.8702138662338257,12.978613,12.97861933708191
4981,125.42913436889648,0.87021387,0.8702138066291809,5.960464477539063e-08,0.8702138662338257,12.978613,12.97861933708191
4982,125.45410561561584,0.87021387,0.8702138066291809,5.960464477539063e-08,0.8702138662338257,12.978613,12.97861933708191
4983,125.47901439666748,0.87021387,0.8702138066291809,5.960464477539063e-08,0.8702138662338257,12.978613,12.97861933708191
4984,125.50402665138245,0.87021387,0.8702138066291809,5.960464477539063e-08,0.8702138662338257,12.978613,12.97861933708191
4985,125.52853393554688,0.87021387,0.8702138066291809,5.960464477539063e-08,0.8702138662338257,12.978613,12.97861933708191
4986,125.55325770378113,0.87021387,0.8702138066291809,5.960464477539063e-08,0.8702138662338257,12.978613,12.97861933708191
4987,125.577791929245,0.87021387,0.8702138066291809,5.960464477539063e-08,0.8702138662338257,12.978613,12.97861933708191
4988,125.60324931144714,0.87021387,0.8702138066291809,5.960464477539063e-08,0.8702138662338257,12.978613,12.97861933708191
4989,125.62753939628601,0.87021387,0.8702138066291809,5.960464477539063e-08,0.8702138662338257,12.978613,12.97861933708191
4990,125.65227174758911,0.87021387,0.8702138066291809,5.960464477539063e-08,0.8702138662338257,12.978613,12.97861933708191
4991,125.67661333084106,0.87021387,0.8702138066291809,5.960464477539063e-08,0.8702138662338257,12.978613,12.97861933708191
4992,125.70112085342407,0.87021387,0.8702138066291809,5.960464477539063e-08,0.8702138662338257,12.978613,12.97861933708191
4993,125.726487159729,0.87021387,0.8702138066291809,5.960464477539063e-08,0.8702138662338257,12.978613,12.97861933708191
4994,125.75171566009521,0.87021387,0.8702138066291809,5.960464477539063e-08,0.8702138662338257,12.978613,12.97861933708191
4995,125.77677989006042,0.87021387,0.8702138066291809,5.960464477539063e-08,0.8702138662338257,12.978613,12.97861933708191
4996,125.80129194259644,0.87021387,0.8702138066291809,5.960464477539063e-08,0.8702138662338257,12.978613,12.97861933708191
4997,125.82576274871826,0.87021387,0.8702138066291809,5.960464477539063e-08,0.8702138662338257,12.978613,12.97861933708191
4998,125.85050368309021,0.87021387,0.8702138066291809,5.960464477539063e-08,0.8702138662338257,12.978613,12.97861933708191
4999,125.87608003616333,0.87021387,0.8702138066291809,5.960464477539063e-08,0.8702138662338257,12.978613,12.97861933708191
5000,125.90052556991577,0.87021387,0.8702138066291809,5.960464477539063e-08,0.8702138662338257,12.978613,12.97861933708191
5001,125.93295645713806,0.87021387,0.8702138066291809,5.960464477539063e-08,0.8702138662338257,12.978613,12.97861933708191
5002,125.95767569541931,0.87021387,0.8702138066291809,5.960464477539063e-08,0.8702138662338257,12.978613,12.97861933708191
5003,125.9835901260376,0.87021387,0.8702138066291809,5.960464477539063e-08,0.8702138662338257,12.978613,12.97861933708191
5004,126.0080394744873,0.87021387,0.8702138066291809,5.960464477539063e-08,0.8702138662338257,12.978613,12.97861933708191
5005,126.0337393283844,0.87021387,0.8702138066291809,5.960464477539063e-08,0.8702138662338257,12.978613,12.97861933708191
5006,126.05901098251343,0.87021387,0.8702138066291809,5.960464477539063e-08,0.8702138662338257,12.978613,12.97861933708191
5007,126.08489418029785,0.87021387,0.8702138066291809,5.960464477539063e-08,0.8702138662338257,12.978613,12.97861933708191
5008,126.10989332199097,0.87021387,0.8702138066291809,5.960464477539063e-08,0.8702138662338257,12.978613,12.97861933708191
5009,126.13536477088928,0.87021387,0.8702138066291809,5.960464477539063e-08,0.8702138662338257,12.978613,12.97861933708191
5010,126.15994954109192,0.87021387,0.8702138066291809,5.960464477539063e-08,0.8702138662338257,12.978613,12.97861933708191
5011,126.18469524383545,0.87021387,0.8702138066291809,5.960464477539063e-08,0.8702138662338257,12.978613,12.97861933708191
5012,126.2099096775055,0.87021387,0.8702138066291809,5.960464477539063e-08,0.8702138662338257,12.978613,12.97861933708191
5013,126.23404908180237,0.87021387,0.8702138066291809,5.960464477539063e-08,0.8702138662338257,12.978613,12.97861933708191
5014,126.25862002372742,0.87021387,0.8702138066291809,5.960464477539063e-08,0.8702138662338257,12.978613,12.97861933708191
5015,126.28366899490356,0.87021387,0.8702138066291809,5.960464477539063e-08,0.8702138662338257,12.978613,12.97861933708191
5016,126.3087329864502,0.87021387,0.8702138066291809,5.960464477539063e-08,0.8702138662338257,12.978613,12.97861933708191
5017,126.33386659622192,0.87021387,0.8702138066291809,5.960464477539063e-08,0.8702138662338257,12.978613,12.97861933708191
5018,126.35865497589111,0.87021387,0.8702138066291809,5.960464477539063e-08,0.8702138662338257,12.978613,12.97861933708191
5019,126.38516664505005,0.87021387,0.8702138066291809,5.960464477539063e-08,0.8702138662338257,12.978613,12.97861933708191
5020,126.42551159858704,0.87021387,0.8702138066291809,5.960464477539063e-08,0.8702138662338257,12.978613,12.97861933708191
5021,126.45428037643433,0.87021387,0.8702138066291809,5.960464477539063e-08,0.8702138662338257,12.978613,12.97861933708191
5022,126.48281145095825,0.87021387,0.8702138066291809,5.960464477539063e-08,0.8702138662338257,12.978613,12.97861933708191
5023,126.50781965255737,0.87021387,0.8702138066291809,5.960464477539063e-08,0.8702138662338257,12.978613,12.97861933708191
5024,126.53226065635681,0.87021387,0.8702138066291809,5.960464477539063e-08,0.8702138662338257,12.978613,12.97861933708191
5025,126.5562596321106,0.87021387,0.8702138066291809,5.960464477539063e-08,0.8702138662338257,12.978613,12.97861933708191
5026,126.58188724517822,0.87021387,0.8702138066291809,5.960464477539063e-08,0.8702138662338257,12.978613,12.97861933708191
5027,126.60645866394043,0.87021387,0.8702138066291809,5.960464477539063e-08,0.8702138662338257,12.978613,12.97861933708191
5028,126.63302636146545,0.87021387,0.8702138066291809,5.960464477539063e-08,0.8702138662338257,12.978613,12.97861933708191
5029,126.65755462646484,0.87021387,0.8702138066291809,5.960464477539063e-08,0.8702138662338257,12.978613,12.97861933708191
5030,126.6853518486023,0.87021387,0.8702138066291809,5.960464477539063e-08,0.8702138662338257,12.978613,12.97861933708191
5031,126.71021175384521,0.87021387,0.8702138066291809,5.960464477539063e-08,0.8702138662338257,12.978613,12.97861933708191
5032,126.73616313934326,0.87021387,0.8702138066291809,5.960464477539063e-08,0.8702138662338257,12.978613,12.97861933708191
5033,126.76052832603455,0.87021387,0.8702138066291809,5.960464477539063e-08,0.8702138662338257,12.978613,12.97861933708191
5034,126.78543663024902,0.87021387,0.8702138066291809,5.960464477539063e-08,0.8702138662338257,12.978613,12.97861933708191
5035,126.80993342399597,0.87021387,0.8702138066291809,5.960464477539063e-08,0.8702138662338257,12.978613,12.97861933708191
5036,126.83481884002686,0.87021387,0.8702138066291809,5.960464477539063e-08,0.8702138662338257,12.978613,12.97861933708191
5037,126.85962557792664,0.87021387,0.8702138066291809,5.960464477539063e-08,0.8702138662338257,12.978613,12.97861933708191
5038,126.88453078269958,0.87021387,0.8702138066291809,5.960464477539063e-08,0.8702138662338257,12.978613,12.97861933708191
5039,126.9087917804718,0.87021387,0.8702138066291809,5.960464477539063e-08,0.8702138662338257,12.978613,12.97861933708191
5040,126.93350458145142,0.87021387,0.8702138066291809,5.960464477539063e-08,0.8702138662338257,12.978613,12.97861933708191
5041,126.95905637741089,0.87021387,0.8702138066291809,5.960464477539063e-08,0.8702138662338257,12.978613,12.97861933708191
5042,126.9836859703064,0.87021387,0.8702138066291809,5.960464477539063e-08,0.8702138662338257,12.978613,12.97861933708191
5043,127.00793147087097,0.87021387,0.8702138066291809,5.960464477539063e-08,0.8702138662338257,12.978613,12.97861933708191
5044,127.03259921073914,0.87021387,0.8702138066291809,5.960464477539063e-08,0.8702138662338257,12.978613,12.97861933708191
5045,127.05823111534119,0.87021387,0.8702138066291809,5.960464477539063e-08,0.8702138662338257,12.978613,12.97861933708191
5046,127.08330035209656,0.87021387,0.8702138066291809,5.960464477539063e-08,0.8702138662338257,12.978613,12.97861933708191
5047,127.1082091331482,0.87021387,0.8702138066291809,5.960464477539063e-08,0.8702138662338257,12.978613,12.97861933708191
5048,127.1328992843628,0.87021387,0.8702138066291809,5.960464477539063e-08,0.8702138662338257,12.978613,12.97861933708191
5049,127.15805530548096,0.87021387,0.8702138066291809,5.960464477539063e-08,0.8702138662338257,12.978613,12.97861933708191
5050,127.18242239952087,0.87021387,0.8702138066291809,5.960464477539063e-08,0.8702138662338257,12.978613,12.97861933708191
5051,127.20746302604675,0.87021387,0.8702138066291809,5.960464477539063e-08,0.8702138662338257,12.978613,12.97861933708191
5052,127.23290252685547,0.87021387,0.8702138066291809,5.960464477539063e-08,0.8702138662338257,12.978613,12.97861933708191
5053,127.25740838050842,0.87021387,0.8702138066291809,5.960464477539063e-08,0.8702138662338257,12.978613,12.97861933708191
5054,127.28242540359497,0.87021387,0.8702138066291809,5.960464477539063e-08,0.8702138662338257,12.978613,12.97861933708191
5055,127.32737636566162,0.87021387,0.8667332530021667,0.002936340868473053,0.8599797487258911,12.978613,13.326674699783325
5056,127.35965991020203,0.87021387,0.8692107796669006,0.0008094215882010758,0.8674745559692383,12.978613,13.078922033309937
5057,127.38498973846436,0.87021387,0.869935929775238,0.0002789922582451254,0.8693923354148865,12.978613,13.006407022476196
5058,127.41018509864807,0.87021387,0.8701706528663635,5.830177542520687e-05,0.8700506687164307,12.978613,12.982934713363647
5059,127.43771243095398,0.87021387,0.8702138066291809,5.960464477539063e-08,0.8702138662338257,12.978613,12.97861933708191
5060,127.46305871009827,0.87021387,0.8702138066291809,5.960464477539063e-08,0.8702138662338257,12.978613,12.97861933708191
5061,127.4885630607605,0.87021387,0.8702138066291809,5.960464477539063e-08,0.8702138662338257,12.978613,12.97861933708191
5062,127.51366305351257,0.87021387,0.8702138066291809,5.960464477539063e-08,0.8702138662338257,12.978613,12.97861933708191
5063,127.53764748573303,0.87021387,0.8702138066291809,5.960464477539063e-08,0.8702138662338257,12.978613,12.97861933708191
5064,127.56274223327637,0.87021387,0.8702138066291809,5.960464477539063e-08,0.8702138662338257,12.978613,12.97861933708191
5065,127.58719801902771,0.87021387,0.8702138066291809,5.960464477539063e-08,0.8702138662338257,12.978613,12.97861933708191
5066,127.61340570449829,0.87021387,0.8702138066291809,5.960464477539063e-08,0.8702138662338257,12.978613,12.97861933708191
5067,127.63860940933228,0.87021387,0.8702138066291809,5.960464477539063e-08,0.8702138662338257,12.978613,12.97861933708191
5068,127.66377544403076,0.87021387,0.8702138066291809,5.960464477539063e-08,0.8702138662338257,12.978613,12.97861933708191
5069,127.68921780586243,0.87021387,0.8702138066291809,5.960464477539063e-08,0.8702138662338257,12.978613,12.97861933708191
5070,127.71356797218323,0.87021387,0.8702138066291809,5.960464477539063e-08,0.8702138662338257,12.978613,12.97861933708191
5071,127.73843383789062,0.87021387,0.8702138066291809,5.960464477539063e-08,0.8702138662338257,12.978613,12.97861933708191
5072,127.76381325721741,0.87021387,0.8702138066291809,5.960464477539063e-08,0.8702138662338257,12.978613,12.97861933708191
5073,127.78882789611816,0.87021387,0.8702138066291809,5.960464477539063e-08,0.8702138662338257,12.978613,12.97861933708191
5074,127.81337976455688,0.87021387,0.8702138066291809,5.960464477539063e-08,0.8702138662338257,12.978613,12.97861933708191
5075,127.83830785751343,0.87021387,0.8702138066291809,5.960464477539063e-08,0.8702138662338257,12.978613,12.97861933708191
5076,127.8628716468811,0.87021387,0.8702138066291809,5.960464477539063e-08,0.8702138662338257,12.978613,12.97861933708191
5077,127.88769507408142,0.87021387,0.8702138066291809,5.960464477539063e-08,0.8702138662338257,12.978613,12.97861933708191
5078,127.9132673740387,0.87021387,0.8702138066291809,5.960464477539063e-08,0.8702138662338257,12.978613,12.97861933708191
5079,127.9384753704071,0.87021387,0.8702138066291809,5.960464477539063e-08,0.8702138662338257,12.978613,12.97861933708191
5080,127.96289587020874,0.87021387,0.8702138066291809,5.960464477539063e-08,0.8702138662338257,12.978613,12.97861933708191
5081,127.987295627594,0.87021387,0.8702138066291809,5.960464477539063e-08,0.8702138662338257,12.978613,12.97861933708191
5082,128.01250076293945,0.87021387,0.8702138066291809,5.960464477539063e-08,0.8702138662338257,12.978613,12.97861933708191
5083,128.0374367237091,0.87021387,0.8702138066291809,5.960464477539063e-08,0.8702138662338257,12.978613,12.97861933708191
5084,128.06259274482727,0.87021387,0.8702138066291809,5.960464477539063e-08,0.8702138662338257,12.978613,12.97861933708191
5085,128.0868365764618,0.87021387,0.8702138066291809,5.960464477539063e-08,0.8702138662338257,12.978613,12.97861933708191
5086,128.11161279678345,0.87021387,0.8702138066291809,5.960464477539063e-08,0.8702138662338257,12.978613,12.97861933708191
5087,128.13676500320435,0.87021387,0.8702138066291809,5.960464477539063e-08,0.8702138662338257,12.978613,12.97861933708191
5088,128.16242837905884,0.87021387,0.8702138066291809,5.960464477539063e-08,0.8702138662338257,12.978613,12.97861933708191
5089,128.1870858669281,0.87021387,0.8702138066291809,5.960464477539063e-08,0.8702138662338257,12.978613,12.97861933708191
5090,128.2111918926239,0.87021387,0.8702138066291809,5.960464477539063e-08,0.8702138662338257,12.978613,12.97861933708191
5091,128.23672771453857,0.87021387,0.8702138066291809,5.960464477539063e-08,0.8702138662338257,12.978613,12.97861933708191
5092,128.26153206825256,0.87021387,0.8702138066291809,5.960464477539063e-08,0.8702138662338257,12.978613,12.97861933708191
5093,128.28685688972473,0.87021387,0.8702138066291809,5.960464477539063e-08,0.8702138662338257,12.978613,12.97861933708191
5094,128.31189250946045,0.87021387,0.8702138066291809,5.960464477539063e-08,0.8702138662338257,12.978613,12.97861933708191
5095,128.33620858192444,0.87021387,0.8702138066291809,5.960464477539063e-08,0.8702138662338257,12.978613,12.97861933708191
5096,128.3622968196869,0.87021387,0.8702138066291809,5.960464477539063e-08,0.8702138662338257,12.978613,12.97861933708191
5097,128.38844203948975,0.87021387,0.8702138066291809,5.960464477539063e-08,0.8702138662338257,12.978613,12.97861933708191
5098,128.414076089859,0.87021387,0.8702138066291809,5.960464477539063e-08,0.8702138662338257,12.978613,12.97861933708191
5099,128.4414496421814,0.87021387,0.8702138066291809,5.960464477539063e-08,0.8702138662338257,12.978613,12.97861933708191
5100,128.4674632549286,0.87021387,0.8702138066291809,5.960464477539063e-08,0.8702138662338257,12.978613,12.97861933708191
5101,128.49377512931824,0.87021387,0.8702138066291809,5.960464477539063e-08,0.8702138662338257,12.978613,12.97861933708191
5102,128.51915979385376,0.87021387,0.8702138066291809,5.960464477539063e-08,0.8702138662338257,12.978613,12.97861933708191
5103,128.54488015174866,0.87021387,0.8702138066291809,5.960464477539063e-08,0.8702138662338257,12.978613,12.97861933708191
5104,128.5703845024109,0.87021387,0.8702138066291809,5.960464477539063e-08,0.8702138662338257,12.978613,12.97861933708191
5105,128.59506559371948,0.87021387,0.8702138066291809,5.960464477539063e-08,0.8702138662338257,12.978613,12.97861933708191
5106,128.6202666759491,0.87021387,0.8702138066291809,5.960464477539063e-08,0.8702138662338257,12.978613,12.97861933708191
5107,128.64553880691528,0.87021387,0.8702138066291809,5.960464477539063e-08,0.8702138662338257,12.978613,12.97861933708191
5108,128.6704707145691,0.87021387,0.8702138066291809,5.960464477539063e-08,0.8702138662338257,12.978613,12.97861933708191
5109,128.69513964653015,0.87021387,0.8702138066291809,5.960464477539063e-08,0.8702138662338257,12.978613,12.97861933708191
5110,128.7213752269745,0.87021387,0.8702138066291809,5.960464477539063e-08,0.8702138662338257,12.978613,12.97861933708191
5111,128.7478244304657,0.87021387,0.8702138066291809,5.960464477539063e-08,0.8702138662338257,12.978613,12.97861933708191
5112,128.77465534210205,0.87021387,0.8702138066291809,5.960464477539063e-08,0.8702138662338257,12.978613,12.97861933708191
5113,128.8016631603241,0.87021387,0.8702138066291809,5.960464477539063e-08,0.8702138662338257,12.978613,12.97861933708191
5114,128.82831621170044,0.87021387,0.8702138066291809,5.960464477539063e-08,0.8702138662338257,12.978613,12.97861933708191
5115,128.85571908950806,0.87021387,0.8702138066291809,5.960464477539063e-08,0.8702138662338257,12.978613,12.97861933708191
5116,128.88314032554626,0.87021387,0.8702138066291809,5.960464477539063e-08,0.8702138662338257,12.978613,12.97861933708191
5117,128.90953159332275,0.87021387,0.8702138066291809,5.960464477539063e-08,0.8702138662338257,12.978613,12.97861933708191
5118,128.9351291656494,0.87021387,0.8702138066291809,5.960464477539063e-08,0.8702138662338257,12.978613,12.97861933708191
5119,128.96112966537476,0.87021387,0.8702138066291809,5.960464477539063e-08,0.8702138662338257,12.978613,12.97861933708191
5120,128.98673582077026,0.87021387,0.8702138066291809,5.960464477539063e-08,0.8702138662338257,12.978613,12.97861933708191
5121,129.01166892051697,0.87021387,0.8702138066291809,5.960464477539063e-08,0.8702138662338257,12.978613,12.97861933708191
5122,129.0379569530487,0.87021387,0.8702138066291809,5.960464477539063e-08,0.8702138662338257,12.978613,12.97861933708191
5123,129.06457352638245,0.87021387,0.8702138066291809,5.960464477539063e-08,0.8702138662338257,12.978613,12.97861933708191
5124,129.0906012058258,0.87021387,0.8702138066291809,5.960464477539063e-08,0.8702138662338257,12.978613,12.97861933708191
5125,129.11664843559265,0.87021387,0.8702138066291809,5.960464477539063e-08,0.8702138662338257,12.978613,12.97861933708191
5126,129.14300632476807,0.87021387,0.8702138066291809,5.960464477539063e-08,0.8702138662338257,12.978613,12.97861933708191
5127,129.16953659057617,0.87021387,0.8702138066291809,5.960464477539063e-08,0.8702138662338257,12.978613,12.97861933708191
5128,129.1952042579651,0.87021387,0.8702138066291809,5.960464477539063e-08,0.8702138662338257,12.978613,12.97861933708191
5129,129.2222502231598,0.87021387,0.8702138066291809,5.960464477539063e-08,0.8702138662338257,12.978613,12.97861933708191
5130,129.24926924705505,0.87021387,0.8702138066291809,5.960464477539063e-08,0.8702138662338257,12.978613,12.97861933708191
5131,129.27504229545593,0.87021387,0.8702138066291809,5.960464477539063e-08,0.8702138662338257,12.978613,12.97861933708191
5132,129.32334923744202,0.8702428,0.8672333359718323,0.0027833720669150352,0.8604505062103271,12.975722,13.276666402816772
5133,129.35595083236694,0.8702428,0.8696602582931519,0.0005803793319500983,0.8682444095611572,12.975722,13.033974170684814
5134,129.38115811347961,0.8702428,0.8701443076133728,9.504899935564026e-05,0.8699362874031067,12.975722,12.98556923866272
5135,129.4080536365509,0.8702428,0.8702306747436523,1.1704158168868162e-05,0.870211124420166,12.975722,12.976932525634766
5136,129.43370723724365,0.8702428,0.8702398538589478,4.762780463352101e-06,0.8702319860458374,12.975722,12.976014614105225
5137,129.46097087860107,0.8702428,0.870242714881897,5.960464477539063e-08,0.8702427744865417,12.975722,12.975728511810303
5138,129.4866271018982,0.8702428,0.870242714881897,5.960464477539063e-08,0.8702427744865417,12.975722,12.975728511810303
5139,129.51245379447937,0.8702428,0.870242714881897,5.960464477539063e-08,0.8702427744865417,12.975722,12.975728511810303
5140,129.53770446777344,0.8702428,0.870242714881897,5.960464477539063e-08,0.8702427744865417,12.975722,12.975728511810303
5141,129.5632927417755,0.8702428,0.870242714881897,5.960464477539063e-08,0.8702427744865417,12.975722,12.975728511810303
5142,129.5892186164856,0.8702428,0.870242714881897,5.960464477539063e-08,0.8702427744865417,12.975722,12.975728511810303
5143,129.61463737487793,0.8702428,0.870242714881897,5.960464477539063e-08,0.8702427744865417,12.975722,12.975728511810303
5144,129.63977766036987,0.8702428,0.870242714881897,5.960464477539063e-08,0.8702427744865417,12.975722,12.975728511810303
5145,129.66458654403687,0.8702428,0.870242714881897,5.960464477539063e-08,0.8702427744865417,12.975722,12.975728511810303
5146,129.68946838378906,0.8702428,0.870242714881897,5.960464477539063e-08,0.8702427744865417,12.975722,12.975728511810303
5147,129.71519422531128,0.8702428,0.870242714881897,5.960464477539063e-08,0.8702427744865417,12.975722,12.975728511810303
5148,129.74013566970825,0.8702428,0.870242714881897,5.960464477539063e-08,0.8702427744865417,12.975722,12.975728511810303
5149,129.76586890220642,0.8702428,0.870242714881897,5.960464477539063e-08,0.8702427744865417,12.975722,12.975728511810303
5150,129.79171895980835,0.8702428,0.870242714881897,5.960464477539063e-08,0.8702427744865417,12.975722,12.975728511810303
5151,129.81889009475708,0.8702428,0.870242714881897,5.960464477539063e-08,0.8702427744865417,12.975722,12.975728511810303
5152,129.84474682807922,0.8702428,0.870242714881897,5.960464477539063e-08,0.8702427744865417,12.975722,12.975728511810303
5153,129.87105250358582,0.8702428,0.870242714881897,5.960464477539063e-08,0.8702427744865417,12.975722,12.975728511810303
5154,129.89772081375122,0.8702428,0.870242714881897,5.960464477539063e-08,0.8702427744865417,12.975722,12.975728511810303
5155,129.92468810081482,0.8702428,0.870242714881897,5.960464477539063e-08,0.8702427744865417,12.975722,12.975728511810303
5156,129.95145916938782,0.8702428,0.870242714881897,5.960464477539063e-08,0.8702427744865417,12.975722,12.975728511810303
5157,129.98014497756958,0.8702428,0.870242714881897,5.960464477539063e-08,0.8702427744865417,12.975722,12.975728511810303
5158,130.00681853294373,0.8702428,0.870242714881897,5.960464477539063e-08,0.8702427744865417,12.975722,12.975728511810303
5159,130.03283405303955,0.8702428,0.870242714881897,5.960464477539063e-08,0.8702427744865417,12.975722,12.975728511810303
5160,130.0593011379242,0.8702428,0.870242714881897,5.960464477539063e-08,0.8702427744865417,12.975722,12.975728511810303
5161,130.08523416519165,0.8702428,0.870242714881897,5.960464477539063e-08,0.8702427744865417,12.975722,12.975728511810303
5162,130.11225414276123,0.8702428,0.870242714881897,5.960464477539063e-08,0.8702427744865417,12.975722,12.975728511810303
5163,130.1387083530426,0.8702428,0.870242714881897,5.960464477539063e-08,0.8702427744865417,12.975722,12.975728511810303
5164,130.16433572769165,0.8702428,0.870242714881897,5.960464477539063e-08,0.8702427744865417,12.975722,12.975728511810303
5165,130.19133806228638,0.8702428,0.870242714881897,5.960464477539063e-08,0.8702427744865417,12.975722,12.975728511810303
5166,130.21783924102783,0.8702428,0.870242714881897,5.960464477539063e-08,0.8702427744865417,12.975722,12.975728511810303
5167,130.24343729019165,0.8702428,0.870242714881897,5.960464477539063e-08,0.8702427744865417,12.975722,12.975728511810303
5168,130.26814532279968,0.8702428,0.870242714881897,5.960464477539063e-08,0.8702427744865417,12.975722,12.975728511810303
5169,130.29510021209717,0.8702428,0.870242714881897,5.960464477539063e-08,0.8702427744865417,12.975722,12.975728511810303
5170,130.3214626312256,0.8702428,0.870242714881897,5.960464477539063e-08,0.8702427744865417,12.975722,12.975728511810303
5171,130.34831595420837,0.8702428,0.870242714881897,5.960464477539063e-08,0.8702427744865417,12.975722,12.975728511810303
5172,130.37477803230286,0.8702428,0.870242714881897,5.960464477539063e-08,0.8702427744865417,12.975722,12.975728511810303
5173,130.40161108970642,0.8702428,0.870242714881897,5.960464477539063e-08,0.8702427744865417,12.975722,12.975728511810303
5174,130.42972207069397,0.8702428,0.870242714881897,5.960464477539063e-08,0.8702427744865417,12.975722,12.975728511810303
5175,130.4555003643036,0.8702428,0.870242714881897,5.960464477539063e-08,0.8702427744865417,12.975722,12.975728511810303
5176,130.48209428787231,0.8702428,0.870242714881897,5.960464477539063e-08,0.8702427744865417,12.975722,12.975728511810303
5177,130.50743436813354,0.8702428,0.870242714881897,5.960464477539063e-08,0.8702427744865417,12.975722,12.975728511810303
5178,130.53129482269287,0.8702428,0.870242714881897,5.960464477539063e-08,0.8702427744865417,12.975722,12.975728511810303
5179,130.55661058425903,0.8702428,0.870242714881897,5.960464477539063e-08,0.8702427744865417,12.975722,12.975728511810303
5180,130.5830636024475,0.8702428,0.870242714881897,5.960464477539063e-08,0.8702427744865417,12.975722,12.975728511810303
5181,130.60822319984436,0.8702428,0.870242714881897,5.960464477539063e-08,0.8702427744865417,12.975722,12.975728511810303
5182,130.6339602470398,0.8702428,0.870242714881897,5.960464477539063e-08,0.8702427744865417,12.975722,12.975728511810303
5183,130.65981817245483,0.8702428,0.870242714881897,5.960464477539063e-08,0.8702427744865417,12.975722,12.975728511810303
5184,130.68583703041077,0.8702428,0.870242714881897,5.960464477539063e-08,0.8702427744865417,12.975722,12.975728511810303
5185,130.71031308174133,0.8702428,0.870242714881897,5.960464477539063e-08,0.8702427744865417,12.975722,12.975728511810303
5186,130.73510241508484,0.8702428,0.870242714881897,5.960464477539063e-08,0.8702427744865417,12.975722,12.975728511810303
5187,130.75968837738037,0.8702428,0.870242714881897,5.960464477539063e-08,0.8702427744865417,12.975722,12.975728511810303
5188,130.78443241119385,0.8702428,0.870242714881897,5.960464477539063e-08,0.8702427744865417,12.975722,12.975728511810303
5189,130.80913257598877,0.8702428,0.870242714881897,5.960464477539063e-08,0.8702427744865417,12.975722,12.975728511810303
5190,130.8355143070221,0.8702428,0.870242714881897,5.960464477539063e-08,0.8702427744865417,12.975722,12.975728511810303
5191,130.86081862449646,0.8702428,0.870242714881897,5.960464477539063e-08,0.8702427744865417,12.975722,12.975728511810303
5192,130.88731503486633,0.8702428,0.870242714881897,5.960464477539063e-08,0.8702427744865417,12.975722,12.975728511810303
5193,130.9140965938568,0.8702428,0.870242714881897,5.960464477539063e-08,0.8702427744865417,12.975722,12.975728511810303
5194,130.94086933135986,0.8702428,0.870242714881897,5.960464477539063e-08,0.8702427744865417,12.975722,12.975728511810303
5195,130.96621131896973,0.8702428,0.870242714881897,5.960464477539063e-08,0.8702427744865417,12.975722,12.975728511810303
5196,130.99078369140625,0.8702428,0.870242714881897,5.960464477539063e-08,0.8702427744865417,12.975722,12.975728511810303
5197,131.01559901237488,0.8702428,0.870242714881897,5.960464477539063e-08,0.8702427744865417,12.975722,12.975728511810303
5198,131.0413887500763,0.8702428,0.870242714881897,5.960464477539063e-08,0.8702427744865417,12.975722,12.975728511810303
5199,131.06794619560242,0.8702428,0.870242714881897,5.960464477539063e-08,0.8702427744865417,12.975722,12.975728511810303
5200,131.0923388004303,0.8702428,0.870242714881897,5.960464477539063e-08,0.8702427744865417,12.975722,12.975728511810303
5201,131.11638879776,0.8702428,0.870242714881897,5.960464477539063e-08,0.8702427744865417,12.975722,12.975728511810303
5202,131.1422438621521,0.8702428,0.870242714881897,5.960464477539063e-08,0.8702427744865417,12.975722,12.975728511810303
5203,131.16725301742554,0.8702428,0.870242714881897,5.960464477539063e-08,0.8702427744865417,12.975722,12.975728511810303
5204,131.19275164604187,0.8702428,0.870242714881897,5.960464477539063e-08,0.8702427744865417,12.975722,12.975728511810303
5205,131.21661758422852,0.8702428,0.870242714881897,5.960464477539063e-08,0.8702427744865417,12.975722,12.975728511810303
5206,131.24111318588257,0.8702428,0.870242714881897,5.960464477539063e-08,0.8702427744865417,12.975722,12.975728511810303
5207,131.26705527305603,0.8702428,0.870242714881897,5.960464477539063e-08,0.8702427744865417,12.975722,12.975728511810303
5208,131.29185318946838,0.8702428,0.870242714881897,5.960464477539063e-08,0.8702427744865417,12.975722,12.975728511810303
5209,131.31664061546326,0.8702428,0.870242714881897,5.960464477539063e-08,0.8702427744865417,12.975722,12.975728511810303
5210,131.34107208251953,0.8702428,0.870242714881897,5.960464477539063e-08,0.8702427744865417,12.975722,12.975728511810303
5211,131.3667094707489,0.8702428,0.870242714881897,5.960464477539063e-08,0.8702427744865417,12.975722,12.975728511810303
5212,131.39194989204407,0.8702428,0.870242714881897,5.960464477539063e-08,0.8702427744865417,12.975722,12.975728511810303
5213,131.4165599346161,0.8702428,0.870242714881897,5.960464477539063e-08,0.8702427744865417,12.975722,12.975728511810303
5214,131.442364692688,0.8702428,0.870242714881897,5.960464477539063e-08,0.8702427744865417,12.975722,12.975728511810303
5215,131.46710538864136,0.8702428,0.870242714881897,5.960464477539063e-08,0.8702427744865417,12.975722,12.975728511810303
5216,131.4939239025116,0.8702428,0.870242714881897,5.960464477539063e-08,0.8702427744865417,12.975722,12.975728511810303
5217,131.51964330673218,0.8702428,0.870242714881897,5.960464477539063e-08,0.8702427744865417,12.975722,12.975728511810303
5218,131.54363179206848,0.8702428,0.870242714881897,5.960464477539063e-08,0.8702427744865417,12.975722,12.975728511810303
5219,131.56892442703247,0.8702428,0.870242714881897,5.960464477539063e-08,0.8702427744865417,12.975722,12.975728511810303
5220,131.5934660434723,0.8702428,0.870242714881897,5.960464477539063e-08,0.8702427744865417,12.975722,12.975728511810303
5221,131.61790657043457,0.8702428,0.870242714881897,5.960464477539063e-08,0.8702427744865417,12.975722,12.975728511810303
5222,131.64408421516418,0.8702428,0.870242714881897,5.960464477539063e-08,0.8702427744865417,12.975722,12.975728511810303
5223,131.66945481300354,0.8702428,0.870242714881897,5.960464477539063e-08,0.8702427744865417,12.975722,12.975728511810303
5224,131.69382905960083,0.8702428,0.870242714881897,5.960464477539063e-08,0.8702427744865417,12.975722,12.975728511810303
5225,131.71813344955444,0.8702428,0.870242714881897,5.960464477539063e-08,0.8702427744865417,12.975722,12.975728511810303
5226,131.74250960350037,0.8702428,0.870242714881897,5.960464477539063e-08,0.8702427744865417,12.975722,12.975728511810303
5227,131.76742911338806,0.8702428,0.870242714881897,5.960464477539063e-08,0.8702427744865417,12.975722,12.975728511810303
5228,131.7922387123108,0.8702428,0.870242714881897,5.960464477539063e-08,0.8702427744865417,12.975722,12.975728511810303
5229,131.81669330596924,0.8702428,0.870242714881897,5.960464477539063e-08,0.8702427744865417,12.975722,12.975728511810303
5230,131.8409240245819,0.8702428,0.870242714881897,5.960464477539063e-08,0.8702427744865417,12.975722,12.975728511810303
5231,131.86597990989685,0.8702428,0.870242714881897,5.960464477539063e-08,0.8702427744865417,12.975722,12.975728511810303
5232,131.89135837554932,0.8702428,0.870242714881897,5.960464477539063e-08,0.8702427744865417,12.975722,12.975728511810303
5233,131.91681170463562,0.8702428,0.870242714881897,5.960464477539063e-08,0.8702427744865417,12.975722,12.975728511810303
5234,131.9423611164093,0.8702428,0.870242714881897,5.960464477539063e-08,0.8702427744865417,12.975722,12.975728511810303
5235,131.96773028373718,0.8702428,0.870242714881897,5.960464477539063e-08,0.8702427744865417,12.975722,12.975728511810303
5236,131.9924054145813,0.8702428,0.870242714881897,5.960464477539063e-08,0.8702427744865417,12.975722,12.975728511810303
5237,132.016850233078,0.8702428,0.870242714881897,5.960464477539063e-08,0.8702427744865417,12.975722,12.975728511810303
5238,132.04187846183777,0.8702428,0.870242714881897,5.960464477539063e-08,0.8702427744865417,12.975722,12.975728511810303
5239,132.06903672218323,0.8702428,0.870242714881897,5.960464477539063e-08,0.8702427744865417,12.975722,12.975728511810303
5240,132.0938925743103,0.8702428,0.870242714881897,5.960464477539063e-08,0.8702427744865417,12.975722,12.975728511810303
5241,132.1187710762024,0.8702428,0.870242714881897,5.960464477539063e-08,0.8702427744865417,12.975722,12.975728511810303
5242,132.1432077884674,0.8702428,0.870242714881897,5.960464477539063e-08,0.8702427744865417,12.975722,12.975728511810303
5243,132.1687035560608,0.8702428,0.870242714881897,5.960464477539063e-08,0.8702427744865417,12.975722,12.975728511810303
5244,132.19351887702942,0.8702428,0.870242714881897,5.960464477539063e-08,0.8702427744865417,12.975722,12.975728511810303
5245,132.21815395355225,0.8702428,0.870242714881897,5.960464477539063e-08,0.8702427744865417,12.975722,12.975728511810303
5246,132.24228620529175,0.8702428,0.870242714881897,5.960464477539063e-08,0.8702427744865417,12.975722,12.975728511810303
5247,132.267187833786,0.8702428,0.870242714881897,5.960464477539063e-08,0.8702427744865417,12.975722,12.975728511810303
5248,132.29201745986938,0.8702428,0.870242714881897,5.960464477539063e-08,0.8702427744865417,12.975722,12.975728511810303
5249,132.31631302833557,0.8702428,0.870242714881897,5.960464477539063e-08,0.8702427744865417,12.975722,12.975728511810303
5250,132.34088516235352,0.8702428,0.870242714881897,5.960464477539063e-08,0.8702427744865417,12.975722,12.975728511810303
5251,132.36581087112427,0.8702428,0.870242714881897,5.960464477539063e-08,0.8702427744865417,12.975722,12.975728511810303
5252,132.39137172698975,0.8702428,0.870242714881897,5.960464477539063e-08,0.8702427744865417,12.975722,12.975728511810303
5253,132.41616892814636,0.8702428,0.870242714881897,5.960464477539063e-08,0.8702427744865417,12.975722,12.975728511810303
5254,132.44045281410217,0.8702428,0.870242714881897,5.960464477539063e-08,0.8702427744865417,12.975722,12.975728511810303
5255,132.46484971046448,0.8702428,0.870242714881897,5.960464477539063e-08,0.8702427744865417,12.975722,12.975728511810303
5256,132.48960661888123,0.8702428,0.870242714881897,5.960464477539063e-08,0.8702427744865417,12.975722,12.975728511810303
5257,132.51438689231873,0.8702428,0.870242714881897,5.960464477539063e-08,0.8702427744865417,12.975722,12.975728511810303
5258,132.53875756263733,0.8702428,0.870242714881897,5.960464477539063e-08,0.8702427744865417,12.975722,12.975728511810303
5259,132.56405901908875,0.8702428,0.870242714881897,5.960464477539063e-08,0.8702427744865417,12.975722,12.975728511810303
5260,132.5884726047516,0.8702428,0.870242714881897,5.960464477539063e-08,0.8702427744865417,12.975722,12.975728511810303
5261,132.61385989189148,0.8702428,0.870242714881897,5.960464477539063e-08,0.8702427744865417,12.975722,12.975728511810303
5262,132.63854956626892,0.8702428,0.870242714881897,5.960464477539063e-08,0.8702427744865417,12.975722,12.975728511810303
5263,132.66285300254822,0.8702428,0.870242714881897,5.960464477539063e-08,0.8702427744865417,12.975722,12.975728511810303
5264,132.68728613853455,0.8702428,0.870242714881897,5.960464477539063e-08,0.8702427744865417,12.975722,12.975728511810303
5265,132.7124469280243,0.8702428,0.870242714881897,5.960464477539063e-08,0.8702427744865417,12.975722,12.975728511810303
5266,132.7369155883789,0.8702428,0.870242714881897,5.960464477539063e-08,0.8702427744865417,12.975722,12.975728511810303
5267,132.7618887424469,0.8702428,0.870242714881897,5.960464477539063e-08,0.8702427744865417,12.975722,12.975728511810303
5268,132.78700184822083,0.8702428,0.870242714881897,5.960464477539063e-08,0.8702427744865417,12.975722,12.975728511810303
5269,132.81151032447815,0.8702428,0.870242714881897,5.960464477539063e-08,0.8702427744865417,12.975722,12.975728511810303
5270,132.836590051651,0.8702428,0.870242714881897,5.960464477539063e-08,0.8702427744865417,12.975722,12.975728511810303
5271,132.8614935874939,0.8702428,0.870242714881897,5.960464477539063e-08,0.8702427744865417,12.975722,12.975728511810303
5272,132.8875379562378,0.8702428,0.870242714881897,5.960464477539063e-08,0.8702427744865417,12.975722,12.975728511810303
5273,132.9125554561615,0.8702428,0.870242714881897,5.960464477539063e-08,0.8702427744865417,12.975722,12.975728511810303
5274,132.93801856040955,0.8702428,0.870242714881897,5.960464477539063e-08,0.8702427744865417,12.975722,12.975728511810303
5275,132.96395778656006,0.8702428,0.870242714881897,5.960464477539063e-08,0.8702427744865417,12.975722,12.975728511810303
5276,132.9900472164154,0.8702428,0.870242714881897,5.960464477539063e-08,0.8702427744865417,12.975722,12.975728511810303
5277,133.01683235168457,0.8702428,0.870242714881897,5.960464477539063e-08,0.8702427744865417,12.975722,12.975728511810303
5278,133.0435607433319,0.8702428,0.870242714881897,5.960464477539063e-08,0.8702427744865417,12.975722,12.975728511810303
5279,133.0690884590149,0.8702428,0.870242714881897,5.960464477539063e-08,0.8702427744865417,12.975722,12.975728511810303
5280,133.09489822387695,0.8702428,0.870242714881897,5.960464477539063e-08,0.8702427744865417,12.975722,12.975728511810303
5281,133.119731426239,0.8702428,0.870242714881897,5.960464477539063e-08,0.8702427744865417,12.975722,12.975728511810303
5282,133.14398622512817,0.8702428,0.870242714881897,5.960464477539063e-08,0.8702427744865417,12.975722,12.975728511810303
5283,133.16921544075012,0.8702428,0.870242714881897,5.960464477539063e-08,0.8702427744865417,12.975722,12.975728511810303
5284,133.19326329231262,0.8702428,0.870242714881897,5.960464477539063e-08,0.8702427744865417,12.975722,12.975728511810303
5285,133.21808791160583,0.8702428,0.870242714881897,5.960464477539063e-08,0.8702427744865417,12.975722,12.975728511810303
5286,133.2445466518402,0.8702428,0.870242714881897,5.960464477539063e-08,0.8702427744865417,12.975722,12.975728511810303
5287,133.26964807510376,0.8702428,0.870242714881897,5.960464477539063e-08,0.8702427744865417,12.975722,12.975728511810303
5288,133.29516172409058,0.8702428,0.870242714881897,5.960464477539063e-08,0.8702427744865417,12.975722,12.975728511810303
5289,133.32028365135193,0.8702428,0.870242714881897,5.960464477539063e-08,0.8702427744865417,12.975722,12.975728511810303
5290,133.34467482566833,0.8702428,0.870242714881897,5.960464477539063e-08,0.8702427744865417,12.975722,12.975728511810303
5291,133.37022233009338,0.8702428,0.870242714881897,5.960464477539063e-08,0.8702427744865417,12.975722,12.975728511810303
5292,133.39590430259705,0.8702428,0.870242714881897,5.960464477539063e-08,0.8702427744865417,12.975722,12.975728511810303
5293,133.42001152038574,0.8702428,0.870242714881897,5.960464477539063e-08,0.8702427744865417,12.975722,12.975728511810303
5294,133.44610810279846,0.8702428,0.870242714881897,5.960464477539063e-08,0.8702427744865417,12.975722,12.975728511810303
5295,133.4711594581604,0.8702428,0.870242714881897,5.960464477539063e-08,0.8702427744865417,12.975722,12.975728511810303
5296,133.49498343467712,0.8702428,0.870242714881897,5.960464477539063e-08,0.8702427744865417,12.975722,12.975728511810303
5297,133.51993012428284,0.8702428,0.870242714881897,5.960464477539063e-08,0.8702427744865417,12.975722,12.975728511810303
5298,133.54564809799194,0.8702428,0.870242714881897,5.960464477539063e-08,0.8702427744865417,12.975722,12.975728511810303
5299,133.57112073898315,0.8702428,0.870242714881897,5.960464477539063e-08,0.8702427744865417,12.975722,12.975728511810303
5300,133.59738492965698,0.8702428,0.870242714881897,5.960464477539063e-08,0.8702427744865417,12.975722,12.975728511810303
5301,133.62328505516052,0.8702428,0.870242714881897,5.960464477539063e-08,0.8702427744865417,12.975722,12.975728511810303
5302,133.64720797538757,0.8702428,0.870242714881897,5.960464477539063e-08,0.8702427744865417,12.975722,12.975728511810303
5303,133.6730580329895,0.8702428,0.870242714881897,5.960464477539063e-08,0.8702427744865417,12.975722,12.975728511810303
5304,133.69864678382874,0.8702428,0.870242714881897,5.960464477539063e-08,0.8702427744865417,12.975722,12.975728511810303
5305,133.7232038974762,0.8702428,0.870242714881897,5.960464477539063e-08,0.8702427744865417,12.975722,12.975728511810303
5306,133.74710822105408,0.8702428,0.870242714881897,5.960464477539063e-08,0.8702427744865417,12.975722,12.975728511810303
5307,133.77209448814392,0.8702428,0.870242714881897,5.960464477539063e-08,0.8702427744865417,12.975722,12.975728511810303
5308,133.7973256111145,0.8702428,0.870242714881897,5.960464477539063e-08,0.8702427744865417,12.975722,12.975728511810303
5309,133.8229625225067,0.8702428,0.870242714881897,5.960464477539063e-08,0.8702427744865417,12.975722,12.975728511810303
5310,133.847754240036,0.8702428,0.870242714881897,5.960464477539063e-08,0.8702427744865417,12.975722,12.975728511810303
5311,133.87494921684265,0.8702428,0.870242714881897,5.960464477539063e-08,0.8702427744865417,12.975722,12.975728511810303
5312,133.9005091190338,0.8702428,0.870242714881897,5.960464477539063e-08,0.8702427744865417,12.975722,12.975728511810303
5313,133.92502999305725,0.8702428,0.870242714881897,5.960464477539063e-08,0.8702427744865417,12.975722,12.975728511810303
5314,133.9501495361328,0.8702428,0.870242714881897,5.960464477539063e-08,0.8702427744865417,12.975722,12.975728511810303
5315,133.9744372367859,0.8702428,0.870242714881897,5.960464477539063e-08,0.8702427744865417,12.975722,12.975728511810303
5316,134.0000283718109,0.8702428,0.870242714881897,5.960464477539063e-08,0.8702427744865417,12.975722,12.975728511810303
5317,134.02430152893066,0.8702428,0.870242714881897,5.960464477539063e-08,0.8702427744865417,12.975722,12.975728511810303
5318,134.05015420913696,0.8702428,0.870242714881897,5.960464477539063e-08,0.8702427744865417,12.975722,12.975728511810303
5319,134.07511353492737,0.8702428,0.870242714881897,5.960464477539063e-08,0.8702427744865417,12.975722,12.975728511810303
5320,134.10102701187134,0.8702428,0.870242714881897,5.960464477539063e-08,0.8702427744865417,12.975722,12.975728511810303
5321,134.1255123615265,0.8702428,0.870242714881897,5.960464477539063e-08,0.8702427744865417,12.975722,12.975728511810303
5322,134.15057110786438,0.8702428,0.870242714881897,5.960464477539063e-08,0.8702427744865417,12.975722,12.975728511810303
5323,134.17534112930298,0.8702428,0.870242714881897,5.960464477539063e-08,0.8702427744865417,12.975722,12.975728511810303
5324,134.20055484771729,0.8702428,0.870242714881897,5.960464477539063e-08,0.8702427744865417,12.975722,12.975728511810303
5325,134.22729587554932,0.8702428,0.870242714881897,5.960464477539063e-08,0.8702427744865417,12.975722,12.975728511810303
5326,134.25202798843384,0.8702428,0.870242714881897,5.960464477539063e-08,0.8702427744865417,12.975722,12.975728511810303
5327,134.27734279632568,0.8702428,0.870242714881897,5.960464477539063e-08,0.8702427744865417,12.975722,12.975728511810303
5328,134.30300116539001,0.8702428,0.870242714881897,5.960464477539063e-08,0.8702427744865417,12.975722,12.975728511810303
5329,134.32735753059387,0.8702428,0.870242714881897,5.960464477539063e-08,0.8702427744865417,12.975722,12.975728511810303
5330,134.35255026817322,0.8702428,0.870242714881897,5.960464477539063e-08,0.8702427744865417,12.975722,12.975728511810303
5331,134.37747526168823,0.8702428,0.870242714881897,5.960464477539063e-08,0.8702427744865417,12.975722,12.975728511810303
5332,134.40435409545898,0.8702428,0.870242714881897,5.960464477539063e-08,0.8702427744865417,12.975722,12.975728511810303
5333,134.4306492805481,0.8702428,0.870242714881897,5.960464477539063e-08,0.8702427744865417,12.975722,12.975728511810303
5334,134.45609784126282,0.8702428,0.870242714881897,5.960464477539063e-08,0.8702427744865417,12.975722,12.975728511810303
5335,134.48203659057617,0.8702428,0.870242714881897,5.960464477539063e-08,0.8702427744865417,12.975722,12.975728511810303
5336,134.50853967666626,0.8702428,0.870242714881897,5.960464477539063e-08,0.8702427744865417,12.975722,12.975728511810303
5337,134.53413820266724,0.8702428,0.870242714881897,5.960464477539063e-08,0.8702427744865417,12.975722,12.975728511810303
5338,134.55840945243835,0.8702428,0.870242714881897,5.960464477539063e-08,0.8702427744865417,12.975722,12.975728511810303
5339,134.58337903022766,0.8702428,0.870242714881897,5.960464477539063e-08,0.8702427744865417,12.975722,12.975728511810303
5340,134.60849785804749,0.8702428,0.870242714881897,5.960464477539063e-08,0.8702427744865417,12.975722,12.975728511810303
5341,134.6335117816925,0.8702428,0.870242714881897,5.960464477539063e-08,0.8702427744865417,12.975722,12.975728511810303
5342,134.6578848361969,0.8702428,0.870242714881897,5.960464477539063e-08,0.8702427744865417,12.975722,12.975728511810303
5343,134.68349170684814,0.8702428,0.870242714881897,5.960464477539063e-08,0.8702427744865417,12.975722,12.975728511810303
5344,134.70813155174255,0.8702428,0.870242714881897,5.960464477539063e-08,0.8702427744865417,12.975722,12.975728511810303
5345,134.73346662521362,0.8702428,0.870242714881897,5.960464477539063e-08,0.8702427744865417,12.975722,12.975728511810303
5346,134.75830221176147,0.8702428,0.870242714881897,5.960464477539063e-08,0.8702427744865417,12.975722,12.975728511810303
5347,134.7845437526703,0.8702428,0.870242714881897,5.960464477539063e-08,0.8702427744865417,12.975722,12.975728511810303
5348,134.80952525138855,0.8702428,0.870242714881897,5.960464477539063e-08,0.8702427744865417,12.975722,12.975728511810303
5349,134.83497214317322,0.8702428,0.870242714881897,5.960464477539063e-08,0.8702427744865417,12.975722,12.975728511810303
5350,134.86109447479248,0.8702428,0.870242714881897,5.960464477539063e-08,0.8702427744865417,12.975722,12.975728511810303
5351,134.88620734214783,0.8702428,0.870242714881897,5.960464477539063e-08,0.8702427744865417,12.975722,12.975728511810303
5352,134.9117043018341,0.8702428,0.870242714881897,5.960464477539063e-08,0.8702427744865417,12.975722,12.975728511810303
5353,134.93703246116638,0.8702428,0.870242714881897,5.960464477539063e-08,0.8702427744865417,12.975722,12.975728511810303
5354,134.963059425354,0.8702428,0.870242714881897,5.960464477539063e-08,0.8702427744865417,12.975722,12.975728511810303
5355,134.98844957351685,0.8702428,0.870242714881897,5.960464477539063e-08,0.8702427744865417,12.975722,12.975728511810303
5356,135.01347017288208,0.8702428,0.870242714881897,5.960464477539063e-08,0.8702427744865417,12.975722,12.975728511810303
5357,135.03875303268433,0.8702428,0.870242714881897,5.960464477539063e-08,0.8702427744865417,12.975722,12.975728511810303
5358,135.06364369392395,0.8702428,0.870242714881897,5.960464477539063e-08,0.8702427744865417,12.975722,12.975728511810303
5359,135.08942532539368,0.8702428,0.870242714881897,5.960464477539063e-08,0.8702427744865417,12.975722,12.975728511810303
5360,135.11561274528503,0.8702428,0.870242714881897,5.960464477539063e-08,0.8702427744865417,12.975722,12.975728511810303
5361,135.14248323440552,0.8702428,0.870242714881897,5.960464477539063e-08,0.8702427744865417,12.975722,12.975728511810303
5362,135.16850972175598,0.8702428,0.870242714881897,5.960464477539063e-08,0.8702427744865417,12.975722,12.975728511810303
5363,135.19402384757996,0.8702428,0.870242714881897,5.960464477539063e-08,0.8702427744865417,12.975722,12.975728511810303
5364,135.218421459198,0.8702428,0.870242714881897,5.960464477539063e-08,0.8702427744865417,12.975722,12.975728511810303
5365,135.2450315952301,0.8702428,0.870242714881897,5.960464477539063e-08,0.8702427744865417,12.975722,12.975728511810303
5366,135.27009963989258,0.8702428,0.870242714881897,5.960464477539063e-08,0.8702427744865417,12.975722,12.975728511810303
5367,135.29532599449158,0.8702428,0.870242714881897,5.960464477539063e-08,0.8702427744865417,12.975722,12.975728511810303
5368,135.32067942619324,0.8702428,0.870242714881897,5.960464477539063e-08,0.8702427744865417,12.975722,12.975728511810303
5369,135.3452124595642,0.8702428,0.870242714881897,5.960464477539063e-08,0.8702427744865417,12.975722,12.975728511810303
5370,135.36985182762146,0.8702428,0.870242714881897,5.960464477539063e-08,0.8702427744865417,12.975722,12.975728511810303
5371,135.3954405784607,0.8702428,0.870242714881897,5.960464477539063e-08,0.8702427744865417,12.975722,12.975728511810303
5372,135.42042899131775,0.8702428,0.870242714881897,5.960464477539063e-08,0.8702427744865417,12.975722,12.975728511810303
5373,135.44522619247437,0.8702428,0.870242714881897,5.960464477539063e-08,0.8702427744865417,12.975722,12.975728511810303
5374,135.470534324646,0.8702428,0.870242714881897,5.960464477539063e-08,0.8702427744865417,12.975722,12.975728511810303
5375,135.49485087394714,0.8702428,0.870242714881897,5.960464477539063e-08,0.8702427744865417,12.975722,12.975728511810303
5376,135.5194227695465,0.8702428,0.870242714881897,5.960464477539063e-08,0.8702427744865417,12.975722,12.975728511810303
5377,135.5446331501007,0.8702428,0.870242714881897,5.960464477539063e-08,0.8702427744865417,12.975722,12.975728511810303
5378,135.56966018676758,0.8702428,0.870242714881897,5.960464477539063e-08,0.8702427744865417,12.975722,12.975728511810303
5379,135.59506106376648,0.8702428,0.870242714881897,5.960464477539063e-08,0.8702427744865417,12.975722,12.975728511810303
5380,135.62025547027588,0.8702428,0.870242714881897,5.960464477539063e-08,0.8702427744865417,12.975722,12.975728511810303
5381,135.64437460899353,0.8702428,0.870242714881897,5.960464477539063e-08,0.8702427744865417,12.975722,12.975728511810303
5382,135.6685025691986,0.8702428,0.870242714881897,5.960464477539063e-08,0.8702427744865417,12.975722,12.975728511810303
5383,135.69356775283813,0.8702428,0.870242714881897,5.960464477539063e-08,0.8702427744865417,12.975722,12.975728511810303
5384,135.71850442886353,0.8702428,0.870242714881897,5.960464477539063e-08,0.8702427744865417,12.975722,12.975728511810303
5385,135.7429780960083,0.8702428,0.870242714881897,5.960464477539063e-08,0.8702427744865417,12.975722,12.975728511810303
5386,135.7675976753235,0.8702428,0.870242714881897,5.960464477539063e-08,0.8702427744865417,12.975722,12.975728511810303
5387,135.7924358844757,0.8702428,0.870242714881897,5.960464477539063e-08,0.8702427744865417,12.975722,12.975728511810303
5388,135.8172037601471,0.8702428,0.870242714881897,5.960464477539063e-08,0.8702427744865417,12.975722,12.975728511810303
5389,135.84198212623596,0.8702428,0.870242714881897,5.960464477539063e-08,0.8702427744865417,12.975722,12.975728511810303
5390,135.86695837974548,0.8702428,0.870242714881897,5.960464477539063e-08,0.8702427744865417,12.975722,12.975728511810303
5391,135.8912694454193,0.8702428,0.870242714881897,5.960464477539063e-08,0.8702427744865417,12.975722,12.975728511810303
5392,135.91594648361206,0.8702428,0.870242714881897,5.960464477539063e-08,0.8702427744865417,12.975722,12.975728511810303
5393,135.94051122665405,0.8702428,0.870242714881897,5.960464477539063e-08,0.8702427744865417,12.975722,12.975728511810303
5394,135.965270280838,0.8702428,0.870242714881897,5.960464477539063e-08,0.8702427744865417,12.975722,12.975728511810303
5395,135.9916956424713,0.8702428,0.870242714881897,5.960464477539063e-08,0.8702427744865417,12.975722,12.975728511810303
5396,136.01674246788025,0.8702428,0.870242714881897,5.960464477539063e-08,0.8702427744865417,12.975722,12.975728511810303
5397,136.0417881011963,0.8702428,0.870242714881897,5.960464477539063e-08,0.8702427744865417,12.975722,12.975728511810303
5398,136.06737565994263,0.8702428,0.870242714881897,5.960464477539063e-08,0.8702427744865417,12.975722,12.975728511810303
5399,136.09325695037842,0.8702428,0.870242714881897,5.960464477539063e-08,0.8702427744865417,12.975722,12.975728511810303
5400,136.11892890930176,0.8702428,0.870242714881897,5.960464477539063e-08,0.8702427744865417,12.975722,12.975728511810303
5401,136.1434519290924,0.8702428,0.870242714881897,5.960464477539063e-08,0.8702427744865417,12.975722,12.975728511810303
5402,136.1679549217224,0.8702428,0.870242714881897,5.960464477539063e-08,0.8702427744865417,12.975722,12.975728511810303
5403,136.19346046447754,0.8702428,0.870242714881897,5.960464477539063e-08,0.8702427744865417,12.975722,12.975728511810303
5404,136.21774172782898,0.8702428,0.870242714881897,5.960464477539063e-08,0.8702427744865417,12.975722,12.975728511810303
5405,136.26391673088074,0.8703653,0.8665014505386353,0.003496941179037094,0.8585672974586487,12.963468,13.349854946136475
5406,136.29602599143982,0.8703653,0.8694857358932495,0.0007062453078106046,0.8678081035614014,12.963468,13.051426410675049
5407,136.320969581604,0.8703653,0.870061457157135,0.00018810323672369123,0.8697218894958496,12.963468,12.993854284286499
5408,136.3469591140747,0.8703653,0.8702301383018494,0.00011190673831151798,0.8700507879257202,12.963468,12.976986169815063
5409,136.37334322929382,0.8703653,0.8703343272209167,5.316216993378475e-05,0.8702427744865417,12.963468,12.966567277908325
5410,136.39982151985168,0.8703653,0.8703652024269104,1.1920928955078125e-07,0.8703653216362,12.963468,12.96347975730896
5411,136.43381428718567,0.8703653,0.8703652024269104,1.1920928955078125e-07,0.8703653216362,12.963468,12.96347975730896
5412,136.46682286262512,0.8703653,0.8703652024269104,1.1920928955078125e-07,0.8703653216362,12.963468,12.96347975730896
5413,136.49708032608032,0.8703653,0.8703652024269104,1.1920928955078125e-07,0.8703653216362,12.963468,12.96347975730896
5414,136.52333426475525,0.8703653,0.8703652024269104,1.1920928955078125e-07,0.8703653216362,12.963468,12.96347975730896
5415,136.54821348190308,0.8703653,0.8703652024269104,1.1920928955078125e-07,0.8703653216362,12.963468,12.96347975730896
5416,136.5733287334442,0.8703653,0.8703652024269104,1.1920928955078125e-07,0.8703653216362,12.963468,12.96347975730896
5417,136.59818243980408,0.8703653,0.8703652024269104,1.1920928955078125e-07,0.8703653216362,12.963468,12.96347975730896
5418,136.62312722206116,0.8703653,0.8703652024269104,1.1920928955078125e-07,0.8703653216362,12.963468,12.96347975730896
5419,136.6477074623108,0.8703653,0.8703652024269104,1.1920928955078125e-07,0.8703653216362,12.963468,12.96347975730896
5420,136.67344045639038,0.8703653,0.8703652024269104,1.1920928955078125e-07,0.8703653216362,12.963468,12.96347975730896
5421,136.69874048233032,0.8703653,0.8703652024269104,1.1920928955078125e-07,0.8703653216362,12.963468,12.96347975730896
5422,136.72348546981812,0.8703653,0.8703652024269104,1.1920928955078125e-07,0.8703653216362,12.963468,12.96347975730896
5423,136.74852061271667,0.8703653,0.8703652024269104,1.1920928955078125e-07,0.8703653216362,12.963468,12.96347975730896
5424,136.77458333969116,0.8703653,0.8703652024269104,1.1920928955078125e-07,0.8703653216362,12.963468,12.96347975730896
5425,136.798814535141,0.8703653,0.8703652024269104,1.1920928955078125e-07,0.8703653216362,12.963468,12.96347975730896
5426,136.8226592540741,0.8703653,0.8703652024269104,1.1920928955078125e-07,0.8703653216362,12.963468,12.96347975730896
5427,136.84742736816406,0.8703653,0.8703652024269104,1.1920928955078125e-07,0.8703653216362,12.963468,12.96347975730896
5428,136.87213110923767,0.8703653,0.8703652024269104,1.1920928955078125e-07,0.8703653216362,12.963468,12.96347975730896
5429,136.8975338935852,0.8703653,0.8703652024269104,1.1920928955078125e-07,0.8703653216362,12.963468,12.96347975730896
5430,136.9224886894226,0.8703653,0.8703652024269104,1.1920928955078125e-07,0.8703653216362,12.963468,12.96347975730896
5431,136.94852256774902,0.8703653,0.8703652024269104,1.1920928955078125e-07,0.8703653216362,12.963468,12.96347975730896
5432,136.97324442863464,0.8703653,0.8703652024269104,1.1920928955078125e-07,0.8703653216362,12.963468,12.96347975730896
5433,136.99895071983337,0.8703653,0.8703652024269104,1.1920928955078125e-07,0.8703653216362,12.963468,12.96347975730896
5434,137.02512764930725,0.8703653,0.8703652024269104,1.1920928955078125e-07,0.8703653216362,12.963468,12.96347975730896
5435,137.04961919784546,0.8703653,0.8703652024269104,1.1920928955078125e-07,0.8703653216362,12.963468,12.96347975730896
5436,137.07492113113403,0.8703653,0.8703652024269104,1.1920928955078125e-07,0.8703653216362,12.963468,12.96347975730896
5437,137.09915041923523,0.8703653,0.8703652024269104,1.1920928955078125e-07,0.8703653216362,12.963468,12.96347975730896
5438,137.12427139282227,0.8703653,0.8703652024269104,1.1920928955078125e-07,0.8703653216362,12.963468,12.96347975730896
5439,137.14971137046814,0.8703653,0.8703652024269104,1.1920928955078125e-07,0.8703653216362,12.963468,12.96347975730896
5440,137.17510962486267,0.8703653,0.8703652024269104,1.1920928955078125e-07,0.8703653216362,12.963468,12.96347975730896
5441,137.20004272460938,0.8703653,0.8703652024269104,1.1920928955078125e-07,0.8703653216362,12.963468,12.96347975730896
5442,137.2264964580536,0.8703653,0.8703652024269104,1.1920928955078125e-07,0.8703653216362,12.963468,12.96347975730896
5443,137.2542440891266,0.8703653,0.8703652024269104,1.1920928955078125e-07,0.8703653216362,12.963468,12.96347975730896
5444,137.28127789497375,0.8703653,0.8703652024269104,1.1920928955078125e-07,0.8703653216362,12.963468,12.96347975730896
5445,137.3075680732727,0.8703653,0.8703652024269104,1.1920928955078125e-07,0.8703653216362,12.963468,12.96347975730896
5446,137.3320026397705,0.8703653,0.8703652024269104,1.1920928955078125e-07,0.8703653216362,12.963468,12.96347975730896
5447,137.35696983337402,0.8703653,0.8703652024269104,1.1920928955078125e-07,0.8703653216362,12.963468,12.96347975730896
5448,137.38318419456482,0.8703653,0.8703652024269104,1.1920928955078125e-07,0.8703653216362,12.963468,12.96347975730896
5449,137.40828490257263,0.8703653,0.8703652024269104,1.1920928955078125e-07,0.8703653216362,12.963468,12.96347975730896
5450,137.43345952033997,0.8703653,0.8703652024269104,1.1920928955078125e-07,0.8703653216362,12.963468,12.96347975730896
5451,137.45974349975586,0.8703653,0.8703652024269104,1.1920928955078125e-07,0.8703653216362,12.963468,12.96347975730896
5452,137.48421239852905,0.8703653,0.8703652024269104,1.1920928955078125e-07,0.8703653216362,12.963468,12.96347975730896
5453,137.50835514068604,0.8703653,0.8703652024269104,1.1920928955078125e-07,0.8703653216362,12.963468,12.96347975730896
5454,137.53408765792847,0.8703653,0.8703652024269104,1.1920928955078125e-07,0.8703653216362,12.963468,12.96347975730896
5455,137.5596420764923,0.8703653,0.8703652024269104,1.1920928955078125e-07,0.8703653216362,12.963468,12.96347975730896
5456,137.58476638793945,0.8703653,0.8703652024269104,1.1920928955078125e-07,0.8703653216362,12.963468,12.96347975730896
5457,137.60995602607727,0.8703653,0.8703652024269104,1.1920928955078125e-07,0.8703653216362,12.963468,12.96347975730896
5458,137.63567543029785,0.8703653,0.8703652024269104,1.1920928955078125e-07,0.8703653216362,12.963468,12.96347975730896
5459,137.66086602210999,0.8703653,0.8703652024269104,1.1920928955078125e-07,0.8703653216362,12.963468,12.96347975730896
5460,137.68605637550354,0.8703653,0.8703652024269104,1.1920928955078125e-07,0.8703653216362,12.963468,12.96347975730896
5461,137.71094369888306,0.8703653,0.8703652024269104,1.1920928955078125e-07,0.8703653216362,12.963468,12.96347975730896
5462,137.73503279685974,0.8703653,0.8703652024269104,1.1920928955078125e-07,0.8703653216362,12.963468,12.96347975730896
5463,137.7594976425171,0.8703653,0.8703652024269104,1.1920928955078125e-07,0.8703653216362,12.963468,12.96347975730896
5464,137.78478360176086,0.8703653,0.8703652024269104,1.1920928955078125e-07,0.8703653216362,12.963468,12.96347975730896
5465,137.80989718437195,0.8703653,0.8703652024269104,1.1920928955078125e-07,0.8703653216362,12.963468,12.96347975730896
5466,137.8340699672699,0.8703653,0.8703652024269104,1.1920928955078125e-07,0.8703653216362,12.963468,12.96347975730896
5467,137.85894680023193,0.8703653,0.8703652024269104,1.1920928955078125e-07,0.8703653216362,12.963468,12.96347975730896
5468,137.88497233390808,0.8703653,0.8703652024269104,1.1920928955078125e-07,0.8703653216362,12.963468,12.96347975730896
5469,137.90886998176575,0.8703653,0.8703652024269104,1.1920928955078125e-07,0.8703653216362,12.963468,12.96347975730896
5470,137.93350791931152,0.8703653,0.8703652024269104,1.1920928955078125e-07,0.8703653216362,12.963468,12.96347975730896
5471,137.95751118659973,0.8703653,0.8703652024269104,1.1920928955078125e-07,0.8703653216362,12.963468,12.96347975730896
5472,137.98223447799683,0.8703653,0.8703652024269104,1.1920928955078125e-07,0.8703653216362,12.963468,12.96347975730896
5473,138.00708103179932,0.8703653,0.8703652024269104,1.1920928955078125e-07,0.8703653216362,12.963468,12.96347975730896
5474,138.03298902511597,0.8703653,0.8703652024269104,1.1920928955078125e-07,0.8703653216362,12.963468,12.96347975730896
5475,138.0584056377411,0.8703653,0.8703652024269104,1.1920928955078125e-07,0.8703653216362,12.963468,12.96347975730896
5476,138.08313393592834,0.8703653,0.8703652024269104,1.1920928955078125e-07,0.8703653216362,12.963468,12.96347975730896
5477,138.10837841033936,0.8703653,0.8703652024269104,1.1920928955078125e-07,0.8703653216362,12.963468,12.96347975730896
5478,138.13320755958557,0.8703653,0.8703652024269104,1.1920928955078125e-07,0.8703653216362,12.963468,12.96347975730896
5479,138.15756487846375,0.8703653,0.8703652024269104,1.1920928955078125e-07,0.8703653216362,12.963468,12.96347975730896
5480,138.18263292312622,0.8703653,0.8703652024269104,1.1920928955078125e-07,0.8703653216362,12.963468,12.96347975730896
5481,138.20721912384033,0.8703653,0.8703652024269104,1.1920928955078125e-07,0.8703653216362,12.963468,12.96347975730896
5482,138.23268914222717,0.8703653,0.8703652024269104,1.1920928955078125e-07,0.8703653216362,12.963468,12.96347975730896
5483,138.25813102722168,0.8703653,0.8703652024269104,1.1920928955078125e-07,0.8703653216362,12.963468,12.96347975730896
5484,138.28348422050476,0.8703653,0.8703652024269104,1.1920928955078125e-07,0.8703653216362,12.963468,12.96347975730896
5485,138.3085994720459,0.8703653,0.8703652024269104,1.1920928955078125e-07,0.8703653216362,12.963468,12.96347975730896
5486,138.3328342437744,0.8703653,0.8703652024269104,1.1920928955078125e-07,0.8703653216362,12.963468,12.96347975730896
5487,138.3582649230957,0.8703653,0.8703652024269104,1.1920928955078125e-07,0.8703653216362,12.963468,12.96347975730896
5488,138.38309931755066,0.8703653,0.8703652024269104,1.1920928955078125e-07,0.8703653216362,12.963468,12.96347975730896
5489,138.4097180366516,0.8703653,0.8703652024269104,1.1920928955078125e-07,0.8703653216362,12.963468,12.96347975730896
5490,138.4365270137787,0.8703653,0.8703652024269104,1.1920928955078125e-07,0.8703653216362,12.963468,12.96347975730896
5491,138.46279406547546,0.8703653,0.8703652024269104,1.1920928955078125e-07,0.8703653216362,12.963468,12.96347975730896
5492,138.48825883865356,0.8703653,0.8703652024269104,1.1920928955078125e-07,0.8703653216362,12.963468,12.96347975730896
5493,138.51340436935425,0.8703653,0.8703652024269104,1.1920928955078125e-07,0.8703653216362,12.963468,12.96347975730896
5494,138.55929398536682,0.8703653,0.8676002621650696,0.0023039476945996284,0.8623929023742676,12.963468,13.239973783493042
5495,138.59138321876526,0.8703653,0.8696275353431702,0.0006022904417477548,0.868230938911438,12.963468,13.037246465682983
5496,138.61770224571228,0.8703653,0.8701735138893127,0.00017729238606989384,0.8697983026504517,12.963468,12.982648611068726
5497,138.64218759536743,0.8703653,0.8703210353851318,5.682539631379768e-05,0.8702304363250732,12.963468,12.967896461486816
5498,138.66806817054749,0.8703653,0.8703635334968567,3.3801318295445526e-06,0.8703568577766418,12.963468,12.963646650314331
5499,138.69357419013977,0.8703653,0.8703652024269104,1.1920928955078125e-07,0.8703653216362,12.963468,12.96347975730896
5500,138.72021389007568,0.8703653,0.8703652024269104,1.1920928955078125e-07,0.8703653216362,12.963468,12.96347975730896
5501,138.7531328201294,0.8703653,0.8703652024269104,1.1920928955078125e-07,0.8703653216362,12.963468,12.96347975730896
5502,138.77779531478882,0.8703653,0.8703652024269104,1.1920928955078125e-07,0.8703653216362,12.963468,12.96347975730896
5503,138.80273389816284,0.8703653,0.8703652024269104,1.1920928955078125e-07,0.8703653216362,12.963468,12.96347975730896
5504,138.82777380943298,0.8703653,0.8703652024269104,1.1920928955078125e-07,0.8703653216362,12.963468,12.96347975730896
5505,138.85333681106567,0.8703653,0.8703652024269104,1.1920928955078125e-07,0.8703653216362,12.963468,12.96347975730896
5506,138.8786334991455,0.8703653,0.8703652024269104,1.1920928955078125e-07,0.8703653216362,12.963468,12.96347975730896
5507,138.90404105186462,0.8703653,0.8703652024269104,1.1920928955078125e-07,0.8703653216362,12.963468,12.96347975730896
5508,138.929434299469,0.8703653,0.8703652024269104,1.1920928955078125e-07,0.8703653216362,12.963468,12.96347975730896
5509,138.95401072502136,0.8703653,0.8703652024269104,1.1920928955078125e-07,0.8703653216362,12.963468,12.96347975730896
5510,138.97852206230164,0.8703653,0.8703652024269104,1.1920928955078125e-07,0.8703653216362,12.963468,12.96347975730896
5511,139.0037009716034,0.8703653,0.8703652024269104,1.1920928955078125e-07,0.8703653216362,12.963468,12.96347975730896
5512,139.02822065353394,0.8703653,0.8703652024269104,1.1920928955078125e-07,0.8703653216362,12.963468,12.96347975730896
5513,139.055428981781,0.8703653,0.8703652024269104,1.1920928955078125e-07,0.8703653216362,12.963468,12.96347975730896
5514,139.0817391872406,0.8703653,0.8703652024269104,1.1920928955078125e-07,0.8703653216362,12.963468,12.96347975730896
5515,139.10777401924133,0.8703653,0.8703652024269104,1.1920928955078125e-07,0.8703653216362,12.963468,12.96347975730896
5516,139.13198280334473,0.8703653,0.8703652024269104,1.1920928955078125e-07,0.8703653216362,12.963468,12.96347975730896
5517,139.1562466621399,0.8703653,0.8703652024269104,1.1920928955078125e-07,0.8703653216362,12.963468,12.96347975730896
5518,139.1806938648224,0.8703653,0.8703652024269104,1.1920928955078125e-07,0.8703653216362,12.963468,12.96347975730896
5519,139.20508646965027,0.8703653,0.8703652024269104,1.1920928955078125e-07,0.8703653216362,12.963468,12.96347975730896
5520,139.22959446907043,0.8703653,0.8703652024269104,1.1920928955078125e-07,0.8703653216362,12.963468,12.96347975730896
5521,139.25548672676086,0.8703653,0.8703652024269104,1.1920928955078125e-07,0.8703653216362,12.963468,12.96347975730896
5522,139.28199696540833,0.8703653,0.8703652024269104,1.1920928955078125e-07,0.8703653216362,12.963468,12.96347975730896
5523,139.30813217163086,0.8703653,0.8703652024269104,1.1920928955078125e-07,0.8703653216362,12.963468,12.96347975730896
5524,139.33464670181274,0.8703653,0.8703652024269104,1.1920928955078125e-07,0.8703653216362,12.963468,12.96347975730896
5525,139.36110663414001,0.8703653,0.8703652024269104,1.1920928955078125e-07,0.8703653216362,12.963468,12.96347975730896
5526,139.3875391483307,0.8703653,0.8703652024269104,1.1920928955078125e-07,0.8703653216362,12.963468,12.96347975730896
5527,139.41541647911072,0.8703653,0.8703652024269104,1.1920928955078125e-07,0.8703653216362,12.963468,12.96347975730896
5528,139.44135928153992,0.8703653,0.8703652024269104,1.1920928955078125e-07,0.8703653216362,12.963468,12.96347975730896
5529,139.48975372314453,0.8704556,0.8670640587806702,0.0031636361964046955,0.8600885272026062,12.954437,13.293594121932983
5530,139.52253699302673,0.8704556,0.8696770668029785,0.0006682649254798889,0.868227481842041,12.954437,13.032293319702148
5531,139.54859805107117,0.8704556,0.8701945543289185,0.00020930713799316436,0.8697904348373413,12.954437,12.980544567108154
5532,139.57400941848755,0.8704556,0.8703746199607849,7.646144513273612e-05,0.8702601194381714,12.954437,12.962538003921509
5533,139.59940004348755,0.8704556,0.8704454898834229,2.8617454518098384e-05,0.8703653216362,12.954437,12.955451011657715
5534,139.62440967559814,0.8704556,0.8704556822776794,5.960464477539063e-08,0.8704556226730347,12.954437,12.954431772232056
5535,139.64998865127563,0.8704556,0.8704556822776794,5.960464477539063e-08,0.8704556226730347,12.954437,12.954431772232056
5536,139.6750340461731,0.8704556,0.8704556822776794,5.960464477539063e-08,0.8704556226730347,12.954437,12.954431772232056
5537,139.7006537914276,0.8704556,0.8704556822776794,5.960464477539063e-08,0.8704556226730347,12.954437,12.954431772232056
5538,139.72562170028687,0.8704556,0.8704556822776794,5.960464477539063e-08,0.8704556226730347,12.954437,12.954431772232056
5539,139.75049304962158,0.8704556,0.8704556822776794,5.960464477539063e-08,0.8704556226730347,12.954437,12.954431772232056
5540,139.77543926239014,0.8704556,0.8704556822776794,5.960464477539063e-08,0.8704556226730347,12.954437,12.954431772232056
5541,139.80106377601624,0.8704556,0.8704556822776794,5.960464477539063e-08,0.8704556226730347,12.954437,12.954431772232056
5542,139.82607102394104,0.8704556,0.8704556822776794,5.960464477539063e-08,0.8704556226730347,12.954437,12.954431772232056
5543,139.8505289554596,0.8704556,0.8704556822776794,5.960464477539063e-08,0.8704556226730347,12.954437,12.954431772232056
5544,139.87579250335693,0.8704556,0.8704556822776794,5.960464477539063e-08,0.8704556226730347,12.954437,12.954431772232056
5545,139.90024709701538,0.8704556,0.8704556822776794,5.960464477539063e-08,0.8704556226730347,12.954437,12.954431772232056
5546,139.92614245414734,0.8704556,0.8704556822776794,5.960464477539063e-08,0.8704556226730347,12.954437,12.954431772232056
5547,139.95185542106628,0.8704556,0.8704556822776794,5.960464477539063e-08,0.8704556226730347,12.954437,12.954431772232056
5548,139.97632932662964,0.8704556,0.8704556822776794,5.960464477539063e-08,0.8704556226730347,12.954437,12.954431772232056
5549,140.00172662734985,0.8704556,0.8704556822776794,5.960464477539063e-08,0.8704556226730347,12.954437,12.954431772232056
5550,140.02957606315613,0.8704556,0.8704556822776794,5.960464477539063e-08,0.8704556226730347,12.954437,12.954431772232056
5551,140.05560493469238,0.8704556,0.8704556822776794,5.960464477539063e-08,0.8704556226730347,12.954437,12.954431772232056
5552,140.08062887191772,0.8704556,0.8704556822776794,5.960464477539063e-08,0.8704556226730347,12.954437,12.954431772232056
5553,140.10628080368042,0.8704556,0.8704556822776794,5.960464477539063e-08,0.8704556226730347,12.954437,12.954431772232056
5554,140.13100147247314,0.8704556,0.8704556822776794,5.960464477539063e-08,0.8704556226730347,12.954437,12.954431772232056
5555,140.1564381122589,0.8704556,0.8704556822776794,5.960464477539063e-08,0.8704556226730347,12.954437,12.954431772232056
5556,140.18173718452454,0.8704556,0.8704556822776794,5.960464477539063e-08,0.8704556226730347,12.954437,12.954431772232056
5557,140.2064824104309,0.8704556,0.8704556822776794,5.960464477539063e-08,0.8704556226730347,12.954437,12.954431772232056
5558,140.2317955493927,0.8704556,0.8704556822776794,5.960464477539063e-08,0.8704556226730347,12.954437,12.954431772232056
5559,140.25798654556274,0.8704556,0.8704556822776794,5.960464477539063e-08,0.8704556226730347,12.954437,12.954431772232056
5560,140.28340005874634,0.8704556,0.8704556822776794,5.960464477539063e-08,0.8704556226730347,12.954437,12.954431772232056
5561,140.30848383903503,0.8704556,0.8704556822776794,5.960464477539063e-08,0.8704556226730347,12.954437,12.954431772232056
5562,140.33422660827637,0.8704556,0.8704556822776794,5.960464477539063e-08,0.8704556226730347,12.954437,12.954431772232056
5563,140.35909509658813,0.8704556,0.8704556822776794,5.960464477539063e-08,0.8704556226730347,12.954437,12.954431772232056
5564,140.3835666179657,0.8704556,0.8704556822776794,5.960464477539063e-08,0.8704556226730347,12.954437,12.954431772232056
5565,140.4103090763092,0.8704556,0.8704556822776794,5.960464477539063e-08,0.8704556226730347,12.954437,12.954431772232056
5566,140.43668937683105,0.8704556,0.8704556822776794,5.960464477539063e-08,0.8704556226730347,12.954437,12.954431772232056
5567,140.46316719055176,0.8704556,0.8704556822776794,5.960464477539063e-08,0.8704556226730347,12.954437,12.954431772232056
5568,140.48801589012146,0.8704556,0.8704556822776794,5.960464477539063e-08,0.8704556226730347,12.954437,12.954431772232056
5569,140.51261854171753,0.8704556,0.8704556822776794,5.960464477539063e-08,0.8704556226730347,12.954437,12.954431772232056
5570,140.5373079776764,0.8704556,0.8704556822776794,5.960464477539063e-08,0.8704556226730347,12.954437,12.954431772232056
5571,140.56238317489624,0.8704556,0.8704556822776794,5.960464477539063e-08,0.8704556226730347,12.954437,12.954431772232056
5572,140.60778164863586,0.8705927,0.8658581376075745,0.003927626647055149,0.8571339249610901,12.940729,13.414186239242554
5573,140.64046669006348,0.8705927,0.8691872358322144,0.0009916428243741393,0.8673179149627686,12.940729,13.081276416778564
5574,140.66521096229553,0.8705927,0.8701120615005493,0.0003689874429255724,0.8692245483398438,12.940729,12.988793849945068
5575,140.69058799743652,0.8705927,0.870438814163208,9.5501120085828e-05,0.8702431917190552,12.940729,12.9561185836792
5576,140.71557307243347,0.8705927,0.870510458946228,6.88802610966377e-05,0.8704442381858826,12.940729,12.948954105377197
5577,140.7406656742096,0.8705927,0.870572566986084,4.846375304623507e-05,0.8704556226730347,12.940729,12.942743301391602
5578,140.76533913612366,0.8705927,0.8705926537513733,5.960464477539063e-08,0.8705927133560181,12.940729,12.940734624862671
5579,140.78984665870667,0.8705927,0.8705926537513733,5.960464477539063e-08,0.8705927133560181,12.940729,12.940734624862671
5580,140.81539058685303,0.8705927,0.8705926537513733,5.960464477539063e-08,0.8705927133560181,12.940729,12.940734624862671
5581,140.84067845344543,0.8705927,0.8705926537513733,5.960464477539063e-08,0.8705927133560181,12.940729,12.940734624862671
5582,140.86564445495605,0.8705927,0.8705926537513733,5.960464477539063e-08,0.8705927133560181,12.940729,12.940734624862671
5583,140.89037346839905,0.8705927,0.8705926537513733,5.960464477539063e-08,0.8705927133560181,12.940729,12.940734624862671
5584,140.91499257087708,0.8705927,0.8705926537513733,5.960464477539063e-08,0.8705927133560181,12.940729,12.940734624862671
5585,140.9394931793213,0.8705927,0.8705926537513733,5.960464477539063e-08,0.8705927133560181,12.940729,12.940734624862671
5586,140.96502137184143,0.8705927,0.8705926537513733,5.960464477539063e-08,0.8705927133560181,12.940729,12.940734624862671
5587,140.98997688293457,0.8705927,0.8705926537513733,5.960464477539063e-08,0.8705927133560181,12.940729,12.940734624862671
5588,141.01518440246582,0.8705927,0.8705926537513733,5.960464477539063e-08,0.8705927133560181,12.940729,12.940734624862671
5589,141.06125664710999,0.87068725,0.8672317862510681,0.002874416531994939,0.8607130646705627,12.931275,13.276821374893188
5590,141.09595108032227,0.87068725,0.8696717023849487,0.0007116631022654474,0.8682735562324524,12.931275,13.032829761505127
5591,141.12094974517822,0.87068725,0.8703355193138123,0.00023286193027161062,0.8698936700820923,12.931275,12.966448068618774
5592,141.1457495689392,0.87068725,0.8705436587333679,8.950378833105788e-05,0.870390772819519,12.931275,12.945634126663208
5593,141.17071914672852,0.87068725,0.8706215620040894,4.418967364472337e-05,0.8705586791038513,12.931275,12.937843799591064
5594,141.19629955291748,0.87068725,0.8706542253494263,4.511414226726629e-05,0.8705927133560181,12.931275,12.934577465057373
5595,141.2221384048462,0.87068725,0.8706874251365662,1.7881393432617188e-07,0.8706872463226318,12.931275,12.931257486343384
5596,141.24724745750427,0.87068725,0.8706874251365662,1.7881393432617188e-07,0.8706872463226318,12.931275,12.931257486343384
5597,141.27254128456116,0.87068725,0.8706874251365662,1.7881393432617188e-07,0.8706872463226318,12.931275,12.931257486343384
5598,141.29823279380798,0.87068725,0.8706874251365662,1.7881393432617188e-07,0.8706872463226318,12.931275,12.931257486343384
5599,141.32228183746338,0.87068725,0.8706874251365662,1.7881393432617188e-07,0.8706872463226318,12.931275,12.931257486343384
5600,141.3475570678711,0.87068725,0.8706874251365662,1.7881393432617188e-07,0.8706872463226318,12.931275,12.931257486343384
5601,141.37274551391602,0.87068725,0.8706874251365662,1.7881393432617188e-07,0.8706872463226318,12.931275,12.931257486343384
5602,141.39788246154785,0.87068725,0.8706874251365662,1.7881393432617188e-07,0.8706872463226318,12.931275,12.931257486343384
5603,141.42362189292908,0.87068725,0.8706874251365662,1.7881393432617188e-07,0.8706872463226318,12.931275,12.931257486343384
5604,141.450523853302,0.87068725,0.8706874251365662,1.7881393432617188e-07,0.8706872463226318,12.931275,12.931257486343384
5605,141.47893643379211,0.87068725,0.8706874251365662,1.7881393432617188e-07,0.8706872463226318,12.931275,12.931257486343384
5606,141.50761032104492,0.87068725,0.8706874251365662,1.7881393432617188e-07,0.8706872463226318,12.931275,12.931257486343384
5607,141.5386209487915,0.87068725,0.8706874251365662,1.7881393432617188e-07,0.8706872463226318,12.931275,12.931257486343384
5608,141.56455850601196,0.87068725,0.8706874251365662,1.7881393432617188e-07,0.8706872463226318,12.931275,12.931257486343384
5609,141.58929467201233,0.87068725,0.8706874251365662,1.7881393432617188e-07,0.8706872463226318,12.931275,12.931257486343384
5610,141.6137375831604,0.87068725,0.8706874251365662,1.7881393432617188e-07,0.8706872463226318,12.931275,12.931257486343384
5611,141.63846111297607,0.87068725,0.8706874251365662,1.7881393432617188e-07,0.8706872463226318,12.931275,12.931257486343384
5612,141.66317510604858,0.87068725,0.8706874251365662,1.7881393432617188e-07,0.8706872463226318,12.931275,12.931257486343384
5613,141.68963432312012,0.87068725,0.8706874251365662,1.7881393432617188e-07,0.8706872463226318,12.931275,12.931257486343384
5614,141.71581721305847,0.87068725,0.8706874251365662,1.7881393432617188e-07,0.8706872463226318,12.931275,12.931257486343384
5615,141.74100065231323,0.87068725,0.8706874251365662,1.7881393432617188e-07,0.8706872463226318,12.931275,12.931257486343384
5616,141.76723861694336,0.87068725,0.8706874251365662,1.7881393432617188e-07,0.8706872463226318,12.931275,12.931257486343384
5617,141.79197597503662,0.87068725,0.8706874251365662,1.7881393432617188e-07,0.8706872463226318,12.931275,12.931257486343384
5618,141.8162910938263,0.87068725,0.8706874251365662,1.7881393432617188e-07,0.8706872463226318,12.931275,12.931257486343384
5619,141.84345626831055,0.87068725,0.8706874251365662,1.7881393432617188e-07,0.8706872463226318,12.931275,12.931257486343384
5620,141.86848282814026,0.87068725,0.8706874251365662,1.7881393432617188e-07,0.8706872463226318,12.931275,12.931257486343384
5621,141.89515256881714,0.87068725,0.8706874251365662,1.7881393432617188e-07,0.8706872463226318,12.931275,12.931257486343384
5622,141.9202117919922,0.87068725,0.8706874251365662,1.7881393432617188e-07,0.8706872463226318,12.931275,12.931257486343384
5623,141.9453890323639,0.87068725,0.8706874251365662,1.7881393432617188e-07,0.8706872463226318,12.931275,12.931257486343384
5624,141.97056341171265,0.87068725,0.8706874251365662,1.7881393432617188e-07,0.8706872463226318,12.931275,12.931257486343384
5625,141.99560618400574,0.87068725,0.8706874251365662,1.7881393432617188e-07,0.8706872463226318,12.931275,12.931257486343384
5626,142.02070021629333,0.87068725,0.8706874251365662,1.7881393432617188e-07,0.8706872463226318,12.931275,12.931257486343384
5627,142.04570293426514,0.87068725,0.8706874251365662,1.7881393432617188e-07,0.8706872463226318,12.931275,12.931257486343384
5628,142.0714554786682,0.87068725,0.8706874251365662,1.7881393432617188e-07,0.8706872463226318,12.931275,12.931257486343384
5629,142.09805130958557,0.87068725,0.8706874251365662,1.7881393432617188e-07,0.8706872463226318,12.931275,12.931257486343384
5630,142.1240313053131,0.87068725,0.8706874251365662,1.7881393432617188e-07,0.8706872463226318,12.931275,12.931257486343384
5631,142.14891076087952,0.87068725,0.8706874251365662,1.7881393432617188e-07,0.8706872463226318,12.931275,12.931257486343384
5632,142.1737449169159,0.87068725,0.8706874251365662,1.7881393432617188e-07,0.8706872463226318,12.931275,12.931257486343384
5633,142.19891381263733,0.87068725,0.8706874251365662,1.7881393432617188e-07,0.8706872463226318,12.931275,12.931257486343384
5634,142.22471070289612,0.87068725,0.8706874251365662,1.7881393432617188e-07,0.8706872463226318,12.931275,12.931257486343384
5635,142.25078010559082,0.87068725,0.8706874251365662,1.7881393432617188e-07,0.8706872463226318,12.931275,12.931257486343384
5636,142.2755789756775,0.87068725,0.8706874251365662,1.7881393432617188e-07,0.8706872463226318,12.931275,12.931257486343384
5637,142.30192947387695,0.87068725,0.8706874251365662,1.7881393432617188e-07,0.8706872463226318,12.931275,12.931257486343384
5638,142.32680010795593,0.87068725,0.8706874251365662,1.7881393432617188e-07,0.8706872463226318,12.931275,12.931257486343384
5639,142.3515923023224,0.87068725,0.8706874251365662,1.7881393432617188e-07,0.8706872463226318,12.931275,12.931257486343384
5640,142.37621331214905,0.87068725,0.8706874251365662,1.7881393432617188e-07,0.8706872463226318,12.931275,12.931257486343384
5641,142.4010307788849,0.87068725,0.8706874251365662,1.7881393432617188e-07,0.8706872463226318,12.931275,12.931257486343384
5642,142.42652130126953,0.87068725,0.8706874251365662,1.7881393432617188e-07,0.8706872463226318,12.931275,12.931257486343384
5643,142.45279932022095,0.87068725,0.8706874251365662,1.7881393432617188e-07,0.8706872463226318,12.931275,12.931257486343384
5644,142.47787618637085,0.87068725,0.8706874251365662,1.7881393432617188e-07,0.8706872463226318,12.931275,12.931257486343384
5645,142.50152397155762,0.87068725,0.8706874251365662,1.7881393432617188e-07,0.8706872463226318,12.931275,12.931257486343384
5646,142.52726221084595,0.87068725,0.8706874251365662,1.7881393432617188e-07,0.8706872463226318,12.931275,12.931257486343384
5647,142.55331683158875,0.87068725,0.8706874251365662,1.7881393432617188e-07,0.8706872463226318,12.931275,12.931257486343384
5648,142.57798838615417,0.87068725,0.8706874251365662,1.7881393432617188e-07,0.8706872463226318,12.931275,12.931257486343384
5649,142.60269379615784,0.87068725,0.8706874251365662,1.7881393432617188e-07,0.8706872463226318,12.931275,12.931257486343384
5650,142.62900233268738,0.87068725,0.8706874251365662,1.7881393432617188e-07,0.8706872463226318,12.931275,12.931257486343384
5651,142.65499830245972,0.87068725,0.8706874251365662,1.7881393432617188e-07,0.8706872463226318,12.931275,12.931257486343384
5652,142.6801142692566,0.87068725,0.8706874251365662,1.7881393432617188e-07,0.8706872463226318,12.931275,12.931257486343384
5653,142.70516633987427,0.87068725,0.8706874251365662,1.7881393432617188e-07,0.8706872463226318,12.931275,12.931257486343384
5654,142.72964644432068,0.87068725,0.8706874251365662,1.7881393432617188e-07,0.8706872463226318,12.931275,12.931257486343384
5655,142.753808259964,0.87068725,0.8706874251365662,1.7881393432617188e-07,0.8706872463226318,12.931275,12.931257486343384
5656,142.7785313129425,0.87068725,0.8706874251365662,1.7881393432617188e-07,0.8706872463226318,12.931275,12.931257486343384
5657,142.80326867103577,0.87068725,0.8706874251365662,1.7881393432617188e-07,0.8706872463226318,12.931275,12.931257486343384
5658,142.82864499092102,0.87068725,0.8706874251365662,1.7881393432617188e-07,0.8706872463226318,12.931275,12.931257486343384
5659,142.8534345626831,0.87068725,0.8706874251365662,1.7881393432617188e-07,0.8706872463226318,12.931275,12.931257486343384
5660,142.8784749507904,0.87068725,0.8706874251365662,1.7881393432617188e-07,0.8706872463226318,12.931275,12.931257486343384
5661,142.903653383255,0.87068725,0.8706874251365662,1.7881393432617188e-07,0.8706872463226318,12.931275,12.931257486343384
5662,142.9297914505005,0.87068725,0.8706874251365662,1.7881393432617188e-07,0.8706872463226318,12.931275,12.931257486343384
5663,142.9542636871338,0.87068725,0.8706874251365662,1.7881393432617188e-07,0.8706872463226318,12.931275,12.931257486343384
5664,142.98019552230835,0.87068725,0.8706874251365662,1.7881393432617188e-07,0.8706872463226318,12.931275,12.931257486343384
5665,143.00531888008118,0.87068725,0.8706874251365662,1.7881393432617188e-07,0.8706872463226318,12.931275,12.931257486343384
5666,143.03072357177734,0.87068725,0.8706874251365662,1.7881393432617188e-07,0.8706872463226318,12.931275,12.931257486343384
5667,143.05628561973572,0.87068725,0.8706874251365662,1.7881393432617188e-07,0.8706872463226318,12.931275,12.931257486343384
5668,143.07975959777832,0.87068725,0.8706874251365662,1.7881393432617188e-07,0.8706872463226318,12.931275,12.931257486343384
5669,143.10478687286377,0.87068725,0.8706874251365662,1.7881393432617188e-07,0.8706872463226318,12.931275,12.931257486343384
5670,143.13029503822327,0.87068725,0.8706874251365662,1.7881393432617188e-07,0.8706872463226318,12.931275,12.931257486343384
5671,143.15570735931396,0.87068725,0.8706874251365662,1.7881393432617188e-07,0.8706872463226318,12.931275,12.931257486343384
5672,143.17938494682312,0.87068725,0.8706874251365662,1.7881393432617188e-07,0.8706872463226318,12.931275,12.931257486343384
5673,143.20412063598633,0.87068725,0.8706874251365662,1.7881393432617188e-07,0.8706872463226318,12.931275,12.931257486343384
5674,143.22805309295654,0.87068725,0.8706874251365662,1.7881393432617188e-07,0.8706872463226318,12.931275,12.931257486343384
5675,143.2530779838562,0.87068725,0.8706874251365662,1.7881393432617188e-07,0.8706872463226318,12.931275,12.931257486343384
5676,143.27745747566223,0.87068725,0.8706874251365662,1.7881393432617188e-07,0.8706872463226318,12.931275,12.931257486343384
5677,143.30292797088623,0.87068725,0.8706874251365662,1.7881393432617188e-07,0.8706872463226318,12.931275,12.931257486343384
5678,143.330246925354,0.87068725,0.8706874251365662,1.7881393432617188e-07,0.8706872463226318,12.931275,12.931257486343384
5679,143.35757517814636,0.87068725,0.8706874251365662,1.7881393432617188e-07,0.8706872463226318,12.931275,12.931257486343384
5680,143.3830018043518,0.87068725,0.8706874251365662,1.7881393432617188e-07,0.8706872463226318,12.931275,12.931257486343384
5681,143.40846419334412,0.87068725,0.8706874251365662,1.7881393432617188e-07,0.8706872463226318,12.931275,12.931257486343384
5682,143.43423986434937,0.87068725,0.8706874251365662,1.7881393432617188e-07,0.8706872463226318,12.931275,12.931257486343384
5683,143.46048855781555,0.87068725,0.8706874251365662,1.7881393432617188e-07,0.8706872463226318,12.931275,12.931257486343384
5684,143.48591804504395,0.87068725,0.8706874251365662,1.7881393432617188e-07,0.8706872463226318,12.931275,12.931257486343384
5685,143.51041340827942,0.87068725,0.8706874251365662,1.7881393432617188e-07,0.8706872463226318,12.931275,12.931257486343384
5686,143.5358030796051,0.87068725,0.8706874251365662,1.7881393432617188e-07,0.8706872463226318,12.931275,12.931257486343384
5687,143.5616419315338,0.87068725,0.8706874251365662,1.7881393432617188e-07,0.8706872463226318,12.931275,12.931257486343384
5688,143.5868546962738,0.87068725,0.8706874251365662,1.7881393432617188e-07,0.8706872463226318,12.931275,12.931257486343384
5689,143.63496375083923,0.8708319,0.8670379519462585,0.0030470669735223055,0.8605707883834839,12.916809,13.296204805374146
5690,143.66945338249207,0.8708319,0.8695979118347168,0.0009132937411777675,0.8678849935531616,12.916809,13.04020881652832
5691,143.69500851631165,0.8708319,0.8704850077629089,0.000304645043797791,0.869808554649353,12.916809,12.951499223709106
5692,143.71978950500488,0.8708319,0.8707358837127686,7.809121598256752e-05,0.8706491589546204,12.916809,12.926411628723145
5693,143.74460411071777,0.8708319,0.8708117008209229,4.3930067477049306e-05,0.8706895112991333,12.916809,12.918829917907715
5694,143.77139043807983,0.8708319,0.8708319067955017,0.0,0.8708319067955017,12.916809,12.916809320449829
5695,143.79706001281738,0.8708319,0.8708319067955017,0.0,0.8708319067955017,12.916809,12.916809320449829
5696,143.82238245010376,0.8708319,0.8708319067955017,0.0,0.8708319067955017,12.916809,12.916809320449829
5697,143.84667491912842,0.8708319,0.8708319067955017,0.0,0.8708319067955017,12.916809,12.916809320449829
5698,143.87210202217102,0.8708319,0.8708319067955017,0.0,0.8708319067955017,12.916809,12.916809320449829
5699,143.89673686027527,0.8708319,0.8708319067955017,0.0,0.8708319067955017,12.916809,12.916809320449829
5700,143.92211818695068,0.8708319,0.8708319067955017,0.0,0.8708319067955017,12.916809,12.916809320449829
5701,143.94680333137512,0.8708319,0.8708319067955017,0.0,0.8708319067955017,12.916809,12.916809320449829
5702,143.97164583206177,0.8708319,0.8708319067955017,0.0,0.8708319067955017,12.916809,12.916809320449829
5703,143.99717736244202,0.8708319,0.8708319067955017,0.0,0.8708319067955017,12.916809,12.916809320449829
5704,144.02199530601501,0.8708319,0.8708319067955017,0.0,0.8708319067955017,12.916809,12.916809320449829
5705,144.04521656036377,0.8708319,0.8708319067955017,0.0,0.8708319067955017,12.916809,12.916809320449829
5706,144.0711486339569,0.8708319,0.8708319067955017,0.0,0.8708319067955017,12.916809,12.916809320449829
5707,144.0971131324768,0.8708319,0.8708319067955017,0.0,0.8708319067955017,12.916809,12.916809320449829
5708,144.12191700935364,0.8708319,0.8708319067955017,0.0,0.8708319067955017,12.916809,12.916809320449829
5709,144.1474735736847,0.8708319,0.8708319067955017,0.0,0.8708319067955017,12.916809,12.916809320449829
5710,144.17233157157898,0.8708319,0.8708319067955017,0.0,0.8708319067955017,12.916809,12.916809320449829
5711,144.1970567703247,0.8708319,0.8708319067955017,0.0,0.8708319067955017,12.916809,12.916809320449829
5712,144.22136044502258,0.8708319,0.8708319067955017,0.0,0.8708319067955017,12.916809,12.916809320449829
5713,144.24755239486694,0.8708319,0.8708319067955017,0.0,0.8708319067955017,12.916809,12.916809320449829
5714,144.27247858047485,0.8708319,0.8708319067955017,0.0,0.8708319067955017,12.916809,12.916809320449829
5715,144.29866552352905,0.8708319,0.8708319067955017,0.0,0.8708319067955017,12.916809,12.916809320449829
5716,144.32506108283997,0.8708319,0.8708319067955017,0.0,0.8708319067955017,12.916809,12.916809320449829
5717,144.35046100616455,0.8708319,0.8708319067955017,0.0,0.8708319067955017,12.916809,12.916809320449829
5718,144.37573099136353,0.8708319,0.8708319067955017,0.0,0.8708319067955017,12.916809,12.916809320449829
5719,144.4018099308014,0.8708319,0.8708319067955017,0.0,0.8708319067955017,12.916809,12.916809320449829
5720,144.42871737480164,0.8708319,0.8708319067955017,0.0,0.8708319067955017,12.916809,12.916809320449829
5721,144.4546308517456,0.8708319,0.8708319067955017,0.0,0.8708319067955017,12.916809,12.916809320449829
5722,144.48189616203308,0.8708319,0.8708319067955017,0.0,0.8708319067955017,12.916809,12.916809320449829
5723,144.50746726989746,0.8708319,0.8708319067955017,0.0,0.8708319067955017,12.916809,12.916809320449829
5724,144.53168845176697,0.8708319,0.8708319067955017,0.0,0.8708319067955017,12.916809,12.916809320449829
5725,144.55628538131714,0.8708319,0.8708319067955017,0.0,0.8708319067955017,12.916809,12.916809320449829
5726,144.58077120780945,0.8708319,0.8708319067955017,0.0,0.8708319067955017,12.916809,12.916809320449829
5727,144.6067509651184,0.8708319,0.8708319067955017,0.0,0.8708319067955017,12.916809,12.916809320449829
5728,144.63187885284424,0.8708319,0.8708319067955017,0.0,0.8708319067955017,12.916809,12.916809320449829
5729,144.65677499771118,0.8708319,0.8708319067955017,0.0,0.8708319067955017,12.916809,12.916809320449829
5730,144.6823332309723,0.8708319,0.8708319067955017,0.0,0.8708319067955017,12.916809,12.916809320449829
5731,144.70699667930603,0.8708319,0.8708319067955017,0.0,0.8708319067955017,12.916809,12.916809320449829
5732,144.73174357414246,0.8708319,0.8708319067955017,0.0,0.8708319067955017,12.916809,12.916809320449829
5733,144.75653648376465,0.8708319,0.8708319067955017,0.0,0.8708319067955017,12.916809,12.916809320449829
5734,144.78303384780884,0.8708319,0.8708319067955017,0.0,0.8708319067955017,12.916809,12.916809320449829
5735,144.8077836036682,0.8708319,0.8708319067955017,0.0,0.8708319067955017,12.916809,12.916809320449829
5736,144.83344411849976,0.8708319,0.8708319067955017,0.0,0.8708319067955017,12.916809,12.916809320449829
5737,144.85711455345154,0.8708319,0.8708319067955017,0.0,0.8708319067955017,12.916809,12.916809320449829
5738,144.88255310058594,0.8708319,0.8708319067955017,0.0,0.8708319067955017,12.916809,12.916809320449829
5739,144.90786957740784,0.8708319,0.8708319067955017,0.0,0.8708319067955017,12.916809,12.916809320449829
5740,144.93420004844666,0.8708319,0.8708319067955017,0.0,0.8708319067955017,12.916809,12.916809320449829
5741,144.95884037017822,0.8708319,0.8708319067955017,0.0,0.8708319067955017,12.916809,12.916809320449829
5742,144.98459315299988,0.8708319,0.8708319067955017,0.0,0.8708319067955017,12.916809,12.916809320449829
5743,145.00927233695984,0.8708319,0.8708319067955017,0.0,0.8708319067955017,12.916809,12.916809320449829
5744,145.03455591201782,0.8708319,0.8708319067955017,0.0,0.8708319067955017,12.916809,12.916809320449829
5745,145.06024956703186,0.8708319,0.8708319067955017,0.0,0.8708319067955017,12.916809,12.916809320449829
5746,145.08507466316223,0.8708319,0.8708319067955017,0.0,0.8708319067955017,12.916809,12.916809320449829
5747,145.11070275306702,0.8708319,0.8708319067955017,0.0,0.8708319067955017,12.916809,12.916809320449829
5748,145.13611316680908,0.8708319,0.8708319067955017,0.0,0.8708319067955017,12.916809,12.916809320449829
5749,145.16299104690552,0.8708319,0.8708319067955017,0.0,0.8708319067955017,12.916809,12.916809320449829
5750,145.1889681816101,0.8708319,0.8708319067955017,0.0,0.8708319067955017,12.916809,12.916809320449829
5751,145.21287083625793,0.8708319,0.8708319067955017,0.0,0.8708319067955017,12.916809,12.916809320449829
5752,145.23841214179993,0.8708319,0.8708319067955017,0.0,0.8708319067955017,12.916809,12.916809320449829
5753,145.26306653022766,0.8708319,0.8708319067955017,0.0,0.8708319067955017,12.916809,12.916809320449829
5754,145.28809189796448,0.8708319,0.8708319067955017,0.0,0.8708319067955017,12.916809,12.916809320449829
5755,145.31273651123047,0.8708319,0.8708319067955017,0.0,0.8708319067955017,12.916809,12.916809320449829
5756,145.3381905555725,0.8708319,0.8708319067955017,0.0,0.8708319067955017,12.916809,12.916809320449829
5757,145.36279582977295,0.8708319,0.8708319067955017,0.0,0.8708319067955017,12.916809,12.916809320449829
5758,145.38702011108398,0.8708319,0.8708319067955017,0.0,0.8708319067955017,12.916809,12.916809320449829
5759,145.41428995132446,0.8708319,0.8708319067955017,0.0,0.8708319067955017,12.916809,12.916809320449829
5760,145.44020199775696,0.8708319,0.8708319067955017,0.0,0.8708319067955017,12.916809,12.916809320449829
5761,145.46643805503845,0.8708319,0.8708319067955017,0.0,0.8708319067955017,12.916809,12.916809320449829
5762,145.49153637886047,0.8708319,0.8708319067955017,0.0,0.8708319067955017,12.916809,12.916809320449829
5763,145.5162010192871,0.8708319,0.8708319067955017,0.0,0.8708319067955017,12.916809,12.916809320449829
5764,145.54072499275208,0.8708319,0.8708319067955017,0.0,0.8708319067955017,12.916809,12.916809320449829
5765,145.5662362575531,0.8708319,0.8708319067955017,0.0,0.8708319067955017,12.916809,12.916809320449829
5766,145.59122443199158,0.8708319,0.8708319067955017,0.0,0.8708319067955017,12.916809,12.916809320449829
5767,145.61680054664612,0.8708319,0.8708319067955017,0.0,0.8708319067955017,12.916809,12.916809320449829
5768,145.64210271835327,0.8708319,0.8708319067955017,0.0,0.8708319067955017,12.916809,12.916809320449829
5769,145.66758251190186,0.8708319,0.8708319067955017,0.0,0.8708319067955017,12.916809,12.916809320449829
5770,145.6924831867218,0.8708319,0.8708319067955017,0.0,0.8708319067955017,12.916809,12.916809320449829
5771,145.7191801071167,0.8708319,0.8708319067955017,0.0,0.8708319067955017,12.916809,12.916809320449829
5772,145.74541330337524,0.8708319,0.8708319067955017,0.0,0.8708319067955017,12.916809,12.916809320449829
5773,145.77263808250427,0.8708319,0.8708319067955017,0.0,0.8708319067955017,12.916809,12.916809320449829
5774,145.79855728149414,0.8708319,0.8708319067955017,0.0,0.8708319067955017,12.916809,12.916809320449829
5775,145.82472372055054,0.8708319,0.8708319067955017,0.0,0.8708319067955017,12.916809,12.916809320449829
5776,145.84948587417603,0.8708319,0.8708319067955017,0.0,0.8708319067955017,12.916809,12.916809320449829
5777,145.87489557266235,0.8708319,0.8708319067955017,0.0,0.8708319067955017,12.916809,12.916809320449829
5778,145.89940237998962,0.8708319,0.8708319067955017,0.0,0.8708319067955017,12.916809,12.916809320449829
5779,145.92361903190613,0.8708319,0.8708319067955017,0.0,0.8708319067955017,12.916809,12.916809320449829
5780,145.94969391822815,0.8708319,0.8708319067955017,0.0,0.8708319067955017,12.916809,12.916809320449829
5781,145.97460103034973,0.8708319,0.8708319067955017,0.0,0.8708319067955017,12.916809,12.916809320449829
5782,146.00111556053162,0.8708319,0.8708319067955017,0.0,0.8708319067955017,12.916809,12.916809320449829
5783,146.0259187221527,0.8708319,0.8708319067955017,0.0,0.8708319067955017,12.916809,12.916809320449829
5784,146.05117893218994,0.8708319,0.8708319067955017,0.0,0.8708319067955017,12.916809,12.916809320449829
5785,146.0773389339447,0.8708319,0.8708319067955017,0.0,0.8708319067955017,12.916809,12.916809320449829
5786,146.10361981391907,0.8708319,0.8708319067955017,0.0,0.8708319067955017,12.916809,12.916809320449829
5787,146.12875747680664,0.8708319,0.8708319067955017,0.0,0.8708319067955017,12.916809,12.916809320449829
5788,146.15340518951416,0.8708319,0.8708319067955017,0.0,0.8708319067955017,12.916809,12.916809320449829
5789,146.17858624458313,0.8708319,0.8708319067955017,0.0,0.8708319067955017,12.916809,12.916809320449829
5790,146.20491909980774,0.8708319,0.8708319067955017,0.0,0.8708319067955017,12.916809,12.916809320449829
5791,146.2301459312439,0.8708319,0.8708319067955017,0.0,0.8708319067955017,12.916809,12.916809320449829
5792,146.25491070747375,0.8708319,0.8708319067955017,0.0,0.8708319067955017,12.916809,12.916809320449829
5793,146.27990770339966,0.8708319,0.8708319067955017,0.0,0.8708319067955017,12.916809,12.916809320449829
5794,146.30457067489624,0.8708319,0.8708319067955017,0.0,0.8708319067955017,12.916809,12.916809320449829
5795,146.32928824424744,0.8708319,0.8708319067955017,0.0,0.8708319067955017,12.916809,12.916809320449829
5796,146.3555142879486,0.8708319,0.8708319067955017,0.0,0.8708319067955017,12.916809,12.916809320449829
5797,146.37992191314697,0.8708319,0.8708319067955017,0.0,0.8708319067955017,12.916809,12.916809320449829
5798,146.405925989151,0.8708319,0.8708319067955017,0.0,0.8708319067955017,12.916809,12.916809320449829
5799,146.44050931930542,0.8708319,0.8708319067955017,0.0,0.8708319067955017,12.916809,12.916809320449829
5800,146.47579646110535,0.8708319,0.8708319067955017,0.0,0.8708319067955017,12.916809,12.916809320449829
5801,146.50734400749207,0.8708319,0.8708319067955017,0.0,0.8708319067955017,12.916809,12.916809320449829
5802,146.5340895652771,0.8708319,0.8708319067955017,0.0,0.8708319067955017,12.916809,12.916809320449829
5803,146.55899715423584,0.8708319,0.8708319067955017,0.0,0.8708319067955017,12.916809,12.916809320449829
5804,146.58372449874878,0.8708319,0.8708319067955017,0.0,0.8708319067955017,12.916809,12.916809320449829
5805,146.60866951942444,0.8708319,0.8708319067955017,0.0,0.8708319067955017,12.916809,12.916809320449829
5806,146.6335391998291,0.8708319,0.8708319067955017,0.0,0.8708319067955017,12.916809,12.916809320449829
5807,146.6580080986023,0.8708319,0.8708319067955017,0.0,0.8708319067955017,12.916809,12.916809320449829
5808,146.68400192260742,0.8708319,0.8708319067955017,0.0,0.8708319067955017,12.916809,12.916809320449829
5809,146.70971655845642,0.8708319,0.8708319067955017,0.0,0.8708319067955017,12.916809,12.916809320449829
5810,146.73443722724915,0.8708319,0.8708319067955017,0.0,0.8708319067955017,12.916809,12.916809320449829
5811,146.7598147392273,0.8708319,0.8708319067955017,0.0,0.8708319067955017,12.916809,12.916809320449829
5812,146.78581738471985,0.8708319,0.8708319067955017,0.0,0.8708319067955017,12.916809,12.916809320449829
5813,146.81100463867188,0.8708319,0.8708319067955017,0.0,0.8708319067955017,12.916809,12.916809320449829
5814,146.83564710617065,0.8708319,0.8708319067955017,0.0,0.8708319067955017,12.916809,12.916809320449829
5815,146.86170482635498,0.8708319,0.8708319067955017,0.0,0.8708319067955017,12.916809,12.916809320449829
5816,146.88555026054382,0.8708319,0.8708319067955017,0.0,0.8708319067955017,12.916809,12.916809320449829
5817,146.91129875183105,0.8708319,0.8708319067955017,0.0,0.8708319067955017,12.916809,12.916809320449829
5818,146.93628191947937,0.8708319,0.8708319067955017,0.0,0.8708319067955017,12.916809,12.916809320449829
5819,146.96183252334595,0.8708319,0.8708319067955017,0.0,0.8708319067955017,12.916809,12.916809320449829
5820,146.9872007369995,0.8708319,0.8708319067955017,0.0,0.8708319067955017,12.916809,12.916809320449829
5821,147.01331210136414,0.8708319,0.8708319067955017,0.0,0.8708319067955017,12.916809,12.916809320449829
5822,147.0380036830902,0.8708319,0.8708319067955017,0.0,0.8708319067955017,12.916809,12.916809320449829
5823,147.06312036514282,0.8708319,0.8708319067955017,0.0,0.8708319067955017,12.916809,12.916809320449829
5824,147.08978819847107,0.8708319,0.8708319067955017,0.0,0.8708319067955017,12.916809,12.916809320449829
5825,147.11397051811218,0.8708319,0.8708319067955017,0.0,0.8708319067955017,12.916809,12.916809320449829
5826,147.1395444869995,0.8708319,0.8708319067955017,0.0,0.8708319067955017,12.916809,12.916809320449829
5827,147.164715051651,0.8708319,0.8708319067955017,0.0,0.8708319067955017,12.916809,12.916809320449829
5828,147.19079780578613,0.8708319,0.8708319067955017,0.0,0.8708319067955017,12.916809,12.916809320449829
5829,147.21624398231506,0.8708319,0.8708319067955017,0.0,0.8708319067955017,12.916809,12.916809320449829
5830,147.24019312858582,0.8708319,0.8708319067955017,0.0,0.8708319067955017,12.916809,12.916809320449829
5831,147.26642417907715,0.8708319,0.8708319067955017,0.0,0.8708319067955017,12.916809,12.916809320449829
5832,147.2910017967224,0.8708319,0.8708319067955017,0.0,0.8708319067955017,12.916809,12.916809320449829
5833,147.31619930267334,0.8708319,0.8708319067955017,0.0,0.8708319067955017,12.916809,12.916809320449829
5834,147.34128952026367,0.8708319,0.8708319067955017,0.0,0.8708319067955017,12.916809,12.916809320449829
5835,147.36706829071045,0.8708319,0.8708319067955017,0.0,0.8708319067955017,12.916809,12.916809320449829
5836,147.39224672317505,0.8708319,0.8708319067955017,0.0,0.8708319067955017,12.916809,12.916809320449829
5837,147.4186635017395,0.8708319,0.8708319067955017,0.0,0.8708319067955017,12.916809,12.916809320449829
5838,147.44373965263367,0.8708319,0.8708319067955017,0.0,0.8708319067955017,12.916809,12.916809320449829
5839,147.47157216072083,0.8708319,0.8708319067955017,0.0,0.8708319067955017,12.916809,12.916809320449829
5840,147.49638557434082,0.8708319,0.8708319067955017,0.0,0.8708319067955017,12.916809,12.916809320449829
5841,147.52146220207214,0.8708319,0.8708319067955017,0.0,0.8708319067955017,12.916809,12.916809320449829
5842,147.54540944099426,0.8708319,0.8708319067955017,0.0,0.8708319067955017,12.916809,12.916809320449829
5843,147.57069158554077,0.8708319,0.8708319067955017,0.0,0.8708319067955017,12.916809,12.916809320449829
5844,147.59549975395203,0.8708319,0.8708319067955017,0.0,0.8708319067955017,12.916809,12.916809320449829
5845,147.62183117866516,0.8708319,0.8708319067955017,0.0,0.8708319067955017,12.916809,12.916809320449829
5846,147.64820313453674,0.8708319,0.8708319067955017,0.0,0.8708319067955017,12.916809,12.916809320449829
5847,147.67264819145203,0.8708319,0.8708319067955017,0.0,0.8708319067955017,12.916809,12.916809320449829
5848,147.69736099243164,0.8708319,0.8708319067955017,0.0,0.8708319067955017,12.916809,12.916809320449829
5849,147.72219491004944,0.8708319,0.8708319067955017,0.0,0.8708319067955017,12.916809,12.916809320449829
5850,147.74846506118774,0.8708319,0.8708319067955017,0.0,0.8708319067955017,12.916809,12.916809320449829
5851,147.774569272995,0.8708319,0.8708319067955017,0.0,0.8708319067955017,12.916809,12.916809320449829
5852,147.79927253723145,0.8708319,0.8708319067955017,0.0,0.8708319067955017,12.916809,12.916809320449829
5853,147.8257384300232,0.8708319,0.8708319067955017,0.0,0.8708319067955017,12.916809,12.916809320449829
5854,147.85519647598267,0.8708319,0.8708319067955017,0.0,0.8708319067955017,12.916809,12.916809320449829
5855,147.88183569908142,0.8708319,0.8708319067955017,0.0,0.8708319067955017,12.916809,12.916809320449829
5856,147.91039633750916,0.8708319,0.8708319067955017,0.0,0.8708319067955017,12.916809,12.916809320449829
5857,147.93632817268372,0.8708319,0.8708319067955017,0.0,0.8708319067955017,12.916809,12.916809320449829
5858,147.9613320827484,0.8708319,0.8708319067955017,0.0,0.8708319067955017,12.916809,12.916809320449829
5859,147.98727679252625,0.8708319,0.8708319067955017,0.0,0.8708319067955017,12.916809,12.916809320449829
5860,148.01185607910156,0.8708319,0.8708319067955017,0.0,0.8708319067955017,12.916809,12.916809320449829
5861,148.0370228290558,0.8708319,0.8708319067955017,0.0,0.8708319067955017,12.916809,12.916809320449829
5862,148.06235146522522,0.8708319,0.8708319067955017,0.0,0.8708319067955017,12.916809,12.916809320449829
5863,148.0865695476532,0.8708319,0.8708319067955017,0.0,0.8708319067955017,12.916809,12.916809320449829
5864,148.11256074905396,0.8708319,0.8708319067955017,0.0,0.8708319067955017,12.916809,12.916809320449829
5865,148.13654327392578,0.8708319,0.8708319067955017,0.0,0.8708319067955017,12.916809,12.916809320449829
5866,148.16200017929077,0.8708319,0.8708319067955017,0.0,0.8708319067955017,12.916809,12.916809320449829
5867,148.18670010566711,0.8708319,0.8708319067955017,0.0,0.8708319067955017,12.916809,12.916809320449829
5868,148.21202540397644,0.8708319,0.8708319067955017,0.0,0.8708319067955017,12.916809,12.916809320449829
5869,148.23732089996338,0.8708319,0.8708319067955017,0.0,0.8708319067955017,12.916809,12.916809320449829
5870,148.26247572898865,0.8708319,0.8708319067955017,0.0,0.8708319067955017,12.916809,12.916809320449829
5871,148.28711414337158,0.8708319,0.8708319067955017,0.0,0.8708319067955017,12.916809,12.916809320449829
5872,148.3123791217804,0.8708319,0.8708319067955017,0.0,0.8708319067955017,12.916809,12.916809320449829
5873,148.33740258216858,0.8708319,0.8708319067955017,0.0,0.8708319067955017,12.916809,12.916809320449829
5874,148.36219120025635,0.8708319,0.8708319067955017,0.0,0.8708319067955017,12.916809,12.916809320449829
5875,148.4096007347107,0.8708319,0.8680458664894104,0.002339954487979412,0.8625498414039612,12.916809,13.19541335105896
5876,148.4409236907959,0.8708319,0.8700085282325745,0.0006381425773724914,0.8687698245048523,12.916809,12.999147176742554
5877,148.46869015693665,0.8708319,0.8705753087997437,0.00019076057651545852,0.87009596824646,12.916809,12.942469120025635
5878,148.49389266967773,0.8708319,0.870740532875061,6.881087756482884e-05,0.8706361651420593,12.916809,12.925946712493896
5879,148.51951479911804,0.8708319,0.8708047866821289,2.1106547137605958e-05,0.8707500696182251,12.916809,12.91952133178711
5880,148.5442910194397,0.8708319,0.8708226084709167,1.4898503650329076e-05,0.8707985877990723,12.916809,12.917739152908325
5881,148.56921935081482,0.8708319,0.8708319067955017,0.0,0.8708319067955017,12.916809,12.916809320449829
5882,148.59325242042542,0.8708319,0.8708319067955017,0.0,0.8708319067955017,12.916809,12.916809320449829
5883,148.61879801750183,0.8708319,0.8708319067955017,0.0,0.8708319067955017,12.916809,12.916809320449829
5884,148.64478206634521,0.8708319,0.8708319067955017,0.0,0.8708319067955017,12.916809,12.916809320449829
5885,148.67289638519287,0.8708319,0.8708319067955017,0.0,0.8708319067955017,12.916809,12.916809320449829
5886,148.69750666618347,0.8708319,0.8708319067955017,0.0,0.8708319067955017,12.916809,12.916809320449829
5887,148.7222728729248,0.8708319,0.8708319067955017,0.0,0.8708319067955017,12.916809,12.916809320449829
5888,148.74706888198853,0.8708319,0.8708319067955017,0.0,0.8708319067955017,12.916809,12.916809320449829
5889,148.7715539932251,0.8708319,0.8708319067955017,0.0,0.8708319067955017,12.916809,12.916809320449829
5890,148.7961835861206,0.8708319,0.8708319067955017,0.0,0.8708319067955017,12.916809,12.916809320449829
5891,148.82065844535828,0.8708319,0.8708319067955017,0.0,0.8708319067955017,12.916809,12.916809320449829
5892,148.8454406261444,0.8708319,0.8708319067955017,0.0,0.8708319067955017,12.916809,12.916809320449829
5893,148.87031292915344,0.8708319,0.8708319067955017,0.0,0.8708319067955017,12.916809,12.916809320449829
5894,148.89559483528137,0.8708319,0.8708319067955017,0.0,0.8708319067955017,12.916809,12.916809320449829
5895,148.92043614387512,0.8708319,0.8708319067955017,0.0,0.8708319067955017,12.916809,12.916809320449829
5896,148.94466304779053,0.8708319,0.8708319067955017,0.0,0.8708319067955017,12.916809,12.916809320449829
5897,148.96955466270447,0.8708319,0.8708319067955017,0.0,0.8708319067955017,12.916809,12.916809320449829
5898,148.9938325881958,0.8708319,0.8708319067955017,0.0,0.8708319067955017,12.916809,12.916809320449829
5899,149.01891326904297,0.8708319,0.8708319067955017,0.0,0.8708319067955017,12.916809,12.916809320449829
5900,149.04470443725586,0.8708319,0.8708319067955017,0.0,0.8708319067955017,12.916809,12.916809320449829
5901,149.0700340270996,0.8708319,0.8708319067955017,0.0,0.8708319067955017,12.916809,12.916809320449829
5902,149.0953187942505,0.8708319,0.8708319067955017,0.0,0.8708319067955017,12.916809,12.916809320449829
5903,149.120450258255,0.8708319,0.8708319067955017,0.0,0.8708319067955017,12.916809,12.916809320449829
5904,149.14537811279297,0.8708319,0.8708319067955017,0.0,0.8708319067955017,12.916809,12.916809320449829
5905,149.17007994651794,0.8708319,0.8708319067955017,0.0,0.8708319067955017,12.916809,12.916809320449829
5906,149.1954860687256,0.8708319,0.8708319067955017,0.0,0.8708319067955017,12.916809,12.916809320449829
5907,149.22055506706238,0.8708319,0.8708319067955017,0.0,0.8708319067955017,12.916809,12.916809320449829
5908,149.245947599411,0.8708319,0.8708319067955017,0.0,0.8708319067955017,12.916809,12.916809320449829
5909,149.27031207084656,0.8708319,0.8708319067955017,0.0,0.8708319067955017,12.916809,12.916809320449829
5910,149.29464077949524,0.8708319,0.8708319067955017,0.0,0.8708319067955017,12.916809,12.916809320449829
5911,149.31871485710144,0.8708319,0.8708319067955017,0.0,0.8708319067955017,12.916809,12.916809320449829
5912,149.34338521957397,0.8708319,0.8708319067955017,0.0,0.8708319067955017,12.916809,12.916809320449829
5913,149.36776399612427,0.8708319,0.8708319067955017,0.0,0.8708319067955017,12.916809,12.916809320449829
5914,149.39460706710815,0.8708319,0.8708319067955017,0.0,0.8708319067955017,12.916809,12.916809320449829
5915,149.42373180389404,0.8708319,0.8708319067955017,0.0,0.8708319067955017,12.916809,12.916809320449829
5916,149.44997143745422,0.8708319,0.8708319067955017,0.0,0.8708319067955017,12.916809,12.916809320449829
5917,149.4753487110138,0.8708319,0.8708319067955017,0.0,0.8708319067955017,12.916809,12.916809320449829
5918,149.50191807746887,0.8708319,0.8708319067955017,0.0,0.8708319067955017,12.916809,12.916809320449829
5919,149.52704048156738,0.8708319,0.8708319067955017,0.0,0.8708319067955017,12.916809,12.916809320449829
5920,149.553857088089,0.8708319,0.8708319067955017,0.0,0.8708319067955017,12.916809,12.916809320449829
5921,149.57949709892273,0.8708319,0.8708319067955017,0.0,0.8708319067955017,12.916809,12.916809320449829
5922,149.60504698753357,0.8708319,0.8708319067955017,0.0,0.8708319067955017,12.916809,12.916809320449829
5923,149.6295144557953,0.8708319,0.8708319067955017,0.0,0.8708319067955017,12.916809,12.916809320449829
5924,149.65430092811584,0.8708319,0.8708319067955017,0.0,0.8708319067955017,12.916809,12.916809320449829
5925,149.6792151927948,0.8708319,0.8708319067955017,0.0,0.8708319067955017,12.916809,12.916809320449829
5926,149.70379519462585,0.8708319,0.8708319067955017,0.0,0.8708319067955017,12.916809,12.916809320449829
5927,149.72847032546997,0.8708319,0.8708319067955017,0.0,0.8708319067955017,12.916809,12.916809320449829
5928,149.75346517562866,0.8708319,0.8708319067955017,0.0,0.8708319067955017,12.916809,12.916809320449829
5929,149.77847290039062,0.8708319,0.8708319067955017,0.0,0.8708319067955017,12.916809,12.916809320449829
5930,149.80368542671204,0.8708319,0.8708319067955017,0.0,0.8708319067955017,12.916809,12.916809320449829
5931,149.82913446426392,0.8708319,0.8708319067955017,0.0,0.8708319067955017,12.916809,12.916809320449829
5932,149.85500860214233,0.8708319,0.8708319067955017,0.0,0.8708319067955017,12.916809,12.916809320449829
5933,149.88062143325806,0.8708319,0.8708319067955017,0.0,0.8708319067955017,12.916809,12.916809320449829
5934,149.92896628379822,0.8708545,0.8678981065750122,0.0027226440142840147,0.8620090484619141,12.914551,13.21018934249878
5935,149.96303701400757,0.8708545,0.8703255653381348,0.0005796320619992912,0.8689596652984619,12.914551,12.967443466186523
5936,149.98965525627136,0.8708545,0.8707737326622009,7.194720092229545e-05,0.8705649971961975,12.914551,12.922626733779907
5937,150.01689291000366,0.8708545,0.8708351254463196,1.573065856064204e-05,0.8707958459854126,12.914551,12.916487455368042
