generation,elapsed_time_sec,best,mean,std,worst,best_error,mean_error
1,0.039922475814819336,0.55371267,0.4485721290111542,0.03192141279578209,0.4054003357887268,44.628735,55.14278709888458
2,0.08626532554626465,0.5612961,0.4791075587272644,0.02714572101831436,0.44496965408325195,43.870388,52.08924412727356
3,0.12970185279846191,0.57240105,0.5055282711982727,0.02173200622200966,0.4760701060295105,42.759895,49.44717288017273
4,0.17435693740844727,0.59094036,0.5276650786399841,0.019517794251441956,0.5028499960899353,40.905964,47.23349213600159
5,0.21935486793518066,0.60931635,0.5480581521987915,0.019038699567317963,0.5235942602157593,39.068367,45.19418478012085
6,0.26523900032043457,0.6256367,0.5677186846733093,0.01805458404123783,0.5451418161392212,37.43633,43.22813153266907
7,0.31120944023132324,0.64235896,0.5858508348464966,0.01746715046465397,0.5627338886260986,35.764103,41.41491651535034
8,0.3552114963531494,0.64562774,0.6033236980438232,0.015618447214365005,0.5821077227592468,35.437225,39.667630195617676
9,0.4019491672515869,0.6719099,0.6199214458465576,0.014280403964221478,0.60098797082901,32.809006,38.00785541534424
10,0.44791698455810547,0.6719099,0.6335585713386536,0.012784353457391262,0.6174752712249756,32.809006,36.644142866134644
11,0.4878854751586914,0.69258976,0.6477333307266235,0.01299330499023199,0.6312512159347534,30.741024,35.22666692733765
12,0.5329792499542236,0.69258976,0.6607506275177002,0.011398298665881157,0.6452950239181519,30.741024,33.92493724822998
13,0.5707361698150635,0.6958326,0.6721165776252747,0.009250171482563019,0.6591110229492188,30.416739,32.788342237472534
14,0.6317751407623291,0.7043884,0.6813532114028931,0.0072289397940039635,0.6717768907546997,29.561161,31.864678859710693
15,0.681565523147583,0.7043884,0.6885600686073303,0.005701575428247452,0.6804765462875366,29.561161,31.143993139266968
16,0.7202713489532471,0.7169229,0.6948692798614502,0.0055846101604402065,0.6877778768539429,28.307713,30.51307201385498
17,0.7643249034881592,0.7241905,0.700739324092865,0.00596450874581933,0.6934278607368469,27.580952,29.9260675907135
18,0.8110897541046143,0.72555935,0.7067385315895081,0.005397066008299589,0.6997721195220947,27.444065,29.326146841049194
19,0.857149600982666,0.7305573,0.7124649286270142,0.005171734374016523,0.7057725191116333,26.944267,28.753507137298584
20,0.9013092517852783,0.7308343,0.7173901796340942,0.004473767708986998,0.7117446660995483,26.916569,28.260982036590576
21,0.9461674690246582,0.7309251,0.7216323018074036,0.003941836766898632,0.7166417837142944,26.907492,27.836769819259644
22,0.9903085231781006,0.73573387,0.7256170511245728,0.003095050109550357,0.721359372138977,26.426613,27.438294887542725
23,1.0379362106323242,0.740021,0.7289814949035645,0.0028490659315139055,0.7253252267837524,25.997902,27.101850509643555
24,1.0871937274932861,0.7408755,0.7320930361747742,0.002837321488186717,0.7285689115524292,25.912453,26.790696382522583
25,1.1347970962524414,0.7437098,0.7347586750984192,0.0028097392059862614,0.7312525510787964,25.62902,26.52413249015808
26,1.1807990074157715,0.74704874,0.7377951145172119,0.002722841687500477,0.7344051599502563,25.295126,26.22048854827881
27,1.2253553867340088,0.74757624,0.740348756313324,0.002442320343106985,0.737299919128418,25.242376,25.965124368667603
28,1.2698898315429688,0.7493298,0.7427337765693665,0.0021472733933478594,0.7399125099182129,25.06702,25.726622343063354
29,1.3146188259124756,0.7516542,0.7447836995124817,0.0019008462550118566,0.742440938949585,24.83458,25.52163004875183
30,1.3598320484161377,0.7526743,0.7466332316398621,0.0017284529749304056,0.7444028854370117,24.732573,25.336676836013794
31,1.405212640762329,0.75590056,0.7484662532806396,0.0017391600413247943,0.7463933825492859,24.409945,25.153374671936035
32,1.4485383033752441,0.75591975,0.7502446174621582,0.0017421413213014603,0.7481256723403931,24.408024,24.97553825378418
33,1.4930875301361084,0.75753933,0.751984179019928,0.0017118240939453244,0.7497918009757996,24.246067,24.801582098007202
34,1.5372893810272217,0.7588813,0.753710925579071,0.0017190434737131,0.7516542077064514,24.111874,24.628907442092896
35,1.5830035209655762,0.76186734,0.7554469704627991,0.001702920300886035,0.7532731294631958,23.813265,24.455302953720093
36,1.6305241584777832,0.76350653,0.7571910619735718,0.0016869447426870465,0.7551079988479614,23.649347,24.280893802642822
37,1.6776797771453857,0.7642932,0.7589234113693237,0.0018002933356910944,0.7567740678787231,23.57068,24.107658863067627
38,1.7236595153808594,0.7651137,0.7606441378593445,0.0016488500405102968,0.7585004568099976,23.488628,23.93558621406555
39,1.7890558242797852,0.76712334,0.7622746825218201,0.0014748675748705864,0.7603217959403992,23.287666,23.772531747817993
40,1.8504323959350586,0.77045715,0.763806164264679,0.0014361647190526128,0.7618943452835083,22.954285,23.619383573532104
41,1.8992228507995605,0.7707761,0.7652580142021179,0.001390462159179151,0.7635328769683838,22.92239,23.474198579788208
42,1.9444522857666016,0.7707761,0.7666316628456116,0.001355748507194221,0.764984130859375,22.92239,23.336833715438843
43,1.9820568561553955,0.77218527,0.7679441571235657,0.0013163408730179071,0.7663567066192627,22.781473,23.205584287643433
44,2.0302727222442627,0.7733433,0.7692476511001587,0.0012184501392766833,0.76771080493927,22.665668,23.07523488998413
45,2.0744051933288574,0.7747858,0.7704645395278931,0.0010885684750974178,0.7690516710281372,22.521418,22.953546047210693
46,2.1197710037231445,0.77601534,0.7715998888015747,0.0011858929647132754,0.7703583836555481,22.398466,22.84001111984253
47,2.1642956733703613,0.77682495,0.7728041410446167,0.0012385783484205604,0.7712854743003845,22.317505,22.71958589553833
48,2.209672451019287,0.77682495,0.7739361524581909,0.0010668301256373525,0.7726760506629944,22.317505,22.606384754180908
49,2.2464253902435303,0.77757037,0.7749615907669067,0.0009740381501615047,0.7736546993255615,22.242964,22.503840923309326
50,2.289949655532837,0.77977717,0.7760128974914551,0.00088690803386271,0.7748258709907532,22.022284,22.398710250854492
51,2.337808847427368,0.7805617,0.7769263386726379,0.0009847370674833655,0.7758831977844238,21.943832,22.307366132736206
52,2.383173942565918,0.7818574,0.7779132127761841,0.0010754980612546206,0.7766757607460022,21.814262,22.208678722381592
53,2.4282407760620117,0.7841769,0.7791211605072021,0.0012134056305512786,0.7777218222618103,21.582312,22.087883949279785
54,2.4722378253936768,0.7849089,0.7804214954376221,0.0013316792901605368,0.7788048386573792,21.509111,21.957850456237793
55,2.5176327228546143,0.7877832,0.7818886637687683,0.0014433326432481408,0.7800360918045044,21.22168,21.81113362312317
56,2.564336061477661,0.7883721,0.7833781242370605,0.0012516297865658998,0.7818232774734497,21.16279,21.662187576293945
57,2.609805107116699,0.78911984,0.7846052646636963,0.0012353039346635342,0.7831183671951294,21.088017,21.53947353363037
58,2.655151128768921,0.7905371,0.7858009338378906,0.001154281315393746,0.784515917301178,20.94629,21.419906616210938
59,2.70095157623291,0.7908669,0.7868088483810425,0.001236559241078794,0.785455048084259,20.91331,21.319115161895752
60,2.7447853088378906,0.7916418,0.7880405783653259,0.0011480482062324882,0.7864406108856201,20.835823,21.195942163467407
61,2.792181968688965,0.7945524,0.7891750335693359,0.001082475297152996,0.7879292368888855,20.544762,21.082496643066406
62,2.8366305828094482,0.7945524,0.7902454137802124,0.0010300816502422094,0.7890163660049438,20.544762,20.97545862197876
63,2.8753461837768555,0.79569966,0.7913346886634827,0.0010591703467071056,0.7901806235313416,20.430035,20.866531133651733
64,2.9202330112457275,0.7960886,0.7924318909645081,0.0010882256319746375,0.7911214232444763,20.391142,20.756810903549194
65,2.96476149559021,0.7971567,0.7936303019523621,0.0008561396971344948,0.792448878288269,20.28433,20.636969804763794
66,3.0104684829711914,0.7976757,0.7945135235786438,0.0008143807644955814,0.7935613393783569,20.232428,20.54864764213562
67,3.0552120208740234,0.79864794,0.7952901721000671,0.0010085671674460173,0.7943693995475769,20.135206,20.470982789993286
68,3.1003565788269043,0.79896015,0.7962785363197327,0.0010202158009633422,0.7948770523071289,20.103985,20.372146368026733
69,3.1454198360443115,0.7998419,0.7973208427429199,0.0006898071151226759,0.7962915897369385,20.015812,20.267915725708008
70,3.1889655590057373,0.8007578,0.7979961037635803,0.0006630399730056524,0.7972660064697266,19.924217,20.200389623641968
71,3.2335939407348633,0.8019208,0.7986359596252441,0.0007103972602635622,0.7978101968765259,19.807922,20.136404037475586
72,3.2782487869262695,0.80225563,0.7994166612625122,0.0006751153850927949,0.7985825538635254,19.774437,20.05833387374878
73,3.3242666721343994,0.8030531,0.8001466989517212,0.0008086260640993714,0.7993283867835999,19.694693,19.98533010482788
74,3.3719472885131836,0.8034221,0.8009754419326782,0.0009584877407178283,0.7999100089073181,19.657791,19.902455806732178
75,3.4193532466888428,0.80381095,0.8020071387290955,0.0007666488527320325,0.8006795644760132,19.618904,19.799286127090454
76,3.4662067890167236,0.8042139,0.8027697801589966,0.0004436361778061837,0.8021302819252014,19.578611,19.723021984100342
77,3.5134997367858887,0.8043498,0.8032135963439941,0.0003691716701723635,0.8027454018592834,19.565022,19.678640365600586
78,3.5573031902313232,0.80443764,0.8035950660705566,0.00033492923830635846,0.8031500577926636,19.556236,19.640493392944336
79,3.6063873767852783,0.8057167,0.8039416074752808,0.00027465648599900305,0.803573727607727,19.428331,19.605839252471924
80,3.654454469680786,0.8064905,0.8042029142379761,0.00033282802905887365,0.8039019703865051,19.350952,19.579708576202393
81,3.6991519927978516,0.8064905,0.804486870765686,0.0004498662892729044,0.8041272759437561,19.350952,19.551312923431396
82,3.7363297939300537,0.80721605,0.8049005270004272,0.0006180332857184112,0.8043487668037415,19.278395,19.509947299957275
83,3.7800283432006836,0.8087849,0.805525004863739,0.000715595087967813,0.8046814799308777,19.12151,19.4474995136261
84,3.827178478240967,0.8087849,0.8062660694122314,0.000738712667953223,0.805390477180481,19.12151,19.373393058776855
85,3.864152193069458,0.80995613,0.80707186460495,0.000837534258607775,0.8061783313751221,19.004387,19.292813539505005
86,3.911623001098633,0.81053406,0.8078700304031372,0.000828331452794373,0.8068117499351501,18.946594,19.21299695968628
87,3.957348346710205,0.81053406,0.8087083697319031,0.0005940274568274617,0.807748556137085,18.946594,19.129163026809692
88,3.996731996536255,0.81053406,0.8092870116233826,0.00044633023208007216,0.8087499141693115,18.946594,19.071298837661743
89,4.034827470779419,0.81175005,0.8097652792930603,0.0003481826570350677,0.8092342019081116,18.824995,19.02347207069397
90,4.080783367156982,0.8119941,0.8101025223731995,0.0003128016833215952,0.8097751140594482,18.800592,18.989747762680054
91,4.127098083496094,0.8131229,0.8104062080383301,0.00046418490819633007,0.8100534677505493,18.687708,18.959379196166992
92,4.172401189804077,0.8138436,0.8108247518539429,0.0007820206228643656,0.8103067874908447,18.615639,18.917524814605713
93,4.216831207275391,0.8139708,0.8114545941352844,0.0010810953099280596,0.8105245232582092,18.60292,18.854540586471558
94,4.2615368366241455,0.81409436,0.8124796748161316,0.000961873447522521,0.8107773661613464,18.590563,18.75203251838684
95,4.3065454959869385,0.81437504,0.813393235206604,0.0003355323860887438,0.8129098415374756,18.562496,18.6606764793396
96,4.351327657699585,0.81465507,0.8136977553367615,0.0002809734723996371,0.8133485913276672,18.534492,18.630224466323853
97,4.39820671081543,0.81627953,0.8139903545379639,0.00026778437313623726,0.8136462569236755,18.372047,18.600964546203613
98,4.44360089302063,0.81627965,0.8142533302307129,0.00032417019247077405,0.8139723539352417,18.372036,18.57466697692871
99,4.488719701766968,0.8166542,0.8145210146903992,0.0004859692126046866,0.8141939640045166,18.33458,18.547898530960083
100,4.534931898117065,0.81717193,0.8149285316467285,0.0007172769401222467,0.8143714070320129,18.282806,18.50714683532715
101,4.581361532211304,0.81735456,0.8155239224433899,0.0008466385188512504,0.8146458864212036,18.264544,18.44760775566101
102,4.627225875854492,0.8175672,0.8163791298866272,0.0005801263614557683,0.8151602149009705,18.243277,18.36208701133728
103,4.67335319519043,0.81761104,0.8168731331825256,0.0002756365283858031,0.8164998292922974,18.238895,18.312686681747437
104,4.719140291213989,0.8177364,0.8171364665031433,0.00021513337560463697,0.8168395757675171,18.22636,18.28635334968567
105,4.762809753417969,0.81821984,0.8173605799674988,0.00017375481547787786,0.8171457052230835,18.178017,18.263942003250122
106,4.807734251022339,0.8182977,0.8175432085990906,0.00017042904801201075,0.8173348307609558,18.17023,18.245679140090942
107,4.853038311004639,0.818607,0.817715585231781,0.00020476453937590122,0.8175306916236877,18.139303,18.2284414768219
108,4.9270408153533936,0.81972194,0.8158165812492371,0.0020397789776325226,0.811268150806427,18.027805,18.418341875076294
109,4.97130012512207,0.8198362,0.8176531195640564,0.000739762035664171,0.8165131211280823,18.01638,18.23468804359436
110,5.016376495361328,0.8201669,0.8183199167251587,0.0006715705385431647,0.8175190687179565,17.98331,18.16800832748413
111,5.060779094696045,0.8201669,0.8189285397529602,0.0005289762048050761,0.8181835412979126,17.98331,18.10714602470398
112,5.098395347595215,0.821497,0.8194751143455505,0.0003671457525342703,0.8188354969024658,17.850298,18.052488565444946
113,5.143172025680542,0.821497,0.819816529750824,0.00032759777968749404,0.8194926381111145,17.850298,18.018347024917603
114,5.181015253067017,0.82163393,0.8201027512550354,0.0004209821636322886,0.8197337985038757,17.836607,17.98972487449646
115,5.2255699634552,0.8216352,0.8204782605171204,0.00046252741594798863,0.819932222366333,17.836481,17.952173948287964
116,5.2712626457214355,0.822309,0.8208945393562317,0.00045202943147160113,0.820425271987915,17.769098,17.91054606437683
117,5.316963195800781,0.8225512,0.8213468194007874,0.00033641865593381226,0.8206758499145508,17.74488,17.865318059921265
118,5.36469030380249,0.8225623,0.8216617107391357,0.00023514004715252668,0.8214791417121887,17.743773,17.833828926086426
119,5.412198543548584,0.82341427,0.8218697309494019,0.000334596901666373,0.8215799927711487,17.658573,17.813026905059814
120,5.458174705505371,0.8234487,0.8221849799156189,0.00037395666004158556,0.821723997592926,17.655128,17.78150200843811
121,5.505991458892822,0.82368565,0.8226035237312317,0.00031662339461036026,0.8222616910934448,17.631435,17.73964762687683
122,5.550913333892822,0.82368565,0.822893500328064,0.00036760439979843795,0.8225511908531189,17.631435,17.710649967193604
123,5.590225696563721,0.82377136,0.8232389688491821,0.0003065442433580756,0.8227145671844482,17.622864,17.676103115081787
124,5.636542797088623,0.8239444,0.8235109448432922,0.00012756201613228768,0.8233500719070435,17.60556,17.648905515670776
125,5.683448791503906,0.8240157,0.8236315250396729,0.00011870117305079475,0.8234736919403076,17.598433,17.636847496032715
126,5.729021072387695,0.82401663,0.8237545490264893,0.00010103536624228582,0.823627233505249,17.598337,17.624545097351074
127,5.7723493576049805,0.8241414,0.8238591551780701,9.208438132191077e-05,0.8237357139587402,17.585861,17.614084482192993
128,5.818928956985474,0.8245067,0.8239650726318359,8.973036892712116e-05,0.8238538503646851,17.54933,17.603492736816406
129,5.864189386367798,0.82459474,0.824061930179596,0.00010968209244310856,0.8239507079124451,17.540527,17.593806982040405
130,5.908979892730713,0.82488304,0.8241750597953796,0.00015105269267223775,0.8240320682525635,17.511696,17.582494020462036
131,5.954769611358643,0.8249372,0.8243273496627808,0.00020319121540524065,0.8241428732872009,17.506277,17.567265033721924
132,5.999483346939087,0.8255404,0.8245305418968201,0.00023797128233127296,0.8242451548576355,17.445957,17.546945810317993
133,6.045858860015869,0.8255404,0.8247896432876587,0.00018580444157123566,0.8245067000389099,17.445957,17.52103567123413
134,6.088172674179077,0.8257836,0.8249866962432861,0.00019683415303006768,0.8247952461242676,17.421638,17.501330375671387
135,6.135037183761597,0.8260451,0.8251809477806091,0.0002345993125345558,0.8249357342720032,17.39549,17.481905221939087
136,6.179996728897095,0.8260579,0.8254039287567139,0.00023962494742590934,0.8251172304153442,17.394209,17.459607124328613
137,6.225530624389648,0.8264609,0.8256736397743225,0.00021076689881738275,0.8254039287567139,17.35391,17.43263602256775
138,6.270086288452148,0.8268114,0.8259010314941406,0.00022954787709750235,0.8256317973136902,17.318863,17.409896850585938
139,6.314512729644775,0.82681304,0.8261435627937317,0.0002312586730113253,0.8258569240570068,17.318695,17.38564372062683
140,6.360488653182983,0.82708216,0.826379656791687,0.00021371366165112704,0.8261048793792725,17.291784,17.3620343208313
141,6.406665086746216,0.82714176,0.8265963792800903,0.000192858133232221,0.82634437084198,17.285824,17.340362071990967
142,6.451946258544922,0.8272967,0.8267969489097595,0.00016019516624510288,0.8265707492828369,17.270332,17.320305109024048
143,6.4935142993927,0.8274293,0.8269688487052917,0.00013894574658479542,0.8267936706542969,17.25707,17.303115129470825
144,6.539172172546387,0.8275665,0.8271194696426392,0.00012728376896120608,0.8269596695899963,17.24335,17.288053035736084
145,6.585407018661499,0.8276406,0.8272520899772644,0.00012259339564479887,0.8270995020866394,17.23594,17.27479100227356
146,6.632150411605835,0.827924,0.8273831605911255,0.00011536195961525664,0.8272444009780884,17.2076,17.26168394088745
147,6.676721096038818,0.827968,0.8274921178817749,0.00012813023931812495,0.8273564577102661,17.2032,17.25078821182251
148,6.722161531448364,0.8280699,0.827622652053833,0.00013257274986244738,0.8274492025375366,17.193008,17.2377347946167
149,6.768960475921631,0.8284962,0.8277820348739624,0.0001358120935037732,0.8276194930076599,17.15038,17.22179651260376
150,6.812899112701416,0.8284962,0.8279355764389038,0.00013796989514958113,0.8277588486671448,17.15038,17.20644235610962
151,6.850188255310059,0.82853407,0.8280797600746155,0.00012148173118475825,0.8279295563697815,17.146593,17.192023992538452
152,6.892631530761719,0.8286656,0.8281919360160828,0.00012849752965848893,0.8280612826347351,17.133438,17.180806398391724
153,6.93871808052063,0.82867956,0.8283135890960693,0.000126074708532542,0.828169047832489,17.132044,17.168641090393066
154,6.983354806900024,0.82881415,0.8284440040588379,9.957802103599533e-05,0.8282779455184937,17.118586,17.15559959411621
155,7.028214931488037,0.82887006,0.8285391330718994,6.579807086382061e-05,0.8284622430801392,17.112995,17.14608669281006
156,7.073511362075806,0.82887006,0.8285990953445435,7.387182267848402e-05,0.8285250067710876,17.112995,17.140090465545654
157,7.110293388366699,0.82894206,0.8286764025688171,7.959885988384485e-05,0.828576385974884,17.105793,17.132359743118286
158,7.155470848083496,0.82906455,0.8287535309791565,7.960603397805244e-05,0.8286656141281128,17.093546,17.12464690208435
159,7.19987416267395,0.82908654,0.8288314938545227,6.680554361082613e-05,0.8287321925163269,17.091347,17.11685061454773
160,7.243767499923706,0.8297016,0.828906238079071,9.027878695633262e-05,0.8288207650184631,17.02984,17.109376192092896
161,7.288235664367676,0.8297016,0.8289856910705566,0.00012280329247005284,0.828891396522522,17.02984,17.101430892944336
162,7.325643539428711,0.82995504,0.829104483127594,0.00017646426567807794,0.828933596611023,17.004496,17.0895516872406
163,7.371947765350342,0.8300021,0.8292763233184814,0.00020666554337367415,0.8290917873382568,16.999786,17.072367668151855
164,7.416826963424683,0.8300323,0.8294614553451538,0.0002415633061900735,0.829200804233551,16.99677,17.05385446548462
165,7.462429761886597,0.8305354,0.8297330141067505,0.00020662497263401747,0.8294161558151245,16.946459,17.02669858932495
166,7.5076727867126465,0.83083105,0.8299566507339478,0.00019392980902921408,0.8297266364097595,16.916895,17.004334926605225
167,7.552402973175049,0.83083844,0.8301592469215393,0.00020641325681935996,0.8299550414085388,16.916157,16.98407530784607
168,7.597795724868774,0.83083844,0.8303491473197937,0.00020665235933847725,0.830108106136322,16.916157,16.96508526802063
169,7.63709831237793,0.8309708,0.8305648565292358,0.00015374469512607902,0.8303099274635315,16.902918,16.943514347076416
170,7.68414044380188,0.8309837,0.8307152986526489,9.790764306671917e-05,0.8305738568305969,16.90163,16.928470134735107
171,7.7293620109558105,0.83117604,0.8308171033859253,7.988356082933024e-05,0.8307142853736877,16.882397,16.91828966140747
172,7.7745091915130615,0.8313087,0.8308990597724915,7.929356070235372e-05,0.8308227062225342,16.869127,16.910094022750854
173,7.820885419845581,0.8313087,0.8309765458106995,8.689513924764469e-05,0.8308743238449097,16.869127,16.902345418930054
174,7.858565807342529,0.8315799,0.8310670256614685,0.00011820752843050286,0.8309635519981384,16.842007,16.89329743385315
175,7.903042554855347,0.83178174,0.8311822414398193,0.00016029966354835778,0.8310299515724182,16.821825,16.881775856018066
176,7.94818377494812,0.8319197,0.8313471078872681,0.0001802450424293056,0.831125020980835,16.808027,16.865289211273193
177,7.99459171295166,0.83228976,0.8315256237983704,0.0001542675163364038,0.8313260078430176,16.771025,16.847437620162964
178,8.040042400360107,0.8326635,0.8316780924797058,0.0001622412819415331,0.8315017223358154,16.733652,16.83219075202942
179,8.08510160446167,0.8328661,0.8318419456481934,0.00020136922830715775,0.8316466808319092,16.713392,16.815805435180664
180,8.132309436798096,0.8332551,0.8320193886756897,0.0002605094341561198,0.8317939043045044,16.674488,16.79806113243103
181,8.179493427276611,0.83333653,0.8322617411613464,0.0003688463766593486,0.8319348692893982,16.666348,16.773825883865356
182,8.22765302658081,0.8337173,0.8326044082641602,0.00040415729745291173,0.8321226239204407,16.628271,16.739559173583984
183,8.273120403289795,0.8339568,0.8330417275428772,0.00032267565256915987,0.8325234651565552,16.604322,16.69582724571228
184,8.318351984024048,0.8341339,0.8333640098571777,0.00024769807350821793,0.8330345749855042,16.586607,16.663599014282227
185,8.36422348022461,0.8342018,0.8336049318313599,0.00022119154164101928,0.8332924842834473,16.579819,16.639506816864014
186,8.409284353256226,0.8346174,0.8338398933410645,0.0001855873706517741,0.8335983157157898,16.538261,16.616010665893555
187,8.454304695129395,0.835208,0.8340452313423157,0.00019937314209528267,0.8338178992271423,16.4792,16.595476865768433
188,8.499000310897827,0.835208,0.8342463970184326,0.00021082667808514088,0.8339846730232239,16.4792,16.57536029815674
189,8.536291122436523,0.8354446,0.8344659209251404,0.0002297840255778283,0.8342069387435913,16.455538,16.553407907485962
190,8.5819411277771,0.8354601,0.8347062468528748,0.00023741131008137017,0.8344203233718872,16.453987,16.529375314712524
191,8.62795114517212,0.83564806,0.8349562883377075,0.0002463000128045678,0.8346706628799438,16.435194,16.504371166229248
192,8.67460012435913,0.8357366,0.8351992964744568,0.00022944594093132764,0.8348777294158936,16.426342,16.48007035255432
193,8.721485376358032,0.8367344,0.8354377150535583,0.000191756640560925,0.8352009654045105,16.32656,16.456228494644165
194,8.763606786727905,0.8367344,0.8356247544288635,0.0001554041518829763,0.8354446291923523,16.32656,16.437524557113647
195,8.801769495010376,0.8368291,0.8357657194137573,0.00022963686205912381,0.8356078863143921,16.317087,16.423428058624268
196,8.845910787582397,0.8368886,0.835934579372406,0.00033874931978061795,0.8357090950012207,16.311138,16.4065420627594
197,8.890666484832764,0.8370161,0.8361866474151611,0.00041873613372445107,0.8358007073402405,16.29839,16.381335258483887
198,8.935921669006348,0.837046,0.8365844488143921,0.00032202430884353817,0.8359326124191284,16.295397,16.34155511856079
199,8.981799840927124,0.83717924,0.8368421792984009,9.085437341127545e-05,0.8367117047309875,16.282076,16.315782070159912
200,9.026244640350342,0.8372268,0.8369256854057312,7.657497189939022e-05,0.8368293046951294,16.277319,16.30743145942688
201,9.072149991989136,0.8372806,0.8370039463043213,8.541109127691016e-05,0.836911141872406,16.271942,16.29960536956787
202,9.11719036102295,0.83733904,0.8370930552482605,9.214822784997523e-05,0.8369811773300171,16.266096,16.29069447517395
203,9.162501811981201,0.83750886,0.8371937274932861,8.538102702004835e-05,0.8370670080184937,16.249115,16.280627250671387
204,9.206711769104004,0.8376533,0.8372796177864075,6.0300222685327753e-05,0.837200403213501,16.234673,16.272038221359253
205,9.250974893569946,0.83821714,0.8373469710350037,8.982050349004567e-05,0.8372800946235657,16.178286,16.265302896499634
206,9.295269250869751,0.83825284,0.837422251701355,0.00014960307453293353,0.8373280167579651,16.174715,16.257774829864502
207,9.34114956855774,0.8384086,0.8375459313392639,0.00021967124484945089,0.8373719453811646,16.159142,16.24540686607361
208,9.385902643203735,0.8385912,0.8377333879470825,0.00027485177270136774,0.8374789953231812,16.140879,16.226661205291748
209,9.430594682693481,0.83870447,0.8379679322242737,0.0003058335860259831,0.8376344442367554,16.129553,16.203206777572632
210,9.474950313568115,0.839155,0.8383017778396606,0.0002211380488006398,0.8379367589950562,16.084497,16.169822216033936
211,9.519784450531006,0.83933467,0.838520884513855,0.0002181577729061246,0.8382668495178223,16.066534,16.147911548614502
212,9.564656257629395,0.83933467,0.8387259244918823,0.00020961948030162603,0.8385410308837891,16.066534,16.127407550811768
213,9.602244853973389,0.8393859,0.8389062285423279,0.00022898719180375338,0.838627278804779,16.061407,16.109377145767212
214,9.64769721031189,0.8395333,0.839143693447113,0.00015353901835624129,0.83889240026474,16.046667,16.085630655288696
215,9.698141813278198,0.8395791,0.8392782211303711,8.226456702686846e-05,0.839180052280426,16.04209,16.07217788696289
216,9.748181819915771,0.83967495,0.8393644094467163,7.504600216634572e-05,0.8392645120620728,16.032505,16.06355905532837
217,9.792893171310425,0.8400081,0.8394397497177124,8.31444122013636e-05,0.8393564224243164,15.999192,16.05602502822876
218,9.837852239608765,0.84031117,0.8395284414291382,0.0001152610857388936,0.8394184708595276,15.9688835,16.04715585708618
219,9.882957696914673,0.8404552,0.8396347761154175,0.00017525260045658797,0.8395196795463562,15.954483,16.036522388458252
220,9.927982568740845,0.8404552,0.8397693634033203,0.0002525602176319808,0.8395800590515137,15.954483,16.02306365966797
221,9.965917110443115,0.84066576,0.8399904370307922,0.0002859625674318522,0.8396638631820679,15.933424,16.000956296920776
222,10.010580778121948,0.84066576,0.8402887582778931,0.00013526056136470288,0.8400027751922607,15.933424,15.971124172210693
223,10.04745626449585,0.84079397,0.8404117226600647,9.438941197004169e-05,0.8403007388114929,15.920603,15.95882773399353
224,10.09410047531128,0.84086573,0.8405057787895203,0.00010279596608597785,0.8404016494750977,15.913427,15.949422121047974
225,10.139353036880493,0.8411045,0.8406005501747131,0.00012474095274228603,0.8404688835144043,15.889549,15.939944982528687
226,10.184879541397095,0.8411045,0.8407427072525024,0.00011183167953277007,0.8405643701553345,15.889549,15.925729274749756
227,10.223219394683838,0.8411458,0.8408567905426025,9.098673763219267e-05,0.840740442276001,15.885419,15.914320945739746
228,10.270496368408203,0.84126806,0.8409430980682373,8.97631180123426e-05,0.8408501148223877,15.873194,15.90569019317627
229,10.32147741317749,0.8414444,0.8410270810127258,0.00010199000826105475,0.8409124612808228,15.855562,15.897291898727417
230,10.367656707763672,0.841611,0.841139554977417,8.873637125361711e-05,0.8410105109214783,15.838898,15.8860445022583
231,10.413111925125122,0.8416192,0.8412281274795532,0.00010883621143875644,0.8411217331886292,15.83808,15.877187252044678
232,10.45865511894226,0.8418145,0.8413395285606384,0.0001391583791701123,0.8411960005760193,15.818548,15.866047143936157
233,10.503714561462402,0.84187365,0.8414931297302246,0.0001298990100622177,0.841294527053833,15.812635,15.850687026977539
234,10.547337532043457,0.84206903,0.8416388034820557,0.00011855275079142302,0.841495931148529,15.793097,15.836119651794434
235,10.59143853187561,0.8421675,0.8417558670043945,0.00011773080041166395,0.8416130542755127,15.783251,15.824413299560547
236,10.63607144355774,0.8422772,0.8419008851051331,0.00010995825141435489,0.841748833656311,15.772277,15.809911489486694
237,10.681636333465576,0.8424066,0.8420219421386719,0.00010882221977226436,0.8418931365013123,15.759343,15.797805786132812
238,10.726299047470093,0.8425543,0.8421406745910645,0.0001076828339137137,0.8420032858848572,15.744573,15.785932540893555
239,10.772148847579956,0.8430361,0.8422580361366272,0.00010581117385299876,0.842125415802002,15.696388,15.77419638633728
240,10.819315910339355,0.8431653,0.8423600196838379,0.0001347881625406444,0.8422573804855347,15.683472,15.763998031616211
241,10.864475727081299,0.8434936,0.8424922227859497,0.00023243488976731896,0.8423292636871338,15.650642,15.75077772140503
242,10.910422563552856,0.8434936,0.8426841497421265,0.0003172658907715231,0.842404305934906,15.650642,15.731585025787354
243,10.947941064834595,0.84350735,0.842995285987854,0.0003009762440342456,0.8425316214561462,15.649265,15.7004714012146
244,10.993407249450684,0.84418905,0.8432863354682922,0.00014667422510683537,0.8430756330490112,15.581095,15.671366453170776
245,11.037614583969116,0.8442265,0.8434233665466309,0.0001532894093543291,0.8432688117027283,15.577353,15.657663345336914
246,11.081768274307251,0.84431714,0.8435707092285156,0.00020252098329365253,0.8433998823165894,15.568286,15.642929077148438
247,11.127175569534302,0.84475845,0.843748152256012,0.00026727377553470433,0.843506932258606,15.524155,15.625184774398804
248,11.171555519104004,0.8450669,0.844012439250946,0.0003221585357096046,0.8436511158943176,15.493309,15.598756074905396
249,11.216790914535522,0.8451981,0.8443682193756104,0.0002576249826233834,0.8439206480979919,15.48019,15.563178062438965
250,11.262581586837769,0.84536886,0.8446201682090759,0.00021150821703486145,0.8443418145179749,15.463114,15.537983179092407
251,11.306701183319092,0.84536886,0.8448383808135986,0.00017820243374444544,0.8445953130722046,15.463114,15.516161918640137
252,11.346065521240234,0.8455318,0.8450258374214172,0.00015221326611936092,0.8448267579078674,15.446817,15.497416257858276
253,11.390782117843628,0.84558356,0.8451802730560303,0.00013835127174388617,0.8450009226799011,15.441645,15.481972694396973
254,11.43566608428955,0.84564286,0.8453134298324585,0.00011478558008093387,0.8451569676399231,15.435714,15.46865701675415
255,11.482088327407837,0.84580165,0.8454278707504272,9.975080320145935e-05,0.8452976942062378,15.419835,15.457212924957275
256,11.528100728988647,0.8459669,0.8455371260643005,0.0001040556890075095,0.8454124927520752,15.403313,15.446287393569946
257,11.57438325881958,0.84606135,0.8456452488899231,0.00011231347161810845,0.8455176949501038,15.393866,15.43547511100769
258,11.620031356811523,0.84618294,0.845765233039856,0.00011498077947180718,0.8456249237060547,15.381706,15.423476696014404
259,11.662705659866333,0.84637433,0.8458927869796753,0.00011329215340083465,0.8457584977149963,15.362567,15.41072130203247
260,11.710585117340088,0.84646165,0.8460118174552917,0.00012403930304571986,0.8458725214004517,15.353834,15.398818254470825
261,11.764729738235474,0.8464929,0.8461418747901917,0.00012141393381170928,0.8459740281105042,15.350712,15.385812520980835
262,11.827578783035278,0.8466321,0.846265435218811,9.716640488477424e-05,0.8461396098136902,15.336788,15.373456478118896
263,11.875840663909912,0.8466575,0.8463545441627502,8.304011862492189e-05,0.846250057220459,15.334249,15.364545583724976
264,11.921735048294067,0.84674835,0.8464365005493164,9.140442125499249e-05,0.8463359475135803,15.325165,15.35634994506836
265,11.96541166305542,0.8468839,0.846528947353363,9.907761705107987e-05,0.8464050889015198,15.311611,15.347105264663696
266,12.009817838668823,0.8469608,0.8466427326202393,8.792110747890547e-05,0.8465368151664734,15.303922,15.335726737976074
267,12.055629014968872,0.846996,0.8467236161231995,9.02957035577856e-05,0.8466321229934692,15.300399,15.327638387680054
268,12.098355293273926,0.847015,0.8468216061592102,8.46902112243697e-05,0.8466938138008118,15.298498,15.31783938407898
269,12.142974376678467,0.8471941,0.8469135761260986,5.5470391089329496e-05,0.8468322157859802,15.280592,15.308642387390137
270,12.188360691070557,0.8471941,0.8469718098640442,5.5117299780249596e-05,0.8469069004058838,15.280592,15.302819013595581
271,12.229246139526367,0.8472477,0.8470298051834106,6.686303822789341e-05,0.8469659090042114,15.2752285,15.297019481658936
272,12.27710747718811,0.8472853,0.8470985293388367,7.454288424924016e-05,0.8470085263252258,15.271473,15.290147066116333
273,12.32495903968811,0.8473201,0.8471782207489014,5.90006384300068e-05,0.8470807671546936,15.267992,15.282177925109863
274,12.373969078063965,0.84737754,0.8472363948822021,4.0827882912708446e-05,0.8471866846084595,15.262246,15.276360511779785
275,12.423620700836182,0.8473948,0.8472782969474792,3.621112773544155e-05,0.8472318649291992,15.260517,15.272170305252075
276,12.472000122070312,0.8474418,0.8473187685012817,3.644639582489617e-05,0.847274899482727,15.255821,15.268123149871826
277,12.51851487159729,0.84769654,0.8473560810089111,3.9467940950999036e-05,0.8473114371299744,15.230346,15.264391899108887
278,12.56733751296997,0.8477603,0.8473923802375793,5.14731727889739e-05,0.8473477363586426,15.2239685,15.260761976242065
279,12.612439632415771,0.8477603,0.8474367260932922,6.84656624798663e-05,0.8473798036575317,15.2239685,15.256327390670776
280,12.651044845581055,0.847829,0.8474981784820557,9.534463606541976e-05,0.8474186658859253,15.217102,15.250182151794434
281,12.697812557220459,0.84797573,0.8475832939147949,0.00012094372505089268,0.8474631905555725,15.202427,15.241670608520508
282,12.742284774780273,0.84804255,0.8477096557617188,0.00011957341484958306,0.8475329875946045,15.195745,15.229034423828125
283,12.787226676940918,0.84806085,0.847837507724762,7.911545253591612e-05,0.847733199596405,15.193915,15.216249227523804
284,12.83267593383789,0.8481396,0.8479140996932983,6.585034861927852e-05,0.8478282690048218,15.186042,15.208590030670166
285,12.876939058303833,0.84818465,0.8479863405227661,5.663853153237142e-05,0.8479090332984924,15.181536,15.201365947723389
286,12.922854661941528,0.84826505,0.8480461835861206,5.1616367272799835e-05,0.8479788899421692,15.173494,15.19538164138794
287,12.969122648239136,0.84826505,0.8481037020683289,5.0558202929096296e-05,0.8480425477027893,15.173494,15.189629793167114
288,13.007320404052734,0.8482967,0.8481588959693909,5.027332008467056e-05,0.8480944633483887,15.17033,15.184110403060913
289,13.052375316619873,0.8483676,0.8482095003128052,4.4149488530820236e-05,0.8481494188308716,15.163242,15.179049968719482
290,13.098947048187256,0.8486086,0.848262369632721,5.077233072370291e-05,0.8482036590576172,15.139139,15.173763036727905
291,13.144743919372559,0.8487927,0.8483161926269531,6.535567808896303e-05,0.848255455493927,15.120733,15.168380737304688
292,13.188564777374268,0.84882224,0.8483741283416748,8.610974327893928e-05,0.8483000993728638,15.117777,15.16258716583252
293,13.236113786697388,0.84882224,0.848444402217865,0.00011052274203393608,0.8483539819717407,15.117777,15.155559778213501
294,13.27641773223877,0.8490567,0.848545491695404,0.00014303618809208274,0.8484018445014954,15.094328,15.145450830459595
295,13.324219465255737,0.8491812,0.8486923575401306,0.00014276560978032649,0.8484888672828674,15.081882,15.130764245986938
296,13.369171857833862,0.8491812,0.8488458395004272,0.00012187406537123024,0.8486853241920471,15.081882,15.115416049957275
297,13.407364845275879,0.84929353,0.8489744067192078,0.00011398485366953537,0.8488321304321289,15.070647,15.102559328079224
298,13.45092511177063,0.8494695,0.8490922451019287,0.00010204093268839642,0.8489441871643066,15.053052,15.090775489807129
299,13.495009660720825,0.8495372,0.8492008447647095,9.899805445456877e-05,0.8490889668464661,15.046281,15.079915523529053
300,13.539767265319824,0.84962493,0.849306046962738,0.00010890701378230006,0.8491777777671814,15.037507,15.069395303726196
301,13.586795330047607,0.849797,0.8494280576705933,9.453447273699567e-05,0.8492992520332336,15.020299,15.057194232940674
302,13.634946346282959,0.84986615,0.8495237231254578,9.84206490102224e-05,0.8494163751602173,15.013385,15.047627687454224
303,13.681235074996948,0.84997237,0.8496190309524536,0.00011054996866732836,0.8494937419891357,15.002764,15.038096904754639
304,13.724146366119385,0.8499881,0.8497330546379089,0.00010214807116426528,0.8495921492576599,15.00119,15.026694536209106
305,13.768379211425781,0.8501845,0.8498507738113403,9.101841715164483e-05,0.8497257232666016,14.98155,15.014922618865967
306,13.813944101333618,0.850433,0.8499536514282227,0.00010663152352208272,0.8498422503471375,14.956701,15.004634857177734
307,13.859631776809692,0.85061365,0.8500649929046631,0.00014712098345626146,0.8499348759651184,14.938635,14.993500709533691
308,13.904706716537476,0.8506882,0.8502200841903687,0.00018512325186748058,0.8500152826309204,14.931178,14.977991580963135
309,13.951210737228394,0.8507675,0.8504136204719543,0.00016542778757866472,0.8501688838005066,14.92325,14.958637952804565
310,13.996037006378174,0.8509213,0.850584089756012,9.314547060057521e-05,0.8504390120506287,14.907873,14.941591024398804
311,14.041711330413818,0.85180926,0.850683331489563,0.00010215862130280584,0.8505899906158447,14.819074,14.931666851043701
312,14.087044954299927,0.8518382,0.850764811038971,0.00015604065265506506,0.8506704568862915,14.816183,14.923518896102905
313,14.133730173110962,0.85194147,0.8508877158164978,0.00026988430181518197,0.8507338762283325,14.805853,14.91122841835022
314,14.178869247436523,0.85250956,0.8510738015174866,0.0003878143324982375,0.8507919311523438,14.749044,14.892619848251343
315,14.223239183425903,0.8528048,0.8514205813407898,0.000465517514385283,0.8508858680725098,14.719522,14.85794186592102
316,14.267293691635132,0.8530474,0.8519471287727356,0.0003321324475109577,0.8515397310256958,14.695263,14.80528712272644
317,14.311419248580933,0.8530675,0.8522630929946899,0.00040221711969934404,0.8518434762954712,14.693249,14.773690700531006
318,14.357454538345337,0.85318744,0.8526920080184937,0.00023863463138695806,0.8520400524139404,14.681255,14.730799198150635
319,14.403491258621216,0.85318744,0.8528652191162109,0.0001274006353924051,0.8527202010154724,14.681255,14.713478088378906
320,14.442072868347168,0.8537568,0.8529857993125916,0.00012362767301965505,0.8528264164924622,14.624321,14.701420068740845
321,14.488237857818604,0.8541152,0.8531202077865601,0.00011981414718320593,0.8530011177062988,14.588481,14.687979221343994
322,14.537129163742065,0.8542047,0.8532255291938782,0.00018814833310898393,0.8531055450439453,14.579529,14.677447080612183
323,14.583868741989136,0.8542047,0.853375256061554,0.0002924228901974857,0.8531767725944519,14.579529,14.662474393844604
324,14.622849464416504,0.8542467,0.8536111116409302,0.00033867559977807105,0.8532399535179138,14.575333,14.638888835906982
325,14.668770551681519,0.854344,0.8539549112319946,0.00020516441145446151,0.8535847663879395,14.565599,14.604508876800537
326,14.720881700515747,0.85435694,0.8541464805603027,5.7978424592874944e-05,0.854056715965271,14.564305,14.585351943969727
327,14.764739513397217,0.85435694,0.8542026281356812,4.701121724792756e-05,0.854144811630249,14.564305,14.579737186431885
328,14.803844928741455,0.85443276,0.8542479276657104,4.8189460358116776e-05,0.8541969656944275,14.556724,14.575207233428955
329,14.847862243652344,0.85449874,0.8542974591255188,5.040373798692599e-05,0.8542361855506897,14.550125,14.57025408744812
330,14.892683744430542,0.85454994,0.8543544411659241,4.764301047543995e-05,0.8542928695678711,14.545006,14.564555883407593
331,14.936992883682251,0.85466504,0.8544032573699951,5.524003063328564e-05,0.8543462753295898,14.533496,14.559674263000488
332,14.979945421218872,0.8547157,0.8544600605964661,6.496607966255397e-05,0.8543856143951416,14.528429,14.553993940353394
333,15.02523398399353,0.8547471,0.8545289039611816,6.941128958715126e-05,0.8544498682022095,14.525289,14.547109603881836
334,15.06991457939148,0.8548787,0.8546066284179688,7.915129390312359e-05,0.8545107841491699,14.512128,14.539337158203125
335,15.115007400512695,0.856115,0.8546967506408691,0.0001132017423515208,0.8545977473258972,14.388502,14.530324935913086
336,15.1608567237854,0.8562331,0.8547968864440918,0.0002038220118265599,0.8546770215034485,14.376688,14.52031135559082
337,15.205367088317871,0.8562633,0.8549442887306213,0.0003699765366036445,0.8547672629356384,14.3736725,14.505571126937866
338,15.250406980514526,0.856477,0.8551561832427979,0.000547924020793289,0.8548368215560913,14.352298,14.484381675720215
339,15.294536828994751,0.8565762,0.8555034399032593,0.000674281211104244,0.8548784255981445,14.34238,14.449656009674072
340,15.339111566543579,0.85660636,0.8562235832214355,0.00030579970916733146,0.8550035357475281,14.339363,14.377641677856445
341,15.384371280670166,0.85664475,0.8564086556434631,8.794962195679545e-05,0.8562822341918945,14.3355255,14.359134435653687
342,15.43027925491333,0.85664725,0.8564916849136353,6.360517727443948e-05,0.856407642364502,14.335275,14.350831508636475
343,15.476424217224121,0.8566675,0.8565596342086792,3.6341978557175025e-05,0.8564959764480591,14.333248,14.34403657913208
344,15.521701097488403,0.8567424,0.8565942645072937,3.2928244763752446e-05,0.8565579652786255,14.325762,14.34057354927063
345,15.567272424697876,0.8567543,0.8566280007362366,3.8697573472745717e-05,0.8565868139266968,14.32457,14.337199926376343
346,15.612219095230103,0.8569328,0.8566725850105286,4.7069042921066284e-05,0.8566197156906128,14.306718,14.332741498947144
347,15.659535646438599,0.8570217,0.8567274808883667,6.047734132152982e-05,0.8566633462905884,14.297831,14.32725191116333
348,15.703680038452148,0.8571424,0.8567882180213928,7.150472811190411e-05,0.8567119836807251,14.285761,14.321178197860718
349,15.74978494644165,0.85717815,0.8568673729896545,8.815752516966313e-05,0.8567689061164856,14.282185,14.313262701034546
350,15.795092344284058,0.85731447,0.856968343257904,0.00010848390957107767,0.8568478226661682,14.268553,14.303165674209595
351,15.838814735412598,0.85744715,0.8570942878723145,0.00011624263424891979,0.8569411635398865,14.255285,14.290571212768555
352,15.88491439819336,0.85751975,0.8572245240211487,9.276973287342116e-05,0.8570919632911682,14.248026,14.277547597885132
353,15.928775310516357,0.85763067,0.8573204874992371,8.779369090916589e-05,0.8572189211845398,14.236933,14.267951250076294
354,15.974165201187134,0.8576491,0.857407808303833,8.439148223260418e-05,0.8573030233383179,14.235091,14.2592191696167
355,16.01979422569275,0.85775054,0.8575001358985901,7.182263652794063e-05,0.8574024438858032,14.224947,14.249986410140991
356,16.063586950302124,0.85801417,0.8575822114944458,6.713902985211462e-05,0.8575037717819214,14.198584,14.24177885055542
357,16.107866525650024,0.85801417,0.8576503992080688,7.242397259688005e-05,0.8575705289840698,14.198584,14.234960079193115
358,16.144952535629272,0.858238,0.8577267527580261,8.991006325231865e-05,0.8576425313949585,14.176202,14.227324724197388
359,16.191565990447998,0.858238,0.8578095436096191,0.00011302374332444742,0.8577109575271606,14.176202,14.219045639038086
360,16.22989845275879,0.858238,0.8579131364822388,0.0001360986934741959,0.8577685356140137,14.176202,14.208686351776123
361,16.267045497894287,0.8584032,0.8580567836761475,0.00010704270243877545,0.8578768968582153,14.159679,14.194321632385254
362,16.31362509727478,0.8584159,0.8581691980361938,6.771452171960846e-05,0.8580793738365173,14.15841,14.183080196380615
363,16.358930110931396,0.85854596,0.8582355380058289,7.661937706870958e-05,0.8581603765487671,14.145404,14.176446199417114
364,16.404033660888672,0.8585984,0.8583099842071533,7.962712697917596e-05,0.8582273721694946,14.140159,14.169001579284668
365,16.449403762817383,0.85860074,0.8583950996398926,6.988210225244984e-05,0.858284592628479,14.139927,14.160490036010742
366,16.495533227920532,0.8588382,0.8584669232368469,5.9946676628896967e-05,0.8584014177322388,14.11618,14.153307676315308
367,16.539780139923096,0.85900354,0.8585249781608582,6.814547668909654e-05,0.8584542274475098,14.099646,14.147502183914185
368,16.58879256248474,0.8590604,0.8586066961288452,0.00010501890938030556,0.8585106134414673,14.09396,14.139330387115479
369,16.640563011169434,0.85916734,0.858704149723053,0.00014350911078508943,0.8585792779922485,14.083266,14.129585027694702
370,16.689035415649414,0.8593517,0.8588453531265259,0.00017015878984238952,0.8586571216583252,14.064831,14.115464687347412
371,16.733766794204712,0.8596043,0.8590320944786072,0.00014532243949361145,0.8588180541992188,14.03957,14.096790552139282
372,16.7788028717041,0.86001664,0.8591960072517395,0.00017439288785681129,0.859009861946106,13.998336,14.08039927482605
373,16.824273824691772,0.8600757,0.8593816161155701,0.00021457226830534637,0.8591480255126953,13.992429,14.061838388442993
374,16.86964988708496,0.86045116,0.8596338629722595,0.00023563287686556578,0.8593330979347229,13.954884,14.036613702774048
375,16.913429737091064,0.86045116,0.859878420829773,0.0002188011130783707,0.8596053719520569,13.954884,14.012157917022705
376,16.95004630088806,0.8605839,0.8601180911064148,0.0001656743261264637,0.8598532676696777,13.94161,13.98819088935852
377,16.994200468063354,0.86059177,0.8602775931358337,0.00011045192513847724,0.8601100444793701,13.940823,13.972240686416626
378,17.041125297546387,0.8607065,0.8603819608688354,7.152825855882838e-05,0.8602874875068665,13.929349,13.961803913116455
379,17.088390350341797,0.8607274,0.8604554533958435,7.50735925976187e-05,0.8603766560554504,13.927258,13.95445466041565
380,17.13296341896057,0.8609866,0.8605251312255859,9.468210919294506e-05,0.8604342341423035,13.9013405,13.947486877441406
381,17.17818856239319,0.86107683,0.8606116771697998,0.00010926383401965722,0.8604905605316162,13.892317,13.93883228302002
382,17.22023367881775,0.86116564,0.8607207536697388,0.00011714641004800797,0.8605873584747314,13.883436,13.927924633026123
383,17.264772176742554,0.8614222,0.8608462810516357,0.0001310709776589647,0.8607065081596375,13.857782,13.915371894836426
384,17.309871435165405,0.8615372,0.8609824180603027,0.00016087005496956408,0.8607985377311707,13.846278,13.901758193969727
385,17.354958295822144,0.8615691,0.8611577153205872,0.00013690305058844388,0.8609689474105835,13.843089,13.884228467941284
386,17.399157285690308,0.8615729,0.8612900376319885,0.0001176036021206528,0.8611656427383423,13.842708,13.870996236801147
387,17.443704843521118,0.86164206,0.8614055514335632,0.00010519880743231624,0.8612477779388428,13.8357935,13.859444856643677
388,17.489193201065063,0.8616519,0.8615129590034485,4.7849189286353067e-05,0.8614417314529419,13.83481,13.848704099655151
389,17.534427881240845,0.8617108,0.8615614175796509,3.914203989552334e-05,0.8615097403526306,13.828921,13.843858242034912
390,17.579270124435425,0.86171794,0.8615987300872803,3.535188807290979e-05,0.8615578413009644,13.828206,13.840126991271973
391,17.62531042098999,0.86177003,0.8616383075714111,3.711809404194355e-05,0.8615913391113281,13.822996,13.836169242858887
392,17.67128896713257,0.86177003,0.8616757392883301,3.3111900847870857e-05,0.861635148525238,13.822996,13.832426071166992
393,17.710551738739014,0.8618308,0.8617116808891296,2.935668635473121e-05,0.8616708517074585,13.816923,13.828831911087036
394,17.756711959838867,0.8618585,0.8617411255836487,2.7199423129786737e-05,0.861710786819458,13.814152,13.825887441635132
395,17.799594402313232,0.8619555,0.861770749092102,3.426865441724658e-05,0.8617367744445801,13.804447,13.822925090789795
396,17.843525171279907,0.8619555,0.8618059158325195,3.843100421363488e-05,0.8617619276046753,13.804447,13.819408416748047
397,17.882060289382935,0.8620737,0.8618494272232056,4.459639239939861e-05,0.8617992997169495,13.792628,13.815057277679443
398,17.926010131835938,0.8620783,0.8618968725204468,5.114630039315671e-05,0.8618411421775818,13.79217,13.810312747955322
399,17.977951765060425,0.86210036,0.8619510531425476,5.447629882837646e-05,0.861885666847229,13.789964,13.80489468574524
400,18.02730703353882,0.8621806,0.8620080351829529,5.733169018640183e-05,0.8619409203529358,13.78194,13.799196481704712
401,18.071510553359985,0.86225045,0.8620672821998596,5.163696187082678e-05,0.8619977235794067,13.774956,13.793271780014038
402,18.118038415908813,0.86226296,0.8621209263801575,4.391579932416789e-05,0.8620683550834656,13.773704,13.787907361984253
403,18.162495374679565,0.86229736,0.86216801404953,3.923003896488808e-05,0.8621150851249695,13.770265,13.783198595046997
404,18.206775188446045,0.86231774,0.8622108697891235,3.786480374401435e-05,0.8621646165847778,13.768226,13.778913021087646
405,18.251503705978394,0.8624096,0.8622528910636902,3.710410965140909e-05,0.8622055053710938,13.759041,13.774710893630981
406,18.295624017715454,0.86243325,0.8622962236404419,3.780113547691144e-05,0.862252414226532,13.756675,13.77037763595581
407,18.341644287109375,0.86253893,0.8623362183570862,4.288542550057173e-05,0.8622897863388062,13.746107,13.766378164291382
408,18.386475324630737,0.8625974,0.8623847365379333,5.5656102631473914e-05,0.8623281717300415,13.740259,13.761526346206665
409,18.431195974349976,0.8627185,0.8624399304389954,7.066001853672788e-05,0.8623720407485962,13.7281475,13.756006956100464
410,18.475709915161133,0.862772,0.8625087141990662,8.190910011762753e-05,0.8624129891395569,13.722801,13.749128580093384
411,18.521528244018555,0.8627822,0.8625974059104919,6.376700184773654e-05,0.8624971508979797,13.721782,13.740259408950806
412,18.568434238433838,0.86281604,0.8626630306243896,4.64703916804865e-05,0.8626022934913635,13.718396,13.733696937561035
413,18.613085508346558,0.8628398,0.862710177898407,3.945036223740317e-05,0.8626574277877808,13.716019,13.728982210159302
414,18.658696174621582,0.86287796,0.862750768661499,3.5967859730590135e-05,0.8627066612243652,13.712204,13.724923133850098
415,18.70882487297058,0.8630375,0.8627914190292358,4.537034692475572e-05,0.8627445697784424,13.696247,13.720858097076416
416,18.758232593536377,0.8630375,0.862833559513092,5.134485400049016e-05,0.862781822681427,13.696247,13.716644048690796
417,18.797872304916382,0.86313415,0.8628866672515869,5.8671936130849645e-05,0.8628201484680176,13.686585,13.711333274841309
418,18.84312391281128,0.8632921,0.8629536628723145,7.148816075641662e-05,0.8628752827644348,13.67079,13.704633712768555
419,18.88775944709778,0.8633503,0.8630311489105225,7.937468762975186e-05,0.8629330396652222,13.664972,13.696885108947754
420,18.93266725540161,0.8634945,0.8631168007850647,8.526466990588233e-05,0.8630251288414001,13.650549,13.68831992149353
421,18.97792148590088,0.86350226,0.8632071614265442,8.932849596021697e-05,0.8630954623222351,13.649774,13.679283857345581
422,19.02346444129944,0.8635891,0.8632994890213013,9.228154522133991e-05,0.8631883263587952,13.641089,13.670051097869873
423,19.068283557891846,0.8635988,0.8633859753608704,8.44179667183198e-05,0.8632920980453491,13.640118,13.661402463912964
424,19.112873554229736,0.86362314,0.8634697794914246,7.047582039376721e-05,0.8633601665496826,13.637686,13.653022050857544
425,19.156536102294922,0.86366135,0.863540530204773,3.4358548873569816e-05,0.8634933233261108,13.633865,13.645946979522705
426,19.20316433906555,0.86372346,0.8635745644569397,3.260825542383827e-05,0.8635390996932983,13.627654,13.64254355430603
427,19.249141931533813,0.86384934,0.863610029220581,4.445838203537278e-05,0.8635653257369995,13.615066,13.638997077941895
428,19.29462695121765,0.8640762,0.8636521100997925,6.987482629483566e-05,0.863598108291626,13.592381,13.634788990020752
429,19.338543176651,0.86415565,0.8637243509292603,9.307102300226688e-05,0.8636271357536316,13.5844345,13.627564907073975
430,19.38270354270935,0.864221,0.8638082146644592,0.00011469495802884921,0.8636996746063232,13.577902,13.619178533554077
431,19.42707085609436,0.86435354,0.8639135360717773,0.00012801820412278175,0.8637658953666687,13.564646,13.608646392822266
432,19.47103762626648,0.86435574,0.8640450835227966,0.00011771183926612139,0.8638684749603271,13.564425,13.595491647720337
433,19.5156888961792,0.86441636,0.8641648292541504,9.015737305162475e-05,0.8640599250793457,13.558364,13.583517074584961
434,19.56003189086914,0.8646146,0.8642597794532776,7.97084576333873e-05,0.8641617894172668,13.53854,13.574022054672241
435,19.60563039779663,0.86474204,0.864341676235199,8.628092473372817e-05,0.8642337918281555,13.525796,13.565832376480103
436,19.650608777999878,0.86486584,0.8644309639930725,0.00010338464198866859,0.864334225654602,13.513416,13.556903600692749
437,19.697147607803345,0.86486584,0.8645415306091309,0.00010627107258187607,0.8644023537635803,13.513416,13.545846939086914
438,19.734358549118042,0.8648964,0.864650547504425,7.795012061251327e-05,0.8645493984222412,13.510359,13.534945249557495
439,19.77883553504944,0.86489654,0.8647242188453674,6.338681851048023e-05,0.8646409511566162,13.510346,13.527578115463257
440,19.82548713684082,0.8649174,0.8647874593734741,5.306649109115824e-05,0.8647186756134033,13.508261,13.521254062652588
441,19.874172687530518,0.86501145,0.8648411631584167,4.62687348772306e-05,0.8647753000259399,13.498855,13.515883684158325
442,19.921785831451416,0.8650239,0.8648892641067505,3.3344207622576505e-05,0.8648533225059509,13.497609,13.511073589324951
443,19.966757774353027,0.8650476,0.8649216294288635,4.1618804971221834e-05,0.8648779392242432,13.495243,13.507837057113647
444,20.01291823387146,0.8651414,0.8649656772613525,4.558393266052008e-05,0.8649075627326965,13.485861,13.503432273864746
445,20.057792901992798,0.86516523,0.8650144934654236,3.8691559893777594e-05,0.8649706840515137,13.483477,13.498550653457642
446,20.104705810546875,0.8652207,0.8650566935539246,4.7699046263005584e-05,0.8650098443031311,13.477927,13.494330644607544
447,20.14961075782776,0.8653342,0.8651100993156433,5.37463347427547e-05,0.8650461435317993,13.4665785,13.488990068435669
448,20.193175554275513,0.86537385,0.8651747107505798,5.0339145673206076e-05,0.8651198148727417,13.462615,13.482528924942017
449,20.237400770187378,0.8654188,0.8652252554893494,5.912812412134372e-05,0.8651615381240845,13.45812,13.477474451065063
450,20.28048801422119,0.8654374,0.8652839660644531,4.985594569006935e-05,0.865205705165863,13.456261,13.471603393554688
451,20.325459718704224,0.8654609,0.8653351664543152,4.1809929825831205e-05,0.8652885556221008,13.453913,13.466483354568481
452,20.36923861503601,0.8654994,0.8653730154037476,4.1010192944668233e-05,0.8653243780136108,13.450062,13.462698459625244
453,20.416385173797607,0.8654994,0.8654135465621948,3.115727304248139e-05,0.8653652667999268,13.450062,13.458645343780518
454,20.45460844039917,0.86552495,0.8654453754425049,2.3614222300238907e-05,0.8654187917709351,13.447505,13.455462455749512
455,20.50052046775818,0.8655678,0.8654687404632568,2.592009877844248e-05,0.8654404878616333,13.44322,13.453125953674316
456,20.545794248580933,0.8656843,0.8654966354370117,3.120597466477193e-05,0.8654608726501465,13.431573,13.450336456298828
457,20.591772317886353,0.8657768,0.8655305504798889,3.9032165659591556e-05,0.8654922842979431,13.422322,13.446944952011108
458,20.63710379600525,0.8658596,0.8655660152435303,5.0656399253057316e-05,0.86552494764328,13.414038,13.443398475646973
459,20.683508157730103,0.8659239,0.8656125664710999,7.883718353696167e-05,0.865559458732605,13.407612,13.438743352890015
460,20.72966957092285,0.86592907,0.865679919719696,0.00011310574336675927,0.8655810952186584,13.407093,13.432008028030396
461,20.77527904510498,0.8660637,0.8657948970794678,9.441524161957204e-05,0.8656224012374878,13.393629,13.420510292053223
462,20.823256731033325,0.86610734,0.8658803701400757,4.7475146857323125e-05,0.8657984733581543,13.389265,13.411962985992432
463,20.87114143371582,0.86610734,0.8659236431121826,4.0132334106601775e-05,0.8658868074417114,13.389265,13.407635688781738
464,20.91086983680725,0.86618114,0.865962028503418,5.566929030464962e-05,0.8659120202064514,13.3818865,13.403797149658203
465,20.955950260162354,0.86618686,0.8660102486610413,6.482996104750782e-05,0.8659474849700928,13.381314,13.398975133895874
466,21.002139806747437,0.86625576,0.8660764694213867,6.612003926420584e-05,0.8659792542457581,13.374424,13.392353057861328
467,21.046935081481934,0.8663444,0.8661468625068665,4.620442268787883e-05,0.8660823702812195,13.365561,13.385313749313354
468,21.0929594039917,0.86637247,0.86619633436203,4.668241672334261e-05,0.8661402463912964,13.362753,13.380366563796997
469,21.1377694606781,0.8664336,0.8662384152412415,5.77797727601137e-05,0.8661811351776123,13.356638,13.376158475875854
470,21.18456196784973,0.8664976,0.866294801235199,6.469091022154316e-05,0.8662267327308655,13.350243,13.370519876480103
471,21.229646682739258,0.86662567,0.8663597702980042,6.464039324782789e-05,0.8662750124931335,13.337433,13.364022970199585
472,21.274510860443115,0.86668897,0.8664317727088928,6.939891318324953e-05,0.8663535714149475,13.331103,13.356822729110718
473,21.318487644195557,0.86670864,0.8665090203285217,7.427572563756257e-05,0.8664261102676392,13.329136,13.349097967147827
474,21.364227056503296,0.866742,0.866581380367279,7.014617585809901e-05,0.8664809465408325,13.325798,13.341861963272095
475,21.41036367416382,0.86693007,0.8666567802429199,4.0303268178831786e-05,0.8665902018547058,13.3069935,13.334321975708008
476,21.455934286117554,0.86693007,0.8666953444480896,3.749789175344631e-05,0.8666568398475647,13.3069935,13.33046555519104
477,21.493433475494385,0.86696655,0.8667271137237549,4.8408030124846846e-05,0.8666887283325195,13.303346,13.327288627624512
478,21.53828191757202,0.86713517,0.8667746186256409,8.062444248935208e-05,0.8667150735855103,13.286484,13.322538137435913
479,21.58474826812744,0.86735094,0.8668423295021057,0.00011875912605319172,0.8667442798614502,13.264906,13.315767049789429
480,21.63066053390503,0.8674687,0.866955578327179,0.0001433971629012376,0.8667850494384766,13.253128,13.304442167282104
481,21.67782735824585,0.8674996,0.8671059012413025,0.00012343705748207867,0.8669589757919312,13.250041,13.289409875869751
482,21.726130962371826,0.8675896,0.867224931716919,0.00013454764848574996,0.8670917749404907,13.241041,13.277506828308105
483,21.775007486343384,0.86760294,0.8673510551452637,0.00011933432688238099,0.8671663999557495,13.239706,13.264894485473633
484,21.8388888835907,0.86762905,0.8674620389938354,5.913578570471145e-05,0.8673737049102783,13.237095,13.253796100616455
485,21.88943886756897,0.8676696,0.8675147891044617,4.7182136768242344e-05,0.8674569725990295,13.233042,13.248521089553833
486,21.93549132347107,0.86781216,0.8675634264945984,4.356632780400105e-05,0.8675075173377991,13.218784,13.243657350540161
487,21.98149585723877,0.86781543,0.8676043748855591,4.4656066165771335e-05,0.8675605058670044,13.218456,13.239562511444092
488,22.02682375907898,0.8679885,0.8676518201828003,6.52645030640997e-05,0.8675917387008667,13.201147,13.23481798171997
489,22.072678089141846,0.8680264,0.8677189350128174,8.749988046474755e-05,0.8676348924636841,13.197363,13.228106498718262
490,22.11950445175171,0.86805505,0.8678073883056641,0.00010581150854704902,0.8676900863647461,13.194495,13.219261169433594
491,22.163906574249268,0.8681063,0.8679149150848389,7.324010221054778e-05,0.8678052425384521,13.189369,13.208508491516113
492,22.210235834121704,0.8681063,0.8679850101470947,4.0344737499253824e-05,0.8679157495498657,13.189369,13.201498985290527
493,22.247353553771973,0.8681154,0.8680233955383301,2.5549948986736126e-05,0.8679909706115723,13.1884575,13.197660446166992
494,22.290992975234985,0.8681693,0.8680477738380432,2.659082383615896e-05,0.8680198192596436,13.183069,13.195222616195679
495,22.333803415298462,0.868175,0.8680757880210876,3.145653317915276e-05,0.8680403232574463,13.182497,13.192421197891235
496,22.379366159439087,0.8682023,0.8681095838546753,2.8476211809902452e-05,0.8680694103240967,13.179768,13.18904161453247
497,22.42336630821228,0.8682323,0.8681397438049316,2.5140459911199287e-05,0.8681095838546753,13.176769,13.186025619506836
498,22.468517541885376,0.8683422,0.8681652545928955,2.6124711439479142e-05,0.8681329488754272,13.165778,13.18347454071045
499,22.512725591659546,0.8683422,0.8681890964508057,2.4280461730086245e-05,0.8681632280349731,13.165778,13.181090354919434
500,22.550480127334595,0.86835015,0.868211030960083,2.9511007596738636e-05,0.8681831359863281,13.164986,13.1788969039917
501,22.59535050392151,0.86845106,0.8682432174682617,4.3989188270643353e-05,0.8682023286819458,13.154894,13.175678253173828
502,22.642481088638306,0.8684606,0.8682815432548523,5.1549719501053914e-05,0.8682323098182678,13.15394,13.17184567451477
503,22.688624143600464,0.8685508,0.8683306574821472,5.636236892314628e-05,0.8682661056518555,13.144922,13.166934251785278
504,22.73388361930847,0.8685508,0.8683894276618958,5.2987579692853615e-05,0.8683207035064697,13.144922,13.161057233810425
505,22.770455598831177,0.86861205,0.868446946144104,5.105340096633881e-05,0.868381142616272,13.138795,13.1553053855896
506,22.81739854812622,0.86869293,0.8685014247894287,5.153258825885132e-05,0.8684391379356384,13.130707,13.149857521057129
507,22.8640079498291,0.8687066,0.8685545921325684,4.9697435315465555e-05,0.8684940338134766,13.129341,13.144540786743164
508,22.910284519195557,0.8687543,0.8686051368713379,4.6540710172848776e-05,0.8685482144355774,13.124567,13.139486312866211
509,22.960583686828613,0.8687711,0.8686515092849731,3.75870949937962e-05,0.8686019778251648,13.122892,13.134849071502686
510,23.00883150100708,0.8688439,0.8686896562576294,3.617473703343421e-05,0.8686467409133911,13.115608,13.13103437423706
511,23.05430769920349,0.868897,0.8687270283699036,4.073191303177737e-05,0.8686832785606384,13.110298,13.127297163009644
512,23.101365327835083,0.8689855,0.8687679171562195,4.2980609578080475e-05,0.8687177896499634,13.101453,13.123208284378052
513,23.143351316452026,0.86901087,0.868808925151825,5.0984512199647725e-05,0.8687567710876465,13.098913,13.119107484817505
514,23.188266038894653,0.8691218,0.8688610196113586,6.164216756587848e-05,0.8687956929206848,13.087821,13.113898038864136
515,23.235280752182007,0.86915493,0.868924081325531,7.673641084693372e-05,0.8688439130783081,13.084507,13.1075918674469
516,23.280694246292114,0.86923254,0.8690110445022583,7.461624045390636e-05,0.868897020816803,13.076746,13.09889554977417
517,23.32629895210266,0.8692608,0.8690905570983887,6.311782635748386e-05,0.8690014481544495,13.073921,13.090944290161133
518,23.37223744392395,0.86935705,0.8691508769989014,5.538731784326956e-05,0.869084894657135,13.064295,13.084912300109863
519,23.416558265686035,0.86935705,0.8692033290863037,4.598024315782823e-05,0.8691393733024597,13.064295,13.079667091369629
520,23.456391096115112,0.8694275,0.8692497611045837,3.778808968490921e-05,0.8692036867141724,13.05725,13.075023889541626
521,23.50138235092163,0.8694278,0.8692854046821594,3.9269325498025864e-05,0.8692428469657898,13.05722,13.071459531784058
522,23.547159671783447,0.8694767,0.8693191409111023,4.6130215196171775e-05,0.8692783117294312,13.052332,13.06808590888977
523,23.592461109161377,0.8694767,0.8693592548370361,4.728713975055143e-05,0.8692964911460876,13.052332,13.064074516296387
524,23.630415439605713,0.869654,0.8694085478782654,3.0987786885816604e-05,0.8693619966506958,13.0346,13.059145212173462
525,23.675267696380615,0.86978537,0.8694415092468262,5.1225499191787094e-05,0.8694068789482117,13.021463,13.055849075317383
526,23.71947741508484,0.8697972,0.8694881200790405,9.506860078545287e-05,0.8694311380386353,13.020277,13.051187992095947
527,23.765103578567505,0.86982816,0.8695670366287231,0.00012941726890858263,0.8694515228271484,13.017183,13.043296337127686
528,23.811567068099976,0.87001765,0.8696913719177246,0.00011733574501704425,0.8694844245910645,12.998236,13.030862808227539
529,23.857751846313477,0.87002313,0.8697993755340576,6.94536865921691e-05,0.8697143793106079,12.997686,13.020062446594238
530,23.901479482650757,0.8701431,0.8698528409004211,8.285966760013252e-05,0.8697868585586548,12.985688,13.014715909957886
531,23.9458429813385,0.87018114,0.8699262738227844,8.928199531510472e-05,0.8698158264160156,12.981886,13.007372617721558
532,23.991100072860718,0.87018114,0.870019793510437,4.10505490435753e-05,0.8699575066566467,12.981886,12.998020648956299
533,24.02979063987732,0.8702114,0.8700540661811829,4.936797995469533e-05,0.8700170516967773,12.978858,12.994593381881714
534,24.075448513031006,0.87025285,0.8700922727584839,5.998666165396571e-05,0.8700361847877502,12.974715,12.990772724151611
535,24.119824647903442,0.8702913,0.8701483011245728,5.865963248652406e-05,0.8700670599937439,12.970871,12.985169887542725
536,24.165950775146484,0.87033504,0.8702119588851929,3.1712483178125694e-05,0.8701760172843933,12.9664955,12.978804111480713
537,24.2114737033844,0.87034357,0.8702434301376343,3.093718260060996e-05,0.8702070713043213,12.965643,12.975656986236572
538,24.255821228027344,0.87039125,0.8702734708786011,3.518255107337609e-05,0.870235025882721,12.960875,12.972652912139893
539,24.30222249031067,0.8704896,0.8703089952468872,3.7733407225459814e-05,0.8702632188796997,12.95104,12.96910047531128
540,24.346373558044434,0.8705752,0.8703525066375732,3.91011853935197e-05,0.8703067898750305,12.942481,12.964749336242676
541,24.390788793563843,0.87069917,0.870392918586731,5.5038199207047e-05,0.8703477382659912,12.930083,12.960708141326904
542,24.435261726379395,0.8707602,0.870442271232605,8.890277240425348e-05,0.8703800439834595,12.92398,12.955772876739502
543,24.47996163368225,0.8707849,0.870516300201416,0.00012171662092441693,0.8704081773757935,12.921513,12.948369979858398
544,24.52443790435791,0.87078965,0.8706299662590027,0.00011300758342258632,0.8704491853713989,12.921036,12.937003374099731
545,24.57066035270691,0.8707919,0.870735228061676,2.789023164950777e-05,0.8706859350204468,12.920809,12.926477193832397
546,24.615593433380127,0.87081265,0.870760977268219,1.7383859812980518e-05,0.870737612247467,12.918735,12.9239022731781
547,24.66068148612976,0.87083817,0.8707783818244934,1.324131153523922e-05,0.8707596659660339,12.916183,12.92216181755066
548,24.707274913787842,0.8708805,0.8707944750785828,1.8432907381793484e-05,0.8707820177078247,12.911951,12.920552492141724
549,24.75150418281555,0.87092036,0.8708103895187378,3.058991933357902e-05,0.8707893490791321,12.907964,12.91896104812622
550,24.797561407089233,0.8709303,0.8708394169807434,3.764129360206425e-05,0.8707922697067261,12.906969,12.91605830192566
551,24.84303903579712,0.870966,0.8708837628364563,2.8497901439550333e-05,0.8708397746086121,12.9033985,12.91162371635437
552,24.886752128601074,0.8709815,0.8709120154380798,2.2496680685435422e-05,0.870883047580719,12.901849,12.908798456192017
553,24.931111097335815,0.87105525,0.8709351420402527,1.480103219364537e-05,0.8709168434143066,12.894476,12.906485795974731
554,24.975139379501343,0.87105525,0.8709473609924316,1.7884995031636208e-05,0.8709354400634766,12.894476,12.905263900756836
555,25.012882709503174,0.8710651,0.8709623217582703,2.592314012872521e-05,0.8709424734115601,12.893492,12.903767824172974
556,25.062050580978394,0.87109154,0.8709847331047058,3.09840397676453e-05,0.8709499835968018,12.890845,12.901526689529419
557,25.112048387527466,0.8711982,0.8710141181945801,3.944548370782286e-05,0.8709809184074402,12.880182,12.898588180541992
558,25.15861940383911,0.87122655,0.8710521459579468,4.231591447023675e-05,0.8709933757781982,12.877345,12.894785404205322
559,25.20350193977356,0.8712508,0.8710954189300537,4.005493246950209e-05,0.8710552453994751,12.874919,12.890458106994629
560,25.248494148254395,0.8714014,0.8711361289024353,5.039310053689405e-05,0.8710915446281433,12.859858,12.88638710975647
561,25.29349446296692,0.8714364,0.8711809515953064,6.49752764729783e-05,0.8711126446723938,12.856359,12.88190484046936
562,25.34023666381836,0.8714854,0.8712509274482727,7.418732275255024e-05,0.8711586594581604,12.851459,12.87490725517273
563,25.384409427642822,0.87157995,0.8713311553001404,7.740175351500511e-05,0.8712377548217773,12.842006,12.866884469985962
564,25.430185556411743,0.8716547,0.871419370174408,7.311069930437952e-05,0.871329665184021,12.834531,12.858062982559204
565,25.47604250907898,0.8717083,0.8714966773986816,7.493096927646548e-05,0.8714038133621216,12.829172,12.850332260131836
566,25.52129340171814,0.8717346,0.8715701699256897,6.263732211664319e-05,0.8714828491210938,12.826538,12.84298300743103
567,25.5663743019104,0.87181896,0.8716380596160889,4.720970900962129e-05,0.8715664148330688,12.818104,12.836194038391113
568,25.61145305633545,0.8718574,0.8716866374015808,4.0873517718864605e-05,0.8716413974761963,12.81426,12.831336259841919
569,25.656277894973755,0.87192976,0.8717263340950012,4.7435980377485976e-05,0.871684193611145,12.807024,12.827366590499878
570,25.703224658966064,0.8719655,0.8717707395553589,5.544571467908099e-05,0.8717082738876343,12.803448,12.822926044464111
571,25.75019145011902,0.87197703,0.8718288540840149,4.552038080873899e-05,0.8717619180679321,12.802297,12.81711459159851
572,25.795433044433594,0.87197703,0.8718705773353577,4.5539240090874955e-05,0.871821403503418,12.802297,12.812942266464233
573,25.83255386352539,0.8719977,0.871917724609375,3.688537981361151e-05,0.8718574047088623,12.800228,12.8082275390625
574,25.877119064331055,0.8720082,0.8719522953033447,1.8053506209980696e-05,0.871929407119751,12.799179,12.804770469665527
575,25.92315983772278,0.87209,0.8719709515571594,1.5591638657497242e-05,0.8719518184661865,12.791002,12.802904844284058
576,25.96855401992798,0.8721026,0.871984601020813,1.8144233763450757e-05,0.8719694018363953,12.789738,12.801539897918701
577,26.01319146156311,0.87217623,0.8720049262046814,2.9450622605509125e-05,0.8719770908355713,12.782377,12.79950737953186
578,26.05766534805298,0.87220675,0.8720298409461975,4.540648660622537e-05,0.8720003366470337,12.7793255,12.797015905380249
579,26.10688591003418,0.8722069,0.872064471244812,6.152764399303123e-05,0.8720136880874634,12.779307,12.793552875518799
580,26.154053926467896,0.87232983,0.8721222877502441,6.108069646870717e-05,0.8720237612724304,12.767017,12.787771224975586
581,26.19895625114441,0.87234706,0.8721836805343628,4.1544411942595616e-05,0.8721354603767395,12.765294,12.78163194656372
582,26.244413375854492,0.87235236,0.8722223043441772,5.079567927168682e-05,0.8721797466278076,12.764764,12.777769565582275
583,26.288507223129272,0.8723904,0.8722665905952454,5.7562636357033625e-05,0.8722056150436401,12.760962,12.773340940475464
584,26.33537006378174,0.87244844,0.872327446937561,3.1089595722733065e-05,0.8722580075263977,12.755156,12.767255306243896
585,26.381429195404053,0.87246984,0.8723554611206055,2.6849003916140646e-05,0.8723350763320923,12.7530155,12.764453887939453
586,26.426766633987427,0.8725367,0.8723769187927246,3.911572275683284e-05,0.8723464012145996,12.746328,12.762308120727539
587,26.472247838974,0.8725481,0.8724106550216675,4.5645752834388986e-05,0.8723552227020264,12.74519,12.758934497833252
588,26.51789927482605,0.8726531,0.8724594712257385,4.062875814270228e-05,0.8723969459533691,12.734688,12.754052877426147
589,26.562617301940918,0.87268496,0.872505784034729,4.688995977630839e-05,0.8724557161331177,12.731504,12.7494215965271
590,26.61155128479004,0.87271005,0.8725576400756836,4.57807291240897e-05,0.8724994659423828,12.728995,12.74423599243164
591,26.657528400421143,0.872777,0.8726069927215576,4.8356356273870915e-05,0.8725458383560181,12.7223015,12.739300727844238
592,26.70365881919861,0.8727861,0.8726617693901062,4.591684046317823e-05,0.8725990653038025,12.72139,12.73382306098938
593,26.748884201049805,0.8727993,0.8727120161056519,3.699327862705104e-05,0.8726579546928406,12.720072,12.728798389434814
594,26.793341636657715,0.8728284,0.8727498054504395,2.583716377557721e-05,0.8727130889892578,12.717157,12.725019454956055
595,26.8382670879364,0.8728406,0.8727778196334839,1.9015813450096175e-05,0.8727465867996216,12.715941,12.722218036651611
596,26.883456468582153,0.87287134,0.872796893119812,1.9805765987257473e-05,0.872776985168457,12.712866,12.720310688018799
597,26.929455041885376,0.8733592,0.8728198409080505,3.950260725105181e-05,0.872789740562439,12.66408,12.718015909194946
598,26.984511375427246,0.8733592,0.872848629951477,6.684365507680923e-05,0.8728170990943909,12.66408,12.715137004852295
599,27.02353310585022,0.87342584,0.8729053735733032,0.00013708751066587865,0.872830867767334,12.657415,12.709462642669678
600,27.06831932067871,0.8736057,0.8729941248893738,0.00019408857042435557,0.872856616973877,12.639427,12.700587511062622
601,27.11341691017151,0.8737018,0.8731504678726196,0.00022863506455905735,0.8728978633880615,12.629819,12.684953212738037
602,27.161255598068237,0.8737396,0.8733965754508972,0.00014243026089388877,0.8730847835540771,12.6260395,12.660342454910278
603,27.209636211395264,0.8737881,0.8735225200653076,0.00011194888793397695,0.8733968138694763,12.621188,12.647747993469238
604,27.256059408187866,0.8737897,0.8736308813095093,8.437612268608063e-05,0.8734813928604126,12.621027,12.636911869049072
605,27.301303386688232,0.8738215,0.8737117052078247,3.8579215470235795e-05,0.8736569285392761,12.61785,12.62882947921753
606,27.34610104560852,0.87385714,0.873751699924469,3.265013583586551e-05,0.873706042766571,12.614286,12.6248300075531
607,27.39030694961548,0.87390065,0.8737878203392029,3.065438795601949e-05,0.8737434148788452,12.609935,12.621217966079712
608,27.43597388267517,0.8739258,0.8738219738006592,2.9454638934112154e-05,0.8737877607345581,12.60742,12.617802619934082
609,27.480262994766235,0.8739586,0.8738535046577454,3.08202943415381e-05,0.8738157153129578,12.604141,12.614649534225464
610,27.52281928062439,0.8739687,0.873885989189148,2.9592274586320855e-05,0.8738495111465454,12.603128,12.611401081085205
611,27.568485021591187,0.8739914,0.8739187121391296,2.583127388788853e-05,0.8738842010498047,12.6008625,12.608128786087036
612,27.612696409225464,0.87400913,0.8739461898803711,2.089667941618245e-05,0.8739129304885864,12.599087,12.60538101196289
613,27.657909154891968,0.8740207,0.8739687204360962,1.546900239191018e-05,0.8739476799964905,12.597931,12.60312795639038
614,27.70459246635437,0.87406075,0.8739849328994751,1.5899397112661973e-05,0.873965859413147,12.593925,12.60150671005249
615,27.74917697906494,0.8740958,0.8740018606185913,1.5541565517196432e-05,0.8739836812019348,12.59042,12.59981393814087
616,27.793765783309937,0.874143,0.8740190863609314,2.1886404283577576e-05,0.8739980459213257,12.585699,12.59809136390686
617,27.83896827697754,0.87418723,0.874041736125946,3.293071858934127e-05,0.8740122318267822,12.581277,12.595826387405396
618,27.884083032608032,0.87418723,0.8740728497505188,3.9177019061753526e-05,0.874028742313385,12.581277,12.59271502494812
619,27.921376943588257,0.8742176,0.8741141557693481,4.007061215816066e-05,0.8740625381469727,12.578238,12.588584423065186
620,27.966687440872192,0.87424415,0.8741540312767029,3.2497584470547736e-05,0.874111533164978,12.575584,12.584596872329712
621,28.011638164520264,0.8742707,0.8741876482963562,2.085970299958717e-05,0.8741557002067566,12.572932,12.58123517036438
622,28.055816173553467,0.87432206,0.8742074966430664,2.1814883439219557e-05,0.8741860389709473,12.567795,12.57925033569336
623,28.10098886489868,0.87437797,0.8742290735244751,2.5566647309460677e-05,0.8742033839225769,12.562203,12.57709264755249
624,28.14560842514038,0.87437797,0.8742542862892151,2.9110551622579806e-05,0.8742214441299438,12.562203,12.574571371078491
625,28.183178663253784,0.8743977,0.874282717704773,3.280902819824405e-05,0.8742457628250122,12.56023,12.571728229522705
626,28.227726936340332,0.87445676,0.8743147253990173,4.1334373236168176e-05,0.8742728233337402,12.554323,12.568527460098267
627,28.27396273612976,0.87457,0.874357283115387,5.004279955755919e-05,0.8742953538894653,12.542999,12.564271688461304
628,28.319483280181885,0.874582,0.8744114637374878,5.367691119317897e-05,0.8743495345115662,12.5418005,12.55885362625122
629,28.36447834968567,0.8746276,0.8744691610336304,5.5147960665635765e-05,0.8743981122970581,12.537241,12.553083896636963
630,28.409276247024536,0.8746868,0.8745279908180237,5.44130161870271e-05,0.8744558095932007,12.5313225,12.547200918197632
631,28.454158782958984,0.8747157,0.8745895624160767,4.718055060948245e-05,0.8745253682136536,12.528431,12.541043758392334
632,28.499529600143433,0.8747463,0.8746375441551208,3.782402563956566e-05,0.8745816946029663,12.525368,12.536245584487915
633,28.542681455612183,0.8747463,0.8746753334999084,2.7070662326877937e-05,0.8746399879455566,12.525368,12.532466650009155
634,28.58360743522644,0.8747558,0.874702513217926,1.7611133444006555e-05,0.8746682405471802,12.52442,12.529748678207397
635,28.62944269180298,0.8747558,0.8747183084487915,1.2328663615335245e-05,0.874707043170929,12.52442,12.52816915512085
636,28.670049905776978,0.8748591,0.8747310638427734,2.1031197320553474e-05,0.8747145533561707,12.514091,12.526893615722656
637,28.716434717178345,0.87487274,0.8747547268867493,2.802594826789573e-05,0.8747237324714661,12.512726,12.524527311325073
638,28.761733531951904,0.8749128,0.8747795224189758,3.9522743463749066e-05,0.8747471570968628,12.50872,12.522047758102417
639,28.806835651397705,0.8749674,0.8748189806938171,4.2559731809888035e-05,0.874760627746582,12.503261,12.518101930618286
640,28.85347843170166,0.87497795,0.8748638033866882,3.3616346627241e-05,0.8748174905776978,12.502205,12.513619661331177
641,28.896148920059204,0.8749816,0.8749003410339355,3.228912828490138e-05,0.8748582005500793,12.501842,12.509965896606445
642,28.94128918647766,0.8750248,0.8749346137046814,2.422484612907283e-05,0.874904215335846,12.49752,12.50653862953186
643,28.98872685432434,0.8750539,0.8749592304229736,2.486172888893634e-05,0.8749284148216248,12.494612,12.504076957702637
644,29.033032655715942,0.8750744,0.8749867081642151,2.6640484065865166e-05,0.8749520182609558,12.492561,12.501329183578491
645,29.079991817474365,0.87510073,0.8750145435333252,2.894074350479059e-05,0.8749807476997375,12.489927,12.49854564666748
646,29.124962329864502,0.8751016,0.8750433921813965,2.547383883211296e-05,0.8750109672546387,12.489838,12.495660781860352
647,29.16989517211914,0.87512755,0.8750705718994141,1.8633210856933147e-05,0.8750409483909607,12.487245,12.492942810058594
648,29.215904235839844,0.87514263,0.8750898838043213,1.4696584003104363e-05,0.8750694990158081,12.485737,12.491011619567871
649,29.261779069900513,0.87518585,0.8751054406166077,1.4689131603518035e-05,0.8750907778739929,12.481415,12.489455938339233
650,29.310752153396606,0.8752013,0.875120222568512,1.8026506950263865e-05,0.8751007318496704,12.479872,12.487977743148804
651,29.357576370239258,0.8752013,0.875140368938446,1.9914696167688817e-05,0.8751167058944702,12.479872,12.485963106155396
652,29.395790338516235,0.8752301,0.8751614093780518,2.3793938453309238e-05,0.8751362562179565,12.476993,12.483859062194824
653,29.441118717193604,0.8752883,0.8751887083053589,2.7960608349530958e-05,0.8751531839370728,12.471169,12.481129169464111
654,29.491655826568604,0.87529254,0.8752193450927734,2.562619738455396e-05,0.8751859664916992,12.470746,12.478065490722656
655,29.538366079330444,0.8754029,0.8752511739730835,3.093817213084549e-05,0.8752148151397705,12.459707,12.47488260269165
656,29.588306427001953,0.8754029,0.8752838969230652,3.245554762543179e-05,0.8752456903457642,12.459707,12.471610307693481
657,29.626444816589355,0.87544924,0.8753182291984558,3.692647078423761e-05,0.8752781748771667,12.455076,12.468177080154419
658,29.671033143997192,0.875516,0.8753551244735718,3.684861439978704e-05,0.8753125071525574,12.4484005,12.464487552642822
659,29.71822762489319,0.875581,0.875393807888031,4.108322900719941e-05,0.8753476142883301,12.441897,12.4606192111969
660,29.762624979019165,0.87558645,0.875435471534729,4.280132270650938e-05,0.87539142370224,12.441355,12.4564528465271
661,29.809165716171265,0.87558925,0.8754801750183105,3.89741690014489e-05,0.8754218220710754,12.441074,12.451982498168945
662,29.85383415222168,0.87567014,0.8755199313163757,3.926071440218948e-05,0.8754696846008301,12.432986,12.448006868362427
663,29.898499011993408,0.87573296,0.8755563497543335,4.641806299332529e-05,0.8755159974098206,12.426704,12.44436502456665
664,29.94356656074524,0.875752,0.8756047487258911,4.4334297854220495e-05,0.8755309581756592,12.424803,12.439525127410889
665,29.988476037979126,0.87584543,0.8756506443023682,4.311250813771039e-05,0.8755953311920166,12.415457,12.434935569763184
666,30.032520532608032,0.8758462,0.8756900429725647,4.1654842789284885e-05,0.8756507039070129,12.41538,12.43099570274353
667,30.07697629928589,0.87585044,0.8757321238517761,4.586774957715534e-05,0.8756702542304993,12.414956,12.426787614822388
668,30.120723962783813,0.87587154,0.8757745623588562,4.125627674511634e-05,0.875732958316803,12.412846,12.42254376411438
669,30.16509461402893,0.8759729,0.8758176565170288,3.157902028760873e-05,0.8757635354995728,12.402707,12.41823434829712
670,30.209198713302612,0.8759817,0.8758485913276672,3.1404037144966424e-05,0.8758234977722168,12.401831,12.415140867233276
671,30.2538959980011,0.87601006,0.8758780360221863,4.9107398808700964e-05,0.8758396506309509,12.398994,12.412196397781372
672,30.29823064804077,0.8760528,0.8759233951568604,5.6203407439170405e-05,0.8758485317230225,12.39472,12.407660484313965
673,30.34386658668518,0.8760544,0.8759855031967163,2.5117400582530536e-05,0.8759448528289795,12.39456,12.40144968032837
674,30.38786554336548,0.8761177,0.876008927822113,2.4611847038613632e-05,0.8759806156158447,12.388229,12.399107217788696
675,30.431272983551025,0.876131,0.8760342597961426,2.6707428332883865e-05,0.8760001063346863,12.3869,12.396574020385742
676,30.47602105140686,0.87619555,0.8760595917701721,3.2588399335509166e-05,0.8760279417037964,12.3804455,12.394040822982788
677,30.52044129371643,0.8762068,0.8760915994644165,3.674762410810217e-05,0.8760429620742798,12.379318,12.39084005355835
678,30.566298961639404,0.87625706,0.8761326670646667,3.202208972652443e-05,0.8760955333709717,12.374294,12.386733293533325
679,30.61108922958374,0.87625706,0.876162052154541,3.9473634387832135e-05,0.87612384557724,12.374294,12.383794784545898
680,30.64994502067566,0.8762737,0.8762022256851196,3.0240305932238698e-05,0.8761581182479858,12.372631,12.379777431488037
681,30.696382761001587,0.87628376,0.8762319087982178,2.003855843213387e-05,0.8761955499649048,12.371624,12.376809120178223
682,30.742589473724365,0.876332,0.8762489557266235,1.0000894690165296e-05,0.8762403130531311,12.366801,12.375104427337646
683,30.78704333305359,0.876359,0.8762573599815369,1.3092471817799378e-05,0.8762449622154236,12.364101,12.374264001846313
684,30.833820104599,0.87637424,0.8762688636779785,2.1046489564469084e-05,0.876255989074707,12.362576,12.373113632202148
685,30.879023551940918,0.8763885,0.8762863278388977,3.1633200705982745e-05,0.8762602806091309,12.361151,12.37136721611023
686,30.924569606781006,0.8764037,0.8763130903244019,3.9736059989081696e-05,0.8762750029563904,12.359631,12.368690967559814
687,30.970818519592285,0.8765266,0.8763512969017029,3.870193177135661e-05,0.876288890838623,12.347341,12.364870309829712
688,31.01594853401184,0.8765266,0.8763875961303711,2.0974999642930925e-05,0.8763628005981445,12.347341,12.36124038696289
689,31.05339288711548,0.87662774,0.8764074444770813,3.0196202715160325e-05,0.8763870000839233,12.337226,12.35925555229187
690,31.09649419784546,0.8767154,0.8764381408691406,5.786124893347733e-05,0.8764006495475769,12.328458,12.356185913085938
691,31.140254974365234,0.8767154,0.8764864206314087,8.70031290105544e-05,0.8764173984527588,12.328458,12.35135793685913
692,31.178160905838013,0.8767255,0.8765730261802673,8.565052121412009e-05,0.8764486312866211,12.327451,12.342697381973267
693,31.223111391067505,0.8767541,0.8766563534736633,3.286062565166503e-05,0.876606285572052,12.32459,12.334364652633667
694,31.268494606018066,0.8767799,0.8766846656799316,2.83077697531553e-05,0.8766528964042664,12.322008,12.331533432006836
695,31.313419580459595,0.87678534,0.876713752746582,2.1890173229621723e-05,0.8766841888427734,12.321466,12.328624725341797
696,31.356738805770874,0.8768417,0.8767369985580444,2.1938896679785103e-05,0.8767158389091492,12.315827,12.326300144195557
697,31.404393911361694,0.8768417,0.8767579793930054,2.9447548513417132e-05,0.8767293691635132,12.315827,12.324202060699463
698,31.445748805999756,0.87690234,0.8767883777618408,3.0389026505872607e-05,0.8767487406730652,12.309766,12.321162223815918
699,31.492005109786987,0.87690824,0.8768221139907837,3.055007255170494e-05,0.8767824769020081,12.3091755,12.31778860092163
700,31.536354303359985,0.8769435,0.8768512010574341,2.6513209377299063e-05,0.8768205642700195,12.305647,12.314879894256592
701,31.58175039291382,0.87699956,0.8768795132637024,2.3268305085366592e-05,0.8768421411514282,12.300044,12.31204867362976
702,31.626941680908203,0.8770363,0.8769035935401917,2.4697723347344436e-05,0.8768719434738159,12.296372,12.309640645980835
703,31.67209219932556,0.87703943,0.8769267797470093,2.988108099089004e-05,0.8769048452377319,12.296057,12.307322025299072
704,31.71779775619507,0.8770653,0.8769521117210388,4.090155925950967e-05,0.8769155740737915,12.29347,12.304788827896118
705,31.7659752368927,0.877087,0.876991331577301,4.2569139623083174e-05,0.8769396543502808,12.2913,12.300866842269897
706,31.823115348815918,0.87712985,0.8770378232002258,2.7845240765600465e-05,0.8769909143447876,12.287015,12.296217679977417
707,31.882026433944702,0.87712985,0.8770623207092285,1.9086122847511433e-05,0.8770363330841064,12.287015,12.293767929077148
708,31.925109148025513,0.87712985,0.8770793676376343,1.3017465789744165e-05,0.8770624995231628,12.287015,12.292063236236572
709,31.96305537223816,0.87717086,0.8770915865898132,1.4248106708691921e-05,0.8770809769630432,12.282914,12.290841341018677
710,32.007652044296265,0.877189,0.8771034479141235,1.988864278246183e-05,0.8770862817764282,12.281102,12.289655208587646
711,32.05134963989258,0.8772017,0.8771219849586487,2.293269062647596e-05,0.8770946264266968,12.279833,12.287801504135132
712,32.095322132110596,0.87724316,0.8771440982818604,2.316887184861116e-05,0.8771195411682129,12.275684,12.285590171813965
713,32.13753151893616,0.8772635,0.8771679997444153,2.6185798560618423e-05,0.8771349191665649,12.273651,12.283200025558472
714,32.18222737312317,0.87729466,0.8771955966949463,2.7815191060653888e-05,0.8771677017211914,12.2705345,12.280440330505371
715,32.226248025894165,0.8773031,0.8772217631340027,3.111670594080351e-05,0.8771882653236389,12.269688,12.277823686599731
716,32.27077007293701,0.8773353,0.8772557973861694,3.0594452255172655e-05,0.8772114515304565,12.266469,12.274420261383057
717,32.31592154502869,0.8773353,0.877288818359375,1.9231792975915596e-05,0.8772575855255127,12.266469,12.2711181640625
718,32.354419469833374,0.8773512,0.8773067593574524,1.4921256479283329e-05,0.8772872686386108,12.264877,12.26932406425476
719,32.398547887802124,0.87738574,0.8773219585418701,1.0801413736771792e-05,0.8773046731948853,12.261427,12.267804145812988
720,32.44211792945862,0.87739277,0.8773328065872192,1.1867977264046203e-05,0.8773217797279358,12.260723,12.266719341278076
721,32.485487937927246,0.8774925,0.8773444294929504,1.862053613876924e-05,0.8773305416107178,12.2507515,12.265557050704956
722,32.52960777282715,0.87749755,0.8773592114448547,2.470260915288236e-05,0.8773370981216431,12.250244,12.264078855514526
723,32.5757052898407,0.8775362,0.8773834705352783,3.000754259119276e-05,0.8773512244224548,12.246382,12.261652946472168
724,32.61870527267456,0.8775853,0.8774159550666809,3.9190617826534435e-05,0.877377986907959,12.24147,12.25840449333191
725,32.664125204086304,0.87760276,0.8774524331092834,5.287566818878986e-05,0.8774055242538452,12.239724,12.254756689071655
726,32.711151123046875,0.87760276,0.8775001764297485,5.60150874662213e-05,0.8774299025535583,12.239724,12.249982357025146
727,32.751200675964355,0.8776105,0.8775562047958374,2.9831624487997033e-05,0.8774975538253784,12.23895,12.24437952041626
728,32.798107862472534,0.87762684,0.8775811195373535,1.6441470506833866e-05,0.877558171749115,12.237316,12.241888046264648
729,32.8419349193573,0.8776483,0.8775983452796936,9.418299669050612e-06,0.8775840997695923,12.23517,12.24016547203064
730,32.887086391448975,0.8776577,0.8776089549064636,1.3630324247060344e-05,0.8775992393493652,12.234229,12.239104509353638
731,32.93209624290466,0.877668,0.8776207566261292,1.9083568986388855e-05,0.877602756023407,12.233198,12.237924337387085
732,32.976019620895386,0.87771094,0.8776392340660095,1.9322653315612115e-05,0.8776123523712158,12.228907,12.236076593399048
733,33.021918296813965,0.8777328,0.8776605129241943,1.7028985894285142e-05,0.8776476979255676,12.226719,12.233948707580566
734,33.06889319419861,0.8777567,0.8776768445968628,2.3134825823944993e-05,0.8776556849479675,12.224329,12.23231554031372
735,33.11369800567627,0.8777987,0.8777011036872864,2.0068171579623595e-05,0.8776662945747375,12.220133,12.229889631271362
736,33.15916085243225,0.8777987,0.877720832824707,1.7352800568914972e-05,0.877705991268158,12.220133,12.227916717529297
737,33.19693374633789,0.8778379,0.8777345418930054,2.4584858692833222e-05,0.8777137994766235,12.21621,12.226545810699463
738,33.242382287979126,0.8778552,0.8777577877044678,2.5819879738264717e-05,0.8777246475219727,12.214481,12.224221229553223
739,33.28754234313965,0.8778894,0.8777839541435242,2.9047885618638247e-05,0.877751350402832,12.211061,12.221604585647583
740,33.33407235145569,0.8779282,0.8778169751167297,3.0658411560580134e-05,0.8777855038642883,12.20718,12.218302488327026
741,33.37945365905762,0.8779734,0.8778494596481323,3.585964805097319e-05,0.877802848815918,12.202662,12.215054035186768
742,33.42248487472534,0.8779734,0.8778854608535767,3.6038334656041116e-05,0.8778391480445862,12.202662,12.211453914642334
743,33.46111750602722,0.87801224,0.8779228329658508,2.8469139579101466e-05,0.8778859376907349,12.198776,12.207716703414917
744,33.5123336315155,0.87805593,0.8779511451721191,2.4655482775415294e-05,0.8779266476631165,12.1944065,12.204885482788086
745,33.56220054626465,0.8780585,0.877978503704071,2.16926600842271e-05,0.8779430985450745,12.194151,12.202149629592896
746,33.61070537567139,0.87809783,0.8780002593994141,2.784830030577723e-05,0.8779703378677368,12.190217,12.199974060058594
747,33.65985584259033,0.87816817,0.8780291080474854,2.5844667106866837e-05,0.8779966831207275,12.183184,12.197089195251465
748,33.70821762084961,0.87816817,0.878053605556488,3.0348452128237113e-05,0.8780197501182556,12.183184,12.194639444351196
749,33.748143672943115,0.878213,0.8780820965766907,2.910986222559586e-05,0.8780548572540283,12.178701,12.191790342330933
750,33.79365944862366,0.87827593,0.8781145811080933,3.798828402068466e-05,0.8780725002288818,12.172407,12.188541889190674
751,33.84176158905029,0.8783189,0.8781511783599854,4.713304224424064e-05,0.8781083226203918,12.16811,12.184882164001465
752,33.887813091278076,0.8784058,0.8782035112380981,5.3061157814227045e-05,0.8781473636627197,12.159419,12.179648876190186
753,33.93731880187988,0.8784095,0.8782610297203064,4.2286010284442455e-05,0.8782103657722473,12.15905,12.17389702796936
754,33.98355293273926,0.8784402,0.8783032894134521,3.876670598401688e-05,0.8782551288604736,12.15598,12.169671058654785
755,34.028414726257324,0.8784479,0.8783405423164368,4.0864648326532915e-05,0.8783059120178223,12.1552105,12.165945768356323
756,34.073118686676025,0.8784527,0.8783824443817139,4.031595017295331e-05,0.8783237934112549,12.154728,12.161755561828613
757,34.11714267730713,0.8784527,0.8784205913543701,1.9789114958257414e-05,0.8783911466598511,12.154728,12.157940864562988
758,34.15360927581787,0.878466,0.878440797328949,9.799170584301464e-06,0.8784170746803284,12.1533985,12.155920267105103
759,34.1984748840332,0.87848544,0.8784494996070862,3.55052270606393e-06,0.8784467577934265,12.151456,12.155050039291382
760,34.246134996414185,0.87848544,0.8784523010253906,4.871557393926196e-06,0.8784485459327698,12.151456,12.154769897460938
761,34.28398036956787,0.87848914,0.8784559369087219,7.989494406501763e-06,0.8784518837928772,12.151087,12.154406309127808
762,34.328017711639404,0.87849975,0.8784609436988831,1.166540641861502e-05,0.878452718257904,12.150025,12.153905630111694
763,34.37180495262146,0.8785128,0.878471314907074,1.2978940503671765e-05,0.8784540891647339,12.14872,12.152868509292603
764,34.4162232875824,0.8785364,0.8784844279289246,1.199322741740616e-05,0.8784674406051636,12.146359,12.151557207107544
765,34.45916700363159,0.87854356,0.8784964680671692,1.1895795978489332e-05,0.8784854412078857,12.145644,12.150353193283081
766,34.50538158416748,0.8785857,0.8785085678100586,1.4299316717369948e-05,0.8784900307655334,12.14143,12.14914321899414
767,34.55103945732117,0.8785938,0.8785223960876465,1.8624596123117954e-05,0.8785033226013184,12.140619,12.147760391235352
768,34.598161935806274,0.87860274,0.8785397410392761,2.3212438463815488e-05,0.8785179257392883,12.139726,12.146025896072388
769,34.6447548866272,0.8786243,0.8785606026649475,2.6981879273080267e-05,0.8785319924354553,12.1375675,12.143939733505249
770,34.690967082977295,0.8786276,0.87859046459198,1.6425423382315785e-05,0.8785580396652222,12.13724,12.140953540802002
771,34.73619270324707,0.8786276,0.8786062598228455,1.0107775779033545e-05,0.8785896897315979,12.13724,12.139374017715454
772,34.776313066482544,0.8786947,0.8786159157752991,8.650450581626501e-06,0.8786033987998962,12.130528,12.138408422470093
773,34.82240438461304,0.8786947,0.8786228895187378,8.03590319264913e-06,0.878617525100708,12.130528,12.13771104812622
774,34.861408710479736,0.878706,0.8786303400993347,1.840747609094251e-05,0.87862229347229,12.129402,12.136965990066528
775,34.9051730632782,0.8787848,0.8786410093307495,2.8354515961837023e-05,0.878625214099884,12.121523,12.135899066925049
776,34.951305866241455,0.87887996,0.8786629438400269,4.1132727346848696e-05,0.878627598285675,12.112003,12.133705615997314
777,34.99679756164551,0.87889206,0.8787041306495667,3.782365456572734e-05,0.8786371946334839,12.110794,12.129586935043335
778,35.04215407371521,0.87890875,0.8787336349487305,5.787878399132751e-05,0.8787006139755249,12.109125,12.126636505126953
779,35.08606553077698,0.8789097,0.8787754774093628,7.730435027042404e-05,0.8787066340446472,12.10903,12.12245225906372
780,35.13090968132019,0.8789345,0.8788527846336365,5.856786447111517e-05,0.8787258863449097,12.10655,12.114721536636353
781,35.17833709716797,0.8789483,0.8788984417915344,1.1935753718717024e-05,0.8788843154907227,12.105173,12.110155820846558
782,35.224956035614014,0.8790268,0.8789104223251343,1.4423583706957288e-05,0.8788953423500061,12.097322,12.108957767486572
783,35.270606994628906,0.8790268,0.8789225220680237,2.0033985492773354e-05,0.8789069056510925,12.097322,12.107747793197632
784,35.30948448181152,0.8790717,0.8789427876472473,2.8270484108361416e-05,0.8789114356040955,12.092829,12.105721235275269
785,35.3555109500885,0.8791052,0.8789651989936829,3.331440530018881e-05,0.878943681716919,12.089479,12.103480100631714
786,35.40193843841553,0.87910783,0.8789898157119751,4.5954766392242163e-05,0.8789509534835815,12.089216,12.10101842880249
787,35.455812215805054,0.8791099,0.879036009311676,3.778266909648664e-05,0.8789561986923218,12.089008,12.096399068832397
788,35.504159927368164,0.8791099,0.8790699243545532,1.9519711713655852e-05,0.8790326714515686,12.089008,12.093007564544678
789,35.54297375679016,0.87911546,0.8790863156318665,1.5395433365483768e-05,0.8790673017501831,12.088453,12.091368436813354
790,35.59683680534363,0.87912184,0.8791009783744812,8.539182090316899e-06,0.8790849447250366,12.087816,12.08990216255188
791,35.67760872840881,0.8791263,0.8791080117225647,3.3599092148506315e-06,0.8791046142578125,12.087369,12.08919882774353
792,35.733721017837524,0.87916625,0.8791114687919617,5.786840574728558e-06,0.8791078329086304,12.083376,12.088853120803833
793,35.78129744529724,0.87917304,0.8791170716285706,1.0298741472070105e-05,0.8791095614433289,12.082696,12.088292837142944
794,35.82740759849548,0.8792076,0.8791264891624451,1.577507828187663e-05,0.8791133165359497,12.079239,12.087351083755493
795,35.873207569122314,0.8792076,0.8791404366493225,1.9818236978608184e-05,0.8791221976280212,12.079239,12.085956335067749
796,35.910850048065186,0.87922853,0.8791603446006775,2.2907515813130885e-05,0.8791302442550659,12.077147,12.083965539932251
797,35.95840311050415,0.8792353,0.8791846632957458,1.7669599401415326e-05,0.8791662454605103,12.0764675,12.081533670425415
798,36.00497221946716,0.87924486,0.8792020082473755,1.563791374792345e-05,0.879180908203125,12.075514,12.079799175262451
799,36.05066227912903,0.87924486,0.8792184591293335,1.2532238542917185e-05,0.8791983127593994,12.075514,12.07815408706665
800,36.09023332595825,0.87930423,0.8792311549186707,8.09157336334465e-06,0.8792192935943604,12.069577,12.076884508132935
801,36.138995885849,0.87930423,0.8792381286621094,7.332509539992316e-06,0.8792303800582886,12.069577,12.076187133789062
802,36.178828954696655,0.87930423,0.879243791103363,9.76571118371794e-06,0.8792378306388855,12.069577,12.075620889663696
803,36.21725511550903,0.87932456,0.8792515993118286,1.6293266526190564e-05,0.8792415857315063,12.067545,12.074840068817139
804,36.26301407814026,0.8793466,0.8792631030082703,2.3870141376391985e-05,0.879244863986969,12.065339,12.073689699172974
805,36.30851483345032,0.8793881,0.8792834877967834,2.6317806259612553e-05,0.8792478442192078,12.061191,12.071651220321655
806,36.35477113723755,0.8794174,0.8793120980262756,2.307420436409302e-05,0.8792837858200073,12.058258,12.068790197372437
807,36.405890464782715,0.8794174,0.8793378472328186,2.5479113901383244e-05,0.8793042302131653,12.058258,12.06621527671814
808,36.44457030296326,0.8794411,0.8793630003929138,2.4588051019236445e-05,0.8793342709541321,12.055892,12.063699960708618
809,36.49026846885681,0.8794411,0.8793882131576538,1.7558986655785702e-05,0.8793557286262512,12.055892,12.06117868423462
810,36.528221130371094,0.8794474,0.8794047236442566,1.4149938579066657e-05,0.8793880939483643,12.05526,12.05952763557434
811,36.57302522659302,0.87944746,0.879419207572937,9.793596291274298e-06,0.8794077634811401,12.055254,12.058079242706299
812,36.6187481880188,0.87945974,0.8794285655021667,1.1327922038617544e-05,0.8794174194335938,12.054026,12.057143449783325
813,36.66377329826355,0.87945974,0.8794395923614502,7.952076884976123e-06,0.8794212937355042,12.054026,12.05604076385498
814,36.702720642089844,0.8794756,0.8794464468955994,4.781019470101455e-06,0.8794415593147278,12.052441,12.055355310440063
815,36.75040125846863,0.87949777,0.8794512152671814,7.230075880215736e-06,0.8794465065002441,12.050223,12.05487847328186
816,36.795939922332764,0.8795036,0.8794572353363037,1.2059987057000399e-05,0.8794492483139038,12.049639,12.054276466369629
817,36.83971929550171,0.8795036,0.8794655203819275,1.5674522728659213e-05,0.8794535994529724,12.049639,12.053447961807251
818,36.877156019210815,0.8795171,0.8794798851013184,1.7483100236859173e-05,0.8794582486152649,12.048292,12.052011489868164
819,36.92415237426758,0.8795246,0.8794978260993958,9.856868928181939e-06,0.8794755935668945,12.047541,12.050217390060425
820,36.970831632614136,0.879536,0.87950599193573,8.115312994050328e-06,0.879499077796936,12.046403,12.049400806427002
821,37.014442443847656,0.8795378,0.8795139193534851,8.778536539466586e-06,0.8795034289360046,12.046218,12.04860806465149
822,37.05961799621582,0.8795487,0.8795228004455566,6.671230494248448e-06,0.8795143365859985,12.045127,12.047719955444336
823,37.10616111755371,0.8795933,0.8795294761657715,7.092648502293741e-06,0.8795214891433716,12.0406685,12.047052383422852
824,37.151782274246216,0.8795933,0.8795356750488281,7.100304628693266e-06,0.879528284072876,12.0406685,12.046432495117188
825,37.189183712005615,0.8795933,0.879541277885437,8.227834769058973e-06,0.8795357346534729,12.0406685,12.045872211456299
826,37.22780895233154,0.87960225,0.8795477151870728,1.1542376341822091e-05,0.8795394897460938,12.039775,12.045228481292725
827,37.272624015808105,0.87960225,0.8795561790466309,1.674009399721399e-05,0.8795449137687683,12.039775,12.044382095336914
828,37.310977935791016,0.879617,0.8795669674873352,2.0836754629272036e-05,0.8795491456985474,12.038302,12.04330325126648
829,37.357890129089355,0.87962586,0.8795849084854126,1.96933324332349e-05,0.8795546293258667,12.037415,12.04150915145874
830,37.40364956855774,0.8796503,0.8796021342277527,8.039126441872213e-06,0.8795933127403259,12.03497,12.039786577224731
831,37.45298099517822,0.8796637,0.8796094059944153,1.0186518920818344e-05,0.8796001076698303,12.033629,12.039059400558472
832,37.50016379356384,0.87966913,0.8796178102493286,1.2637187865038868e-05,0.8796066641807556,12.033087,12.038218975067139
833,37.547080516815186,0.88005495,0.879630982875824,2.9345521397772245e-05,0.879615068435669,11.994505,12.036901712417603
834,37.59766626358032,0.88007796,0.8796505331993103,5.600126678473316e-05,0.8796257376670837,11.992205,12.03494668006897
835,37.645036697387695,0.8801031,0.8796873688697815,0.00010039201151812449,0.8796399831771851,11.989689,12.03126311302185
836,37.691086292266846,0.8801317,0.8797451853752136,0.00015179626643657684,0.8796623349189758,11.986828,12.025481462478638
837,37.73760747909546,0.8801602,0.8798392415046692,0.0001888918923214078,0.8796740770339966,11.983978,12.016075849533081
838,37.78679633140564,0.8801837,0.8800180554389954,0.00014267770166043192,0.8797031044960022,11.98163,11.998194456100464
839,37.83952975273132,0.88021636,0.8801134824752808,3.105953510385007e-05,0.8800760507583618,11.978364,11.988651752471924
840,37.887009143829346,0.8802198,0.8801435828208923,2.5309673219453543e-05,0.8801079392433167,11.978018,11.985641717910767
841,37.9318151473999,0.8802382,0.8801684975624084,2.1323141481843777e-05,0.8801420331001282,11.976183,11.983150243759155
842,37.97851014137268,0.88025534,0.880189836025238,2.1157808077987283e-05,0.8801630735397339,11.974466,11.981016397476196
843,38.02475905418396,0.8802806,0.8802129030227661,2.1211753846728243e-05,0.8801858425140381,11.971939,11.978709697723389
844,38.07100582122803,0.8803087,0.8802361488342285,2.073134237434715e-05,0.8802096843719482,11.969131,11.976385116577148
845,38.11910629272461,0.8803087,0.8802579641342163,1.700697794149164e-05,0.8802332282066345,11.969131,11.97420358657837
846,38.16046380996704,0.8803087,0.8802749514579773,1.2787492778443266e-05,0.8802564740180969,11.969131,11.97250485420227
847,38.19846773147583,0.88035,0.880287230014801,1.131527460529469e-05,0.8802739977836609,11.965,11.971276998519897
848,38.245911598205566,0.88035,0.8802984356880188,1.0883286449825391e-05,0.8802855610847473,11.965,11.97015643119812
849,38.28432774543762,0.8803652,0.8803094625473022,1.3601962564280257e-05,0.8802955150604248,11.963481,11.969053745269775
850,38.330010414123535,0.88039064,0.8803229331970215,1.8806800653692335e-05,0.8803085088729858,11.960936,11.967706680297852
851,38.37688422203064,0.88040066,0.880340576171875,2.0927896912326105e-05,0.8803114295005798,11.959934,11.9659423828125
852,38.44924283027649,0.88040525,0.8803629875183105,1.649991281738039e-05,0.880344033241272,11.9594755,11.963701248168945
853,38.499167919158936,0.88046736,0.8803793787956238,1.5732126485090703e-05,0.8803605437278748,11.953264,11.962062120437622
854,38.54417657852173,0.8805023,0.8803964257240295,1.842745768954046e-05,0.8803723454475403,11.949772,11.960357427597046
855,38.59184741973877,0.8805052,0.8804123997688293,2.455345747875981e-05,0.8803958892822266,11.94948,11.958760023117065
856,38.63789653778076,0.8805154,0.8804306983947754,3.597860268200748e-05,0.8804041743278503,11.948461,11.956930160522461
857,38.68458962440491,0.88054925,0.8804630637168884,3.843627928290516e-05,0.8804100155830383,11.945075,11.953693628311157
858,38.73215675354004,0.880666,0.8805009722709656,2.2079528207541443e-05,0.8804700970649719,11.933398,11.949902772903442
859,38.77867865562439,0.88067144,0.8805215954780579,2.9998000172781758e-05,0.8805044889450073,11.932856,11.947840452194214
860,38.82382369041443,0.8807435,0.8805431723594666,4.4342388719087467e-05,0.8805090188980103,11.92565,11.945682764053345
861,38.8712477684021,0.8807452,0.8805842995643616,5.1903862186009064e-05,0.8805162310600281,11.925483,11.941570043563843
862,38.91744661331177,0.88079345,0.8806347250938416,5.795238757855259e-05,0.8805832862854004,11.920654,11.936527490615845
863,38.96157193183899,0.88083935,0.8806968331336975,5.268430322757922e-05,0.8805965185165405,11.916065,11.930316686630249
864,39.0065438747406,0.8808849,0.8807516098022461,2.894799217756372e-05,0.8807032108306885,11.911511,11.92483901977539
865,39.05240750312805,0.88092744,0.8807806968688965,3.857232513837516e-05,0.8807451725006104,11.907255,11.921930313110352
866,39.098764419555664,0.8809288,0.8808173537254333,4.822505798074417e-05,0.8807816505432129,11.907119,11.918264627456665
867,39.14392685890198,0.8809293,0.8808583617210388,5.62827117391862e-05,0.8807936906814575,11.907071,11.914163827896118
868,39.187960147857666,0.880942,0.880914568901062,1.695070204732474e-05,0.8808743953704834,11.905802,11.908543109893799
869,39.23336315155029,0.880942,0.8809264302253723,2.8676874990196666e-06,0.8809231519699097,11.905802,11.907356977462769
870,39.27224540710449,0.8809454,0.8809294700622559,4.380915925139561e-06,0.8809267282485962,11.905461,11.907052993774414
871,39.31673502922058,0.8809613,0.8809329867362976,6.803667474741815e-06,0.8809281587600708,11.90387,11.90670132637024
872,39.36243200302124,0.88097507,0.8809385895729065,7.75673925090814e-06,0.8809291124343872,11.9024935,11.90614104270935
873,39.40734601020813,0.88097507,0.8809465765953064,5.580148808803642e-06,0.8809418082237244,11.9024935,11.90534234046936
874,39.44416928291321,0.88098776,0.8809510469436646,8.803247510513756e-06,0.8809453845024109,11.901224,11.904895305633545
875,39.48926639556885,0.8810104,0.8809575438499451,1.2592424354807008e-05,0.8809468150138855,11.898958,11.904245615005493
876,39.534976959228516,0.8810245,0.88097083568573,1.3818893421557732e-05,0.8809496760368347,11.8975525,11.902916431427002
877,39.58192181587219,0.8810245,0.8809852004051208,1.2210216482344549e-05,0.8809694051742554,11.8975525,11.901479959487915
878,39.61826705932617,0.8810481,0.8809976577758789,1.5369212633231655e-05,0.8809816241264343,11.895191,11.90023422241211
879,39.66433048248291,0.8810481,0.8810130953788757,1.511090977146523e-05,0.8809904456138611,11.895191,11.898690462112427
880,39.7028226852417,0.8810568,0.8810290694236755,9.619845513952896e-06,0.8810157775878906,11.894321,11.897093057632446
881,39.747732639312744,0.8810913,0.8810384273529053,1.1416375855333172e-05,0.8810248374938965,11.89087,11.896157264709473
882,39.792619705200195,0.88112056,0.8810510039329529,1.3862365449313074e-05,0.8810378313064575,11.887943,11.894899606704712
883,39.837427854537964,0.88117516,0.8810663819313049,2.7235717425355688e-05,0.8810480833053589,11.882484,11.893361806869507
884,39.88711667060852,0.8811978,0.8810928463935852,3.996427767560817e-05,0.8810558319091797,11.8802185,11.89071536064148
885,39.93866491317749,0.8812102,0.8811309933662415,3.697997817653231e-05,0.8810830116271973,11.878979,11.886900663375854
886,39.98857498168945,0.881303,0.8811691403388977,1.9824074115604162e-05,0.8811265230178833,11.869699,11.88308596611023
887,40.034773111343384,0.881303,0.8811854124069214,1.7345013475278392e-05,0.8811696171760559,11.869699,11.881458759307861
888,40.07253122329712,0.8813268,0.8812033534049988,2.7767238861997612e-05,0.8811807036399841,11.867321,11.879664659500122
889,40.11694407463074,0.881346,0.8812246322631836,3.597525574150495e-05,0.8811978101730347,11.865401,11.87753677368164
890,40.16327095031738,0.8813464,0.8812523484230042,4.299731517676264e-05,0.8812111616134644,11.865359,11.874765157699585
891,40.208744764328,0.8813526,0.881294310092926,3.333359200041741e-05,0.8812342882156372,11.864739,11.870568990707397
892,40.254114389419556,0.88136697,0.8813258409500122,1.582331424287986e-05,0.8813028335571289,11.863303,11.86741590499878
893,40.308127880096436,0.88137084,0.8813408017158508,8.047773008001968e-06,0.8813303709030151,11.862916,11.865919828414917
894,40.36520838737488,0.8813825,0.8813486695289612,8.226271347666625e-06,0.8813377022743225,11.861748,11.865133047103882
895,40.41227674484253,0.8813825,0.8813556432723999,8.3678442024393e-06,0.8813464045524597,11.861748,11.86443567276001
896,40.451109647750854,0.8814,0.8813642859458923,8.042557965382002e-06,0.881353497505188,11.860001,11.863571405410767
897,40.49761652946472,0.88147104,0.8813740015029907,1.204975342261605e-05,0.8813638091087341,11.852896,11.862599849700928
898,40.54208707809448,0.88147104,0.881384015083313,1.6957495972746983e-05,0.8813707828521729,11.852896,11.861598491668701
899,40.581603050231934,0.8814787,0.8813982009887695,2.1493669919436797e-05,0.8813772797584534,11.852127,11.860179901123047
900,40.625670194625854,0.881521,0.8814201354980469,2.1997379008098505e-05,0.8813947439193726,11.847901,11.857986450195312
901,40.673234701156616,0.8815266,0.8814390301704407,2.910549119405914e-05,0.8814164996147156,11.847342,11.856096982955933
902,40.71983194351196,0.88154227,0.8814663887023926,3.601128628361039e-05,0.8814265727996826,11.845774,11.853361129760742
903,40.76531410217285,0.88154227,0.8815025091171265,2.2500687919091433e-05,0.8814647793769836,11.845774,11.849749088287354
904,40.802891969680786,0.881545,0.8815227746963501,6.910634965606732e-06,0.8815119862556458,11.845499,11.84772253036499
905,40.84718441963196,0.88155925,0.881528913974762,6.446115094149718e-06,0.8815223574638367,11.844074,11.847108602523804
906,40.8922164440155,0.88156104,0.8815351128578186,7.2581115091452375e-06,0.8815268278121948,11.843896,11.84648871421814
907,40.93869137763977,0.8816064,0.8815432190895081,1.0653186109266244e-05,0.8815324306488037,11.83936,11.845678091049194
908,40.98332071304321,0.88161004,0.881554126739502,1.5940991943352856e-05,0.8815422654151917,11.838997,11.844587326049805
909,41.03004455566406,0.8817232,0.8815664649009705,2.3290558601729572e-05,0.8815478682518005,11.827678,11.843353509902954
910,41.074684381484985,0.8817358,0.8815878629684448,2.9981409170432016e-05,0.8815546035766602,11.82642,11.841213703155518
911,41.12051510810852,0.8817456,0.8816168308258057,2.9289660233189352e-05,0.8815945982933044,11.825442,11.838316917419434
912,41.170252323150635,0.8817935,0.8816375732421875,4.7173052735161036e-05,0.8816085457801819,11.82065,11.83624267578125
913,41.215535163879395,0.8818071,0.8816736936569214,6.154116272227839e-05,0.8816158771514893,11.819291,11.832630634307861
914,41.26164484024048,0.8819344,0.8817412853240967,4.91796963615343e-05,0.8816319704055786,11.80656,11.825871467590332
915,41.30736494064331,0.88194734,0.8817928433418274,5.064139986643568e-05,0.8817429542541504,11.805266,11.82071566581726
916,41.35420203208923,0.8819683,0.8818394541740417,6.046404087101109e-05,0.8817872405052185,11.803168,11.816054582595825
917,41.39932203292847,0.8819683,0.8818948864936829,5.45232578588184e-05,0.8818061947822571,11.803168,11.810511350631714
918,41.437968015670776,0.88203883,0.8819435834884644,1.1970078048761934e-05,0.8819297552108765,11.796117,11.805641651153564
919,41.48370671272278,0.88203883,0.8819547891616821,1.3769146789854858e-05,0.8819435238838196,11.796117,11.804521083831787
920,41.52168297767639,0.88204783,0.8819659948348999,2.0974677681806497e-05,0.8819491267204285,11.795217,11.80340051651001
921,41.56790518760681,0.88205343,0.8819822072982788,2.9793447538395412e-05,0.8819620609283447,11.794657,11.80177927017212
922,41.61534833908081,0.882136,0.8820065855979919,3.599670890253037e-05,0.8819683194160461,11.786402,11.799341440200806
923,41.66186451911926,0.88214123,0.8820453882217407,1.859937583503779e-05,0.8820050954818726,11.785877,11.795461177825928
924,41.70808529853821,0.88214135,0.8820620179176331,3.071233004448004e-05,0.8820458054542542,11.785865,11.793798208236694
925,41.75808620452881,0.88214135,0.8820846676826477,4.062380685354583e-05,0.8820478320121765,11.785865,11.79153323173523
926,41.80431294441223,0.8821529,0.8821225166320801,3.1506195227848366e-05,0.8820558190345764,11.784708,11.787748336791992
927,41.863927364349365,0.8821531,0.8821402788162231,1.7412568240615656e-06,0.8821385502815247,11.784691,11.785972118377686
928,41.91212201118469,0.88215494,0.8821417093276978,2.8338049560261425e-06,0.8821401596069336,11.784506,11.785829067230225
929,41.96137499809265,0.8821637,0.8821433782577515,4.79652953799814e-06,0.8821412324905396,11.783629,11.785662174224854
930,42.013893842697144,0.88217396,0.8821461200714111,6.6767997850547545e-06,0.8821413516998291,11.782604,11.785387992858887
931,42.069984674453735,0.8821918,0.8821521997451782,8.35379796626512e-06,0.8821413516998291,11.780823,11.784780025482178
932,42.14608979225159,0.88219184,0.8821595907211304,8.964886546891648e-06,0.8821536302566528,11.780816,11.784040927886963
933,42.20459198951721,0.88220835,0.8821679949760437,1.2923146641696803e-05,0.8821557760238647,11.779165,11.78320050239563
934,42.2510666847229,0.8822145,0.8821824193000793,1.174835142592201e-05,0.8821644186973572,11.778551,11.781758069992065
935,42.29623889923096,0.88223153,0.8821957111358643,9.617127943783998e-06,0.8821783065795898,11.776847,11.780428886413574
936,42.34192395210266,0.8822605,0.8822048306465149,1.1136759894725401e-05,0.8821917772293091,11.77395,11.77951693534851
937,42.38758945465088,0.88228744,0.8822171092033386,1.281010736420285e-05,0.8822062015533447,11.7712555,11.778289079666138
938,42.43280553817749,0.88230175,0.8822296261787415,1.975313170987647e-05,0.8822144269943237,11.769825,11.777037382125854
939,42.478249073028564,0.88230747,0.8822481036186218,2.6104587959707715e-05,0.88222736120224,11.769253,11.775189638137817
940,42.52300024032593,0.88236135,0.8822718858718872,2.8709233447443694e-05,0.8822315335273743,11.7638645,11.77281141281128
941,42.569382667541504,0.88236135,0.8822993040084839,1.3329078683455009e-05,0.8822836875915527,11.7638645,11.770069599151611
942,42.60811638832092,0.8823671,0.8823092579841614,1.7252394172828645e-05,0.8823012113571167,11.763292,11.769074201583862
943,42.65374565124512,0.8823692,0.8823200464248657,2.3840870198910125e-05,0.8823017477989197,11.763078,11.767995357513428
944,42.700833320617676,0.8823764,0.8823409080505371,2.4199296603910625e-05,0.8823090195655823,11.7623625,11.765909194946289
945,42.74638080596924,0.882378,0.8823637962341309,4.458544935914688e-06,0.8823589086532593,11.762201,11.763620376586914
946,42.79226636886597,0.8823781,0.8823676109313965,5.175243131816387e-06,0.8823613524436951,11.76219,11.763238906860352
947,42.838488817214966,0.8823836,0.8823723793029785,3.659668664113269e-06,0.8823685646057129,11.7616415,11.762762069702148
948,42.88465857505798,0.8824239,0.8823758959770203,4.329053354013013e-06,0.8823708295822144,11.757612,11.762410402297974
949,42.930463552474976,0.8824239,0.8823790550231934,4.924719178234227e-06,0.8823765516281128,11.757612,11.762094497680664
950,42.96946477890015,0.882434,0.8823817372322083,9.191391654894687e-06,0.882378101348877,11.756599,11.761826276779175
951,43.01581621170044,0.8824393,0.882388174533844,1.5734221960883588e-05,0.882378101348877,11.756068,11.7611825466156
952,43.07050323486328,0.8824614,0.8823997974395752,2.0822313672397286e-05,0.8823811411857605,11.753857,11.76002025604248
953,43.12068033218384,0.8825051,0.8824207782745361,1.9927669200114906e-05,0.8823901414871216,11.749488,11.757922172546387
954,43.16499924659729,0.8825189,0.8824427723884583,1.781172068149317e-05,0.8824238777160645,11.748112,11.755722761154175
955,43.21130108833313,0.882542,0.8824609518051147,2.5686071239761077e-05,0.8824356198310852,11.745798,11.753904819488525
956,43.25944185256958,0.8825525,0.8824870586395264,2.4998924345709383e-05,0.8824558258056641,11.744749,11.751294136047363
957,43.305309772491455,0.88257605,0.8825158476829529,1.8853133951779455e-05,0.8824830651283264,11.742395,11.748415231704712
958,43.35109806060791,0.88258487,0.8825344443321228,1.6423833585577086e-05,0.8825098276138306,11.741513,11.74655556678772
959,43.39730191230774,0.88259333,0.8825507164001465,1.1860110134875868e-05,0.882534384727478,11.740666,11.744928359985352
960,43.44402313232422,0.88260114,0.8825613856315613,1.249412616743939e-05,0.8825451135635376,11.739885,11.743861436843872
961,43.48897671699524,0.8826205,0.882574200630188,1.0737800948845688e-05,0.8825615048408508,11.737948,11.742579936981201
962,43.53485941886902,0.8826298,0.8825854659080505,1.0523901437409222e-05,0.8825717568397522,11.737019,11.741453409194946
963,43.58030319213867,0.8826298,0.8825962543487549,9.933029105013702e-06,0.8825848698616028,11.737019,11.740374565124512
964,43.618805170059204,0.8826398,0.8826057314872742,1.132834040618036e-05,0.8825933337211609,11.736017,11.739426851272583
965,43.66512155532837,0.8826463,0.8826161026954651,1.166761740023503e-05,0.8826011419296265,11.735368,11.738389730453491
966,43.71318173408508,0.88265693,0.8826281428337097,7.908418410806917e-06,0.8826171159744263,11.734306,11.737185716629028
967,43.7599561214447,0.8826619,0.8826360106468201,7.72433395468397e-06,0.8826287984848022,11.733812,11.736398935317993
968,43.803871870040894,0.8826619,0.8826435208320618,8.18178705230821e-06,0.8826330900192261,11.733812,11.735647916793823
969,43.84163022041321,0.8826833,0.8826505541801453,8.503695426043123e-06,0.8826411366462708,11.731672,11.734944581985474
970,43.8867552280426,0.8826935,0.8826603293418884,6.920050054759486e-06,0.8826503157615662,11.730647,11.733967065811157
971,43.931960105895996,0.8826935,0.882665753364563,9.959089766198304e-06,0.8826603293418884,11.730647,11.733424663543701
972,43.96976351737976,0.8826935,0.8826723694801331,1.3443688658298925e-05,0.8826618790626526,11.730647,11.732763051986694
973,44.0086874961853,0.8826944,0.8826847076416016,1.1230656127736438e-05,0.8826618790626526,11.730557,11.731529235839844
974,44.05291724205017,0.8827051,0.8826929330825806,9.881163123282022e-07,0.8826913237571716,11.72949,11.730706691741943
975,44.0987651348114,0.88272995,0.8826937675476074,2.334782720936346e-06,0.8826934099197388,11.727005,11.730623245239258
976,44.1467444896698,0.88277644,0.8826950192451477,7.891902896517422e-06,0.8826935291290283,11.722356,11.73049807548523
977,44.19622039794922,0.88277644,0.8826988339424133,1.5565125067951158e-05,0.8826935291290283,11.722356,11.730116605758667
978,44.236178398132324,0.88277984,0.882708728313446,2.649635644047521e-05,0.8826936483383179,11.722016,11.729127168655396
979,44.28038167953491,0.8827893,0.8827283978462219,3.3840926334960386e-05,0.8826950788497925,11.721068,11.727160215377808
980,44.324615716934204,0.8827914,0.882758617401123,2.5334113161079586e-05,0.8827072381973267,11.72086,11.724138259887695
981,44.37013220787048,0.8827927,0.882780134677887,5.392412731453078e-06,0.882776141166687,11.720729,11.721986532211304
982,44.41700339317322,0.8827927,0.882784903049469,5.73315719520906e-06,0.8827776908874512,11.720729,11.7215096950531
983,44.45504689216614,0.8828047,0.8827906847000122,1.6596617342656828e-06,0.8827893137931824,11.719531,11.72093152999878
984,44.49963450431824,0.88280886,0.882792055606842,2.3916286409075838e-06,0.8827906250953674,11.719113,11.720794439315796
985,44.54446220397949,0.88285565,0.8827941417694092,5.716588020732161e-06,0.8827913999557495,11.714435,11.720585823059082
986,44.58964514732361,0.88285565,0.882797122001648,8.972112482297234e-06,0.8827927112579346,11.714435,11.720287799835205
987,44.6277334690094,0.88285565,0.8828035593032837,1.2107681868656073e-05,0.8827927112579346,11.714435,11.71964406967163
988,44.66619825363159,0.88288,0.8828157186508179,1.256824270967627e-05,0.8828038573265076,11.712003,11.718428134918213
989,44.71478056907654,0.88288474,0.8828272223472595,1.658719156694133e-05,0.882814884185791,11.711526,11.717277765274048
990,44.759331464767456,0.88289374,0.8828403949737549,2.2540441932505928e-05,0.8828199505805969,11.710626,11.715960502624512
991,44.80341935157776,0.8829478,0.8828648924827576,2.035259058175143e-05,0.8828305602073669,11.705219,11.713510751724243
992,44.848721981048584,0.88296765,0.8828855752944946,1.2665615940932184e-05,0.8828725814819336,11.703235,11.711442470550537
993,44.89356279373169,0.8829782,0.8828970789909363,1.8156319129047915e-05,0.8828833103179932,11.70218,11.710292100906372
994,44.93999910354614,0.8830956,0.8829138278961182,2.93419579975307e-05,0.8828896880149841,11.690437,11.708617210388184
995,44.98636603355408,0.88310456,0.8829414248466492,4.290365177439526e-05,0.882900595664978,11.689544,11.705857515335083
996,45.03130006790161,0.88313305,0.8829851150512695,4.6891549573047087e-05,0.8829249143600464,11.686695,11.701488494873047
997,45.07580280303955,0.8831559,0.8830313086509705,5.010289896745235e-05,0.8829745650291443,11.684412,11.696869134902954
998,45.12071681022644,0.8831594,0.8830828070640564,3.7311328924261034e-05,0.8830169439315796,11.68406,11.69171929359436
999,45.164822816848755,0.8831594,0.8831150531768799,1.4922876289347187e-05,0.8830956220626831,11.68406,11.688494682312012
1000,45.20177102088928,0.8831719,0.8831303119659424,1.4364254639076535e-05,0.883112907409668,11.682808,11.686968803405762
1001,45.25279426574707,0.8831756,0.8831442594528198,1.2147937923145946e-05,0.8831284642219543,11.682439,11.685574054718018
1002,45.30183529853821,0.88320214,0.8831568360328674,8.9636305347085e-06,0.8831419348716736,11.679787,11.684316396713257
1003,45.348031520843506,0.8832022,0.8831654191017151,8.150273970386479e-06,0.8831568360328674,11.679781,11.683458089828491
1004,45.39428973197937,0.8832316,0.8831737041473389,1.0223982826573774e-05,0.8831636309623718,11.676842,11.682629585266113
1005,45.4390082359314,0.8832345,0.8831830620765686,1.4345700037665665e-05,0.8831719160079956,11.67655,11.68169379234314
1006,45.48435950279236,0.8832423,0.8831971883773804,1.7968843167182058e-05,0.8831784129142761,11.675769,11.680281162261963
1007,45.529030323028564,0.88324857,0.8832152485847473,1.3980543371872045e-05,0.8831936120986938,11.675143,11.678475141525269
1008,45.57646107673645,0.8832511,0.8832287192344666,1.0538532478676643e-05,0.8832113146781921,11.674892,11.677128076553345
1009,45.621843576431274,0.88327426,0.8832391500473022,5.605387741525192e-06,0.8832316994667053,11.672574,11.676084995269775
1010,45.66696786880493,0.88329905,0.8832443356513977,5.629972747556167e-06,0.8832406997680664,11.6700945,11.67556643486023
1011,45.714165449142456,0.8833016,0.8832485675811768,8.64211415319005e-06,0.8832423090934753,11.669838,11.675143241882324
1012,45.75888156890869,0.8833016,0.883254885673523,1.3822031178278849e-05,0.8832485675811768,11.669838,11.674511432647705
1013,45.79662609100342,0.8833099,0.883265495300293,2.0186373149044812e-05,0.8832485675811768,11.66901,11.673450469970703
1014,45.840491771698,0.8833171,0.8832828402519226,1.969568620552309e-05,0.8832576274871826,11.668289,11.67171597480774
1015,45.88661813735962,0.88336134,0.8833041191101074,7.763911526126321e-06,0.8832921981811523,11.663866,11.669588088989258
1016,45.93135666847229,0.88336134,0.8833112716674805,9.403399417351466e-06,0.8833025693893433,11.663866,11.668872833251953
1017,45.96872901916504,0.8833767,0.8833206295967102,1.5466805052710697e-05,0.8833094835281372,11.662329,11.66793704032898
1018,46.01323342323303,0.8833811,0.883333146572113,1.9584971596486866e-05,0.8833154439926147,11.661887,11.666685342788696
1019,46.057652950286865,0.8833859,0.8833506107330322,1.9702281861100346e-05,0.883324921131134,11.66141,11.664938926696777
1020,46.104532957077026,0.88339007,0.883369505405426,7.618294148414861e-06,0.8833587169647217,11.660994,11.663049459457397
1021,46.1503221988678,0.8834146,0.8833770751953125,5.513476025953423e-06,0.883368730545044,11.658537,11.66229248046875
1022,46.193522691726685,0.8834146,0.883381724357605,7.3305759542563464e-06,0.8833767175674438,11.658537,11.661827564239502
1023,46.231927156448364,0.8834146,0.883388102054596,9.070970918401144e-06,0.8833786249160767,11.658537,11.661189794540405
1024,46.27290892601013,0.88342905,0.8833962678909302,1.1231814823986497e-05,0.8833858966827393,11.657095,11.660373210906982
1025,46.32261371612549,0.8834334,0.8834080100059509,9.293486982642207e-06,0.8833931684494019,11.65666,11.659198999404907
1026,46.367252826690674,0.8834466,0.8834173679351807,6.121785645518685e-06,0.8834080100059509,11.655342,11.658263206481934
1027,46.41349506378174,0.8834613,0.8834230303764343,8.51042932481505e-06,0.883414626121521,11.653871,11.657696962356567
1028,46.457998275756836,0.88347316,0.8834309577941895,1.0901349924097303e-05,0.8834218978881836,11.652684,11.656904220581055
1029,46.50397753715515,0.8834867,0.8834429979324341,1.3196406143833883e-05,0.8834290504455566,11.651331,11.655700206756592
1030,46.551352977752686,0.88350785,0.8834573030471802,1.3264044355310034e-05,0.8834385275840759,11.649216,11.654269695281982
1031,46.59795427322388,0.88351023,0.8834728002548218,1.1977862413914409e-05,0.8834543824195862,11.648977,11.652719974517822
1032,46.64362931251526,0.88352644,0.8834848999977112,1.0994803233188577e-05,0.8834723830223083,11.647356,11.651510000228882
1033,46.69249248504639,0.88353413,0.8834960460662842,1.1550004273885861e-05,0.8834803104400635,11.646586,11.650395393371582
1034,46.73891282081604,0.88355,0.8835070133209229,1.1746009477064945e-05,0.8834940195083618,11.645001,11.649298667907715
1035,46.785831689834595,0.8835554,0.8835204243659973,1.1512704986671451e-05,0.8835040926933289,11.644459,11.647957563400269
1036,46.833351373672485,0.8835574,0.8835316300392151,8.98280632100068e-06,0.8835222721099854,11.644262,11.646836996078491
1037,46.87987279891968,0.88357246,0.8835397362709045,9.396992936672177e-06,0.8835303783416748,11.642754,11.646026372909546
1038,46.92821145057678,0.8835829,0.8835495114326477,7.936069778224919e-06,0.8835347890853882,11.641711,11.64504885673523
1039,46.97338342666626,0.8835942,0.8835576772689819,7.847264896554407e-06,0.8835496306419373,11.640578,11.644232273101807
1040,47.0205352306366,0.8836019,0.8835656642913818,9.92242985375924e-06,0.8835569024085999,11.63981,11.643433570861816
1041,47.066582441329956,0.8836045,0.883575439453125,1.0433534043841064e-05,0.8835643529891968,11.639547,11.6424560546875
1042,47.1136269569397,0.88361293,0.883585512638092,1.0274466148985084e-05,0.8835722804069519,11.638707,11.641448736190796
1043,47.160375118255615,0.8836186,0.8835961818695068,8.194389920390677e-06,0.8835854530334473,11.638141,11.640381813049316
1044,47.20728826522827,0.88367975,0.8836045265197754,7.601181096106302e-06,0.8835946321487427,11.632025,11.639547348022461
1045,47.25348448753357,0.88367975,0.8836106061935425,7.870490662753582e-06,0.8836027979850769,11.632025,11.638939380645752
1046,47.292033195495605,0.88369197,0.8836169838905334,1.1676643225655425e-05,0.883610188961029,11.630803,11.638301610946655
1047,47.3385226726532,0.8837065,0.8836265206336975,2.0178998966002837e-05,0.8836129307746887,11.629349,11.637347936630249
1048,47.38504123687744,0.8837229,0.8836411237716675,3.0004724976606667e-05,0.8836194276809692,11.62771,11.635887622833252
1049,47.43165469169617,0.8837271,0.8836655616760254,3.53719005943276e-05,0.8836275935173035,11.627293,11.633443832397461
1050,47.478245973587036,0.88372874,0.8837045431137085,1.2994273674848955e-05,0.8836797475814819,11.627126,11.62954568862915
1051,47.52557873725891,0.88372874,0.8837161064147949,7.120566351659363e-06,0.8837065100669861,11.627126,11.628389358520508
1052,47.565675020217896,0.8837383,0.8837230205535889,3.5534758353605866e-06,0.8837162852287292,11.626172,11.627697944641113
1053,47.61363506317139,0.8837779,0.8837263584136963,4.45940258941846e-06,0.8837233781814575,11.622209,11.627364158630371
1054,47.660101890563965,0.8837779,0.8837292790412903,6.415469670173479e-06,0.8837246298789978,11.622209,11.627072095870972
1055,47.700575828552246,0.88378966,0.8837340474128723,1.1944192920054775e-05,0.8837277889251709,11.621035,11.626595258712769
1056,47.74727773666382,0.8837979,0.8837421536445618,1.7368129192618653e-05,0.8837287425994873,11.620212,11.625784635543823
1057,47.79432773590088,0.88382214,0.8837583661079407,2.0177125406917185e-05,0.883736789226532,11.617785,11.624163389205933
1058,47.84316396713257,0.88383853,0.8837788701057434,1.8431852367939427e-05,0.8837451338768005,11.616146,11.62211298942566
1059,47.89016652107239,0.88383853,0.8837974667549133,1.7987405954045244e-05,0.883777916431427,11.616146,11.620253324508667
1060,47.928916692733765,0.8838548,0.8838140964508057,1.5565796275041066e-05,0.8837889432907104,11.614519,11.618590354919434
1061,47.97632098197937,0.8838548,0.8838292360305786,7.972660569066647e-06,0.8838174343109131,11.614519,11.617076396942139
1062,48.01530337333679,0.8840449,0.8838384747505188,1.2885472642665263e-05,0.8838285207748413,11.595511,11.61615252494812
1063,48.061211824417114,0.8840449,0.8838428258895874,1.8023458324023522e-05,0.8838379383087158,11.595511,11.61571741104126
1064,48.101388931274414,0.88407695,0.8838521838188171,3.940317765227519e-05,0.8838384747505188,11.592304,11.614781618118286
1065,48.14831900596619,0.88408196,0.8838735818862915,6.473749817814678e-05,0.8838387727737427,11.5918045,11.61264181137085
1066,48.195836544036865,0.8841021,0.8839146494865417,9.123745985561982e-05,0.8838548064231873,11.589789,11.608535051345825
1067,48.24161887168884,0.88411945,0.8839877247810364,0.000101016579719726,0.8838589787483215,11.588055,11.601227521896362
1068,48.28722429275513,0.8841246,0.8840792775154114,1.4502003978122957e-05,0.8840606808662415,11.587543,11.592072248458862
1069,48.33679986000061,0.8841415,0.8840926885604858,1.3735631000599824e-05,0.8840811848640442,11.58585,11.590731143951416
1070,48.38252902030945,0.8841415,0.8841054439544678,1.3921575373387896e-05,0.8840868473052979,11.58585,11.589455604553223
1071,48.42811322212219,0.88416004,0.8841204047203064,1.3443376701616216e-05,0.8841021060943604,11.583996,11.58795952796936
1072,48.476908922195435,0.88418436,0.8841354250907898,1.2964304005436134e-05,0.8841201066970825,11.581564,11.58645749092102
1073,48.52280044555664,0.88418436,0.8841498494148254,1.2638641237572301e-05,0.8841379880905151,11.581564,11.585015058517456
1074,48.56506562232971,0.8841853,0.8841623067855835,1.2574889296956826e-05,0.8841443061828613,11.581469,11.58376932144165
1075,48.61220383644104,0.88431585,0.884175181388855,1.1405983968870714e-05,0.8841603398323059,11.568415,11.582481861114502
1076,48.65935134887695,0.88431585,0.884183406829834,1.4870692211843561e-05,0.8841765522956848,11.568415,11.581659317016602
1077,48.69912528991699,0.88431585,0.8841919898986816,2.815676634781994e-05,0.8841820955276489,11.568415,11.580801010131836
1078,48.73805904388428,0.8843179,0.8842088580131531,4.5841046812711284e-05,0.8841846585273743,11.5682125,11.579114198684692
1079,48.78315091133118,0.884341,0.8842364549636841,5.703931310563348e-05,0.8841871023178101,11.5659,11.576354503631592
1080,48.830039978027344,0.884341,0.8842841982841492,4.607575829140842e-05,0.884199321269989,11.5659,11.571580171585083
1081,48.87076258659363,0.8843688,0.8843197822570801,9.529835551802535e-06,0.8843069076538086,11.563122,11.568021774291992
1082,48.917256116867065,0.8843688,0.8843278884887695,1.2106987014703918e-05,0.8843158483505249,11.563122,11.567211151123047
1083,48.95633244514465,0.8843697,0.8843399286270142,1.1288468158454634e-05,0.8843254446983337,11.563033,11.566007137298584
1084,49.00159311294556,0.88438475,0.8843517899513245,1.0922813089564443e-05,0.8843395709991455,11.561525,11.564821004867554
1085,49.0503203868866,0.8843849,0.8843627572059631,8.269928912341129e-06,0.8843487501144409,11.561513,11.563724279403687
1086,49.094897985458374,0.884387,0.8843713998794556,5.23103244631784e-06,0.8843662142753601,11.561298,11.562860012054443
1087,49.14141273498535,0.8843875,0.8843752145767212,6.775299880246166e-06,0.8843693733215332,11.561251,11.56247854232788
1088,49.188175439834595,0.8843878,0.8843821883201599,5.22977552463999e-06,0.8843713998794556,11.561221,11.561781167984009
1089,49.23444628715515,0.88439316,0.8843861222267151,1.1848585472762352e-06,0.8843847513198853,11.560684,11.561387777328491
1090,49.28131937980652,0.8844025,0.8843873739242554,1.5346133750426816e-06,0.8843856453895569,11.559749,11.561262607574463
1091,49.328962326049805,0.88440573,0.88438880443573,3.445849188210559e-06,0.8843874931335449,11.559427,11.561119556427002
1092,49.374231815338135,0.8844069,0.8843913078308105,5.847171905770665e-06,0.8843877911567688,11.559307,11.560869216918945
1093,49.42079424858093,0.8844202,0.8843958973884583,7.84118219598895e-06,0.8843878507614136,11.557979,11.560410261154175
1094,49.46664524078369,0.88443625,0.8844048380851746,6.38101755612297e-06,0.8843939304351807,11.5563755,11.559516191482544
1095,49.51546883583069,0.88443625,0.8844113349914551,6.804089935030788e-06,0.8844055533409119,11.5563755,11.558866500854492
1096,49.55405926704407,0.88443625,0.8844180703163147,6.4943933466565795e-06,0.8844071626663208,11.5563755,11.55819296836853
1097,49.59278225898743,0.8844478,0.884424090385437,6.023965397616848e-06,0.8844185471534729,11.555219,11.557590961456299
1098,49.64073944091797,0.8844551,0.884429931640625,6.6293323470745236e-06,0.8844223618507385,11.554491,11.5570068359375
1099,49.68801140785217,0.884473,0.8844373822212219,7.259704034368042e-06,0.8844301700592041,11.552697,11.556261777877808
1100,49.73349070549011,0.8844752,0.884445071220398,9.948557817551773e-06,0.8844362497329712,11.552483,11.555492877960205
1101,49.7812135219574,0.8844928,0.8844552636146545,1.0436695447424427e-05,0.8844435214996338,11.550718,11.554473638534546
1102,49.8276572227478,0.88450444,0.8844670653343201,1.0064700290968176e-05,0.8844499588012695,11.549557,11.553293466567993
1103,49.876670360565186,0.88450986,0.8844788074493408,1.0552182175160851e-05,0.8844648003578186,11.549014,11.552119255065918
1104,49.923179388046265,0.884524,0.8844895362854004,1.1603151506278664e-05,0.8844741582870483,11.547602,11.551046371459961
1105,49.9691436290741,0.884524,0.8845011591911316,7.4476674853940494e-06,0.8844888210296631,11.547602,11.54988408088684
1106,50.00801753997803,0.88452804,0.8845083117485046,6.443316578952363e-06,0.8845014572143555,11.547195,11.549168825149536
1107,50.054306507110596,0.8845432,0.8845149278640747,7.447764801327139e-06,0.8845056295394897,11.545682,11.54850721359253
1108,50.10213041305542,0.8845449,0.8845229148864746,7.189454663603101e-06,0.8845145106315613,11.545509,11.547708511352539
1109,50.14852738380432,0.8845552,0.8845308423042297,8.201861419365741e-06,0.8845198154449463,11.544477,11.546915769577026
1110,50.19554352760315,0.88458586,0.8845399618148804,9.239312021236401e-06,0.8845280408859253,11.541414,11.546003818511963
1111,50.242648124694824,0.8846178,0.8845503330230713,1.463618809793843e-05,0.8845396637916565,11.538219,11.544966697692871
1112,50.290836811065674,0.8846178,0.8845630884170532,2.1400403056759387e-05,0.884544849395752,11.538219,11.543691158294678
1113,50.32907485961914,0.8846296,0.8845833539962769,2.118870906997472e-05,0.8845555782318115,11.537039,11.541664600372314
1114,50.37538433074951,0.88465726,0.8846050500869751,1.1576806173252407e-05,0.8845858573913574,11.534273,11.53949499130249
1115,50.42120885848999,0.88465726,0.884615957736969,1.0046212082670536e-05,0.8846024870872498,11.534273,11.5384042263031
1116,50.45997595787048,0.88467324,0.8846249580383301,1.138328207161976e-05,0.8846157789230347,11.532677,11.537504196166992
1117,50.512290477752686,0.88473165,0.884635865688324,1.3803933143208269e-05,0.884620189666748,11.5268345,11.536413431167603
1118,50.56372380256653,0.88473165,0.8846486210823059,1.4656676285085268e-05,0.8846343755722046,11.5268345,11.53513789176941
1119,50.602800607681274,0.88473964,0.8846628665924072,1.5884899767115712e-05,0.8846484422683716,11.526036,11.533713340759277
1120,50.64878296852112,0.8847563,0.884676992893219,2.35994957620278e-05,0.8846572637557983,11.524367,11.5323007106781
1121,50.69824695587158,0.88476384,0.8846936821937561,3.087556251557544e-05,0.8846721053123474,11.523617,11.53063178062439
1122,50.74509906768799,0.88476384,0.8847202658653259,3.408348493394442e-05,0.8846743702888489,11.523617,11.527973413467407
1123,50.78612780570984,0.8847648,0.8847519159317017,8.353391422133427e-06,0.8847364783287048,11.523521,11.524808406829834
1124,50.83461570739746,0.88476706,0.8847593069076538,3.0269607123045716e-06,0.8847553730010986,11.523294,11.52406930923462
1125,50.88090968132019,0.8847733,0.8847621083259583,2.4642149583087303e-06,0.884758472442627,11.522669,11.523789167404175
1126,50.927817821502686,0.88481,0.8847646713256836,3.4059432891808683e-06,0.884762704372406,11.519003,11.52353286743164
1127,50.97434091567993,0.88481176,0.8847668766975403,6.9953266574884765e-06,0.8847638368606567,11.518824,11.523312330245972
1128,51.02200198173523,0.8848324,0.8847723603248596,1.3244877663964871e-05,0.8847647905349731,11.516762,11.522763967514038
1129,51.066582441329956,0.8848324,0.8847825527191162,1.7036563804140314e-05,0.8847670555114746,11.516762,11.521744728088379
1130,51.1058783531189,0.88483816,0.8847964406013489,1.904139389807824e-05,0.8847754597663879,11.516184,11.520355939865112
1131,51.151211977005005,0.88486755,0.8848167061805725,1.2252509804966394e-05,0.8848037123680115,11.513245,11.518329381942749
1132,51.197949171066284,0.88499254,0.8848288655281067,2.0656549168052152e-05,0.8848127722740173,11.500746,11.517113447189331
1133,51.24419856071472,0.885003,0.8848479390144348,3.363121140864678e-05,0.8848234415054321,11.499702,11.515206098556519
1134,51.28775882720947,0.88504755,0.8848816752433777,5.094931839266792e-05,0.8848444223403931,11.495245,11.511832475662231
1135,51.33423852920532,0.8850713,0.8849217295646667,6.811443745391443e-05,0.884865403175354,11.492872,11.507827043533325
1136,51.382648229599,0.885072,0.8849824666976929,6.558396125910804e-05,0.884880542755127,11.492801,11.501753330230713
1137,51.43496894836426,0.8850739,0.8850419521331787,2.024199602601584e-05,0.8850029706954956,11.49261,11.495804786682129
1138,51.481927156448364,0.8850881,0.8850583434104919,1.0647727322066203e-05,0.8850473165512085,11.491192,11.494165658950806
1139,51.5291793346405,0.8850972,0.8850695490837097,4.988869022781728e-06,0.8850605487823486,11.490279,11.493045091629028
1140,51.576868295669556,0.88511145,0.8850739002227783,5.852079084434081e-06,0.8850710988044739,11.488855,11.492609977722168
1141,51.62216567993164,0.8851116,0.885077953338623,9.252291420125403e-06,0.8850716352462769,11.488843,11.492204666137695
1142,51.66995573043823,0.88512796,0.8850858807563782,1.1601515325310174e-05,0.8850730061531067,11.487204,11.491411924362183
1143,51.7163290977478,0.8851373,0.8850982189178467,9.741504982230254e-06,0.8850843906402588,11.486268,11.490178108215332
1144,51.7641704082489,0.8851373,0.8851072192192078,8.392851668759249e-06,0.8850981593132019,11.486268,11.489278078079224
1145,51.81223011016846,0.885144,0.8851152062416077,7.481168722733855e-06,0.8851074576377869,11.4856,11.488479375839233
1146,51.87108087539673,0.88514555,0.8851227164268494,8.127945875457954e-06,0.8851120471954346,11.485445,11.487728357315063
1147,51.9233512878418,0.88515484,0.8851310014724731,7.431064204865834e-06,0.8851208686828613,11.484516,11.486899852752686
1148,51.9689667224884,0.88515484,0.885138988494873,7.271330105140805e-06,0.8851286172866821,11.484516,11.486101150512695
1149,52.008506298065186,0.88516045,0.8851461410522461,6.198643404786708e-06,0.8851373195648193,11.483955,11.48538589477539
1150,52.05589580535889,0.88516074,0.8851521611213684,3.8066702927608276e-06,0.8851450681686401,11.483926,11.48478388786316
1151,52.10246419906616,0.88516724,0.885155200958252,1.9217079625377664e-06,0.8851543664932251,11.483276,11.484479904174805
1152,52.148674964904785,0.88516796,0.8851567506790161,3.781030727623147e-06,0.8851548433303833,11.483204,11.484324932098389
1153,52.19468283653259,0.8851798,0.8851596713066101,5.37948153578327e-06,0.8851549029350281,11.482018,11.48403286933899
1154,52.24768114089966,0.8851806,0.885164737701416,5.2479945225059055e-06,0.8851580619812012,11.481941,11.483526229858398
1155,52.293293952941895,0.8851856,0.8851701617240906,4.304682533984305e-06,0.885167121887207,11.48144,11.482983827590942
1156,52.339759349823,0.8851864,0.8851739764213562,5.4460615501739085e-06,0.8851677179336548,11.481362,11.48260235786438
1157,52.38481140136719,0.8851894,0.8851796984672546,3.7909521779511124e-06,0.8851727843284607,11.481058,11.482030153274536
1158,52.430522203445435,0.8851954,0.8851830959320068,3.0189507924660575e-06,0.885179877281189,11.480463,11.481690406799316
1159,52.475730895996094,0.8851954,0.8851862549781799,2.5421377358725294e-06,0.8851834535598755,11.480463,11.481374502182007
1160,52.51335287094116,0.885199,0.885188639163971,3.20519052365853e-06,0.8851855993270874,11.480099,11.481136083602905
1161,52.55879759788513,0.8852205,0.8851922750473022,3.909739461960271e-06,0.8851891756057739,11.477947,11.480772495269775
1162,52.60610246658325,0.8852205,0.8851963877677917,4.704239472630434e-06,0.8851900100708008,11.477947,11.480361223220825
1163,52.64976406097412,0.88522065,0.885200560092926,6.622862201766111e-06,0.8851953744888306,11.477936,11.479943990707397
1164,52.69813895225525,0.8852228,0.8852044939994812,8.798306225799024e-06,0.8851990699768066,11.47772,11.47955060005188
1165,52.74468493461609,0.88522667,0.8852112293243408,9.867246262729168e-06,0.8851993083953857,11.477333,11.478877067565918
1166,52.78821563720703,0.88522685,0.8852207660675049,8.791487289272482e-07,0.8852185010910034,11.477316,11.477923393249512
1167,52.833502769470215,0.8852285,0.8852213025093079,1.5105357533684582e-06,0.8852205872535706,11.477148,11.477869749069214
1168,52.87842607498169,0.88524455,0.8852223753929138,2.6560933292785194e-06,0.8852206468582153,11.475545,11.477762460708618
1169,52.92296075820923,0.88524514,0.8852250576019287,4.465172423806507e-06,0.885221004486084,11.475486,11.477494239807129
1170,52.969558000564575,0.88524747,0.8852289915084839,6.132948783488246e-06,0.8852232694625854,11.475253,11.477100849151611
1171,53.014132022857666,0.88525516,0.8852333426475525,7.405545602523489e-06,0.885226845741272,11.474484,11.476665735244751
1172,53.05832004547119,0.885269,0.8852408528327942,7.21474452802795e-06,0.8852291703224182,11.473102,11.475914716720581
1173,53.10433554649353,0.8852694,0.885248601436615,6.138022854429437e-06,0.8852445483207703,11.47306,11.475139856338501
1174,53.14914870262146,0.88529295,0.8852545022964478,9.0574048954295e-06,0.885246992111206,11.470705,11.474549770355225
1175,53.194130420684814,0.88529295,0.8852628469467163,8.748371328692883e-06,0.8852500915527344,11.470705,11.47371530532837
1176,53.23235726356506,0.88529295,0.8852711319923401,4.476912636164343e-06,0.8852667212486267,11.470705,11.472886800765991
1177,53.27068758010864,0.88529575,0.8852750658988953,6.405803105735686e-06,0.8852694034576416,11.470425,11.472493410110474
1178,53.31802535057068,0.88530844,0.8852803707122803,7.7536406024592e-06,0.8852723240852356,11.469155,11.471962928771973
1179,53.36251258850098,0.8853188,0.8852869272232056,9.496008715359494e-06,0.8852772116661072,11.468119,11.471307277679443
1180,53.408392906188965,0.88542795,0.8852988481521606,1.558068470330909e-05,0.8852827548980713,11.457205,11.470115184783936
1181,53.45335245132446,0.88542795,0.8853126764297485,2.8507709430414252e-05,0.8852958083152771,11.457205,11.468732357025146
1182,53.492393255233765,0.88546157,0.8853332996368408,4.268188786227256e-05,0.8853036165237427,11.453843,11.466670036315918
1183,53.53873014450073,0.8855234,0.8853671550750732,5.0494909373810515e-05,0.8853119611740112,11.447662,11.463284492492676
1184,53.58652687072754,0.8855512,0.8854209184646606,3.19717000820674e-05,0.8853434324264526,11.444879,11.457908153533936
1185,53.63188338279724,0.8855631,0.8854484558105469,3.1940773624228314e-05,0.8854211568832397,11.443692,11.455154418945312
1186,53.67760491371155,0.8855886,0.8854784369468689,4.0202059608418494e-05,0.8854363560676575,11.441141,11.45215630531311
1187,53.72303247451782,0.8855886,0.8855161070823669,3.8413483707699925e-05,0.8854615688323975,11.441141,11.448389291763306
1188,53.75851011276245,0.8856194,0.8855551481246948,1.936131957336329e-05,0.8855277299880981,11.43806,11.444485187530518
1189,53.803422927856445,0.8856455,0.8855736255645752,1.6886082448763773e-05,0.8855541348457336,11.43545,11.44263744354248
1190,53.849730253219604,0.8856474,0.8855894207954407,1.8317683498025872e-05,0.8855699896812439,11.435259,11.441057920455933
1191,53.89397644996643,0.8856688,0.8856068253517151,1.9138402421958745e-05,0.8855835199356079,11.433119,11.439317464828491
1192,53.93929576873779,0.8857168,0.8856264352798462,1.869180050562136e-05,0.8856041431427002,11.42832,11.43735647201538
1193,53.98411774635315,0.8857168,0.8856472969055176,1.9094741219305433e-05,0.8856212496757507,11.42832,11.435270309448242
1194,54.02189755439758,0.88572335,0.8856674432754517,1.7942444173968397e-05,0.8856455087661743,11.427665,11.433255672454834
1195,54.06709551811218,0.8857465,0.8856850862503052,1.8379962057224475e-05,0.8856635093688965,11.425352,11.431491374969482
1196,54.111640214920044,0.8857487,0.8857052326202393,1.71937881532358e-05,0.8856807947158813,11.425132,11.429476737976074
1197,54.15594244003296,0.8857565,0.8857224583625793,1.2844928278354928e-05,0.8857035636901855,11.424351,11.427754163742065
1198,54.20152401924133,0.8857697,0.8857358694076538,1.0940787433355581e-05,0.8857203722000122,11.423027,11.42641305923462
1199,54.24808931350708,0.88577527,0.8857476115226746,9.375383342558052e-06,0.8857359290122986,11.422473,11.425238847732544
1200,54.29346299171448,0.88577527,0.8857566118240356,9.296707503381185e-06,0.8857464790344238,11.422473,11.424338817596436
1201,54.33198809623718,0.88577855,0.8857665061950684,6.402658073056955e-06,0.8857549428939819,11.422146,11.423349380493164
1202,54.37546706199646,0.88577855,0.8857721090316772,2.9994848773640115e-06,0.8857681751251221,11.422146,11.422789096832275
1203,54.412874698638916,0.8857841,0.8857752084732056,2.4086659777822206e-06,0.8857700824737549,11.421591,11.422479152679443
1204,54.458396911621094,0.88578576,0.8857772946357727,2.9787966013827827e-06,0.8857752680778503,11.421424,11.42227053642273
1205,54.50292611122131,0.8857931,0.885779857635498,3.42728458235797e-06,0.8857753276824951,11.420691,11.422014236450195
1206,54.54975771903992,0.88579315,0.885783314704895,2.571995082689682e-06,0.885778546333313,11.420685,11.421668529510498
1207,54.59492588043213,0.88580203,0.885784924030304,2.659786105141393e-06,0.8857840895652771,11.419797,11.421507596969604
1208,54.6390483379364,0.88580203,0.8857865929603577,4.536683263722807e-06,0.8857840895652771,11.419797,11.421340703964233
1209,54.67816734313965,0.88580376,0.8857899308204651,6.305740953393979e-06,0.885785698890686,11.419624,11.421006917953491
1210,54.72747993469238,0.88586134,0.8857961893081665,8.48907893669093e-06,0.8857858180999756,11.413866,11.42038106918335
1211,54.7769980430603,0.88586134,0.8858046531677246,7.452588306477992e-06,0.8857992887496948,11.413866,11.419534683227539
1212,54.81639385223389,0.8858739,0.8858100771903992,1.338543643214507e-05,0.885803759098053,11.412609,11.418992280960083
1213,54.863460302352905,0.88588583,0.885818362236023,1.845439510361757e-05,0.885803759098053,11.411417,11.418163776397705
1214,54.908162117004395,0.8859158,0.8858347535133362,2.1108875444042496e-05,0.8858155608177185,11.408419,11.416524648666382
1215,54.95284366607666,0.8859158,0.8858528137207031,1.9041941413888708e-05,0.8858240246772766,11.408419,11.414718627929688
1216,54.99026870727539,0.8859722,0.8858721256256104,1.654063817113638e-05,0.8858475685119629,11.40278,11.412787437438965
1217,55.03951334953308,0.885984,0.8858891725540161,2.3646087356610224e-05,0.8858721852302551,11.4016,11.411082744598389
1218,55.088573932647705,0.88601136,0.8859094381332397,3.117391315754503e-05,0.8858842253684998,11.398864,11.409056186676025
1219,55.13331151008606,0.88606226,0.8859412670135498,3.481070598354563e-05,0.8858956098556519,11.393774,11.40587329864502
1220,55.178858518600464,0.8860712,0.8859790563583374,2.4519085854990408e-05,0.885940670967102,11.3928795,11.40209436416626
1221,55.222912549972534,0.8860712,0.8860043883323669,2.86405465885764e-05,0.8859771490097046,11.3928795,11.399561166763306
1222,55.259485960006714,0.8860787,0.8860315680503845,2.90530424535973e-05,0.8860018849372864,11.392128,11.396843194961548
1223,55.305912494659424,0.886112,0.8860613703727722,1.2805816368199885e-05,0.8860328793525696,11.388803,11.393862962722778
1224,55.35195016860962,0.88618124,0.8860735297203064,1.2233256711624563e-05,0.8860623836517334,11.381876,11.39264702796936
1225,55.39680552482605,0.8861888,0.8860825300216675,2.9338707463466562e-05,0.8860712051391602,11.38112,11.391746997833252
1226,55.442691802978516,0.8861888,0.8860989809036255,4.2756360926432535e-05,0.8860712051391602,11.38112,11.390101909637451
1227,55.48158502578735,0.8861888,0.8861322999000549,4.9887396016856655e-05,0.8860787153244019,11.38112,11.386770009994507
1228,55.51975989341736,0.88628757,0.8861843943595886,1.4885217751725577e-05,0.886125922203064,11.371243,11.381560564041138
1229,55.56352996826172,0.88628757,0.8861947655677795,2.7016658350476064e-05,0.8861812353134155,11.371243,11.380523443222046
1230,55.60177040100098,0.8863192,0.8862106204032898,3.905331686837599e-05,0.886188805103302,11.368078,11.37893795967102
1231,55.646966218948364,0.8863263,0.8862364888191223,4.7223751607816666e-05,0.886188805103302,11.367369,11.376351118087769
1232,55.69306468963623,0.8863264,0.886285662651062,1.2967260772711597e-05,0.8862273097038269,11.367363,11.371433734893799
1233,55.739503622055054,0.88634264,0.8862940073013306,1.3385862985160202e-05,0.8862875699996948,11.365736,11.370599269866943
1234,55.78539443016052,0.88634264,0.8863021731376648,1.7664555343799293e-05,0.8862875699996948,11.365736,11.36978268623352
1235,55.823862075805664,0.88634264,0.8863182663917542,1.3920371202402748e-05,0.8862878084182739,11.365736,11.368173360824585
1236,55.86106204986572,0.8863479,0.8863289952278137,5.6264007071149535e-06,0.8863263726234436,11.3652115,11.367100477218628
1237,55.90581440925598,0.886363,0.886332631111145,7.754001671855804e-06,0.8863263726234436,11.363697,11.366736888885498
1238,55.94952726364136,0.886363,0.8863392472267151,7.009427463344764e-06,0.8863265514373779,11.363697,11.366075277328491
1239,55.98691368103027,0.88640517,0.8863459229469299,7.61142973715323e-06,0.8863426446914673,11.359483,11.365407705307007
1240,56.03197503089905,0.88640517,0.8863512873649597,1.1099559742433485e-05,0.8863426446914673,11.359483,11.364871263504028
1241,56.07032513618469,0.88643163,0.8863614797592163,1.4797599760640878e-05,0.8863478899002075,11.356836,11.36385202407837
1242,56.115269899368286,0.8864407,0.8863751888275146,1.683817208686378e-05,0.8863615393638611,11.35593,11.362481117248535
1243,56.159493923187256,0.88645244,0.8863905072212219,1.933421299327165e-05,0.8863682150840759,11.354756,11.360949277877808
1244,56.203954458236694,0.8864864,0.8864104747772217,2.157262497348711e-05,0.8863855600357056,11.351358,11.358952522277832
1245,56.24877882003784,0.88652503,0.8864324688911438,2.2790603907196783e-05,0.8864051699638367,11.347496,11.35675311088562
1246,56.2934672832489,0.8865362,0.8864566683769226,2.3614333258592524e-05,0.8864301443099976,11.346382,11.35433316230774
1247,56.33985686302185,0.88659465,0.886482834815979,2.5124731109826826e-05,0.88645339012146,11.340534,11.3517165184021
1248,56.38479948043823,0.88659465,0.8865063786506653,2.506402051949408e-05,0.8864767551422119,11.340534,11.349362134933472
1249,56.42330527305603,0.8866119,0.8865317106246948,2.5427676519029774e-05,0.8865012526512146,11.338812,11.346828937530518
1250,56.46760606765747,0.8866356,0.886557936668396,2.3146742023527622e-05,0.8865256309509277,11.33644,11.3442063331604
1251,56.51235103607178,0.8866651,0.8865830898284912,2.0767167370649986e-05,0.8865548968315125,11.333489,11.341691017150879
1252,56.55821895599365,0.8866874,0.8866049647331238,1.9654959032777697e-05,0.8865818977355957,11.331261,11.339503526687622
1253,56.60423135757446,0.8866874,0.8866258263587952,1.8804779756464995e-05,0.8866007328033447,11.331261,11.337417364120483
1254,56.64362072944641,0.8866934,0.8866438269615173,1.5743329640827142e-05,0.886622428894043,11.330658,11.335617303848267
1255,56.688599824905396,0.88670063,0.886659562587738,1.4099485269980505e-05,0.8866408467292786,11.329937,11.334043741226196
1256,56.73392105102539,0.8867213,0.8866743445396423,1.2105068890377879e-05,0.8866602778434753,11.327868,11.332565546035767
1257,56.77892231941223,0.88672775,0.8866875171661377,8.97875906957779e-06,0.8866695165634155,11.327225,11.33124828338623
1258,56.82450819015503,0.8867346,0.8866955041885376,9.267550012737047e-06,0.8866881132125854,11.32654,11.33044958114624
1259,56.87333559989929,0.88673484,0.8867027759552002,1.1971385902143084e-05,0.8866935968399048,11.326515,11.32972240447998
1260,56.920814752578735,0.886742,0.8867136836051941,1.4250846106733661e-05,0.8867005109786987,11.3258,11.32863163948059
1261,56.966508865356445,0.88675326,0.886728823184967,9.35096886678366e-06,0.8867056369781494,11.324674,11.327117681503296
1262,57.01184630393982,0.88676643,0.8867378234863281,6.624090019613504e-06,0.8867285847663879,11.323357,11.326217651367188
1263,57.05833077430725,0.88677967,0.8867442607879639,7.36545598556404e-06,0.8867350816726685,11.322033,11.325573921203613
1264,57.10453939437866,0.88677967,0.8867499828338623,9.163685717794579e-06,0.8867411613464355,11.322033,11.32500171661377
1265,57.14189076423645,0.88677996,0.8867594599723816,7.818973244866356e-06,0.8867465257644653,11.322003,11.32405400276184
1266,57.186988830566406,0.88678396,0.886767566204071,7.136501608329127e-06,0.8867590427398682,11.321604,11.323243379592896
1267,57.23217153549194,0.8867843,0.8867736458778381,5.466631591843907e-06,0.8867664337158203,11.3215685,11.322635412216187
1268,57.276928186416626,0.8867843,0.886779248714447,2.198263246100396e-06,0.886772871017456,11.3215685,11.322075128555298
1269,57.314762115478516,0.8867843,0.8867806196212769,1.643197720113676e-06,0.8867796659469604,11.3215685,11.321938037872314
1270,57.352659702301025,0.88678557,0.886781632900238,2.0411353034432977e-06,0.8867798447608948,11.321444,11.321836709976196
1271,57.39838099479675,0.88678557,0.8867835402488708,1.3432427294901572e-06,0.8867799639701843,11.321444,11.321645975112915
1272,57.43567371368408,0.8867862,0.8867843747138977,3.238667147797969e-07,0.8867841362953186,11.321378,11.32156252861023
1273,57.47960019111633,0.8867862,0.8867846727371216,5.393398510022962e-07,0.8867843151092529,11.321378,11.321532726287842
1274,57.518046379089355,0.88679093,0.8867849707603455,8.65639947278396e-07,0.8867843151092529,11.320907,11.321502923965454
1275,57.56308937072754,0.88679093,0.8867856860160828,9.929990483215079e-07,0.8867843151092529,11.320907,11.321431398391724
1276,57.600268602371216,0.886793,0.8867866396903992,1.3621767038785038e-06,0.8867858052253723,11.320698,11.321336030960083
1277,57.64637780189514,0.88680285,0.8867878913879395,2.640646926010959e-06,0.8867862224578857,11.319715,11.321210861206055
1278,57.69135236740112,0.8868043,0.8867900371551514,3.5528746593627147e-06,0.8867862224578857,11.3195715,11.320996284484863
1279,57.73577690124512,0.8868104,0.8867936730384827,3.774588549276814e-06,0.8867897391319275,11.318958,11.320632696151733
1280,57.779542684555054,0.8868298,0.8867972493171692,4.55853796665906e-06,0.8867915868759155,11.31702,11.320275068283081
1281,57.823899269104004,0.8868717,0.8868016004562378,7.071867912600283e-06,0.886796236038208,11.31283,11.31983995437622
1282,57.87053871154785,0.8868831,0.886807918548584,1.4205646948539652e-05,0.8867997527122498,11.311692,11.319208145141602
1283,57.91503071784973,0.8868831,0.8868194222450256,2.4009495973587036e-05,0.8868042826652527,11.311692,11.318057775497437
1284,57.952359199523926,0.8868985,0.8868386149406433,2.9769826142000966e-05,0.8868069052696228,11.310148,11.316138505935669
1285,57.99621844291687,0.8869059,0.886869490146637,2.007101647905074e-05,0.886825680732727,11.309409,11.313050985336304
1286,58.041339635849,0.8869173,0.8868853449821472,9.538592166791204e-06,0.8868730664253235,11.30827,11.311465501785278
1287,58.08951139450073,0.8869279,0.8868938684463501,8.770858585194219e-06,0.8868823051452637,11.30721,11.31061315536499
1288,58.135711669921875,0.88693005,0.8869025707244873,6.970358299440704e-06,0.8868945837020874,11.306995,11.30974292755127
1289,58.18105459213257,0.88698196,0.8869099617004395,8.939578947320115e-06,0.8869006037712097,11.301804,11.309003829956055
1290,58.22498059272766,0.88698196,0.8869182467460632,1.3375142771110404e-05,0.8869062662124634,11.301804,11.308175325393677
1291,58.262680768966675,0.8869869,0.8869301080703735,2.0140030756010674e-05,0.8869172930717468,11.301309,11.306989192962646
1292,58.30808067321777,0.8869895,0.886947751045227,2.585727816040162e-05,0.8869215250015259,11.301052,11.305224895477295
1293,58.353562116622925,0.886995,0.8869732618331909,1.4902213479217608e-05,0.8869401216506958,11.300498,11.302673816680908
1294,58.39815974235535,0.887003,0.8869855403900146,2.736242777245934e-06,0.8869819641113281,11.2997,11.301445960998535
1295,58.4439971446991,0.887109,0.8869884014129639,7.566996373498114e-06,0.8869855403900146,11.289102,11.301159858703613
1296,58.491745948791504,0.8871177,0.8869918584823608,1.2996227269468363e-05,0.8869869112968445,11.288232,11.300814151763916
1297,58.53782796859741,0.88712656,0.8869998455047607,2.5159140932373703e-05,0.8869885802268982,11.287344,11.300015449523926
1298,58.58350658416748,0.88713896,0.8870146870613098,4.03563171857968e-05,0.8869944214820862,11.286104,11.298531293869019
1299,58.62797665596008,0.88713896,0.8870410323143005,5.416346903075464e-05,0.8869980573654175,11.286104,11.295896768569946
1300,58.66633915901184,0.8871489,0.8870841264724731,5.423858965514228e-05,0.8870061039924622,11.285109,11.291587352752686
1301,58.7115535736084,0.88715875,0.8871293067932129,9.859841156867333e-06,0.8871176838874817,11.284124,11.287069320678711
1302,58.7567503452301,0.88715947,0.8871385455131531,8.137258191709407e-06,0.8871275186538696,11.284054,11.286145448684692
1303,58.8013916015625,0.8871628,0.887146532535553,6.245151780603919e-06,0.8871389627456665,11.28372,11.285346746444702
1304,58.84677171707153,0.8871628,0.8871521949768066,4.356091267254669e-06,0.887147843837738,11.28372,11.284780502319336
1305,58.88638877868652,0.88717026,0.887156069278717,3.830413334071636e-06,0.8871505856513977,11.282974,11.284393072128296
1306,58.93530893325806,0.8871817,0.8871597051620483,2.3205932393466355e-06,0.8871577978134155,11.28183,11.284029483795166
1307,58.980992555618286,0.88718265,0.8871615529060364,4.31358512287261e-06,0.8871594667434692,11.281734,11.283844709396362
1308,59.02941918373108,0.8871923,0.8871647715568542,6.792222848162055e-06,0.8871594667434692,11.280769,11.283522844314575
1309,59.07521104812622,0.88719606,0.887170672416687,9.586701708030887e-06,0.8871628046035767,11.280394,11.282932758331299
1310,59.11852741241455,0.88720995,0.8871811032295227,9.92769764707191e-06,0.8871659636497498,11.279005,11.28188967704773
1311,59.16190457344055,0.8872109,0.8871915936470032,7.231802101159701e-06,0.8871816992759705,11.27891,11.280840635299683
1312,59.206547498703,0.8872117,0.8871983885765076,5.645817509503104e-06,0.887190580368042,11.2788315,11.280161142349243
1313,59.251983404159546,0.8872205,0.8872043490409851,4.494951099331956e-06,0.8871968984603882,11.27795,11.27956509590149
1314,59.29586744308472,0.887226,0.8872097134590149,4.7788316805963404e-06,0.8872044086456299,11.277401,11.27902865409851
1315,59.339850187301636,0.88722813,0.8872144222259521,5.56086934011546e-06,0.8872084021568298,11.277187,11.278557777404785
1316,59.38529944419861,0.8872294,0.8872199058532715,4.276098479749635e-06,0.887211799621582,11.277061,11.278009414672852
1317,59.42967677116394,0.8872327,0.8872238397598267,2.884241439460311e-06,0.8872202634811401,11.276728,11.277616024017334
1318,59.47535538673401,0.8872647,0.8872267603874207,3.1123333883442683e-06,0.8872238397598267,11.273527,11.277323961257935
1319,59.522215843200684,0.8872647,0.8872289061546326,3.5511693567968905e-06,0.8872259855270386,11.273527,11.277109384536743
1320,59.56008315086365,0.88727695,0.8872316479682922,6.536140062962659e-06,0.8872290849685669,11.2723055,11.276835203170776
1321,59.605812311172485,0.88727695,0.8872354626655579,1.0853999810933601e-05,0.887229859828949,11.2723055,11.276453733444214
1322,59.644365549087524,0.88727695,0.8872417211532593,1.6462014173157513e-05,0.8872327208518982,11.2723055,11.275827884674072
1323,59.68386149406433,0.88727695,0.8872536420822144,2.0064555428689346e-05,0.8872327208518982,11.2723055,11.274635791778564
1324,59.72303295135498,0.88731605,0.8872750401496887,4.6862846829753835e-06,0.8872647285461426,11.268395,11.272495985031128
1325,59.76830267906189,0.88731605,0.8872780203819275,4.336691745265853e-06,0.8872769474983215,11.268395,11.272197961807251
1326,59.80578637123108,0.88731605,0.8872799277305603,7.475175152649172e-06,0.8872769474983215,11.268395,11.27200722694397
1327,59.84361219406128,0.88731605,0.8872841596603394,1.1338440344843548e-05,0.8872769474983215,11.268395,11.271584033966064
1328,59.88094353675842,0.88733023,0.8872931003570557,1.3635081813845318e-05,0.8872780799865723,11.266976,11.270689964294434
1329,59.92315721511841,0.8873313,0.8873054385185242,1.2694014912995044e-05,0.8872925043106079,11.26687,11.269456148147583
1330,59.96659708023071,0.8873372,0.8873191475868225,6.917925475136144e-06,0.8873058557510376,11.266279,11.268085241317749
1331,60.01265287399292,0.8873373,0.8873244524002075,6.420404133677948e-06,0.8873160481452942,11.266268,11.267554759979248
1332,60.057098150253296,0.8873581,0.8873307704925537,3.458782657617121e-06,0.887324869632721,11.264187,11.266922950744629
1333,60.102508783340454,0.88737303,0.8873335719108582,5.4229149100137874e-06,0.8873302340507507,11.262697,11.266642808914185
1334,60.14704895019531,0.8873831,0.887339174747467,1.1080102922278456e-05,0.8873313665390015,11.26169,11.266082525253296
1335,60.192612409591675,0.8875326,0.8873497843742371,1.943965435202699e-05,0.8873369693756104,11.24674,11.265021562576294
1336,60.236276626586914,0.8875326,0.8873681426048279,2.3942386178532615e-05,0.8873421549797058,11.24674,11.263185739517212
1337,60.27551507949829,0.8875487,0.8873891234397888,2.971658977912739e-05,0.8873723149299622,11.2451315,11.261087656021118
1338,60.32234168052673,0.88758034,0.8874112367630005,4.7065001126611605e-05,0.8873797655105591,11.241966,11.258876323699951
1339,60.36889600753784,0.8876135,0.8874520063400269,6.267459684750065e-05,0.8873997926712036,11.238652,11.254799365997314
1340,60.415123462677,0.8876507,0.8875053524971008,7.180123793659732e-05,0.887420654296875,11.234927,11.249464750289917
1341,60.45982527732849,0.8876835,0.8875805139541626,3.1938008760334924e-05,0.8875267505645752,11.231649,11.24194860458374
1342,60.504974603652954,0.88768435,0.887609601020813,2.3556449377792887e-05,0.8875836133956909,11.231565,11.239039897918701
1343,60.5511839389801,0.8877009,0.8876316547393799,2.555097671574913e-05,0.8876016736030579,11.229908,11.236834526062012
1344,60.59710240364075,0.88770753,0.8876587748527527,1.8441598513163626e-05,0.8876250386238098,11.229247,11.234122514724731
1345,60.64176273345947,0.8877083,0.8876760005950928,1.2326820069574751e-05,0.8876572251319885,11.22917,11.232399940490723
1346,60.687193632125854,0.88771844,0.8876873254776001,1.1550016097316984e-05,0.8876738548278809,11.228156,11.23126745223999
1347,60.734124183654785,0.88773584,0.8876997828483582,1.0022175956692081e-05,0.8876835107803345,11.226416,11.230021715164185
1348,60.780163526535034,0.8877424,0.8877098560333252,1.1809831448772456e-05,0.8876997232437134,11.2257595,11.22901439666748
1349,60.82569646835327,0.88774586,0.8877218961715698,1.1924089449166786e-05,0.8877036571502686,11.225414,11.227810382843018
1350,60.87039017677307,0.8877591,0.8877341151237488,5.089546448289184e-06,0.8877211809158325,11.224091,11.226588487625122
1351,60.91571497917175,0.8877603,0.8877378702163696,4.313546014600433e-06,0.887734591960907,11.223972,11.226212978363037
1352,60.96015763282776,0.8877613,0.887740969657898,6.363517968566157e-06,0.8877358436584473,11.22387,11.225903034210205
1353,61.005157709121704,0.8877765,0.8877465724945068,7.1372587626683526e-06,0.8877359628677368,11.222351,11.225342750549316
1354,61.05126881599426,0.8877765,0.8877530097961426,7.8882494563004e-06,0.8877444267272949,11.222351,11.224699020385742
1355,61.09297728538513,0.8877776,0.8877619504928589,6.06609319220297e-06,0.8877514600753784,11.222238,11.223804950714111
1356,61.14385223388672,0.88777775,0.8877665400505066,7.2536813604529016e-06,0.8877602815628052,11.222225,11.22334599494934
1357,61.192058086395264,0.8878581,0.8877733945846558,7.828679372323677e-06,0.8877612948417664,11.2141905,11.222660541534424
1358,61.24080276489258,0.88786453,0.887778639793396,1.0396624929853715e-05,0.8877764940261841,11.213547,11.2221360206604
1359,61.285117864608765,0.88786453,0.8877829313278198,1.8561688193585724e-05,0.8877776265144348,11.213547,11.221706867218018
1360,61.32245945930481,0.8878703,0.8877943158149719,3.0805054848315194e-05,0.8877776265144348,11.212969,11.220568418502808
1361,61.36745238304138,0.88787997,0.8878142833709717,3.6901194107485935e-05,0.8877777457237244,11.212004,11.218571662902832
1362,61.41386365890503,0.8879489,0.887847900390625,2.5573704988346435e-05,0.887792706489563,11.205112,11.2152099609375
1363,61.45907950401306,0.8879546,0.8878686428070068,1.815920950321015e-05,0.8878546357154846,11.20454,11.213135719299316
1364,61.50466823577881,0.8879646,0.8878836035728455,3.004777681780979e-05,0.8878645300865173,11.203539,11.211639642715454
1365,61.55004382133484,0.88797003,0.8879097700119019,3.604048470151611e-05,0.8878703117370605,11.202997,11.209022998809814
1366,61.59499764442444,0.8879703,0.8879482746124268,1.3711231986235362e-05,0.8878858089447021,11.202967,11.205172538757324
1367,61.63834595680237,0.88797045,0.8879569172859192,7.048703992040828e-06,0.8879488706588745,11.202955,11.204308271408081
1368,61.683943033218384,0.88797295,0.8879638314247131,5.051977495895699e-06,0.887954592704773,11.202705,11.203616857528687
1369,61.728856563568115,0.88801646,0.887968122959137,4.481633823161246e-06,0.8879643082618713,11.198354,11.203187704086304
1370,61.77564024925232,0.88801646,0.8879716396331787,6.7464520725479815e-06,0.8879700303077698,11.198354,11.202836036682129
1371,61.81756854057312,0.88802224,0.8879751563072205,1.2967296243004967e-05,0.8879703283309937,11.197776,11.202484369277954
1372,61.87615203857422,0.888056,0.8879825472831726,1.949932448042091e-05,0.8879703283309937,11.194402,11.20174527168274
1373,61.92383289337158,0.888056,0.8879963159561157,2.2296148017630912e-05,0.8879715204238892,11.194402,11.200368404388428
1374,61.962212324142456,0.8880662,0.888020396232605,1.1376374459359795e-05,0.8880048990249634,11.193382,11.197960376739502
1375,62.00731897354126,0.8880691,0.888031005859375,1.6407493603765033e-05,0.8880171775817871,11.19309,11.1968994140625
1376,62.0537645816803,0.8880733,0.8880442976951599,1.912917650770396e-05,0.8880225419998169,11.192667,11.195570230484009
1377,62.10096621513367,0.88807625,0.8880640268325806,4.654657459468581e-06,0.8880559802055359,11.192375,11.193597316741943
1378,62.145843744277954,0.88811874,0.8880681395530701,3.9576370909344405e-06,0.8880653381347656,11.188126,11.193186044692993
1379,62.19012475013733,0.8881676,0.8880717158317566,8.421191523666494e-06,0.8880676031112671,11.183238,11.19282841682434
1380,62.23499345779419,0.8881709,0.888076663017273,1.6160729501280002e-05,0.8880690932273865,11.18291,11.192333698272705
1381,62.27972197532654,0.8881778,0.8880879878997803,2.926265551650431e-05,0.8880733251571655,11.182219,11.191201210021973
1382,62.32378792762756,0.8881879,0.8881039023399353,4.0636583435116336e-05,0.8880762457847595,11.181211,11.18960976600647
1383,62.370240926742554,0.8881879,0.888135552406311,4.263973096385598e-05,0.8880766034126282,11.181211,11.186444759368896
1384,62.40861749649048,0.8881904,0.8881754875183105,5.446999693958787e-06,0.8881624341011047,11.180962,11.182451248168945
1385,62.453598737716675,0.88819474,0.8881803750991821,3.791860535784508e-06,0.8881756067276001,11.180526,11.181962490081787
1386,62.497939586639404,0.88820046,0.8881838917732239,3.618531309257378e-06,0.8881782293319702,11.179954,11.181610822677612
1387,62.541062355041504,0.88820934,0.8881873488426208,4.490084393182769e-06,0.8881832361221313,11.179066,11.181265115737915
1388,62.58710193634033,0.88821316,0.8881922364234924,5.850100933457725e-06,0.8881878852844238,11.178684,11.180776357650757
1389,62.631155014038086,0.88823295,0.8881980180740356,8.110180715448223e-06,0.8881890773773193,11.176705,11.180198192596436
1390,62.676366329193115,0.8882414,0.8882066607475281,9.27744713408174e-06,0.8881968855857849,11.175859,11.179333925247192
1391,62.722936391830444,0.88828284,0.8882163763046265,1.2333662198216189e-05,0.8882031440734863,11.171717,11.178362369537354
1392,62.77040505409241,0.8882935,0.8882307410240173,1.400445671606576e-05,0.8882128596305847,11.17065,11.176925897598267
1393,62.81434869766235,0.8883202,0.888245165348053,1.6685495211277157e-05,0.8882321119308472,11.167979,11.175483465194702
1394,62.86040234565735,0.88836867,0.8882600665092468,2.278544707223773e-05,0.8882379531860352,11.163134,11.173993349075317
1395,62.9053590297699,0.88836867,0.8882821202278137,2.592068813100923e-05,0.8882485032081604,11.163134,11.171787977218628
1396,62.9421660900116,0.8884055,0.8883122205734253,2.497297100489959e-05,0.8882825374603271,11.15945,11.16877794265747
1397,62.987025022506714,0.88844955,0.888339102268219,2.7310527002555318e-05,0.8883115649223328,11.155045,11.1660897731781
1398,63.03125524520874,0.88845056,0.8883683681488037,2.7491414584801532e-05,0.88832688331604,11.154943,11.163163185119629
1399,63.07658767700195,0.8884723,0.8883982300758362,2.7454450901132077e-05,0.888366162776947,11.152768,11.160176992416382
1400,63.12176322937012,0.8884793,0.888424813747406,2.7312973543303087e-05,0.8883893489837646,11.152071,11.1575186252594
1401,63.16981840133667,0.88849074,0.8884520530700684,1.4409870345843956e-05,0.8884173035621643,11.150927,11.154794692993164
1402,63.21937680244446,0.8884996,0.8884639739990234,1.0580409252725076e-05,0.8884495496749878,11.150038,11.153602600097656
1403,63.26706838607788,0.8884996,0.8884752988815308,7.757730600133073e-06,0.8884674310684204,11.150038,11.152470111846924
1404,63.30504250526428,0.8885013,0.8884826302528381,9.016964213515166e-06,0.888472318649292,11.149872,11.151736974716187
1405,63.34971761703491,0.88851476,0.8884908556938171,7.732841368124355e-06,0.8884791135787964,11.148524,11.150914430618286
1406,63.394678592681885,0.88851476,0.8884977102279663,3.2198115604842314e-06,0.8884925246238708,11.148524,11.15022897720337
1407,63.43368649482727,0.8885212,0.8885006308555603,3.6625353914132575e-06,0.8884989619255066,11.147881,11.14993691444397
1408,63.480384826660156,0.8885602,0.8885030150413513,6.889079031680012e-06,0.8884996175765991,11.143982,11.149698495864868
1409,63.52499580383301,0.8885821,0.8885079622268677,1.109502773033455e-05,0.8885007500648499,11.1417885,11.149203777313232
1410,63.57314157485962,0.8885969,0.8885194659233093,1.7237989595741965e-05,0.8885012865066528,11.14031,11.148053407669067
1411,63.61822581291199,0.8886188,0.8885343670845032,2.3524988137069158e-05,0.8885163068771362,11.138117,11.146563291549683
1412,63.66242074966431,0.8886196,0.8885502219200134,2.9354709113249555e-05,0.8885226845741272,11.13804,11.144977807998657
1413,63.707831382751465,0.88872117,0.8885843753814697,2.4654933440615423e-05,0.8885254859924316,11.127883,11.141562461853027
1414,63.75499367713928,0.8887214,0.8886080384254456,4.3809468479594216e-05,0.8885836005210876,11.127859,11.139196157455444
1415,63.800541162490845,0.8887227,0.8886457085609436,5.8526995417196304e-05,0.8885870575904846,11.127728,11.13542914390564
1416,63.847543478012085,0.8887228,0.8887096643447876,2.344079257454723e-05,0.888619601726532,11.127722,11.12903356552124
1417,63.89157032966614,0.888723,0.8887205719947815,1.124309164879378e-06,0.8887184262275696,11.127699,11.12794280052185
1418,63.93828558921814,0.88872474,0.8887215852737427,6.313659355328127e-07,0.8887208104133606,11.127525,11.127841472625732
1419,63.98459720611572,0.88872474,0.8887221217155457,5.767791435573599e-07,0.8887214660644531,11.127525,11.127787828445435
1420,64.02299737930298,0.888726,0.888722836971283,5.224680990068009e-07,0.8887224197387695,11.1274,11.127716302871704
1421,64.06792449951172,0.88872635,0.8887232542037964,8.526861847713008e-07,0.8887227177619934,11.127365,11.127674579620361
1422,64.11099553108215,0.8887406,0.8887238502502441,1.5762050225021085e-06,0.8887230157852173,11.12594,11.127614974975586
1423,64.15598964691162,0.8887406,0.888725221157074,2.303086603205884e-06,0.8887230157852173,11.12594,11.127477884292603
1424,64.19286727905273,0.88880485,0.8887277245521545,6.009274784446461e-06,0.8887250423431396,11.119514,11.127227544784546
1425,64.2383964061737,0.8888052,0.8887312412261963,1.1283661478955764e-05,0.8887263536453247,11.119479,11.126875877380371
1426,64.28364658355713,0.8888403,0.8887393474578857,1.9634006093838252e-05,0.8887263536453247,11.115969,11.126065254211426
1427,64.32985401153564,0.888856,0.8887555599212646,2.9720327802351676e-05,0.8887389898300171,11.114401,11.124444007873535
1428,64.37490797042847,0.888856,0.8887755870819092,4.0740058466326445e-05,0.8887426853179932,11.114401,11.122441291809082
1429,64.41268014907837,0.8888593,0.8888142704963684,3.526176806190051e-05,0.8887462615966797,11.114073,11.11857295036316
1430,64.45779967308044,0.88886076,0.8888446092605591,1.1207200259377714e-05,0.8888212442398071,11.113924,11.115539073944092
1431,64.5044116973877,0.88886076,0.8888552784919739,3.7702873214584542e-06,0.8888429403305054,11.113924,11.114472150802612
1432,64.54335594177246,0.8888855,0.8888583779335022,3.341747060403577e-06,0.8888559937477112,11.11145,11.11416220664978
1433,64.58924150466919,0.8888855,0.8888618350028992,6.645440407737624e-06,0.8888589143753052,11.11145,11.113816499710083
1434,64.62703895568848,0.8888858,0.8888661861419678,1.0018653483712114e-05,0.8888592720031738,11.111421,11.113381385803223
1435,64.67237615585327,0.8889349,0.8888747096061707,1.1648658983176574e-05,0.8888599872589111,11.106509,11.112529039382935
1436,64.71907615661621,0.8889349,0.8888863325119019,9.106938705372158e-06,0.8888797163963318,11.106509,11.111366748809814
1437,64.75837755203247,0.88896084,0.8888941407203674,1.3972088709124364e-05,0.8888832330703735,11.103916,11.110585927963257
1438,64.80338549613953,0.88896084,0.8889079093933105,1.5128622180782259e-05,0.888885498046875,11.103916,11.109209060668945
1439,64.84266304969788,0.88898647,0.8889201879501343,1.918354246299714e-05,0.8889094591140747,11.101353,11.107981204986572
1440,64.88748335838318,0.88899416,0.8889349102973938,2.523047623981256e-05,0.888910174369812,11.100584,11.10650897026062
1441,64.93323874473572,0.8890208,0.8889606595039368,1.921069087984506e-05,0.8889312148094177,11.097919,11.103934049606323
1442,64.98311710357666,0.8890208,0.888978898525238,1.4826726328465156e-05,0.8889608383178711,11.097919,11.102110147476196
1443,65.03006076812744,0.889028,0.8889928460121155,1.2275804692762904e-05,0.8889848589897156,11.0971985,11.100715398788452
1444,65.07693600654602,0.88903004,0.88900226354599,1.540830089652445e-05,0.888987123966217,11.096996,11.099773645401001
1445,65.12199759483337,0.88903004,0.8890182375907898,8.446475476375781e-06,0.8889957666397095,11.096996,11.09817624092102
1446,65.1605019569397,0.88903004,0.8890234231948853,3.609448867791798e-06,0.8890199065208435,11.096996,11.097657680511475
1447,65.1980152130127,0.88903874,0.8890265822410583,3.5923096675105626e-06,0.8890208005905151,11.096126,11.097341775894165
1448,65.24304938316345,0.8890397,0.8890296816825867,2.143440042345901e-06,0.889028012752533,11.09603,11.097031831741333
1449,65.29027342796326,0.8890546,0.8890314698219299,3.3292544685536996e-06,0.8890290856361389,11.094541,11.096853017807007
1450,65.34379649162292,0.8890546,0.8890337347984314,4.357902071205899e-06,0.8890300393104553,11.094541,11.09662652015686
1451,65.38463234901428,0.8890725,0.8890380859375,5.121304639033042e-06,0.8890313506126404,11.092752,11.09619140625
1452,65.4307029247284,0.8890725,0.8890421390533447,5.996845629852032e-06,0.8890369534492493,11.092752,11.095786094665527
1453,65.4683358669281,0.88907343,0.8890470266342163,7.275880761881126e-06,0.8890396952629089,11.092657,11.09529733657837
1454,65.51133847236633,0.889099,0.8890547156333923,8.019557753868867e-06,0.8890464305877686,11.090099,11.094528436660767
1455,65.55663681030273,0.88910234,0.8890619874000549,1.062822229869198e-05,0.8890545964241028,11.089766,11.093801259994507
1456,65.60313487052917,0.88910234,0.8890708684921265,1.4208750144462101e-05,0.889056921005249,11.089766,11.092913150787354
1457,65.63918113708496,0.8891033,0.8890849947929382,1.2178285032860003e-05,0.8890662789344788,11.08967,11.091500520706177
1458,65.68418335914612,0.88910687,0.8890959024429321,5.403503564593848e-06,0.8890846967697144,11.0893135,11.090409755706787
1459,65.72999262809753,0.88910687,0.8891006708145142,1.690460521786008e-06,0.8890990018844604,11.0893135,11.089932918548584
1460,65.76722550392151,0.8891446,0.8891026377677917,2.746680593190831e-06,0.8891003727912903,11.08554,11.089736223220825
1461,65.81309914588928,0.88915646,0.8891041874885559,6.372905318130506e-06,0.8891023397445679,11.084354,11.08958125114441
1462,65.85740518569946,0.88915646,0.8891072273254395,1.0727554581535514e-05,0.8891023993492126,11.084354,11.089277267456055
1463,65.89569687843323,0.88915735,0.889114499092102,1.563562727824319e-05,0.8891034722328186,11.084265,11.088550090789795
1464,65.94228100776672,0.8891628,0.8891262412071228,1.9506276657921262e-05,0.8891069293022156,11.083722,11.08737587928772
1465,65.98719906806946,0.88920337,0.8891465663909912,1.4268958693719469e-05,0.8891136050224304,11.079663,11.085343360900879
1466,66.03038692474365,0.8892071,0.889159619808197,1.6981775843305513e-05,0.8891454935073853,11.079288,11.084038019180298
1467,66.07678365707397,0.88925385,0.8891765475273132,2.178439353883732e-05,0.8891558647155762,11.074615,11.082345247268677
1468,66.12393736839294,0.88928306,0.8891991972923279,1.5152530068007763e-05,0.8891631364822388,11.071693,11.080080270767212
1469,66.16885352134705,0.88928306,0.8892092704772949,1.2518391486082692e-05,0.8892017006874084,11.071693,11.079072952270508
1470,66.20563387870789,0.8892928,0.8892179727554321,2.1876856408198364e-05,0.889206051826477,11.070723,11.078202724456787
1471,66.25055050849915,0.8893085,0.8892337679862976,2.979863711516373e-05,0.8892098665237427,11.069149,11.07662320137024
1472,66.29481434822083,0.88931215,0.8892614841461182,2.7352263714419678e-05,0.8892179727554321,11.068785,11.073851585388184
1473,66.34092688560486,0.8893166,0.8892871141433716,9.92685181699926e-06,0.889272928237915,11.068338,11.071288585662842
1474,66.38559150695801,0.8893196,0.8892956376075745,9.92780587694142e-06,0.8892847299575806,11.06804,11.070436239242554
1475,66.43131899833679,0.88932943,0.8893040418624878,9.386941201228183e-06,0.8892919421195984,11.067057,11.06959581375122
1476,66.4750771522522,0.8893533,0.8893137574195862,5.974844043521443e-06,0.8893068432807922,11.064672,11.068624258041382
1477,66.52048063278198,0.88938653,0.889320433139801,1.1069402717112098e-05,0.8893128633499146,11.061346,11.067956686019897
1478,66.56673002243042,0.8893912,0.8893297910690308,1.612139203643892e-05,0.8893164396286011,11.060882,11.067020893096924
1479,66.61165308952332,0.8894142,0.889345645904541,1.8642813301994465e-05,0.8893213272094727,11.05858,11.065435409545898
1480,66.65779042243958,0.8894263,0.8893628716468811,1.680806599324569e-05,0.8893468379974365,11.057371,11.06371283531189
1481,66.70343899726868,0.8894263,0.8893760442733765,2.1558531443588436e-05,0.889357328414917,11.057371,11.062395572662354
1482,66.74140310287476,0.8894599,0.889396607875824,1.8896793335443363e-05,0.8893622159957886,11.054009,11.060339212417603
1483,66.78667688369751,0.88946694,0.889414370059967,1.2584849173435941e-05,0.8893970251083374,11.053306,11.058562994003296
1484,66.83334493637085,0.88946694,0.8894258737564087,1.2152589988545515e-05,0.8894153833389282,11.053306,11.05741262435913
1485,66.87095165252686,0.8894671,0.8894349932670593,1.5605115549988113e-05,0.8894214034080505,11.0532875,11.056500673294067
1486,66.91557121276855,0.88949966,0.8894485235214233,1.6582733223913237e-05,0.8894262909889221,11.050034,11.055147647857666
1487,66.96025514602661,0.88949966,0.8894659280776978,9.34047784539871e-06,0.8894553780555725,11.050034,11.053407192230225
1488,66.99729371070862,0.8895,0.8894731998443604,1.0894724255194888e-05,0.8894633054733276,11.049997,11.052680015563965
1489,67.04342365264893,0.8895049,0.8894811868667603,1.2733408766507637e-05,0.8894669413566589,11.049509,11.051881313323975
1490,67.0891420841217,0.88952297,0.889494001865387,6.0610459513554815e-06,0.889485239982605,11.047703,11.050599813461304
1491,67.13405537605286,0.8895322,0.8895004391670227,7.910453859949484e-06,0.8894941806793213,11.04678,11.04995608329773
1492,67.17833733558655,0.8895348,0.8895083069801331,9.726849384605885e-06,0.8894996643066406,11.046523,11.049169301986694
1493,67.22323322296143,0.8895643,0.8895175457000732,1.104453895095503e-05,0.8895049095153809,11.043572,11.048245429992676
1494,67.26893377304077,0.88957083,0.8895288705825806,7.865181942179333e-06,0.8895196318626404,11.042917,11.047112941741943
1495,67.31358790397644,0.8895991,0.8895368576049805,1.1085450751124881e-05,0.889529824256897,11.0400915,11.046314239501953
1496,67.36151313781738,0.88961154,0.8895454406738281,1.9932234863517806e-05,0.8895329236984253,11.038846,11.045455932617188
1497,67.40835928916931,0.88961947,0.8895599246025085,2.4903611119952984e-05,0.8895357251167297,11.0380535,11.044007539749146
1498,67.4568498134613,0.88962907,0.8895817995071411,2.345804932701867e-05,0.8895459175109863,11.037093,11.041820049285889
1499,67.5041675567627,0.8896322,0.8896048665046692,8.861143214744516e-06,0.889594554901123,11.0367775,11.039513349533081
1500,67.54968190193176,0.8896933,0.8896135687828064,1.0736827789514791e-05,0.889599084854126,11.030668,11.03864312171936
1501,67.59555721282959,0.8896933,0.8896229863166809,1.1963910765189212e-05,0.8896118402481079,11.030668,11.03770136833191
1502,67.63373899459839,0.8896937,0.889633059501648,1.7111995475715958e-05,0.8896194696426392,11.030632,11.036694049835205
1503,67.68115258216858,0.8896938,0.8896450400352478,2.2833353796158917e-05,0.8896316289901733,11.030621,11.03549599647522
1504,67.7269389629364,0.8897003,0.889660656452179,2.7259744456387125e-05,0.889632523059845,11.02997,11.033934354782104
1505,67.77423691749573,0.88970155,0.889689028263092,8.239268936449662e-06,0.8896728157997131,11.029845,11.031097173690796
1506,67.81927919387817,0.88970155,0.889694333076477,2.0639415652112802e-06,0.8896933197975159,11.029845,11.030566692352295
1507,67.85641074180603,0.8897041,0.8896957635879517,3.002649691552506e-06,0.8896936774253845,11.029589,11.030423641204834
1508,67.90163707733154,0.8897089,0.8896982669830322,3.222991836082656e-06,0.8896937966346741,11.029112,11.030173301696777
1509,67.94557619094849,0.8897096,0.8897014856338501,1.891012175292417e-06,0.8896968960762024,11.029041,11.02985143661499
1510,67.99058318138123,0.8897122,0.8897035717964172,3.006389988513547e-06,0.8897009491920471,11.028778,11.029642820358276
1511,68.03566861152649,0.88971686,0.8897063732147217,3.471866421023151e-06,0.889703094959259,11.028314,11.029362678527832
1512,68.08008885383606,0.8897803,0.8897098898887634,5.1452379921101965e-06,0.8897044658660889,11.021972,11.029011011123657
1513,68.12442207336426,0.8897934,0.8897135257720947,8.432401045865845e-06,0.8897113800048828,11.02066,11.028647422790527
1514,68.17095422744751,0.8897934,0.8897175788879395,1.561892895551864e-05,0.8897121548652649,11.02066,11.028242111206055
1515,68.20875310897827,0.8897942,0.8897261023521423,2.4930444851634093e-05,0.8897126913070679,11.020583,11.027389764785767
1516,68.25328183174133,0.88979554,0.8897398710250854,3.269280568929389e-05,0.8897172212600708,11.020446,11.026012897491455
1517,68.29784083366394,0.8898128,0.8897644877433777,3.415771061554551e-05,0.8897185325622559,11.018717,11.023551225662231
1518,68.34235548973083,0.8898128,0.8897931575775146,4.232422270433744e-06,0.8897875547409058,11.018717,11.020684242248535
1519,68.38053727149963,0.88981384,0.8897964358329773,5.224966116657015e-06,0.8897933959960938,11.018616,11.02035641670227
1520,68.42507481575012,0.88986063,0.8898000121116638,8.289793186122552e-06,0.8897947669029236,11.013937,11.019998788833618
1521,68.47002029418945,0.88986063,0.8898064494132996,1.0478845979378093e-05,0.8897955417633057,11.013937,11.019355058670044
1522,68.50754904747009,0.88986063,0.8898165822029114,9.930035048455466e-06,0.8898118138313293,11.013937,11.018341779708862
1523,68.54558205604553,0.8898805,0.8898235559463501,1.534222610644065e-05,0.8898133039474487,11.011952,11.01764440536499
1524,68.59167122840881,0.8898937,0.8898366093635559,1.975292616407387e-05,0.8898146152496338,11.010629,11.01633906364441
1525,68.6362030506134,0.88991857,0.8898522257804871,2.0943809431628324e-05,0.8898313641548157,11.008143,11.014777421951294
1526,68.68100333213806,0.8899784,0.8898741006851196,1.5088100553839467e-05,0.8898589015007019,11.002159,11.012589931488037
1527,68.7259750366211,0.88997906,0.8898890614509583,2.0869645595666952e-05,0.8898776769638062,11.002093,11.011093854904175
1528,68.77123284339905,0.88997906,0.8899060487747192,3.3035586966434494e-05,0.8898804783821106,11.002093,11.009395122528076
1529,68.80911183357239,0.89002514,0.8899368047714233,3.667364580905996e-05,0.8898937106132507,10.997486,11.006319522857666
1530,68.8551127910614,0.8900271,0.8899731040000916,1.0214805115538184e-05,0.8899463415145874,10.99729,11.002689599990845
1531,68.90068292617798,0.8900271,0.8899813294410706,1.0379189006926026e-05,0.889978289604187,10.99729,11.001867055892944
1532,68.93833255767822,0.89002746,0.8899863362312317,1.680623972788453e-05,0.8899787068367004,10.997253,11.001366376876831
1533,68.98211193084717,0.89002746,0.8899964690208435,2.255912113469094e-05,0.8899790644645691,10.997253,11.00035309791565
1534,69.01996397972107,0.8900963,0.890016496181488,1.955514744622633e-05,0.8899790644645691,10.99037,10.998350381851196
1535,69.0647509098053,0.8901397,0.8900283575057983,8.6322388597182e-06,0.8900271058082581,10.986031,10.997164249420166
1536,69.10807180404663,0.8901397,0.8900293707847595,1.2747110304189846e-05,0.8900274634361267,10.986031,10.997062921524048
1537,69.14663290977478,0.89014375,0.8900362253189087,2.6978601454175077e-05,0.8900274634361267,10.985624,10.99637746810913
1538,69.1908278465271,0.8901578,0.8900530338287354,4.352364339865744e-05,0.8900274634361267,10.984219,10.994696617126465
1539,69.23614430427551,0.8901595,0.8900855183601379,5.075629451312125e-05,0.8900274634361267,10.984051,10.991448163986206
1540,69.28093457221985,0.8902445,0.890134871006012,2.2696172891301103e-05,0.8900963068008423,10.975552,10.986512899398804
1541,69.3255226612091,0.89032185,0.8901508450508118,2.615410994621925e-05,0.8901396989822388,10.967815,10.984915494918823
1542,69.37150073051453,0.8903666,0.8901717066764832,5.578072523348965e-05,0.8901437520980835,10.963339,10.982829332351685
1543,69.4146044254303,0.8903666,0.8902156949043274,8.006323332665488e-05,0.8901454210281372,10.963339,10.97843050956726
1544,69.45226263999939,0.8903968,0.8902903199195862,6.3329040131066e-05,0.8901594877243042,10.960322,10.970968008041382
1545,69.49848246574402,0.8903968,0.8903493285179138,2.8934340662090108e-05,0.8902802467346191,10.960322,10.965067148208618
1546,69.53850388526917,0.8903968,0.8903681039810181,6.755785307177575e-06,0.890364944934845,10.960322,10.963189601898193
1547,69.57957291603088,0.8903968,0.8903713226318359,1.0549003491178155e-05,0.8903666138648987,10.960322,10.962867736816406
1548,69.61788845062256,0.8903985,0.8903771042823792,1.3889760339225177e-05,0.8903669118881226,10.96015,10.962289571762085
1549,69.66079807281494,0.8903985,0.8903877139091492,1.3345277693588287e-05,0.8903669118881226,10.96015,10.961228609085083
1550,69.69916415214539,0.89043003,0.8903971314430237,2.0196696368657285e-06,0.890396773815155,10.956997,10.960286855697632
1551,69.7433111667633,0.89043003,0.8903977870941162,3.376271251909202e-06,0.890396773815155,10.956997,10.960221290588379
1552,69.781658411026,0.8904312,0.8903995156288147,6.361543000821257e-06,0.890396773815155,10.956878,10.96004843711853
1553,69.82495021820068,0.8905384,0.8904032707214355,1.2839986084145494e-05,0.8903985023498535,10.94616,10.959672927856445
1554,69.87013792991638,0.8905384,0.8904101252555847,1.695270293566864e-05,0.8903985023498535,10.94616,10.958987474441528
1555,69.90841436386108,0.89054066,0.8904228210449219,2.0939900423400104e-05,0.8904004096984863,10.945934,10.957717895507812
1556,69.95098185539246,0.8905578,0.890438973903656,3.1648785807192326e-05,0.890416145324707,10.944218,10.9561026096344
1557,69.99466443061829,0.8905845,0.8904589414596558,5.092246283311397e-05,0.8904317617416382,10.941547,10.954105854034424
1558,70.0392861366272,0.8905845,0.8904935717582703,6.461287557613105e-05,0.8904321789741516,10.941547,10.950642824172974
1559,70.07705736160278,0.8906083,0.8905608654022217,2.529898665670771e-05,0.8904425501823425,10.939169,10.943913459777832
1560,70.12109136581421,0.8906101,0.8905764222145081,5.77587888983544e-06,0.8905720114707947,10.93899,10.942357778549194
1561,70.16683411598206,0.8906107,0.8905810117721558,7.103572897904087e-06,0.8905741572380066,10.9389305,10.941898822784424
1562,70.21121668815613,0.8906894,0.8905890583992004,1.610386789252516e-05,0.8905827403068542,10.931063,10.941094160079956
1563,70.25645470619202,0.8906896,0.890600323677063,3.1423347536474466e-05,0.8905845284461975,10.931039,10.939967632293701
1564,70.30120491981506,0.89069176,0.8906205296516418,4.1273931856267154e-05,0.8905845284461975,10.930824,10.937947034835815
1565,70.34623718261719,0.89069176,0.8906553387641907,3.7939753383398056e-05,0.890609860420227,10.930824,10.934466123580933
1566,70.38446187973022,0.8907958,0.8906899690628052,1.0912082871072926e-05,0.8906867504119873,10.920418,10.931003093719482
1567,70.43669080734253,0.8907968,0.8906975388526917,2.669673995114863e-05,0.8906892538070679,10.920322,10.930246114730835
1568,70.48401260375977,0.8907968,0.890716016292572,4.4165739382151514e-05,0.8906896114349365,10.920322,10.928398370742798
1569,70.52159595489502,0.8907968,0.8907508850097656,4.9870908696902916e-05,0.8906906843185425,10.920322,10.924911499023438
1570,70.5597312450409,0.8907968,0.8907960653305054,4.141948863889411e-07,0.8907954692840576,10.920322,10.920393466949463
1571,70.59764456748962,0.8907968,0.8907963633537292,3.223332782908983e-07,0.8907960653305054,10.920322,10.920363664627075
1572,70.6357171535492,0.89079803,0.8907966613769531,1.4328578856748209e-07,0.8907965421676636,10.920197,10.920333862304688
1573,70.67998838424683,0.89079803,0.8907968997955322,1.6478131215080793e-07,0.8907967805862427,10.920197,10.920310020446777
1574,70.71713447570801,0.89079803,0.8907968997955322,2.4953789079518174e-07,0.8907967805862427,10.920197,10.920310020446777
1575,70.75494050979614,0.89079803,0.8907968997955322,4.286750652227056e-07,0.8907967805862427,10.920197,10.920310020446777
1576,70.79227590560913,0.89079857,0.8907971978187561,5.701467102880997e-07,0.8907967805862427,10.920143,10.92028021812439
1577,70.83690977096558,0.89080226,0.8907977342605591,6.855680112494156e-07,0.8907967805862427,10.919773,10.920226573944092
1578,70.88259792327881,0.89090407,0.8907989859580994,7.019152235443471e-06,0.8907979726791382,10.909594,10.920101404190063
1579,70.92786717414856,0.89090407,0.8908007144927979,1.2416143363225274e-05,0.890798032283783,10.909594,10.919928550720215
1580,70.96439504623413,0.8909124,0.8908075094223022,2.4138742446666583e-05,0.8907985687255859,10.908758,10.919249057769775
1581,71.00787782669067,0.89091873,0.8908213973045349,3.75160452676937e-05,0.8907989263534546,10.908127,10.917860269546509
1582,71.05380296707153,0.8909215,0.890850841999054,4.596132566803135e-05,0.8908020853996277,10.907852,10.914915800094604
1583,71.09867286682129,0.89092267,0.8908973932266235,2.1667963665095158e-05,0.8908548355102539,10.907734,10.910260677337646
1584,71.14227986335754,0.8909298,0.8909114003181458,5.175080787012121e-06,0.8909058570861816,10.907019,10.908859968185425
1585,71.18718934059143,0.8909351,0.8909164667129517,4.603823981597088e-06,0.8909105062484741,10.906487,10.908353328704834
1586,71.22938871383667,0.8909373,0.8909214735031128,4.689990873885108e-06,0.8909145593643188,10.906267,10.90785264968872
1587,71.27370357513428,0.8909373,0.890925943851471,5.567847892962163e-06,0.8909205198287964,10.906267,10.907405614852905
1588,71.31232571601868,0.8909396,0.8909314274787903,4.8359952415921725e-06,0.8909232020378113,10.90604,10.906857252120972
1589,71.35581660270691,0.8909415,0.8909363746643066,1.7785240515877376e-06,0.8909322023391724,10.905849,10.906362533569336
1590,71.40186858177185,0.8909897,0.8909382820129395,3.347859774294193e-06,0.8909361362457275,10.901028,10.906171798706055
1591,71.44677829742432,0.8909897,0.8909399509429932,6.04232627665624e-06,0.890937328338623,10.901028,10.906004905700684
1592,71.48435306549072,0.8909918,0.8909428119659424,9.763194611878134e-06,0.8909395933151245,10.90082,10.905718803405762
1593,71.52844142913818,0.8909918,0.8909482359886169,1.6689433323335834e-05,0.89094078540802,10.90082,10.905176401138306
1594,71.56553721427917,0.8909925,0.8909581899642944,2.1851847122889012e-05,0.8909415006637573,10.900747,10.904181003570557
1595,71.61270523071289,0.89103734,0.890976071357727,1.8951039237435907e-05,0.8909415006637573,10.896265,10.902392864227295
1596,71.66575169563293,0.89103734,0.8909920454025269,4.432827154232655e-06,0.8909897208213806,10.896265,10.900795459747314
1597,71.71585726737976,0.89105856,0.8909946084022522,9.991177648771554e-06,0.8909916281700134,10.894144,10.90053915977478
1598,71.76835632324219,0.8911084,0.8910019993782043,2.2478177925222553e-05,0.8909918069839478,10.88916,10.899800062179565
1599,71.8265745639801,0.89111155,0.8910179734230042,3.666254269774072e-05,0.8909925222396851,10.8888445,10.898202657699585
1600,71.89856386184692,0.8911272,0.891049325466156,4.1509501897962764e-05,0.8909925222396851,10.887278,10.8950674533844
1601,71.9479501247406,0.89112747,0.8910892009735107,2.5220269890269265e-05,0.8910404443740845,10.887253,10.891079902648926
1602,71.99319291114807,0.8911282,0.8911111950874329,1.0230667612631805e-05,0.8910927176475525,10.887182,10.888880491256714
1603,72.03979182243347,0.8911354,0.8911194205284119,8.567559234506916e-06,0.8911083936691284,10.88646,10.888057947158813
1604,72.08503866195679,0.8911355,0.8911274075508118,1.3065083521723864e-06,0.8911264538764954,10.886449,10.887259244918823
1605,72.13014531135559,0.8911359,0.8911282420158386,2.169132130802609e-06,0.8911272287368774,10.886413,10.887175798416138
1606,72.17484593391418,0.89114213,0.8911296725273132,3.122793032162008e-06,0.8911274671554565,10.885787,10.887032747268677
1607,72.22038102149963,0.89114213,0.8911318778991699,3.910013219865505e-06,0.8911281824111938,10.885787,10.886812210083008
1608,72.25696635246277,0.8911778,0.891136646270752,5.051402695244178e-06,0.8911346197128296,10.882223,10.886335372924805
1609,72.30110430717468,0.89117885,0.8911409974098206,1.2350603356026113e-05,0.8911355137825012,10.882115,10.885900259017944
1610,72.35005021095276,0.89119,0.8911495208740234,1.8241158613818698e-05,0.891136646270752,10.8810005,10.885047912597656
1611,72.39896249771118,0.89119,0.8911643624305725,1.8161294065066613e-05,0.891136646270752,10.8810005,10.883563756942749
1612,72.43702363967896,0.89123225,0.8911799192428589,6.556240805366542e-06,0.891177773475647,10.876775,10.882008075714111
1613,72.4812364578247,0.8912504,0.8911854028701782,1.619657632545568e-05,0.8911788463592529,10.874963,10.881459712982178
1614,72.52717995643616,0.8912504,0.8911963105201721,2.332999065401964e-05,0.8911788463592529,10.874963,10.880368947982788
1615,72.56516647338867,0.8912519,0.8912174701690674,2.1689420464099385e-05,0.8911804556846619,10.874807,10.878252983093262
1616,72.6077151298523,0.8912594,0.891235888004303,7.72924795455765e-06,0.8912307024002075,10.874063,10.876411199569702
1617,72.65576648712158,0.891306,0.8912414908409119,9.955182576959487e-06,0.8912322521209717,10.869402,10.875850915908813
1618,72.70162582397461,0.8913357,0.8912519812583923,9.500427040620707e-06,0.8912373185157776,10.866427,10.874801874160767
1619,72.7490861415863,0.8913357,0.8912577629089355,1.5628138498868793e-05,0.8912503719329834,10.866427,10.874223709106445
1620,72.78679323196411,0.8913383,0.8912675380706787,2.6082931071869098e-05,0.8912519216537476,10.866171,10.873246192932129
1621,72.83032536506653,0.8913449,0.89128577709198,3.3644373615970835e-05,0.8912593722343445,10.865509,10.871422290802002
1622,72.87545847892761,0.8913449,0.891316294670105,2.8964523153263144e-05,0.8912609815597534,10.865509,10.868370532989502
1623,72.91451668739319,0.89137244,0.8913379311561584,3.981095233029919e-06,0.8913308382034302,10.862756,10.866206884384155
1624,72.95947980880737,0.89137244,0.8913410305976868,3.5224086332164006e-06,0.8913382887840271,10.862756,10.865896940231323
1625,72.99740982055664,0.89137244,0.8913443684577942,6.482711341959657e-06,0.891339898109436,10.862756,10.865563154220581
1626,73.03455448150635,0.89137244,0.8913484811782837,9.054151632881258e-06,0.8913432955741882,10.862756,10.86515188217163
1627,73.07144522666931,0.8913799,0.8913536667823792,1.2135585166106466e-05,0.8913449048995972,10.862011,10.864633321762085
1628,73.11695742607117,0.89138407,0.8913640379905701,1.2000248716503847e-05,0.8913449048995972,10.861593,10.863596200942993
1629,73.16161394119263,0.89138407,0.8913744688034058,3.68565451935865e-06,0.8913724422454834,10.861593,10.862553119659424
1630,73.19911336898804,0.8913899,0.8913769125938416,4.856814030063106e-06,0.8913724422454834,10.86101,10.862308740615845
1631,73.24429535865784,0.8913915,0.8913819193840027,3.061918505409267e-06,0.8913754224777222,10.860848,10.861808061599731
1632,73.28860187530518,0.8913916,0.891385018825531,2.6536229142948287e-06,0.8913825154304504,10.860843,10.8614981174469
1633,73.33549523353577,0.89141804,0.8913869261741638,3.904432560375426e-06,0.8913840651512146,10.858196,10.861307382583618
1634,73.38026905059814,0.89142257,0.8913904428482056,4.494163931667572e-06,0.8913840651512146,10.857743,10.860955715179443
1635,73.425039768219,0.89142543,0.8913935422897339,6.515866516565438e-06,0.8913914561271667,10.857457,10.860645771026611
1636,73.46944785118103,0.8914808,0.8913989663124084,1.4183332496031653e-05,0.8913915157318115,10.851919,10.860103368759155
1637,73.5148503780365,0.89149344,0.8914093375205994,1.999619598791469e-05,0.8913915753364563,10.8506565,10.859066247940063
1638,73.56028079986572,0.8914957,0.8914284110069275,1.98500001715729e-05,0.8914063572883606,10.85043,10.857158899307251
1639,73.6058521270752,0.89150316,0.8914458751678467,2.3902997781988233e-05,0.891423225402832,10.849685,10.855412483215332
1640,73.65231800079346,0.8915068,0.8914707899093628,2.0649189536925405e-05,0.8914381265640259,10.849321,10.85292100906372
1641,73.69561529159546,0.89150685,0.8914902806282043,1.091691774490755e-05,0.8914713263511658,10.849315,10.850971937179565
1642,73.74363374710083,0.89150685,0.8915007710456848,4.368752797745401e-06,0.8914898633956909,10.849315,10.849922895431519
1643,73.7882342338562,0.89150697,0.8915039896965027,1.566706259836792e-06,0.8915024995803833,10.849303,10.849601030349731
1644,73.8393805027008,0.8915563,0.8915058374404907,3.2111445307236863e-06,0.8915031552314758,10.844368,10.849416255950928
1645,73.89275121688843,0.8915563,0.891507089138031,4.300413820601534e-06,0.891505241394043,10.844368,10.8492910861969
1646,73.9338231086731,0.8915563,0.8915089964866638,8.081772648438346e-06,0.8915068507194519,10.844368,10.849100351333618
1647,73.97205352783203,0.8915569,0.891512930393219,1.3390003914537374e-05,0.8915068507194519,10.844308,10.8487069606781
1648,74.01596140861511,0.8915781,0.8915205001831055,1.785228778317105e-05,0.8915069699287415,10.842192,10.847949981689453
1649,74.06025338172913,0.891593,0.8915359377861023,1.727301423670724e-05,0.8915172815322876,10.840702,10.84640622138977
1650,74.10690832138062,0.8916028,0.8915535807609558,1.3141058843757492e-05,0.8915412425994873,10.839719,10.844641923904419
1651,74.15282940864563,0.891642,0.8915665745735168,1.585309291840531e-05,0.8915547132492065,10.835802,10.843342542648315
1652,74.19797992706299,0.891642,0.8915805816650391,1.9725463062059134e-05,0.891557514667511,10.835802,10.841941833496094
1653,74.23574924468994,0.8916906,0.8916021585464478,1.4927437405276578e-05,0.8915812373161316,10.830938,10.839784145355225
1654,74.28127408027649,0.89170015,0.8916166424751282,2.3429272914654575e-05,0.8916028141975403,10.829985,10.838335752487183
1655,74.3262243270874,0.8917018,0.8916364312171936,3.2865049433894455e-05,0.8916054368019104,10.829819,10.83635687828064
1656,74.37113809585571,0.8917018,0.8916687965393066,2.6703421099227853e-05,0.8916164636611938,10.829819,10.833120346069336
1657,74.40908670425415,0.8917104,0.8916937112808228,5.1913871175202075e-06,0.8916879892349243,10.82896,10.830628871917725
1658,74.45483040809631,0.891711,0.8916987180709839,4.011489181721117e-06,0.8916906714439392,10.8289,10.830128192901611
1659,74.49982285499573,0.8917149,0.8917018175125122,2.40290478359384e-06,0.891700029373169,10.828513,10.82981824874878
1660,74.54373526573181,0.89172006,0.8917034864425659,3.7836662158952095e-06,0.8917016386985779,10.827994,10.829651355743408
1661,74.59030294418335,0.89172286,0.8917057514190674,5.292640707921237e-06,0.8917018175125122,10.827714,10.829424858093262
1662,74.63616490364075,0.89173454,0.891711413860321,5.650879302265821e-06,0.891701877117157,10.826546,10.828858613967896
1663,74.68104887008667,0.89174366,0.8917165994644165,6.492104148492217e-06,0.8917113542556763,10.825634,10.82834005355835
1664,74.72737216949463,0.8917463,0.8917227983474731,7.688582627451979e-06,0.8917145729064941,10.825372,10.827720165252686
1665,74.77259707450867,0.89179516,0.8917300701141357,7.976895176398102e-06,0.8917224407196045,10.820484,10.826992988586426
1666,74.81811499595642,0.89179516,0.8917382955551147,8.625101145298686e-06,0.8917272686958313,10.820484,10.826170444488525
1667,74.85664772987366,0.89179516,0.8917461633682251,1.0744659448391758e-05,0.8917354941368103,10.820484,10.82538366317749
1668,74.8937578201294,0.8918146,0.8917554020881653,1.4772087524761446e-05,0.8917437791824341,10.818541,10.824459791183472
1669,74.93841767311096,0.8918152,0.8917667865753174,1.7022974134306423e-05,0.8917539119720459,10.818481,10.823321342468262
1670,74.98302507400513,0.89181936,0.8917811512947083,1.9013803466805257e-05,0.8917557001113892,10.818064,10.821884870529175
1671,75.02607321739197,0.89183426,0.8917999267578125,1.1706998520821799e-05,0.8917790651321411,10.816574,10.82000732421875
1672,75.0716495513916,0.8918861,0.8918114304542542,9.61667228693841e-06,0.8917971849441528,10.811388,10.818856954574585
1673,75.11657786369324,0.8918861,0.8918216228485107,1.4117065802565776e-05,0.8918145895004272,10.811388,10.817837715148926
1674,75.15481758117676,0.89189655,0.8918330669403076,2.1475994799402542e-05,0.8918153047561646,10.810346,10.816693305969238
1675,75.19954013824463,0.8918978,0.8918548226356506,1.823755337682087e-05,0.8918229937553406,10.810221,10.814517736434937
1676,75.24536991119385,0.89190745,0.8918722867965698,1.686900395725388e-05,0.8918557167053223,10.809255,10.812771320343018
1677,75.29049301147461,0.8919113,0.8918914794921875,7.720318535575643e-06,0.8918716907501221,10.808867,10.81085205078125
1678,75.33611035346985,0.8919116,0.8918983340263367,3.23164294968592e-06,0.891895055770874,10.808838,10.810166597366333
1679,75.38203024864197,0.8919129,0.8919007182121277,4.456825536180986e-06,0.8918975591659546,10.808712,10.809928178787231
1680,75.42660880088806,0.89191574,0.8919042348861694,5.33935008206754e-06,0.8918983936309814,10.808426,10.809576511383057
1681,75.47320055961609,0.89191574,0.8919100761413574,2.794582542264834e-06,0.8919013738632202,10.808426,10.808992385864258
1682,75.51022481918335,0.8919178,0.8919123411178589,1.3617552667710697e-06,0.8919109106063843,10.808218,10.808765888214111
1683,75.5559675693512,0.8919181,0.8919135928153992,1.5539081914539565e-06,0.8919116258621216,10.8081875,10.808640718460083
1684,75.60346603393555,0.89192,0.891914963722229,1.566839387123764e-06,0.8919134736061096,10.808002,10.8085036277771
1685,75.64746594429016,0.8919203,0.8919165730476379,1.3492858670360874e-06,0.8919141888618469,10.807967,10.808342695236206
1686,75.69330358505249,0.8919275,0.8919181823730469,1.2125708508392563e-06,0.8919169306755066,10.807252,10.808181762695312
1687,75.73975849151611,0.89196086,0.8919193744659424,3.417115067350096e-06,0.8919178247451782,10.803914,10.808062553405762
1688,75.78554105758667,0.89196086,0.8919215798377991,5.123971732245991e-06,0.8919182419776917,10.803914,10.807842016220093
1689,75.82131576538086,0.8919673,0.8919257521629333,8.869858902471606e-06,0.8919199705123901,10.80327,10.807424783706665
1690,75.86892819404602,0.8919763,0.8919317722320557,1.332571355305845e-05,0.8919239640235901,10.80237,10.806822776794434
1691,75.91730737686157,0.8919829,0.8919411897659302,1.6450299881398678e-05,0.8919252157211304,10.801708,10.805881023406982
1692,75.9638946056366,0.89198995,0.8919574022293091,1.4033344996278174e-05,0.8919336795806885,10.801005,10.804259777069092
1693,76.00950312614441,0.8919966,0.8919703960418701,8.183142199413851e-06,0.8919609189033508,10.800338,10.802960395812988
1694,76.05611777305603,0.89199996,0.8919777274131775,8.747410902287811e-06,0.8919672966003418,10.800004,10.802227258682251
1695,76.1036331653595,0.89199996,0.8919863700866699,6.769148967578076e-06,0.8919771313667297,10.800004,10.801362991333008
1696,76.1395435333252,0.89200467,0.8919934034347534,4.052585154568078e-06,0.8919873237609863,10.799533,10.800659656524658
1697,76.18624639511108,0.89200467,0.8919972777366638,2.0864840735157486e-06,0.891993522644043,10.799533,10.800272226333618
1698,76.22311973571777,0.89200467,0.8919993042945862,1.3992353160574567e-06,0.8919970989227295,10.799533,10.800069570541382
1699,76.26041460037231,0.8920047,0.8920003771781921,1.8444907254888676e-06,0.8919989466667175,10.799527,10.799962282180786
1700,76.30554342269897,0.89200747,0.8920018076896667,2.1645453216478927e-06,0.8919999003410339,10.799253,10.799819231033325
1701,76.35041666030884,0.89201224,0.8920037746429443,1.8746640080280486e-06,0.8920000791549683,10.798777,10.799622535705566
1702,76.39588332176208,0.8920296,0.8920053243637085,2.138625632142066e-06,0.892004668712616,10.797042,10.79946756362915
1703,76.44067573547363,0.8920296,0.8920065760612488,3.859757725876989e-06,0.892004668712616,10.797042,10.799342393875122
1704,76.47889542579651,0.8920341,0.8920090794563293,5.859057182533434e-06,0.8920047283172607,10.796589,10.799092054367065
1705,76.52459931373596,0.8920345,0.8920140862464905,6.672463769064052e-06,0.8920075297355652,10.796553,10.798591375350952
1706,76.57018709182739,0.89203763,0.8920184373855591,8.419047844654415e-06,0.8920124769210815,10.796237,10.798156261444092
1707,76.61615562438965,0.89209026,0.8920254707336426,9.59375211095903e-06,0.8920125961303711,10.790974,10.797452926635742
1708,76.66078424453735,0.89209616,0.892034649848938,7.834143616491929e-06,0.8920295834541321,10.790384,10.796535015106201
1709,76.70891833305359,0.89210963,0.8920400142669678,1.2391381460474804e-05,0.892034113407135,10.789037,10.795998573303223
1710,76.7578592300415,0.89210963,0.8920482993125916,2.0262528778403066e-05,0.8920375108718872,10.789037,10.795170068740845
1711,76.79620146751404,0.89210963,0.8920615911483765,2.5752655346877873e-05,0.8920403122901917,10.789037,10.793840885162354
1712,76.83479762077332,0.8921125,0.8920829892158508,2.4854251023498364e-05,0.8920459747314453,10.788751,10.791701078414917
1713,76.88061928749084,0.89211905,0.8921041488647461,5.136837444297271e-06,0.892096221446991,10.788095,10.78958511352539
1714,76.92414259910583,0.89212143,0.8921091556549072,3.733345693035517e-06,0.8921040296554565,10.787857,10.789084434509277
1715,76.9698588848114,0.89212435,0.8921129107475281,3.32096487909439e-06,0.8921096324920654,10.787564,10.788708925247192
1716,77.01396322250366,0.8921275,0.8921164274215698,3.733048743015388e-06,0.8921129107475281,10.787249,10.788357257843018
1717,77.05998945236206,0.89212775,0.892120361328125,3.4810673241736367e-06,0.8921157121658325,10.787225,10.7879638671875
1718,77.10487914085388,0.89212775,0.8921238780021667,3.0336509553308133e-06,0.8921191096305847,10.787225,10.787612199783325
1719,77.14272546768188,0.8921282,0.8921267986297607,1.2210765589770745e-06,0.8921240568161011,10.787177,10.787320137023926
1720,77.18731880187988,0.8921355,0.8921276330947876,5.096003405924421e-07,0.8921273946762085,10.786449,10.78723669052124
1721,77.23153519630432,0.8921366,0.892128050327301,1.1389812470952165e-06,0.8921274542808533,10.786343,10.787194967269897
1722,77.27626252174377,0.8921372,0.892128586769104,1.9819647150143282e-06,0.8921277523040771,10.786277,10.7871413230896
1723,77.32157683372498,0.89213836,0.8921297788619995,3.0138569400151027e-06,0.8921277523040771,10.786163,10.787022113800049
1724,77.36725044250488,0.89216536,0.8921324014663696,3.953293798986124e-06,0.8921277523040771,10.7834635,10.786759853363037
1725,77.41091299057007,0.89217305,0.8921361565589905,4.865287792199524e-06,0.8921303153038025,10.782695,10.786384344100952
1726,77.45591926574707,0.89218396,0.8921398520469666,7.098821242834674e-06,0.892135739326477,10.781604,10.786014795303345
1727,77.50118350982666,0.89218897,0.8921456933021545,1.2423315638443455e-05,0.892137885093689,10.781103,10.785430669784546
1728,77.54677486419678,0.8921976,0.8921559453010559,1.6907311874092557e-05,0.8921425342559814,10.780239,10.78440546989441
1729,77.59292364120483,0.89221245,0.8921725749969482,1.6551604858250357e-05,0.8921455144882202,10.778755,10.782742500305176
1730,77.63913416862488,0.8922144,0.8921887874603271,6.1733153415843844e-06,0.8921803832054138,10.778559,10.781121253967285
1731,77.68661093711853,0.89223677,0.8921940326690674,7.620719316037139e-06,0.8921886682510376,10.776323,10.780596733093262
1732,77.7316472530365,0.89223677,0.892199695110321,9.187522664433345e-06,0.8921913504600525,10.776323,10.780030488967896
1733,77.77108693122864,0.89226454,0.8922088742256165,9.018350283440668e-06,0.8921977877616882,10.773545,10.779112577438354
1734,77.8142397403717,0.8922722,0.8922176361083984,1.1781852663261816e-05,0.8922109007835388,10.772782,10.778236389160156
1735,77.85856986045837,0.89228785,0.8922271728515625,1.6959867934929207e-05,0.8922125101089478,10.771215,10.77728271484375
1736,77.90327095985413,0.89228785,0.8922420144081116,1.7880704035633244e-05,0.8922187685966492,10.771215,10.775798559188843
1737,77.94225859642029,0.8923461,0.892259955406189,1.3358443538891152e-05,0.8922378420829773,10.765391,10.774004459381104
1738,77.98982763290405,0.8923528,0.8922737836837769,1.847860221459996e-05,0.8922619223594666,10.764718,10.772621631622314
1739,78.03731846809387,0.8923841,0.8922876119613647,2.587766357464716e-05,0.8922658562660217,10.761589,10.771238803863525
1740,78.08292317390442,0.8923841,0.8923090696334839,2.9797967727063224e-05,0.8922735452651978,10.761589,10.769093036651611
1741,78.12206721305847,0.8923931,0.8923398852348328,1.7260494132642634e-05,0.8923075795173645,10.760689,10.766011476516724
1742,78.16784334182739,0.8923931,0.8923549652099609,1.5677280316594988e-05,0.8923401236534119,10.760689,10.764503479003906
1743,78.2060227394104,0.892395,0.8923680186271667,1.6328596757375635e-05,0.8923490643501282,10.760498,10.763198137283325
1744,78.25041222572327,0.8924393,0.8923850655555725,8.20898094389122e-06,0.8923690319061279,10.756069,10.761493444442749
1745,78.29553437232971,0.8924397,0.8923927545547485,9.116748515225481e-06,0.8923858404159546,10.756027,10.760724544525146
1746,78.33959341049194,0.8924707,0.8923999071121216,1.538412834634073e-05,0.892389714717865,10.752928,10.760009288787842
1747,78.38409972190857,0.8924767,0.8924109935760498,2.0597131879185326e-05,0.8923934102058411,10.752333,10.75890064239502
1748,78.42956280708313,0.8925288,0.8924322724342346,2.102287908201106e-05,0.8924003839492798,10.747123,10.756772756576538
1749,78.47532320022583,0.8925288,0.8924527168273926,2.0089148165425286e-05,0.892439067363739,10.747123,10.754728317260742
1750,78.51307415962219,0.8925288,0.8924716114997864,2.4544779080315493e-05,0.8924409747123718,10.747123,10.752838850021362
1751,78.55194425582886,0.8925288,0.8924955129623413,1.950520891114138e-05,0.8924739360809326,10.747123,10.75044870376587
1752,78.58973908424377,0.89253604,0.8925150036811829,1.5579898899886757e-05,0.8924896717071533,10.746395,10.748499631881714
1753,78.63456153869629,0.89253604,0.8925274610519409,2.2546587388205808e-06,0.8925227522850037,10.746395,10.747253894805908
1754,78.67238712310791,0.892539,0.8925290107727051,1.5556996686427738e-06,0.8925285339355469,10.746098,10.747098922729492
1755,78.7174870967865,0.8925464,0.8925297260284424,2.704641474338132e-06,0.892528772354126,10.745358,10.747027397155762
1756,78.76505017280579,0.8925464,0.8925316333770752,4.0775680645310786e-06,0.892528772354126,10.745358,10.74683666229248
1757,78.80286622047424,0.8925464,0.8925350308418274,4.694031758845085e-06,0.892528772354126,10.745358,10.74649691581726
1758,78.84100723266602,0.8925533,0.892539381980896,4.450889264262514e-06,0.8925360441207886,10.744667,10.7460618019104
1759,78.88543343544006,0.89256054,0.8925442099571228,4.646016350307036e-06,0.8925371170043945,10.743946,10.74557900428772
1760,78.93033385276794,0.89256054,0.8925488591194153,3.858759555441793e-06,0.8925453424453735,10.743946,10.745114088058472
1761,78.96840810775757,0.89256054,0.892552375793457,3.736066673809546e-06,0.8925468921661377,10.743946,10.744762420654297
1762,79.00596785545349,0.89256054,0.8925558924674988,2.9887955861340743e-06,0.8925524950027466,10.743946,10.744410753250122
1763,79.0435676574707,0.8925625,0.8925588130950928,2.1705550352635328e-06,0.8925541639328003,10.74375,10.744118690490723
1764,79.09021663665771,0.8925625,0.8925604820251465,5.734909223065188e-07,0.8925594091415405,10.74375,10.743951797485352
1765,79.127681016922,0.8925636,0.8925608992576599,7.008385978224396e-07,0.8925605416297913,10.743642,10.743910074234009
1766,79.1702938079834,0.8925684,0.8925613164901733,1.1825233059425955e-06,0.8925605416297913,10.743159,10.743868350982666
1767,79.21432089805603,0.8925776,0.8925621509552002,1.6655960735079134e-06,0.8925605416297913,10.742241,10.74378490447998
1768,79.25785732269287,0.8925776,0.8925635814666748,1.6980440022962284e-06,0.8925625085830688,10.742241,10.74364185333252
1769,79.2959554195404,0.8925776,0.8925645351409912,2.6333182177040726e-06,0.8925635814666748,10.742241,10.743546485900879
1770,79.33527278900146,0.8925776,0.8925660848617554,4.396020813146606e-06,0.8925635814666748,10.742241,10.743391513824463
1771,79.37368249893188,0.89258224,0.8925691843032837,5.668943686032435e-06,0.8925635814666748,10.741776,10.74308156967163
1772,79.41958808898926,0.8925826,0.8925741910934448,5.343702923710225e-06,0.8925679922103882,10.74174,10.742580890655518
1773,79.46385192871094,0.8925839,0.8925795555114746,2.2381577764463145e-06,0.8925771713256836,10.74161,10.742044448852539
1774,79.50941610336304,0.8926003,0.8925818800926208,1.712323637548252e-06,0.892577588558197,10.73997,10.741811990737915
1775,79.55646419525146,0.89260226,0.892582893371582,2.426287437629071e-06,0.8925822377204895,10.739774,10.741710662841797
1776,79.60159039497375,0.89260226,0.8925842642784119,4.3057434595539235e-06,0.8925822377204895,10.739774,10.741573572158813
1777,79.63851165771484,0.89260226,0.8925870656967163,6.546340046043042e-06,0.8925836682319641,10.739774,10.74129343032837
1778,79.6762490272522,0.8926115,0.892591118812561,8.365763278561644e-06,0.8925838470458984,10.73885,10.740888118743896
1779,79.72292947769165,0.8926115,0.8925992250442505,5.658929239871213e-06,0.8925846815109253,10.73885,10.740077495574951
1780,79.76253581047058,0.8926152,0.8926034569740295,2.9384605113591533e-06,0.892600953578949,10.73848,10.739654302597046
1781,79.80789637565613,0.8926152,0.8926053047180176,4.222862571623409e-06,0.892602264881134,10.73848,10.739469528198242
1782,79.84540367126465,0.89261657,0.8926090598106384,4.223969881422818e-06,0.892602264881134,10.738343,10.739094018936157
1783,79.88997387886047,0.89261657,0.892613410949707,1.7134982499555917e-06,0.8926111459732056,10.738343,10.738658905029297
1784,79.92931342124939,0.89261675,0.8926149606704712,1.5064623539728927e-06,0.8926128149032593,10.738325,10.73850393295288
1785,79.97561717033386,0.8926245,0.892616331577301,7.014633638391388e-07,0.8926151990890503,10.737551,10.738366842269897
1786,80.01842069625854,0.8926258,0.892616868019104,1.320462502008013e-06,0.8926165699958801,10.737419,10.7383131980896
1787,80.06682920455933,0.8926258,0.8926174640655518,2.469362243573414e-06,0.8926165699958801,10.737419,10.738253593444824
1788,80.1074640750885,0.8926293,0.8926191329956055,3.8398729884647764e-06,0.8926165699958801,10.737067,10.738086700439453
1789,80.15514326095581,0.89263296,0.8926221132278442,4.2727592699520756e-06,0.8926165699958801,10.736704,10.737788677215576
1790,80.19990229606628,0.89263296,0.8926265239715576,1.6775225049059372e-06,0.8926244974136353,10.736704,10.737347602844238
1791,80.23995113372803,0.89264333,0.8926278352737427,2.143545771104982e-06,0.8926258087158203,10.735666,10.737216472625732
1792,80.2873101234436,0.8926471,0.8926298022270203,3.329538458274328e-06,0.8926267027854919,10.7352915,10.737019777297974
1793,80.33263111114502,0.8926617,0.8926329612731934,5.196612619329244e-06,0.8926293253898621,10.733831,10.736703872680664
1794,80.37847375869751,0.89267516,0.8926373720169067,7.206115697044879e-06,0.8926302194595337,10.732484,10.736262798309326
1795,80.42436456680298,0.89267516,0.892645001411438,6.051187028788263e-06,0.8926347494125366,10.732484,10.735499858856201
1796,80.46230292320251,0.8926809,0.8926507830619812,8.452042493445333e-06,0.8926435708999634,10.731912,10.73492169380188
1797,80.50747561454773,0.89268595,0.892657458782196,1.1300996447971556e-05,0.8926471471786499,10.731405,10.734254121780396
1798,80.5526556968689,0.8926941,0.8926677107810974,1.028555016091559e-05,0.8926523327827454,10.730589,10.733228921890259
1799,80.59971499443054,0.8927004,0.8926776647567749,6.201152700668899e-06,0.8926659822463989,10.729962,10.73223352432251
1800,80.64463949203491,0.89271873,0.8926831483840942,4.727877694676863e-06,0.89267897605896,10.728127,10.731685161590576
1801,80.69044589996338,0.89272434,0.8926881551742554,8.724568033358082e-06,0.8926814198493958,10.727567,10.731184482574463
1802,80.73484706878662,0.8927349,0.8926957249641418,1.3020772712479811e-05,0.892684817314148,10.726511,10.730427503585815
1803,80.78165984153748,0.8927349,0.8927080631256104,1.34705051095807e-05,0.8926905989646912,10.726511,10.729193687438965
1804,80.81933617591858,0.8927349,0.8927221894264221,6.689944257232128e-06,0.8927079439163208,10.726511,10.727781057357788
1805,80.85697555541992,0.8927641,0.8927286267280579,5.049085302744061e-06,0.8927232027053833,10.723591,10.727137327194214
1806,80.90267944335938,0.89276856,0.892733633518219,5.211391908233054e-06,0.892727792263031,10.723144,10.7266366481781
1807,80.94753694534302,0.8927702,0.8927381038665771,9.294953088101465e-06,0.8927333950996399,10.722982,10.726189613342285
1808,80.99306130409241,0.8928216,0.8927441835403442,1.4691122487420216e-05,0.8927348852157593,10.717839,10.725581645965576
1809,81.03881645202637,0.89282185,0.8927547931671143,1.7100779587053694e-05,0.8927348852157593,10.717815,10.724520683288574
1810,81.08355712890625,0.89282185,0.8927714824676514,1.074418378266273e-05,0.8927611112594604,10.717815,10.722851753234863
1811,81.12046146392822,0.8928672,0.8927808403968811,2.2955297026783228e-05,0.8927701711654663,10.71328,10.72191596031189
1812,81.16615462303162,0.8928862,0.892797589302063,3.4124132071156055e-05,0.8927701711654663,10.711378,10.720241069793701
1813,81.21115565299988,0.8928863,0.8928288221359253,3.333555650897324e-05,0.892783522605896,10.711372,10.71711778640747
1814,81.25776028633118,0.89289516,0.8928621411323547,9.05440901988186e-06,0.8928512334823608,10.710484,10.713785886764526
1815,81.30426239967346,0.89289516,0.8928688764572144,1.0402744919701945e-05,0.8928571343421936,10.710484,10.713112354278564
1816,81.34283781051636,0.89290905,0.8928789496421814,7.287444532266818e-06,0.8928674459457397,10.709095,10.71210503578186
1817,81.38792133331299,0.89290905,0.8928855061531067,7.899926458776463e-06,0.8928762674331665,10.709095,10.711449384689331
1818,81.42599105834961,0.89292765,0.8928932547569275,5.324870926415315e-06,0.892886221408844,10.707235,10.710674524307251
1819,81.47271800041199,0.89292794,0.8928987383842468,8.496683221892454e-06,0.8928937911987305,10.707206,10.710126161575317
1820,81.51735496520996,0.89292794,0.8929048776626587,1.282877019548323e-05,0.8928951621055603,10.707206,10.70951223373413
1821,81.553866147995,0.89293486,0.892916738986969,1.1763851944124326e-05,0.8928954005241394,10.706514,10.7083261013031
1822,81.59995579719543,0.89293486,0.8929275274276733,1.3966745200377773e-06,0.8929232358932495,10.706514,10.707247257232666
1823,81.63769459724426,0.8929457,0.8929283618927002,1.635051376069896e-06,0.892927885055542,10.705429,10.70716381072998
1824,81.68284201622009,0.8929457,0.892929196357727,3.221967972422135e-06,0.8929279446601868,10.705429,10.707080364227295
1825,81.72181272506714,0.8929491,0.8929314613342285,5.3070766625751276e-06,0.8929279446601868,10.70509,10.706853866577148
1826,81.76722836494446,0.8929512,0.8929358124732971,5.92577998759225e-06,0.8929279446601868,10.704881,10.706418752670288
1827,81.81494235992432,0.89295995,0.8929415345191956,5.2695149861392565e-06,0.8929348587989807,10.704004,10.705846548080444
1828,81.87253212928772,0.89296705,0.8929470181465149,4.357382749731187e-06,0.8929415345191956,10.703296,10.70529818534851
1829,81.92803025245667,0.892978,0.8929513692855835,5.319690899341367e-06,0.8929457068443298,10.702199,10.70486307144165
1830,81.97408652305603,0.892978,0.892957329750061,6.763100373063935e-06,0.8929511904716492,10.702199,10.704267024993896
1831,82.01375555992126,0.89299905,0.8929635286331177,8.412076567765325e-06,0.8929557800292969,10.700094,10.703647136688232
1832,82.06043410301208,0.89299905,0.8929721713066101,7.332124823733466e-06,0.8929612636566162,10.700094,10.70278286933899
1833,82.09877848625183,0.8930191,0.8929794430732727,5.82199163545738e-06,0.8929742574691772,10.6980915,10.70205569267273
1834,82.14323949813843,0.8930191,0.8929840922355652,9.751433935889509e-06,0.8929780125617981,10.6980915,10.701590776443481
1835,82.17920732498169,0.8930191,0.8929914832115173,1.325201264990028e-05,0.8929831981658936,10.6980915,10.700851678848267
1836,82.22076725959778,0.89302176,0.8930028676986694,1.462404088670155e-05,0.8929834961891174,10.697824,10.699713230133057
1837,82.27186417579651,0.89302486,0.8930169939994812,3.4705374218901852e-06,0.8930085301399231,10.697514,10.69830060005188
1838,82.31784343719482,0.8930275,0.8930194973945618,1.0773907206385047e-06,0.8930190801620483,10.697251,10.698050260543823
1839,82.36438941955566,0.8930275,0.8930200338363647,1.8038901998806978e-06,0.8930190801620483,10.697251,10.697996616363525
1840,82.40191388130188,0.8930529,0.8930213451385498,3.1286624562198995e-06,0.8930190801620483,10.694713,10.69786548614502
1841,82.44684791564941,0.8930529,0.8930239677429199,4.197429461783031e-06,0.8930217623710632,10.694713,10.697603225708008
1842,82.48585820198059,0.8930659,0.8930280208587646,7.028243999229744e-06,0.8930218815803528,10.693407,10.697197914123535
1843,82.53506398200989,0.89307034,0.8930345177650452,9.624307494959794e-06,0.89302659034729,10.692966,10.696548223495483
1844,82.58139085769653,0.8930731,0.8930427432060242,1.0880014997383114e-05,0.8930321931838989,10.692692,10.695725679397583
1845,82.62663412094116,0.8930731,0.8930525183677673,1.0591660611680709e-05,0.8930376172065735,10.692692,10.694748163223267
1846,82.66651368141174,0.8930766,0.8930631875991821,6.15546105109388e-06,0.8930538892745972,10.69234,10.693681240081787
1847,82.71408677101135,0.8930841,0.8930695056915283,3.2027755878516473e-06,0.8930647373199463,10.691589,10.693049430847168
1848,82.76165699958801,0.893121,0.8930726051330566,3.662810058813193e-06,0.8930703401565552,10.6879,10.692739486694336
1849,82.80987906455994,0.89312565,0.8930753469467163,5.511469680641312e-06,0.8930721282958984,10.687435,10.69246530532837
1850,82.85698819160461,0.8931292,0.8930789828300476,1.0037048923550174e-05,0.8930738568305969,10.687077,10.69210171699524
1851,82.90315628051758,0.89314383,0.8930871486663818,1.735678961267695e-05,0.8930765986442566,10.6856165,10.691285133361816
1852,82.94828629493713,0.8931477,0.8931007385253906,2.0655754269682802e-05,0.8930768966674805,10.685229,10.689926147460938
1853,82.99337697029114,0.89315104,0.8931204676628113,1.8530274246586487e-05,0.8930922746658325,10.6848955,10.687953233718872
1854,83.03962898254395,0.8931513,0.8931369781494141,8.327089744852856e-06,0.8931292295455933,10.684872,10.686302185058594
1855,83.08538818359375,0.8931581,0.8931450843811035,5.959820555290207e-06,0.8931323289871216,10.684193,10.685491561889648
1856,83.12903475761414,0.8931597,0.8931496739387512,2.0021223008370725e-06,0.893147349357605,10.6840315,10.685032606124878
1857,83.17429876327515,0.893165,0.8931516408920288,2.490416363798431e-06,0.8931501507759094,10.6835,10.68483591079712
1858,83.22033071517944,0.8931657,0.893153190612793,3.629791990533704e-06,0.893151044845581,10.68343,10.684680938720703
1859,83.26621747016907,0.89317995,0.893156111240387,4.7909234126564115e-06,0.8931512832641602,10.682005,10.684388875961304
1860,83.31184220314026,0.8931812,0.8931610584259033,3.5270531952846795e-06,0.8931577801704407,10.681879,10.683894157409668
1861,83.35672640800476,0.8931812,0.8931641578674316,5.631288786389632e-06,0.8931605815887451,10.681879,10.683584213256836
1862,83.39654326438904,0.89319456,0.8931688666343689,7.358918537647696e-06,0.893160879611969,10.680544,10.68311333656311
1863,83.44224309921265,0.8932017,0.8931764364242554,7.614078185724793e-06,0.8931664824485779,10.679829,10.682356357574463
1864,83.48697423934937,0.8932017,0.8931846618652344,6.232051418919582e-06,0.893177330493927,10.679829,10.681533813476562
1865,83.5250313282013,0.8932138,0.8931910991668701,6.5810522755782586e-06,0.8931812047958374,10.678619,10.680890083312988
1866,83.5706946849823,0.8932138,0.8931984305381775,5.058157057646895e-06,0.8931914567947388,10.678619,10.680156946182251
1867,83.60946750640869,0.89321697,0.8932030200958252,5.37188907401287e-06,0.8931955695152283,10.678303,10.67969799041748
1868,83.66288447380066,0.8932287,0.8932079672813416,4.843051556235878e-06,0.8932017087936401,10.677129,10.679203271865845
1869,83.71122097969055,0.8932287,0.8932125568389893,4.070855084137293e-06,0.8932076096534729,10.677129,10.678744316101074
1870,83.74982500076294,0.8934235,0.8932172060012817,1.271634300792357e-05,0.893213152885437,10.65765,10.678279399871826
1871,83.79194831848145,0.8934299,0.8932225108146667,2.1842492060386576e-05,0.8932148814201355,10.657013,10.677748918533325
1872,83.83635997772217,0.89344966,0.893236517906189,4.489890852710232e-05,0.893217921257019,10.655033,10.676348209381104
1873,83.8830873966217,0.89345795,0.8932609558105469,7.162738620536402e-05,0.8932257890701294,10.654205,10.673904418945312
1874,83.9269483089447,0.89348155,0.8933056592941284,9.606772800907493e-05,0.8932296633720398,10.651845,10.669434070587158
1875,83.9723060131073,0.89349604,0.893397331237793,8.503862045472488e-05,0.8932443857192993,10.650396,10.660266876220703
1876,84.01954078674316,0.89349604,0.8934611678123474,1.5620922567904927e-05,0.8934435248374939,10.650396,10.653883218765259
1877,84.05747199058533,0.8934973,0.8934761881828308,1.1600632205954753e-05,0.8934558629989624,10.650271,10.652381181716919
1878,84.10166811943054,0.8935039,0.8934866786003113,6.309734999376815e-06,0.8934774398803711,10.64961,10.651332139968872
1879,84.14589238166809,0.89351,0.8934926986694336,4.445912509254413e-06,0.8934866786003113,10.649002,10.65073013305664
1880,84.19062089920044,0.89351094,0.8934971690177917,3.887506409228081e-06,0.8934932351112366,10.648907,10.650283098220825
1881,84.23826479911804,0.89351845,0.8935011029243469,4.944395641359733e-06,0.893496036529541,10.648155,10.649889707565308
1882,84.28546214103699,0.8935226,0.8935062885284424,5.2120467444183305e-06,0.8934996724128723,10.6477375,10.649371147155762
1883,84.33137655258179,0.89352775,0.8935121297836304,5.1685728976735845e-06,0.8935051560401917,10.647225,10.648787021636963
1884,84.37800860404968,0.89352775,0.8935175538063049,4.028868715977296e-06,0.8935116529464722,10.647225,10.648244619369507
1885,84.41682076454163,0.89353365,0.8935216665267944,2.8452652713895077e-06,0.8935177326202393,10.646635,10.647833347320557
1886,84.46262955665588,0.8935571,0.8935244679450989,3.199909770046361e-06,0.8935216069221497,10.644293,10.647553205490112
1887,84.50672554969788,0.8935571,0.8935273885726929,4.655240445572417e-06,0.893524169921875,10.644293,10.647261142730713
1888,84.54454445838928,0.8935574,0.8935304880142212,7.454931164829759e-06,0.8935261368751526,10.644257,10.64695119857788
1889,84.59139013290405,0.89357734,0.8935359120368958,1.1205799637536984e-05,0.8935277462005615,10.642266,10.646408796310425
1890,84.63501858711243,0.8935877,0.8935464024543762,1.2029327990603633e-05,0.8935278058052063,10.64123,10.645359754562378
1891,84.67951846122742,0.8935972,0.8935590386390686,1.0607970580167603e-05,0.8935461044311523,10.640282,10.64409613609314
1892,84.72704529762268,0.8936049,0.8935689926147461,1.191510364151327e-05,0.893557071685791,10.639513,10.64310073852539
1893,84.77410364151001,0.8936076,0.8935806155204773,1.0658291103027295e-05,0.8935626149177551,10.639238,10.64193844795227
1894,84.81943249702454,0.89370215,0.8935909271240234,9.646460057410877e-06,0.8935830593109131,10.629786,10.640907287597656
1895,84.86435627937317,0.89370215,0.8935982584953308,1.3221088920545299e-05,0.8935877084732056,10.629786,10.640174150466919
1896,84.90313768386841,0.8937029,0.893608033657074,2.1110776287969202e-05,0.8935971856117249,10.629707,10.639196634292603
1897,84.94752621650696,0.8937111,0.8936207294464111,3.23832719004713e-05,0.893602192401886,10.628891,10.637927055358887
1898,84.99438548088074,0.8937179,0.8936435580253601,4.179397728876211e-05,0.8936057090759277,10.628212,10.63564419746399
1899,85.03919672966003,0.893718,0.8936831951141357,2.99701150652254e-05,0.8936208486557007,10.6282,10.631680488586426
1900,85.08473205566406,0.8937494,0.8937074542045593,7.97249776951503e-06,0.8936952352523804,10.625058,10.629254579544067
1901,85.13150143623352,0.8937494,0.893714964389801,9.798412065720186e-06,0.8937056064605713,10.625058,10.628503561019897
1902,85.16946387290955,0.8937494,0.8937236666679382,1.1350442036928143e-05,0.8937119841575623,10.625058,10.627633333206177
1903,85.2071361541748,0.8937565,0.8937344551086426,9.953161679732148e-06,0.8937185406684875,10.62435,10.626554489135742
1904,85.25204062461853,0.8937573,0.893743634223938,5.07843833474908e-06,0.8937370777130127,10.624271,10.625636577606201
1905,85.29734659194946,0.89378273,0.8937489986419678,4.412557700561592e-06,0.893744170665741,10.621727,10.625100135803223
1906,85.34143853187561,0.89380777,0.8937527537345886,6.718072199873859e-06,0.8937487006187439,10.619223,10.624724626541138
1907,85.38738131523132,0.8938103,0.893757700920105,1.1219860425626393e-05,0.893750786781311,10.618973,10.624229907989502
1908,85.43264555931091,0.8939377,0.8937667608261108,1.9207693185308017e-05,0.8937543034553528,10.60623,10.623323917388916
1909,85.4780170917511,0.8939722,0.8937821984291077,2.8108246624469757e-05,0.8937572836875916,10.602778,10.621780157089233
1910,85.52335357666016,0.8939811,0.8938098549842834,4.4121505197836086e-05,0.8937829732894897,10.601891,10.619014501571655
1911,85.56726861000061,0.89403236,0.8938458561897278,6.19508937234059e-05,0.8937934041023254,10.596764,10.615414381027222
1912,85.61159133911133,0.89403254,0.8939020037651062,6.394118827302009e-05,0.8938164710998535,10.596746,10.60979962348938
1913,85.65762829780579,0.8940369,0.8939663767814636,4.1100131056737155e-05,0.8938549757003784,10.596312,10.603362321853638
1914,85.70431065559387,0.8940369,0.8939989805221558,2.6015977709903382e-05,0.8939708471298218,10.596312,10.600101947784424
1915,85.7427978515625,0.8940528,0.8940241932868958,1.3222775123722386e-05,0.8939937949180603,10.59472,10.597580671310425
1916,85.79021310806274,0.8940897,0.8940340280532837,7.944948265503626e-06,0.8940306901931763,10.59103,10.59659719467163
1917,85.83286190032959,0.89409566,0.8940401673316956,1.541946221550461e-05,0.89403235912323,10.590434,10.595983266830444
1918,85.87843084335327,0.8940959,0.8940495848655701,2.2408899894799106e-05,0.894035279750824,10.59041,10.595041513442993
1919,85.92365264892578,0.8940964,0.8940662145614624,2.5612704121158458e-05,0.8940368890762329,10.590363,10.59337854385376
1920,85.96804785728455,0.8941027,0.8940921425819397,3.650451162684476e-06,0.8940834999084473,10.589731,10.59078574180603
1921,86.01395153999329,0.8941027,0.8940951824188232,1.2862882385888952e-06,0.8940939903259277,10.589731,10.590481758117676
1922,86.05263829231262,0.89410377,0.894096314907074,1.9455542314972263e-06,0.8940956592559814,10.589623,10.590368509292603
1923,86.09959983825684,0.89410377,0.8940973877906799,2.779865781121771e-06,0.8940957188606262,10.589623,10.590261220932007
1924,86.13776683807373,0.8941052,0.8940993547439575,3.452353439570288e-06,0.8940958976745605,10.58948,10.590064525604248
1925,86.1824254989624,0.89411306,0.8941031694412231,1.6006557643777342e-06,0.8940984010696411,10.588694,10.589683055877686
1926,86.22638773918152,0.89411306,0.8941041827201843,2.7431797207100317e-06,0.8941026926040649,10.588694,10.589581727981567
1927,86.2636206150055,0.8941133,0.8941062688827515,3.631273102655541e-06,0.894102931022644,10.58867,10.589373111724854
1928,86.30922269821167,0.89411956,0.8941100239753723,2.879954308809829e-06,0.89410400390625,10.588044,10.588997602462769
1929,86.35418963432312,0.89411956,0.8941125273704529,2.767574642348336e-06,0.8941107988357544,10.588044,10.588747262954712
1930,86.39210772514343,0.8941196,0.8941147923469543,3.5281905184092466e-06,0.8941110372543335,10.5880375,10.588520765304565
1931,86.43905353546143,0.8941196,0.8941183090209961,2.38288021137123e-06,0.8941130638122559,10.5880375,10.58816909790039
1932,86.47791290283203,0.89412194,0.8941195607185364,1.9832704367672704e-07,0.894119381904602,10.587806,10.588043928146362
1933,86.52426600456238,0.894122,0.8941196799278259,3.4281706007277535e-07,0.8941195607185364,10.587799,10.588032007217407
1934,86.57178974151611,0.89413357,0.8941199779510498,1.0420932312626974e-06,0.8941196203231812,10.586643,10.58800220489502
1935,86.61632966995239,0.89414793,0.8941205143928528,2.660965947143268e-06,0.8941196203231812,10.585207,10.587948560714722
1936,86.66253471374512,0.894148,0.8941224813461304,5.378504283726215e-06,0.8941196203231812,10.585201,10.587751865386963
1937,86.70975875854492,0.8941503,0.8941269516944885,9.030125511344522e-06,0.8941200375556946,10.584969,10.587304830551147
1938,86.75648260116577,0.8941503,0.8941349387168884,1.0858209861908108e-05,0.8941220045089722,10.584969,10.586506128311157
1939,86.79700016975403,0.8941778,0.8941457271575928,5.2152226999169216e-06,0.8941372036933899,10.58222,10.585427284240723
1940,86.84172415733337,0.8941797,0.8941500782966614,3.3084559163398808e-06,0.8941479921340942,10.582029,10.584992170333862
1941,86.88839530944824,0.8941797,0.894152045249939,6.126468178990763e-06,0.8941503167152405,10.582029,10.584795475006104
1942,86.92587161064148,0.8941846,0.8941556215286255,1.028409315040335e-05,0.8941503167152405,10.581541,10.584437847137451
1943,86.96973466873169,0.8941858,0.8941624164581299,1.3195689462008886e-05,0.8941503167152405,10.581422,10.583758354187012
1944,87.01356434822083,0.89418656,0.894175112247467,9.844417036219966e-06,0.8941552639007568,10.581345,10.582488775253296
1945,87.05905365943909,0.8941902,0.8941818475723267,2.6201414584647864e-06,0.8941797018051147,10.58098,10.581815242767334
1946,87.10423827171326,0.894258,0.8941847681999207,4.933774107485078e-06,0.8941797018051147,10.574198,10.581523180007935
1947,87.1504020690918,0.89426106,0.8941874504089355,8.077046913967934e-06,0.8941845893859863,10.573894,10.581254959106445
1948,87.19446086883545,0.89426506,0.8941930532455444,1.573132431076374e-05,0.8941845893859863,10.573494,10.580694675445557
1949,87.239253282547,0.89427567,0.8942052125930786,2.57918618444819e-05,0.8941901922225952,10.572433,10.579478740692139
1950,87.28274536132812,0.8942825,0.894221842288971,3.442715751589276e-05,0.8941951394081116,10.571748,10.577815771102905
1951,87.3270993232727,0.8942971,0.894251823425293,3.089471283601597e-05,0.8941963315010071,10.570288,10.574817657470703
1952,87.3719048500061,0.8942983,0.8942747712135315,6.64555136609124e-06,0.8942650556564331,10.5701685,10.57252287864685
1953,87.41590881347656,0.8943017,0.8942800760269165,6.550073067046469e-06,0.8942756652832031,10.569829,10.57199239730835
1954,87.45968627929688,0.8943017,0.8942855596542358,7.359415576502215e-06,0.8942768573760986,10.569829,10.571444034576416
1955,87.49711203575134,0.894304,0.8942925333976746,5.3721314543508925e-06,0.8942856192588806,10.569602,10.570746660232544
1956,87.54127073287964,0.89430517,0.8942980170249939,2.254534138046438e-06,0.8942933678627014,10.569483,10.57019829750061
1957,87.58729362487793,0.89430773,0.8942998647689819,2.4235230284830322e-06,0.8942971229553223,10.569227,10.570013523101807
1958,87.63285636901855,0.8943086,0.8943020701408386,2.606523821668816e-06,0.8942983150482178,10.569138,10.569792985916138
1959,87.67721152305603,0.8943086,0.8943049907684326,2.1010971522628097e-06,0.89430171251297,10.569138,10.569500923156738
1960,87.7162733078003,0.8943133,0.894307017326355,1.488456746301381e-06,0.8943043947219849,10.568672,10.569298267364502
1961,87.76156902313232,0.89431334,0.8943082690238953,7.764766678519663e-07,0.8943074345588684,10.568666,10.569173097610474
1962,87.80636739730835,0.89432365,0.8943089842796326,1.4462154922512127e-06,0.8943085670471191,10.567636,10.569101572036743
1963,87.85301947593689,0.89432365,0.8943096399307251,2.5173653739329893e-06,0.8943086266517639,10.567636,10.56903600692749
1964,87.89167332649231,0.89432836,0.8943111896514893,3.915984507329995e-06,0.8943086266517639,10.567164,10.568881034851074
1965,87.93729424476624,0.89433396,0.8943142890930176,4.8552610678598285e-06,0.8943087458610535,10.566605,10.568571090698242
1966,87.98312830924988,0.8943489,0.8943178057670593,6.300506356637925e-06,0.8943133354187012,10.565108,10.568219423294067
1967,88.02661061286926,0.8943489,0.8943236470222473,7.366069439740386e-06,0.8943134546279907,10.565108,10.567635297775269
1968,88.06347846984863,0.8943702,0.8943310976028442,8.260058166342787e-06,0.8943236470222473,10.562981,10.566890239715576
1969,88.10711765289307,0.8943896,0.8943386077880859,1.355304084427189e-05,0.8943283557891846,10.561037,10.566139221191406
1970,88.15165185928345,0.8944094,0.8943524956703186,1.2750648238579743e-05,0.8943322896957397,10.559058,10.56475043296814
1971,88.19612741470337,0.8944236,0.8943656086921692,1.4626064512412995e-05,0.8943489193916321,10.55764,10.563439130783081
1972,88.24046540260315,0.8944364,0.8943790793418884,1.7634714822634123e-05,0.894363284111023,10.556358,10.562092065811157
1973,88.28432750701904,0.89446986,0.8943963050842285,2.0780988052138127e-05,0.8943701982498169,10.553015,10.560369491577148
1974,88.32854628562927,0.8944706,0.8944182991981506,1.7551068594912067e-05,0.8943949937820435,10.552942,10.558170080184937
1975,88.37264370918274,0.89448243,0.8944379091262817,2.2106845790403895e-05,0.8944147825241089,10.551757,10.556209087371826
1976,88.4171051979065,0.8944878,0.8944600224494934,1.604779390618205e-05,0.8944259881973267,10.55122,10.55399775505066
1977,88.46160459518433,0.8944878,0.8944724798202515,5.894719834032003e-06,0.8944644927978516,10.55122,10.552752017974854
1978,88.49963784217834,0.8944878,0.8944780230522156,4.555976374831516e-06,0.8944698572158813,10.55122,10.552197694778442
1979,88.53943371772766,0.8946756,0.8944826722145081,1.1513342542457394e-05,0.8944787383079529,10.532438,10.551732778549194
1980,88.58837032318115,0.8946756,0.8944863080978394,1.930695361807011e-05,0.894482433795929,10.532438,10.551369190216064
1981,88.62716960906982,0.8946792,0.8944948315620422,4.0501588955521584e-05,0.8944842219352722,10.532082,10.550516843795776
1982,88.67124509811401,0.8946792,0.8945153951644897,6.711182504659519e-05,0.8944845795631409,10.532082,10.548460483551025
1983,88.71125292778015,0.89467955,0.8945510983467102,8.910601900424808e-05,0.8944877982139587,10.532045,10.54489016532898
1984,88.7576494216919,0.89468086,0.8946161866188049,8.831654122332111e-05,0.8944882154464722,10.531914,10.538381338119507
1985,88.80170965194702,0.89468545,0.89467853307724,1.7712715134621249e-06,0.894675612449646,10.531455,10.532146692276001
1986,88.84672117233276,0.89468545,0.8946799039840698,1.5298559219445451e-06,0.8946791887283325,10.531455,10.532009601593018
1987,88.88486886024475,0.8946898,0.8946810364723206,2.3423347101925174e-06,0.8946791887283325,10.53102,10.531896352767944
1988,88.9281485080719,0.8946942,0.8946828246116638,3.1678061986895045e-06,0.8946795463562012,10.530579,10.531717538833618
1989,88.97310853004456,0.89471525,0.8946866393089294,3.538946657499764e-06,0.8946837186813354,10.528475,10.531336069107056
1990,89.02006506919861,0.89471525,0.8946902751922607,4.859881755692186e-06,0.8946854472160339,10.528475,10.530972480773926
1991,89.05827069282532,0.8947264,0.8946952819824219,6.70986992190592e-06,0.894689679145813,10.527361,10.530471801757812
1992,89.10122156143188,0.894731,0.8947014808654785,9.083991244551726e-06,0.8946943283081055,10.526901,10.529851913452148
1993,89.14632558822632,0.89473623,0.8947083353996277,1.1229397387069184e-05,0.8946966528892517,10.526377,10.529166460037231
1994,89.19050025939941,0.8947363,0.8947189450263977,1.1582237675611395e-05,0.8947019577026367,10.526371,10.52810549736023
1995,89.23709607124329,0.8947363,0.8947303295135498,3.97004077967722e-06,0.8947234749794006,10.526371,10.52696704864502
1996,89.27417063713074,0.8947363,0.8947340846061707,2.3420213892677566e-06,0.8947309851646423,10.526371,10.526591539382935
1997,89.31144309043884,0.8947363,0.8947361707687378,1.4692913907765615e-07,0.8947357535362244,10.526371,10.52638292312622
1998,89.34948587417603,0.8947363,0.8947361707687378,8.342912138914471e-08,0.8947362303733826,10.526371,10.52638292312622
1999,89.3863136768341,0.8947363,0.8947363495826721,8.536210316378856e-08,0.8947362303733826,10.526371,10.526365041732788
2000,89.42368984222412,0.8947363,0.8947363495826721,5.960464477539063e-08,0.8947362899780273,10.526371,10.526365041732788
2001,89.46935272216797,0.8947363,0.8947363495826721,5.960464477539063e-08,0.8947362899780273,10.526371,10.526365041732788
2002,89.5160608291626,0.8947573,0.8947363495826721,1.2251963426024304e-06,0.8947362899780273,10.524273,10.526365041732788
2003,89.56229186058044,0.89480233,0.8947367668151855,4.402310878504068e-06,0.8947362899780273,10.519767,10.526323318481445
2004,89.60888957977295,0.89480233,0.8947382569313049,8.200800948543474e-06,0.8947362899780273,10.519767,10.526174306869507
2005,89.64618444442749,0.89481115,0.894741952419281,1.4074016689846758e-05,0.8947362899780273,10.518885,10.5258047580719
2006,89.69093942642212,0.89481914,0.8947516083717346,2.2794165488448925e-05,0.8947362899780273,10.5180855,10.524839162826538
2007,89.73764896392822,0.8948457,0.8947710394859314,2.7210508051211946e-05,0.8947372436523438,10.515428,10.52289605140686
2008,89.78294014930725,0.89486694,0.8947975039482117,2.401745405222755e-05,0.8947674632072449,10.513306,10.520249605178833
2009,89.8288197517395,0.89486694,0.8948217034339905,1.5458466805284843e-05,0.8948032259941101,10.513306,10.517829656600952
2010,89.86650729179382,0.89487725,0.8948360085487366,1.5787731172167696e-05,0.8948113322257996,10.512275,10.516399145126343
2011,89.9109935760498,0.89488083,0.8948509693145752,1.0362517969042528e-05,0.894842803478241,10.511917,10.51490306854248
2012,89.95564460754395,0.8950155,0.8948586583137512,1.610133404028602e-05,0.8948465585708618,10.498452,10.514134168624878
2013,90.00010943412781,0.8950155,0.8948711156845093,1.834942668210715e-05,0.8948484659194946,10.498452,10.512888431549072
2014,90.03874516487122,0.89504623,0.8948836326599121,2.7204485377296805e-05,0.8948764801025391,10.495377,10.511636734008789
2015,90.08437728881836,0.8950523,0.8948974609375,4.810977043234743e-05,0.8948774337768555,10.494768,10.51025390625
2016,90.13006067276001,0.89505666,0.8949289917945862,7.070021820254624e-05,0.8948808312416077,10.494333,10.507100820541382
2017,90.17488026618958,0.89505684,0.8949904441833496,7.170726166805252e-05,0.8948825597763062,10.494316,10.500955581665039
2018,90.22234797477722,0.8950576,0.8950490951538086,3.942441253457218e-06,0.8950446248054504,10.494238,10.49509048461914
2019,90.26770257949829,0.8950667,0.8950525522232056,2.8603089958778583e-06,0.8950471878051758,10.493332,10.494744777679443
2020,90.31190752983093,0.8951176,0.8950554728507996,4.351141797087621e-06,0.8950523138046265,10.488242,10.494452714920044
2021,90.35750603675842,0.8951305,0.8950581550598145,6.970336926315213e-06,0.895055890083313,10.486948,10.494184494018555
2022,90.4040014743805,0.8951305,0.8950625061988831,1.5496363630518317e-05,0.8950568437576294,10.486948,10.493749380111694
2023,90.44205927848816,0.8951401,0.8950710296630859,2.3676104319747537e-05,0.8950576186180115,10.485989,10.492897033691406
2024,90.48675346374512,0.895147,0.8950867056846619,2.892310658353381e-05,0.8950576186180115,10.485297,10.491329431533813
2025,90.53149938583374,0.8951743,0.8951104879379272,2.8301637939875945e-05,0.8950728178024292,10.482568,10.488951206207275
2026,90.5791687965393,0.8951743,0.8951365947723389,9.095764653466176e-06,0.8951245546340942,10.482568,10.486340522766113
2027,90.61702108383179,0.8951882,0.8951442837715149,1.0450716217746958e-05,0.8951313495635986,10.481178,10.48557162284851
2028,90.66364121437073,0.89519095,0.8951528072357178,1.2213457011966966e-05,0.8951462507247925,10.480905,10.484719276428223
2029,90.71015405654907,0.89519095,0.8951614499092102,1.690403587417677e-05,0.8951470255851746,10.480905,10.48385500907898
2030,90.7481119632721,0.89519095,0.8951785564422607,1.2063692338415422e-05,0.8951472640037537,10.480905,10.482144355773926
2031,90.78953647613525,0.8952023,0.8951880931854248,5.495889581652591e-06,0.8951752781867981,10.479773,10.48119068145752
2032,90.83484268188477,0.8952023,0.8951911330223083,1.160357783192012e-06,0.8951907157897949,10.479773,10.480886697769165
2033,90.87278866767883,0.89522123,0.8951917290687561,3.0343619528139243e-06,0.895190954208374,10.477877,10.48082709312439
2034,90.91773843765259,0.8952328,0.8951932191848755,5.771270934928907e-06,0.895190954208374,10.476721,10.480678081512451
2035,90.96318554878235,0.895265,0.8951966166496277,9.745316674525384e-06,0.895190954208374,10.473501,10.480338335037231
2036,91.00928330421448,0.895265,0.8952040076255798,1.4128101611277089e-05,0.895190954208374,10.473501,10.479599237442017
2037,91.04909658432007,0.89527637,0.8952163457870483,1.9285473172203638e-05,0.8952022790908813,10.472363,10.478365421295166
2038,91.09337520599365,0.8952774,0.8952322006225586,2.0805246094823815e-05,0.8952025771141052,10.472261,10.47677993774414
2039,91.13933062553406,0.89529234,0.8952499628067017,1.9993045498267747e-05,0.8952236175537109,10.470766,10.475003719329834
2040,91.18275213241577,0.89529645,0.8952715396881104,1.0177687727264129e-05,0.8952393531799316,10.470354,10.472846031188965
2041,91.228346824646,0.89529645,0.8952807784080505,8.41695782582974e-06,0.8952725529670715,10.470354,10.471922159194946
2042,91.26648116111755,0.89529645,0.8952885866165161,6.555428626597859e-06,0.8952766060829163,10.470354,10.471141338348389
2043,91.30364441871643,0.89529645,0.895294189453125,1.972741074496298e-06,0.895292341709137,10.470354,10.4705810546875
2044,91.34210848808289,0.89531034,0.8952962756156921,1.265219907509163e-06,0.895293116569519,10.468966,10.470372438430786
2045,91.38735723495483,0.89531034,0.895296573638916,1.3053494285486522e-06,0.8952964544296265,10.468966,10.470342636108398
2046,91.42503142356873,0.89533156,0.895297110080719,3.594019744923571e-06,0.8952964544296265,10.466844,10.4702889919281
2047,91.46943807601929,0.89533156,0.895298957824707,7.63108710089e-06,0.8952964544296265,10.466844,10.470104217529297
2048,91.50621151924133,0.8953318,0.8953037261962891,1.2454381248971913e-05,0.8952964544296265,10.46682,10.469627380371094
2049,91.55124282836914,0.8953425,0.8953132629394531,1.4922599802957848e-05,0.8952964544296265,10.465747,10.468673706054688
2050,91.59705114364624,0.8953425,0.8953269720077515,9.336337825516239e-06,0.8953103423118591,10.465747,10.467302799224854
2051,91.6352846622467,0.89534473,0.8953329920768738,3.497491434245603e-06,0.8953315615653992,10.465527,10.466700792312622
2052,91.68149137496948,0.89534724,0.895334780216217,4.671190254157409e-06,0.8953315615653992,10.465277,10.466521978378296
2053,91.72708749771118,0.89536023,0.8953384160995483,5.11652751811198e-06,0.8953331708908081,10.463977,10.466158390045166
2054,91.77357530593872,0.89538014,0.8953437805175781,3.593154815462185e-06,0.8953425288200378,10.461987,10.465621948242188
2055,91.82096338272095,0.8953816,0.8953468203544617,7.457649189746007e-06,0.8953425288200378,10.461837,10.465317964553833
2056,91.87446904182434,0.8953947,0.8953537940979004,1.1719404938048683e-05,0.8953440189361572,10.460531,10.464620590209961
2057,91.9297890663147,0.89539593,0.8953654170036316,1.1520787666086107e-05,0.8953492641448975,10.460406,10.46345829963684
2058,91.97912383079529,0.8954121,0.8953766226768494,1.316375801252434e-05,0.8953602313995361,10.458792,10.462337732315063
2059,92.02584767341614,0.8954202,0.8953899145126343,9.514497833151836e-06,0.8953801393508911,10.457981,10.461008548736572
2060,92.07187557220459,0.89544916,0.8953995704650879,7.911387001513503e-06,0.8953884243965149,10.455084,10.460042953491211
2061,92.11849975585938,0.8954642,0.8954075574874878,1.208180037792772e-05,0.8953959345817566,10.453582,10.45924425125122
2062,92.16344332695007,0.8954642,0.8954179286956787,1.4425166227738373e-05,0.8954100608825684,10.453582,10.458207130432129
2063,92.20048403739929,0.8954815,0.8954295516014099,2.0348234102129936e-05,0.8954120874404907,10.451847,10.457044839859009
2064,92.24664282798767,0.8954815,0.8954513669013977,1.3105041944072582e-05,0.8954201936721802,10.451847,10.45486330986023
2065,92.28354072570801,0.89548314,0.8954625725746155,7.030334018054418e-06,0.8954493999481201,10.451687,10.453742742538452
2066,92.33111786842346,0.8954836,0.8954674601554871,6.2396193243330345e-06,0.8954641819000244,10.451639,10.453253984451294
2067,92.37716889381409,0.89549184,0.8954721093177795,7.946428922878113e-06,0.8954647779464722,10.450816,10.452789068222046
2068,92.42235493659973,0.8955006,0.895480215549469,5.877098374185152e-06,0.8954664468765259,10.44994,10.4519784450531
2069,92.4673056602478,0.8955008,0.895484983921051,5.434749255073257e-06,0.895481526851654,10.449923,10.451501607894897
2070,92.51151990890503,0.8955008,0.8954886198043823,7.172026926127728e-06,0.8954836130142212,10.449923,10.451138019561768
2071,92.54845809936523,0.8955008,0.8954939246177673,7.332926543313079e-06,0.8954837918281555,10.449923,10.450607538223267
2072,92.58721446990967,0.8955086,0.8955007791519165,1.5762050225021085e-06,0.895498514175415,10.4491415,10.44992208480835
2073,92.63230490684509,0.8955265,0.8955016732215881,2.8362494504108327e-06,0.8955006003379822,10.447348,10.449832677841187
2074,92.67807030677795,0.8955265,0.895503044128418,4.1278349272033665e-06,0.8955007791519165,10.447348,10.449695587158203
2075,92.71581244468689,0.8955265,0.895505964756012,5.229943326412467e-06,0.8955007791519165,10.447348,10.449403524398804
2076,92.75644373893738,0.8955345,0.8955111503601074,6.051105629012454e-06,0.8955084085464478,10.446548,10.448884963989258
2077,92.80262470245361,0.8955453,0.895515501499176,9.632235560275149e-06,0.8955085873603821,10.44547,10.448449850082397
2078,92.84917330741882,0.8955678,0.8955242037773132,1.0164189006900415e-05,0.8955085873603821,10.443222,10.447579622268677
2079,92.89898467063904,0.8955725,0.8955339789390564,6.995129297138192e-06,0.8955265283584595,10.442752,10.44660210609436
2080,92.94521260261536,0.8955725,0.8955397605895996,8.984960004454479e-06,0.8955345153808594,10.442752,10.446023941040039
2081,92.98360967636108,0.89560026,0.8955478668212891,1.2653870726353489e-05,0.8955345153808594,10.439974,10.445213317871094
2082,93.0288634300232,0.89560026,0.8955593109130859,1.4316516171675175e-05,0.8955435156822205,10.439974,10.444068908691406
2083,93.06627893447876,0.8956461,0.8955742716789246,8.73995668371208e-06,0.8955599665641785,10.43539,10.442572832107544
2084,93.11161017417908,0.8956586,0.8955825567245483,1.3610409041575622e-05,0.8955724835395813,10.434139,10.441744327545166
2085,93.1554627418518,0.89565873,0.89559406042099,2.0953422790626064e-05,0.8955815434455872,10.434127,10.440593957901001
2086,93.20107746124268,0.8956666,0.8956115245819092,2.5508117687422782e-05,0.8955815434455872,10.43334,10.438847541809082
2087,93.24782133102417,0.89566815,0.8956359028816223,2.2483025531983003e-05,0.8956018686294556,10.433186,10.436409711837769
2088,93.29256391525269,0.89566815,0.8956557512283325,8.626242561149411e-06,0.8956460952758789,10.433186,10.434424877166748
2089,93.3301260471344,0.89566815,0.8956641554832458,3.6486815133685013e-06,0.8956586122512817,10.433186,10.433584451675415
2090,93.36639881134033,0.89566815,0.8956667184829712,4.808182438864606e-07,0.8956665992736816,10.433186,10.43332815170288
2091,93.40346479415894,0.89566815,0.8956670165061951,6.550702664753771e-07,0.8956665992736816,10.433186,10.433298349380493
2092,93.44196009635925,0.8957064,0.8956678509712219,2.3234567834151676e-06,0.895666778087616,10.4293585,10.433214902877808
2093,93.49990916252136,0.89571434,0.8956690430641174,5.952448191237636e-06,0.8956681489944458,10.428566,10.433095693588257
2094,93.54702019691467,0.89571434,0.8956719040870667,1.2038217391818762e-05,0.8956681489944458,10.428566,10.432809591293335
2095,93.58541107177734,0.8957147,0.8956775069236755,1.7828702766564675e-05,0.8956681489944458,10.42853,10.432249307632446
2096,93.63066005706787,0.8957297,0.8956882953643799,2.192100146203302e-05,0.8956685662269592,10.427028,10.431170463562012
2097,93.67579174041748,0.8957297,0.8957087993621826,1.3272545402287506e-05,0.8956685662269592,10.427028,10.429120063781738
2098,93.71469736099243,0.8957297,0.8957152962684631,3.323605596960988e-06,0.8957143425941467,10.427028,10.428470373153687
2099,93.75341725349426,0.8957302,0.8957168459892273,5.358083399187308e-06,0.8957147002220154,10.42698,10.42831540107727
2100,93.79961276054382,0.8957306,0.8957200050354004,7.143764833017485e-06,0.8957147002220154,10.426939,10.427999496459961
2101,93.84389281272888,0.8957306,0.8957257866859436,6.5477966018079314e-06,0.8957148194313049,10.426939,10.42742133140564
2102,93.88215589523315,0.8957306,0.8957300782203674,3.0586727461923147e-07,0.8957297205924988,10.426939,10.426992177963257
2103,93.92227530479431,0.8957306,0.8957302570343018,2.2780473329930828e-07,0.8957301378250122,10.426939,10.426974296569824
2104,93.9586968421936,0.8957356,0.8957304954528809,3.4054474440381455e-07,0.895730197429657,10.426437,10.426950454711914
2105,94.00444531440735,0.895736,0.8957306742668152,7.063559905873262e-07,0.8957306146621704,10.426402,10.426932573318481
2106,94.04902148246765,0.895736,0.8957308530807495,1.1675679161271546e-06,0.8957306146621704,10.426402,10.426914691925049
2107,94.08715629577637,0.8957428,0.8957313895225525,1.9571607481339015e-06,0.8957306146621704,10.425722,10.426861047744751
2108,94.13411021232605,0.8957428,0.8957326412200928,2.544745029808837e-06,0.8957306146621704,10.425722,10.426735877990723
2109,94.16921734809875,0.895771,0.8957350254058838,3.7520076148211956e-06,0.8957310914993286,10.422897,10.426497459411621
2110,94.21487069129944,0.8957764,0.8957380652427673,7.614605692651821e-06,0.8957356214523315,10.422361,10.426193475723267
2111,94.2581512928009,0.8957764,0.8957427144050598,1.3427534213406034e-05,0.8957359790802002,10.422361,10.425728559494019
2112,94.29568243026733,0.8957764,0.8957525491714478,1.7457206922699697e-05,0.8957359790802002,10.422361,10.424745082855225
2113,94.33394408226013,0.89581555,0.8957703113555908,1.0229902727587614e-05,0.8957474231719971,10.418445,10.422968864440918
2114,94.37997055053711,0.89581555,0.8957762718200684,4.020495453005424e-06,0.8957747220993042,10.418445,10.422372817993164
2115,94.41762638092041,0.89582145,0.8957782983779907,8.361591426364612e-06,0.8957763910293579,10.417854,10.422170162200928
2116,94.46363973617554,0.89582145,0.8957825899124146,1.3771932572126389e-05,0.8957763910293579,10.417854,10.421741008758545
2117,94.4999451637268,0.89582145,0.895790159702301,1.739794788591098e-05,0.8957763910293579,10.417854,10.420984029769897
2118,94.53713726997375,0.89582145,0.895805299282074,1.3992183085065335e-05,0.8957780003547668,10.417854,10.419470071792603
2119,94.5751383304596,0.89585257,0.8958169221878052,3.2538955565541983e-06,0.8958140015602112,10.414743,10.418307781219482
2120,94.62001037597656,0.89585257,0.8958193063735962,4.075467131769983e-06,0.8958162069320679,10.414743,10.41806936264038
2121,94.65668058395386,0.89585257,0.8958221077919006,5.101335318613565e-06,0.8958199620246887,10.414743,10.417789220809937
2122,94.69383358955383,0.8958578,0.8958244323730469,8.416602213401347e-06,0.8958214521408081,10.414219,10.417556762695312
2123,94.73954153060913,0.89585936,0.8958302140235901,1.2923828762723133e-05,0.8958214521408081,10.414064,10.416978597640991
2124,94.785475730896,0.8958663,0.8958397507667542,1.338366655545542e-05,0.8958227634429932,10.413372,10.416024923324585
2125,94.8307249546051,0.8958663,0.895853579044342,4.6675518206029665e-06,0.8958432674407959,10.413372,10.414642095565796
2126,94.87110471725464,0.8958673,0.8958577513694763,3.801639650191646e-06,0.8958529233932495,10.413271,10.414224863052368
2127,94.91785049438477,0.8958691,0.8958613872528076,3.216806817363249e-06,0.8958578109741211,10.413093,10.413861274719238
2128,94.96461367607117,0.8958784,0.8958646059036255,2.793795601974125e-06,0.8958597779273987,10.412163,10.413539409637451
2129,95.01003217697144,0.8958794,0.8958671689033508,2.029718871199293e-06,0.895865797996521,10.412062,10.413283109664917
2130,95.05398750305176,0.8958844,0.8958688378334045,3.7315317058528308e-06,0.8958662748336792,10.41156,10.413116216659546
2131,95.09865951538086,0.8958891,0.8958717584609985,5.1426623031147756e-06,0.8958672881126404,10.41109,10.412824153900146
2132,95.14219689369202,0.8958904,0.8958770632743835,4.249035100656329e-06,0.8958700895309448,10.410958,10.412293672561646
2133,95.18785405158997,0.8958904,0.8958806395530701,2.8871497761429055e-06,0.8958783745765686,10.410958,10.411936044692993
2134,95.2248957157135,0.8958904,0.8958827257156372,3.5466093777358765e-06,0.8958793878555298,10.410958,10.41172742843628
2135,95.26229047775269,0.8958904,0.8958860635757446,2.4448358999507036e-06,0.8958830833435059,10.410958,10.411393642425537
2136,95.30029940605164,0.8958986,0.8958885669708252,2.0839195258304244e-06,0.8958857655525208,10.410142,10.41114330291748
2137,95.3458092212677,0.89591146,0.8958904147148132,1.9904045984731056e-06,0.8958891034126282,10.4088545,10.410958528518677
2138,95.39010739326477,0.89592177,0.8958916664123535,4.355767032393487e-06,0.8958904147148132,10.407824,10.410833358764648
2139,95.43549752235413,0.89592177,0.8958942890167236,7.4062404564756434e-06,0.8958904147148132,10.407824,10.410571098327637
2140,95.47336959838867,0.89594156,0.8958996534347534,1.0473578186065424e-05,0.8958904147148132,10.405845,10.410034656524658
2141,95.5185022354126,0.8959462,0.8959106802940369,9.844777196121868e-06,0.8958985805511475,10.405379,10.408931970596313
2142,95.56588935852051,0.89596725,0.8959215879440308,1.2233395864313934e-05,0.8959101438522339,10.4032755,10.407841205596924
2143,95.6108136177063,0.8959714,0.8959352374076843,1.3408765880740248e-05,0.8959217667579651,10.402859,10.406476259231567
2144,95.65459656715393,0.8960055,0.8959507346153259,1.255193001270527e-05,0.8959320187568665,10.399448,10.404926538467407
2145,95.6999614238739,0.8960055,0.8959630727767944,1.315520148637006e-05,0.895946204662323,10.399448,10.403692722320557
2146,95.73917031288147,0.8960055,0.8959759473800659,1.3395825590123422e-05,0.8959659337997437,10.399448,10.402405261993408
2147,95.7776746749878,0.8960055,0.8959873914718628,1.4706120964547154e-05,0.8959672451019287,10.399448,10.40126085281372
2148,95.81635785102844,0.8960062,0.896000862121582,6.5281024035357405e-06,0.8959914445877075,10.399378,10.399913787841797
2149,95.86088991165161,0.8960062,0.8960055112838745,7.225174414315916e-08,0.8960055112838745,10.399378,10.399448871612549
2150,95.89756846427917,0.8960062,0.8960055112838745,1.5040399148347205e-07,0.8960055112838745,10.399378,10.399448871612549
2151,95.93503904342651,0.8960062,0.8960055112838745,2.605073632366839e-07,0.8960055112838745,10.399378,10.399448871612549
2152,95.97206735610962,0.8960062,0.8960056304931641,3.485933461888635e-07,0.8960055112838745,10.399378,10.399436950683594
2153,96.00956916809082,0.89606684,0.896006166934967,3.56062855644268e-06,0.8960055112838745,10.393315,10.399383306503296
2154,96.05592131614685,0.89606684,0.8960068821907043,6.127048891357845e-06,0.8960062265396118,10.393315,10.399311780929565
2155,96.09307742118835,0.89606684,0.8960095643997192,1.1818422535725404e-05,0.8960062265396118,10.393315,10.399043560028076
2156,96.13035893440247,0.89606684,0.896016001701355,1.9819213775917888e-05,0.8960062265396118,10.393315,10.398399829864502
2157,96.16865849494934,0.89606684,0.8960303664207458,2.4184450012398884e-05,0.8960062265396118,10.393315,10.396963357925415
2158,96.20644354820251,0.89606684,0.8960525393486023,1.4746986380487215e-05,0.896029531955719,10.393315,10.39474606513977
2159,96.24377846717834,0.896067,0.8960666656494141,1.7972394061871455e-07,0.8960668444633484,10.393297,10.393333435058594
2160,96.28762912750244,0.8960678,0.8960667848587036,9.782931442714471e-08,0.8960668444633484,10.39322,10.393321514129639
2161,96.33199429512024,0.8960678,0.8960667848587036,1.7969031773645838e-07,0.8960668444633484,10.39322,10.393321514129639
2162,96.3699643611908,0.89606804,0.8960669040679932,2.838600323684659e-07,0.8960668444633484,10.393196,10.393309593200684
2163,96.41814470291138,0.89606845,0.8960670828819275,3.919960533949052e-07,0.8960668444633484,10.393154,10.393291711807251
2164,96.46273875236511,0.89606893,0.8960675001144409,4.337612438121141e-07,0.8960670232772827,10.393106,10.393249988555908
2165,96.50760674476624,0.89606905,0.8960679173469543,3.3424112189095467e-07,0.8960675001144409,10.393095,10.393208265304565
2166,96.55217337608337,0.8960713,0.8960682153701782,5.183231337468897e-07,0.8960677981376648,10.392868,10.393178462982178
2167,96.59847116470337,0.89607143,0.8960687518119812,5.245397574071831e-07,0.8960680365562439,10.392857,10.39312481880188
2168,96.64359140396118,0.89607614,0.896069347858429,6.831798486928164e-07,0.8960689306259155,10.3923855,10.393065214157104
2169,96.68922734260559,0.89607614,0.8960698843002319,1.2900991350761615e-06,0.8960689306259155,10.3923855,10.393011569976807
2170,96.72805285453796,0.89607626,0.8960705995559692,1.8514565454097465e-06,0.8960696458816528,10.392374,10.392940044403076
2171,96.77492666244507,0.8960799,0.8960717916488647,2.3487798443966312e-06,0.8960697054862976,10.39201,10.392820835113525
2172,96.82037544250488,0.89608264,0.8960739374160767,2.055410959656001e-06,0.8960713148117065,10.391736,10.392606258392334
2173,96.86628103256226,0.8960832,0.8960757255554199,2.317084636160871e-06,0.8960731625556946,10.391683,10.392427444458008
2174,96.91203618049622,0.8961031,0.8960778713226318,2.5380452370882267e-06,0.8960760831832886,10.389691,10.392212867736816
2175,96.95747137069702,0.8961031,0.896079957485199,3.2991674743243493e-06,0.8960767388343811,10.389691,10.392004251480103
2176,96.99760961532593,0.8961031,0.8960824608802795,4.479277322388953e-06,0.8960796594619751,10.389691,10.391753911972046
2177,97.035719871521,0.8961087,0.8960855603218079,6.523612682940438e-06,0.8960805535316467,10.389132,10.391443967819214
2178,97.08112072944641,0.8961087,0.8960898518562317,7.924278179416433e-06,0.8960832953453064,10.389132,10.391014814376831
2179,97.12050914764404,0.8961147,0.8960970044136047,8.082111889962107e-06,0.8960857391357422,10.388529,10.390299558639526
2180,97.16540360450745,0.8961147,0.8961044549942017,2.5694062060210854e-06,0.896102249622345,10.388529,10.389554500579834
2181,97.20286417007446,0.8961147,0.8961063027381897,3.2816385555634042e-06,0.8961030840873718,10.388529,10.38936972618103
2182,97.24136137962341,0.8961164,0.8961096405982971,2.336641273359419e-06,0.8961079120635986,10.388363,10.389035940170288
2183,97.28754806518555,0.8961433,0.8961115479469299,3.4749539281619946e-06,0.8961086869239807,10.385668,10.388845205307007
2184,97.33163976669312,0.8961433,0.8961148262023926,4.150241693423595e-06,0.8961102366447449,10.385668,10.388517379760742
2185,97.36988496780396,0.8961495,0.8961171507835388,7.175873179221526e-06,0.896114706993103,10.385048,10.388284921646118
2186,97.41345739364624,0.8961506,0.8961212635040283,1.1756881576729938e-05,0.896114706993103,10.384941,10.387873649597168
2187,97.45831942558289,0.896151,0.8961284160614014,1.540652556286659e-05,0.8961163759231567,10.384899,10.387158393859863
2188,97.50250196456909,0.8961511,0.8961412310600281,1.346802764601307e-05,0.8961163759231567,10.384888,10.385876893997192
2189,97.54831027984619,0.89615166,0.8961503505706787,6.287527867243625e-07,0.8961489796638489,10.384834,10.384964942932129
2190,97.59398341178894,0.89615166,0.8961507678031921,2.5169561013171915e-07,0.8961505889892578,10.384834,10.384923219680786
2191,97.63233256340027,0.8961522,0.8961509466171265,2.813693527059513e-07,0.8961505889892578,10.38478,10.384905338287354
2192,97.67797803878784,0.89620763,0.8961517214775085,4.366569100966444e-06,0.8961511254310608,10.379237,10.384827852249146
2193,97.72433376312256,0.89620775,0.8961548805236816,1.2594808140420355e-05,0.8961511254310608,10.379225,10.384511947631836
2194,97.77020859718323,0.89620775,0.8961618542671204,2.0332961867097765e-05,0.8961511254310608,10.379225,10.383814573287964
2195,97.80742526054382,0.8962088,0.8961761593818665,2.5454577553318813e-05,0.8961516618728638,10.379118,10.382384061813354
2196,97.8522322177887,0.8962098,0.8962019085884094,1.1387297490728088e-05,0.8961799144744873,10.379023,10.379809141159058
2197,97.8963475227356,0.8962098,0.8962080478668213,5.411795882537263e-07,0.8962077498435974,10.379023,10.379195213317871
2198,97.93445897102356,0.8962098,0.8962085843086243,5.755521783612494e-07,0.8962077498435974,10.379023,10.379141569137573
2199,97.97221159934998,0.8962102,0.8962091207504272,3.95403048969456e-07,0.8962088227272034,10.378981,10.379087924957275
2200,98.01575708389282,0.8962102,0.8962092995643616,4.877921355728176e-07,0.8962088227272034,10.378981,10.379070043563843
2201,98.05239677429199,0.8962102,0.896209716796875,3.615596142481081e-07,0.8962088227272034,10.378981,10.3790283203125
2202,98.08990240097046,0.8962102,0.8962098956108093,1.6896328247639758e-07,0.8962097764015198,10.378981,10.379010438919067
2203,98.12768125534058,0.8962114,0.8962098956108093,2.3170990459675522e-07,0.8962097764015198,10.378861,10.379010438919067
2204,98.17273044586182,0.89621645,0.8962101340293884,4.450299968539184e-07,0.8962097764015198,10.378355,10.378986597061157
2205,98.21750831604004,0.8962695,0.8962105512619019,3.535385985742323e-06,0.8962101936340332,10.37305,10.378944873809814
2206,98.26206874847412,0.8962695,0.8962113857269287,6.0628844948951155e-06,0.8962101936340332,10.37305,10.378861427307129
2207,98.30098843574524,0.8962707,0.8962136507034302,1.0691197530832142e-05,0.8962101936340332,10.372931,10.378634929656982
2208,98.34677696228027,0.89628863,0.8962192535400391,1.8152331904275343e-05,0.8962113857269287,10.371137,10.378074645996094
2209,98.39136052131653,0.8962906,0.8962290287017822,2.5435330826439895e-05,0.8962118029594421,10.37094,10.377097129821777
2210,98.43493127822876,0.8962906,0.8962486386299133,3.054866101592779e-05,0.896216869354248,10.37094,10.375136137008667
2211,98.4715645313263,0.8962906,0.8962798714637756,8.36087201605551e-06,0.8962690830230713,10.37094,10.372012853622437
2212,98.50945687294006,0.8962906,0.8962877988815308,3.09793722408358e-06,0.8962823748588562,10.37094,10.371220111846924
2213,98.54746079444885,0.8962906,0.8962901830673218,6.311697120509052e-07,0.8962889909744263,10.37094,10.370981693267822
2214,98.58491277694702,0.8962906,0.89629065990448,5.960464477539063e-08,0.8962906002998352,10.37094,10.370934009552002
2215,98.62386584281921,0.8962906,0.89629065990448,5.960464477539063e-08,0.8962906002998352,10.37094,10.370934009552002
2216,98.66119170188904,0.8963674,0.8962908983230591,4.470705334824743e-06,0.8962906002998352,10.363263,10.370910167694092
2217,98.70877265930176,0.8963804,0.8962917327880859,9.294849405705463e-06,0.8962906002998352,10.361958,10.370826721191406
2218,98.75390291213989,0.89642525,0.8962938785552979,1.653360595810227e-05,0.8962906002998352,10.357475,10.370612144470215
2219,98.79883599281311,0.8964286,0.8963046073913574,3.631471190601587e-05,0.8962906002998352,10.3571415,10.369539260864258
2220,98.84374403953552,0.8964286,0.8963228464126587,5.2067229262320325e-05,0.8962906002998352,10.3571415,10.36771535873413
2221,98.88185715675354,0.89642924,0.8963651061058044,5.9369311202317476e-05,0.8962906002998352,10.357076,10.363489389419556
2222,98.92834663391113,0.8964304,0.8964220881462097,1.2209757187520154e-05,0.8963804244995117,10.356962,10.357791185379028
2223,98.97298526763916,0.8964334,0.8964268565177917,1.4191298305377131e-06,0.8964252471923828,10.356659,10.357314348220825
2224,99.01771259307861,0.8964334,0.896428108215332,1.4958385463614832e-06,0.8964260220527649,10.356659,10.357189178466797
2225,99.05588912963867,0.89643663,0.8964295387268066,1.1151170156153967e-06,0.8964285850524902,10.356337,10.357046127319336
2226,99.10429358482361,0.8964408,0.8964307308197021,1.8536287598180934e-06,0.8964294195175171,10.35592,10.356926918029785
2227,99.15039134025574,0.8964416,0.8964322805404663,2.712546120164916e-06,0.8964303731918335,10.355843,10.35677194595337
2228,99.19503855705261,0.8964433,0.8964347839355469,3.5688906336872606e-06,0.8964311480522156,10.355669,10.356521606445312
2229,99.24131178855896,0.89644337,0.896438479423523,2.5890265078487573e-06,0.8964335918426514,10.355663,10.356152057647705
2230,99.2864556312561,0.89644516,0.8964409828186035,1.4303531088444288e-06,0.8964389562606812,10.355484,10.355901718139648
2231,99.33256983757019,0.8964722,0.8964424133300781,2.298653953403118e-06,0.8964407444000244,10.352778,10.355758666992188
2232,99.37561011314392,0.8964722,0.8964440226554871,3.5632383514894173e-06,0.8964424133300781,10.352778,10.355597734451294
2233,99.41365098953247,0.89647704,0.8964465856552124,6.985585059737787e-06,0.8964433073997498,10.352296,10.35534143447876
2234,99.459956407547,0.8964955,0.8964512348175049,1.0944610949081834e-05,0.8964449763298035,10.350448,10.354876518249512
2235,99.5058069229126,0.8964955,0.8964590430259705,1.3685680642083753e-05,0.8964451551437378,10.350448,10.354095697402954
2236,99.54344058036804,0.89650595,0.8964731693267822,1.0071069482364692e-05,0.8964576721191406,10.349405,10.352683067321777
2237,99.59111189842224,0.8965172,0.8964821100234985,1.1150727004860528e-05,0.8964722156524658,10.348278,10.351788997650146
2238,99.6368043422699,0.89653146,0.8964937329292297,1.184516804642044e-05,0.8964769244194031,10.346853,10.350626707077026
2239,99.68135809898376,0.8965341,0.8965053558349609,1.1493204510770738e-05,0.896495521068573,10.346592,10.349464416503906
2240,99.72662401199341,0.8965341,0.8965169787406921,1.1381104741303716e-05,0.8965003490447998,10.346592,10.348302125930786
2241,99.76713299751282,0.89653665,0.8965283632278442,4.45069736088044e-06,0.8965172171592712,10.346335,10.347163677215576
2242,99.81226229667664,0.89653665,0.8965312838554382,1.442414941266179e-06,0.8965296745300293,10.346335,10.346871614456177
2243,99.85138368606567,0.8965385,0.8965326547622681,1.6531541859876597e-06,0.8965311050415039,10.34615,10.346734523773193
2244,99.89527797698975,0.8965385,0.8965342044830322,1.969864797501941e-06,0.8965314626693726,10.34615,10.346579551696777
2245,99.9325499534607,0.8965553,0.8965361714363098,1.8970174551213859e-06,0.8965340852737427,10.344469,10.346382856369019
2246,99.97842144966125,0.896556,0.8965379595756531,2.3199370389193064e-06,0.896536648273468,10.3443985,10.346204042434692
2247,100.02385020256042,0.8965579,0.8965393900871277,3.5882176234736107e-06,0.8965379595756531,10.344208,10.346060991287231
2248,100.06845211982727,0.8965597,0.8965414762496948,6.160304110380821e-06,0.896538496017456,10.344028,10.345852375030518
2249,100.1152777671814,0.896561,0.8965449929237366,8.3353206719039e-06,0.8965393900871277,10.343897,10.345500707626343
2250,100.15949964523315,0.8965703,0.8965520262718201,9.500154192210175e-06,0.8965398073196411,10.342968,10.344797372817993
2251,100.20486855506897,0.8965703,0.896560549736023,3.2266696052829502e-06,0.8965578675270081,10.342968,10.343945026397705
2252,100.2445821762085,0.89657885,0.8965628743171692,3.97546318708919e-06,0.8965597152709961,10.342115,10.343712568283081
2253,100.2886643409729,0.89658016,0.8965663909912109,4.432657533470774e-06,0.8965610265731812,10.341984,10.343360900878906
2254,100.33418488502502,0.8965897,0.8965707421302795,3.903763627022272e-06,0.8965674042701721,10.34103,10.342925786972046
2255,100.37920308113098,0.8965897,0.8965741395950317,4.787621492141625e-06,0.8965689539909363,10.34103,10.342586040496826
2256,100.4175386428833,0.8965897,0.8965791463851929,4.311494194553234e-06,0.8965721726417542,10.34103,10.342085361480713
2257,100.45728969573975,0.8965941,0.8965827822685242,4.551815436570905e-06,0.896578848361969,10.34059,10.341721773147583
2258,100.50272107124329,0.89660496,0.8965871334075928,4.264872586645652e-06,0.896580159664154,10.339504,10.341286659240723
2259,100.54779982566833,0.89664704,0.8965908885002136,4.486882062337827e-06,0.8965896964073181,10.335297,10.340911149978638
2260,100.59320139884949,0.89664704,0.8965927362442017,7.502539119741414e-06,0.8965896964073181,10.335297,10.340726375579834
2261,100.63123393058777,0.8966716,0.8965981602668762,1.353883089905139e-05,0.8965896964073181,10.332841,10.340183973312378
2262,100.67604994773865,0.8966716,0.8966103792190552,1.8629145415616222e-05,0.8965941071510315,10.332841,10.338962078094482
2263,100.71459126472473,0.8966716,0.8966230750083923,2.4285662220790982e-05,0.8966049551963806,10.332841,10.337692499160767
2264,100.75285458564758,0.89667165,0.8966442346572876,2.2473530407296494e-05,0.8966049551963806,10.332834,10.33557653427124
2265,100.79695320129395,0.89667165,0.896662712097168,6.234944521565922e-06,0.896647036075592,10.332834,10.333728790283203
2266,100.83455610275269,0.89667207,0.8966677784919739,4.524367341218749e-06,0.8966619968414307,10.332793,10.333222150802612
2267,100.87791323661804,0.89667207,0.8966716527938843,1.455450302501049e-07,0.8966712355613708,10.332793,10.332834720611572
2268,100.91581058502197,0.8966756,0.8966716527938843,2.514434243039432e-07,0.8966715931892395,10.332441,10.332834720611572
2269,100.96076107025146,0.8966756,0.8966718316078186,4.245607954089792e-07,0.8966715931892395,10.332441,10.33281683921814
2270,100.9982361793518,0.8966762,0.8966720700263977,8.491358585160924e-07,0.8966716527938843,10.332382,10.33279299736023
2271,101.04224133491516,0.8966766,0.8966725468635559,1.3379651591094444e-06,0.8966716527938843,10.33234,10.33274531364441
2272,101.08644127845764,0.89667666,0.896673321723938,1.7778869505491457e-06,0.8966721296310425,10.3323345,10.332667827606201
2273,101.13254690170288,0.89667666,0.896674633026123,1.906017701003293e-06,0.8966721296310425,10.3323345,10.332536697387695
2274,101.1720118522644,0.89667666,0.8966761827468872,3.52985495055691e-07,0.8966756463050842,10.3323345,10.33238172531128
2275,101.21323442459106,0.89669937,0.8966765999794006,1.3492544894688763e-06,0.8966761827468872,10.330063,10.332340002059937
2276,101.25918793678284,0.8967,0.8966770172119141,2.9699274364247685e-06,0.8966766595840454,10.329998,10.332298278808594
2277,101.3055031299591,0.8967,0.8966785073280334,6.058742201275891e-06,0.8966766595840454,10.329998,10.332149267196655
2278,101.34479331970215,0.8967,0.8966817259788513,9.364182005811017e-06,0.8966766595840454,10.329998,10.331827402114868
2279,101.38142919540405,0.89670324,0.8966876268386841,1.1236801583436318e-05,0.8966766595840454,10.329676,10.331237316131592
2280,101.42604541778564,0.8967035,0.8966991305351257,4.384311978355981e-06,0.8966799974441528,10.329652,10.330086946487427
2281,101.47049593925476,0.89670503,0.8967006802558899,1.1387955964892171e-06,0.8967000246047974,10.329496,10.32993197441101
2282,101.51434183120728,0.89670503,0.8967015147209167,1.4704547766086762e-06,0.8967000246047974,10.329496,10.329848527908325
2283,101.55186581611633,0.8967056,0.8967030048370361,1.141863435805135e-06,0.8967016339302063,10.329437,10.329699516296387
2284,101.59797859191895,0.8967496,0.8967043161392212,2.856806759155006e-06,0.8967034220695496,10.325039,10.32956838607788
2285,101.64277696609497,0.8967496,0.8967058658599854,5.960318503639428e-06,0.8967034816741943,10.325039,10.329413414001465
2286,101.6792402267456,0.8967496,0.8967084884643555,1.0525176548981108e-05,0.8967050313949585,10.325039,10.329151153564453
2287,101.71709823608398,0.896763,0.8967146277427673,1.6492800568812527e-05,0.8967050313949585,10.323697,10.328537225723267
2288,101.76913523674011,0.896763,0.8967258930206299,1.9592107491916977e-05,0.8967050313949585,10.323697,10.327410697937012
2289,101.80614757537842,0.8967666,0.8967426419258118,1.619821705389768e-05,0.8967170119285583,10.323339,10.325735807418823
2290,101.85312294960022,0.8967666,0.8967559337615967,6.220046088856179e-06,0.8967496156692505,10.323339,10.324406623840332
2291,101.90630197525024,0.8967666,0.8967627882957458,1.468820528316428e-06,0.8967601656913757,10.323339,10.323721170425415
2292,101.9539520740509,0.8967666,0.896763801574707,1.4141332940198481e-06,0.896763026714325,10.323339,10.323619842529297
2293,101.99316573143005,0.8967762,0.896764874458313,1.779539502422267e-06,0.8967630863189697,10.32238,10.323512554168701
2294,102.03763699531555,0.8967823,0.896766722202301,1.3399280760495458e-06,0.8967665433883667,10.321772,10.323327779769897
2295,102.08094930648804,0.89678586,0.8967673182487488,3.1344864055427024e-06,0.8967666029930115,10.321415,10.323268175125122
2296,102.1266610622406,0.89678586,0.896769106388092,5.963402145425789e-06,0.8967666029930115,10.321415,10.323089361190796
2297,102.16461396217346,0.89678586,0.8967727422714233,8.21715821075486e-06,0.8967666029930115,10.321415,10.322725772857666
2298,102.20163345336914,0.89679027,0.8967797756195068,7.507249392801896e-06,0.8967666029930115,10.320973,10.322022438049316
2299,102.24589204788208,0.89679027,0.8967863321304321,1.307571551478759e-06,0.8967857956886292,10.320973,10.321366786956787
2300,102.2842788696289,0.8968063,0.8967870473861694,2.1825444491696544e-06,0.8967858552932739,10.31937,10.321295261383057
2301,102.33022737503052,0.8968063,0.8967887163162231,3.1318609217123594e-06,0.8967858552932739,10.31937,10.321128368377686
2302,102.36880564689636,0.89681077,0.896791398525238,3.9140390981629025e-06,0.8967902660369873,10.318923,10.320860147476196
2303,102.4158205986023,0.89681077,0.8967934846878052,6.676108569081407e-06,0.8967902660369873,10.318923,10.320651531219482
2304,102.45472645759583,0.89681077,0.896797776222229,8.963761501945555e-06,0.8967902660369873,10.318923,10.3202223777771
2305,102.49194669723511,0.89681077,0.8968061804771423,6.652966021647444e-06,0.8967902660369873,10.318923,10.319381952285767
2306,102.52930641174316,0.8968116,0.8968106508255005,5.269359348858416e-07,0.8968062996864319,10.31884,10.318934917449951
2307,102.57311511039734,0.8968345,0.8968108296394348,1.4169525002216687e-06,0.89681077003479,10.316551,10.318917036056519
2308,102.61716747283936,0.8968345,0.8968110084533691,2.4758085146459052e-06,0.89681077003479,10.316551,10.318899154663086
2309,102.65495681762695,0.8968855,0.8968122601509094,6.299911547102965e-06,0.89681077003479,10.311449,10.318773984909058
2310,102.70238184928894,0.8968855,0.8968155980110168,1.1741053640434984e-05,0.89681077003479,10.311449,10.318440198898315
2311,102.74211573600769,0.89689076,0.89682537317276,2.250961733807344e-05,0.89681077003479,10.310925,10.317462682723999
2312,102.78979825973511,0.89689076,0.8968416452407837,2.8420134185580537e-05,0.896816074848175,10.310925,10.31583547592163
2313,102.82764482498169,0.89689076,0.8968665599822998,2.5446646759519354e-05,0.8968344926834106,10.310925,10.31334400177002
2314,102.86650848388672,0.89692044,0.896888256072998,4.178407834842801e-06,0.8968855142593384,10.307956,10.311174392700195
2315,102.91286873817444,0.89692044,0.8968918919563293,6.233761268958915e-06,0.8968876600265503,10.307956,10.310810804367065
2316,102.9488046169281,0.89692044,0.8968953490257263,1.0659449799277354e-05,0.8968907594680786,10.307956,10.310465097427368
2317,102.98740196228027,0.8969277,0.8969018459320068,1.429127951269038e-05,0.8968907594680786,10.307228,10.309815406799316
2318,103.03251314163208,0.8969277,0.8969147205352783,1.165781395684462e-05,0.8968907594680786,10.307228,10.308527946472168
2319,103.06955981254578,0.8969277,0.8969213962554932,2.438065166643355e-06,0.8969204425811768,10.307228,10.307860374450684
2320,103.10848689079285,0.8969277,0.8969226479530334,3.2052196274889866e-06,0.8969204425811768,10.307228,10.307735204696655
2321,103.14584469795227,0.8969306,0.8969256281852722,3.0069156764511717e-06,0.8969204425811768,10.306942,10.307437181472778
2322,103.19255900382996,0.8969313,0.8969281315803528,9.822595075092977e-07,0.8969277143478394,10.306871,10.307186841964722
2323,103.23708057403564,0.8969313,0.8969286680221558,1.3318797300598817e-06,0.8969277143478394,10.306871,10.307133197784424
2324,103.27744579315186,0.8969313,0.8969295024871826,1.4271984127844917e-06,0.8969277143478394,10.306871,10.307049751281738
2325,103.31738543510437,0.8969313,0.8969306945800781,2.787914468171948e-07,0.8969305753707886,10.306871,10.306930541992188
2326,103.35672426223755,0.8969313,0.8969308137893677,3.534216830303194e-07,0.8969305753707886,10.306871,10.306918621063232
2327,103.39603996276855,0.8969337,0.8969311118125916,2.5726328090058814e-07,0.8969305753707886,10.306633,10.306888818740845
2328,103.44121050834656,0.8969344,0.8969313502311707,2.757844583811675e-07,0.8969312906265259,10.3065605,10.306864976882935
2329,103.48546409606934,0.8969373,0.8969314694404602,6.325944355012325e-07,0.8969312906265259,10.306269,10.30685305595398
2330,103.53652238845825,0.8969373,0.8969317674636841,1.0893229500652524e-06,0.8969312906265259,10.306269,10.306823253631592
2331,103.58300685882568,0.89693993,0.8969324827194214,1.6948778238656814e-06,0.8969312906265259,10.306006,10.306751728057861
2332,103.62933659553528,0.8969405,0.8969338536262512,2.1322298380255233e-06,0.8969316482543945,10.305947,10.306614637374878
2333,103.67589235305786,0.8969483,0.8969359397888184,2.2320552943710936e-06,0.8969343900680542,10.305172,10.306406021118164
2334,103.7221417427063,0.8969483,0.8969379663467407,3.233006509617553e-06,0.8969348669052124,10.305172,10.306203365325928
2335,103.76254463195801,0.89695275,0.8969407081604004,3.953987743443577e-06,0.8969373106956482,10.304726,10.305929183959961
2336,103.80730128288269,0.8969634,0.8969448208808899,4.384476142149651e-06,0.8969402313232422,10.3036585,10.30551791191101
2337,103.85241055488586,0.8969665,0.896949827671051,3.611502279454726e-06,0.8969442844390869,10.303349,10.305017232894897
2338,103.89907121658325,0.8969665,0.8969533443450928,4.373816864244873e-06,0.8969486951828003,10.303349,10.304665565490723
2339,103.93726348876953,0.8969665,0.8969570994377136,5.451318429550156e-06,0.8969517946243286,10.303349,10.304290056228638
2340,103.9748375415802,0.8969718,0.8969621658325195,4.731177796202246e-06,0.8969550132751465,10.302818,10.303783416748047
2341,104.0204107761383,0.8969718,0.8969666361808777,1.2819830317312153e-06,0.8969634175300598,10.302818,10.303336381912231
2342,104.05801677703857,0.89697194,0.8969674706459045,1.5389027794299182e-06,0.8969665169715881,10.302806,10.303252935409546
2343,104.10273003578186,0.8969753,0.8969686031341553,1.9813594462902984e-06,0.8969665169715881,10.302472,10.303139686584473
2344,104.1482560634613,0.8969753,0.8969705700874329,1.4697868664370617e-06,0.8969694972038269,10.302472,10.302942991256714
2345,104.18601894378662,0.8969753,0.8969718217849731,2.0246250187483383e-06,0.8969698548316956,10.302472,10.302817821502686
2346,104.22265768051147,0.8969759,0.8969737887382507,1.6445318351543392e-06,0.8969719409942627,10.302412,10.302621126174927
2347,104.2675404548645,0.8970011,0.8969754576683044,1.507735191808024e-06,0.8969751596450806,10.299891,10.302454233169556
2348,104.31193494796753,0.8970064,0.8969761729240417,4.30595218858798e-06,0.8969752788543701,10.29936,10.302382707595825
2349,104.357666015625,0.8970064,0.8969782590866089,8.42094323161291e-06,0.8969752788543701,10.29936,10.302174091339111
2350,104.39450860023499,0.8970104,0.8969826102256775,1.2433041774784215e-05,0.8969752788543701,10.298962,10.301738977432251
2351,104.43766283988953,0.89701813,0.8969917297363281,1.4819298485235777e-05,0.8969752788543701,10.298186,10.300827026367188
2352,104.48215436935425,0.89701855,0.8970073461532593,3.4265019621670945e-06,0.8970010876655579,10.298145,10.299265384674072
2353,104.52611541748047,0.8970214,0.8970097899436951,4.0259519664687105e-06,0.8970063924789429,10.297859,10.299021005630493
2354,104.57184028625488,0.8970214,0.8970135450363159,3.974378614657326e-06,0.897010326385498,10.297859,10.298645496368408
2355,104.60937356948853,0.8970214,0.8970174789428711,3.314744162707939e-06,0.8970103859901428,10.297859,10.29825210571289
2356,104.6489691734314,0.8970215,0.8970199823379517,1.5098876247066073e-06,0.8970181345939636,10.2978525,10.298001766204834
2357,104.69482755661011,0.8970215,0.8970213532447815,6.169666733057966e-08,0.8970212936401367,10.2978525,10.29786467552185
2358,104.73221778869629,0.89702475,0.897021472454071,3.3594506021472625e-07,0.8970214128494263,10.297525,10.297852754592896
2359,104.77708077430725,0.89702475,0.8970216512680054,9.473112640989712e-07,0.8970214128494263,10.297525,10.297834873199463
2360,104.81418371200562,0.89702475,0.8970221877098083,1.4090826425672276e-06,0.8970214128494263,10.297525,10.297781229019165
2361,104.85268783569336,0.89702475,0.8970233201980591,1.6275270127152908e-06,0.897021472454071,10.297525,10.297667980194092
2362,104.89159083366394,0.89702475,0.8970247507095337,0.0,0.8970247507095337,10.297525,10.29752492904663
2363,104.93048858642578,0.89702475,0.8970247507095337,0.0,0.8970247507095337,10.297525,10.29752492904663
2364,104.96790623664856,0.8970248,0.8970247507095337,3.4762135392440996e-09,0.8970247507095337,10.297519,10.29752492904663
2365,105.01195216178894,0.8970258,0.8970247507095337,6.295690013757849e-08,0.8970247507095337,10.297418,10.29752492904663
2366,105.05639815330505,0.89704466,0.8970247507095337,1.210171717502817e-06,0.8970247507095337,10.295534,10.29752492904663
2367,105.10262727737427,0.89704466,0.8970251679420471,2.627734602356213e-06,0.8970247507095337,10.295534,10.297483205795288
2368,105.14130854606628,0.8970448,0.8970264196395874,5.046962087362772e-06,0.8970247507095337,10.295523,10.29735803604126
2369,105.18764686584473,0.8970503,0.8970286846160889,7.47135754863848e-06,0.8970247507095337,10.294968,10.297131538391113
2370,105.2326385974884,0.89705044,0.8970335125923157,9.17128363653319e-06,0.8970248103141785,10.294956,10.296648740768433
2371,105.2801148891449,0.89706826,0.8970425128936768,6.4264349930454046e-06,0.8970302939414978,10.293174,10.295748710632324
2372,105.32521677017212,0.89706826,0.8970471024513245,3.804384050454246e-06,0.8970447778701782,10.293174,10.295289754867554
2373,105.36421704292297,0.8970738,0.8970500826835632,5.885696737095714e-06,0.8970457315444946,10.29262,10.294991731643677
2374,105.42284369468689,0.89707476,0.8970550894737244,7.827848094166256e-06,0.8970503211021423,10.292524,10.294491052627563
2375,105.47044086456299,0.89709264,0.8970614075660706,1.0379203558841255e-05,0.8970514535903931,10.290736,10.293859243392944
2376,105.51498317718506,0.8970938,0.8970731496810913,5.940465598541778e-06,0.8970637917518616,10.290623,10.29268503189087
2377,105.56285762786865,0.8970954,0.8970790505409241,7.351350632234244e-06,0.8970736265182495,10.290462,10.292094945907593
2378,105.60832571983337,0.8970954,0.8970843553543091,8.199999683711212e-06,0.8970746994018555,10.290462,10.291564464569092
2379,105.64633059501648,0.89711416,0.8970926403999329,3.1236083941621473e-06,0.8970870971679688,10.288584,10.290735960006714
2380,105.69215202331543,0.89711523,0.8970959782600403,6.427364951377967e-06,0.8970926403999329,10.288477,10.290402173995972
2381,105.73759031295776,0.89711535,0.8970999121665955,9.129365025728475e-06,0.897093653678894,10.2884655,10.290008783340454
2382,105.78395795822144,0.8971187,0.8971074819564819,9.45535703067435e-06,0.8970944285392761,10.288132,10.289251804351807
2383,105.82873868942261,0.89712,0.8971154093742371,8.281599548354279e-07,0.8971141576766968,10.288,10.288459062576294
2384,105.8711748123169,0.89712,0.8971158266067505,1.2022975397485425e-06,0.8971151113510132,10.288,10.288417339324951
2385,105.90930223464966,0.8971255,0.8971165418624878,1.6783920955276699e-06,0.8971152305603027,10.287452,10.28834581375122
2386,105.95422172546387,0.897129,0.8971182107925415,2.1669193301931955e-06,0.8971154689788818,10.2871,10.28817892074585
2387,105.99975657463074,0.89713204,0.8971201777458191,2.8537331218103645e-06,0.8971186876296997,10.286797,10.28798222541809
2388,106.04510378837585,0.8971325,0.8971224427223206,4.107169388589682e-06,0.8971189260482788,10.286749,10.287755727767944
2389,106.09789609909058,0.8971325,0.8971263766288757,3.3257399536523735e-06,0.8971201181411743,10.286749,10.287362337112427
2390,106.13694190979004,0.8971325,0.8971297144889832,1.341135998700338e-06,0.8971258401870728,10.286749,10.287028551101685
2391,106.17370963096619,0.89713335,0.8971306681632996,1.453712002330576e-06,0.8971291184425354,10.286665,10.286933183670044
2392,106.21818733215332,0.89713335,0.8971320986747742,6.216592964847223e-07,0.8971302509307861,10.286665,10.286790132522583
2393,106.25629210472107,0.89713335,0.8971325159072876,2.673974393019307e-07,0.8971322774887085,10.286665,10.28674840927124
2394,106.29413294792175,0.8971354,0.8971326947212219,3.760742401937023e-07,0.8971325159072876,10.286463,10.286730527877808
2395,106.33771824836731,0.8971354,0.897132933139801,4.412189866798144e-07,0.8971325159072876,10.286463,10.286706686019897
2396,106.3782365322113,0.8971354,0.8971333503723145,3.8729760376554623e-07,0.8971331119537354,10.286463,10.286664962768555
2397,106.41590142250061,0.89716995,0.8971337676048279,2.2353513031703187e-06,0.8971333503723145,10.283005,10.286623239517212
2398,106.4600281715393,0.89716995,0.8971343636512756,3.7748172871943098e-06,0.8971333503723145,10.283005,10.286563634872437
2399,106.49809074401855,0.8971703,0.8971364498138428,7.123423984012334e-06,0.8971333503723145,10.282969,10.286355018615723
2400,106.54086565971375,0.8971703,0.897140383720398,1.1323135368002113e-05,0.8971353769302368,10.282969,10.285961627960205
2401,106.58124804496765,0.8971728,0.8971466422080994,1.5228529264277313e-05,0.8971362113952637,10.282719,10.285335779190063
2402,106.62559342384338,0.8971771,0.8971592783927917,1.55335983436089e-05,0.8971362113952637,10.2822895,10.284072160720825
2403,106.67121481895447,0.8971771,0.8971713185310364,1.7146368236353737e-06,0.8971699476242065,10.2822895,10.282868146896362
2404,106.71130084991455,0.8971771,0.8971731066703796,1.607838044037635e-06,0.8971703052520752,10.2822895,10.282689332962036
2405,106.74935603141785,0.89717805,0.8971741199493408,1.7493645145805203e-06,0.8971728086471558,10.282194,10.282588005065918
2406,106.79452300071716,0.89717805,0.8971756100654602,1.7719074776323396e-06,0.8971731662750244,10.282194,10.28243899345398
2407,106.83226895332336,0.89717996,0.8971773386001587,4.0943390899883525e-07,0.8971771001815796,10.282003,10.28226613998413
2408,106.87730813026428,0.8971816,0.8971775770187378,7.662862913093704e-07,0.8971771001815796,10.281843,10.28224229812622
2409,106.92409253120422,0.8971925,0.8971782922744751,1.4200811619957676e-06,0.8971772789955139,10.280752,10.28217077255249
2410,106.96943211555481,0.8972358,0.8971794247627258,3.885742899001343e-06,0.8971774578094482,10.276419,10.282057523727417
2411,107.0154619216919,0.8972429,0.8971816897392273,7.1654885687166825e-06,0.8971784114837646,10.275709,10.28183102607727
2412,107.06122279167175,0.89724374,0.8971850275993347,1.0910169294220395e-05,0.8971799612045288,10.275626,10.281497240066528
2413,107.10499095916748,0.8972576,0.8971933126449585,1.970227458514273e-05,0.8971815705299377,10.274238,10.28066873550415
2414,107.14946985244751,0.8972613,0.897208571434021,2.5997538614319637e-05,0.8971834182739258,10.273868,10.2791428565979
2415,107.19253325462341,0.8972629,0.8972317576408386,2.6305353458155878e-05,0.8971934914588928,10.273713,10.276824235916138
2416,107.23686218261719,0.8972629,0.8972548842430115,5.992224032524973e-06,0.8972437381744385,10.273713,10.274511575698853
2417,107.27513527870178,0.8972638,0.8972599506378174,1.7828044747147942e-06,0.8972569704055786,10.273618,10.274004936218262
2418,107.32079195976257,0.8972638,0.8972616195678711,8.938060886976018e-07,0.8972599506378174,10.273618,10.27383804321289
2419,107.35983204841614,0.8972638,0.897262692451477,6.707425654894905e-07,0.8972613215446472,10.273618,10.273730754852295
2420,107.39746141433716,0.8972638,0.8972631096839905,3.578727501007961e-07,0.8972628712654114,10.273618,10.273689031600952
2421,107.43462347984314,0.8972664,0.8972635269165039,3.4283465311091277e-07,0.8972628712654114,10.273361,10.27364730834961
2422,107.47974443435669,0.8972664,0.8972637057304382,2.6874974423662934e-07,0.8972635269165039,10.273361,10.273629426956177
2423,107.5171685218811,0.8972826,0.8972639441490173,1.1453003025962971e-06,0.8972638249397278,10.27174,10.273605585098267
2424,107.56593704223633,0.8973046,0.8972644209861755,3.3665651244518813e-06,0.8972638249397278,10.269541,10.273557901382446
2425,107.61211133003235,0.8973046,0.8972659111022949,5.979674369882559e-06,0.8972638249397278,10.269541,10.273408889770508
2426,107.65085506439209,0.8973071,0.8972690105438232,1.029826125886757e-05,0.8972640633583069,10.26929,10.273098945617676
2427,107.69691109657288,0.8973078,0.8972765803337097,1.5197547327261418e-05,0.8972640633583069,10.269218,10.272341966629028
2428,107.74342155456543,0.89730805,0.8972888588905334,1.67939124366967e-05,0.8972670435905457,10.269195,10.271114110946655
2429,107.78982925415039,0.89730805,0.8973051309585571,3.5779053177975584e-06,0.8972910046577454,10.269195,10.269486904144287
2430,107.8273856639862,0.89730805,0.8973075151443481,3.003959250236221e-07,0.8973070979118347,10.269195,10.269248485565186
2431,107.8653199672699,0.8973119,0.8973077535629272,3.879367227455077e-07,0.8973075151443481,10.268807,10.269224643707275
2432,107.91020274162292,0.8973119,0.8973079323768616,5.473904707287147e-07,0.897307813167572,10.268807,10.269206762313843
2433,107.94786858558655,0.8973126,0.897308349609375,1.0716382803366287e-06,0.8973080515861511,10.268742,10.2691650390625
2434,107.994225025177,0.8973185,0.8973089456558228,1.7874904187920038e-06,0.8973080515861511,10.268152,10.269105434417725
2435,108.0389518737793,0.8973185,0.8973104357719421,2.2739964151696768e-06,0.8973080515861511,10.268152,10.268956422805786
2436,108.07763767242432,0.89732665,0.8973129391670227,1.9913848063879414e-06,0.8973113894462585,10.267335,10.26870608329773
2437,108.12176418304443,0.89732695,0.8973146677017212,3.136735131192836e-06,0.897312343120575,10.267305,10.26853322982788
2438,108.16618824005127,0.8973272,0.8973177075386047,4.130073648411781e-06,0.8973128795623779,10.267282,10.268229246139526
2439,108.21234512329102,0.8973331,0.8973214030265808,3.976823791163042e-06,0.8973165154457092,10.266691,10.267859697341919
2440,108.25816082954407,0.8973396,0.8973253965377808,2.292580575158354e-06,0.8973223567008972,10.266042,10.267460346221924
2441,108.30273246765137,0.89734215,0.8973276615142822,2.2223216546990443e-06,0.897326648235321,10.265785,10.267233848571777
2442,108.35044765472412,0.8973435,0.8973289132118225,3.649092832347378e-06,0.8973270058631897,10.265648,10.267108678817749
2443,108.39616060256958,0.89734477,0.8973315954208374,5.382107246987289e-06,0.897327184677124,10.265523,10.26684045791626
2444,108.44046568870544,0.8973493,0.8973367810249329,5.251205948297866e-06,0.8973293304443359,10.26507,10.266321897506714
2445,108.48643231391907,0.89734954,0.8973423838615417,3.755505304070539e-06,0.8973332047462463,10.265046,10.265761613845825
2446,108.53267884254456,0.8973542,0.8973457217216492,2.8035333343723323e-06,0.8973426818847656,10.264582,10.265427827835083
2447,108.57859897613525,0.8973563,0.8973486423492432,1.8744915450952249e-06,0.8973448872566223,10.264373,10.265135765075684
2448,108.62479066848755,0.8973564,0.8973503112792969,2.119498276442755e-06,0.8973488807678223,10.26436,10.264968872070312
2449,108.66908121109009,0.89735645,0.8973523378372192,2.753725993898115e-06,0.8973495364189148,10.264355,10.264766216278076
2450,108.71330618858337,0.8973612,0.8973550796508789,1.9324213553773006e-06,0.8973516225814819,10.263878,10.26449203491211
2451,108.75899696350098,0.8973612,0.8973568081855774,1.660207658460422e-06,0.8973556160926819,10.263878,10.26431918144226
2452,108.79679107666016,0.8973612,0.8973578810691833,2.0840993784077e-06,0.8973562717437744,10.263878,10.264211893081665
2453,108.8344476222992,0.8973612,0.8973595499992371,2.0621785097318934e-06,0.897356390953064,10.263878,10.264045000076294
2454,108.87173342704773,0.8973671,0.8973610997200012,3.9278137364817667e-07,0.8973608016967773,10.2632885,10.263890027999878
2455,108.91775345802307,0.8973675,0.8973613977432251,8.505506912115379e-07,0.897361159324646,10.263252,10.26386022567749
2456,108.96145915985107,0.8973675,0.8973618149757385,1.7286500906266156e-06,0.8973612189292908,10.263252,10.263818502426147
2457,108.99934363365173,0.8973675,0.8973625302314758,2.517228722354048e-06,0.8973612189292908,10.263252,10.263746976852417
2458,109.03808426856995,0.8973686,0.8973641991615295,3.042620392079698e-06,0.8973612189292908,10.263139,10.263580083847046
2459,109.08367705345154,0.8973737,0.8973672986030579,4.508167705807864e-07,0.8973671197891235,10.262632,10.263270139694214
2460,109.1298520565033,0.89737374,0.8973677158355713,7.068433660606388e-07,0.8973674774169922,10.262627,10.263228416442871
2461,109.17304563522339,0.89737374,0.8973680138587952,1.3309607993505779e-06,0.8973674774169922,10.262627,10.263198614120483
2462,109.21167659759521,0.89737517,0.8973687887191772,2.0868749288638355e-06,0.8973674774169922,10.262484,10.263121128082275
2463,109.25721335411072,0.89737517,0.8973703980445862,2.5887115953082684e-06,0.8973674774169922,10.262484,10.262960195541382
2464,109.29384326934814,0.89737517,0.8973727226257324,2.50733933171432e-06,0.8973689079284668,10.262484,10.262727737426758
2465,109.33115696907043,0.89737517,0.89737468957901,6.793218858547334e-07,0.8973737359046936,10.262484,10.262531042098999
2466,109.3689341545105,0.89737517,0.897375226020813,5.960464477539063e-08,0.8973751664161682,10.262484,10.262477397918701
2467,109.4063048362732,0.89739084,0.8973752856254578,9.150632536147896e-07,0.8973751664161682,10.260916,10.262471437454224
2468,109.45108842849731,0.89739084,0.8973755240440369,2.0288969153625658e-06,0.8973751664161682,10.260916,10.262447595596313
2469,109.48794555664062,0.89739084,0.8973763585090637,3.948519406549167e-06,0.8973751664161682,10.260916,10.262364149093628
2470,109.52537631988525,0.89739084,0.8973780870437622,6.092033800086938e-06,0.8973751664161682,10.260916,10.26219129562378
2471,109.56349754333496,0.8973909,0.8973817229270935,7.70945189287886e-06,0.8973751664161682,10.26091,10.26182770729065
2472,109.60970401763916,0.8973986,0.8973888754844666,5.094683729112148e-06,0.8973751664161682,10.260141,10.261112451553345
2473,109.65842461585999,0.8973986,0.8973908424377441,7.828120942576788e-07,0.8973908424377441,10.260141,10.260915756225586
2474,109.70044231414795,0.8974003,0.8973912000656128,1.762980105013412e-06,0.8973908424377441,10.259968,10.26087999343872
2475,109.7479817867279,0.8974004,0.8973920941352844,3.165949920003186e-06,0.8973908424377441,10.259962,10.260790586471558
2476,109.79280376434326,0.8974004,0.897394061088562,4.342798092693556e-06,0.8973908424377441,10.259962,10.260593891143799
2477,109.8308572769165,0.8974004,0.897398054599762,3.719833557624952e-06,0.8973909020423889,10.259962,10.260194540023804
2478,109.86841940879822,0.8974004,0.8974003195762634,3.2143230299652714e-08,0.8974003195762634,10.259962,10.259968042373657
2479,109.90479373931885,0.8974004,0.8974003195762634,4.7281616843974916e-08,0.8974003195762634,10.259962,10.259968042373657
2480,109.94202423095703,0.8974004,0.8974003195762634,5.960464477539063e-08,0.8974003791809082,10.259962,10.259968042373657
2481,109.9792046546936,0.897415,0.8974003195762634,8.577798666919989e-07,0.8974003791809082,10.258502,10.259968042373657
2482,110.0246934890747,0.8974339,0.8974006175994873,2.581382887001382e-06,0.8974003791809082,10.256613,10.25993824005127
2483,110.0684072971344,0.8974339,0.8974019885063171,5.934598902967991e-06,0.8974003791809082,10.256613,10.259801149368286
2484,110.10484766960144,0.89743435,0.897405743598938,1.1031549547624309e-05,0.8974003791809082,10.256565,10.259425640106201
2485,110.14922952651978,0.89743745,0.8974125385284424,1.4310625374491792e-05,0.8974003791809082,10.256254,10.258746147155762
2486,110.19591283798218,0.8974415,0.8974257707595825,1.1052176887460519e-05,0.8974039554595947,10.25585,10.257422924041748
2487,110.23986029624939,0.89744824,0.897434651851654,1.9843744212266756e-06,0.897433876991272,10.255176,10.256534814834595
2488,110.28719449043274,0.89745325,0.897436261177063,3.627654905358213e-06,0.897433876991272,10.254675,10.256373882293701
2489,110.33386373519897,0.8974568,0.8974391222000122,4.87077977595618e-06,0.8974343538284302,10.254317,10.25608777999878
2490,110.37739729881287,0.8974568,0.8974432945251465,6.002226655255072e-06,0.8974374532699585,10.254317,10.255670547485352
2491,110.41458344459534,0.8974614,0.8974494934082031,3.837151780317072e-06,0.8974422216415405,10.253859,10.255050659179688
2492,110.46021580696106,0.8974614,0.897453248500824,2.7691626200976316e-06,0.8974482417106628,10.253859,10.254675149917603
2493,110.49810457229614,0.8974614,0.897455632686615,2.1183664102863986e-06,0.897453248500824,10.253859,10.254436731338501
2494,110.53505396842957,0.89747775,0.8974575996398926,1.97257281797647e-06,0.8974568247795105,10.252226,10.254240036010742
2495,110.58020329475403,0.89747775,0.8974589705467224,2.5889728476613527e-06,0.8974568247795105,10.252226,10.254102945327759
2496,110.61862874031067,0.8974822,0.8974613547325134,2.8140523227193626e-06,0.8974578380584717,10.251779,10.253864526748657
2497,110.66411685943604,0.8974828,0.8974632024765015,5.4287984312395565e-06,0.8974614143371582,10.2517185,10.253679752349854
2498,110.71011757850647,0.8974828,0.8974663615226746,8.322029316332191e-06,0.8974614143371582,10.2517185,10.253363847732544
2499,110.74809861183167,0.8974828,0.8974725604057312,9.677243724581786e-06,0.8974618911743164,10.2517185,10.25274395942688
2500,110.78647685050964,0.8974828,0.8974819183349609,1.7132778111772495e-06,0.8974777460098267,10.2517185,10.251808166503906
2501,110.83266258239746,0.8974828,0.8974827527999878,1.3436363133223495e-07,0.8974823355674744,10.2517185,10.25172472000122
2502,110.87112641334534,0.8974828,0.8974827527999878,5.960464477539063e-08,0.8974828124046326,10.2517185,10.25172472000122
2503,110.90701222419739,0.8974884,0.8974827527999878,3.3555815548425016e-07,0.8974828124046326,10.251159,10.25172472000122
2504,110.95089745521545,0.8974884,0.8974829316139221,6.504886300717772e-07,0.8974828124046326,10.251159,10.251706838607788
2505,110.98868346214294,0.8974884,0.8974831700325012,1.3081837550998898e-06,0.8974828124046326,10.251159,10.251682996749878
2506,111.02550196647644,0.8974885,0.897483766078949,2.1067460238555213e-06,0.8974828124046326,10.251152,10.251623392105103
2507,111.07006168365479,0.89750373,0.8974850177764893,2.9247601105453214e-06,0.8974828124046326,10.249626,10.251498222351074
2508,111.11520838737488,0.89750373,0.8974872827529907,2.6955542580253677e-06,0.8974828124046326,10.249626,10.251271724700928
2509,111.15341138839722,0.8975217,0.8974889516830444,3.3564097066118848e-06,0.8974884152412415,10.247832,10.251104831695557
2510,111.19809031486511,0.89752173,0.8974916338920593,9.324728125648107e-06,0.8974884152412415,10.247827,10.250836610794067
2511,111.24376940727234,0.89758444,0.8974966406822205,1.4595669199479744e-05,0.8974884748458862,10.241556,10.250335931777954
2512,111.28979229927063,0.89758444,0.8975074291229248,1.7072812624974176e-05,0.8974884748458862,10.241556,10.24925708770752
2513,111.32908344268799,0.8975849,0.8975237607955933,9.620046512281988e-06,0.8975216746330261,10.2415085,10.247623920440674
2514,111.3744592666626,0.89760584,0.8975292444229126,1.8563163393992e-05,0.8975217342376709,10.239416,10.24707555770874
2515,111.4205994606018,0.89761734,0.8975406289100647,2.664535350049846e-05,0.8975217342376709,10.238266,10.24593710899353
2516,111.46755576133728,0.8976174,0.8975645303726196,2.601687447167933e-05,0.8975217342376709,10.23826,10.243546962738037
2517,111.5124523639679,0.8976174,0.8975884318351746,1.5747707948321477e-05,0.8975733518600464,10.23826,10.241156816482544
2518,111.55269169807434,0.8976174,0.8976020812988281,1.2917093954456504e-05,0.8975844383239746,10.23826,10.239791870117188
2519,111.59076046943665,0.8976174,0.8976126909255981,5.635458819597261e-06,0.897605836391449,10.23826,10.238730907440186
2520,111.629399061203,0.8976241,0.8976174592971802,3.9560930531479244e-07,0.8976173400878906,10.237593,10.238254070281982
2521,111.67581868171692,0.8976241,0.8976174592971802,6.80104108141677e-07,0.8976173996925354,10.237593,10.238254070281982
2522,111.71693921089172,0.8976241,0.8976178765296936,1.4866697028992348e-06,0.8976173996925354,10.237593,10.23821234703064
2523,111.7600827217102,0.8976241,0.8976185321807861,2.3436537048837636e-06,0.8976173996925354,10.237593,10.238146781921387
2524,111.80237030982971,0.8976261,0.8976197242736816,3.093928626185516e-06,0.8976173996925354,10.23739,10.238027572631836
2525,111.85498785972595,0.8976304,0.8976222276687622,2.9207456009316957e-06,0.8976173996925354,10.23696,10.23777723312378
2526,111.92124915122986,0.8976304,0.8976245522499084,1.2227577599333017e-06,0.8976240754127502,10.23696,10.237544775009155
2527,111.96659350395203,0.8976371,0.8976253867149353,2.3860311557655223e-06,0.8976240754127502,10.236287,10.23746132850647
2528,112.01405191421509,0.8976371,0.8976269364356995,3.5290629512019223e-06,0.8976240754127502,10.236287,10.237306356430054
2529,112.05471658706665,0.8976614,0.8976304531097412,4.219121365167666e-06,0.8976261019706726,10.233861,10.236954689025879
2530,112.10223746299744,0.8976667,0.8976340889930725,5.8166815506410785e-06,0.8976293802261353,10.233331,10.236591100692749
2531,112.14893674850464,0.8976797,0.8976398706436157,7.4303720793977845e-06,0.8976303935050964,10.232031,10.236012935638428
2532,112.19484376907349,0.8976814,0.8976457118988037,1.1570298738661222e-05,0.897637128829956,10.231858,10.235428810119629
2533,112.24140357971191,0.8976867,0.8976544141769409,1.4924055903975386e-05,0.8976423740386963,10.231328,10.234558582305908
2534,112.29044365882874,0.8976867,0.897669792175293,1.3160564776626416e-05,0.8976441025733948,10.231328,10.233020782470703
2535,112.33054304122925,0.8976929,0.8976811170578003,3.889913841703674e-06,0.8976744413375854,10.230708,10.23188829421997
2536,112.37790274620056,0.8976929,0.8976845145225525,2.9264629120007157e-06,0.8976814150810242,10.230708,10.231548547744751
2537,112.41805243492126,0.8976929,0.897687554359436,1.9062142655457137e-06,0.8976867198944092,10.230708,10.231244564056396
2538,112.4591794013977,0.8976987,0.8976884484291077,2.8104589091526577e-06,0.8976867198944092,10.23013,10.231155157089233
2539,112.50668525695801,0.8976987,0.8976905345916748,3.0752457860216964e-06,0.8976867198944092,10.23013,10.23094654083252
2540,112.54629254341125,0.8977049,0.8976931571960449,1.470200004405342e-06,0.8976929187774658,10.22951,10.230684280395508
2541,112.59374356269836,0.8977049,0.8976942896842957,3.178640326950699e-06,0.8976929187774658,10.22951,10.230571031570435
2542,112.63344740867615,0.8977049,0.8976965546607971,4.744978923554299e-06,0.8976929187774658,10.22951,10.230344533920288
2543,112.67242693901062,0.89770716,0.8977010250091553,4.4821335904998705e-06,0.8976948261260986,10.229283,10.229897499084473
2544,112.71983122825623,0.89770913,0.8977054953575134,9.083133818421629e-07,0.8977048993110657,10.229087,10.229450464248657
2545,112.76688432693481,0.89770913,0.8977059125900269,1.1633532039923011e-06,0.8977048993110657,10.229087,10.229408740997314
2546,112.80647039413452,0.8977123,0.8977071642875671,8.731421985430643e-07,0.8977048993110657,10.228771,10.229283571243286
2547,112.85245013237,0.8977123,0.8977077603340149,1.0632725206960458e-06,0.8977071642875671,10.228771,10.22922396659851
2548,112.8921582698822,0.89771426,0.8977085947990417,1.3802296052745078e-06,0.8977071642875671,10.228575,10.229140520095825
2549,112.93900966644287,0.89771426,0.897709846496582,1.3814592421113048e-06,0.8977091312408447,10.228575,10.229015350341797
2550,112.98120522499084,0.8977145,0.8977108001708984,1.8756595636659767e-06,0.8977091312408447,10.22855,10.228919982910156
2551,113.02748465538025,0.8977152,0.897712767124176,1.3114128023516969e-06,0.8977093696594238,10.228479,10.228723287582397
2552,113.07578444480896,0.89771545,0.8977137804031372,8.758574949752074e-07,0.8977122902870178,10.228455,10.22862195968628
2553,113.12211155891418,0.89771783,0.8977144360542297,3.744319201359758e-07,0.8977142572402954,10.228216,10.228556394577026
2554,113.16941332817078,0.89774287,0.8977148532867432,1.7257780200452544e-06,0.8977142572402954,10.225714,10.228514671325684
2555,113.21483206748962,0.89774287,0.8977154493331909,3.326541900605662e-06,0.8977144956588745,10.225714,10.228455066680908
2556,113.25417923927307,0.89774364,0.8977171182632446,6.048254817869747e-06,0.8977152109146118,10.225636,10.228288173675537
2557,113.30065083503723,0.897747,0.8977210521697998,1.020548188535031e-05,0.8977154493331909,10.225302,10.22789478302002
2558,113.34804463386536,0.8977478,0.897727906703949,1.267759216716513e-05,0.897716760635376,10.225219,10.227209329605103
2559,113.39334177970886,0.8977495,0.8977383971214294,1.1180341971339658e-05,0.897718608379364,10.225052,10.226160287857056
2560,113.4404706954956,0.8977497,0.897746205329895,1.7412620536561008e-06,0.8977436423301697,10.225028,10.225379467010498
2561,113.48588538169861,0.8977497,0.897747814655304,9.594884886610089e-07,0.8977466821670532,10.225028,10.225218534469604
2562,113.52277374267578,0.8977497,0.8977488875389099,7.293092494364828e-07,0.897747814655304,10.225028,10.225111246109009
2563,113.56105375289917,0.8977497,0.8977494835853577,3.6459664443100337e-07,0.8977488875389099,10.225028,10.225051641464233
2564,113.60116195678711,0.8977497,0.8977498412132263,1.1920928955078125e-07,0.8977497220039368,10.225028,10.225015878677368
2565,113.63841509819031,0.8977497,0.8977498412132263,1.1920928955078125e-07,0.8977497220039368,10.225028,10.225015878677368
2566,113.67739605903625,0.8977585,0.8977498412132263,5.179091431273264e-07,0.8977497220039368,10.224152,10.225015878677368
2567,113.72393298149109,0.8977585,0.8977499008178711,7.29963403500733e-07,0.8977497220039368,10.224152,10.22500991821289
2568,113.76288032531738,0.8977585,0.8977500200271606,1.3384324120124802e-06,0.8977497220039368,10.224152,10.224997997283936
2569,113.8015923500061,0.8977585,0.8977505564689636,2.4811313323880313e-06,0.8977497220039368,10.224152,10.224944353103638
2570,113.84104108810425,0.8977585,0.8977518081665039,3.5410766940913163e-06,0.8977497220039368,10.224152,10.22481918334961
2571,113.88433790206909,0.8977587,0.8977540731430054,4.121878191654105e-06,0.8977497220039368,10.224128,10.224592685699463
2572,113.9405038356781,0.8977587,0.8977582454681396,5.391830200096592e-07,0.8977572917938232,10.224128,10.224175453186035
2573,113.9804937839508,0.89776236,0.897758424282074,2.4432611667180026e-07,0.8977584838867188,10.223764,10.224157571792603
2574,114.02639865875244,0.89776236,0.8977585434913635,3.2287641715811333e-07,0.8977584838867188,10.223764,10.224145650863647
2575,114.06503176689148,0.8977637,0.8977587223052979,7.184711989793868e-07,0.8977584838867188,10.223627,10.224127769470215
2576,114.11271381378174,0.8977655,0.8977590799331665,1.328438997916237e-06,0.8977585434913635,10.223448,10.22409200668335
2577,114.17281293869019,0.897772,0.8977599143981934,2.1206440123933135e-06,0.8977587223052979,10.222798,10.224008560180664
2578,114.22256755828857,0.8977773,0.8977615237236023,3.217842504454893e-06,0.8977587223052979,10.222268,10.22384762763977
2579,114.26980233192444,0.8977773,0.8977648615837097,3.303031235191156e-06,0.8977623581886292,10.222268,10.223513841629028
2580,114.30817890167236,0.8977778,0.8977673649787903,4.67904465040192e-06,0.897763729095459,10.22222,10.223263502120972
2581,114.3577811717987,0.89778364,0.8977711200714111,5.239610345597612e-06,0.8977651596069336,10.221636,10.222887992858887
2582,114.40545606613159,0.8977864,0.8977764844894409,2.113862137775868e-06,0.8977720141410828,10.221362,10.222351551055908
2583,114.45190072059631,0.89778936,0.8977781534194946,1.9941940081480425e-06,0.8977773189544678,10.221064,10.222184658050537
2584,114.49842524528503,0.8977912,0.8977795243263245,3.794589019889827e-06,0.8977777361869812,10.22088,10.222047567367554
2585,114.54518389701843,0.8978028,0.8977817893028259,5.197177870286396e-06,0.897777795791626,10.219717,10.221821069717407
2586,114.59115386009216,0.89780337,0.8977866768836975,4.7770167839189526e-06,0.897777795791626,10.219664,10.221332311630249
2587,114.63638949394226,0.8978039,0.8977907299995422,3.6151325275568524e-06,0.8977890014648438,10.21961,10.220927000045776
2588,114.68209028244019,0.8978039,0.8977932333946228,5.2588416110666e-06,0.8977894186973572,10.21961,10.22067666053772
2589,114.72181677818298,0.89780766,0.8977977633476257,5.081620201963233e-06,0.8977900743484497,10.219234,10.220223665237427
2590,114.77034544944763,0.8978144,0.8978029489517212,1.8603085436552647e-06,0.8977994322776794,10.218561,10.21970510482788
2591,114.81786704063416,0.8978144,0.8978047370910645,2.929392167061451e-06,0.8978033661842346,10.218561,10.219526290893555
2592,114.85698986053467,0.89781713,0.8978065848350525,4.274123512004735e-06,0.8978038430213928,10.2182865,10.219341516494751
2593,114.90396404266357,0.89781713,0.8978100419044495,4.607687060342869e-06,0.8978039026260376,10.2182865,10.218995809555054
2594,114.94234657287598,0.89781713,0.8978142738342285,7.428611752402503e-07,0.8978116512298584,10.2182865,10.218572616577148
2595,114.98111462593079,0.89781713,0.8978146910667419,8.813794920570217e-07,0.8978143930435181,10.2182865,10.218530893325806
2596,115.02015161514282,0.89781713,0.8978151082992554,1.2364549775156775e-06,0.8978143930435181,10.2182865,10.218489170074463
2597,115.05862069129944,0.89781713,0.8978160619735718,1.318559839091904e-06,0.8978143930435181,10.2182865,10.218393802642822
2598,115.09829044342041,0.89781713,0.8978171944618225,5.960464477539063e-08,0.8978171348571777,10.2182865,10.218280553817749
2599,115.13772892951965,0.89781713,0.8978171944618225,5.960464477539063e-08,0.8978171348571777,10.2182865,10.218280553817749
2600,115.1740357875824,0.89781713,0.8978171944618225,5.960464477539063e-08,0.8978171348571777,10.2182865,10.218280553817749
2601,115.21325302124023,0.89781713,0.8978171944618225,5.960464477539063e-08,0.8978171348571777,10.2182865,10.218280553817749
2602,115.25342631340027,0.89781713,0.8978171944618225,5.960464477539063e-08,0.8978171348571777,10.2182865,10.218280553817749
2603,115.29342579841614,0.89781713,0.8978171944618225,5.960464477539063e-08,0.8978171348571777,10.2182865,10.218280553817749
2604,115.33336281776428,0.89781713,0.8978171944618225,5.960464477539063e-08,0.8978171348571777,10.2182865,10.218280553817749
2605,115.37200093269348,0.89781713,0.8978171944618225,5.960464477539063e-08,0.8978171348571777,10.2182865,10.218280553817749
2606,115.41175556182861,0.89781713,0.8978171944618225,5.960464477539063e-08,0.8978171348571777,10.2182865,10.218280553817749
2607,115.4511399269104,0.89781773,0.8978171944618225,6.722676459958166e-08,0.8978171348571777,10.218227,10.218280553817749
2608,115.49777817726135,0.89781773,0.8978171944618225,7.406863744563452e-08,0.8978171348571777,10.218227,10.218280553817749
2609,115.53626441955566,0.89786243,0.8978173732757568,2.6390939638076816e-06,0.8978171348571777,10.213757,10.218262672424316
2610,115.58327317237854,0.89788634,0.8978180885314941,7.111959803296486e-06,0.8978171348571777,10.211367,10.218191146850586
2611,115.62893533706665,0.89788634,0.897819995880127,1.2411625903041568e-05,0.8978171348571777,10.211367,10.218000411987305
2612,115.66720175743103,0.8978964,0.8978267312049866,2.2704940420226194e-05,0.8978171348571777,10.21036,10.217326879501343
2613,115.71519756317139,0.89789695,0.8978405594825745,3.203234518878162e-05,0.8978171348571777,10.210305,10.215944051742554
2614,115.76346254348755,0.89789695,0.8978680372238159,3.135876977466978e-05,0.8978177309036255,10.210305,10.213196277618408
2615,115.80212688446045,0.8978972,0.8978922367095947,5.0731300689221825e-06,0.8978818655014038,10.210281,10.210776329040527
2616,115.84819316864014,0.8978972,0.8978967070579529,2.651624129157426e-07,0.897896409034729,10.210281,10.210329294204712
2617,115.8854866027832,0.8978977,0.8978968858718872,9.539023437810101e-08,0.897896945476532,10.210228,10.21031141281128
2618,115.93020486831665,0.8978977,0.8978968858718872,2.0284532809000666e-07,0.897896945476532,10.210228,10.21031141281128
2619,115.96909880638123,0.8979217,0.8978971242904663,1.4602683222619817e-06,0.897896945476532,10.207832,10.21028757095337
2620,116.01581907272339,0.8979217,0.8978974223136902,2.0326308458606945e-06,0.897896945476532,10.207832,10.210257768630981
2621,116.05444931983948,0.8979223,0.8978981375694275,3.3690839700284414e-06,0.8978971838951111,10.207772,10.210186243057251
2622,116.10035586357117,0.8979223,0.8978998064994812,6.625234163948335e-06,0.8978977203369141,10.207772,10.21001935005188
2623,116.13836121559143,0.8979223,0.8979030251502991,9.54355527937878e-06,0.8978977203369141,10.207772,10.209697484970093
2624,116.17554068565369,0.8979223,0.8979091644287109,1.1193221325811464e-05,0.8978977203369141,10.207772,10.209083557128906
2625,116.21297526359558,0.8979223,0.8979207873344421,2.660923883013311e-06,0.8979049324989319,10.207772,10.207921266555786
2626,116.25166821479797,0.89794266,0.8979223370552063,1.4724666925758356e-06,0.8979216814041138,10.205734,10.20776629447937
2627,116.29605007171631,0.89794266,0.897923469543457,3.9380952330247965e-06,0.8979222774505615,10.205734,10.207653045654297
2628,116.33325290679932,0.8979478,0.8979255557060242,6.4062001001730096e-06,0.8979222774505615,10.205221,10.207444429397583
2629,116.37828302383423,0.8979482,0.8979294896125793,8.422491191595327e-06,0.8979222774505615,10.205179,10.207051038742065
2630,116.42296838760376,0.8979482,0.8979371786117554,7.227863989101024e-06,0.8979268670082092,10.205179,10.206282138824463
2631,116.46013736724854,0.8979482,0.8979442119598389,2.47954562837549e-06,0.8979422450065613,10.205179,10.205578804016113
2632,116.49607539176941,0.8979482,0.8979461789131165,2.4021667286433512e-06,0.8979426622390747,10.205179,10.205382108688354
2633,116.53275918960571,0.8979482,0.8979479670524597,2.1847662878826668e-07,0.8979477882385254,10.205179,10.205203294754028
2634,116.57051491737366,0.8979918,0.8979483842849731,2.5398467187187634e-06,0.8979482054710388,10.200823,10.205161571502686
2635,116.61515974998474,0.8979918,0.8979488015174866,5.052412689110497e-06,0.8979482054710388,10.200823,10.205119848251343
2636,116.6523814201355,0.897996,0.8979507684707642,1.0055058737634681e-05,0.8979482054710388,10.200399,10.204923152923584
2637,116.6976535320282,0.897996,0.8979557752609253,1.6445974324597046e-05,0.8979482054710388,10.200399,10.20442247390747
2638,116.73584532737732,0.898,0.8979656100273132,2.175559347961098e-05,0.8979482054710388,10.2,10.203438997268677
2639,116.78220534324646,0.89800006,0.8979852199554443,1.7969061445910484e-05,0.8979504704475403,10.199994,10.201478004455566
2640,116.82714772224426,0.89800006,0.8979967832565308,1.3960708429294755e-06,0.8979939818382263,10.199994,10.200321674346924
2641,116.86438536643982,0.89800227,0.8979977965354919,1.6892377061594743e-06,0.8979960083961487,10.199774,10.200220346450806
2642,116.91035509109497,0.89800227,0.8979992270469666,1.2127252375648823e-06,0.8979982137680054,10.199774,10.200077295303345
2643,116.94774127006531,0.89800227,0.8980004787445068,9.527964266453637e-07,0.8980000019073486,10.199774,10.199952125549316
2644,116.98615312576294,0.898005,0.8980013132095337,1.1176148291269783e-06,0.8980000615119934,10.199499,10.19986867904663
2645,117.03207778930664,0.898005,0.8980021476745605,3.1239537179317267e-07,0.8980022668838501,10.199499,10.199785232543945
2646,117.06827974319458,0.898005,0.8980023860931396,4.980578296454041e-07,0.8980022668838501,10.199499,10.199761390686035
2647,117.10535287857056,0.89802414,0.898002564907074,1.5866505691519706e-06,0.8980022668838501,10.197586,10.199743509292603
2648,117.149254322052,0.89802414,0.8980032801628113,2.351226157770725e-06,0.8980022668838501,10.197586,10.199671983718872
2649,117.18700361251831,0.89802414,0.898004949092865,3.7468003029061947e-06,0.8980022668838501,10.197586,10.199505090713501
2650,117.22654867172241,0.8980291,0.8980079889297485,5.498838163475739e-06,0.8980050086975098,10.197091,10.199201107025146
2651,117.27135014533997,0.8980291,0.8980116844177246,7.810291208443232e-06,0.8980072736740112,10.197091,10.198831558227539
2652,117.30996012687683,0.898036,0.8980172872543335,9.499818588665221e-06,0.8980072736740112,10.1964,10.19827127456665
2653,117.35374522209167,0.89804095,0.8980270624160767,3.1145552839006996e-06,0.8980218768119812,10.195905,10.197293758392334
2654,117.39894914627075,0.89804095,0.8980304002761841,3.299576746940147e-06,0.8980268836021423,10.195905,10.196959972381592
2655,117.43643140792847,0.89804137,0.8980323672294617,4.899113264400512e-06,0.898029088973999,10.195864,10.196763277053833
2656,117.48161482810974,0.89804137,0.898036003112793,5.361262992664706e-06,0.898029088973999,10.195864,10.196399688720703
2657,117.52003908157349,0.89804673,0.8980409502983093,3.4977861673723964e-07,0.8980409502983093,10.195327,10.195904970169067
2658,117.56541705131531,0.89804673,0.8980409502983093,5.015876354264037e-07,0.8980409502983093,10.195327,10.195904970169067
2659,117.60348701477051,0.8980502,0.8980413675308228,1.1992734698651475e-06,0.8980409502983093,10.194981,10.195863246917725
2660,117.64811682701111,0.89805907,0.8980420231819153,2.2289427761279512e-06,0.8980411291122437,10.194093,10.195797681808472
2661,117.69510197639465,0.89805907,0.8980432748794556,3.1109664178075036e-06,0.8980413675308228,10.194093,10.195672512054443
2662,117.7331371307373,0.8980596,0.8980459570884705,3.8034454519220162e-06,0.8980413675308228,10.194039,10.195404291152954
2663,117.77951312065125,0.89806896,0.8980494737625122,4.361240371508757e-06,0.8980467319488525,10.193104,10.19505262374878
2664,117.82402563095093,0.89807487,0.8980536460876465,6.153738922876073e-06,0.8980473279953003,10.192513,10.194635391235352
2665,117.87210536003113,0.8980871,0.8980593681335449,6.581344223377528e-06,0.8980501890182495,10.191292,10.194063186645508
2666,117.91622114181519,0.8980894,0.8980662822723389,6.572638540092157e-06,0.898059070110321,10.191059,10.193371772766113
2667,117.96249008178711,0.8980894,0.8980728387832642,6.232940449990565e-06,0.898066520690918,10.191059,10.192716121673584
2668,118.00063347816467,0.8980898,0.8980786800384521,6.3022421272762585e-06,0.8980724811553955,10.191017,10.192131996154785
2669,118.0482108592987,0.8980898,0.8980847597122192,4.634530341718346e-06,0.8980748653411865,10.191017,10.191524028778076
2670,118.08749055862427,0.89810276,0.8980886340141296,1.3578919606516138e-06,0.8980870842933655,10.189724,10.191136598587036
2671,118.13358998298645,0.8981057,0.8980900645256042,2.672909886314301e-06,0.8980888724327087,10.189432,10.190993547439575
2672,118.1775643825531,0.8981057,0.898091733455658,4.727402483695187e-06,0.8980894088745117,10.189432,10.190826654434204
2673,118.21642732620239,0.8981057,0.8980945348739624,6.213093911355827e-06,0.8980898261070251,10.189432,10.19054651260376
2674,118.25441718101501,0.8981135,0.898099958896637,5.784791937912814e-06,0.8980900049209595,10.188651,10.190004110336304
2675,118.29989886283875,0.89811563,0.8981057405471802,2.4452647267025895e-06,0.8981032371520996,10.1884365,10.189425945281982
2676,118.3454008102417,0.8981208,0.8981077075004578,3.425099748710636e-06,0.8981055021286011,10.187918,10.189229249954224
2677,118.39029049873352,0.8981222,0.8981105089187622,4.291217010177206e-06,0.8981056809425354,10.18778,10.18894910812378
2678,118.43474888801575,0.89813113,0.8981148600578308,2.9655941489181714e-06,0.8981114029884338,10.186887,10.188513994216919
2679,118.47991132736206,0.89813113,0.8981176018714905,3.2611940241622506e-06,0.8981152176856995,10.186887,10.188239812850952
2680,118.51719403266907,0.89813685,0.8981205821037292,3.853136149700731e-06,0.898115873336792,10.186315,10.187941789627075
2681,118.56299567222595,0.89813906,0.898124098777771,4.173157776676817e-06,0.8981209993362427,10.186094,10.1875901222229
2682,118.6089859008789,0.89813906,0.8981271386146545,6.449799911933951e-06,0.8981226086616516,10.186094,10.187286138534546
2683,118.64738082885742,0.89813936,0.8981331586837769,6.676317298115464e-06,0.8981227874755859,10.186064,10.186684131622314
2684,118.69172382354736,0.89819133,0.8981390595436096,3.0625637919001747e-06,0.8981381058692932,10.180866,10.186094045639038
2685,118.73786759376526,0.89820975,0.8981397747993469,5.935099125053966e-06,0.8981390595436096,10.179025,10.186022520065308
2686,118.78492665290833,0.8982105,0.8981435298919678,1.6089052223833278e-05,0.8981390595436096,10.178947,10.185647010803223
2687,118.83124613761902,0.8982105,0.8981509804725647,2.554910497565288e-05,0.8981390595436096,10.178947,10.18490195274353
2688,118.87013697624207,0.8982105,0.8981665968894958,3.326870864839293e-05,0.8981390595436096,10.178947,10.183340311050415
2689,118.90703439712524,0.8982105,0.8982007503509521,2.0912721083732322e-05,0.8981393575668335,10.178947,10.179924964904785
2690,118.9452633857727,0.8982105,0.8982101678848267,2.238449354763361e-07,0.8982097506523132,10.178947,10.178983211517334
2691,118.98205351829529,0.8982105,0.8982104063034058,1.5654543972232204e-07,0.8982101678848267,10.178947,10.178959369659424
2692,119.01895904541016,0.8982165,0.8982104659080505,3.561040955446515e-07,0.8982105255126953,10.178351,10.178953409194946
2693,119.06259751319885,0.8982165,0.8982105851173401,4.903063199890312e-07,0.8982105255126953,10.178351,10.178941488265991
2694,119.0998899936676,0.8982173,0.8982105851173401,8.660028925078223e-07,0.8982105255126953,10.178268,10.178941488265991
2695,119.1465220451355,0.8982176,0.8982110023498535,1.7807681160775246e-06,0.8982105255126953,10.178238,10.178899765014648
2696,119.19129920005798,0.8982176,0.8982120156288147,2.7755329483625246e-06,0.8982105255126953,10.178238,10.17879843711853
2697,119.22862887382507,0.8982176,0.8982139229774475,3.365947804923053e-06,0.8982105255126953,10.178238,10.178607702255249
2698,119.26657485961914,0.8982176,0.8982172608375549,3.7618667647620896e-07,0.8982164859771729,10.178238,10.178273916244507
2699,119.30383372306824,0.8982179,0.8982175588607788,1.211199673889496e-07,0.8982173204421997,10.178208,10.17824411392212
2700,119.34835577011108,0.8982179,0.8982176780700684,6.811958996877365e-08,0.8982176184654236,10.178208,10.178232192993164
2701,119.38632798194885,0.89822304,0.8982176780700684,3.3102605812018737e-07,0.8982176184654236,10.177696,10.178232192993164
2702,119.43214774131775,0.8982495,0.8982178568840027,1.9322667412779992e-06,0.8982176184654236,10.175049,10.178214311599731
2703,119.47730803489685,0.8982497,0.8982183933258057,3.3174314921780024e-06,0.8982176184654236,10.175032,10.178160667419434
2704,119.52213478088379,0.8982506,0.8982195258140564,5.619220246444456e-06,0.8982179164886475,10.174942,10.17804741859436
2705,119.56856322288513,0.89825606,0.8982226252555847,9.710242920846213e-06,0.8982181549072266,10.174394,10.177737474441528
2706,119.61327958106995,0.89825606,0.8982293009757996,1.3313347153598443e-05,0.8982181549072266,10.174394,10.177069902420044
2707,119.65169525146484,0.89827067,0.8982403874397278,1.3417577974905726e-05,0.8982230424880981,10.172934,10.175961256027222
2708,119.698233127594,0.8982754,0.8982529640197754,4.514018201007275e-06,0.8982483148574829,10.172462,10.174703598022461
2709,119.74465036392212,0.8982789,0.8982570171356201,5.722627065551933e-06,0.8982511758804321,10.172111,10.174298286437988
2710,119.79018807411194,0.8982789,0.8982608318328857,7.3000874181161635e-06,0.8982560634613037,10.172111,10.173916816711426
2711,119.8290581703186,0.8982789,0.898266613483429,8.370226169063244e-06,0.8982565999031067,10.172111,10.173338651657104
2712,119.86586666107178,0.8982789,0.8982746601104736,2.6210038868157426e-06,0.8982706665992737,10.172111,10.172533988952637
2713,119.90410494804382,0.8982789,0.8982770442962646,1.5980943999238661e-06,0.898274838924408,10.172111,10.172295570373535
2714,119.94085836410522,0.8982789,0.8982787132263184,3.146213316540525e-07,0.8982776999473572,10.172111,10.172128677368164
2715,119.97901892662048,0.8982789,0.8982788920402527,0.0,0.8982788920402527,10.172111,10.172110795974731
2716,120.01567602157593,0.8982789,0.8982788920402527,0.0,0.8982788920402527,10.172111,10.172110795974731
2717,120.05373740196228,0.8982833,0.8982788920402527,2.5723980456859863e-07,0.8982788920402527,10.17167,10.172110795974731
2718,120.09849500656128,0.8982833,0.8982788920402527,4.455524162949587e-07,0.8982788920402527,10.17167,10.172110795974731
2719,120.13669037818909,0.8982833,0.8982790112495422,8.748463073970925e-07,0.8982788920402527,10.17167,10.172098875045776
2720,120.17555212974548,0.8982833,0.8982794284820557,1.5135466355786775e-06,0.8982788920402527,10.17167,10.172057151794434
2721,120.21573162078857,0.8982833,0.8982802629470825,2.0421505269041518e-06,0.8982788920402527,10.17167,10.171973705291748
2722,120.25413393974304,0.8982833,0.8982818126678467,2.112617039529141e-06,0.8982788920402527,10.17167,10.171818733215332
2723,120.29121708869934,0.8982833,0.8982832431793213,5.960464477539063e-08,0.8982833027839661,10.17167,10.171675682067871
2724,120.33007717132568,0.89828515,0.8982833623886108,1.2021870077205676e-07,0.8982833027839661,10.171485,10.171663761138916
2725,120.37447142601013,0.8982941,0.8982833623886108,6.70521842494054e-07,0.8982833027839661,10.170591,10.171663761138916
2726,120.41979098320007,0.8982941,0.8982834815979004,9.914950851452886e-07,0.8982833027839661,10.170591,10.171651840209961
2727,120.45932650566101,0.898351,0.8982840776443481,4.311807970225345e-06,0.8982833027839661,10.164899,10.171592235565186
2728,120.50327181816101,0.898351,0.8982859253883362,8.280764632218052e-06,0.8982833027839661,10.164899,10.171407461166382
2729,120.53866791725159,0.89835405,0.898290753364563,1.5522484318353236e-05,0.8982834815979004,10.164595,10.170924663543701
2730,120.58196544647217,0.8983634,0.8983008861541748,2.3998769393074326e-05,0.8982851505279541,10.163659,10.16991138458252
2731,120.62550067901611,0.8983665,0.8983197808265686,2.9308499506441876e-05,0.8982940912246704,10.163349,10.16802191734314
2732,120.6710638999939,0.8983665,0.8983462452888489,2.19312005356187e-05,0.8982959389686584,10.163349,10.165375471115112
2733,120.70895051956177,0.8983667,0.8983590006828308,4.820105459657498e-06,0.8983530402183533,10.163331,10.164099931716919
2734,120.75458455085754,0.8983699,0.8983637094497681,2.579040028649615e-06,0.8983561396598816,10.16301,10.163629055023193
2735,120.80037307739258,0.8983717,0.8983657956123352,1.0678852504497627e-06,0.8983637690544128,10.16283,10.16342043876648
2736,120.84415173530579,0.8983717,0.8983669281005859,1.4517385125145665e-06,0.8983654975891113,10.16283,10.163307189941406
2737,120.88128566741943,0.8983717,0.8983681797981262,1.7905014146890608e-06,0.8983665108680725,10.16283,10.163182020187378
2738,120.9186429977417,0.8983719,0.8983697295188904,1.6590025779805728e-06,0.8983668684959412,10.162812,10.163027048110962
2739,120.9632215499878,0.89837205,0.8983710408210754,5.634576609736541e-07,0.8983699083328247,10.162794,10.162895917892456
2740,121.00643992424011,0.89837205,0.898371696472168,2.4003500698199787e-07,0.8983711004257202,10.162794,10.162830352783203
2741,121.04434418678284,0.8983723,0.898371696472168,1.5080517812293692e-07,0.898371696472168,10.162771,10.162830352783203
2742,121.0899453163147,0.8983723,0.8983718752861023,1.1006484612607892e-07,0.898371696472168,10.162771,10.16281247138977
2743,121.12799763679504,0.8983725,0.8983719944953918,1.079586766650209e-07,0.8983718752861023,10.162753,10.162800550460815
2744,121.17229676246643,0.8983826,0.8983721137046814,6.240553602765431e-07,0.8983720541000366,10.161739,10.16278862953186
2745,121.21773838996887,0.8983826,0.8983722925186157,1.245047542397515e-06,0.8983720541000366,10.161739,10.162770748138428
2746,121.25540518760681,0.8983866,0.8983731269836426,2.681359546841122e-06,0.8983720541000366,10.161341,10.162687301635742
2747,121.29898285865784,0.8983872,0.8983746767044067,4.341392468631966e-06,0.8983722925186157,10.161281,10.162532329559326
2748,121.34511637687683,0.89838994,0.8983781337738037,5.8301152421336155e-06,0.8983727097511292,10.161007,10.162186622619629
2749,121.3895492553711,0.8983902,0.898383617401123,4.015515514765866e-06,0.8983739614486694,10.160982,10.161638259887695
2750,121.43393874168396,0.8983906,0.89838707447052,1.3169138810553704e-06,0.8983837962150574,10.160941,10.161292552947998
2751,121.47804546356201,0.8983921,0.8983880877494812,1.3548383321904112e-06,0.8983869552612305,10.160791,10.16119122505188
2752,121.52216172218323,0.8983921,0.8983892202377319,1.4383859934241627e-06,0.8983871936798096,10.160791,10.161077976226807
2753,121.56040620803833,0.89839727,0.8983907699584961,8.078177415882237e-07,0.8983899354934692,10.160274,10.16092300415039
2754,121.60617065429688,0.89839727,0.8983914256095886,1.0214833991994965e-06,0.8983905911445618,10.160274,10.160857439041138
2755,121.64356279373169,0.8983989,0.8983925580978394,1.5035618616821012e-06,0.8983914256095886,10.160112,10.160744190216064
2756,121.68897581100464,0.89840126,0.8983935117721558,2.296951379321399e-06,0.8983920812606812,10.159874,10.160648822784424
2757,121.73494982719421,0.89840287,0.8983955383300781,2.848284339052043e-06,0.8983920812606812,10.159713,10.160446166992188
2758,121.78129029273987,0.89840287,0.8983985781669617,1.8445956584400847e-06,0.8983958959579468,10.159713,10.160142183303833
2759,121.82097554206848,0.8984056,0.8984003663063049,1.709871298771759e-06,0.8983986377716064,10.159439,10.159963369369507
2760,121.86991143226624,0.8985035,0.898402214050293,6.052857315808069e-06,0.8983988761901855,10.149652,10.159778594970703
2761,121.92970943450928,0.89850354,0.8984043002128601,1.1660211384878494e-05,0.898402750492096,10.149646,10.15956997871399
2762,121.97693824768066,0.8985076,0.8984090685844421,2.3754615540383384e-05,0.8984028697013855,10.1492405,10.159093141555786
2763,122.02366709709167,0.89851165,0.8984189033508301,3.639495116658509e-05,0.8984028697013855,10.148835,10.158109664916992
2764,122.06917381286621,0.89851165,0.8984401822090149,4.828657256439328e-05,0.8984028697013855,10.148835,10.15598177909851
2765,122.10669708251953,0.89851165,0.8984801769256592,4.478200207813643e-05,0.898406982421875,10.148835,10.151982307434082
2766,122.14470887184143,0.89851874,0.89850914478302,1.999974074351485e-06,0.8985075354576111,10.148126,10.149085521697998
2767,122.18984460830688,0.89852476,0.8985109925270081,2.205185637649265e-06,0.8985075950622559,10.147524,10.148900747299194
2768,122.23497271537781,0.8985276,0.8985126614570618,2.417695895928773e-06,0.8985116481781006,10.147238,10.148733854293823
2769,122.28218960762024,0.8985304,0.8985143303871155,3.929349077225197e-06,0.8985116481781006,10.146957,10.148566961288452
2770,122.32838606834412,0.8985518,0.8985178470611572,5.29547423866461e-06,0.8985119462013245,10.144817,10.148215293884277
2771,122.374587059021,0.8985518,0.8985220193862915,6.423571903724223e-06,0.8985159993171692,10.144817,10.14779806137085
2772,122.41420125961304,0.89856786,0.8985282182693481,7.709618330409285e-06,0.8985187411308289,10.143214,10.147178173065186
2773,122.45866179466248,0.8985747,0.8985357880592346,8.471477485727519e-06,0.8985277414321899,10.142529,10.146421194076538
2774,122.50477242469788,0.8985747,0.8985427618026733,1.1754870683944318e-05,0.898533284664154,10.142529,10.145723819732666
2775,122.54317927360535,0.89859074,0.8985535502433777,1.336652712780051e-05,0.8985347747802734,10.140925,10.144644975662231
2776,122.58960700035095,0.89859074,0.8985683917999268,9.841514838626608e-06,0.8985518217086792,10.140925,10.143160820007324
2777,122.62744855880737,0.89859074,0.8985772132873535,9.235652214556467e-06,0.8985678553581238,10.140925,10.142278671264648
2778,122.66597008705139,0.8986075,0.898585319519043,7.5583902798825875e-06,0.898574709892273,10.139251,10.141468048095703
2779,122.71326208114624,0.8986075,0.8985908031463623,1.37779147735273e-06,0.8985907435417175,10.139251,10.14091968536377
2780,122.7510917186737,0.89863384,0.8985913395881653,4.217913556203712e-06,0.8985907435417175,10.136616,10.140866041183472
2781,122.79636740684509,0.89863384,0.8985933065414429,8.262350092991255e-06,0.8985907435417175,10.136616,10.140669345855713
2782,122.83499431610107,0.8986662,0.8985979557037354,1.4095530787017196e-05,0.8985907435417175,10.13338,10.140204429626465
2783,122.88018488883972,0.8986662,0.8986075520515442,1.778525438567158e-05,0.8985907435417175,10.13338,10.139244794845581
2784,122.91878414154053,0.8986662,0.8986262083053589,1.5290263036149554e-05,0.8986074924468994,10.13338,10.137379169464111
2785,122.95705842971802,0.89867544,0.8986402153968811,1.6674894141033292e-05,0.8986231088638306,10.132456,10.13597846031189
2786,123.0038070678711,0.89867544,0.8986573219299316,1.4758651559532154e-05,0.8986338376998901,10.132456,10.134267807006836
2787,123.04150676727295,0.89868283,0.8986685872077942,3.7131371755094733e-06,0.8986662030220032,10.131717,10.133141279220581
2788,123.08615374565125,0.89868283,0.8986712694168091,4.196448571747169e-06,0.8986662030220032,10.131717,10.132873058319092
2789,123.12362790107727,0.89868414,0.8986754417419434,3.008093017342617e-06,0.8986735343933105,10.131586,10.132455825805664
2790,123.1686282157898,0.89868927,0.8986781239509583,3.6891919990011957e-06,0.8986735343933105,10.131073,10.132187604904175
2791,123.21555757522583,0.8986966,0.898681640625,3.2190928322961554e-06,0.8986754417419434,10.13034,10.1318359375
2792,123.2603919506073,0.8987021,0.8986841440200806,3.2483414997841464e-06,0.8986828327178955,10.129791,10.131585597991943
2793,123.30710053443909,0.8987021,0.898686408996582,5.127556050865678e-06,0.8986828327178955,10.129791,10.131359100341797
2794,123.34547352790833,0.8987021,0.898689866065979,6.827675406384515e-06,0.8986841440200806,10.129791,10.1310133934021
2795,123.38346910476685,0.8987041,0.8986963629722595,5.280631739879027e-06,0.8986841440200806,10.129589,10.130363702774048
2796,123.42783451080322,0.898721,0.8987011313438416,1.8043256204691716e-06,0.8986966013908386,10.127902,10.129886865615845
2797,123.47329258918762,0.898721,0.8987026214599609,2.436888962620287e-06,0.8987007141113281,10.127902,10.129737854003906
2798,123.51284766197205,0.8987251,0.8987043499946594,5.352992957341485e-06,0.898702085018158,10.127491,10.129565000534058
2799,123.5571563243866,0.8987338,0.8987078070640564,8.317336323671043e-06,0.898702085018158,10.12662,10.12921929359436
2800,123.6029405593872,0.89877003,0.898714542388916,1.0673774340830278e-05,0.8987038135528564,10.122996,10.128545761108398
2801,123.64948678016663,0.8988266,0.8987262845039368,1.0557505447650328e-05,0.8987122774124146,10.11734,10.127371549606323
2802,123.694833278656,0.89885604,0.8987364768981934,2.3181186406873167e-05,0.8987250924110413,10.114395,10.126352310180664
2803,123.74357151985168,0.89886403,0.8987533450126648,3.461136657278985e-05,0.8987271189689636,10.113597,10.12466549873352
2804,123.78928565979004,0.8988646,0.8987824320793152,3.938129520975053e-05,0.8987375497817993,10.113537,10.121756792068481
2805,123.83343625068665,0.8988758,0.8988210558891296,2.789348400256131e-05,0.8987822532653809,10.112423,10.117894411087036
2806,123.87833952903748,0.89887774,0.8988502025604248,1.2338273336354177e-05,0.8988265991210938,10.1122265,10.11497974395752
2807,123.92591071128845,0.89888006,0.8988612294197083,6.930981726327445e-06,0.8988519310951233,10.111994,10.113877058029175
2808,123.97342872619629,0.89888275,0.8988677859306335,5.089245405542897e-06,0.898860514163971,10.111725,10.113221406936646
2809,124.01722931861877,0.89888513,0.8988731503486633,4.101480953977443e-06,0.8988680839538574,10.111486,10.112684965133667
2810,124.06278681755066,0.898886,0.8988772034645081,3.898845079675084e-06,0.8988721370697021,10.111398,10.112279653549194
2811,124.10762810707092,0.8988867,0.8988813757896423,1.9651524780783802e-06,0.898877739906311,10.111332,10.111862421035767
2812,124.152578830719,0.8988874,0.8988831043243408,1.5211323898256524e-06,0.8988818526268005,10.11126,10.111689567565918
2813,124.19794583320618,0.8988875,0.8988842368125916,1.6765280861363863e-06,0.8988825678825378,10.111248,10.111576318740845
2814,124.24249958992004,0.8988875,0.8988861441612244,8.680063956489903e-07,0.8988847136497498,10.111248,10.111385583877563
2815,124.2808427810669,0.89888763,0.898887038230896,3.66538642992964e-07,0.8988865613937378,10.111237,10.1112961769104
2816,124.32625937461853,0.8988887,0.8988874554634094,3.042034393274662e-07,0.8988866806030273,10.11113,10.111254453659058
2817,124.37246084213257,0.8989058,0.8988876938819885,1.1083235449405038e-06,0.8988873958587646,10.109419,10.111230611801147
2818,124.42028450965881,0.8989058,0.8988882303237915,2.5772694698389387e-06,0.8988873958587646,10.109419,10.11117696762085
2819,124.45861315727234,0.8989294,0.898889422416687,4.742400960822124e-06,0.8988875150680542,10.107059,10.111057758331299
2820,124.50653171539307,0.8989302,0.8988921642303467,7.288002507266356e-06,0.8988882303237915,10.106981,10.110783576965332
2821,124.55317568778992,0.8989302,0.8988965153694153,9.133015737461392e-06,0.898888349533081,10.106981,10.110348463058472
2822,124.59208822250366,0.89898086,0.8989046216011047,1.0694542652345262e-05,0.8988911509513855,10.101914,10.109537839889526
2823,124.64928364753723,0.89898086,0.8989134430885315,1.254541530215647e-05,0.8989058136940002,10.101914,10.10865569114685
2824,124.68877029418945,0.89899564,0.8989235162734985,1.8978520529344678e-05,0.898909330368042,10.100436,10.107648372650146
2825,124.73395276069641,0.89901054,0.8989424109458923,2.134176975232549e-05,0.8989103436470032,10.098946,10.105758905410767
2826,124.78169274330139,0.8990595,0.8989638686180115,2.1284646209096536e-05,0.898945152759552,10.094052,10.103613138198853
2827,124.8286542892456,0.89906245,0.8989859819412231,2.445587051624898e-05,0.8989522457122803,10.093755,10.101401805877686
2828,124.87425088882446,0.8990632,0.8990121483802795,2.1464678866323084e-05,0.8989871740341187,10.0936775,10.098785161972046
2829,124.92005205154419,0.8990648,0.8990316390991211,2.2031083062756807e-05,0.899010419845581,10.093522,10.09683609008789
2830,124.96514511108398,0.89906573,0.8990517854690552,1.4651822311861906e-05,0.8990142345428467,10.093427,10.094821453094482
2831,125.00960922241211,0.89906573,0.8990625143051147,1.7644977106101578e-06,0.8990594744682312,10.093427,10.093748569488525
2832,125.04749298095703,0.89906573,0.8990638256072998,9.548995194563759e-07,0.899063229560852,10.093427,10.09361743927002
2833,125.085444688797,0.89906573,0.8990644812583923,1.1419454040151322e-06,0.899063229560852,10.093427,10.093551874160767
2834,125.12305331230164,0.89906573,0.8990656137466431,4.331339766849851e-07,0.8990647792816162,10.093427,10.093438625335693
2835,125.16007709503174,0.89907694,0.8990659117698669,6.6741489490596e-07,0.8990657329559326,10.092306,10.093408823013306
2836,125.20458436012268,0.89907694,0.8990659117698669,9.267744189855875e-07,0.8990657329559326,10.092306,10.093408823013306
2837,125.24294376373291,0.89907694,0.899066150188446,1.7149750419775955e-06,0.8990657329559326,10.092306,10.093384981155396
2838,125.27797198295593,0.89907694,0.8990669250488281,3.2273417218675604e-06,0.8990657329559326,10.092306,10.093307495117188
2839,125.31584358215332,0.89908457,0.8990684151649475,4.887514023721451e-06,0.8990657329559326,10.091543,10.093158483505249
2840,125.3616554737091,0.8990942,0.8990717530250549,6.295123057498131e-06,0.8990657329559326,10.090578,10.092824697494507
2841,125.4068615436554,0.8990957,0.8990785479545593,4.310864824219607e-06,0.8990769386291504,10.090428,10.092145204544067
2842,125.45207381248474,0.8990957,0.8990814685821533,6.856140316813253e-06,0.8990769386291504,10.090428,10.091853141784668
2843,125.49036431312561,0.8990957,0.8990867733955383,7.651877240277827e-06,0.8990769386291504,10.090428,10.091322660446167
2844,125.5277144908905,0.8990957,0.8990938067436218,3.801648290391313e-06,0.8990845680236816,10.090428,10.090619325637817
2845,125.56456756591797,0.89910865,0.8990957140922546,7.543383162555983e-07,0.8990957140922546,10.089135,10.090428590774536
2846,125.6098268032074,0.89910865,0.8990958333015442,1.299931909670704e-06,0.8990957140922546,10.089135,10.090416669845581
2847,125.64877820014954,0.89910865,0.8990962505340576,2.5034337340912316e-06,0.8990957140922546,10.089135,10.090374946594238
2848,125.6852080821991,0.89910865,0.8990974426269531,4.1345560930494685e-06,0.8990957140922546,10.089135,10.090255737304688
2849,125.72300601005554,0.89910865,0.8991001844406128,5.459740350488573e-06,0.8990957140922546,10.089135,10.08998155593872
2850,125.75981640815735,0.899114,0.8991049528121948,4.231929779052734e-06,0.8990979790687561,10.088598,10.089504718780518
2851,125.80648255348206,0.8991226,0.8991082906723022,1.5847510894673178e-06,0.8991063833236694,10.08774,10.089170932769775
2852,125.8512511253357,0.89912313,0.8991094827651978,2.6818981950782472e-06,0.8991086483001709,10.087687,10.089051723480225
2853,125.89662003517151,0.8991297,0.899110734462738,4.7095077206904534e-06,0.8991086483001709,10.087031,10.088926553726196
2854,125.94124341011047,0.89916205,0.8991138935089111,8.283984243462328e-06,0.8991086483001709,10.083795,10.088610649108887
2855,125.98640370368958,0.8991639,0.8991221785545349,1.3441950613923836e-05,0.8991086483001709,10.08361,10.087782144546509
2856,126.03256011009216,0.89917785,0.8991348147392273,1.7393344023730606e-05,0.8991225957870483,10.082215,10.08651852607727
2857,126.07720685005188,0.89917785,0.8991506099700928,1.811000402085483e-05,0.8991250395774841,10.082215,10.084939002990723
2858,126.11648392677307,0.89917785,0.8991672396659851,7.82013466960052e-06,0.8991550803184509,10.082215,10.08327603340149
2859,126.1536693572998,0.89917785,0.8991740942001343,5.437283562059747e-06,0.8991639018058777,10.082215,10.082590579986572
2860,126.18915152549744,0.89917785,0.8991777896881104,5.960464477539063e-08,0.8991778492927551,10.082215,10.082221031188965
2861,126.22562265396118,0.89917785,0.8991777896881104,5.960464477539063e-08,0.8991778492927551,10.082215,10.082221031188965
2862,126.26303768157959,0.89917785,0.8991777896881104,5.960464477539063e-08,0.8991778492927551,10.082215,10.082221031188965
2863,126.30233240127563,0.89917785,0.8991777896881104,5.960464477539063e-08,0.8991778492927551,10.082215,10.082221031188965
2864,126.33938097953796,0.89917785,0.8991777896881104,5.960464477539063e-08,0.8991778492927551,10.082215,10.082221031188965
2865,126.37656116485596,0.89917785,0.8991777896881104,5.960464477539063e-08,0.8991778492927551,10.082215,10.082221031188965
2866,126.41389060020447,0.89917785,0.8991777896881104,5.960464477539063e-08,0.8991778492927551,10.082215,10.082221031188965
2867,126.4526858329773,0.89917785,0.8991777896881104,5.960464477539063e-08,0.8991778492927551,10.082215,10.082221031188965
2868,126.49049043655396,0.8991791,0.8991779088973999,9.151094815251781e-08,0.8991778492927551,10.08209,10.08220911026001
2869,126.53683733940125,0.89917976,0.8991779088973999,1.855790117133438e-07,0.8991778492927551,10.082025,10.08220911026001
2870,126.58353424072266,0.89918494,0.8991780281066895,5.933846409789112e-07,0.8991778492927551,10.081506,10.082197189331055
2871,126.63007044792175,0.89918494,0.8991783261299133,1.178825982606213e-06,0.8991778492927551,10.081506,10.082167387008667
2872,126.66996765136719,0.89918685,0.8991790413856506,1.8212190298072528e-06,0.8991778492927551,10.081315,10.082095861434937
2873,126.7148106098175,0.89918685,0.8991805911064148,2.1734954316343646e-06,0.8991791009902954,10.081315,10.08194088935852
2874,126.75330400466919,0.89918685,0.8991822600364685,2.9378466024354566e-06,0.8991797566413879,10.081315,10.08177399635315
2875,126.79193902015686,0.89918983,0.899185299873352,2.026233005381073e-06,0.8991797566413879,10.081017,10.081470012664795
2876,126.83638262748718,0.89918983,0.8991867303848267,7.607746965732076e-07,0.8991849422454834,10.081017,10.081326961517334
2877,126.87298488616943,0.8992022,0.8991871476173401,1.1061407576562488e-06,0.8991868495941162,10.079777,10.081285238265991
2878,126.91759467124939,0.8992022,0.8991876840591431,2.05300193556468e-06,0.8991868495941162,10.079777,10.081231594085693
2879,126.95477890968323,0.89920545,0.8991888165473938,3.502785830278299e-06,0.8991868495941162,10.079455,10.08111834526062
2880,126.9992663860321,0.89920545,0.8991910815238953,4.748837909573922e-06,0.8991868495941162,10.079455,10.080891847610474
2881,127.03682923316956,0.89920545,0.8991943001747131,6.138637672847835e-06,0.899189829826355,10.079455,10.080569982528687
2882,127.07786393165588,0.8992099,0.8991996049880981,6.138382559583988e-06,0.8991900086402893,10.079008,10.080039501190186
2883,127.12449073791504,0.8992099,0.8992046117782593,1.788691747606208e-06,0.8992022275924683,10.079008,10.079538822174072
2884,127.1626181602478,0.89921016,0.8992060422897339,1.1252600415900815e-06,0.8992054462432861,10.078984,10.079395771026611
2885,127.20779061317444,0.89921016,0.8992068767547607,1.478061335546954e-06,0.8992054462432861,10.078984,10.079312324523926
2886,127.24494051933289,0.89921016,0.8992083072662354,1.0805125612023403e-06,0.8992074131965637,10.078984,10.079169273376465
2887,127.28372120857239,0.8992102,0.8992091417312622,9.649608045947389e-07,0.8992081880569458,10.078979,10.07908582687378
2888,127.32970428466797,0.899211,0.8992100954055786,9.084829599714794e-08,0.8992099165916443,10.078901,10.078990459442139
2889,127.37391591072083,0.8992112,0.8992100954055786,1.3617264471577073e-07,0.8992101550102234,10.078877,10.078990459442139
2890,127.4192430973053,0.8992112,0.8992100954055786,2.6080869020006503e-07,0.8992101550102234,10.078877,10.078990459442139
2891,127.45719313621521,0.8992113,0.8992102146148682,3.819012590611237e-07,0.8992102146148682,10.078871,10.078978538513184
2892,127.50302076339722,0.89921254,0.8992103934288025,5.069256303613656e-07,0.8992102146148682,10.078746,10.078960657119751
2893,127.54753160476685,0.89921254,0.899211049079895,4.5657651526198606e-07,0.8992102146148682,10.078746,10.078895092010498
2894,127.58802390098572,0.89921343,0.8992113471031189,2.642036633915268e-07,0.8992112278938293,10.078657,10.07886528968811
2895,127.63298726081848,0.89921343,0.8992114663124084,5.187134775042068e-07,0.8992112874984741,10.078657,10.078853368759155
2896,127.67210483551025,0.89921343,0.8992117643356323,8.021772259780846e-07,0.8992112874984741,10.078657,10.078823566436768
2897,127.71049213409424,0.89921343,0.8992123603820801,8.997519103104423e-07,0.8992112874984741,10.078657,10.078763961791992
2898,127.75147414207458,0.89921343,0.8992130756378174,4.1367670178260596e-07,0.8992125391960144,10.078657,10.078692436218262
2899,127.7914662361145,0.89921343,0.899213433265686,0.0,0.899213433265686,10.078657,10.078656673431396
2900,127.82860779762268,0.8992157,0.899213433265686,1.3250712527224096e-07,0.899213433265686,10.07843,10.078656673431396
2901,127.87177324295044,0.8992157,0.8992134928703308,2.786613890748413e-07,0.899213433265686,10.07843,10.078650712966919
2902,127.90786814689636,0.8992157,0.8992136120796204,5.566393497247191e-07,0.899213433265686,10.07843,10.078638792037964
2903,127.94526672363281,0.8992157,0.8992139101028442,8.210489568227786e-07,0.899213433265686,10.07843,10.078608989715576
2904,127.98203754425049,0.899227,0.8992145657539368,1.1879524208779912e-06,0.899213433265686,10.077297,10.078543424606323
2905,128.028870344162,0.899227,0.8992155194282532,1.2431412415025989e-06,0.8992145657539368,10.077297,10.078448057174683
2906,128.06785440444946,0.899227,0.8992162346839905,2.2851615995023167e-06,0.8992156982421875,10.077297,10.078376531600952
2907,128.10651469230652,0.8992282,0.8992172479629517,3.6161852676741546e-06,0.8992156982421875,10.077179,10.078275203704834
2908,128.15132069587708,0.8992282,0.8992192149162292,4.744575562654063e-06,0.8992156982421875,10.077179,10.078078508377075
2909,128.1885006427765,0.89923203,0.899223268032074,4.388587058201665e-06,0.8992158770561218,10.0767975,10.077673196792603
2910,128.23286509513855,0.8992355,0.8992269039154053,1.335617071163142e-06,0.8992254734039307,10.076451,10.077309608459473
2911,128.27707886695862,0.89923686,0.8992281556129456,1.837057993725466e-06,0.8992270231246948,10.076314,10.077184438705444
2912,128.32391166687012,0.89923686,0.8992297053337097,2.6351854103268124e-06,0.8992279767990112,10.076314,10.077029466629028
2913,128.36096668243408,0.89923686,0.8992315530776978,3.361536073498428e-06,0.8992282152175903,10.076314,10.076844692230225
2914,128.39849591255188,0.89923686,0.899235188961029,1.4245648571886704e-06,0.899232029914856,10.076314,10.076481103897095
2915,128.43503761291504,0.8992379,0.8992363810539246,5.747905902353523e-07,0.8992354869842529,10.076213,10.076361894607544
2916,128.4796109199524,0.89923805,0.899236798286438,2.1679701944776752e-07,0.8992366790771484,10.076195,10.076320171356201
2917,128.52477359771729,0.89923805,0.8992369771003723,3.448904806191422e-07,0.8992368578910828,10.076195,10.076302289962769
2918,128.56275367736816,0.89923805,0.8992371559143066,4.8992416168403e-07,0.8992368578910828,10.076195,10.076284408569336
2919,128.60341382026672,0.89923805,0.8992373943328857,5.755732104262279e-07,0.8992368578910828,10.076195,10.076260566711426
2920,128.64401292800903,0.8992382,0.8992379903793335,7.544264235548326e-08,0.899237871170044,10.076178,10.07620096206665
2921,128.69056296348572,0.8992393,0.899238109588623,9.210325657704743e-08,0.8992380499839783,10.07607,10.076189041137695
2922,128.7401692867279,0.8992393,0.899238109588623,1.5279530884981796e-07,0.8992380499839783,10.07607,10.076189041137695
2923,128.77901124954224,0.8992393,0.8992382287979126,3.1129098942983546e-07,0.8992380499839783,10.07607,10.07617712020874
2924,128.81639528274536,0.8992395,0.8992383480072021,4.6851567958583473e-07,0.8992380499839783,10.076052,10.076165199279785
2925,128.86072087287903,0.8992395,0.899238646030426,5.759404757554876e-07,0.8992380499839783,10.076052,10.076135396957397
2926,128.89920711517334,0.8992697,0.8992392420768738,1.8614774717207183e-06,0.8992382287979126,10.07303,10.076075792312622
2927,128.94402050971985,0.8992697,0.8992400765419006,4.305978563934332e-06,0.8992393016815186,10.07303,10.075992345809937
2928,128.98049139976501,0.89927095,0.8992419838905334,8.19319120637374e-06,0.8992394804954529,10.072905,10.075801610946655
2929,129.0241048336029,0.8992762,0.8992460370063782,1.2423622138157953e-05,0.8992394804954529,10.07238,10.075396299362183
2930,129.06895875930786,0.8992775,0.8992534875869751,1.5240389075188432e-05,0.8992394804954529,10.072249,10.07465124130249
2931,129.1141426563263,0.8992815,0.8992687463760376,7.887493666203227e-06,0.8992444276809692,10.07185,10.07312536239624
2932,129.16039180755615,0.8992815,0.8992729783058167,3.175994379489566e-06,0.8992709517478943,10.07185,10.072702169418335
2933,129.19648003578186,0.8992815,0.8992756009101868,3.704248456415371e-06,0.8992709517478943,10.07185,10.072439908981323
2934,129.23444318771362,0.89928675,0.8992791175842285,1.9748733848246047e-06,0.8992773294448853,10.071325,10.072088241577148
2935,129.27950072288513,0.89928675,0.8992812037467957,1.1301838185318047e-06,0.8992775082588196,10.071325,10.071879625320435
2936,129.31689977645874,0.89929074,0.8992820382118225,1.5558259747194825e-06,0.8992815017700195,10.070926,10.071796178817749
2937,129.36259007453918,0.89929074,0.8992828726768494,2.698578555282438e-06,0.8992815017700195,10.070926,10.071712732315063
2938,129.40050745010376,0.89929074,0.8992846012115479,3.76047159988957e-06,0.8992815017700195,10.070926,10.071539878845215
2939,129.43888092041016,0.89929074,0.8992880582809448,2.9306333999556955e-06,0.8992815017700195,10.070926,10.071194171905518
2940,129.4769549369812,0.89929074,0.8992905616760254,8.640436135465279e-07,0.8992867469787598,10.070926,10.070943832397461
2941,129.5137860774994,0.89929074,0.8992907404899597,0.0,0.8992907404899597,10.070926,10.070925951004028
2942,129.55231761932373,0.89929074,0.8992907404899597,0.0,0.8992907404899597,10.070926,10.070925951004028
2943,129.59190011024475,0.89930326,0.8992907404899597,7.300048423530825e-07,0.8992907404899597,10.0696745,10.070925951004028
2944,129.63554072380066,0.89930326,0.8992908596992493,1.2023126600979595e-06,0.8992907404899597,10.0696745,10.070914030075073
2945,129.67337799072266,0.89930326,0.8992912769317627,2.4713970105949556e-06,0.8992907404899597,10.0696745,10.07087230682373
2946,129.71103024482727,0.8993039,0.8992924094200134,4.138727945246501e-06,0.8992907404899597,10.069609,10.070759057998657
2947,129.75623989105225,0.8993039,0.8992946147918701,5.529177997232182e-06,0.8992907404899597,10.069609,10.070538520812988
2948,129.79409646987915,0.8993039,0.8992984294891357,5.658313966705464e-06,0.8992907404899597,10.069609,10.070157051086426
2949,129.8321373462677,0.8993459,0.8993034958839417,2.530146275603329e-06,0.8993020057678223,10.0654125,10.069650411605835
2950,129.8759639263153,0.8993459,0.8993041515350342,4.1916237023542635e-06,0.8993032574653625,10.0654125,10.069584846496582
2951,129.91407871246338,0.899359,0.8993057012557983,8.635866834083572e-06,0.8993039131164551,10.064101,10.069429874420166
2952,129.95899891853333,0.899359,0.899310290813446,1.6125617548823357e-05,0.8993039131164551,10.064101,10.068970918655396
2953,129.99646663665771,0.899359,0.8993187546730042,2.275830411235802e-05,0.8993039131164551,10.064101,10.068124532699585
2954,130.0340895652771,0.8993883,0.8993386030197144,2.3986778614926152e-05,0.8993039131164551,10.061169,10.066139698028564
2955,130.07768154144287,0.8993883,0.8993586301803589,3.8619941733486485e-06,0.8993477821350098,10.061169,10.064136981964111
2956,130.11485075950623,0.89944345,0.8993613123893738,9.18410842132289e-06,0.8993589878082275,10.0556555,10.063868761062622
2957,130.16082906723022,0.89944345,0.8993675708770752,2.1371606635511853e-05,0.8993589878082275,10.0556555,10.06324291229248
2958,130.19878792762756,0.89944345,0.8993812799453735,3.216829281882383e-05,0.8993589878082275,10.0556555,10.061872005462646
2959,130.23622584342957,0.8994494,0.899408757686615,3.482901229290292e-05,0.8993649482727051,10.055059,10.059124231338501
2960,130.2807228565216,0.8994622,0.8994447588920593,2.831016672644182e-06,0.8994420766830444,10.053778,10.055524110794067
2961,130.3254041671753,0.8994622,0.8994466662406921,4.12526651416556e-06,0.8994434475898743,10.053778,10.055333375930786
2962,130.36261749267578,0.8994622,0.8994506001472473,4.6879390538379084e-06,0.8994434475898743,10.053778,10.054939985275269
2963,130.39982962608337,0.8994622,0.8994539976119995,5.431064892036375e-06,0.8994494080543518,10.053778,10.054600238800049
2964,130.43875288963318,0.8994622,0.8994591236114502,3.911233761755284e-06,0.8994494080543518,10.053778,10.05408763885498
2965,130.4764120578766,0.8994622,0.899462103843689,1.1920928955078125e-07,0.8994622230529785,10.053778,10.053789615631104
2966,130.51470732688904,0.8994685,0.899462103843689,3.90529010019236e-07,0.8994622230529785,10.053152,10.053789615631104
2967,130.55782747268677,0.8994685,0.8994622230529785,6.396516027962207e-07,0.8994622230529785,10.053152,10.053777694702148
2968,130.5966248512268,0.8994685,0.8994623422622681,1.099170845009212e-06,0.8994622230529785,10.053152,10.053765773773193
2969,130.63351035118103,0.8994685,0.8994627594947815,1.8189666661783122e-06,0.8994622230529785,10.053152,10.05372405052185
2970,130.67173600196838,0.8994701,0.8994636535644531,2.5988108518504305e-06,0.8994622230529785,10.052991,10.053634643554688
2971,130.7187421321869,0.89947027,0.8994655609130859,3.0209166652639396e-06,0.8994622230529785,10.052973,10.053443908691406
2972,130.76534914970398,0.89947194,0.8994687795639038,7.903857408564363e-07,0.8994640707969666,10.052806,10.05312204360962
2973,130.81454753875732,0.89947224,0.8994691967964172,9.234238973476749e-07,0.8994684815406799,10.052776,10.053080320358276
2974,130.8596806526184,0.8994775,0.8994699120521545,1.0716862561821472e-06,0.8994684815406799,10.052252,10.053008794784546
2975,130.90560388565063,0.8994802,0.8994707465171814,1.693172976047208e-06,0.8994702696800232,10.051977,10.05292534828186
2976,130.94988536834717,0.8994802,0.8994717597961426,2.900915205827914e-06,0.8994702696800232,10.051977,10.052824020385742
2977,130.98732089996338,0.8994837,0.8994740843772888,3.703228003359982e-06,0.8994702696800232,10.051632,10.052591562271118
2978,131.03241539001465,0.89948493,0.8994777798652649,2.94722326543706e-06,0.8994719982147217,10.051507,10.05222201347351
2979,131.07672786712646,0.899485,0.8994807004928589,1.5165417153184535e-06,0.899477481842041,10.0515,10.051929950714111
2980,131.12175154685974,0.8994906,0.8994819521903992,1.6735847339077736e-06,0.8994802236557007,10.0509405,10.051804780960083
2981,131.16790199279785,0.8994906,0.8994836211204529,1.375803435621492e-06,0.8994815349578857,10.0509405,10.051637887954712
2982,131.2058162689209,0.8994906,0.8994848728179932,1.4115994417807087e-06,0.8994836807250977,10.0509405,10.051512718200684
2983,131.2442343235016,0.89949733,0.8994861841201782,2.0549273358483333e-06,0.8994848728179932,10.050267,10.051381587982178
2984,131.31773328781128,0.89954925,0.8954753279685974,0.003358731511980295,0.8886572122573853,10.045075,10.452467203140259
2985,131.36361002922058,0.89954925,0.8985153436660767,0.0008860526722855866,0.8968251943588257,10.045075,10.148465633392334
2986,131.4005892276764,0.8995501,0.8993281126022339,0.00016967454575933516,0.8989636301994324,10.044992,10.067188739776611
2987,131.4459364414215,0.8995577,0.8994711637496948,6.232970918063074e-05,0.8993603587150574,10.0442295,10.052883625030518
2988,131.49160385131836,0.8995636,0.8995259404182434,2.2117556000011973e-05,0.8994849920272827,10.043639,10.04740595817566
2989,131.53629159927368,0.8995636,0.8995449542999268,1.1094848559878301e-05,0.8995264768600464,10.043639,10.045504570007324
2990,131.57680988311768,0.8995636,0.8995541930198669,4.830490524909692e-06,0.8995492458343506,10.043639,10.044580698013306
2991,131.61397433280945,0.8995636,0.8995587825775146,3.633631649790914e-06,0.899552047252655,10.043639,10.044121742248535
2992,131.65249300003052,0.8995636,0.899561882019043,1.4449282161876909e-06,0.8995596170425415,10.043639,10.043811798095703
2993,131.68941640853882,0.8995636,0.8995631337165833,5.776008720204118e-07,0.899562418460846,10.043639,10.043686628341675
2994,131.7275366783142,0.8995636,0.899563729763031,1.1920928955078125e-07,0.8995636105537415,10.043639,10.0436270236969
2995,131.7674925327301,0.8995636,0.899563729763031,1.1920928955078125e-07,0.8995636105537415,10.043639,10.0436270236969
2996,131.80678248405457,0.8995636,0.899563729763031,1.1920928955078125e-07,0.8995636105537415,10.043639,10.0436270236969
2997,131.84652137756348,0.8995636,0.899563729763031,1.1920928955078125e-07,0.8995636105537415,10.043639,10.0436270236969
2998,131.89757657051086,0.8995636,0.899563729763031,1.1920928955078125e-07,0.8995636105537415,10.043639,10.0436270236969
2999,131.94096875190735,0.8995636,0.899563729763031,1.1920928955078125e-07,0.8995636105537415,10.043639,10.0436270236969
3000,131.9822187423706,0.8995636,0.899563729763031,1.1920928955078125e-07,0.8995636105537415,10.043639,10.0436270236969
3001,132.029691696167,0.8996163,0.8995639681816101,3.0729254376637982e-06,0.8995636105537415,10.03837,10.04360318183899
3002,132.0746340751648,0.8996864,0.8995645642280579,8.871122190612368e-06,0.8995636105537415,10.031361,10.043543577194214
3003,132.1186170578003,0.89968985,0.8995692729949951,2.2877013179822825e-05,0.8995636105537415,10.031014,10.043072700500488
3004,132.16484308242798,0.89968985,0.8995836973190308,4.2983348976122215e-05,0.8995636105537415,10.031014,10.041630268096924
3005,132.2018005847931,0.89968985,0.8996100425720215,5.686146687367e-05,0.8995636105537415,10.031014,10.038995742797852
3006,132.23987793922424,0.89968985,0.8996602892875671,4.473120498005301e-05,0.8995636105537415,10.031014,10.033971071243286
3007,132.27826690673828,0.8997152,0.8996893167495728,2.0102013422729215e-06,0.8996863961219788,10.0284815,10.031068325042725
3008,132.32491540908813,0.8997152,0.8996899724006653,2.1121022655279376e-06,0.8996898531913757,10.0284815,10.031002759933472
3009,132.36323761940002,0.8997152,0.8996908068656921,4.390348749438999e-06,0.8996898531913757,10.0284815,10.030919313430786
3010,132.40219521522522,0.89971864,0.899692952632904,7.60667944632587e-06,0.8996898531913757,10.028135,10.030704736709595
3011,132.44686365127563,0.89971864,0.8996968269348145,1.0120319529960398e-05,0.8996898531913757,10.028135,10.030317306518555
3012,132.48582553863525,0.89971864,0.8997055292129517,1.0133985597349238e-05,0.8996898531913757,10.028135,10.029447078704834
3013,132.52380967140198,0.89971864,0.8997153043746948,2.7528362807061058e-06,0.8997097015380859,10.028135,10.028469562530518
3014,132.56147742271423,0.89971864,0.8997175693511963,1.655071855566348e-06,0.8997151851654053,10.028135,10.028243064880371
3015,132.6005039215088,0.89971864,0.8997186422348022,0.0,0.8997186422348022,10.028135,10.028135776519775
3016,132.6390688419342,0.89971864,0.8997186422348022,0.0,0.8997186422348022,10.028135,10.028135776519775
3017,132.67706322669983,0.89971864,0.8997186422348022,0.0,0.8997186422348022,10.028135,10.028135776519775
3018,132.71564483642578,0.8997193,0.899718701839447,6.891324488833561e-08,0.8997186422348022,10.02807,10.028129816055298
3019,132.7631220817566,0.8997193,0.899718701839447,8.450845712104638e-08,0.8997186422348022,10.02807,10.028129816055298
3020,132.80171513557434,0.89975,0.8997188210487366,1.82880216925696e-06,0.8997186422348022,10.025001,10.028117895126343
3021,132.84913969039917,0.89975,0.89971923828125,3.6335052300273674e-06,0.8997186422348022,10.025001,10.028076171875
3022,132.89104318618774,0.89976156,0.8997206687927246,7.457895208062837e-06,0.8997186422348022,10.023844,10.027933120727539
3023,132.93878602981567,0.8997623,0.899724006652832,1.2145407708885614e-05,0.8997186422348022,10.023773,10.027599334716797
3024,132.98463606834412,0.89976484,0.899731457233429,1.719016654533334e-05,0.8997192978858948,10.023517,10.026854276657104
3025,133.03008651733398,0.89976484,0.8997445702552795,1.782102663128171e-05,0.8997192978858948,10.023517,10.025542974472046
3026,133.06808805465698,0.8997655,0.8997597098350525,3.2575439945503604e-06,0.8997544050216675,10.023451,10.024029016494751
3027,133.11225008964539,0.8997655,0.8997626304626465,1.1735116913769161e-06,0.8997615575790405,10.023451,10.023736953735352
3028,133.15078926086426,0.8997655,0.8997634649276733,1.4023515859662439e-06,0.8997622728347778,10.023451,10.023653507232666
3029,133.18857860565186,0.8997655,0.8997648358345032,1.0584057008600212e-06,0.8997622728347778,10.023451,10.023516416549683
3030,133.22573733329773,0.8997664,0.8997654318809509,1.7481586667145166e-07,0.8997648358345032,10.023361,10.023456811904907
3031,133.27154541015625,0.8997673,0.8997654318809509,1.9768624781590916e-07,0.8997654914855957,10.023272,10.023456811904907
3032,133.31662511825562,0.899778,0.8997655510902405,8.039302770157519e-07,0.8997654914855957,10.0222,10.023444890975952
3033,133.36269760131836,0.899778,0.8997658491134644,1.5318963733079727e-06,0.8997654914855957,10.0222,10.023415088653564
3034,133.4005343914032,0.899778,0.8997663855552673,2.1845410174137214e-06,0.8997654914855957,10.0222,10.023361444473267
3035,133.43817448616028,0.8997795,0.8997679352760315,3.5792238577414537e-06,0.8997654914855957,10.02205,10.02320647239685
3036,133.48262667655945,0.8997804,0.899770200252533,4.8934639380604494e-06,0.899767279624939,10.021961,10.022979974746704
3037,133.5270550251007,0.8997804,0.8997740745544434,5.6076237342495006e-06,0.899767279624939,10.021961,10.022592544555664
3038,133.56420588493347,0.8997804,0.8997792601585388,8.007976930457517e-07,0.8997777104377747,10.021961,10.022073984146118
3039,133.60157990455627,0.8997812,0.8997798562049866,4.7357588073282386e-07,0.8997794389724731,10.021877,10.022014379501343
3040,133.64985036849976,0.89984775,0.8997804522514343,3.9425808608939406e-06,0.8997794389724731,10.015225,10.021954774856567
3041,133.69262170791626,0.89984864,0.8997817039489746,8.804066965240054e-06,0.8997803926467896,10.015136,10.021829605102539
3042,133.74011254310608,0.89984864,0.8997848629951477,1.5841234926483594e-05,0.8997803926467896,10.015136,10.02151370048523
3043,133.77872109413147,0.8998491,0.8997920155525208,2.4359240342164412e-05,0.8997803926467896,10.015088,10.020798444747925
3044,133.82347893714905,0.89985526,0.8998068571090698,3.145555092487484e-05,0.8997812271118164,10.014475,10.019314289093018
3045,133.87055921554565,0.89986193,0.8998332023620605,2.691273402888328e-05,0.8997827172279358,10.013807,10.016679763793945
3046,133.91623783111572,0.8998695,0.8998509645462036,4.231535058352165e-06,0.8998486399650574,10.01305,10.014903545379639
3047,133.96105337142944,0.8998725,0.8998539447784424,5.6528197092120536e-06,0.8998486399650574,10.012752,10.014605522155762
3048,134.0059688091278,0.8998725,0.8998591899871826,5.024263828090625e-06,0.8998504877090454,10.012752,10.014081001281738
3049,134.04391145706177,0.8998735,0.8998642563819885,3.5627338093036087e-06,0.8998609781265259,10.0126505,10.013574361801147
3050,134.08882403373718,0.8998735,0.8998672366142273,3.795440079557011e-06,0.8998624086380005,10.0126505,10.01327633857727
3051,134.1264443397522,0.8998743,0.8998711109161377,1.3584168527813745e-06,0.8998684883117676,10.0125675,10.01288890838623
3052,134.1712667942047,0.899883,0.8998722434043884,1.0483103096703417e-06,0.8998710513114929,10.011703,10.012775659561157
3053,134.21565866470337,0.8998957,0.8998731970787048,1.8417765659251017e-06,0.8998724818229675,10.010427,10.012680292129517
3054,134.26188325881958,0.8998965,0.8998743295669556,3.3117423754447373e-06,0.8998729586601257,10.010349,10.012567043304443
3055,134.30687928199768,0.89989924,0.8998764753341675,6.683337232971098e-06,0.8998734951019287,10.010076,10.012352466583252
3056,134.3525083065033,0.8999029,0.8998805284500122,9.411864994035568e-06,0.8998739719390869,10.009712,10.01194715499878
3057,134.39877223968506,0.8999053,0.8998880386352539,9.924664482241496e-06,0.8998743295669556,10.009468,10.01119613647461
3058,134.44471645355225,0.8999053,0.899897575378418,1.998381321755005e-06,0.8998948335647583,10.009468,10.010242462158203
3059,134.48345923423767,0.89991057,0.8998992443084717,2.3257673547050217e-06,0.8998967409133911,10.008944,10.010075569152832
3060,134.52818202972412,0.89991057,0.8999013900756836,2.2936847017263062e-06,0.8998979926109314,10.008944,10.00986099243164
3061,134.56549978256226,0.8999112,0.8999037146568298,2.377611735937535e-06,0.8999018669128418,10.008878,10.009628534317017
3062,134.61053442955017,0.8999165,0.8999056816101074,3.237105147491093e-06,0.899902880191803,10.008347,10.009431838989258
3063,134.6554458141327,0.89991665,0.8999085426330566,2.741808202699758e-06,0.8999034762382507,10.008335,10.009145736694336
3064,134.69967198371887,0.89991707,0.8999112844467163,1.5482970638913685e-06,0.8999101519584656,10.008293,10.00887155532837
3065,134.74469017982483,0.89991707,0.8999125361442566,2.357913444939186e-06,0.8999106884002686,10.008293,10.00874638557434
3066,134.7823305130005,0.89991724,0.899914562702179,2.5274330255342647e-06,0.8999112248420715,10.008276,10.008543729782104
3067,134.82778310775757,0.89991724,0.8999168872833252,2.8262277851354156e-07,0.8999162912368774,10.008276,10.00831127166748
3068,134.86557269096375,0.89991724,0.8999170660972595,1.6810287206681096e-07,0.8999166488647461,10.008276,10.008293390274048
3069,134.903165102005,0.89991724,0.8999170660972595,8.944074636474397e-08,0.8999170660972595,10.008276,10.008293390274048
3070,134.94142937660217,0.89991874,0.8999170660972595,1.6712961325993092e-07,0.8999170660972595,10.008126,10.008293390274048
3071,134.9880747795105,0.89991874,0.8999171853065491,2.1056213483916508e-07,0.8999172449111938,10.008126,10.008281469345093
3072,135.02776741981506,0.89991874,0.8999173045158386,3.866105942051945e-07,0.8999172449111938,10.008126,10.008269548416138
3073,135.0663878917694,0.89991874,0.899917483329773,5.890771603844769e-07,0.8999172449111938,10.008126,10.008251667022705
3074,135.1056728363037,0.89992493,0.8999179005622864,8.431304650002858e-07,0.8999172449111938,10.007506,10.008209943771362
3075,135.14995574951172,0.89992493,0.8999186158180237,9.261744366995117e-07,0.8999172449111938,10.007506,10.008138418197632
3076,135.18847107887268,0.89992523,0.8999191522598267,1.7999973351834342e-06,0.8999187350273132,10.007477,10.008084774017334
3077,135.23346757888794,0.89992523,0.8999199867248535,2.6055547550640767e-06,0.8999187350273132,10.007477,10.008001327514648
3078,135.27149081230164,0.89992523,0.8999216556549072,3.11335520564171e-06,0.8999187350273132,10.007477,10.007834434509277
3079,135.3092110157013,0.8999315,0.8999249935150146,5.458098257804522e-07,0.8999249339103699,10.006851,10.007500648498535
3080,135.3544716835022,0.8999315,0.8999255895614624,1.8113073565473314e-06,0.8999249339103699,10.006851,10.00744104385376
3081,135.39170145988464,0.89993167,0.8999267220497131,2.764667442534119e-06,0.8999249339103699,10.006833,10.007327795028687
3082,135.43806791305542,0.8999319,0.8999286890029907,3.1112808756006416e-06,0.8999252319335938,10.006809,10.007131099700928
3083,135.4829912185669,0.8999319,0.8999314904212952,8.371830517717171e-08,0.8999314904212952,10.006809,10.006850957870483
3084,135.52085161209106,0.89993644,0.8999314904212952,3.253093154853559e-07,0.8999314904212952,10.006356,10.006850957870483
3085,135.56569600105286,0.89993644,0.8999317288398743,5.864249601472693e-07,0.8999314904212952,10.006356,10.006827116012573
3086,135.60406351089478,0.8999386,0.8999322652816772,1.339892037321988e-06,0.8999314904212952,10.006142,10.006773471832275
3087,135.6499559879303,0.899939,0.899932861328125,2.1185260266065598e-06,0.8999319076538086,10.0061,10.0067138671875
3088,135.69472432136536,0.89994526,0.8999342918395996,3.078516328969272e-06,0.8999319076538086,10.005474,10.006570816040039
3089,135.74131870269775,0.89994544,0.8999372124671936,2.8749566354235867e-06,0.8999320864677429,10.005456,10.00627875328064
3090,135.78755855560303,0.8999517,0.8999398350715637,2.7902510737476405e-06,0.8999379873275757,10.00483,10.006016492843628
3091,135.83489871025085,0.8999521,0.8999419808387756,3.702416961459676e-06,0.8999385833740234,10.004788,10.005801916122437
3092,135.8797309398651,0.8999568,0.8999461531639099,2.8838328489655396e-06,0.8999391794204712,10.004318,10.005384683609009
3093,135.9258472919464,0.89995694,0.8999486565589905,3.3886626624735072e-06,0.8999454379081726,10.004306,10.005134344100952
3094,135.97055840492249,0.89995694,0.8999521732330322,2.1986863885103958e-06,0.8999495506286621,10.004306,10.004782676696777
3095,136.00783944129944,0.8999635,0.8999542593955994,2.365589352848474e-06,0.8999521136283875,10.003651,10.004574060440063
3096,136.05167746543884,0.8999635,0.8999563455581665,1.6625442640361143e-06,0.8999521136283875,10.003651,10.00436544418335
3097,136.0890610218048,0.89996827,0.899957537651062,2.3311788481805706e-06,0.8999568223953247,10.003174,10.004246234893799
3098,136.13392400741577,0.8999683,0.8999587893486023,3.7580512071144767e-06,0.8999569416046143,10.003167,10.00412106513977
3099,136.17832899093628,0.8999683,0.8999615907669067,4.773513410327723e-06,0.8999569416046143,10.003167,10.003840923309326
3100,136.21540999412537,0.89997095,0.8999665975570679,2.4205894533224637e-06,0.8999611139297485,10.002905,10.003340244293213
3101,136.25976133346558,0.90000004,0.8999683856964111,1.8771037275655544e-06,0.899968147277832,9.999996,10.003161430358887
3102,136.30318307876587,0.9000078,0.8999689817428589,3.967919383285334e-06,0.8999683260917664,9.999222,10.003101825714111
3103,136.3483180999756,0.9000078,0.8999708294868469,8.306923518830445e-06,0.8999683260917664,9.999222,10.002917051315308
3104,136.38540363311768,0.9000104,0.8999754190444946,1.3454616237140726e-05,0.8999683260917664,9.99896,10.002458095550537
3105,136.43178939819336,0.9000104,0.8999846577644348,1.7196063708979636e-05,0.8999707698822021,9.99896,10.001534223556519
3106,136.46998953819275,0.9000104,0.8999993801116943,1.4482312508334871e-05,0.8999709486961365,9.99896,10.000061988830566
3107,136.50785303115845,0.90001386,0.9000086188316345,1.2323874898356735e-06,0.9000077843666077,9.998613,9.999138116836548
3108,136.56345558166504,0.90001386,0.9000097513198853,1.195013851429394e-06,0.9000077843666077,9.998613,9.999024868011475
3109,136.60476517677307,0.9000143,0.9000107049942017,9.240812346433813e-07,0.9000102281570435,9.998571,9.998929500579834
3110,136.64962792396545,0.9000163,0.9000112414360046,1.5024402273411397e-06,0.9000104069709778,9.998369,9.998875856399536
3111,136.69351840019226,0.9000173,0.9000123739242554,2.0500290247582598e-06,0.9000104069709778,9.998268,9.998762607574463
3112,136.7421007156372,0.9000418,0.9000146389007568,2.2431102024711436e-06,0.900011420249939,9.995818,9.998536109924316
3113,136.78745007514954,0.9000418,0.9000165462493896,2.951581564047956e-06,0.9000140428543091,9.995818,9.998345375061035
3114,136.8271722793579,0.900042,0.9000194072723389,5.042842531111091e-06,0.9000163078308105,9.9958,9.998059272766113
3115,136.87526965141296,0.9000513,0.9000235795974731,7.968748832354322e-06,0.900017499923706,9.99487,9.997642040252686
3116,136.92041873931885,0.900054,0.9000287652015686,1.0978674254147336e-05,0.9000199437141418,9.994602,9.99712347984314
3117,136.96433639526367,0.900054,0.9000390768051147,1.086448992282385e-05,0.900023341178894,9.994602,9.996092319488525
3118,137.0038070678711,0.90005916,0.9000495076179504,3.4780118767230306e-06,0.9000419974327087,9.994083,9.995049238204956
3119,137.0507206916809,0.900074,0.9000526666641235,2.7112071165902307e-06,0.900048017501831,9.9925995,9.994733333587646
3120,137.09728169441223,0.900074,0.900054395198822,2.10211055673426e-06,0.9000537395477295,9.9925995,9.994560480117798
3121,137.13821649551392,0.9000742,0.900055468082428,3.7789807265653508e-06,0.9000539779663086,9.992581,9.994453191757202
3122,137.18429446220398,0.90007937,0.900057852268219,6.250212663871935e-06,0.9000539779663086,9.9920635,9.9942147731781
3123,137.23165082931519,0.90009344,0.900062620639801,7.667936188227031e-06,0.9000539779663086,9.990656,9.993737936019897
3124,137.27676391601562,0.9000952,0.9000684022903442,8.632754543214105e-06,0.900059163570404,9.990478,9.993159770965576
3125,137.3210437297821,0.90011495,0.9000775814056396,6.731366738677025e-06,0.9000735282897949,9.988504,9.992241859436035
3126,137.36787915229797,0.90011543,0.9000840783119202,1.0962027772620786e-05,0.9000741839408875,9.988457,9.991592168807983
3127,137.41303181648254,0.9001267,0.9000939726829529,1.3442056115309242e-05,0.9000793695449829,9.98733,9.990602731704712
3128,137.458105802536,0.9001616,0.9001078605651855,1.0987661880790256e-05,0.9000901579856873,9.983837,9.989213943481445
3129,137.50356936454773,0.9001616,0.9001172184944153,6.539240530401003e-06,0.9001102447509766,9.983837,9.988278150558472
3130,137.54266715049744,0.9001616,0.9001219868659973,7.648782229807694e-06,0.900115430355072,9.983837,9.987801313400269
3131,137.58052802085876,0.9001621,0.9001290202140808,1.0042454960057512e-05,0.9001215100288391,9.983789,9.987097978591919
3132,137.62355995178223,0.9001657,0.9001348614692688,1.3676998605660629e-05,0.9001266956329346,9.983433,9.98651385307312
3133,137.66991591453552,0.9001657,0.9001460671424866,1.563366640766617e-05,0.9001266956329346,9.983433,9.985393285751343
3134,137.70714855194092,0.90017045,0.9001614451408386,3.170911668348708e-06,0.9001507759094238,9.982956,9.983855485916138
3135,137.75413036346436,0.90017045,0.9001635313034058,1.96464202417701e-06,0.900161623954773,9.982956,9.983646869659424
3136,137.79217338562012,0.9001741,0.9001652598381042,2.1602688775601564e-06,0.9001621007919312,9.982592,9.983474016189575
3137,137.83700299263,0.9001747,0.900166928768158,2.370465381318354e-06,0.9001656770706177,9.9825325,9.983307123184204
3138,137.88273286819458,0.9001783,0.900168776512146,3.2705802368582226e-06,0.9001656770706177,9.982168,9.9831223487854
3139,137.92640590667725,0.9001783,0.9001724123954773,2.7290668640489457e-06,0.9001699090003967,9.982168,9.98275876045227
3140,137.96319913864136,0.90017915,0.9001753330230713,2.1032699351053452e-06,0.9001704454421997,9.982085,9.982466697692871
3141,138.00763511657715,0.9001805,0.900177001953125,1.7984121996050817e-06,0.900174081325531,9.981948,9.9822998046875
3142,138.0525677204132,0.90018064,0.9001785516738892,5.062636887487315e-07,0.9001783132553101,9.981936,9.982144832611084
3143,138.0970160961151,0.90018064,0.9001787900924683,7.690920824643399e-07,0.9001783132553101,9.981936,9.982120990753174
3144,138.13476991653442,0.9001815,0.9001792669296265,9.396874247613596e-07,0.9001783132553101,9.981853,9.982073307037354
3145,138.1793351173401,0.90018284,0.9001801013946533,7.621632676091394e-07,0.9001791477203369,9.981716,9.981989860534668
3146,138.2232847213745,0.90018886,0.9001811742782593,8.435961831310124e-07,0.9001805186271667,9.981113,9.981882572174072
3147,138.26629304885864,0.90018886,0.900181770324707,1.1225263278902275e-06,0.9001806378364563,9.981113,9.981822967529297
3148,138.3044605255127,0.90026844,0.9001830220222473,5.417578449851135e-06,0.9001814723014832,9.973156,9.981697797775269
3149,138.34920644760132,0.9002707,0.9001857042312622,1.0358630788687151e-05,0.900182843208313,9.97293,9.98142957687378
3150,138.3943521976471,0.90027183,0.9001904726028442,1.820745092118159e-05,0.9001834988594055,9.972816,9.980952739715576
3151,138.43632125854492,0.90027314,0.9002009034156799,2.7999851226923056e-05,0.9001837968826294,9.972686,9.979909658432007
3152,138.48143029212952,0.9002873,0.9002192616462708,3.602629658416845e-05,0.9001918435096741,9.971273,9.978073835372925
3153,138.53025126457214,0.9002874,0.9002500772476196,3.432071753195487e-05,0.9001961946487427,9.971261,9.974992275238037
3154,138.57561779022217,0.9002908,0.9002760052680969,5.2544228310580365e-06,0.9002707004547119,9.9709215,9.972399473190308
3155,138.62095522880554,0.9002908,0.9002808928489685,4.41777365267626e-06,0.9002748131752014,9.9709215,9.97191071510315
3156,138.65675020217896,0.9002908,0.9002851843833923,3.384434421604965e-06,0.9002798795700073,9.9709215,9.971481561660767
3157,138.69512271881104,0.9002908,0.900288462638855,1.408473622177553e-06,0.9002861380577087,9.9709215,9.971153736114502
3158,138.73369455337524,0.9002908,0.9002897143363953,7.810774036443036e-07,0.9002883434295654,9.9709215,9.971028566360474
3159,138.77290606498718,0.9002908,0.9002903699874878,5.659506427946326e-07,0.9002895951271057,9.9709215,9.97096300125122
3160,138.80989813804626,0.9002908,0.9002907872200012,0.0,0.9002907872200012,9.9709215,9.970921277999878
3161,138.84758400917053,0.9002908,0.9002907872200012,0.0,0.9002907872200012,9.9709215,9.970921277999878
3162,138.88565325737,0.9002908,0.9002907872200012,0.0,0.9002907872200012,9.9709215,9.970921277999878
3163,138.92074871063232,0.9002908,0.9002907872200012,0.0,0.9002907872200012,9.9709215,9.970921277999878
3164,138.9593665599823,0.9002908,0.9002907872200012,0.0,0.9002907872200012,9.9709215,9.970921277999878
3165,138.9969186782837,0.90029454,0.9002907872200012,2.190014498637538e-07,0.9002907872200012,9.970546,9.970921277999878
3166,139.04215335845947,0.90029454,0.900290846824646,4.350964104560262e-07,0.9002907872200012,9.970546,9.9709153175354
3167,139.07882976531982,0.90029454,0.9002909660339355,9.017005595524097e-07,0.9002907872200012,9.970546,9.970903396606445
3168,139.11761713027954,0.9003253,0.9002916216850281,2.4118771762005053e-06,0.9002907872200012,9.96747,9.970837831497192
3169,139.1629421710968,0.9003253,0.9002924561500549,3.7831202917004703e-06,0.9002907872200012,9.96747,9.970754384994507
3170,139.20239305496216,0.900329,0.9002953171730042,7.60794637244544e-06,0.9002907872200012,9.9671,9.970468282699585
3171,139.25016474723816,0.900329,0.9002992510795593,1.1394298780942336e-05,0.9002945423126221,9.9671,9.970074892044067
3172,139.2896444797516,0.900329,0.9003056287765503,1.5338944649556652e-05,0.9002945423126221,9.9671,9.96943712234497
3173,139.3292543888092,0.9003296,0.9003179669380188,1.4721807929163333e-05,0.9002945423126221,9.967041,9.96820330619812
3174,139.37465596199036,0.9003296,0.9003279209136963,1.682392166912905e-06,0.9003252983093262,9.967041,9.967207908630371
3175,139.410719871521,0.9003296,0.900329053401947,1.1910787378610621e-07,0.9003289937973022,9.967041,9.967094659805298
3176,139.44833064079285,0.9003296,0.900329053401947,1.9084380653566768e-07,0.9003289937973022,9.967041,9.967094659805298
3177,139.48590803146362,0.9003296,0.9003291726112366,2.698491243791068e-07,0.9003289937973022,9.967041,9.967082738876343
3178,139.52316117286682,0.9003397,0.9003294110298157,6.723216188220249e-07,0.9003289937973022,9.966028,9.967058897018433
3179,139.56859469413757,0.9003397,0.90032958984375,8.357383762813697e-07,0.90032958984375,9.966028,9.967041015625
3180,139.60611534118652,0.90034026,0.9003300070762634,1.9505430373101262e-06,0.90032958984375,9.965974,9.966999292373657
3181,139.6521337032318,0.90034026,0.9003308415412903,3.4623758438101504e-06,0.90032958984375,9.965974,9.966915845870972
3182,139.69050073623657,0.90034026,0.900332510471344,4.7004796215333045e-06,0.90032958984375,9.965974,9.9667489528656
3183,139.72907662391663,0.90035045,0.9003360271453857,5.224757387622958e-06,0.90032958984375,9.964954,9.966397285461426
3184,139.77485489845276,0.90035045,0.9003404974937439,1.8506846117816167e-06,0.9003402590751648,9.964954,9.96595025062561
3185,139.81305813789368,0.90035045,0.9003413319587708,3.2181947062781546e-06,0.9003402590751648,9.964954,9.965866804122925
3186,139.8520143032074,0.90035045,0.9003427624702454,4.430311946634902e-06,0.9003402590751648,9.964954,9.965723752975464
3187,139.88967967033386,0.90035045,0.9003456830978394,5.079722086520633e-06,0.9003402590751648,9.964954,9.965431690216064
3188,139.92655420303345,0.90035045,0.9003505706787109,1.1920928955078125e-07,0.9003504514694214,9.964954,9.964942932128906
3189,139.96288800239563,0.90035045,0.9003505706787109,1.1920928955078125e-07,0.9003504514694214,9.964954,9.964942932128906
3190,140.00014877319336,0.90035045,0.9003505706787109,1.1920928955078125e-07,0.9003504514694214,9.964954,9.964942932128906
3191,140.03805255889893,0.90035045,0.9003505706787109,1.1920928955078125e-07,0.9003504514694214,9.964954,9.964942932128906
3192,140.0746476650238,0.90035045,0.9003505706787109,1.1920928955078125e-07,0.9003504514694214,9.964954,9.964942932128906
3193,140.11166501045227,0.90035045,0.9003505706787109,1.1920928955078125e-07,0.9003504514694214,9.964954,9.964942932128906
3194,140.14841508865356,0.90035045,0.9003505706787109,1.1920928955078125e-07,0.9003504514694214,9.964954,9.964942932128906
3195,140.18659090995789,0.90035045,0.9003505706787109,1.1920928955078125e-07,0.9003504514694214,9.964954,9.964942932128906
3196,140.22437477111816,0.90035045,0.9003505706787109,1.1920928955078125e-07,0.9003504514694214,9.964954,9.964942932128906
3197,140.26109790802002,0.90035045,0.9003505706787109,1.1920928955078125e-07,0.9003504514694214,9.964954,9.964942932128906
3198,140.3003842830658,0.90035045,0.9003505706787109,1.1920928955078125e-07,0.9003504514694214,9.964954,9.964942932128906
3199,140.33897495269775,0.9003594,0.9003505706787109,5.280641630633909e-07,0.9003504514694214,9.964061,9.964942932128906
3200,140.3839774131775,0.9003676,0.9003506898880005,1.2434159089025343e-06,0.9003504514694214,9.963238,9.964931011199951
3201,140.42885541915894,0.9003676,0.9003509879112244,2.391799171164166e-06,0.9003504514694214,9.963238,9.964901208877563
3202,140.4658284187317,0.9003676,0.9003520011901855,4.406545940582873e-06,0.9003504514694214,9.963238,9.964799880981445
3203,140.50436997413635,0.9003676,0.900354266166687,6.555788786499761e-06,0.9003504514694214,9.963238,9.964573383331299
3204,140.5424542427063,0.9003678,0.9003590941429138,7.670292688999325e-06,0.9003504514694214,9.963221,9.964090585708618
3205,140.58905577659607,0.9003678,0.9003662467002869,3.091534608756774e-06,0.9003593921661377,9.963221,9.963375329971313
3206,140.6251242160797,0.9003678,0.9003676772117615,7.200043228294817e-08,0.9003676176071167,9.963221,9.963232278823853
3207,140.66251873970032,0.9003678,0.9003676772117615,8.461563538730843e-08,0.9003676176071167,9.963221,9.963232278823853
3208,140.7002308368683,0.9003678,0.900367796421051,9.031467840259211e-08,0.9003676176071167,9.963221,9.963220357894897
3209,140.73875260353088,0.9003678,0.900367796421051,0.0,0.900367796421051,9.963221,9.963220357894897
3210,140.77794861793518,0.9003678,0.900367796421051,0.0,0.900367796421051,9.963221,9.963220357894897
3211,140.81641340255737,0.9003891,0.9003679752349854,1.6695200883987127e-06,0.900367796421051,9.961092,9.963202476501465
3212,140.86235547065735,0.9003947,0.9003685116767883,3.7970896755723516e-06,0.900367796421051,9.960532,9.963148832321167
3213,140.9068579673767,0.9003947,0.9003700613975525,6.406872671504971e-06,0.900367796421051,9.960532,9.962993860244751
3214,140.9453763961792,0.9004042,0.9003735184669495,9.730221790960059e-06,0.900367796421051,9.9595785,9.962648153305054
3215,140.99041891098022,0.90042293,0.9003810882568359,1.2743201295961626e-05,0.900367796421051,9.957706,9.961891174316406
3216,141.03636932373047,0.90042496,0.9003939628601074,8.77025922818575e-06,0.9003870487213135,9.957504,9.960603713989258
3217,141.07849955558777,0.90044385,0.9004036784172058,1.0933963494608179e-05,0.9003890752792358,9.955615,9.959632158279419
3218,141.12527656555176,0.90044385,0.9004130363464355,1.0835416105692275e-05,0.9004042148590088,9.955615,9.958696365356445
3219,141.16311764717102,0.90044576,0.900424063205719,1.0042230314866174e-05,0.9004077315330505,9.955424,9.9575936794281
3220,141.20921897888184,0.9005051,0.9004326462745667,1.0067656148748938e-05,0.9004229307174683,9.949488,9.956735372543335
3221,141.25592017173767,0.90052056,0.9004424214363098,1.0854343599930871e-05,0.9004271626472473,9.947944,9.955757856369019
3222,141.3006410598755,0.90052056,0.9004501104354858,1.8457243641023524e-05,0.9004438519477844,9.947944,9.954988956451416
3223,141.34137630462646,0.9005233,0.9004597663879395,2.8050319087924436e-05,0.9004438519477844,9.94767,9.954023361206055
3224,141.38946080207825,0.9005252,0.9004772901535034,3.484522312646732e-05,0.9004457592964172,9.947479,9.952270984649658
3225,141.4367218017578,0.9005279,0.9005092978477478,2.1175341316848062e-05,0.9004470705986023,9.94721,9.94907021522522
3226,141.48126673698425,0.90053034,0.900520920753479,2.814061872413731e-06,0.9005176424980164,9.946966,9.9479079246521
3227,141.52497720718384,0.90053034,0.9005237221717834,2.60552565123362e-06,0.9005205631256104,9.946966,9.947627782821655
3228,141.56280875205994,0.90053034,0.9005264043807983,2.491882469257689e-06,0.90052330493927,9.946966,9.947359561920166
3229,141.5992648601532,0.90053034,0.9005286693572998,1.7071411093638744e-06,0.9005252122879028,9.946966,9.94713306427002
3230,141.63745522499084,0.90053034,0.9005299210548401,7.855242643017846e-07,0.9005283713340759,9.946966,9.947007894515991
3231,141.67606687545776,0.90053034,0.900530219078064,1.1920928955078125e-07,0.9005303382873535,9.946966,9.946978092193604
3232,141.71400809288025,0.9005476,0.9005303382873535,1.0081018899654737e-06,0.9005303382873535,9.945238,9.946966171264648
3233,141.75864934921265,0.9005476,0.9005304574966431,2.0057962046848843e-06,0.9005303382873535,9.945238,9.946954250335693
3234,141.79687666893005,0.9006173,0.9005314707756042,6.445155577239348e-06,0.9005303382873535,9.93827,9.946852922439575
3235,141.8439588546753,0.9006173,0.9005351066589355,1.3957301234768238e-05,0.9005303382873535,9.93827,9.946489334106445
3236,141.88511633872986,0.9006346,0.9005442261695862,2.4453238438582048e-05,0.9005303382873535,9.936542,9.945577383041382
3237,141.95791339874268,0.90064245,0.9005639553070068,3.2393974834121764e-05,0.9005303382873535,9.935755,9.943604469299316
3238,142.00524854660034,0.90064245,0.9005911946296692,3.587911851354875e-05,0.900554895401001,9.935755,9.940880537033081
3239,142.04334616661072,0.90064245,0.9006286263465881,1.1496296792756766e-05,0.9006173014640808,9.935755,9.937137365341187
3240,142.08147811889648,0.90064245,0.9006399512290955,4.074785920238355e-06,0.9006178379058838,9.935755,9.936004877090454
3241,142.12141036987305,0.90064245,0.900642454624176,0.0,0.900642454624176,9.935755,9.935754537582397
3242,142.15912914276123,0.90064245,0.900642454624176,0.0,0.900642454624176,9.935755,9.935754537582397
3243,142.19487237930298,0.90064245,0.900642454624176,0.0,0.900642454624176,9.935755,9.935754537582397
3244,142.23332905769348,0.90064245,0.900642454624176,0.0,0.900642454624176,9.935755,9.935754537582397
3245,142.2698528766632,0.90064245,0.900642454624176,0.0,0.900642454624176,9.935755,9.935754537582397
3246,142.30695700645447,0.9006436,0.9006425738334656,1.3287140632201044e-07,0.900642454624176,9.935641,9.935742616653442
3247,142.35177278518677,0.9006436,0.9006425738334656,1.4525414826493943e-07,0.900642454624176,9.935641,9.935742616653442
3248,142.38724422454834,0.9006485,0.9006425738334656,4.001875311132608e-07,0.900642454624176,9.935152,9.935742616653442
3249,142.4371738433838,0.9006485,0.9006426334381104,6.8182094992153e-07,0.900642454624176,9.935152,9.935736656188965
3250,142.47715020179749,0.90068024,0.9006432890892029,3.934281266992912e-06,0.900642454624176,9.931975,9.935671091079712
3251,142.52342414855957,0.90068024,0.9006457924842834,8.732008609513287e-06,0.900642454624176,9.931975,9.935420751571655
3252,142.56236386299133,0.9006814,0.900650143623352,1.3286638022691477e-05,0.9006435871124268,9.931862,9.934985637664795
3253,142.60792183876038,0.9006814,0.9006588459014893,1.689777673163917e-05,0.9006435871124268,9.931862,9.934115409851074
3254,142.6452615261078,0.9006814,0.9006744027137756,1.2504012374847662e-05,0.9006484746932983,9.931862,9.932559728622437
3255,142.6836998462677,0.9006814,0.9006808400154114,5.667241111950716e-07,0.9006802439689636,9.931862,9.931915998458862
3256,142.72228908538818,0.9006814,0.9006813764572144,0.0,0.9006813764572144,9.931862,9.931862354278564
3257,142.76139283180237,0.9006814,0.9006813764572144,0.0,0.9006813764572144,9.931862,9.931862354278564
3258,142.8002417087555,0.9006814,0.9006813764572144,0.0,0.9006813764572144,9.931862,9.931862354278564
3259,142.83759832382202,0.9006814,0.9006813764572144,0.0,0.9006813764572144,9.931862,9.931862354278564
3260,142.87521815299988,0.9006857,0.9006813764572144,2.5376357370987535e-07,0.9006813764572144,9.931427,9.931862354278564
3261,142.9209909439087,0.9006917,0.9006814956665039,7.552349075012899e-07,0.9006813764572144,9.930831,9.93185043334961
3262,142.9674153327942,0.9006917,0.9006817936897278,1.5675333315812168e-06,0.9006813764572144,9.930831,9.931820631027222
3263,143.00533080101013,0.9006917,0.9006823897361755,2.581868557172129e-06,0.9006813764572144,9.930831,9.931761026382446
3264,143.042955160141,0.9006917,0.9006840586662292,3.7384991173894377e-06,0.9006813764572144,9.930831,9.931594133377075
3265,143.081609249115,0.90069556,0.9006869792938232,3.7367046843428398e-06,0.9006814360618591,9.930444,9.931302070617676
3266,143.12574291229248,0.90069604,0.9006906151771545,2.7909168238693383e-06,0.900685727596283,9.930396,9.930938482284546
3267,143.17144107818604,0.9007031,0.9006927609443665,2.02578257813002e-06,0.9006912112236023,9.929693,9.930723905563354
3268,143.21888637542725,0.9007074,0.9006944298744202,2.7120102004118962e-06,0.9006916880607605,9.929257,9.930557012557983
3269,143.26366543769836,0.9007074,0.9006969332695007,2.6391867322672624e-06,0.9006955027580261,9.929257,9.930306673049927
3270,143.30409622192383,0.90070945,0.9006990194320679,3.927457328245509e-06,0.9006960391998291,9.929055,9.930098056793213
3271,143.35156416893005,0.9007099,0.9007028341293335,4.219091351842508e-06,0.9006980657577515,9.929008,9.92971658706665
3272,143.3975305557251,0.9007099,0.9007072448730469,1.5997740092643653e-06,0.9007030725479126,9.929008,9.929275512695312
3273,143.43580102920532,0.9007099,0.9007085561752319,1.1418607073210296e-06,0.9007074236869812,9.929008,9.929144382476807
3274,143.47630620002747,0.90071565,0.9007098078727722,4.202625802918192e-07,0.9007094502449036,9.928435,9.929019212722778
3275,143.52425026893616,0.90071565,0.9007101058959961,7.208261649793712e-07,0.9007099270820618,9.928435,9.92898941040039
3276,143.56243062019348,0.90071565,0.9007103443145752,1.3721755749429576e-06,0.9007099270820618,9.928435,9.92896556854248
3277,143.60007333755493,0.90071565,0.900710940361023,2.159861878681113e-06,0.9007099270820618,9.928435,9.928905963897705
3278,143.63816618919373,0.90072757,0.9007124304771423,2.920035740316962e-06,0.9007099270820618,9.927243,9.928756952285767
3279,143.6826367378235,0.900732,0.9007151126861572,2.9173488655942492e-06,0.9007099270820618,9.926802,9.928488731384277
3280,143.72682523727417,0.9007321,0.9007170796394348,4.041462034365395e-06,0.9007156491279602,9.92679,9.928292036056519
3281,143.7727816104889,0.90073216,0.9007193446159363,6.217603640834568e-06,0.9007156491279602,9.9267845,9.928065538406372
3282,143.81822419166565,0.90073216,0.9007236957550049,7.334974725381471e-06,0.9007156491279602,9.9267845,9.927630424499512
3283,143.85688161849976,0.90073216,0.9007306694984436,2.036547812167555e-06,0.9007277488708496,9.9267845,9.92693305015564
3284,143.89519572257996,0.90073216,0.900732159614563,4.9832465265353676e-08,0.9007321000099182,9.9267845,9.926784038543701
3285,143.9352161884308,0.90073216,0.900732159614563,3.5789806673847124e-08,0.9007321000099182,9.9267845,9.926784038543701
3286,143.9722080230713,0.90073216,0.900732159614563,0.0,0.900732159614563,9.9267845,9.926784038543701
3287,144.00912141799927,0.90073216,0.900732159614563,0.0,0.900732159614563,9.9267845,9.926784038543701
3288,144.0459806919098,0.90073216,0.900732159614563,0.0,0.900732159614563,9.9267845,9.926784038543701
3289,144.08316326141357,0.90073216,0.900732159614563,0.0,0.900732159614563,9.9267845,9.926784038543701
3290,144.1212921142578,0.9007329,0.9007322192192078,7.073047925132414e-08,0.900732159614563,9.926712,9.926778078079224
3291,144.16744184494019,0.9007329,0.9007322192192078,8.889868041705995e-08,0.900732159614563,9.926712,9.926778078079224
3292,144.20426750183105,0.9007329,0.9007322192192078,1.2885456612821145e-07,0.900732159614563,9.926712,9.926778078079224
3293,144.24205803871155,0.9007329,0.9007322192192078,2.3303597629364958e-07,0.900732159614563,9.926712,9.926778078079224
3294,144.27981162071228,0.9007329,0.9007323384284973,3.159723291901173e-07,0.900732159614563,9.926712,9.926766157150269
3295,144.31647849082947,0.90074515,0.9007326364517212,8.168731824298447e-07,0.900732159614563,9.925485,9.92673635482788
3296,144.361421585083,0.90074515,0.9007329344749451,1.2368971056275768e-06,0.9007328748703003,9.925485,9.926706552505493
3297,144.39972686767578,0.9007459,0.9007333517074585,2.25573307943705e-06,0.9007328748703003,9.925407,9.92666482925415
3298,144.4448218345642,0.9007459,0.9007341861724854,3.753257942662458e-06,0.9007328748703003,9.925407,9.926581382751465
3299,144.48234248161316,0.90074766,0.9007361531257629,5.516346391232219e-06,0.9007328748703003,9.925234,9.926384687423706
3300,144.5259988307953,0.9007595,0.9007400274276733,6.436418061639415e-06,0.9007328748703003,9.924048,9.925997257232666
3301,144.57243537902832,0.9007595,0.90074622631073,1.8536612742536818e-06,0.900745153427124,9.924048,9.925377368927002
3302,144.61019587516785,0.90077233,0.9007472991943359,3.5301798106956994e-06,0.9007459282875061,9.922767,9.925270080566406
3303,144.65539264678955,0.90077716,0.9007499814033508,6.926463811396388e-06,0.9007459282875061,9.922284,9.925001859664917
3304,144.70090055465698,0.9007789,0.900754988193512,9.89530235528946e-06,0.9007476568222046,9.9221115,9.924501180648804
3305,144.74539422988892,0.9007789,0.9007634520530701,9.683120879344642e-06,0.9007476568222046,9.9221115,9.923654794692993
3306,144.78363800048828,0.9007789,0.9007726311683655,4.228094439895358e-06,0.900761067867279,9.9221115,9.922736883163452
3307,144.8217318058014,0.9007789,0.9007754921913147,2.025329195021186e-06,0.9007729887962341,9.9221115,9.92245078086853
3308,144.8596806526184,0.9007792,0.9007773995399475,1.6809136695883353e-06,0.9007740616798401,9.922081,9.922260046005249
3309,144.9050271511078,0.90078765,0.9007789492607117,8.142283149936702e-07,0.9007773995399475,9.921235,9.922105073928833
3310,144.9494755268097,0.9007896,0.9007794857025146,1.8176059484176221e-06,0.9007788896560669,9.921038,9.922051429748535
3311,144.99464988708496,0.9007953,0.9007807374000549,3.4940303521580063e-06,0.9007788896560669,9.920472,9.921926259994507
3312,145.04045581817627,0.90080154,0.9007834196090698,4.947069101035595e-06,0.9007788896560669,9.919846,9.921658039093018
3313,145.08544373512268,0.9008057,0.9007887244224548,4.032714514323743e-06,0.9007812142372131,9.919429,9.921127557754517
3314,145.13062167167664,0.90080744,0.9007927775382996,4.096103566553211e-06,0.9007893800735474,9.919256,9.920722246170044
3315,145.1766939163208,0.9008077,0.9007964134216309,4.963470928487368e-06,0.9007910490036011,9.919232,9.920358657836914
3316,145.22259497642517,0.9008107,0.9008012413978577,3.7768759284517728e-06,0.9007954597473145,9.918928,9.919875860214233
3317,145.2675223350525,0.9008108,0.9008046984672546,2.7109495022159535e-06,0.9008015394210815,9.918922,9.919530153274536
3318,145.31183004379272,0.9008271,0.9008070826530457,1.735074533826264e-06,0.9008057117462158,9.917289,9.919291734695435
3319,145.3571662902832,0.90082735,0.9008083343505859,3.2599079986539437e-06,0.9008074402809143,9.917265,9.919166564941406
3320,145.40309619903564,0.90082735,0.9008105993270874,6.375684279191773e-06,0.9008076786994934,9.917265,9.91894006729126
3321,145.44071650505066,0.90082735,0.9008150696754456,8.715891453903168e-06,0.9008076786994934,9.917265,9.918493032455444
3322,145.47989511489868,0.90082735,0.9008228778839111,6.6764514485839754e-06,0.9008076786994934,9.917265,9.917712211608887
3323,145.51881861686707,0.90082735,0.9008272290229797,1.1920928955078125e-07,0.9008273482322693,9.917265,9.917277097702026
3324,145.55800914764404,0.90082735,0.9008272290229797,1.1920928955078125e-07,0.9008273482322693,9.917265,9.917277097702026
3325,145.60002183914185,0.90082896,0.9008272886276245,1.140812528888091e-07,0.9008273482322693,9.917105,9.917271137237549
3326,145.6467535495758,0.90082896,0.9008272886276245,1.4992114927281364e-07,0.9008273482322693,9.917105,9.917271137237549
3327,145.6855070590973,0.90082896,0.9008272886276245,2.641693583882443e-07,0.9008273482322693,9.917105,9.917271137237549
3328,145.72342562675476,0.9008324,0.9008274078369141,5.70390398024756e-07,0.9008273482322693,9.916759,9.917259216308594
3329,145.76868510246277,0.9008324,0.9008277058601379,8.23902951196942e-07,0.9008273482322693,9.916759,9.917229413986206
3330,145.80698108673096,0.9008324,0.9008282423019409,1.1121845773232053e-06,0.9008273482322693,9.916759,9.917175769805908
3331,145.84510326385498,0.90083826,0.9008293151855469,1.2639084161492065e-06,0.9008289575576782,9.916174,9.917068481445312
3332,145.89001560211182,0.90083826,0.9008302092552185,2.087581151499762e-06,0.9008289575576782,9.916174,9.91697907447815
3333,145.9285855293274,0.9008401,0.9008321762084961,2.591637894511223e-06,0.9008289575576782,9.91599,9.91678237915039
3334,145.97432589530945,0.9008419,0.9008346796035767,2.4368132471863646e-06,0.9008324146270752,9.915811,9.916532039642334
3335,146.0199100971222,0.90084374,0.9008370637893677,2.643684865688556e-06,0.9008340835571289,9.915627,9.916293621063232
3336,146.0651924610138,0.90084374,0.9008398652076721,1.7204412188220886e-06,0.9008377194404602,9.915627,9.916013479232788
3337,146.10273098945618,0.90084374,0.9008413553237915,1.578987507855345e-06,0.9008401036262512,9.915627,9.91586446762085
3338,146.14165592193604,0.900847,0.9008424878120422,1.5668450714656501e-06,0.9008401036262512,9.915298,9.915751218795776
3339,146.18705368041992,0.90085065,0.9008437991142273,7.314270646929799e-07,0.9008437395095825,9.914934,9.91562008857727
3340,146.23024320602417,0.90085065,0.9008443355560303,1.7911677332449472e-06,0.9008437395095825,9.914934,9.915566444396973
3341,146.26906991004944,0.90085065,0.900845468044281,2.8357881092233583e-06,0.9008437395095825,9.914934,9.9154531955719
3342,146.30600094795227,0.90085065,0.9008471369743347,3.2756879591033794e-06,0.9008437395095825,9.914934,9.915286302566528
3343,146.34372663497925,0.90085065,0.9008505940437317,7.248718247865327e-07,0.9008470177650452,9.914934,9.914940595626831
3344,146.38130402565002,0.90086997,0.9008506536483765,1.1262931138844579e-06,0.9008506536483765,9.913004,9.914934635162354
3345,146.4268238544464,0.90086997,0.9008510708808899,2.7306448373565217e-06,0.9008506536483765,9.913004,9.91489291191101
3346,146.46394109725952,0.90086997,0.9008525609970093,5.802399300591787e-06,0.9008506536483765,9.913004,9.914743900299072
3347,146.50201988220215,0.90087533,0.9008552432060242,8.223358236136846e-06,0.9008506536483765,9.912467,9.914475679397583
3348,146.54782032966614,0.9008811,0.9008604288101196,9.73394162429031e-06,0.9008506536483765,9.911889,9.913957118988037
3349,146.59348559379578,0.90090036,0.9008702635765076,2.191385192418238e-06,0.9008699655532837,9.909964,9.912973642349243
3350,146.63888692855835,0.90090036,0.9008714556694031,5.496699941431871e-06,0.9008699655532837,9.909964,9.912854433059692
3351,146.6770842075348,0.9009058,0.9008744359016418,9.809059520193841e-06,0.9008699655532837,9.909421,9.912556409835815
3352,146.7229106426239,0.9009058,0.9008811116218567,1.332115334662376e-05,0.9008699655532837,9.909421,9.911888837814331
3353,146.76292943954468,0.9009058,0.9008927941322327,1.186683130072197e-05,0.9008753299713135,9.909421,9.910720586776733
3354,146.8013401031494,0.9009069,0.9009018540382385,2.35455809161067e-06,0.9009003639221191,9.9093075,9.909814596176147
3355,146.84640049934387,0.9009069,0.9009038209915161,2.4565088097006083e-06,0.9009003639221191,9.9093075,9.909617900848389
3356,146.88430285453796,0.9009081,0.9009059071540833,4.3488807932590134e-07,0.9009057879447937,9.909189,9.909409284591675
3357,146.92924165725708,0.9009081,0.9009062051773071,5.902248290112766e-07,0.9009057879447937,9.909189,9.909379482269287
3358,146.96686363220215,0.90091443,0.9009068012237549,8.117311836031149e-07,0.9009057879447937,9.908557,9.909319877624512
3359,147.01203203201294,0.90091443,0.900907576084137,1.6975386643025558e-06,0.9009069204330444,9.908557,9.909242391586304
3360,147.05021119117737,0.9009237,0.9009090065956116,3.253302338634967e-06,0.9009069204330444,9.907627,9.909099340438843
3361,147.0989053249359,0.9009261,0.9009116888046265,4.094149517186452e-06,0.9009081125259399,9.907389,9.908831119537354
3362,147.14450669288635,0.9009261,0.9009160399436951,3.369416617715615e-06,0.9009127616882324,9.907389,9.908396005630493
3363,147.18637418746948,0.9009261,0.9009189605712891,4.134293703828007e-06,0.9009144306182861,9.907389,9.908103942871094
3364,147.22532868385315,0.9009261,0.9009227156639099,2.617245854708017e-06,0.9009202718734741,9.907389,9.907728433609009
3365,147.26253843307495,0.9009261,0.9009256362915039,1.0373920531492331e-06,0.9009237289428711,9.907389,9.90743637084961
3366,147.30093717575073,0.900932,0.9009261131286621,3.458613946349942e-07,0.9009261131286621,9.906798,9.907388687133789
3367,147.34601402282715,0.900932,0.9009262323379517,4.927279633193393e-07,0.9009261131286621,9.906798,9.907376766204834
3368,147.38354563713074,0.900932,0.9009262323379517,8.719823654246284e-07,0.9009261131286621,9.906798,9.907376766204834
3369,147.41951870918274,0.900932,0.9009268879890442,1.801270741452754e-06,0.9009261131286621,9.906798,9.907311201095581
3370,147.45824646949768,0.90093243,0.900927722454071,2.533247425162699e-06,0.9009261131286621,9.906757,9.907227754592896
3371,147.503764629364,0.90093243,0.9009297490119934,2.724009846133413e-06,0.9009265303611755,9.906757,9.90702509880066
3372,147.54187536239624,0.9009345,0.9009320735931396,2.2187937531725765e-07,0.9009320139884949,9.9065485,9.906792640686035
3373,147.5874538421631,0.9009345,0.900932252407074,2.8295394827182463e-07,0.9009320139884949,9.9065485,9.906774759292603
3374,147.6252245903015,0.90093493,0.9009324908256531,3.438816804646194e-07,0.9009320139884949,9.906507,9.906750917434692
3375,147.6710548400879,0.90093493,0.9009325504302979,5.874697990293498e-07,0.9009324312210083,9.906507,9.906744956970215
3376,147.71444725990295,0.90093493,0.9009329080581665,9.239406608685385e-07,0.9009324312210083,9.906507,9.90670919418335
3377,147.755113363266,0.90093493,0.9009335041046143,1.193032744595257e-06,0.9009324312210083,9.906507,9.906649589538574
3378,147.7932231426239,0.90093493,0.9009347558021545,6.493218620562402e-07,0.9009324312210083,9.906507,9.906524419784546
3379,147.83152985572815,0.90093493,0.9009350538253784,1.1920928955078125e-07,0.9009349346160889,9.906507,9.906494617462158
3380,147.86986374855042,0.9009366,0.9009350538253784,1.4943675807899126e-07,0.9009349346160889,9.90634,9.906494617462158
3381,147.91413068771362,0.9009366,0.9009350538253784,1.74504535266351e-07,0.9009349346160889,9.90634,9.906494617462158
3382,147.95148634910583,0.90093905,0.900935173034668,4.106201174636226e-07,0.9009349346160889,9.9060955,9.906482696533203
3383,147.9965741634369,0.90093905,0.9009352922439575,7.459698281309102e-07,0.9009349346160889,9.9060955,9.906470775604248
3384,148.03479981422424,0.90093905,0.900935709476471,1.1588571169340867e-06,0.9009349346160889,9.9060955,9.906429052352905
3385,148.0726716518402,0.9009407,0.9009364247322083,1.4247281114876387e-06,0.9009349346160889,9.905929,9.906357526779175
3386,148.1179084777832,0.9009413,0.9009378552436829,1.392771309838281e-06,0.9009366035461426,9.905869,9.906214475631714
3387,148.1623568534851,0.9009413,0.9009393453598022,1.4483321137959138e-06,0.9009371995925903,9.905869,9.906065464019775
3388,148.19987225532532,0.9009745,0.9009407758712769,2.2012118279235438e-06,0.9009390473365784,9.902549,9.905922412872314
3389,148.24447107315063,0.9009745,0.9009416103363037,2.7298967779643135e-06,0.9009413123130798,9.902549,9.905838966369629
3390,148.2819106578827,0.9009917,0.900942325592041,5.75367175770225e-06,0.9009413123130798,9.900832,9.905767440795898
3391,148.3265495300293,0.9009917,0.900945246219635,1.1450788406364154e-05,0.9009413123130798,9.900832,9.905475378036499
3392,148.36410641670227,0.90099585,0.9009523987770081,1.888028418761678e-05,0.9009413123130798,9.900415,9.904760122299194
3393,148.4087688922882,0.90099585,0.9009658694267273,2.252358535770327e-05,0.9009413123130798,9.900415,9.90341305732727
3394,148.4480104446411,0.90099585,0.9009878039360046,8.983174666354898e-06,0.9009745121002197,9.900415,9.901219606399536
3395,148.48620223999023,0.90099585,0.9009946584701538,1.8502731791159022e-06,0.900991678237915,9.900415,9.90053415298462
3396,148.5252227783203,0.9009961,0.9009957909584045,6.19897662090807e-08,0.9009958505630493,9.900391,9.900420904159546
3397,148.57072949409485,0.90099615,0.9009957909584045,7.166397608671105e-08,0.9009958505630493,9.900385,9.900420904159546
3398,148.61572265625,0.9009962,0.9009957909584045,1.0152685803177519e-07,0.9009958505630493,9.900379,9.900420904159546
3399,148.6624734401703,0.9009962,0.9009957909584045,1.5200237157841912e-07,0.9009958505630493,9.900379,9.900420904159546
3400,148.69973826408386,0.9009964,0.9009959101676941,1.5930011443288095e-07,0.9009958505630493,9.900361,9.90040898323059
3401,148.74662446975708,0.9010005,0.9009959697723389,3.269489354806865e-07,0.9009958505630493,9.89995,9.900403022766113
3402,148.79233121871948,0.90102005,0.9009963274002075,1.4562679098162334e-06,0.9009961485862732,9.897995,9.900367259979248
3403,148.83596968650818,0.90102005,0.9009969234466553,3.2825414564285893e-06,0.900996208190918,9.897995,9.900307655334473
3404,148.87630009651184,0.90102005,0.9009987711906433,6.021886747475946e-06,0.900996208190918,9.897995,9.900122880935669
3405,148.9145131111145,0.90102005,0.9010019898414612,8.285234798677266e-06,0.9009965062141418,9.897995,9.899801015853882
3406,148.95399355888367,0.9010247,0.9010082483291626,8.43943143991055e-06,0.9009965062141418,9.89753,9.89917516708374
3407,148.99781370162964,0.9010247,0.9010166525840759,4.611985332303448e-06,0.9010055065155029,9.89753,9.898334741592407
3408,149.0361523628235,0.9010247,0.9010205864906311,1.6379791532017407e-06,0.9010193943977356,9.89753,9.89794135093689
3409,149.07423973083496,0.9010247,0.9010217189788818,2.219757561761071e-06,0.9010200500488281,9.89753,9.897828102111816
3410,149.11196875572205,0.9010247,0.9010236859321594,1.8619755337567767e-06,0.9010200500488281,9.89753,9.897631406784058
3411,149.1494972705841,0.9010358,0.9010247588157654,6.613764753637952e-07,0.9010246992111206,9.896421,9.897524118423462
3412,149.19477677345276,0.9010358,0.9010248780250549,1.3057890555501217e-06,0.9010246992111206,9.896421,9.897512197494507
3413,149.2320590019226,0.9010358,0.9010252952575684,2.1511555132747162e-06,0.9010246992111206,9.896421,9.897470474243164
3414,149.26953792572021,0.90104043,0.9010263085365295,3.785074568440905e-06,0.9010246992111206,9.895956,9.897369146347046
3415,149.31324076652527,0.90104294,0.901028573513031,5.7171209846274e-06,0.9010246992111206,9.895706,9.8971426486969
3416,149.35705947875977,0.90104425,0.901033341884613,6.306632712949067e-06,0.9010246992111206,9.895575,9.896665811538696
3417,149.40368175506592,0.90104425,0.9010393619537354,2.5321776320197387e-06,0.9010357856750488,9.895575,9.896063804626465
3418,149.44098734855652,0.90104425,0.9010412693023682,1.255317442883097e-06,0.9010404348373413,9.895575,9.895873069763184
3419,149.4788465499878,0.90104675,0.901042103767395,1.4790460909352987e-06,0.9010404348373413,9.895325,9.895789623260498
3420,149.5324559211731,0.90104675,0.9010435342788696,9.377919241160271e-07,0.9010429382324219,9.895325,9.895646572113037
3421,149.57364320755005,0.90104693,0.9010443687438965,1.3314124771568459e-06,0.9010429382324219,9.895307,9.895563125610352
3422,149.63115859031677,0.90104693,0.9010455012321472,1.25808912798675e-06,0.9010442495346069,9.895307,9.895449876785278
3423,149.67385339736938,0.90108573,0.901046872138977,2.2715851173416013e-06,0.9010444283485413,9.891426,9.895312786102295
3424,149.7199285030365,0.90108806,0.9010474681854248,5.087375939183403e-06,0.9010467529296875,9.891194,9.89525318145752
3425,149.7663071155548,0.90108824,0.9010492563247681,9.466562914894894e-06,0.9010467529296875,9.891176,9.895074367523193
3426,149.81623768806458,0.90108824,0.9010534882545471,1.4937071682652459e-05,0.9010469317436218,9.891176,9.894651174545288
3427,149.85468816757202,0.90108824,0.9010626077651978,1.968173273780849e-05,0.9010469317436218,9.891176,9.893739223480225
3428,149.89321327209473,0.9010895,0.9010786414146423,1.6757496268837713e-05,0.9010469317436218,9.891051,9.892135858535767
3429,149.93809056282043,0.90110075,0.9010883569717407,8.328306648763828e-07,0.9010880589485168,9.889925,9.891164302825928
3430,149.98175621032715,0.90110075,0.9010885953903198,1.3882065559300827e-06,0.9010882377624512,9.889925,9.891140460968018
3431,150.02064847946167,0.9011023,0.9010891318321228,2.5753240606718464e-06,0.9010882377624512,9.88977,9.89108681678772
