generation,elapsed_time_sec,best,mean,std,worst,best_error,mean_error
1,0.034349918365478516,0.5338623,0.44437167048454285,0.03232979029417038,0.4015878438949585,46.61377,55.562832951545715
2,0.07727813720703125,0.53700316,0.4733959436416626,0.026073450222611427,0.4377564787864685,46.299683,52.66040563583374
3,0.11889815330505371,0.57957447,0.49794480204582214,0.02129419520497322,0.4703558087348938,42.042553,50.205519795417786
4,0.16090774536132812,0.57957447,0.5188705921173096,0.017379984259605408,0.495414674282074,42.042553,48.11294078826904
5,0.1963493824005127,0.58957314,0.5353567600250244,0.01670648530125618,0.5160101652145386,41.042686,46.46432399749756
6,0.2404031753540039,0.5983305,0.5501872301101685,0.01587408035993576,0.5309394001960754,40.16695,44.981276988983154
7,0.28234314918518066,0.6006882,0.5638794302940369,0.01370165403932333,0.5468547940254211,39.93118,43.61205697059631
8,0.32587289810180664,0.6190142,0.5771322250366211,0.011376610957086086,0.5608344078063965,38.09858,42.28677749633789
9,0.3679955005645752,0.6291305,0.5883302092552185,0.010791025124490261,0.576858639717102,37.086952,41.16697907447815
10,0.4122903347015381,0.6293521,0.5983830690383911,0.011332361958920956,0.5847659707069397,37.06479,40.16169309616089
11,0.4533045291900635,0.64330304,0.6085797548294067,0.011066281236708164,0.5952771902084351,35.669697,39.142024517059326
12,0.49538350105285645,0.6521622,0.6192354559898376,0.010482603684067726,0.6049917936325073,34.78378,38.076454401016235
13,0.5418615341186523,0.6609415,0.6296231746673584,0.009623165242373943,0.6185219287872314,33.905853,37.03768253326416
14,0.5840418338775635,0.6686815,0.6389570236206055,0.009099938906729221,0.6278712153434753,33.13185,36.10429763793945
15,0.6277809143066406,0.6769208,0.6479601860046387,0.007914811372756958,0.638408362865448,32.307922,35.20398139953613
16,0.7023606300354004,0.67926455,0.6495652794837952,0.008388642221689224,0.6400127410888672,32.073547,35.04347205162048
17,0.7458488941192627,0.68255025,0.6573196053504944,0.00830716360360384,0.6478902101516724,31.744974,34.26803946495056
18,0.7880434989929199,0.6889089,0.6649385094642639,0.008309721015393734,0.6551628112792969,31.109112,33.50614905357361
19,0.8338499069213867,0.69752157,0.6728549003601074,0.0072280047461390495,0.6632590889930725,30.247843,32.71450996398926
20,0.884040355682373,0.70556605,0.6798892021179199,0.0060739098116755486,0.6719720363616943,29.443396,32.01107978820801
21,0.9276342391967773,0.7070906,0.6857767105102539,0.006599879823625088,0.678411602973938,29.29094,31.42232894897461
22,0.9733812808990479,0.7132703,0.6923214197158813,0.0063584125600755215,0.6844552159309387,28.67297,30.767858028411865
23,1.0166740417480469,0.71461713,0.6982325315475464,0.005819621495902538,0.6901984214782715,28.538286,30.17674684524536
24,1.0581562519073486,0.7231891,0.7039676308631897,0.005147743970155716,0.6975215673446655,27.681087,29.60323691368103
25,1.1008152961730957,0.7231891,0.7084380984306335,0.004151505883783102,0.702700138092041,27.681087,29.156190156936646
26,1.1368250846862793,0.725616,0.712317943572998,0.004144043195992708,0.7070906162261963,27.438402,28.768205642700195
27,1.1794044971466064,0.72735405,0.7161501049995422,0.003675544634461403,0.7119319438934326,27.264595,28.384989500045776
28,1.222425937652588,0.7317606,0.7196691632270813,0.0035489709116518497,0.7151574492454529,26.823938,28.03308367729187
29,1.2656185626983643,0.73459595,0.722934365272522,0.002985453698784113,0.7189007997512817,26.540405,27.706563472747803
30,1.3085741996765137,0.73459595,0.7254974842071533,0.0024740570224821568,0.7223570346832275,26.540405,27.450251579284668
31,1.343770980834961,0.7348312,0.727882444858551,0.0023388806730508804,0.7251074314117432,26.516878,27.211755514144897
32,1.3847081661224365,0.7394357,0.7301390171051025,0.0022193684708327055,0.7273540496826172,26.056433,26.986098289489746
33,1.4278099536895752,0.7417526,0.7324246764183044,0.0021382917184382677,0.7300463914871216,25.824738,26.757532358169556
34,1.4691298007965088,0.7447442,0.734405517578125,0.0023041563108563423,0.7317606210708618,25.525581,26.5594482421875
35,1.513671875,0.7460158,0.7364362478256226,0.0024486645124852657,0.7343924641609192,25.398422,26.356375217437744
36,1.5559077262878418,0.7483988,0.7384702563285828,0.0028034583665430546,0.7352943420410156,25.160122,26.152974367141724
37,1.5987422466278076,0.751987,0.7411506175994873,0.002670370042324066,0.7378045320510864,24.801302,25.88493824005127
38,1.6399376392364502,0.751987,0.7437066435813904,0.0024253609590232372,0.7407628297805786,24.801302,25.629335641860962
39,1.6759076118469238,0.75319153,0.7458894848823547,0.0023085540160536766,0.7431455850601196,24.680847,25.411051511764526
40,1.7177824974060059,0.7551325,0.7480847239494324,0.002117352792993188,0.7457078695297241,24.48675,25.191527605056763
41,1.7609930038452148,0.7553251,0.7502238154411316,0.001897249137982726,0.7478815913200378,24.467491,24.97761845588684
42,1.803990364074707,0.757403,0.7520368099212646,0.0016548722051084042,0.7499116659164429,24.259699,24.796319007873535
43,1.8454978466033936,0.75984854,0.7536779046058655,0.0014707548543810844,0.7519869804382324,24.015146,24.632209539413452
44,1.8882970809936523,0.75984854,0.7551726698875427,0.0014475167263299227,0.7535083293914795,24.015146,24.482733011245728
45,1.927377462387085,0.760465,0.756402850151062,0.0015233000740408897,0.7548126578330994,23.953497,24.3597149848938
46,1.9725251197814941,0.7625876,0.7578986883163452,0.001390489167533815,0.755782961845398,23.74124,24.21013116836548
47,2.015594244003296,0.7642344,0.7593632340431213,0.001114075304940343,0.7579115033149719,23.576557,24.063676595687866
48,2.0601794719696045,0.7661102,0.7604578137397766,0.0013392408145591617,0.7593494653701782,23.38898,23.95421862602234
49,2.1070640087127686,0.7661102,0.7615256905555725,0.0015955195995047688,0.7599114179611206,23.38898,23.84743094444275
50,2.1458375453948975,0.7664875,0.7632215619087219,0.0012401737039908767,0.7608603835105896,23.351252,23.677843809127808
51,2.205338478088379,0.77074075,0.7643938660621643,0.0011380421929061413,0.7632827162742615,22.925926,23.56061339378357
52,2.249803304672241,0.7715953,0.7653785347938538,0.0016559113282710314,0.764094352722168,22.84047,23.462146520614624
53,2.293682813644409,0.77283645,0.7668628692626953,0.0021403487771749496,0.7648035287857056,22.716354,23.31371307373047
54,2.335160732269287,0.775125,0.7687462568283081,0.0022354666143655777,0.7661101818084717,22.487497,23.12537431716919
55,2.3767762184143066,0.7751694,0.7711160182952881,0.0011951863998547196,0.7696539163589478,22.483063,22.88839817047119
56,2.418938636779785,0.77850336,0.7722315192222595,0.0013876077719032764,0.7707407474517822,22.149664,22.776848077774048
57,2.4604644775390625,0.77966154,0.7736005187034607,0.0016076962929219007,0.7718627452850342,22.033846,22.63994812965393
58,2.5034382343292236,0.78205884,0.7750528454780579,0.0018629941623657942,0.773114025592804,21.794117,22.494715452194214
59,2.5463273525238037,0.7857792,0.7768151164054871,0.0021790089085698128,0.7744675278663635,21.422083,22.318488359451294
60,2.590017557144165,0.7857792,0.77911376953125,0.0019149173749610782,0.7766780853271484,21.422083,22.088623046875
61,2.6262149810791016,0.78829896,0.780940592288971,0.0021290741860866547,0.7786815762519836,21.170103,21.905940771102905
62,2.666023015975952,0.788344,0.7830084562301636,0.0018333235057070851,0.7803155183792114,21.165598,21.699154376983643
63,2.7073049545288086,0.78885597,0.7847042083740234,0.001527333282865584,0.7829021215438843,21.114403,21.529579162597656
64,2.748495578765869,0.78977346,0.7860573530197144,0.0012878308771178126,0.7844600677490234,21.022654,21.394264698028564
65,2.79093599319458,0.79075134,0.7871153354644775,0.001156229292973876,0.7857791781425476,20.924866,21.288466453552246
66,2.836580991744995,0.79145867,0.7883061766624451,0.0009271664312109351,0.7869133353233337,20.854134,21.169382333755493
67,2.879974603652954,0.79291147,0.7891915440559387,0.0009874599054455757,0.7882989645004272,20.708853,21.080845594406128
68,2.924605369567871,0.7935622,0.7902277708053589,0.0010840472532436252,0.7889255881309509,20.643784,20.97722291946411
69,2.967194080352783,0.79456884,0.7913653254508972,0.001032629981637001,0.7899404168128967,20.543116,20.86346745491028
70,3.0088090896606445,0.7953495,0.7924039959907532,0.0010105038527399302,0.7912490367889404,20.465052,20.759600400924683
71,3.05124568939209,0.7982238,0.793404221534729,0.0008772304863668978,0.7921328544616699,20.17762,20.6595778465271
72,3.0922691822052,0.7982238,0.7941836714744568,0.0007120863883756101,0.7932466268539429,20.17762,20.58163285255432
73,3.128312587738037,0.79891074,0.7948660850524902,0.0006747907609678805,0.7941997647285461,20.108927,20.513391494750977
74,3.1754872798919678,0.79891074,0.7954054474830627,0.0010114829055964947,0.7947507500648499,20.108927,20.459455251693726
75,3.2107460498809814,0.79942393,0.7961223721504211,0.0013450045371428132,0.7950430512428284,20.057606,20.387762784957886
76,3.2534821033477783,0.8015441,0.7973002791404724,0.0014708969974890351,0.7954959273338318,19.845592,20.26997208595276
77,3.299168586730957,0.8032937,0.7988099455833435,0.0007004887447692454,0.7979870438575745,19.67063,20.11900544166565
78,3.3415868282318115,0.8032937,0.7994164228439331,0.0008656822610646486,0.7988581657409668,19.67063,20.05835771560669
79,3.3760108947753906,0.804188,0.7999858856201172,0.001134046702645719,0.7990666031837463,19.5812,20.00141143798828
80,3.417384386062622,0.8043926,0.8009133338928223,0.0012553529813885689,0.799540638923645,19.560741,19.908666610717773
81,3.461815595626831,0.8051722,0.8021173477172852,0.0009868423221632838,0.8009858131408691,19.48278,19.788265228271484
82,3.503145694732666,0.80568755,0.8030306100845337,0.0009337004157714546,0.8017880320549011,19.431246,19.69693899154663
83,3.5442230701446533,0.80658126,0.8039630651473999,0.0008199195726774633,0.8027247190475464,19.341873,19.60369348526001
84,3.585796594619751,0.80672944,0.8047530055046082,0.0005791867733933032,0.8039624691009521,19.327057,19.524699449539185
85,3.6320505142211914,0.8071032,0.8052993416786194,0.000545962480828166,0.8045946955680847,19.289679,19.47006583213806
86,3.6761302947998047,0.8077729,0.8057882189750671,0.00052147131646052,0.8052331209182739,19.222713,19.421178102493286
87,3.7157845497131348,0.8079845,0.8062869906425476,0.0005344270030036569,0.8056255578994751,19.201553,19.37130093574524
88,3.7585835456848145,0.8082299,0.8068339228630066,0.0004184152639936656,0.8062954545021057,19.177008,19.31660771369934
89,3.8002047538757324,0.8087182,0.807210385799408,0.00047917276970110834,0.8067209720611572,19.12818,19.278961420059204
90,3.843549966812134,0.8096849,0.807695209980011,0.0004799056623596698,0.8070768713951111,19.031513,19.2304790019989
91,3.8855135440826416,0.8096849,0.8081808090209961,0.0004145603161305189,0.8077622652053833,19.031513,19.18191909790039
92,3.921239137649536,0.8111206,0.8085770606994629,0.0005028808955103159,0.8080917596817017,18.887938,19.14229393005371
93,3.963071584701538,0.8124846,0.8090553879737854,0.0006539306486956775,0.8083981871604919,18.751537,19.09446120262146
94,4.003047943115234,0.8124846,0.8096683621406555,0.0007679546251893044,0.8089284300804138,18.751537,19.03316378593445
95,4.037120580673218,0.81249344,0.8104096055030823,0.0008966911118477583,0.8094462752342224,18.750656,18.959039449691772
96,4.08150839805603,0.814597,0.8113002777099609,0.0007367104408331215,0.8102736473083496,18.540298,18.869972229003906
97,4.124135732650757,0.8146028,0.8119866847991943,0.0006459196447394788,0.8112531304359436,18.53972,18.801331520080566
98,4.16499400138855,0.8146064,0.8126252293586731,0.0006863503367640078,0.8119834661483765,18.539356,18.73747706413269
99,4.209272384643555,0.8148685,0.8131184577941895,0.0008408676949329674,0.8124707937240601,18.51315,18.688154220581055
100,4.2531914710998535,0.8161164,0.8138511180877686,0.0008946206653490663,0.8126298785209656,18.388361,18.614888191223145
101,4.295849084854126,0.81710005,0.8148053884506226,0.000491640530526638,0.8141626715660095,18.289995,18.519461154937744
102,4.338214874267578,0.81826997,0.8151743412017822,0.000659841694869101,0.814602792263031,18.173004,18.482565879821777
103,4.3810715675354,0.81829536,0.815748929977417,0.0007546864217147231,0.8148685097694397,18.170464,18.4251070022583
104,4.422832727432251,0.81872535,0.8165146708488464,0.0007517692865803838,0.8156666159629822,18.127464,18.348532915115356
105,4.464899778366089,0.8191012,0.8172709941864014,0.0007732503581792116,0.816270112991333,18.089878,18.272900581359863
106,4.5054333209991455,0.81921417,0.818017840385437,0.0005440190434455872,0.8171000480651855,18.078583,18.1982159614563
107,4.547903060913086,0.81921417,0.8185127377510071,0.0002520203706808388,0.8181828856468201,18.078583,18.148726224899292
108,4.582917213439941,0.8194604,0.8187514543533325,0.00022758437262382358,0.8184848427772522,18.05396,18.124854564666748
109,4.624117851257324,0.81993484,0.8189672231674194,0.00021338557417038828,0.8187253475189209,18.006516,18.103277683258057
110,4.666738271713257,0.82022333,0.819191038608551,0.0002008907322306186,0.8189361095428467,17.977667,18.080896139144897
111,4.707476854324341,0.82048553,0.8193956017494202,0.00024044705787673593,0.8191633224487305,17.951447,18.060439825057983
112,4.749699592590332,0.8206282,0.819636881351471,0.00031871709506958723,0.8193305730819702,17.937178,18.036311864852905
113,4.790896415710449,0.82081306,0.8199288249015808,0.00037009731750003994,0.8195009231567383,17.918694,18.00711750984192
114,4.831900358200073,0.8213081,0.8203322887420654,0.0003064496268052608,0.8198757171630859,17.869192,17.966771125793457
115,4.874759197235107,0.82137245,0.8206323981285095,0.000229107346967794,0.820335328578949,17.862755,17.936760187149048
116,4.917463302612305,0.8224691,0.8208629488945007,0.00026191514916718006,0.8205848932266235,17.753088,17.913705110549927
117,4.959622144699097,0.8229722,0.8211193680763245,0.0003479841980151832,0.8207891583442688,17.702782,17.888063192367554
118,5.001050233840942,0.82298976,0.8214482069015503,0.0004477679030969739,0.8210585117340088,17.701023,17.85517930984497
119,5.042471408843994,0.82355744,0.8218562602996826,0.0006213583401404321,0.8213080763816833,17.644257,17.81437397003174
120,5.082953691482544,0.82390076,0.8224406242370605,0.0006579805049113929,0.8216018676757812,17.609924,17.755937576293945
121,5.123642206192017,0.8245486,0.823117733001709,0.0003901309974025935,0.8224725723266602,17.54514,17.6882266998291
122,5.164895296096802,0.8245486,0.8234976530075073,0.00028601870872080326,0.8231261372566223,17.54514,17.650234699249268
123,5.199295282363892,0.8246383,0.823765218257904,0.00028603250393643975,0.8234461545944214,17.53617,17.623478174209595
124,5.23866868019104,0.8251315,0.8240401148796082,0.00028566757100634277,0.8237177133560181,17.486853,17.595988512039185
125,5.280566692352295,0.82519597,0.8243293166160583,0.00028938596369698644,0.8239673972129822,17.480404,17.567068338394165
126,5.32361102104187,0.82570267,0.8246318697929382,0.00026800361229106784,0.8242934346199036,17.429733,17.536813020706177
127,5.365058660507202,0.82570267,0.824898362159729,0.0002610759693197906,0.824548602104187,17.429733,17.5101637840271
128,5.399239540100098,0.8259005,0.8251524567604065,0.00023196173424366862,0.8248729109764099,17.40995,17.48475432395935
129,5.443370342254639,0.8262024,0.8253855109214783,0.00022863634512759745,0.8251277208328247,17.37976,17.461448907852173
130,5.483896017074585,0.8262024,0.8256118297576904,0.00020539321121759713,0.8253560066223145,17.37976,17.438817024230957
131,5.516427278518677,0.8263354,0.8258219957351685,0.0001680764544289559,0.825598955154419,17.366463,17.417800426483154
132,5.5559470653533936,0.8263522,0.8259822726249695,0.00013572264288086444,0.8258064985275269,17.364782,17.40177273750305
133,5.594932794570923,0.82695085,0.8261193633079529,0.00013853274867869914,0.8259525299072266,17.304914,17.388063669204712
134,5.63800048828125,0.82695085,0.8262577056884766,0.00016092188889160752,0.82610023021698,17.304914,17.374229431152344
135,5.671803712844849,0.8271615,0.8264028429985046,0.00020837271586060524,0.8262097835540771,17.283852,17.359715700149536
136,5.711522579193115,0.82750344,0.826612651348114,0.0002362970117246732,0.8263353705406189,17.249657,17.3387348651886
137,5.753073453903198,0.82773256,0.8268527388572693,0.00024191377451643348,0.8265645503997803,17.226744,17.31472611427307
138,5.793450832366943,0.8278823,0.827089250087738,0.0002250751422252506,0.8268221616744995,17.211771,17.291074991226196
139,5.8347203731536865,0.82813036,0.8272978067398071,0.00021201843628659844,0.8270299434661865,17.186964,17.270219326019287
140,5.876001834869385,0.8285355,0.8274860978126526,0.00019978958880528808,0.8272503018379211,17.14645,17.25139021873474
141,5.916111946105957,0.8286148,0.8277004957199097,0.00023172097280621529,0.8274691104888916,17.138523,17.229950428009033
142,5.957860946655273,0.8286518,0.8279339075088501,0.00025347701739519835,0.827663004398346,17.13482,17.20660924911499
143,5.998208999633789,0.8290229,0.8281814455986023,0.00025791244115680456,0.8278822898864746,17.097712,17.18185544013977
144,6.03825831413269,0.82909334,0.8284298181533813,0.00022461582557298243,0.8281303644180298,17.090666,17.157018184661865
145,6.07738184928894,0.8292612,0.8286513686180115,0.0001914109889185056,0.8284132480621338,17.073881,17.134863138198853
146,6.1177074909210205,0.8293739,0.8288174271583557,0.0001834353752201423,0.8286062479019165,17.06261,17.11825728416443
147,6.1594579219818115,0.8296647,0.8290069103240967,0.00016598094953224063,0.8287710547447205,17.03353,17.099308967590332
148,6.2022175788879395,0.8297381,0.8291695713996887,0.00016613482148386538,0.8289952278137207,17.026192,17.083042860031128
149,6.244166851043701,0.8298516,0.8293406367301941,0.00018341693794354796,0.8291161060333252,17.014837,17.06593632698059
150,6.28493332862854,0.8299875,0.829525351524353,0.00016236012743320316,0.8292864561080933,17.001247,17.047464847564697
151,6.326212406158447,0.830349,0.8296856880187988,0.00012671340664383024,0.8295175433158875,16.965097,17.031431198120117
152,6.366549730300903,0.830349,0.8297954797744751,0.00012452263035811484,0.8296726942062378,16.965097,17.02045202255249
153,6.4006171226501465,0.830349,0.8299112319946289,0.00013616571959573776,0.8297585248947144,16.965097,17.00887680053711
154,6.433424949645996,0.8303696,0.8300360441207886,0.00013724602467846125,0.8298828601837158,16.963041,16.996395587921143
155,6.473816394805908,0.8306102,0.8301651477813721,0.00014681470929645002,0.8299984931945801,16.938978,16.983485221862793
156,6.5136754512786865,0.8308081,0.830319881439209,0.00013983887038193643,0.8301289081573486,16.91919,16.9680118560791
157,6.553736448287964,0.8310801,0.830474853515625,0.00015480681031476706,0.8303356170654297,16.891993,16.9525146484375
158,6.59555721282959,0.83177596,0.8306346535682678,0.00020220181613694876,0.8304229974746704,16.822403,16.936534643173218
159,6.635305881500244,0.83177596,0.8308507800102234,0.0002503051655367017,0.8305875658988953,16.822403,16.91492199897766
160,6.668704986572266,0.83232117,0.8310973048210144,0.0002899821847677231,0.8308025598526001,16.767883,16.89026951789856
161,6.708378314971924,0.83232117,0.8313589692115784,0.000308032613247633,0.8310424089431763,16.767883,16.864103078842163
162,6.742616653442383,0.83232117,0.8316441178321838,0.00026505751884542406,0.8312653303146362,16.767883,16.835588216781616
163,6.7757251262664795,0.83300245,0.8319069147109985,0.0002283628418808803,0.8316331505775452,16.699755,16.809308528900146
164,6.815201997756958,0.8330255,0.8321207165718079,0.00024571834364905953,0.8318429589271545,16.697449,16.787928342819214
165,6.855988264083862,0.8330255,0.8323609828948975,0.00024309211585205048,0.832067608833313,16.697449,16.763901710510254
166,6.891968488693237,0.83328205,0.8325961232185364,0.0002426843420835212,0.8323211669921875,16.671795,16.740387678146362
167,6.9332170486450195,0.83349675,0.8328383564949036,0.0002001356624532491,0.8325735926628113,16.650326,16.716164350509644
168,6.974479913711548,0.833642,0.8330455422401428,0.0001512586313765496,0.83283931016922,16.6358,16.695445775985718
169,7.01511549949646,0.8338965,0.8331983685493469,0.0001710380893200636,0.8330111503601074,16.610348,16.680163145065308
170,7.056669235229492,0.8339466,0.8333643078804016,0.00015618525503668934,0.8331707119941711,16.605341,16.66356921195984
171,7.098407506942749,0.8341429,0.8335233926773071,0.00015265449474100024,0.8333420753479004,16.585709,16.647660732269287
172,7.138302564620972,0.83463,0.8336657881736755,0.00018769876623991877,0.8334967494010925,16.536999,16.633421182632446
173,7.180099964141846,0.8346413,0.8338544368743896,0.00024621456395834684,0.8336199522018433,16.535872,16.614556312561035
174,7.22111701965332,0.8349935,0.8340651988983154,0.00026320890174247324,0.8337538242340088,16.500652,16.593480110168457
175,7.262347459793091,0.8349935,0.8343353867530823,0.00022089830599725246,0.8340018391609192,16.500652,16.566461324691772
176,7.2951531410217285,0.8351911,0.8345609903335571,0.0001915141911013052,0.8343313932418823,16.480892,16.543900966644287
177,7.334161043167114,0.8353257,0.8347440361976624,0.00017636161646805704,0.834539532661438,16.467428,16.525596380233765
178,7.3728344440460205,0.8356487,0.8349214196205139,0.00016168737784028053,0.8346807360649109,16.43513,16.50785803794861
179,7.415813446044922,0.83586115,0.8350897431373596,0.00015297548088710755,0.8349368572235107,16.413885,16.491025686264038
180,7.457139253616333,0.83594954,0.8352429866790771,0.00018772398470900953,0.8350501656532288,16.405046,16.475701332092285
181,7.52717137336731,0.8360576,0.8329432606697083,0.002269818913191557,0.8274015188217163,16.39424,16.705673933029175
182,7.569411039352417,0.83610517,0.8348776698112488,0.0005691598635166883,0.8336306214332581,16.389482,16.512233018875122
183,7.611468076705933,0.83623374,0.8353694677352905,0.00031226937426254153,0.8349484801292419,16.376627,16.463053226470947
184,7.652332305908203,0.83623374,0.8356668949127197,0.00023930106544867158,0.8353355526924133,16.376627,16.433310508728027
185,7.6847381591796875,0.836729,0.8359031081199646,0.00018534863193053752,0.8356325626373291,16.3271,16.40968918800354
186,7.7260825634002686,0.8367326,0.8360821008682251,0.00016684428555890918,0.8358873128890991,16.326736,16.39178991317749
187,7.767775774002075,0.83685803,0.8362380862236023,0.00019199485541321337,0.8360576033592224,16.314198,16.37619137763977
188,7.807389736175537,0.83693266,0.8364062309265137,0.00018761387036647648,0.8361896872520447,16.306734,16.359376907348633
189,7.849430799484253,0.83702564,0.8365853428840637,0.00014922922127880156,0.836353063583374,16.297436,16.341465711593628
190,7.8930277824401855,0.8373499,0.8367313742637634,0.0001262258447241038,0.8365781903266907,16.26501,16.326862573623657
191,7.934670686721802,0.8373499,0.8368489146232605,0.0001471427094656974,0.8367289900779724,16.26501,16.31510853767395
192,7.968581438064575,0.83753586,0.8369824290275574,0.0001611232291907072,0.8368092179298401,16.246414,16.301757097244263
193,8.008160591125488,0.8378657,0.837139368057251,0.0001708534109639004,0.8369346261024475,16.213428,16.286063194274902
194,8.048582553863525,0.83789283,0.8373159766197205,0.00016272223729174584,0.8370957970619202,16.210716,16.268402338027954
195,8.088714122772217,0.83796597,0.8374761939048767,0.00015832098142709583,0.837284505367279,16.203403,16.25238060951233
196,8.129266023635864,0.8380806,0.8376263976097107,0.0001478126650908962,0.8374426960945129,16.191942,16.23736023902893
197,8.169143199920654,0.8381881,0.8377602100372314,0.00013222271809354424,0.8375902771949768,16.181189,16.223978996276855
198,8.210636854171753,0.8381881,0.8378881216049194,0.00010110206494573504,0.8377319574356079,16.181189,16.211187839508057
199,8.243061780929565,0.8382798,0.8379783034324646,9.73568094195798e-05,0.8378749489784241,16.172022,16.20216965675354
200,8.285045385360718,0.8384805,0.8380653858184814,0.00010232996282866225,0.8379510045051575,16.151953,16.193461418151855
201,8.328598737716675,0.838547,0.8381659984588623,0.00010678549733711407,0.8380622267723083,16.145302,16.18340015411377
202,8.372367143630981,0.8385856,0.8382555842399597,0.00011542542051756755,0.8381443619728088,16.141438,16.17444157600403
203,8.415212869644165,0.83925164,0.8383491635322571,0.0001367772201774642,0.838192880153656,16.074837,16.165083646774292
204,8.456195592880249,0.83925164,0.8384694457054138,0.00015648992848582566,0.8382797837257385,16.074837,16.153055429458618
205,8.489977836608887,0.83939254,0.838604211807251,0.00017833299352787435,0.8384529948234558,16.060745,16.139578819274902
206,8.531546115875244,0.83939254,0.8387243747711182,0.00022103855735622346,0.8385469913482666,16.060745,16.127562522888184
207,8.576515436172485,0.8394734,0.8388814330101013,0.00024394677893724293,0.8386287689208984,16.052658,16.111856698989868
208,8.619869947433472,0.83948314,0.8390898108482361,0.00021451212523970753,0.8387588262557983,16.051685,16.09101891517639
209,8.658738374710083,0.83966154,0.8393025398254395,0.0001012955981423147,0.8391495943069458,16.033846,16.069746017456055
210,8.69930648803711,0.83970857,0.8393867015838623,9.713471808936447e-05,0.8392516374588013,16.029144,16.06132984161377
211,8.73838996887207,0.83985424,0.8394683599472046,9.215408499585465e-05,0.8393678069114685,16.014576,16.05316400527954
212,8.77985692024231,0.83997947,0.8395519256591797,0.00010106134141096845,0.8394376635551453,16.002052,16.04480743408203
213,8.821183681488037,0.8400816,0.8396375775337219,0.00011185467155883089,0.839492678642273,15.991842,16.036242246627808
214,8.863515853881836,0.84045285,0.8397401571273804,0.00013076019240543246,0.8395909070968628,15.954715,16.025984287261963
215,8.902952194213867,0.8405752,0.8398460745811462,0.00014928901509847492,0.839678943157196,15.942478,16.015392541885376
216,8.94473910331726,0.8405761,0.8399741053581238,0.00017044700507540256,0.839783787727356,15.942389,16.002589464187622
217,8.986406803131104,0.84062666,0.8401120901107788,0.00018918109708465636,0.8399097919464111,15.937334,15.98879098892212
218,9.02564024925232,0.84086347,0.8402557969093323,0.00019226856238674372,0.8400611877441406,15.913653,15.974420309066772
219,9.066111087799072,0.84086347,0.8404043316841125,0.00018504269246477634,0.840149998664856,15.913653,15.959566831588745
220,9.099342346191406,0.84098655,0.8405693173408508,0.0001176794248749502,0.840376615524292,15.901345,15.943068265914917
221,9.140395164489746,0.84106123,0.8406736850738525,0.00011173071834491566,0.8405693769454956,15.893877,15.932631492614746
222,9.180880069732666,0.8412189,0.840765118598938,0.00012608684482984245,0.8406266570091248,15.878111,15.923488140106201
223,9.222384214401245,0.8412267,0.8408806324005127,0.0001228384062414989,0.8407082557678223,15.877331,15.91193675994873
224,9.262537240982056,0.8412715,0.8409899473190308,0.00011259961320320144,0.8408634662628174,15.8728485,15.901005268096924
225,9.302250385284424,0.84133995,0.8410916924476624,8.813684689812362e-05,0.8409815430641174,15.866005,15.890830755233765
226,9.343777894973755,0.8416616,0.8411728143692017,7.739134161965922e-05,0.8410647511482239,15.833843,15.882718563079834
227,9.382970809936523,0.8416984,0.8412534594535828,8.233751577790827e-05,0.8411757946014404,15.830159,15.874654054641724
228,9.422717809677124,0.8416984,0.8413234353065491,0.00011271602852502838,0.8412266969680786,15.830159,15.867656469345093
229,9.456604480743408,0.8418099,0.8414121270179749,0.00013451270933728665,0.8412817120552063,15.819007,15.858787298202515
230,9.497479915618896,0.8419269,0.8415316939353943,0.0001293095847358927,0.8413544297218323,15.807313,15.846830606460571
231,9.536796808242798,0.8421573,0.8416640758514404,8.841248927637935e-05,0.8415322303771973,15.784269,15.833592414855957
232,9.576220989227295,0.8421573,0.841741681098938,0.00010001006012316793,0.8416615724563599,15.784269,15.825831890106201
233,9.61008906364441,0.84224975,0.8418325781822205,0.0001213663344969973,0.8416987657546997,15.775024,15.816742181777954
234,9.649966955184937,0.8423582,0.841944694519043,0.00012320118548814207,0.8418095707893372,15.764183,15.805530548095703
235,9.69336724281311,0.84255344,0.8420666456222534,0.00011797541083069518,0.8419268727302551,15.744657,15.793335437774658
236,9.734452247619629,0.8426081,0.8421878814697266,0.00012131101539125666,0.8420441746711731,15.739191,15.781211853027344
237,9.774177074432373,0.84269094,0.8423025012016296,0.000130248095956631,0.8421573042869568,15.730906,15.769749879837036
238,9.81280255317688,0.8428427,0.8424317836761475,0.00013000979379285127,0.8422806262969971,15.715731,15.756821632385254
239,9.853958129882812,0.84287196,0.8425604104995728,9.242037049261853e-05,0.8424181342124939,15.712804,15.743958950042725
240,9.893027544021606,0.84302574,0.8426474928855896,7.645407458767295e-05,0.8425557017326355,15.697426,15.73525071144104
241,9.934894800186157,0.84302574,0.8427146673202515,7.832638220861554e-05,0.8426328897476196,15.697426,15.728533267974854
242,9.968516826629639,0.84302574,0.8427888751029968,8.638623694423586e-05,0.8426979780197144,15.697426,15.721112489700317
243,10.003194332122803,0.8430593,0.84287029504776,7.911417196737602e-05,0.8427630066871643,15.69407,15.712970495223999
244,10.044026374816895,0.8431384,0.8429425358772278,6.766620936105028e-05,0.8428568243980408,15.68616,15.705746412277222
245,10.084855794906616,0.84318805,0.8430049419403076,4.990660090697929e-05,0.8429269194602966,15.681195,15.699505805969238
246,10.12574553489685,0.8432544,0.8430529832839966,4.276887921150774e-05,0.8430109024047852,15.6745615,15.694701671600342
247,10.166056632995605,0.8432544,0.8430923223495483,4.9926147767109796e-05,0.8430379629135132,15.6745615,15.690767765045166
248,10.199605464935303,0.8433001,0.8431383371353149,5.405466799857095e-05,0.8430694341659546,15.66999,15.686166286468506
249,10.238202333450317,0.84335357,0.8431962132453918,5.3982734243618324e-05,0.8431307673454285,15.664643,15.680378675460815
250,10.277922868728638,0.8434033,0.8432491421699524,4.5213579142000526e-05,0.8431909680366516,15.659672,15.67508578300476
251,10.318607330322266,0.8434979,0.8432967066764832,5.116660759085789e-05,0.8432409763336182,15.650213,15.670329332351685
252,10.359475135803223,0.84352404,0.8433459997177124,4.699243072536774e-05,0.8432832956314087,15.647596,15.66540002822876
253,10.399235486984253,0.8435822,0.8433938026428223,4.7087130951695144e-05,0.8433399796485901,15.641779,15.660619735717773
254,10.442151308059692,0.8436844,0.8434414863586426,5.3892257710685953e-05,0.8433838486671448,15.631562,15.655851364135742
255,10.482452630996704,0.8436909,0.8434940576553345,6.459210999310017e-05,0.8434287905693054,15.630913,15.650594234466553
256,10.52227234840393,0.8438599,0.8435608148574829,7.478412589989603e-05,0.8434774279594421,15.614009,15.643918514251709
257,10.564263105392456,0.8438599,0.8436320424079895,7.147052383515984e-05,0.8435430526733398,15.614009,15.63679575920105
258,10.597550630569458,0.8439027,0.8437065482139587,6.38380806776695e-05,0.8436280488967896,15.60973,15.629345178604126
259,10.636535882949829,0.84394586,0.8437689542770386,5.842186146765016e-05,0.8436935544013977,15.605413,15.623104572296143
260,10.677554368972778,0.84431726,0.8438272476196289,6.19977290625684e-05,0.8437576293945312,15.5682745,15.61727523803711
261,10.717843055725098,0.84441274,0.8438872694969177,8.094345685094595e-05,0.8438145518302917,15.558725,15.611273050308228
262,10.757040739059448,0.84446794,0.8439557552337646,0.00011905036080861464,0.8438704013824463,15.553206,15.604424476623535
263,10.797375679016113,0.844515,0.8440523147583008,0.00016444313223473728,0.8439139723777771,15.548497,15.594768524169922
264,10.837125778198242,0.8446625,0.8441907167434692,0.0001909123529912904,0.8439841270446777,15.5337515,15.580928325653076
265,10.876796245574951,0.8448945,0.8443973660469055,0.00016706019232515246,0.8441179394721985,15.510548,15.560263395309448
266,10.91712474822998,0.8450126,0.8445560336112976,0.00012405854067765176,0.8444127440452576,15.498739,15.54439663887024
267,10.95635199546814,0.8450126,0.8446613550186157,0.0001071124934242107,0.8445298075675964,15.498739,15.533864498138428
268,10.98996114730835,0.8451171,0.844757616519928,9.482172026764601e-05,0.8446382284164429,15.488291,15.524238348007202
269,11.03075361251831,0.84533125,0.8448520302772522,9.147251694230363e-05,0.8447363972663879,15.466875,15.51479697227478
270,11.072933912277222,0.8453867,0.8449406623840332,0.00010852984269149601,0.8448378443717957,15.461331,15.50593376159668
271,11.114044904708862,0.8454047,0.8450402021408081,0.00013290239439811558,0.844894528388977,15.459532,15.49597978591919
272,11.153926134109497,0.8457183,0.8451698422431946,0.0001393665443174541,0.8450126051902771,15.428167,15.483015775680542
273,11.195306777954102,0.84579754,0.8453097343444824,0.00013202527770772576,0.8451391458511353,15.420246,15.469026565551758
274,11.233385801315308,0.8459114,0.8454378247261047,0.00014098218525759876,0.8453079462051392,15.408861,15.456217527389526
275,11.273852825164795,0.8459619,0.8455648422241211,0.0001598068483872339,0.8453904986381531,15.403807,15.44351577758789
276,11.313873291015625,0.84598935,0.8457142114639282,0.0001252808579010889,0.8455032110214233,15.401066,15.428578853607178
277,11.354432344436646,0.8460477,0.8458300232887268,7.651187479496002e-05,0.845718502998352,15.39523,15.41699767112732
278,11.393656253814697,0.84609663,0.8459054231643677,6.25829998170957e-05,0.8458187580108643,15.390337,15.409457683563232
279,11.434292554855347,0.84609663,0.8459650874137878,5.0005368393613026e-05,0.8459039330482483,15.390337,15.403491258621216
280,11.468421936035156,0.8461683,0.8460152745246887,4.58503927802667e-05,0.8459615111351013,15.383172,15.398472547531128
281,11.508161067962646,0.8463167,0.846060037612915,4.891907883575186e-05,0.8460005521774292,15.36833,15.393996238708496
282,11.548476696014404,0.8464405,0.8461063504219055,5.6758253776934e-05,0.8460536599159241,15.35595,15.389364957809448
283,11.591732263565063,0.8466208,0.8461595177650452,7.97031752881594e-05,0.8460904955863953,15.33792,15.384048223495483
284,11.63295292854309,0.8466208,0.8462282419204712,9.101840987568721e-05,0.8461406230926514,15.33792,15.37717580795288
285,11.664721727371216,0.8467148,0.8463113307952881,0.00010105475666932762,0.8461962342262268,15.328521,15.368866920471191
286,11.706491231918335,0.84681344,0.846401035785675,0.00010666895104805008,0.8462908267974854,15.318656,15.359896421432495
287,11.748050451278687,0.84693336,0.8465021848678589,0.00012412875366862863,0.846371591091156,15.3066635,15.349781513214111
288,11.790442705154419,0.84731317,0.8466241359710693,0.00014440809900406748,0.846453070640564,15.268683,15.337586402893066
289,11.830788850784302,0.84731317,0.8467673659324646,0.0001459159975638613,0.8466191291809082,15.268683,15.32326340675354
290,11.864899396896362,0.8473191,0.846903920173645,0.00014232269313652068,0.8467515110969543,15.268087,15.309607982635498
291,11.90733551979065,0.8475756,0.8470216393470764,0.0001469323760829866,0.8468635678291321,15.242439,15.297836065292358
292,11.948601722717285,0.8475756,0.8471513986587524,0.00013880191545467824,0.846983015537262,15.242439,15.284860134124756
293,11.983274221420288,0.84763265,0.8472805023193359,0.00011242660548305139,0.8471252918243408,15.236735,15.271949768066406
294,12.022841691970825,0.84763265,0.847388505935669,9.139253234025091e-05,0.847283124923706,15.236735,15.261149406433105
295,12.057156085968018,0.84780836,0.8474740386009216,8.441136014880612e-05,0.8473602533340454,15.219164,15.252596139907837
296,12.097856044769287,0.8478858,0.847554624080658,7.559536607004702e-05,0.8474615812301636,15.211421,15.244537591934204
297,12.140413999557495,0.8478858,0.8476261496543884,7.070152059895918e-05,0.8475483655929565,15.211421,15.237385034561157
298,12.185813903808594,0.84793043,0.8476911187171936,7.04571430105716e-05,0.8476083278656006,15.206957,15.23088812828064
299,12.239636898040771,0.8480432,0.8477606773376465,7.474329322576523e-05,0.8476755619049072,15.19568,15.223932266235352
300,12.283486366271973,0.8480592,0.8478304147720337,8.201780292438343e-05,0.8477416038513184,15.194082,15.21695852279663
301,12.325115203857422,0.84817106,0.8479111194610596,8.117122342810035e-05,0.8478083610534668,15.182895,15.208888053894043
302,12.367069244384766,0.84823203,0.8479950428009033,7.080184877850115e-05,0.8478900790214539,15.176797,15.200495719909668
303,12.4070303440094,0.84823203,0.8480597734451294,5.981207505101338e-05,0.8479965329170227,15.176797,15.19402265548706
304,12.440761804580688,0.8483694,0.8481149077415466,6.508207297883928e-05,0.848046064376831,15.163058,15.188509225845337
305,12.480083227157593,0.84841865,0.8481840491294861,5.980955756967887e-05,0.8480968475341797,15.158134,15.181595087051392
306,12.521648168563843,0.8484527,0.8482370972633362,6.179733463795856e-05,0.848177969455719,15.154732,15.176290273666382
307,12.563697338104248,0.848668,0.8482953906059265,7.413367711706087e-05,0.8482171893119812,15.133202,15.170460939407349
308,12.603605508804321,0.848681,0.8483721613883972,7.56124863983132e-05,0.8482704162597656,15.131903,15.162783861160278
309,12.643442392349243,0.8487363,0.8484379053115845,8.261529728770256e-05,0.8483660817146301,15.126371,15.156209468841553
310,12.68270206451416,0.8487383,0.8484987616539001,9.932656394084916e-05,0.8484178781509399,15.126169,15.150123834609985
311,12.724118947982788,0.84877396,0.8485856056213379,0.00010069661948364228,0.8484526872634888,15.122604,15.141439437866211
312,12.763518810272217,0.8488118,0.8486874103546143,4.197816815576516e-05,0.8486011028289795,15.118819,15.131258964538574
313,12.80398154258728,0.8488573,0.8487257957458496,3.2139651011675596e-05,0.8486822843551636,15.114271,15.127420425415039
314,12.8438241481781,0.8488573,0.8487586379051208,3.0420824259635992e-05,0.8487262725830078,15.114271,15.124136209487915
315,12.875633001327515,0.84892744,0.8487871289253235,3.628721242421307e-05,0.8487502336502075,15.107256,15.121287107467651
316,12.91771674156189,0.84894264,0.8488195538520813,3.582910358090885e-05,0.8487739562988281,15.105736,15.11804461479187
317,12.96005916595459,0.84900635,0.8488609790802002,3.351793566253036e-05,0.8488226532936096,15.099364,15.11390209197998
318,13.000735759735107,0.8490705,0.8488962054252625,4.11915170843713e-05,0.8488556146621704,15.092951,15.110379457473755
319,13.041662454605103,0.8490705,0.8489359617233276,4.156115392106585e-05,0.8488811254501343,15.092951,15.106403827667236
320,13.075195789337158,0.8491137,0.8489777445793152,4.095353142474778e-05,0.8489280343055725,15.08863,15.102225542068481
321,13.116293907165527,0.84928536,0.8490200042724609,4.0928793168859556e-05,0.848973274230957,15.071464,15.097999572753906
322,13.1570303440094,0.8492874,0.8490590453147888,4.927693953504786e-05,0.8490129709243774,15.07126,15.094095468521118
323,13.198044061660767,0.8494188,0.8491088151931763,6.820277485530823e-05,0.8490469455718994,15.058118,15.089118480682373
324,13.239535331726074,0.849472,0.8491681218147278,9.026850602822378e-05,0.849091649055481,15.052801,15.083187818527222
325,13.279818058013916,0.8495431,0.8492535948753357,0.0001034575907397084,0.8491314649581909,15.045691,15.07464051246643
326,13.319458723068237,0.84954995,0.8493470549583435,7.711537182331085e-05,0.8492398262023926,15.045005,15.06529450416565
327,13.360569953918457,0.8495607,0.8494179844856262,6.123714410932735e-05,0.8493332266807556,15.043932,15.058201551437378
328,13.400936603546143,0.84964484,0.8494812250137329,5.3866799134993926e-05,0.8494059443473816,15.035516,15.051877498626709
329,13.440268516540527,0.8497281,0.8495365977287292,5.3180530812824145e-05,0.8494719862937927,15.027189,15.046340227127075
330,13.48124361038208,0.8497513,0.849588930606842,5.3208786994218826e-05,0.8495287299156189,15.024871,15.041106939315796
331,13.521266460418701,0.8498622,0.8496429920196533,5.5245993280550465e-05,0.8495733737945557,15.013779,15.035700798034668
332,13.562244653701782,0.8499309,0.8496991395950317,5.618940485874191e-05,0.8496360182762146,15.006912,15.030086040496826
333,13.603100299835205,0.85001624,0.8497611880302429,6.229722930584103e-05,0.8496932983398438,14.998377,15.023881196975708
334,13.642208814620972,0.85012287,0.8498268723487854,7.74206782807596e-05,0.849749743938446,14.987713,15.01731276512146
335,13.683640003204346,0.85022247,0.8499082326889038,8.282905037049204e-05,0.8498122692108154,14.977753,15.00917673110962
336,13.723568201065063,0.8503081,0.8499904274940491,8.672271360410377e-05,0.8498877882957458,14.969188,15.000957250595093
337,13.764885187149048,0.8503628,0.8500770926475525,8.604202594142407e-05,0.8499730229377747,14.963722,14.992290735244751
338,13.803510904312134,0.85047513,0.8501663208007812,8.193321264116094e-05,0.8500643372535706,14.952487,14.983367919921875
339,13.844285726547241,0.85047996,0.8502464890480042,8.472119952784851e-05,0.8501495122909546,14.9520035,14.975351095199585
340,13.886441946029663,0.8506588,0.8503255844116211,7.986610580701381e-05,0.8502224683761597,14.934122,14.96744155883789
341,13.92666506767273,0.8506588,0.8504073619842529,7.035783346509561e-05,0.8503209948539734,14.934122,14.959263801574707
342,13.961764574050903,0.8507471,0.850482165813446,7.126139098545536e-05,0.8503990173339844,14.925289,14.951783418655396
343,14.002455711364746,0.8508798,0.8505439758300781,7.811507384758443e-05,0.8504716157913208,14.912022,14.945602416992188
344,14.041564464569092,0.8508798,0.8506238460540771,9.266070264857262e-05,0.8505157232284546,14.912022,14.937615394592285
345,14.077999830245972,0.85098267,0.8507128357887268,9.020497236633673e-05,0.8506060838699341,14.901733,14.92871642112732
346,14.120184898376465,0.8509874,0.8507985472679138,8.039180829655379e-05,0.850688099861145,14.901262,14.920145273208618
347,14.161446332931519,0.8511542,0.8508812189102173,5.2590243285521865e-05,0.8508164882659912,14.884579,14.911878108978271
348,14.203372478485107,0.851169,0.85093092918396,5.932330168434419e-05,0.8508713841438293,14.8831005,14.906907081604004
349,14.242364168167114,0.851169,0.8509858250617981,6.0115613450761884e-05,0.8509146571159363,14.8831005,14.90141749382019
350,14.275355339050293,0.85125744,0.8510417342185974,6.276548811001703e-05,0.8509743809700012,14.874256,14.895826578140259
351,14.315113067626953,0.8513135,0.8511096239089966,6.11834620940499e-05,0.8510343432426453,14.868652,14.889037609100342
352,14.355468273162842,0.8513556,0.8511678576469421,5.783453889307566e-05,0.8510964512825012,14.864439,14.883214235305786
353,14.397108316421509,0.8513556,0.8512182831764221,5.825622793054208e-05,0.8511542081832886,14.864439,14.878171682357788
354,14.429494619369507,0.8514436,0.8512725234031677,5.2626521210186183e-05,0.8511973023414612,14.855641,14.872747659683228
355,14.478368043899536,0.85151875,0.8513261675834656,4.283583621145226e-05,0.8512734174728394,14.848125,14.867383241653442
356,14.520643711090088,0.8517239,0.8513666987419128,5.910670370212756e-05,0.8513146042823792,14.827609,14.863330125808716
357,14.563109397888184,0.8518608,0.8514240980148315,0.00010280052083544433,0.8513501286506653,14.813918,14.857590198516846
358,14.603751420974731,0.851861,0.8515037298202515,0.0001322806638199836,0.8513883948326111,14.8139,14.849627017974854
359,14.645044565200806,0.8519286,0.8516150712966919,0.00014850959996692836,0.8514435887336731,14.80714,14.83849287033081
360,14.68515682220459,0.8523388,0.8517786264419556,7.871332491049543e-05,0.8516767621040344,14.766121,14.822137355804443
361,14.726027488708496,0.8524444,0.8518449068069458,9.21251266845502e-05,0.8517638444900513,14.755559,14.81550931930542
362,14.765869617462158,0.8526346,0.8519322276115417,0.00015753360639791936,0.8518335223197937,14.736539,14.806777238845825
363,14.806260347366333,0.8526346,0.852048397064209,0.00022101907234173268,0.8518780469894409,14.736539,14.795160293579102
364,14.837326526641846,0.8534743,0.8522514700889587,0.0002540783316362649,0.8519371151924133,14.652568,14.774852991104126
365,14.878123760223389,0.8535128,0.8525030612945557,0.0001469333074055612,0.8523530960083008,14.648718,14.749693870544434
366,14.919573068618774,0.8535128,0.8526076078414917,0.00021012750221416354,0.8524738550186157,14.648718,14.73923921585083
367,14.954263687133789,0.8535128,0.8527325987815857,0.00029362153145484626,0.8525567650794983,14.648718,14.72674012184143
368,14.986733198165894,0.853555,0.8529081344604492,0.000371580186765641,0.8526287078857422,14.644498,14.709186553955078
369,15.025892496109009,0.85359854,0.8532001376152039,0.000368246081052348,0.8526815176010132,14.640146,14.679986238479614
370,15.067706108093262,0.8536633,0.8535125255584717,3.831271533272229e-05,0.8534743189811707,14.633667,14.648747444152832
371,15.107642889022827,0.8537917,0.8535478711128235,4.6596574975410476e-05,0.85350501537323,14.620829,14.645212888717651
372,15.147264003753662,0.8537947,0.853590190410614,5.407652861322276e-05,0.853534460067749,14.620531,14.640980958938599
373,15.187921285629272,0.8538218,0.853644073009491,6.0257538279984146e-05,0.8535694479942322,14.617819,14.635592699050903
374,15.228779792785645,0.85383856,0.8536996245384216,5.883813355467282e-05,0.8536414504051208,14.616144,14.630037546157837
375,15.26938796043396,0.8538596,0.8537554144859314,5.395252810558304e-05,0.8536805510520935,14.614039,14.62445855140686
376,15.31055760383606,0.8539218,0.8538088202476501,1.7888000002130866e-05,0.8537863492965698,14.607822,14.619117975234985
377,15.350999593734741,0.8539218,0.8538249731063843,1.8509512301534414e-05,0.8538053631782532,14.607822,14.617502689361572
378,15.38517951965332,0.8539224,0.8538417220115662,2.4649887564009987e-05,0.8538218140602112,14.607758,14.615827798843384
379,15.425727605819702,0.8539865,0.8538641333580017,3.2450891012558714e-05,0.8538335561752319,14.60135,14.613586664199829
380,15.465951442718506,0.85408914,0.8539003133773804,4.053363954881206e-05,0.8538569211959839,14.591085,14.609968662261963
381,15.506207466125488,0.85409856,0.8539420366287231,4.568128497339785e-05,0.8538866639137268,14.590144,14.605796337127686
382,15.54712462425232,0.854179,0.8539876341819763,5.476211663335562e-05,0.8539260625839233,14.582098,14.601236581802368
383,15.585798501968384,0.854179,0.8540400266647339,5.000245073460974e-05,0.8539732694625854,14.582098,14.595997333526611
384,15.618607521057129,0.85426843,0.8540912866592407,3.626861143857241e-05,0.854037344455719,14.573156,14.590871334075928
385,15.659485816955566,0.854286,0.8541252613067627,4.1022936784429476e-05,0.8540854454040527,14.571399,14.58747386932373
386,15.700235366821289,0.8542975,0.8541647791862488,4.4140357204014435e-05,0.8541133403778076,14.570248,14.583522081375122
387,15.741140127182007,0.8543405,0.8542085289955139,4.006949893664569e-05,0.854158878326416,14.56595,14.579147100448608
388,15.781835794448853,0.8543687,0.8542465567588806,3.681900125229731e-05,0.8541989922523499,14.563131,14.575344324111938
389,15.822250843048096,0.8543687,0.8542817831039429,2.7726471671485342e-05,0.8542453646659851,14.563131,14.571821689605713
390,15.856916666030884,0.85440004,0.8543068766593933,2.7862246497534215e-05,0.8542719483375549,14.559996,14.569312334060669
391,15.897579193115234,0.85442317,0.8543343544006348,2.6885209081228822e-05,0.8543006181716919,14.557684,14.566564559936523
392,15.938199043273926,0.8544657,0.8543611764907837,2.7413258067099378e-05,0.8543264865875244,14.553428,14.56388235092163
393,15.983630895614624,0.8544838,0.8543894290924072,2.6973802960128523e-05,0.8543576598167419,14.551621,14.561057090759277
394,16.0243136882782,0.8545467,0.8544192910194397,3.289902087999508e-05,0.8543827533721924,14.545327,14.55807089805603
395,16.064042806625366,0.8546203,0.854450523853302,3.4058772143907845e-05,0.8544116616249084,14.537972,14.5549476146698
396,16.10410165786743,0.8546203,0.85448157787323,3.400800051167607e-05,0.8544400930404663,14.537972,14.551842212677002
397,16.13701844215393,0.85485375,0.8545151352882385,4.2939191189361736e-05,0.8544787168502808,14.514626,14.548486471176147
398,16.17711591720581,0.85490704,0.8545553088188171,5.555119787459262e-05,0.8545008897781372,14.509296,14.544469118118286
399,16.21538019180298,0.85491294,0.8546082973480225,7.65977893024683e-05,0.8545469045639038,14.508706,14.539170265197754
400,16.257251977920532,0.8550601,0.8546704053878784,0.00011074169015046209,0.8545889854431152,14.49399,14.532959461212158
401,16.298141956329346,0.8551106,0.8547496795654297,0.0001433222059858963,0.8546221852302551,14.488941,14.525032043457031
402,16.339425802230835,0.8551884,0.8548724055290222,0.00014144457236398011,0.8546636700630188,14.481157,14.512759447097778
403,16.378871202468872,0.8551884,0.8550042510032654,6.805609882576391e-05,0.8549070358276367,14.481157,14.499574899673462
404,16.410464763641357,0.8551884,0.855064868927002,4.5332140871323645e-05,0.8549926280975342,14.481157,14.493513107299805
405,16.44183897972107,0.8551884,0.8551037311553955,3.411701982258819e-05,0.8550601005554199,14.481157,14.48962688446045
406,16.474719762802124,0.855493,0.8551365733146667,3.559883771231398e-05,0.8550994992256165,14.450699,14.486342668533325
407,16.51559329032898,0.85555005,0.8551676869392395,5.223576590651646e-05,0.8551299571990967,14.444995,14.48323130607605
408,16.55842685699463,0.85560006,0.8552049398422241,7.96873719082214e-05,0.8551647663116455,14.439994,14.479506015777588
409,16.601022005081177,0.8556521,0.8552497625350952,0.0001269086787942797,0.8551865220069885,14.434791,14.475023746490479
410,16.643643140792847,0.8557058,0.855330228805542,0.00017405069957021624,0.8551928997039795,14.42942,14.4669771194458
411,16.684025764465332,0.85585487,0.8554903268814087,0.00016151599993463606,0.8552150726318359,14.414513,14.45096731185913
412,16.726739406585693,0.8560582,0.8556361794471741,6.700131052639335e-05,0.8555654883384705,14.394182,14.436382055282593
413,16.768199682235718,0.8560582,0.8556872606277466,9.512400720268488e-05,0.8556210994720459,14.394182,14.431273937225342
414,16.80187726020813,0.8560582,0.8557592034339905,0.00012839402188546956,0.8556578159332275,14.394182,14.424079656600952
415,16.834801197052002,0.8560823,0.8558624386787415,0.00013564969412982464,0.8556932210922241,14.3917675,14.413756132125854
416,16.87700629234314,0.85613936,0.8559972643852234,5.533115836442448e-05,0.8559170961380005,14.386064,14.400273561477661
417,16.917680978775024,0.85624,0.8560512065887451,4.011566852568649e-05,0.8559950590133667,14.376002,14.394879341125488
418,16.960715770721436,0.85629684,0.8560859560966492,3.7973029975546524e-05,0.8560581803321838,14.3703165,14.391404390335083
419,17.00001358985901,0.856315,0.8561182022094727,5.024951678933576e-05,0.8560758829116821,14.368498,14.388179779052734
420,17.040167570114136,0.85636866,0.8561633229255676,6.0331356507958844e-05,0.8561035990715027,14.363134,14.383667707443237
421,17.080143690109253,0.8564686,0.8562173247337341,7.572425238322467e-05,0.8561379313468933,14.353138,14.378267526626587
422,17.119410037994385,0.85647404,0.8562923669815063,6.320054671959952e-05,0.8562029004096985,14.352596,14.370763301849365
423,17.162174463272095,0.85648006,0.8563512563705444,4.846504089073278e-05,0.8562968373298645,14.351994,14.364874362945557
424,17.20301342010498,0.8565545,0.8563945889472961,4.23706769652199e-05,0.8563379645347595,14.344549,14.360541105270386
425,17.249914407730103,0.8566374,0.8564328551292419,4.165786594967358e-05,0.8563910126686096,14.336258,14.356714487075806
426,17.294177532196045,0.85670054,0.8564736843109131,4.5361914089880884e-05,0.8564167022705078,14.3299465,14.352631568908691
427,17.33484125137329,0.85676736,0.8565155267715454,5.508662070496939e-05,0.8564686179161072,14.323264,14.348447322845459
428,17.374866485595703,0.85677934,0.8565683364868164,6.87099018250592e-05,0.8564966320991516,14.322066,14.34316635131836
429,17.415847778320312,0.85688674,0.8566365242004395,7.996144995559007e-05,0.8565545082092285,14.311325,14.336347579956055
430,17.45726442337036,0.85697204,0.8567182421684265,7.503063534386456e-05,0.8566257953643799,14.302796,14.328175783157349
431,17.49797749519348,0.8569814,0.8567920327186584,6.488096551038325e-05,0.856702446937561,14.301861,14.320796728134155
432,17.538764476776123,0.8570287,0.856848955154419,5.479007086250931e-05,0.8567824363708496,14.297128,14.315104484558105
433,17.579712629318237,0.85703844,0.8569009900093079,4.546768468571827e-05,0.8568423986434937,14.296156,14.309900999069214
434,17.62016749382019,0.8570865,0.8569440841674805,4.065084795001894e-05,0.8568911552429199,14.291352,14.305591583251953
435,17.660831689834595,0.8570865,0.8569833040237427,3.0504370442940854e-05,0.8569387793540955,14.291352,14.301669597625732
436,17.692628622055054,0.85714877,0.8570113182067871,2.7772164685302414e-05,0.8569732904434204,14.285124,14.298868179321289
437,17.733740091323853,0.857152,0.8570395112037659,2.428872357995715e-05,0.8570127487182617,14.2848015,14.296048879623413
438,17.774417400360107,0.85721654,0.8570612072944641,3.657113848021254e-05,0.8570361733436584,14.278346,14.293879270553589
439,17.81579899787903,0.85724986,0.8570883870124817,4.8579291615169495e-05,0.8570430874824524,14.275015,14.291161298751831
440,17.856682062149048,0.8573032,0.8571332097053528,5.2996761951362714e-05,0.8570650815963745,14.26968,14.286679029464722
441,17.897897243499756,0.85736305,0.8571853637695312,3.684127295855433e-05,0.8571330904960632,14.263696,14.281463623046875
442,17.942189693450928,0.85745084,0.8572196960449219,3.9295216993195936e-05,0.8571870923042297,14.254915,14.278030395507812
443,17.983421087265015,0.85745084,0.8572530150413513,4.910035204375163e-05,0.8572070598602295,14.254915,14.274698495864868
444,18.017221450805664,0.85750806,0.8572953343391418,5.533881994779222e-05,0.8572328686714172,14.249193,14.270466566085815
445,18.0583074092865,0.8575731,0.8573527336120605,5.5656390031799674e-05,0.8572879433631897,14.242691,14.264726638793945
446,18.10196566581726,0.85764253,0.8574076890945435,6.364139699144289e-05,0.857338547706604,14.235746,14.259231090545654
447,18.14328908920288,0.8577629,0.8574758172035217,6.590698467334732e-05,0.8573833107948303,14.223713,14.252418279647827
448,18.186052560806274,0.8577853,0.8575399518013,6.841876893304288e-05,0.8574668169021606,14.221472,14.246004819869995
449,18.226301431655884,0.8578017,0.8576095700263977,7.038156036287546e-05,0.8575248122215271,14.219832,14.23904299736023
450,18.264161825180054,0.85789937,0.8576784133911133,6.544654752360657e-05,0.8575989007949829,14.210063,14.232158660888672
451,18.306101322174072,0.85789937,0.8577436208724976,5.574937677010894e-05,0.8576525449752808,14.210063,14.225637912750244
452,18.3383948802948,0.8579919,0.8577961325645447,4.23595956817735e-05,0.8577611446380615,14.200812,14.220386743545532
453,18.377833366394043,0.8579948,0.8578327298164368,5.372827217797749e-05,0.8577878475189209,14.2005205,14.216727018356323
454,18.416984796524048,0.8580168,0.8578789234161377,5.916129521210678e-05,0.857810914516449,14.198321,14.21210765838623
455,18.459667921066284,0.85804236,0.8579391241073608,4.477705806493759e-05,0.8578706979751587,14.195765,14.206087589263916
456,18.501609325408936,0.8580426,0.8579811453819275,2.74270696536405e-05,0.8579248785972595,14.19574,14.201885461807251
457,18.5428683757782,0.8581079,0.8580092787742615,2.614745608298108e-05,0.8579831123352051,14.189207,14.199072122573853
458,18.58485507965088,0.85812116,0.8580312728881836,3.283723344793543e-05,0.857994794845581,14.187884,14.19687271118164
459,18.627753496170044,0.85819495,0.8580621480941772,3.707264477270655e-05,0.8580212593078613,14.180506,14.193785190582275
460,18.66684865951538,0.85824615,0.8581018447875977,3.468155409791507e-05,0.8580511212348938,14.175385,14.189815521240234
461,18.707919359207153,0.8582825,0.8581317067146301,3.538653254508972e-05,0.8581053614616394,14.171749,14.186829328536987
462,18.74589228630066,0.85830736,0.8581632971763611,4.4364594941725954e-05,0.8581130504608154,14.169264,14.183670282363892
463,18.787237405776978,0.8583368,0.8582037687301636,4.0650069422554225e-05,0.8581600189208984,14.166319,14.179623126983643
464,18.829378366470337,0.85835516,0.858243465423584,3.973337516072206e-05,0.8581949472427368,14.164484,14.175653457641602
465,18.869577169418335,0.8584307,0.8582828640937805,3.6928649933543056e-05,0.8582451343536377,14.156932,14.171713590621948
466,18.91271138191223,0.85848176,0.8583194017410278,3.437965642660856e-05,0.8582818508148193,14.151823,14.168059825897217
467,18.954806089401245,0.8585459,0.8583533763885498,3.882877354044467e-05,0.8583235740661621,14.145411,14.16466236114502
468,18.995781183242798,0.8585459,0.8583837151527405,5.154472455615178e-05,0.8583368062973022,14.145411,14.161628484725952
469,19.02889657020569,0.858601,0.8584336638450623,5.021396646043286e-05,0.8583572506904602,14.139902,14.156633615493774
470,19.070014715194702,0.8586275,0.8584825396537781,4.211816121824086e-05,0.8584303855895996,14.13725,14.151746034622192
471,19.111778020858765,0.8586441,0.8585189580917358,3.82394136977382e-05,0.8584811687469482,14.135588,14.148104190826416
472,19.151772499084473,0.8586507,0.8585547804832458,2.8596987249329686e-05,0.8585134744644165,14.134932,14.144521951675415
473,19.192861318588257,0.8588093,0.8585820198059082,3.670688965939917e-05,0.8585458993911743,14.119071,14.14179801940918
474,19.233806371688843,0.8588425,0.8586198091506958,5.005176717531867e-05,0.858576774597168,14.115751,14.13801908493042
475,19.274019956588745,0.8588441,0.8586620092391968,6.895978731336072e-05,0.8586009740829468,14.11559,14.133799076080322
476,19.31522226333618,0.8589796,0.8587270975112915,7.783096225466579e-05,0.8586431741714478,14.102041,14.12729024887085
477,19.35663414001465,0.8592335,0.8588069677352905,6.580683111678809e-05,0.8586975336074829,14.076651,14.119303226470947
478,19.398276329040527,0.85925144,0.8588635921478271,6.839915295131505e-05,0.8588143587112427,14.074856,14.113640785217285
479,19.4390652179718,0.85926765,0.8589131236076355,9.906458581099287e-05,0.8588383793830872,14.073235,14.10868763923645
480,19.47886300086975,0.8593677,0.8589934706687927,0.00012152049748692662,0.858883798122406,14.063227,14.100652933120728
481,19.518277645111084,0.859402,0.8590865135192871,0.00015179517504293472,0.858937680721283,14.0598,14.091348648071289
482,19.55854368209839,0.85963136,0.859234631061554,0.00011554791853995994,0.8589814305305481,14.036864,14.076536893844604
483,19.598445653915405,0.85963136,0.8593261241912842,8.175311813829467e-05,0.8592334985733032,14.036864,14.067387580871582
484,19.63207221031189,0.8596411,0.8593971729278564,8.782660734141245e-05,0.8593246936798096,14.0358925,14.060282707214355
485,19.671504735946655,0.8596568,0.8594667911529541,9.451102232560515e-05,0.8593644499778748,14.034319,14.05332088470459
486,19.711000680923462,0.85976195,0.8595487475395203,6.938062870176509e-05,0.8594132661819458,14.023805,14.045125246047974
487,19.751844882965088,0.85976195,0.8596067428588867,3.353802458150312e-05,0.8595614433288574,14.023805,14.039325714111328
488,19.786275148391724,0.8598329,0.8596402406692505,3.769105751416646e-05,0.8596022129058838,14.016712,14.035975933074951
489,19.828026294708252,0.859847,0.8596665859222412,5.660902024828829e-05,0.8596315979957581,14.015299,14.033341407775879
490,19.869227647781372,0.859862,0.8597004413604736,7.48812744859606e-05,0.8596411943435669,14.013797,14.029955863952637
491,19.909075498580933,0.85986674,0.8597646355628967,7.605197606608272e-05,0.859656810760498,14.013327,14.023536443710327
492,19.950196266174316,0.859895,0.8598341345787048,2.5245477445423603e-05,0.8597788214683533,14.010501,14.016586542129517
493,19.99036717414856,0.859895,0.8598543405532837,1.1063977581216022e-05,0.8598388433456421,14.010501,14.01456594467163
494,20.024762868881226,0.85990655,0.8598652482032776,1.0487823601579294e-05,0.8598538637161255,14.009344,14.013475179672241
495,20.0665922164917,0.85991967,0.859873354434967,1.3413288797892164e-05,0.8598620295524597,14.008034,14.012664556503296
496,20.105913162231445,0.85996324,0.8598869442939758,1.5627281754859723e-05,0.8598694801330566,14.003676,14.011305570602417
497,20.150470733642578,0.8599637,0.85990309715271,1.4382061635842547e-05,0.8598833084106445,14.003629,14.009690284729004
498,20.191036701202393,0.8599734,0.8599168658256531,1.729355972202029e-05,0.8598980903625488,14.002663,14.008313417434692
499,20.233155965805054,0.8601805,0.8599328994750977,2.409619810350705e-05,0.8599116802215576,13.981951,14.006710052490234
500,20.274099588394165,0.8601805,0.8599517345428467,3.108620876446366e-05,0.8599290251731873,13.981951,14.004826545715332
501,20.313499689102173,0.8601999,0.8599783778190613,4.7187706513796e-05,0.8599485158920288,13.980007,14.002162218093872
502,20.354475259780884,0.8602676,0.8600130081176758,7.716878462815657e-05,0.8599634170532227,13.973242,13.998699188232422
503,20.39600133895874,0.86030483,0.8600673675537109,9.682431846158579e-05,0.8599735498428345,13.969517,13.993263244628906
504,20.436976194381714,0.86032665,0.8601607084274292,8.334463927894831e-05,0.8600204586982727,13.967335,13.98392915725708
505,20.476168394088745,0.8603601,0.8602352142333984,4.373410774860531e-05,0.8601804971694946,13.963991,13.976478576660156
506,20.51699137687683,0.86042523,0.860276997089386,3.325851503177546e-05,0.8602375984191895,13.957477,13.972300291061401
507,20.558495044708252,0.86054015,0.8603072762489319,3.3894804801093414e-05,0.8602684736251831,13.945985,13.969272375106812
508,20.598790168762207,0.8605598,0.860339879989624,4.2159681470366195e-05,0.8603048324584961,13.944017,13.966012001037598
509,20.64037847518921,0.8606398,0.8603764772415161,6.24552121735178e-05,0.8603266477584839,13.936019,13.962352275848389
510,20.680813312530518,0.8606406,0.8604297041893005,8.055911166593432e-05,0.8603553771972656,13.935942,13.957029581069946
511,20.722891330718994,0.86082894,0.8605026602745056,8.167495980160311e-05,0.8603874444961548,13.917107,13.949733972549438
512,20.763851404190063,0.86082894,0.8605809211730957,5.3026833484182134e-05,0.8605205416679382,13.917107,13.94190788269043
513,20.797914505004883,0.86082894,0.8606266975402832,5.698855602531694e-05,0.8605718612670898,13.917107,13.93733024597168
514,20.831193923950195,0.86098963,0.8606727123260498,7.030774577287957e-05,0.8606140613555908,13.901037,13.93272876739502
515,20.874202251434326,0.86120284,0.8607302308082581,9.36335272854194e-05,0.8606423139572144,13.879717,13.926976919174194
516,20.913606882095337,0.86120284,0.8608189225196838,9.230719297192991e-05,0.8606855869293213,13.879717,13.918107748031616
517,20.948562383651733,0.8616309,0.8609076142311096,0.00011657793947961181,0.8608289361000061,13.836908,13.909238576889038
518,20.990551710128784,0.8617066,0.861010730266571,0.00017130868218373507,0.8608611226081848,13.829338,13.898926973342896
519,21.031485080718994,0.86204976,0.8611720204353333,0.00021616001322399825,0.8609896302223206,13.795024,13.882797956466675
520,21.07153081893921,0.86207557,0.8613590002059937,0.0002643713669385761,0.8611685037612915,13.792443,13.864099979400635
521,21.113091707229614,0.8621297,0.8615549206733704,0.000323011219734326,0.8612264394760132,13.787031,13.844507932662964
522,21.152329683303833,0.8622612,0.8618642687797546,0.00019100472854916006,0.8616220951080322,13.773882,13.813573122024536
523,21.19330668449402,0.86235183,0.8620501160621643,4.05104219680652e-05,0.8620036840438843,13.764816,13.79498839378357
524,21.234259843826294,0.86235183,0.8620796203613281,5.299055192153901e-05,0.8620431423187256,13.764816,13.792037963867188
525,21.267842292785645,0.86235183,0.8621184825897217,7.463760994141921e-05,0.862064778804779,13.764816,13.788151741027832
526,21.299689769744873,0.8623959,0.8621804714202881,9.195793973049149e-05,0.8620832562446594,13.760412,13.781952857971191
527,21.340537071228027,0.86242485,0.8622617125511169,8.353698649443686e-05,0.8621395230293274,13.757515,13.773828744888306
528,21.38063931465149,0.862426,0.862338662147522,3.116516018053517e-05,0.86227947473526,13.757401,13.766133785247803
529,21.420846939086914,0.86245763,0.8623654842376709,2.7874339139088988e-05,0.8623319268226624,13.754236,13.76345157623291
530,21.462578296661377,0.86252505,0.8623914122581482,2.7114907425129786e-05,0.8623518347740173,13.747496,13.76085877418518
531,21.503162622451782,0.8625641,0.8624171018600464,2.2421620087698102e-05,0.8623958826065063,13.743591,13.758289813995361
532,21.543641328811646,0.86257434,0.8624363541603088,3.121075133094564e-05,0.8624148964881897,13.742566,13.756364583969116
533,21.584624767303467,0.8626161,0.862459659576416,4.485721365199424e-05,0.8624248504638672,13.738388,13.754034042358398
534,21.624449491500854,0.8626617,0.8624953627586365,5.125861571286805e-05,0.8624367713928223,13.733828,13.750463724136353
535,21.664812326431274,0.8627259,0.8625503182411194,4.732763409265317e-05,0.8624887466430664,13.727408,13.744968175888062
536,21.705527544021606,0.8627483,0.8626030087471008,4.838877430302091e-05,0.8625525236129761,13.725167,13.739699125289917
537,21.746250867843628,0.86279774,0.8626515865325928,4.745901969727129e-05,0.8625802397727966,13.720226,13.734841346740723
538,21.786271810531616,0.86282,0.8626976609230042,3.527083754306659e-05,0.8626497983932495,13.717997,13.730233907699585
539,21.826106786727905,0.8628212,0.8627313375473022,3.229016874684021e-05,0.8627015352249146,13.717878,13.726866245269775
540,21.865243673324585,0.86285543,0.8627596497535706,3.8019650673959404e-05,0.8627207279205322,13.714457,13.724035024642944
541,21.90594482421875,0.86286855,0.8627977967262268,2.979351302201394e-05,0.8627483248710632,13.713145,13.72022032737732
542,21.945714473724365,0.8628761,0.8628239631652832,1.8424592781229876e-05,0.8628031015396118,13.712388,13.71760368347168
543,21.986245155334473,0.8631103,0.862840473651886,2.670887806743849e-05,0.8628162145614624,13.68897,13.715952634811401
544,22.02748394012451,0.8631103,0.8628658652305603,3.5958040825789794e-05,0.8628296256065369,13.68897,13.71341347694397
545,22.06370973587036,0.863166,0.8628934621810913,6.553340062964708e-05,0.862859845161438,13.683403,13.71065378189087
546,22.10429859161377,0.863212,0.8629395961761475,0.00010215460497420281,0.8628717660903931,13.678801,13.706040382385254
547,22.148491621017456,0.86323917,0.8630186319351196,0.00011955158697674051,0.8628886938095093,13.676083,13.698136806488037
548,22.204363346099854,0.8632755,0.8631446361541748,5.842491373186931e-05,0.8629633188247681,13.672447,13.68553638458252
549,22.25522470474243,0.8632755,0.8631924390792847,2.6865876861847937e-05,0.8631556630134583,13.672447,13.680756092071533
550,22.29277777671814,0.8632755,0.8632174730300903,2.048560963885393e-05,0.8631869554519653,13.672447,13.678252696990967
551,22.32559108734131,0.86328137,0.8632368445396423,1.492089813837083e-05,0.8632196187973022,13.671864,13.676315546035767
552,22.36700439453125,0.86333495,0.8632491230964661,1.6788524590083398e-05,0.863236665725708,13.666505,13.675087690353394
553,22.407381057739258,0.8633624,0.8632637858390808,2.0793899238924496e-05,0.8632391691207886,13.663763,13.673621416091919
554,22.449162006378174,0.86340564,0.8632858991622925,2.528329423512332e-05,0.8632664680480957,13.659435,13.671410083770752
555,22.48860478401184,0.8634161,0.8633033037185669,3.84188060706947e-05,0.8632755279541016,13.658392,13.66966962814331
556,22.52871561050415,0.86345035,0.8633331060409546,4.5697317546000704e-05,0.8632822632789612,13.654965,13.666689395904541
557,22.56985831260681,0.86347765,0.8633810877799988,3.154977093799971e-05,0.8633349537849426,13.652235,13.661891222000122
558,22.61008858680725,0.8635615,0.8634157180786133,3.1880754249868914e-05,0.86338210105896,13.643848,13.658428192138672
559,22.6513352394104,0.86367077,0.8634473085403442,4.768763392348774e-05,0.8634035587310791,13.632923,13.655269145965576
560,22.69171404838562,0.86374605,0.8634932637214661,5.329602208803408e-05,0.8634405732154846,13.625395,13.650673627853394
561,22.73228096961975,0.8638684,0.8635504245758057,5.8688572607934475e-05,0.8634824156761169,13.613158,13.644957542419434
562,22.77228045463562,0.8638684,0.8636004328727722,7.181652472354472e-05,0.8635375499725342,13.613158,13.639956712722778
563,22.806354761123657,0.8639196,0.8636550307273865,9.246062836609781e-05,0.8635784387588501,13.608038,13.634496927261353
564,22.84632396697998,0.8639564,0.8637278079986572,0.0001013541259453632,0.8636062741279602,13.604361,13.627219200134277
565,22.88766360282898,0.8640165,0.8638284802436829,7.292761438293383e-05,0.8637105226516724,13.598352,13.617151975631714
566,22.927792072296143,0.8640165,0.8638949990272522,3.6750087019754574e-05,0.8638556599617004,13.598352,13.61050009727478
567,22.96193766593933,0.86405987,0.8639292120933533,3.9314196328632534e-05,0.8638743162155151,13.594013,13.607078790664673
568,23.00419306755066,0.8641282,0.8639671802520752,4.15311696997378e-05,0.8639176487922668,13.587183,13.60328197479248
569,23.0456645488739,0.8641282,0.8640069961547852,3.746744187083095e-05,0.8639613389968872,13.587183,13.599300384521484
570,23.079878091812134,0.86414766,0.8640414476394653,3.374082734808326e-05,0.8640058040618896,13.585234,13.595855236053467
571,23.122586965560913,0.8641939,0.8640753626823425,3.38404715876095e-05,0.8640346527099609,13.580608,13.592463731765747
572,23.16307759284973,0.8641968,0.8641071319580078,3.641970033640973e-05,0.864063024520874,13.580322,13.589286804199219
573,23.206022024154663,0.86422294,0.8641423583030701,3.243306127842516e-05,0.8640999794006348,13.577705,13.585764169692993
574,23.247713088989258,0.86423737,0.8641759753227234,2.4417875465587713e-05,0.8641433715820312,13.576263,13.582402467727661
575,23.286802291870117,0.86425424,0.8641995191574097,1.4491464753518812e-05,0.8641781806945801,13.574576,13.580048084259033
576,23.32944655418396,0.86429155,0.8642116189002991,1.6329637219314463e-05,0.864194393157959,13.570845,13.578838109970093
577,23.370327949523926,0.86431086,0.8642293214797974,1.6303758457070217e-05,0.8642165660858154,13.568914,13.577067852020264
578,23.41046380996704,0.86431086,0.864241898059845,2.292411409143824e-05,0.8642227649688721,13.568914,13.575810194015503
579,23.445018529891968,0.8643669,0.8642641305923462,2.634619340824429e-05,0.8642361760139465,13.563311,13.57358694076538
580,23.48537588119507,0.8643765,0.8642938137054443,2.880777719838079e-05,0.864264190196991,13.562351,13.570618629455566
581,23.524837732315063,0.86437815,0.8643209934234619,2.9454582545440644e-05,0.8642913103103638,13.562184,13.567900657653809
582,23.565215587615967,0.86439955,0.8643499612808228,2.247868906124495e-05,0.8643108606338501,13.560045,13.565003871917725
583,23.60570764541626,0.8643999,0.8643691539764404,7.947985068312846e-06,0.8643591403961182,13.560009,13.563084602355957
584,23.64594006538391,0.86445296,0.8643775582313538,1.1095920854131691e-05,0.864366888999939,13.554705,13.562244176864624
585,23.686519622802734,0.86445296,0.8643867373466492,1.4922719856258482e-05,0.8643764853477478,13.554705,13.561326265335083
586,23.722615480422974,0.86447394,0.864399790763855,2.037072044913657e-05,0.8643781542778015,13.552607,13.560020923614502
587,23.76481795310974,0.8645081,0.8644172549247742,2.364914325880818e-05,0.8643995523452759,13.5491905,13.558274507522583
588,23.805719137191772,0.86452186,0.8644395470619202,2.786410004773643e-05,0.8644099235534668,13.547813,13.556045293807983
589,23.845452547073364,0.86453557,0.8644682168960571,2.1442616343847476e-05,0.8644384741783142,13.546443,13.553178310394287
590,23.889217853546143,0.8645682,0.8644894957542419,1.9881181287928484e-05,0.8644598722457886,13.543182,13.551050424575806
591,23.93108892440796,0.86458004,0.8645070791244507,2.0567444153130054e-05,0.8644872307777405,13.541996,13.549292087554932
592,23.9736750125885,0.86458814,0.8645269870758057,1.9804223484243266e-05,0.8645001649856567,13.541185,13.547301292419434
593,24.016026496887207,0.86466795,0.8645470142364502,2.107265027007088e-05,0.8645237684249878,13.533205,13.54529857635498
594,24.05632758140564,0.86466825,0.8645642995834351,2.641467835928779e-05,0.8645355701446533,13.5331745,13.543570041656494
595,24.096551179885864,0.864673,0.8645875453948975,2.4381468392675743e-05,0.8645681738853455,13.532698,13.541245460510254
596,24.164703607559204,0.8646223,0.8616376519203186,0.0026345723308622837,0.8552216291427612,13.53777,13.83623480796814
597,24.207422018051147,0.8647097,0.8638856410980225,0.0005700431647710502,0.8625649809837341,13.529033,13.611435890197754
598,24.24877667427063,0.8647097,0.8643665909767151,0.0001918460475280881,0.8640236258506775,13.529033,13.563340902328491
599,24.2843496799469,0.8647097,0.8645454049110413,8.448725566267967e-05,0.864368200302124,13.529033,13.545459508895874
600,24.31805419921875,0.8647719,0.8646208047866821,4.741155498777516e-05,0.8645449280738831,13.52281,13.537919521331787
601,24.35885500907898,0.8648026,0.8646595478057861,3.990616460214369e-05,0.8646222949028015,13.51974,13.534045219421387
602,24.404045581817627,0.8648571,0.8647013306617737,3.1976811442291364e-05,0.8646628856658936,13.514292,13.529866933822632
603,24.44564914703369,0.86489844,0.8647294044494629,3.978964377893135e-05,0.8647092580795288,13.510156,13.527059555053711
604,24.484737873077393,0.8649051,0.8647587895393372,6.060885061742738e-05,0.8647096753120422,13.509488,13.524121046066284
605,24.52603507041931,0.8649055,0.8648148775100708,6.180952186696231e-05,0.8647161722183228,13.509453,13.51851224899292
606,24.56615447998047,0.8649906,0.8648721575737,3.751293843379244e-05,0.8648055195808411,13.50094,13.512784242630005
607,24.606056213378906,0.8651471,0.8649062514305115,2.2895286747370847e-05,0.864896297454834,13.485289,13.509374856948853
608,24.647011280059814,0.8651487,0.8649192452430725,3.6963901948183775e-05,0.8649005889892578,13.485127,13.508075475692749
609,24.686983108520508,0.86515903,0.8649458885192871,6.127917731646448e-05,0.8649051189422607,13.484097,13.505411148071289
610,24.728636264801025,0.8652334,0.8649963140487671,7.681557326577604e-05,0.8649063110351562,13.476658,13.500368595123291
611,24.76845955848694,0.865286,0.8650659918785095,9.095865971175954e-05,0.8649716377258301,13.471401,13.493400812149048
612,24.808807134628296,0.86532664,0.8651601076126099,7.480477506760508e-05,0.8650037050247192,13.467336,13.483989238739014
613,24.848920345306396,0.86545336,0.865226149559021,5.0003291107714176e-05,0.8651578426361084,13.454664,13.4773850440979
614,24.891475200653076,0.8655186,0.865271806716919,4.696972609963268e-05,0.8652334213256836,13.448137,13.472819328308105
615,24.93198561668396,0.8655186,0.8653174042701721,7.001206540735438e-05,0.8652480840682983,13.448137,13.468259572982788
616,24.96498441696167,0.8655276,0.8653804063796997,7.995876512723044e-05,0.8653110265731812,13.447243,13.46195936203003
617,25.010076761245728,0.865594,0.8654587268829346,6.200710777193308e-05,0.8653266429901123,13.440598,13.454127311706543
618,25.050097703933716,0.86559474,0.8655077219009399,3.172622382408008e-05,0.8654544353485107,13.440525,13.449227809906006
619,25.09061360359192,0.8655954,0.8655304908752441,2.356899312871974e-05,0.8655186295509338,13.44046,13.446950912475586
620,25.131311655044556,0.8658575,0.865545928478241,3.695654231705703e-05,0.8655208349227905,13.414251,13.445407152175903
621,25.172045946121216,0.8658575,0.8655751943588257,4.310695658205077e-05,0.8655275106430054,13.414251,13.442480564117432
622,25.207690954208374,0.8658596,0.865610659122467,5.7167701015714556e-05,0.8655939698219299,13.414038,13.438934087753296
623,25.25034260749817,0.8658613,0.8656403422355652,9.294045594288036e-05,0.865594744682312,13.41387,13.435965776443481
624,25.290056228637695,0.8659096,0.8657006621360779,0.0001202150815515779,0.8655956983566284,13.409042,13.429933786392212
625,25.329460859298706,0.8659418,0.8658064603805542,8.979365520644933e-05,0.8656314015388489,13.405818,13.41935396194458
626,25.370503902435303,0.8659418,0.8658662438392639,1.840217737480998e-05,0.8658574819564819,13.405818,13.413375616073608
627,25.403470039367676,0.8659941,0.8658767342567444,2.7057625629822724e-05,0.865859866142273,13.400591,13.412326574325562
628,25.444586515426636,0.8659941,0.8658953905105591,3.234707037336193e-05,0.865861177444458,13.400591,13.410460948944092
629,25.47940444946289,0.8659941,0.8659271597862244,2.3399294150294736e-05,0.8659078478813171,13.400591,13.407284021377563
630,25.512191772460938,0.86600775,0.8659472465515137,2.639762533362955e-05,0.8659132122993469,13.399225,13.405275344848633
631,25.552375078201294,0.8660387,0.8659715056419373,2.3480513846152462e-05,0.8659418225288391,13.3961315,13.402849435806274
632,25.592466831207275,0.8660586,0.8659935593605042,9.495599442743696e-06,0.865976095199585,13.394141,13.400644063949585
633,25.632565021514893,0.86607134,0.8660001754760742,1.4330350495583843e-05,0.8659940958023071,13.392866,13.399982452392578
634,25.67220449447632,0.8660892,0.8660110235214233,2.4853354261722416e-05,0.8659940958023071,13.391077,13.398897647857666
635,25.71333932876587,0.86614084,0.8660323023796082,3.098042725468986e-05,0.8660024404525757,13.385916,13.396769762039185
636,25.753711223602295,0.8661518,0.8660628795623779,2.7941901862504892e-05,0.866019070148468,13.384819,13.393712043762207
637,25.795292615890503,0.8661562,0.8660867214202881,2.250545730930753e-05,0.8660696744918823,13.384378,13.391327857971191
638,25.835617542266846,0.86617315,0.8661057353019714,2.757673428277485e-05,0.8660787343978882,13.382685,13.389426469802856
639,25.873868227005005,0.8662493,0.8661332130432129,2.415554081380833e-05,0.8660944700241089,13.375068,13.386678695678711
640,25.916284799575806,0.8662493,0.8661563396453857,2.1769756131106988e-05,0.8661391735076904,13.375068,13.384366035461426
641,25.949737787246704,0.8662584,0.8661763072013855,3.326370278955437e-05,0.86614990234375,13.374162,13.38236927986145
642,25.997846364974976,0.8663203,0.8662064671516418,3.6151566746411845e-05,0.86616051197052,13.367969,13.379353284835815
643,26.043118238449097,0.8663203,0.8662425875663757,1.7292875782004558e-05,0.8662030100822449,13.367969,13.375741243362427
644,26.07726263999939,0.8663223,0.8662574291229248,1.896094181574881e-05,0.8662413358688354,13.367772,13.37425708770752
645,26.11700749397278,0.86634445,0.8662713170051575,2.4223392756539397e-05,0.8662518858909607,13.365555,13.372868299484253
646,26.157508850097656,0.866362,0.8662900924682617,2.9503638870664872e-05,0.8662583827972412,13.363802,13.370990753173828
647,26.19662880897522,0.866362,0.866317093372345,1.9952984075644054e-05,0.8662692308425903,13.363802,13.368290662765503
648,26.230458974838257,0.86654156,0.8663340210914612,1.826749758038204e-05,0.8663203120231628,13.345843,13.366597890853882
649,26.272477626800537,0.8666058,0.866351842880249,3.851795190712437e-05,0.8663311004638672,13.339418,13.364815711975098
650,26.31243371963501,0.8666882,0.8663738965988159,6.384318112395704e-05,0.8663415312767029,13.331181,13.362610340118408
651,26.3534574508667,0.8666904,0.8664169907569885,9.318565571447834e-05,0.8663545846939087,13.33096,13.358300924301147
652,26.396138191223145,0.8667148,0.8664926886558533,0.00011080081458203495,0.8663619756698608,13.328523,13.350731134414673
653,26.437410354614258,0.86673397,0.8666046857833862,5.654939013766125e-05,0.866472065448761,13.326603,13.339531421661377
654,26.47705340385437,0.86673397,0.86665278673172,3.8322741602314636e-05,0.866605818271637,13.326603,13.334721326828003
655,26.510841608047485,0.86673397,0.8666903376579285,1.9303415683680214e-05,0.8666435480117798,13.326603,13.330966234207153
656,26.543659210205078,0.8667414,0.8667069673538208,1.2929241165693384e-05,0.8666887283325195,13.325858,13.32930326461792
657,26.5853009223938,0.8667414,0.8667178153991699,1.1352341971360147e-05,0.8667051792144775,13.325858,13.328218460083008
658,26.61795401573181,0.8667493,0.8667287230491638,8.610494660388213e-06,0.8667159080505371,13.325071,13.327127695083618
659,26.65886425971985,0.86675096,0.8667371869087219,4.424256076163147e-06,0.8667306303977966,13.324904,13.326281309127808
660,26.698420524597168,0.8667608,0.8667416572570801,3.78108347831585e-06,0.8667373061180115,13.323921,13.325834274291992
661,26.73880672454834,0.86676604,0.8667448163032532,4.760797310154885e-06,0.866740882396698,13.323397,13.325518369674683
662,26.77888059616089,0.86679924,0.8667489886283875,6.976779786782572e-06,0.8667434453964233,13.320076,13.325101137161255
663,26.81966209411621,0.8668027,0.8667548894882202,8.353401426575147e-06,0.8667461276054382,13.319731,13.324511051177979
664,26.860119581222534,0.86681235,0.8667635321617126,1.0523896889935713e-05,0.8667529821395874,13.318766,13.323646783828735
665,26.902096271514893,0.8669183,0.8667723536491394,1.859632902778685e-05,0.8667608499526978,13.308167,13.32276463508606
666,26.94177484512329,0.8669183,0.8667863011360168,2.5794044631766155e-05,0.8667659759521484,13.308167,13.321369886398315
667,26.97707509994507,0.86695796,0.8668084740638733,3.0547846108675e-05,0.8667725920677185,13.304204,13.319152593612671
668,27.016949892044067,0.8670185,0.8668386340141296,4.392107075545937e-05,0.866803765296936,13.298148,13.316136598587036
669,27.057985305786133,0.8670381,0.8668773174285889,6.282837421167642e-05,0.866823136806488,13.296193,13.312268257141113
670,27.097686767578125,0.8670958,0.8669345378875732,6.607719842577353e-05,0.8668462038040161,13.290417,13.306546211242676
671,27.138868808746338,0.86720526,0.8670004606246948,4.129741500946693e-05,0.8669487833976746,13.279474,13.299953937530518
672,27.181468963623047,0.86720526,0.8670397400856018,4.12211702496279e-05,0.8670067191123962,13.279474,13.29602599143982
673,27.215075731277466,0.86752,0.8670744299888611,6.0798993217758834e-05,0.8670225143432617,13.248003,13.292557001113892
674,27.255167245864868,0.86752,0.8671340346336365,7.103603275027126e-05,0.8670545816421509,13.248003,13.286596536636353
675,27.288870811462402,0.8676621,0.8672000169754028,8.817717753117904e-05,0.8671316504478455,13.233793,13.279998302459717
676,27.33277153968811,0.8677785,0.8672709465026855,0.00012450289796106517,0.8671647906303406,13.222152,13.272905349731445
677,27.373310327529907,0.8678068,0.867365837097168,0.00016065977979451418,0.8672273755073547,13.21932,13.263416290283203
678,27.41286063194275,0.8678301,0.867498517036438,0.00018921212176792324,0.8672844171524048,13.21699,13.250148296356201
679,27.452324151992798,0.867836,0.867687463760376,9.554171265335754e-05,0.8675199747085571,13.2164,13.231253623962402
680,27.494046211242676,0.8679232,0.8677712082862854,3.571552224457264e-05,0.8676896095275879,13.20768,13.22287917137146
681,27.53255844116211,0.8679397,0.8678035140037537,2.878177838283591e-05,0.8677756190299988,13.206029,13.219648599624634
682,27.571255683898926,0.8679885,0.8678303360939026,3.5867487895302474e-05,0.8677995800971985,13.201147,13.216966390609741
683,27.61070227622986,0.8680305,0.8678581714630127,4.8469250032212585e-05,0.8678179979324341,13.196951,13.21418285369873
684,27.649283409118652,0.8681135,0.8679006099700928,6.0026861319784075e-05,0.867834746837616,13.188648,13.209939002990723
685,27.6895010471344,0.8683742,0.8679623007774353,5.325088568497449e-05,0.8678754568099976,13.162577,13.20376992225647
686,27.730554580688477,0.86846924,0.8680111765861511,6.0154801758471876e-05,0.8679710626602173,13.153076,13.198882341384888
687,27.769290685653687,0.8684708,0.8680564165115356,9.828779002418742e-05,0.8679949045181274,13.152922,13.194358348846436
688,27.811098098754883,0.8685613,0.8681278228759766,0.0001450461713830009,0.8680213689804077,13.1438675,13.187217712402344
689,27.85154366493225,0.8685937,0.8682279586791992,0.0001644137955736369,0.8680494427680969,13.140631,13.177204132080078
690,27.89267134666443,0.86864454,0.8683754205703735,0.00015332462498918176,0.8681473731994629,13.135547,13.162457942962646
691,27.936649084091187,0.86864454,0.8685128092765808,5.566887921304442e-05,0.8684425950050354,13.135547,13.148719072341919
692,27.971359968185425,0.8687464,0.8685624599456787,5.258034070720896e-05,0.8684935569763184,13.1253605,13.143754005432129
693,28.012025356292725,0.8687464,0.8686137795448303,2.8741182177327573e-05,0.8685671091079712,13.1253605,13.138622045516968
694,28.04620099067688,0.86887217,0.8686433434486389,3.665267286123708e-05,0.8686133027076721,13.112783,13.135665655136108
695,28.08603596687317,0.869053,0.8686753511428833,6.862449663458392e-05,0.8686324954032898,13.0947,13.13246488571167
696,28.128204345703125,0.86906976,0.8687347173690796,0.00010764413309516385,0.868645191192627,13.093024,13.126528263092041
697,28.16832733154297,0.86906976,0.868829071521759,0.00013078792835585773,0.8686860203742981,13.093024,13.117092847824097
698,28.202699422836304,0.86907506,0.86895751953125,7.696891407249495e-05,0.868850588798523,13.092494,13.104248046875
699,28.243308305740356,0.86910284,0.8690273761749268,3.567912426660769e-05,0.8689646124839783,13.089716,13.097262382507324
700,28.284563064575195,0.86914575,0.8690614104270935,1.2101842003175989e-05,0.8690367341041565,13.085424,13.09385895729065
701,28.323995351791382,0.8691509,0.869072675704956,1.2012153092655353e-05,0.8690594434738159,13.084912,13.092732429504395
702,28.364457607269287,0.8693936,0.8690839409828186,2.964471968880389e-05,0.8690701723098755,13.060641,13.09160590171814
703,28.403163194656372,0.8693936,0.8691027760505676,4.6859830035828054e-05,0.8690750598907471,13.060641,13.089722394943237
704,28.43781304359436,0.8693936,0.8691365122795105,6.576467421837151e-05,0.8690832853317261,13.060641,13.08634877204895
705,28.472195863723755,0.86951804,0.8691955804824829,7.937638292787597e-05,0.8691040277481079,13.048196,13.080441951751709
706,28.51482629776001,0.86953986,0.8692601919174194,0.000104830352938734,0.8691838383674622,13.046015,13.073980808258057
707,28.559931993484497,0.86954844,0.8693464994430542,0.00012278545182198286,0.8692030906677246,13.0451565,13.06535005569458
708,28.599207162857056,0.86954844,0.8694645166397095,6.207153637660667e-05,0.8693852424621582,13.0451565,13.053548336029053
709,28.63451910018921,0.86958224,0.8695248961448669,1.3927028703619726e-05,0.8695015907287598,13.041777,13.047510385513306
710,28.674668312072754,0.86958224,0.8695366382598877,1.0435263902763836e-05,0.8695241808891296,13.041777,13.04633617401123
711,28.70877718925476,0.86958224,0.8695461750030518,1.0877476597670466e-05,0.8695339560508728,13.041777,13.045382499694824
712,28.742340087890625,0.8696063,0.8695546388626099,1.3457297427521553e-05,0.8695440888404846,13.039369,13.044536113739014
713,28.78258466720581,0.86962193,0.8695661425590515,1.54556237248471e-05,0.8695484399795532,13.0378065,13.043385744094849
714,28.822356462478638,0.86962193,0.8695815801620483,9.706237506179605e-06,0.8695705533027649,13.0378065,13.041841983795166
715,28.85582423210144,0.8696308,0.869589626789093,1.2424535270838533e-05,0.8695815205574036,13.036919,13.041037321090698
716,28.897022247314453,0.8696677,0.8695995211601257,1.7743916032486595e-05,0.869585394859314,13.033229,13.040047883987427
717,28.938366174697876,0.8696834,0.8696162104606628,1.7894972188514657e-05,0.8695868849754333,13.031662,13.038378953933716
718,28.979400157928467,0.8696868,0.8696345090866089,1.6007670637918636e-05,0.8696187734603882,13.031322,13.036549091339111
719,29.02116084098816,0.86972684,0.8696491122245789,1.98972975340439e-05,0.8696308135986328,13.027316,13.035088777542114
720,29.062202215194702,0.8697335,0.8696682453155518,2.002007568080444e-05,0.8696379661560059,13.0266485,13.033175468444824
721,29.103371143341064,0.86973983,0.8696876168251038,1.556551069370471e-05,0.8696683645248413,13.026017,13.031238317489624
722,29.14334750175476,0.8697552,0.8697001338005066,1.7688425941742025e-05,0.86968594789505,13.024479,13.02998661994934
723,29.18347454071045,0.8697552,0.8697137236595154,1.745026747812517e-05,0.8696902394294739,13.024479,13.028627634048462
724,29.21681547164917,0.8697599,0.8697292804718018,1.1290588190604467e-05,0.8697143793106079,13.024008,13.027071952819824
725,29.25479769706726,0.86978924,0.8697399497032166,1.0474635928403586e-05,0.869726836681366,13.021076,13.026005029678345
726,29.295475959777832,0.86978924,0.8697488307952881,1.290670843445696e-05,0.8697385787963867,13.021076,13.025116920471191
727,29.329702377319336,0.86979437,0.8697600364685059,1.5201188944047317e-05,0.8697416186332703,13.020563,13.023996353149414
728,29.37008833885193,0.869831,0.869775116443634,1.3596645658253692e-05,0.8697552680969238,13.016897,13.022488355636597
729,29.411736249923706,0.8698354,0.8697881698608398,1.2034597602905706e-05,0.8697799444198608,13.016462,13.021183013916016
730,29.452746629714966,0.86986566,0.8697968125343323,1.7011472664307803e-05,0.8697852492332458,13.013434,13.020318746566772
731,29.492491722106934,0.8698744,0.8698112964630127,2.0276200302760117e-05,0.8697892427444458,13.012558,13.01887035369873
732,29.536097526550293,0.869881,0.8698322772979736,1.4259051567933057e-05,0.8698047399520874,13.011903,13.016772270202637
733,29.578880548477173,0.8698858,0.8698432445526123,1.5980553143890575e-05,0.8698323965072632,13.011419,13.01567554473877
734,29.617573738098145,0.8699102,0.8698570728302002,1.9454018911346793e-05,0.869835376739502,13.008982,13.01429271697998
735,29.658403635025024,0.8699102,0.8698764443397522,1.1040803656214848e-05,0.8698469400405884,13.008982,13.01235556602478
736,29.690837860107422,0.8699103,0.8698853850364685,7.094917236827314e-06,0.8698795437812805,13.00897,13.01146149635315
737,29.73045253753662,0.86991554,0.8698911070823669,8.798983799351845e-06,0.8698826432228088,13.008446,13.010889291763306
738,29.77238702774048,0.8699323,0.8698987364768982,9.898935786623042e-06,0.8698872327804565,13.006771,13.01012635231018
739,29.811737060546875,0.8699338,0.8699087500572205,6.5700819504854735e-06,0.869898796081543,13.006621,13.009124994277954
740,29.851019144058228,0.869938,0.8699150085449219,7.946338882902637e-06,0.869909942150116,13.006199,13.008499145507812
741,29.89093780517578,0.8699455,0.8699212670326233,9.538506674289238e-06,0.8699102997779846,13.005447,13.007873296737671
742,29.931474924087524,0.8699967,0.8699309229850769,6.158353698992869e-06,0.8699219226837158,13.000327,13.00690770149231
743,29.97196865081787,0.8700362,0.8699361681938171,1.056540622812463e-05,0.8699321746826172,12.996382,13.006383180618286
744,30.016144514083862,0.8700534,0.8699437975883484,2.1550729798036627e-05,0.8699333071708679,12.994659,13.005620241165161
745,30.055055141448975,0.87005883,0.8699578642845154,3.252207534387708e-05,0.869937539100647,12.994117,13.004213571548462
746,30.097560167312622,0.8700598,0.8699809312820435,3.828751141554676e-05,0.8699426054954529,12.994021,13.001906871795654
747,30.137463569641113,0.8700928,0.8700193762779236,2.381614103796892e-05,0.8699667453765869,12.990719,12.998062372207642
748,30.17782950401306,0.8700982,0.8700419664382935,1.6010733816074207e-05,0.8700193762779236,12.990183,12.995803356170654
749,30.219266176223755,0.8700982,0.8700560927391052,1.5596397133776918e-05,0.8700361847877502,12.990183,12.994390726089478
750,30.25631618499756,0.8701099,0.8700703382492065,1.4055371138965711e-05,0.8700534105300903,12.989008,12.992966175079346
751,30.302693128585815,0.87025267,0.8700852394104004,1.7313184798695147e-05,0.8700661659240723,12.974733,12.991476058959961
752,30.343709468841553,0.87025267,0.8701010942459106,2.16880434891209e-05,0.8700898885726929,12.974733,12.989890575408936
753,30.37703824043274,0.8704517,0.8701170086860657,4.417102172737941e-05,0.870093822479248,12.954831,12.988299131393433
754,30.415924072265625,0.87053204,0.870155930519104,8.94527038326487e-05,0.8701000809669495,12.946796,12.9844069480896
755,30.45621967315674,0.87057316,0.8702287673950195,0.00013142154784873128,0.870124340057373,12.942684,12.977123260498047
756,30.497018098831177,0.87057674,0.8703392148017883,0.0001298151328228414,0.8701465725898743,12.942326,12.966078519821167
757,30.53713822364807,0.87061054,0.8704617619514465,7.445627124980092e-05,0.8703329563140869,12.938947,12.953823804855347
758,30.57940936088562,0.87061083,0.8705291748046875,3.466822818154469e-05,0.8704754710197449,12.938917,12.94708251953125
759,30.6209557056427,0.87065923,0.8705632090568542,2.6256797355017625e-05,0.8705241680145264,12.934076,12.943679094314575
760,30.66467022895813,0.87068903,0.8705905675888062,2.488874815753661e-05,0.8705604076385498,12.931097,12.940943241119385
761,30.710761308670044,0.8706937,0.8706153035163879,2.438086630718317e-05,0.8705857992172241,12.930632,12.938469648361206
762,30.751989126205444,0.8707246,0.8706403374671936,2.561060136940796e-05,0.8706105351448059,12.927538,12.93596625328064
763,30.793612003326416,0.8707562,0.8706669807434082,2.132844747393392e-05,0.8706423044204712,12.924379,12.93330192565918
764,30.836188316345215,0.8707755,0.8706876635551453,2.527870310586877e-05,0.8706592321395874,12.922448,12.931233644485474
765,30.878447771072388,0.8707782,0.8707097172737122,2.36477171711158e-05,0.8706890344619751,12.92218,12.929028272628784
766,30.91969895362854,0.8707805,0.8707314729690552,2.4514960387023166e-05,0.8706997036933899,12.9219475,12.926852703094482
767,30.963104009628296,0.8707864,0.8707533478736877,1.8420067135593854e-05,0.870724618434906,12.921357,12.924665212631226
768,31.007476091384888,0.8708073,0.8707700371742249,8.80649167811498e-06,0.8707563281059265,12.919271,12.922996282577515
769,31.050026893615723,0.8708073,0.8707780838012695,5.296309154800838e-06,0.870772123336792,12.919271,12.922191619873047
770,31.08334994316101,0.8708536,0.8707828521728516,8.251006875070743e-06,0.8707774877548218,12.914639,12.921714782714844
771,31.123711824417114,0.8708636,0.8707884550094604,1.296601021749666e-05,0.8707805275917053,12.913638,12.921154499053955
772,31.162229776382446,0.8708708,0.8707972168922424,1.849722320912406e-05,0.8707858324050903,12.912917,12.920278310775757
773,31.202783823013306,0.87088764,0.8708121180534363,2.4521208615624346e-05,0.8707870841026306,12.911236,12.918788194656372
774,31.244534730911255,0.8709177,0.8708322048187256,2.734841655183118e-05,0.8708053231239319,12.908232,12.916779518127441
775,31.286368370056152,0.8709481,0.8708588480949402,2.25300645979587e-05,0.870818555355072,12.905192,12.914115190505981
776,31.32724356651306,0.8709481,0.8708808422088623,1.8291464584763162e-05,0.8708586096763611,12.905192,12.91191577911377
777,31.36109757423401,0.8709481,0.8708963394165039,1.821167279558722e-05,0.8708780407905579,12.905192,12.91036605834961
778,31.39610242843628,0.87098444,0.8709135055541992,1.830095425248146e-05,0.8708903193473816,12.901556,12.908649444580078
779,31.463395595550537,0.8711246,0.8676621913909912,0.002930664224550128,0.860881507396698,12.887537,13.233780860900879
780,31.505465745925903,0.87114584,0.8701707720756531,0.0007336687995120883,0.8684452772140503,12.885416,12.982922792434692
781,31.547537088394165,0.8711553,0.8708160519599915,0.00017369349370710552,0.8704765439033508,12.884468,12.918394804000854
782,31.590172052383423,0.8711701,0.870978057384491,9.962782496586442e-05,0.8708515763282776,12.88299,12.902194261550903
783,31.63168168067932,0.87126464,0.8710642457008362,8.194808469852433e-05,0.8709427118301392,12.873536,12.893575429916382
784,31.671947717666626,0.8712963,0.8711410760879517,2.6970083126798272e-05,0.8711027503013611,12.870371,12.885892391204834
785,31.71260404586792,0.87130666,0.871164858341217,3.8404690712923184e-05,0.8711385726928711,12.869334,12.883514165878296
786,31.75420379638672,0.8714778,0.8711930513381958,5.5910208175191656e-05,0.8711526989936829,12.8522215,12.88069486618042
787,31.795346975326538,0.87148935,0.8712338805198669,6.76229756209068e-05,0.8711618185043335,12.851066,12.876611948013306
788,31.83518362045288,0.8716286,0.8713092803955078,6.360828410834074e-05,0.8712369203567505,12.837142,12.869071960449219
789,31.87483286857605,0.87164056,0.8713569641113281,9.218577906722203e-05,0.8712962865829468,12.835943,12.864303588867188
790,31.91744065284729,0.8716546,0.8714216351509094,0.00011311827984172851,0.8713136315345764,12.8345375,12.857836484909058
791,31.959452867507935,0.87167203,0.8715289831161499,8.493006316712126e-05,0.8713867664337158,12.832796,12.84710168838501
792,32.00014305114746,0.8716785,0.8716120719909668,4.472303407965228e-05,0.8714893460273743,12.832153,12.83879280090332
793,32.04136681556702,0.87168425,0.8716431856155396,1.2540293937490787e-05,0.8716275095939636,12.831574,12.835681438446045
794,32.0833044052124,0.87170184,0.8716560006141663,1.2395199519232847e-05,0.8716413974761963,12.829817,12.834399938583374
795,32.12505865097046,0.871719,0.8716685771942139,1.4039128473086748e-05,0.8716526627540588,12.8281,12.833142280578613
796,32.169947385787964,0.87176406,0.8716834187507629,1.394560604239814e-05,0.8716663122177124,12.823593,12.831658124923706
797,32.22265672683716,0.87190527,0.8716968297958374,1.8765187633107416e-05,0.871679961681366,12.809473,12.83031702041626
798,32.26736044883728,0.8719408,0.8717128038406372,3.5133532946929336e-05,0.8716937303543091,12.805921,12.82871961593628
799,32.307101011276245,0.8719715,0.8717390298843384,6.299695087363943e-05,0.8717033267021179,12.802851,12.826097011566162
800,32.347686767578125,0.87203526,0.8717808127403259,9.068327926797792e-05,0.8717204332351685,12.7964735,12.821918725967407
801,32.38732838630676,0.8722792,0.8718535304069519,0.00010538352944422513,0.8717275857925415,12.772078,12.81464695930481
802,32.427523374557495,0.8722792,0.8719550371170044,4.708136839326471e-05,0.8718699812889099,12.772078,12.80449628829956
803,32.45970964431763,0.8722833,0.8719974160194397,6.835794192738831e-05,0.8719599843025208,12.771672,12.80025839805603
804,32.49814701080322,0.87236077,0.8720445036888123,0.00010455705341883004,0.8719715476036072,12.763924,12.795549631118774
805,32.53834414482117,0.87236077,0.8721244931221008,0.0001179419705295004,0.8720000982284546,12.763924,12.787550687789917
806,32.571582317352295,0.872503,0.8722307085990906,9.882315498543903e-05,0.8720451593399048,12.7497015,12.776929140090942
807,32.612828731536865,0.872503,0.8723042607307434,3.829705383395776e-05,0.8722769618034363,12.7497015,12.76957392692566
808,32.64733648300171,0.872503,0.8723338842391968,4.902970613329671e-05,0.8722844123840332,12.7497015,12.766611576080322
809,32.679274559020996,0.8725141,0.8723754286766052,5.400801819632761e-05,0.8723300695419312,12.748587,12.762457132339478
810,32.72211790084839,0.8725141,0.8724088668823242,6.370252231135964e-05,0.8723607659339905,12.748587,12.759113311767578
811,32.75602722167969,0.8725687,0.8724624514579773,5.760253770858981e-05,0.8723635673522949,12.743128,12.75375485420227
812,32.798553466796875,0.8725883,0.8725100755691528,1.539824552310165e-05,0.8725027441978455,12.741173,12.748992443084717
813,32.840149879455566,0.87259346,0.8725205063819885,2.4892786314012483e-05,0.8725056648254395,12.740654,12.747949361801147
814,32.88023233413696,0.8727594,0.872539222240448,3.431377626839094e-05,0.8725088238716125,12.72406,12.7460777759552
815,32.918999433517456,0.8728713,0.8725708723068237,3.768886745092459e-05,0.8725166320800781,12.712872,12.742912769317627
816,32.960190534591675,0.8728713,0.8726005554199219,4.747566708829254e-05,0.872577428817749,12.712872,12.739944458007812
817,32.99523591995239,0.8728795,0.8726314902305603,7.868893590057269e-05,0.872586727142334,12.7120495,12.73685097694397
818,33.035712003707886,0.872922,0.8726861476898193,0.00010759885481093079,0.872594952583313,12.7078,12.731385231018066
819,33.0788049697876,0.8729331,0.8727724552154541,0.00010943814413622022,0.8726241588592529,12.706691,12.72275447845459
820,33.11995482444763,0.87293977,0.8728771805763245,3.428214768064208e-05,0.8727977275848389,12.706023,12.712281942367554
821,33.16155481338501,0.87295157,0.8729050159454346,1.8954880943056196e-05,0.8728802800178528,12.7048435,12.709498405456543
822,33.20575189590454,0.87295926,0.8729238510131836,7.994216502993368e-06,0.8729099035263062,12.704075,12.70761489868164
823,33.2476544380188,0.87307996,0.8729317784309387,1.183595941256499e-05,0.8729227781295776,12.692004,12.706822156906128
824,33.28547382354736,0.87310994,0.8729404807090759,2.0032623069710098e-05,0.8729288578033447,12.689007,12.705951929092407
825,33.32651877403259,0.87316084,0.8729567527770996,4.1100367525359616e-05,0.8729344606399536,12.683916,12.704324722290039
826,33.36521816253662,0.87317014,0.8729873299598694,6.618858606088907e-05,0.8729437589645386,12.682986,12.701267004013062
827,33.40607810020447,0.8731713,0.8730314373970032,8.143999730236828e-05,0.8729562759399414,12.682867,12.696856260299683
828,33.44743061065674,0.87317586,0.8731064200401306,5.721698471461423e-05,0.872969388961792,12.682414,12.689357995986938
829,33.48855805397034,0.8731884,0.8731498718261719,2.1123069018358365e-05,0.8731117844581604,12.681162,12.685012817382812
830,33.52852463722229,0.8731884,0.8731682300567627,7.523685326304985e-06,0.873157799243927,12.681162,12.68317699432373
831,33.56126356124878,0.8731905,0.8731746673583984,6.559592748089926e-06,0.8731658458709717,12.680948,12.682533264160156
832,33.6015350818634,0.873192,0.873180627822876,5.317684099281905e-06,0.8731725215911865,12.680799,12.681937217712402
833,33.64363193511963,0.87319446,0.8731857538223267,3.1472907267016126e-06,0.8731802701950073,12.680554,12.681424617767334
834,33.68485736846924,0.87320876,0.8731886148452759,2.735964244493516e-06,0.8731844425201416,12.679124,12.681138515472412
835,33.72273254394531,0.87320876,0.8731908798217773,3.468714112386806e-06,0.8731883764266968,12.679124,12.680912017822266
836,33.756481885910034,0.87322056,0.8731942176818848,5.501682608155534e-06,0.8731905221939087,12.677944,12.680578231811523
837,33.798054456710815,0.873239,0.8731987476348877,8.931530828704126e-06,0.8731920123100281,12.676102,12.68012523651123
838,33.841023445129395,0.8732392,0.8732064366340637,1.1290862858004402e-05,0.8731944561004639,12.676078,12.679356336593628
839,33.88704967498779,0.8732654,0.873218297958374,8.566580618207809e-06,0.87320876121521,12.673462,12.678170204162598
840,33.92814064025879,0.8732663,0.8732260465621948,1.0223119716101792e-05,0.873218297958374,12.673372,12.677395343780518
841,33.969831228256226,0.8732723,0.8732337355613708,1.4640580957347993e-05,0.873221755027771,12.67277,12.676626443862915
842,34.01131987571716,0.87327373,0.873245894908905,1.5279731087503023e-05,0.8732253313064575,12.6726265,12.675410509109497
843,34.04990291595459,0.8733166,0.8732599020004272,1.2900889487355016e-05,0.8732413053512573,12.668342,12.674009799957275
844,34.088515281677246,0.8733166,0.873272180557251,8.645324669487309e-06,0.8732653856277466,12.668342,12.672781944274902
845,34.12253785133362,0.8733596,0.8732784390449524,1.2867989426013082e-05,0.8732698559761047,12.664038,12.67215609550476
846,34.162776470184326,0.8734002,0.8732889294624329,1.979304215637967e-05,0.8732722997665405,12.659979,12.671107053756714
847,34.20504283905029,0.87341255,0.8733046054840088,2.6488751245778985e-05,0.8732843995094299,12.658745,12.669539451599121
848,34.24586248397827,0.8734158,0.8733267784118652,3.189415656379424e-05,0.8732903599739075,12.658417,12.667322158813477
849,34.286274909973145,0.87349194,0.8733556866645813,3.597361137508415e-05,0.8733165860176086,12.650805,12.66443133354187
850,34.32496976852417,0.87349194,0.8733854293823242,3.8887988921487704e-05,0.8733596205711365,12.650805,12.661457061767578
851,34.35872220993042,0.87349343,0.873417317867279,4.537147833616473e-05,0.8733622431755066,12.650657,12.658268213272095
852,34.39855337142944,0.8735366,0.8734571933746338,3.435436519794166e-05,0.873412549495697,12.646341,12.654280662536621
853,34.44197702407837,0.87362015,0.873494029045105,2.4491084332112223e-05,0.8734731674194336,12.637985,12.650597095489502
854,34.48059558868408,0.8736216,0.8735119104385376,4.0873615944292396e-05,0.8734887838363647,12.637842,12.64880895614624
855,34.52011513710022,0.8736226,0.8735418915748596,5.147364572621882e-05,0.8734919428825378,12.63774,12.645810842514038
856,34.558998823165894,0.87367636,0.873592734336853,3.437474515521899e-05,0.8735366463661194,12.632364,12.640726566314697
857,34.59987711906433,0.87367636,0.873623251914978,1.225608866661787e-05,0.8736177682876587,12.632364,12.637674808502197
858,34.63486647605896,0.87368554,0.873630166053772,1.8096085113938898e-05,0.8736187219619751,12.631446,12.636983394622803
859,34.675949573516846,0.87371683,0.8736401796340942,2.296811180713121e-05,0.8736211657524109,12.628317,12.635982036590576
860,34.71697664260864,0.873736,0.8736620545387268,2.231555299658794e-05,0.8736229538917542,12.626398,12.63379454612732
861,34.75796818733215,0.87406933,0.8736854791641235,3.075419590459205e-05,0.8736604452133179,12.593067,12.631452083587646
862,34.799845695495605,0.87406933,0.8737080693244934,4.988486398360692e-05,0.8736788034439087,12.593067,12.62919306755066
863,34.83402919769287,0.8741501,0.8737510442733765,9.44773928495124e-05,0.8736932277679443,12.5849905,12.624895572662354
864,34.87537384033203,0.87416166,0.873811662197113,0.00014681201719213277,0.8737229108810425,12.583834,12.618833780288696
865,34.91620397567749,0.8742107,0.8739128708839417,0.0001781620376277715,0.8737381100654602,12.578928,12.608712911605835
866,34.95817446708679,0.8742681,0.8740707635879517,0.00013267298345454037,0.8737861514091492,12.573189,12.592923641204834
867,35.000986099243164,0.87432146,0.8741682767868042,3.353551801410504e-05,0.8741309642791748,12.567854,12.58317232131958
868,35.04165506362915,0.87432146,0.8741962909698486,3.287050640210509e-05,0.8741587996482849,12.567854,12.580370903015137
869,35.07588219642639,0.87437475,0.8742256760597229,3.3609700039960444e-05,0.8741918802261353,12.562525,12.57743239402771
870,35.115161418914795,0.87438005,0.8742566704750061,3.5447734262561426e-05,0.8742168545722961,12.561995,12.57433295249939
871,35.15603947639465,0.87442124,0.8742926120758057,3.746834772755392e-05,0.874250054359436,12.557877,12.570738792419434
872,35.196399450302124,0.874476,0.8743288516998291,3.8366273656720296e-05,0.8742848634719849,12.552399,12.56711483001709
873,35.23666548728943,0.8744822,0.8743670582771301,3.8679187127854675e-05,0.874321460723877,12.551779,12.563294172286987
874,35.278337240219116,0.87455684,0.8744065761566162,3.594222289393656e-05,0.8743653297424316,12.544316,12.559342384338379
875,35.319257497787476,0.87455684,0.8744422197341919,3.339537579449825e-05,0.8743983507156372,12.544316,12.55577802658081
876,35.35362124443054,0.87456715,0.874475359916687,3.267109423177317e-05,0.8744353652000427,12.543285,12.552464008331299
877,35.39526295661926,0.87456965,0.8745048642158508,2.8610817025764845e-05,0.8744726777076721,12.543035,12.549513578414917
878,35.436184883117676,0.8745986,0.874531626701355,2.4299468350363895e-05,0.8744995594024658,12.540138,12.546837329864502
879,35.47464346885681,0.8746755,0.8745564222335815,1.6636535292491317e-05,0.8745287656784058,12.532449,12.544357776641846
880,35.51510047912598,0.8746883,0.8745706081390381,2.2041258489480242e-05,0.874556839466095,12.531167,12.542939186096191
881,35.55568885803223,0.87470174,0.8745889663696289,3.675271000247449e-05,0.8745640516281128,12.529826,12.54110336303711
882,35.59730315208435,0.8747117,0.874613344669342,4.61336130683776e-05,0.8745725154876709,12.528831,12.538665533065796
883,35.63695240020752,0.8747135,0.8746572136878967,4.057406113133766e-05,0.8745882511138916,12.528652,12.534278631210327
884,35.67829465866089,0.8747612,0.8746938705444336,1.2372772289381828e-05,0.8746755123138428,12.523878,12.53061294555664
885,35.71874022483826,0.8747612,0.8747051358222961,1.2649637938011438e-05,0.8746917247772217,12.523878,12.529486417770386
886,35.752681493759155,0.87476224,0.8747167587280273,1.5029860151116736e-05,0.8747031688690186,12.523776,12.528324127197266
887,35.79286599159241,0.87479526,0.8747305870056152,1.7608526832191274e-05,0.8747116923332214,12.520474,12.526941299438477
888,35.83407521247864,0.87481034,0.874748706817627,1.696154140518047e-05,0.8747297525405884,12.518967,12.525129318237305
889,35.87419772148132,0.8748164,0.8747645616531372,1.7810583813115954e-05,0.8747450709342957,12.518358,12.52354383468628
890,35.915061712265015,0.8748613,0.8747813701629639,1.8208931578556076e-05,0.8747612237930298,12.51387,12.521862983703613
891,35.95808458328247,0.8748883,0.8748009204864502,2.2220232494873926e-05,0.8747802972793579,12.511169,12.51990795135498
892,36.000247955322266,0.8748959,0.8748176097869873,2.956344178528525e-05,0.8747952580451965,12.510413,12.51823902130127
893,36.04078149795532,0.87490976,0.8748432993888855,3.196018224116415e-05,0.874797523021698,12.509024,12.51567006111145
894,36.08039379119873,0.87491304,0.8748751878738403,1.319038710789755e-05,0.8748573064804077,12.508697,12.512481212615967
895,36.120854139328,0.87491304,0.8748883605003357,1.0089799616253003e-05,0.8748745918273926,12.508697,12.51116394996643
896,36.15314269065857,0.8749176,0.8748977184295654,7.483040008082753e-06,0.8748883008956909,12.508238,12.510228157043457
897,36.193304777145386,0.8749657,0.8749040365219116,8.947293281380553e-06,0.8748958706855774,12.5034275,12.509596347808838
898,36.23441934585571,0.874988,0.8749133944511414,1.0302373993908986e-05,0.8749020099639893,12.501198,12.508660554885864
899,36.274909257888794,0.8750064,0.8749213814735413,1.7342981664114632e-05,0.8749130368232727,12.499362,12.507861852645874
900,36.31452655792236,0.87511766,0.8749336004257202,2.8621809178730473e-05,0.8749132752418518,12.488234,12.506639957427979
901,36.35604929924011,0.87511766,0.874957263469696,3.469405783107504e-05,0.8749185800552368,12.488234,12.504273653030396
902,36.38938856124878,0.87518084,0.8749940395355225,4.093495590495877e-05,0.8749483823776245,12.481916,12.500596046447754
903,36.43134093284607,0.8752783,0.8750311136245728,6.287160067586228e-05,0.8749880194664001,12.472171,12.496888637542725
904,36.47220706939697,0.8752824,0.8750776648521423,9.061294986167923e-05,0.875006377696991,12.47176,12.492233514785767
905,36.51164937019348,0.8753098,0.8751629590988159,8.873653132468462e-05,0.8750251531600952,12.469017,12.483704090118408
906,36.55151605606079,0.8753198,0.8752481341362,3.791031849686988e-05,0.8751808404922485,12.468022,12.475186586380005
907,36.59311270713806,0.8753247,0.8752797842025757,1.4993261174822692e-05,0.875257134437561,12.467527,12.472021579742432
908,36.63505578041077,0.87532645,0.8752915859222412,1.3030540685576852e-05,0.8752782940864563,12.467355,12.470841407775879
909,36.67466902732849,0.87534475,0.8753030896186829,1.063463423633948e-05,0.8752864003181458,12.465525,12.469691038131714
910,36.714977979660034,0.87535954,0.8753132820129395,8.909200914786197e-06,0.8753031492233276,12.4640465,12.468671798706055
911,36.782106161117554,0.8754164,0.8719024658203125,0.0027204465586692095,0.8660626411437988,12.458361,12.80975341796875
912,36.82278823852539,0.8754166,0.8742983937263489,0.0007867461536079645,0.8726894855499268,12.458343,12.570160627365112
913,36.8638699054718,0.8754166,0.8750209212303162,0.00029983470449224114,0.8742765784263611,12.458343,12.497907876968384
914,36.89946722984314,0.8754416,0.8752802610397339,9.054422844201326e-05,0.8751224875450134,12.455839,12.471973896026611
915,36.94419741630554,0.8754679,0.8753594160079956,6.081076935515739e-05,0.8752616047859192,12.453211,12.46405839920044
916,36.98737931251526,0.8754679,0.8754177689552307,1.603378950676415e-05,0.8753870725631714,12.453211,12.458223104476929
917,37.022419452667236,0.87564355,0.87543123960495,1.887062353489455e-05,0.8754163980484009,12.435645,12.456876039505005
918,37.06368660926819,0.8756493,0.8754463195800781,2.680212310224306e-05,0.8754276037216187,12.435073,12.455368041992188
919,37.10498785972595,0.8757049,0.8754618167877197,4.394102143123746e-05,0.8754416108131409,12.429512,12.453818321228027
920,37.145376205444336,0.8757049,0.8754875659942627,6.468073843279853e-05,0.8754481077194214,12.429512,12.45124340057373
921,37.17827105522156,0.8757109,0.8755226135253906,8.643740875413641e-05,0.8754680752754211,12.428909,12.447738647460938
922,37.21982288360596,0.87571263,0.8755886554718018,9.918845898937434e-05,0.875470757484436,12.428737,12.441134452819824
923,37.260414600372314,0.87571293,0.8756771087646484,2.499204310879577e-05,0.8756435513496399,12.428707,12.432289123535156
924,37.30066394805908,0.8757225,0.8756997585296631,1.2093626537534874e-05,0.8756778240203857,12.427748,12.430024147033691
925,37.34024930000305,0.8757225,0.8757089972496033,3.423964926696499e-06,0.8757048845291138,12.427748,12.429100275039673
926,37.37482690811157,0.87573916,0.8757124543190002,3.4582633361424087e-06,0.8757103085517883,12.4260845,12.428754568099976
927,37.41733694076538,0.87573916,0.8757152557373047,4.983231519872788e-06,0.8757123947143555,12.4260845,12.428474426269531
928,37.45052194595337,0.87573916,0.8757193088531494,6.359237431752263e-06,0.8757126331329346,12.4260845,12.428069114685059
929,37.48417687416077,0.8757543,0.8757254481315613,6.595317699975567e-06,0.8757200837135315,12.42457,12.427455186843872
930,37.5252685546875,0.87575924,0.8757304549217224,9.043329555424862e-06,0.8757225275039673,12.424076,12.426954507827759
931,37.565410137176514,0.8757617,0.875738263130188,1.0247394129692111e-05,0.8757278919219971,12.423831,12.426173686981201
932,37.606125354766846,0.8757617,0.8757480978965759,7.228697540995199e-06,0.8757389783859253,12.423831,12.425190210342407
933,37.639092683792114,0.8757617,0.8757546544075012,4.334231562097557e-06,0.8757480382919312,12.423831,12.424534559249878
934,37.67317223548889,0.8757802,0.8757584691047668,2.7467024210636737e-06,0.8757545948028564,12.421978,12.424153089523315
935,37.71313142776489,0.87580484,0.875761091709137,3.330590061523253e-06,0.8757592439651489,12.419516,12.423890829086304
936,37.75312685966492,0.87580484,0.8757627010345459,5.4883016673556995e-06,0.875761091709137,12.419516,12.42372989654541
937,37.786680459976196,0.87581044,0.8757657408714294,1.143495046562748e-05,0.8757616877555847,12.418956,12.423425912857056
938,37.828526735305786,0.8758987,0.8757719397544861,1.842760684667155e-05,0.8757616877555847,12.410128,12.422806024551392
939,37.870171546936035,0.8758987,0.8757843375205994,2.3409298592014238e-05,0.8757616877555847,12.410128,12.421566247940063
940,37.904648780822754,0.8758989,0.8758074045181274,2.2380931113730185e-05,0.8757802248001099,12.41011,12.419259548187256
941,37.946555614471436,0.8759443,0.8758213520050049,2.852426769095473e-05,0.875805139541626,12.405568,12.417864799499512
942,37.98737454414368,0.8759495,0.875840961933136,3.950263271690346e-05,0.875810444355011,12.40505,12.415903806686401
943,38.030351877212524,0.875957,0.8758770227432251,3.708522126544267e-05,0.8758121728897095,12.404299,12.41229772567749
944,38.068196058273315,0.87596875,0.8759141564369202,2.2038351744413376e-05,0.8758970499038696,12.403125,12.408584356307983
945,38.10851430892944,0.87596875,0.8759310841560364,2.2557116608368233e-05,0.8759000301361084,12.403125,12.406891584396362
946,38.14190316200256,0.87601316,0.8759521245956421,7.3015053203562275e-06,0.8759443163871765,12.398684,12.404787540435791
947,38.18248438835144,0.87602645,0.8759604692459106,1.606267505849246e-05,0.875951886177063,12.397355,12.403953075408936
948,38.22317147254944,0.87602645,0.8759720921516418,2.4658724214532413e-05,0.8759568929672241,12.397355,12.402790784835815
949,38.2570583820343,0.87602645,0.8759897947311401,2.826123636623379e-05,0.8759573101997375,12.397355,12.401020526885986
950,38.288733959198,0.87606806,0.8760190606117249,1.2108165719837416e-05,0.8759738802909851,12.393194,12.398093938827515
951,38.329158306121826,0.87612426,0.8760261535644531,8.664891538501251e-06,0.8760210275650024,12.387573,12.397384643554688
952,38.369056701660156,0.87614256,0.8760324716567993,1.93550658877939e-05,0.8760261535644531,12.385744,12.396752834320068
953,38.410168409347534,0.87614256,0.8760430216789246,3.280317469034344e-05,0.876026451587677,12.385744,12.395697832107544
954,38.442787647247314,0.8761527,0.8760658502578735,4.4520169467432424e-05,0.876026451587677,12.38473,12.393414974212646
955,38.48342823982239,0.8761822,0.8761071562767029,3.911987732863054e-05,0.876047670841217,12.381781,12.389284372329712
956,38.52407264709473,0.8761858,0.8761430978775024,1.2607906683115289e-05,0.8761311769485474,12.381422,12.385690212249756
957,38.56445670127869,0.8762134,0.8761535286903381,1.440660435036989e-05,0.8761419057846069,12.378663,12.384647130966187
958,38.605334520339966,0.8762134,0.8761662840843201,1.43642364491825e-05,0.876147985458374,12.378663,12.383371591567993
959,38.6396963596344,0.8762575,0.8761810660362244,1.4612409358960576e-05,0.8761624097824097,12.374252,12.381893396377563
960,38.678868770599365,0.87626445,0.87619549036026,1.848054671427235e-05,0.8761810660362244,12.373554,12.380450963973999
961,38.7200140953064,0.87626445,0.876210629940033,1.9929906557081267e-05,0.8761861324310303,12.373554,12.378937005996704
962,38.753711223602295,0.8764559,0.8762296438217163,2.4382823539781384e-05,0.8762079477310181,12.35441,12.37703561782837
963,38.79463219642639,0.87650275,0.8762519359588623,3.297930379630998e-05,0.8762224316596985,12.349725,12.37480640411377
964,38.83500385284424,0.87650275,0.8762767314910889,4.919845378026366e-05,0.8762401342391968,12.349725,12.372326850891113
965,38.86913585662842,0.8765568,0.8763094544410706,7.191094482550398e-05,0.8762638568878174,12.344318,12.369054555892944
966,38.90992212295532,0.8765568,0.8763587474822998,8.556946704629809e-05,0.8762826323509216,12.344318,12.36412525177002
967,38.944626808166504,0.87656116,0.8764398097991943,7.393109990516677e-05,0.8763109445571899,12.3438835,12.356019020080566
968,38.98743486404419,0.8765616,0.876501202583313,3.1038322049425915e-05,0.8764561414718628,12.343842,12.349879741668701
969,39.029454946517944,0.8765626,0.8765282034873962,2.4415347070316784e-05,0.8765014410018921,12.34374,12.347179651260376
970,39.07023525238037,0.87656343,0.876552402973175,1.0020348781836219e-05,0.876533031463623,12.343657,12.344759702682495
971,39.11143732070923,0.876584,0.876560628414154,2.132306008206797e-06,0.876557469367981,12.3416,12.343937158584595
972,39.15402054786682,0.8765855,0.8765624761581421,3.5004022720386274e-06,0.8765609860420227,12.341452,12.343752384185791
973,39.194761991500854,0.8765874,0.8765643835067749,6.0295160437817685e-06,0.8765617609024048,12.341261,12.34356164932251
974,39.23544692993164,0.8766163,0.8765677213668823,9.012193004309665e-06,0.8765624761581421,12.33837,12.343227863311768
975,39.27723264694214,0.8766163,0.8765737414360046,1.1031221220036969e-05,0.8765632510185242,12.33837,12.342625856399536
976,39.31031775474548,0.8766188,0.8765851855278015,7.806869689375162e-06,0.8765692710876465,12.3381195,12.341481447219849
977,39.35038089752197,0.87664324,0.8765916228294373,1.1562940017029177e-05,0.876585066318512,12.335676,12.340837717056274
978,39.392502546310425,0.8766566,0.8766016960144043,1.820094621507451e-05,0.8765864372253418,12.334341,12.33983039855957
979,39.433932304382324,0.87667656,0.8766187429428101,1.8863111108657904e-05,0.8765888810157776,12.332344,12.338125705718994
980,39.47315049171448,0.87667656,0.876635730266571,1.44696050483617e-05,0.8766162991523743,12.332344,12.336426973342896
981,39.50612545013428,0.87667656,0.8766490817070007,8.641784006613307e-06,0.8766409158706665,12.332344,12.335091829299927
982,39.53931903839111,0.8766772,0.8766560554504395,9.096548637899105e-06,0.8766438364982605,12.332278,12.334394454956055
983,39.57885241508484,0.8766772,0.8766635060310364,7.0802393565827515e-06,0.876656711101532,12.332278,12.333649396896362
984,39.61400842666626,0.8766998,0.876670241355896,6.1826076489523984e-06,0.8766590356826782,12.330019,12.3329758644104
985,39.65415906906128,0.8767111,0.8766757249832153,5.879331183678005e-06,0.8766710758209229,12.328893,12.332427501678467
986,39.694761514663696,0.87671316,0.8766804337501526,8.444377272098791e-06,0.8766759634017944,12.328684,12.331956624984741
987,39.73590540885925,0.8767271,0.8766863346099854,1.2705849258054513e-05,0.8766765594482422,12.32729,12.331366539001465
988,39.77702879905701,0.87677824,0.8766976594924927,1.3813963960274123e-05,0.8766776919364929,12.322176,12.330234050750732
989,39.816526889801025,0.87677824,0.8767103552818298,9.659181159804575e-06,0.8766998052597046,12.322176,12.328964471817017
990,39.8501193523407,0.87678313,0.8767185807228088,1.485779466747772e-05,0.8767110705375671,12.321687,12.328141927719116
991,39.89039206504822,0.8767841,0.8767287731170654,2.208952901128214e-05,0.8767131567001343,12.321591,12.327122688293457
992,39.9337420463562,0.8768139,0.8767468333244324,2.522558133932762e-05,0.8767147064208984,12.318611,12.325316667556763
993,39.978983640670776,0.8768451,0.8767731189727783,1.981949753826484e-05,0.8767421841621399,12.315488,12.322688102722168
994,40.02135920524597,0.8768454,0.8767932057380676,1.867478022177238e-05,0.8767781257629395,12.315458,12.320679426193237
995,40.06179141998291,0.8768539,0.8768107295036316,1.7043381376424804e-05,0.8767831325531006,12.314611,12.31892704963684
996,40.102917432785034,0.876875,0.8768270611763,1.2059384062013123e-05,0.8768118619918823,12.312502,12.317293882369995
997,40.14440178871155,0.87689525,0.8768383264541626,1.0176945579587482e-05,0.876826286315918,12.310475,12.31616735458374
998,40.1845588684082,0.87690216,0.876848578453064,1.2491363122535404e-05,0.8768340349197388,12.309784,12.315142154693604
999,40.22483205795288,0.8769114,0.8768585920333862,1.6170912203961052e-05,0.8768453598022461,12.30886,12.314140796661377
1000,40.26577377319336,0.8769379,0.8768718838691711,1.615943619981408e-05,0.8768534064292908,12.306208,12.312811613082886
1001,40.30524778366089,0.87693846,0.8768867254257202,1.3853747987013776e-05,0.8768677711486816,12.306154,12.311327457427979
1002,40.344565868377686,0.8769583,0.8769013285636902,1.2649332347791642e-05,0.8768807649612427,12.304169,12.309867143630981
1003,40.38427257537842,0.87696254,0.8769124150276184,1.4979021216277033e-05,0.876895546913147,12.303745,12.30875849723816
1004,40.42654228210449,0.8769798,0.8769257068634033,1.7240145098185167e-05,0.8769086003303528,12.302017,12.307429313659668
1005,40.46689486503601,0.87699026,0.8769403100013733,2.013863922911696e-05,0.8769172430038452,12.300974,12.305968999862671
1006,40.50792694091797,0.87701356,0.876959502696991,1.5128732229641173e-05,0.8769379258155823,12.298643,12.304049730300903
1007,40.549684047698975,0.87701356,0.8769725561141968,1.1465686839073896e-05,0.876960039138794,12.298643,12.302744388580322
1008,40.58281493186951,0.8770355,0.8769829273223877,1.2755087482219096e-05,0.8769708871841431,12.29645,12.30170726776123
1009,40.622806787490845,0.8770511,0.876993715763092,1.4730390830663964e-05,0.8769798278808594,12.2948885,12.300628423690796
1010,40.66372799873352,0.8770628,0.8770052790641785,1.7995156667893752e-05,0.8769897818565369,12.29372,12.299472093582153
1011,40.70441126823425,0.8770701,0.8770224452018738,1.805567808332853e-05,0.8769991397857666,12.292987,12.297755479812622
1012,40.745662689208984,0.8770919,0.8770424723625183,1.323877222603187e-05,0.8770269155502319,12.290812,12.295752763748169
1013,40.787628412246704,0.8771251,0.8770543932914734,1.2107327165722381e-05,0.8770354986190796,12.287492,12.294560670852661
1014,40.82918858528137,0.87713945,0.8770657181739807,1.4531226952385623e-05,0.8770524859428406,12.286055,12.293428182601929
1015,40.86921286582947,0.87713945,0.877078652381897,1.857830284279771e-05,0.8770631551742554,12.286055,12.292134761810303
1016,40.90394449234009,0.87716234,0.8770917654037476,2.325687455595471e-05,0.8770701289176941,12.283766,12.290823459625244
1017,40.94394540786743,0.8771677,0.8771113753318787,2.3214042812469415e-05,0.8770850300788879,12.28323,12.288862466812134
1018,40.98492884635925,0.8771681,0.8771355152130127,1.770889684848953e-05,0.8770931959152222,12.283188,12.28644847869873
1019,41.02493762969971,0.87718856,0.8771501779556274,1.065489232132677e-05,0.8771394491195679,12.281143,12.284982204437256
1020,41.06449270248413,0.87718856,0.8771598935127258,8.221986718126573e-06,0.8771458268165588,12.281143,12.284010648727417
1021,41.100587606430054,0.87720543,0.8771666884422302,5.787960617453791e-06,0.8771623373031616,12.279457,12.283331155776978
1022,41.14202332496643,0.8772149,0.8771709203720093,8.339563464687672e-06,0.8771669268608093,12.278509,12.282907962799072
1023,41.18335008621216,0.87722063,0.8771759271621704,1.3615983334602788e-05,0.8771677017211914,12.277937,12.282407283782959
1024,41.236825704574585,0.87722147,0.8771864175796509,1.689728924247902e-05,0.8771681189537048,12.277853,12.281358242034912
1025,41.280192852020264,0.8772455,0.8772032260894775,1.2991109542781487e-05,0.8771873116493225,12.275452,12.279677391052246
1026,41.32156682014465,0.8772641,0.8772159814834595,1.0260458111588378e-05,0.8772009611129761,12.273592,12.278401851654053
1027,41.3627028465271,0.8772641,0.877223789691925,1.2955220881849527e-05,0.8772129416465759,12.273592,12.277621030807495
1028,41.3948278427124,0.8772641,0.8772349953651428,1.4849289073026739e-05,0.877220630645752,12.273592,12.276500463485718
1029,41.42836403846741,0.8772983,0.8772498369216919,1.0814233064593282e-05,0.8772284388542175,12.27017,12.27501630783081
1030,41.469244956970215,0.87731045,0.8772602677345276,1.3334246432350483e-05,0.8772457242012024,12.268954,12.273973226547241
1031,41.50934338569641,0.87733024,0.8772735595703125,1.5346542568295263e-05,0.8772586584091187,12.266975,12.27264404296875
1032,41.549479246139526,0.8773358,0.8772875666618347,1.694176535238512e-05,0.8772640824317932,12.266421,12.271243333816528
1033,41.591222047805786,0.8773503,0.8773032426834106,1.2724559383059386e-05,0.877288818359375,12.264973,12.269675731658936
1034,41.63143467903137,0.87736213,0.8773153424263,1.5541818356723525e-05,0.8772982954978943,12.263786,12.268465757369995
1035,41.671719789505005,0.8773665,0.8773316740989685,1.2829330444219522e-05,0.8773109912872314,12.263351,12.26683259010315
1036,41.71134066581726,0.87737155,0.8773438930511475,8.982203326013405e-06,0.8773348927497864,12.262845,12.265610694885254
1037,41.74925661087036,0.8773822,0.8773513436317444,8.865722520567942e-06,0.8773431777954102,12.261778,12.264865636825562
1038,41.789743185043335,0.87741196,0.877359926700592,8.560565220250282e-06,0.8773494958877563,12.258804,12.264007329940796
1039,41.82986545562744,0.877437,0.8773679137229919,8.619627806183416e-06,0.877358078956604,12.2563,12.263208627700806
1040,41.87050414085388,0.87744206,0.8773760199546814,1.585191785125062e-05,0.8773663640022278,12.255794,12.26239800453186
1041,41.910621881484985,0.87744963,0.8773881793022156,2.2949379854253493e-05,0.877371072769165,12.255037,12.261182069778442
1042,41.95263123512268,0.87746817,0.8774086236953735,2.4728620701353066e-05,0.8773729801177979,12.253183,12.259137630462646
1043,41.99603724479675,0.87746817,0.8774310946464539,1.2470517503970768e-05,0.877411961555481,12.253183,12.256890535354614
1044,42.03148031234741,0.87746847,0.8774425387382507,9.951653737516608e-06,0.8774285912513733,12.253153,12.255746126174927
1045,42.0723557472229,0.8774731,0.8774507641792297,9.381489689985756e-06,0.87744140625,12.252688,12.254923582077026
1046,42.114004611968994,0.8774933,0.8774601221084595,7.538731551903766e-06,0.8774492740631104,12.250668,12.253987789154053
1047,42.15497016906738,0.87750685,0.8774673342704773,5.485055226017721e-06,0.8774619102478027,12.249315,12.25326657295227
1048,42.21307587623596,0.87750685,0.8774713277816772,7.467792784154881e-06,0.8774681091308594,12.249315,12.252867221832275
1049,42.25056505203247,0.87752056,0.8774762749671936,1.2160217920609284e-05,0.877468466758728,12.247944,12.25237250328064
1050,42.29338622093201,0.8775453,0.8774853348731995,1.534245348011609e-05,0.8774685859680176,12.24547,12.251466512680054
1051,42.33391547203064,0.8775503,0.8774999380111694,1.540866469440516e-05,0.8774828314781189,12.244969,12.250006198883057
1052,42.37592649459839,0.877563,0.8775147795677185,1.6203215636778623e-05,0.8774933218955994,12.2437,12.24852204322815
1053,42.42575645446777,0.8775833,0.8775311708450317,1.4100522093940526e-05,0.87751704454422,12.241668,12.246882915496826
1054,42.47160291671753,0.8776016,0.877544641494751,1.4731191186001524e-05,0.8775235414505005,12.239838,12.245535850524902
1055,42.51259779930115,0.87763965,0.877558708190918,1.599896677362267e-05,0.877545177936554,12.236034,12.244129180908203
1056,42.55490255355835,0.87765336,0.8775729537010193,1.766830973792821e-05,0.8775509595870972,12.234664,12.242704629898071
1057,42.595515966415405,0.8776721,0.8775885105133057,1.8614620785228908e-05,0.877566933631897,12.232792,12.241148948669434
1058,42.63755989074707,0.87767243,0.877605676651001,2.0551064153551124e-05,0.8775833249092102,12.232757,12.239432334899902
1059,42.67791175842285,0.8776932,0.8776236176490784,2.326704816368874e-05,0.8776016235351562,12.230682,12.237638235092163
1060,42.718585729599,0.8776951,0.8776447176933289,2.1738047507824376e-05,0.8776164650917053,12.230492,12.235528230667114
1061,42.78770327568054,0.87776285,0.8748909831047058,0.0024004115257412195,0.8692518472671509,12.223715,12.510901689529419
1062,42.83081364631653,0.87776285,0.8769007921218872,0.0006214903551153839,0.8757514357566833,12.223715,12.30992078781128
1063,42.87078499794006,0.877817,0.8774799704551697,0.0002118163974955678,0.877007007598877,12.218303,12.252002954483032
1064,42.91229724884033,0.87790793,0.8776623606681824,8.530977356713265e-05,0.8775421977043152,12.209207,12.233763933181763
1065,42.95476794242859,0.87790793,0.8777444958686829,5.751320713898167e-05,0.8776384592056274,12.209207,12.225550413131714
1066,42.98812770843506,0.87790793,0.8777965307235718,4.071326111443341e-05,0.8777628540992737,12.209207,12.220346927642822
1067,43.021098613739014,0.8779338,0.877833902835846,3.82992293452844e-05,0.8777785897254944,12.20662,12.216609716415405
1068,43.060574531555176,0.8779356,0.8778676390647888,3.541218757163733e-05,0.8778237104415894,12.206441,12.213236093521118
1069,43.10281586647034,0.8779449,0.8779020309448242,2.2773885575588793e-05,0.8778541088104248,12.205511,12.209796905517578
1070,43.143850803375244,0.87797797,0.877918004989624,1.3332703929336276e-05,0.877907931804657,12.202204,12.208199501037598
1071,43.1857693195343,0.8779825,0.8779299259185791,1.3236850463727023e-05,0.8779113292694092,12.20175,12.20700740814209
1072,43.229369163513184,0.8779825,0.8779414892196655,8.68674396770075e-06,0.8779343366622925,12.20175,12.205851078033447
1073,43.26372289657593,0.87802154,0.8779492974281311,1.4407783964998089e-05,0.8779392838478088,12.197846,12.20507025718689
1074,43.30438685417175,0.87802154,0.8779597282409668,2.077650060527958e-05,0.8779448866844177,12.197846,12.20402717590332
1075,43.33813190460205,0.87803644,0.8779777884483337,2.566883085819427e-05,0.8779501914978027,12.196356,12.202221155166626
1076,43.38174629211426,0.87803644,0.8780027627944946,1.745663394103758e-05,0.8779779672622681,12.196356,12.199723720550537
1077,43.415438175201416,0.87803644,0.8780184984207153,7.719606401224155e-06,0.8780062794685364,12.196356,12.198150157928467
1078,43.448943853378296,0.87803644,0.8780248761177063,5.6767639762256294e-06,0.8780171871185303,12.196356,12.19751238822937
1079,43.482863664627075,0.87804323,0.878030002117157,5.160462933417875e-06,0.8780216574668884,12.195677,12.196999788284302
1080,43.523059606552124,0.8780434,0.8780351877212524,3.329414312247536e-06,0.8780292272567749,12.195659,12.196481227874756
1081,43.56450819969177,0.87805665,0.8780385255813599,3.063830035898718e-06,0.878035306930542,12.194336,12.196147441864014
1082,43.605525493621826,0.8780606,0.8780409097671509,3.797261342697311e-06,0.8780364394187927,12.193942,12.195909023284912
1083,43.646157026290894,0.8780606,0.8780441880226135,4.049760718771722e-06,0.8780416250228882,12.193942,12.195581197738647
1084,43.67949557304382,0.87807673,0.8780467510223389,6.570532605110202e-06,0.8780432939529419,12.192327,12.195324897766113
1085,43.719825983047485,0.87807673,0.8780510425567627,8.967447683971841e-06,0.8780434131622314,12.192327,12.19489574432373
1086,43.75169491767883,0.87808484,0.8780592083930969,8.23960181151051e-06,0.8780452013015747,12.191516,12.194079160690308
1087,43.79226016998291,0.87811214,0.8780668377876282,7.885813829489052e-06,0.8780584931373596,12.1887865,12.193316221237183
1088,43.834572315216064,0.8781392,0.8780747056007385,1.1821340194728691e-05,0.8780635595321655,12.18608,12.192529439926147
1089,43.87520980834961,0.878154,0.8780859708786011,1.5255945982062258e-05,0.8780719041824341,12.184602,12.191402912139893
1090,43.915984869003296,0.87817264,0.8781000971794128,1.948523276951164e-05,0.8780785202980042,12.182736,12.189990282058716
1091,43.95685172080994,0.8781935,0.8781185150146484,2.2783367967349477e-05,0.8780969381332397,12.180651,12.188148498535156
1092,43.99575924873352,0.8782182,0.8781396746635437,2.348228190385271e-05,0.8781121373176575,12.178183,12.18603253364563
1093,44.03837060928345,0.8782344,0.8781645894050598,1.9555036487872712e-05,0.8781391978263855,12.176561,12.183541059494019
1094,44.079824924468994,0.8782426,0.8781828880310059,1.64357425092021e-05,0.8781648874282837,12.175739,12.181711196899414
1095,44.119651079177856,0.8782578,0.878198504447937,1.9596429410739802e-05,0.878179669380188,12.174219,12.180149555206299
1096,44.16222596168518,0.8782817,0.8782169818878174,1.946422526089009e-05,0.8781892657279968,12.171829,12.178301811218262
1097,44.20515298843384,0.878308,0.8782365918159485,1.6620928363408893e-05,0.8782181739807129,12.1692,12.176340818405151
1098,44.24786591529846,0.8783152,0.8782538175582886,1.9467153833829798e-05,0.878236711025238,12.168479,12.174618244171143
1099,44.288151025772095,0.87833494,0.8782722353935242,2.211800529039465e-05,0.8782467842102051,12.166506,12.172776460647583
1100,44.329575538635254,0.87840176,0.8782951831817627,1.9216562577639706e-05,0.8782651424407959,12.159824,12.17048168182373
1101,44.37132811546326,0.87840176,0.8783145546913147,1.8260543583892286e-05,0.8782963752746582,12.159824,12.16854453086853
1102,44.40642523765564,0.8784065,0.8783291578292847,2.2140155124361627e-05,0.8783079981803894,12.159348,12.167084217071533
1103,44.447848320007324,0.87844324,0.8783479332923889,2.5356135665788315e-05,0.8783215880393982,12.155676,12.165206670761108
1104,44.48928999900818,0.8784627,0.8783710598945618,3.0955750844441354e-05,0.8783406019210815,12.153732,12.162894010543823
1105,44.53152012825012,0.8784627,0.8783993721008301,3.0930157663533464e-05,0.8783557415008545,12.153732,12.160062789916992
1106,44.56458592414856,0.8784641,0.8784276843070984,2.0179757484584115e-05,0.8784017562866211,12.153589,12.157231569290161
1107,44.605732917785645,0.8784838,0.8784464001655579,1.1363190424162894e-05,0.8784308433532715,12.151623,12.155359983444214
1108,44.64510369300842,0.8784838,0.8784568309783936,9.557485100231133e-06,0.8784432411193848,12.151623,12.154316902160645
1109,44.6787748336792,0.87849337,0.8784661889076233,7.94273910287302e-06,0.8784577250480652,12.150663,12.153381109237671
1110,44.71967935562134,0.8785019,0.8784729838371277,8.48861691338243e-06,0.8784626722335815,12.149811,12.152701616287231
1111,44.76013422012329,0.87852025,0.8784816265106201,7.137153716030298e-06,0.8784743547439575,12.147975,12.151837348937988
1112,44.8008770942688,0.8785221,0.8784886002540588,8.793581400823314e-06,0.8784803748130798,12.14779,12.151139974594116
1113,44.84220886230469,0.8785393,0.8784968256950378,1.112325753638288e-05,0.8784865140914917,12.146068,12.150317430496216
1114,44.88176894187927,0.87855774,0.8785078525543213,1.180186609417433e-05,0.878492534160614,12.144226,12.149214744567871
1115,44.92255115509033,0.8785673,0.8785193562507629,8.534122571290936e-06,0.8785091638565063,12.143272,12.148064374923706
1116,44.96482801437378,0.8785775,0.8785260915756226,1.2220047210576013e-05,0.8785179853439331,12.142253,12.147390842437744
1117,45.0073401927948,0.8785785,0.8785355091094971,1.792636794561986e-05,0.8785220980644226,12.142152,12.146449089050293
1118,45.04747247695923,0.8786144,0.8785526752471924,1.872043685580138e-05,0.8785232305526733,12.138557,12.144732475280762
1119,45.08768391609192,0.8786207,0.8785721659660339,1.2456141121219844e-05,0.878550112247467,12.137932,12.142783403396606
1120,45.12844395637512,0.8786962,0.8785843849182129,1.6244404832832515e-05,0.8785723447799683,12.13038,12.141561508178711
1121,45.17028570175171,0.8786962,0.8785955309867859,2.090919588226825e-05,0.878577470779419,12.13038,12.140446901321411
1122,45.20719313621521,0.87869936,0.878615140914917,2.0992009012843482e-05,0.8785831928253174,12.130064,12.1384859085083
1123,45.24883055686951,0.87873226,0.8786321878433228,2.5572731829015538e-05,0.8786134719848633,12.126774,12.136781215667725
1124,45.28781771659851,0.8787733,0.8786544799804688,3.4297394449822605e-05,0.8786194920539856,12.122673,12.134552001953125
1125,45.33008909225464,0.87881154,0.8786851167678833,3.4293327189516276e-05,0.8786477446556091,12.118846,12.13148832321167
1126,45.3708131313324,0.87881786,0.8787199854850769,2.9077282306388952e-05,0.8786837458610535,12.118215,12.12800145149231
1127,45.41421127319336,0.8788276,0.8787489533424377,2.626044260978233e-05,0.8787189722061157,12.117243,12.125104665756226
1128,45.45598530769348,0.8788655,0.8787733912467957,2.692098860279657e-05,0.8787370324134827,12.113452,12.122660875320435
1129,45.49830102920532,0.87887824,0.8787992596626282,2.7584943381953053e-05,0.8787720799446106,12.112177,12.120074033737183
1130,45.539297342300415,0.8789483,0.8788272142410278,2.349600981688127e-05,0.8787945508956909,12.105173,12.117278575897217
1131,45.57979655265808,0.8789483,0.8788470029830933,2.370075526414439e-05,0.8788178563117981,12.105173,12.115299701690674
1132,45.6131808757782,0.8789583,0.8788706660270691,1.6698460967745632e-05,0.8788509368896484,12.104172,12.11293339729309
1133,45.65405607223511,0.8790051,0.8788868188858032,2.915990808105562e-05,0.87886643409729,12.099493,12.111318111419678
1134,45.6942663192749,0.87901974,0.878909170627594,4.433832145878114e-05,0.8788782358169556,12.098026,12.1090829372406
1135,45.73505663871765,0.87901974,0.8789457678794861,4.961906961398199e-05,0.8788842558860779,12.098026,12.105423212051392
1136,45.76902723312378,0.8790702,0.878993809223175,2.2765652829548344e-05,0.8789517283439636,12.092978,12.100619077682495
1137,45.80978083610535,0.8790702,0.8790141940116882,8.545202945242636e-06,0.8790040016174316,12.092978,12.098580598831177
1138,45.84334468841553,0.8790942,0.8790223598480225,1.577531293150969e-05,0.8790148496627808,12.090582,12.097764015197754
1139,45.88447165489197,0.8790946,0.8790308237075806,2.2553964299731888e-05,0.8790187835693359,12.09054,12.096917629241943
1140,45.92503237724304,0.8790968,0.8790445327758789,2.937120916612912e-05,0.8790197372436523,12.09032,12.09554672241211
1141,45.96750283241272,0.87910503,0.8790713548660278,2.276181839988567e-05,0.8790233135223389,12.089497,12.092864513397217
1142,46.0085084438324,0.8791181,0.8790895938873291,7.4317699727544095e-06,0.8790771961212158,12.088192,12.09104061126709
1143,46.04731369018555,0.87913996,0.8790967464447021,5.487338512466522e-06,0.8790914416313171,12.086004,12.090325355529785
1144,46.08625674247742,0.87913996,0.8791005611419678,7.014693437668029e-06,0.8790942430496216,12.086004,12.089943885803223
1145,46.11765646934509,0.8791415,0.8791064620018005,9.433846571482718e-06,0.8790968060493469,12.085849,12.089353799819946
1146,46.15958380699158,0.87915164,0.8791142106056213,1.0848875717783812e-05,0.8791057467460632,12.084836,12.088578939437866
1147,46.19912385940552,0.87917596,0.8791240453720093,1.3330017281987239e-05,0.8791087865829468,12.082404,12.087595462799072
1148,46.239766359329224,0.87917614,0.8791356682777405,1.4749830370419659e-05,0.8791203498840332,12.082386,12.086433172225952
1149,46.28221774101257,0.87918395,0.8791493773460388,1.545531995361671e-05,0.8791288137435913,12.081605,12.085062265396118
1150,46.325392961502075,0.87919676,0.8791636228561401,1.3341763406060636e-05,0.8791439533233643,12.080324,12.083637714385986
1151,46.36486005783081,0.87919676,0.8791767358779907,5.995457286189776e-06,0.8791670799255371,12.080324,12.082326412200928
1152,46.39833903312683,0.879228,0.8791826367378235,5.684148618456675e-06,0.879176139831543,12.0772,12.081736326217651
1153,46.44037318229675,0.8792453,0.8791871666908264,8.38773212308297e-06,0.8791813850402832,12.075472,12.081283330917358
1154,46.48062825202942,0.8792453,0.8791935443878174,1.2745851563522592e-05,0.8791849613189697,12.075472,12.080645561218262
1155,46.514163970947266,0.87925315,0.8792024850845337,1.7064354324247688e-05,0.8791875243186951,12.074685,12.07975149154663
1156,46.5554780960083,0.8792602,0.8792179226875305,1.712835000944324e-05,0.8791967630386353,12.073982,12.078207731246948
1157,46.597437143325806,0.87926114,0.8792354464530945,1.3406243851932231e-05,0.8792123794555664,12.073887,12.076455354690552
1158,46.63678002357483,0.87926316,0.8792484998703003,5.661824616254307e-06,0.8792409300804138,12.073684,12.07515001296997
1159,46.677456855773926,0.87926316,0.8792537450790405,3.955617557949154e-06,0.879246175289154,12.073684,12.074625492095947
1160,46.711283445358276,0.87926316,0.8792572021484375,3.0607873213739367e-06,0.8792531490325928,12.073684,12.07427978515625
1161,46.744104862213135,0.87926507,0.8792601823806763,1.8114699287252733e-06,0.8792570233345032,12.073493,12.073981761932373
1162,46.78440308570862,0.8792831,0.8792619109153748,2.0158718143648002e-06,0.8792601823806763,12.071693,12.073808908462524
1163,46.82441997528076,0.8792831,0.8792638182640076,2.9351022021728568e-06,0.8792624473571777,12.071693,12.073618173599243
1164,46.857478857040405,0.87931234,0.8792661428451538,5.645951205224264e-06,0.8792626857757568,12.068767,12.07338571548462
1165,46.89877152442932,0.87937725,0.8792703747749329,1.0554658729233779e-05,0.879264771938324,12.062275,12.072962522506714
1166,46.940701484680176,0.87937725,0.8792787194252014,1.7573696823092178e-05,0.8792670965194702,12.062275,12.072128057479858
1167,46.97492289543152,0.87938315,0.879292905330658,2.5162593374261633e-05,0.8792702555656433,12.061686,12.070709466934204
1168,47.01862573623657,0.879423,0.8793104290962219,3.2346288207918406e-05,0.87928307056427,12.057697,12.068957090377808
1169,47.060213565826416,0.8794383,0.8793408274650574,3.147294046357274e-05,0.8792932033538818,12.056171,12.065917253494263
1170,47.10031342506409,0.8794398,0.8793723583221436,2.59067201113794e-05,0.8793331384658813,12.056023,12.062764167785645
1171,47.14096403121948,0.87947196,0.8793939352035522,2.3020193111733533e-05,0.8793765306472778,12.052804,12.060606479644775
1172,47.18196678161621,0.87947196,0.879410982131958,2.51938690780662e-05,0.8793821334838867,12.052804,12.0589017868042
1173,47.21507787704468,0.87948185,0.8794355392456055,1.533762588223908e-05,0.8794063925743103,12.051815,12.056446075439453
1174,47.25513482093811,0.8794851,0.8794482946395874,1.3003860658500344e-05,0.879435122013092,12.051493,12.05517053604126
1175,47.29519867897034,0.8794851,0.879459798336029,1.2138704732933547e-05,0.8794419169425964,12.051493,12.054020166397095
1176,47.32804346084595,0.8795784,0.879470944404602,8.72513101057848e-06,0.8794633150100708,12.042159,12.052905559539795
1177,47.36828899383545,0.8795811,0.8794768452644348,1.2224386409798171e-05,0.87947016954422,12.041891,12.052315473556519
1178,47.40838623046875,0.8796022,0.8794839382171631,1.9177559806848876e-05,0.8794719576835632,12.039781,12.051606178283691
1179,47.451091051101685,0.8796205,0.8794968128204346,3.330742765683681e-05,0.8794808983802795,12.0379505,12.050318717956543
1180,47.49233675003052,0.8796526,0.8795180916786194,4.9167389079229906e-05,0.8794848918914795,12.034739,12.048190832138062
1181,47.535698652267456,0.87965405,0.8795560002326965,5.4851345339557156e-05,0.8794897198677063,12.0345955,12.044399976730347
1182,47.57714605331421,0.8796762,0.8796133995056152,2.1212486899457872e-05,0.8795784115791321,12.032377,12.038660049438477
1183,47.617008209228516,0.8796787,0.8796313405036926,1.4988229850132484e-05,0.8796151876449585,12.032127,12.036865949630737
1184,47.6573212146759,0.87970257,0.8796449303627014,1.4897989785822574e-05,0.8796277046203613,12.029743,12.035506963729858
1185,47.697102785110474,0.87970257,0.8796588778495789,1.3411858162726276e-05,0.8796383142471313,12.029743,12.034112215042114
1186,47.730788230895996,0.8797052,0.8796730637550354,1.2545760910143144e-05,0.879657506942749,12.029481,12.03269362449646
1187,47.77211785316467,0.8797119,0.87968510389328,1.0252635547658429e-05,0.8796718716621399,12.028808,12.031489610671997
1188,47.81240653991699,0.8797119,0.8796949982643127,7.241634648380568e-06,0.879683256149292,12.028808,12.030500173568726
1189,47.84625959396362,0.87972677,0.8797023296356201,4.559712124319049e-06,0.8796951770782471,12.027323,12.029767036437988
1190,47.88731837272644,0.87972677,0.8797059059143066,4.364308551885188e-06,0.8797025680541992,12.027323,12.029409408569336
1191,47.92116832733154,0.87978953,0.8797100782394409,6.88120371705736e-06,0.8797039985656738,12.021047,12.028992176055908
1192,47.960062742233276,0.87978953,0.879716157913208,1.2512073226389475e-05,0.8797098398208618,12.021047,12.0283842086792
1193,47.995457887649536,0.87979114,0.8797252774238586,2.0203948224661872e-05,0.879711925983429,12.020885,12.027472257614136
1194,48.0354061126709,0.87980616,0.8797361254692078,2.601386404421646e-05,0.8797194957733154,12.019384,12.026387453079224
1195,48.0765278339386,0.8798222,0.8797534108161926,2.9808028557454236e-05,0.8797195553779602,12.01778,12.024658918380737
1196,48.11822748184204,0.8798243,0.8797819018363953,2.211001265095547e-05,0.8797443509101868,12.017572,12.021809816360474
1197,48.159461975097656,0.87982494,0.8797993659973145,1.2882335795438848e-05,0.8797895312309265,12.017507,12.020063400268555
1198,48.20049786567688,0.87982494,0.8798090219497681,1.2587516721396241e-05,0.8797911405563354,12.017507,12.019097805023193
1199,48.23433327674866,0.87982494,0.8798204660415649,3.7766881177958567e-06,0.8798139095306396,12.017507,12.017953395843506
1200,48.26755928993225,0.87987036,0.8798238039016724,3.0540993520844495e-06,0.8798221945762634,12.012964,12.017619609832764
1201,48.30784368515015,0.87987036,0.8798254132270813,5.762730779679259e-06,0.8798239827156067,12.012964,12.01745867729187
1202,48.34202861785889,0.879871,0.8798285722732544,1.1736243322957307e-05,0.8798245191574097,12.012899,12.01714277267456
1203,48.38324451446533,0.879871,0.8798344731330872,1.709184107312467e-05,0.8798249363899231,12.012899,12.016552686691284
1204,48.41855835914612,0.8798766,0.8798457980155945,2.009711170103401e-05,0.8798249363899231,12.012339,12.015420198440552
1205,48.459967374801636,0.87988496,0.8798655271530151,7.024762453511357e-06,0.8798336982727051,12.011504,12.013447284698486
1206,48.50106358528137,0.87989557,0.8798715472221375,3.951720373152057e-06,0.8798699378967285,12.010443,12.012845277786255
1207,48.54313683509827,0.88007164,0.8798749446868896,1.3984340512251947e-05,0.8798703551292419,11.992836,12.012505531311035
1208,48.582974910736084,0.88007164,0.8798821568489075,2.792131999740377e-05,0.8798710107803345,11.992836,12.011784315109253
1209,48.61628770828247,0.88007224,0.8798997402191162,4.706620529759675e-05,0.8798725008964539,11.992777,12.010025978088379
1210,48.657917499542236,0.88009536,0.8799242973327637,6.371356721501797e-05,0.8798876404762268,11.990463,12.007570266723633
1211,48.6987407207489,0.8801074,0.8799635171890259,8.243673801189288e-05,0.8798955678939819,11.98926,12.003648281097412
1212,48.739490032196045,0.88011736,0.8800360560417175,7.205120346043259e-05,0.8799107074737549,11.988264,11.996394395828247
1213,48.78132700920105,0.8801662,0.880089521408081,1.555056769575458e-05,0.8800716400146484,11.983383,11.991047859191895
1214,48.82334089279175,0.8801662,0.8801035284996033,1.4938854292267933e-05,0.8800936341285706,11.983383,11.989647150039673
1215,48.85691261291504,0.88021076,0.88011634349823,2.151446824427694e-05,0.880095362663269,11.978924,11.988365650177002
1216,48.89752984046936,0.8802223,0.8801338076591492,2.6125939257326536e-05,0.8801167011260986,11.977768,11.986619234085083
1217,48.93921136856079,0.880245,0.8801530599594116,3.200251376256347e-05,0.8801173567771912,11.975503,11.984694004058838
1218,48.980127573013306,0.8802515,0.8801847100257874,2.7777696232078597e-05,0.880133867263794,11.974848,11.981528997421265
1219,49.017924547195435,0.88026774,0.8802087903022766,1.8663537048269063e-05,0.8801887035369873,11.973227,11.979120969772339
1220,49.058584451675415,0.88026774,0.8802247643470764,1.6351008525816724e-05,0.8802107572555542,11.973227,11.977523565292358
1221,49.09041690826416,0.88028675,0.8802404999732971,1.4893283150740899e-05,0.8802210092544556,11.971325,11.975950002670288
1222,49.13028335571289,0.8803325,0.8802559971809387,1.4269593521021307e-05,0.8802430629730225,11.966747,11.974400281906128
1223,49.17230248451233,0.8803531,0.8802710175514221,1.826565494411625e-05,0.8802512288093567,11.964691,11.972898244857788
1224,49.21332788467407,0.8803531,0.880287766456604,2.220137139374856e-05,0.8802669048309326,11.964691,11.9712233543396
1225,49.24644708633423,0.88036096,0.880308210849762,2.195262277382426e-05,0.8802801966667175,11.963903,11.969178915023804
1226,49.28506636619568,0.8804118,0.880328893661499,1.791714021237567e-05,0.880304217338562,11.958819,11.967110633850098
1227,49.32376956939697,0.88045084,0.8803503513336182,2.262346970383078e-05,0.8803271055221558,11.954916,11.964964866638184
1228,49.36424946784973,0.8805945,0.8803722262382507,3.204758104402572e-05,0.8803524374961853,11.940551,11.962777376174927
1229,49.407832860946655,0.88059515,0.8803971409797668,4.26903716288507e-05,0.8803545236587524,11.940485,11.960285902023315
1230,49.44940948486328,0.8806155,0.8804396986961365,5.126698670210317e-05,0.8803859949111938,11.938453,11.956030130386353
1231,49.490527868270874,0.88065016,0.8804813027381897,6.144558574305847e-05,0.8804268836975098,11.934984,11.95186972618103
1232,49.531755447387695,0.88069737,0.8805272579193115,6.800262053729966e-05,0.880451500415802,11.9302635,11.947274208068848
1233,49.571738481521606,0.8806984,0.8805943131446838,3.805417873081751e-05,0.8805190324783325,11.930161,11.940568685531616
1234,49.6388418674469,0.8807008,0.88062584400177,2.7543575924937613e-05,0.8805944919586182,11.929917,11.937415599822998
1235,49.68210411071777,0.880701,0.8806520104408264,2.3432134184986353e-05,0.8806183934211731,11.929899,11.934798955917358
1236,49.72399854660034,0.88070226,0.8806727528572083,1.6797952412161976e-05,0.8806523084640503,11.929774,11.932724714279175
1237,49.76387405395508,0.8807158,0.8806875944137573,1.2028816854581237e-05,0.8806711435317993,11.928421,11.931240558624268
1238,49.80373811721802,0.8807302,0.8806994557380676,3.452315468166489e-06,0.8806966543197632,11.926979,11.930054426193237
1239,49.84520483016968,0.8807302,0.8807023167610168,5.325214260665234e-06,0.880698561668396,11.926979,11.929768323898315
1240,49.880754709243774,0.8807555,0.8807056546211243,8.792844710114878e-06,0.8807010054588318,11.924452,11.929434537887573
1241,49.92123365402222,0.88077044,0.8807130455970764,1.4627670680056326e-05,0.8807020783424377,11.9229555,11.928695440292358
1242,49.963581800460815,0.8807708,0.880725622177124,1.6106258044601418e-05,0.8807029128074646,11.92292,11.927437782287598
1243,50.00529980659485,0.8807708,0.8807379007339478,1.6562502423767e-05,0.8807166814804077,11.92292,11.926209926605225
1244,50.03942561149597,0.8807771,0.8807544708251953,8.043412890401669e-06,0.8807348012924194,11.922288,11.924552917480469
1245,50.079145669937134,0.8807771,0.880760669708252,6.6539932959130965e-06,0.8807554841041565,11.922288,11.923933029174805
1246,50.11329436302185,0.8807771,0.8807660937309265,6.165964350657305e-06,0.8807569742202759,11.922288,11.923390626907349
1247,50.14609479904175,0.880779,0.8807715773582458,1.927340463225846e-06,0.8807675838470459,11.922097,11.922842264175415
1248,50.186230421066284,0.8807858,0.8807728290557861,2.280168928336934e-06,0.8807708024978638,11.921417,11.922717094421387
1249,50.23757791519165,0.8808338,0.8807750344276428,4.5852184484829195e-06,0.8807724714279175,11.916619,11.922496557235718
1250,50.279383420944214,0.8808338,0.8807779550552368,6.366316938510863e-06,0.8807726502418518,11.916619,11.922204494476318
1251,50.312933683395386,0.88083625,0.8807815909385681,1.161772343039047e-05,0.88077712059021,11.916375,11.921840906143188
1252,50.35237169265747,0.8808452,0.8807874917984009,1.7958689568331465e-05,0.8807787895202637,11.915482,11.921250820159912
1253,50.39249658584595,0.88085175,0.8807998299598694,2.4104127078317106e-05,0.8807790279388428,11.914825,11.920017004013062
1254,50.433664321899414,0.88085175,0.8808187246322632,2.256511834275443e-05,0.8807862401008606,11.914825,11.918127536773682
1255,50.46706795692444,0.88085175,0.8808394074440002,6.3763009165995754e-06,0.8808338046073914,11.914825,11.916059255599976
1256,50.501105546951294,0.8808532,0.8808448314666748,6.045167538104579e-06,0.8808362483978271,11.914682,11.91551685333252
1257,50.543280363082886,0.8808632,0.8808503746986389,2.1159639800316654e-06,0.8808453679084778,11.913681,11.914962530136108
1258,50.58198523521423,0.88132477,0.8808542490005493,2.8990105420234613e-05,0.8808497786521912,11.867523,11.914575099945068
1259,50.62304878234863,0.88132477,0.8808572888374329,4.0827933844411746e-05,0.8808517456054688,11.867523,11.914271116256714
1260,50.65690755844116,0.88132477,0.8808706998825073,8.001832611626014e-05,0.8808517456054688,11.867523,11.912930011749268
1261,50.68877911567688,0.8813659,0.8809076547622681,0.0001390432007610798,0.8808531761169434,11.863411,11.909234523773193
1262,50.728999614715576,0.8813919,0.8809729814529419,0.00019816136045847088,0.8808631896972656,11.860811,11.90270185470581
1263,50.767892360687256,0.8813919,0.8810843229293823,0.00023684558982495219,0.8808633685112,11.860811,11.891567707061768
1264,50.80186653137207,0.8813919,0.8813116550445557,0.0001282200391869992,0.8808767795562744,11.860811,11.868834495544434
1265,50.83548545837402,0.881407,0.881376326084137,1.017840168060502e-05,0.8813398480415344,11.859298,11.862367391586304
1266,50.87596130371094,0.881407,0.8813846707344055,6.514101187349297e-06,0.8813775777816772,11.859298,11.861532926559448
1267,50.90738391876221,0.88141984,0.8813907504081726,6.050237971066963e-06,0.8813815116882324,11.858016,11.86092495918274
1268,50.94971227645874,0.88142926,0.8813956379890442,8.201103810279164e-06,0.8813918828964233,11.857075,11.860436201095581
1269,50.99137759208679,0.8814304,0.8814010620117188,1.163553497462999e-05,0.8813918828964233,11.856961,11.859893798828125
1270,51.03106880187988,0.8814304,0.8814116716384888,1.0485473467269912e-05,0.881393551826477,11.856961,11.858832836151123
1271,51.091516733169556,0.8828951,0.8779993057250977,0.002968910848721862,0.8712948560714722,11.710489,12.200069427490234
1272,51.132065296173096,0.8828951,0.8805842399597168,0.0009513181867077947,0.8786970376968384,11.710489,11.94157600402832
1273,51.16516375541687,0.8828952,0.8813949823379517,0.0005275785224512219,0.8808320164680481,11.710483,11.860501766204834
1274,51.205402135849,0.8829075,0.8817554712295532,0.0006517412839457393,0.8813179731369019,11.7092495,11.824452877044678
1275,51.246387243270874,0.8829121,0.8822275400161743,0.00072569859912619,0.8813984394073486,11.70879,11.777245998382568
1276,51.286930084228516,0.8829121,0.8828922510147095,9.131005754170474e-06,0.8828768730163574,11.70879,11.710774898529053
1277,51.321213483810425,0.88293326,0.8828992247581482,5.75620060772053e-06,0.8828951120376587,11.706675,11.71007752418518
1278,51.361775398254395,0.88293844,0.8829041123390198,6.009178378008073e-06,0.8828951716423035,11.706156,11.709588766098022
1279,51.40280508995056,0.88300914,0.8829106688499451,1.000095835479442e-05,0.8829034566879272,11.699086,11.708933115005493
1280,51.44498062133789,0.88301563,0.882917582988739,1.8689377611735836e-05,0.882907509803772,11.698437,11.708241701126099
1281,51.48549509048462,0.88301563,0.8829283118247986,2.724007936194539e-05,0.8829120993614197,11.698437,11.707168817520142
1282,51.519126176834106,0.8830474,0.8829479217529297,3.559952165232971e-05,0.8829142451286316,11.69526,11.705207824707031
1283,51.559879302978516,0.88316274,0.882981538772583,3.640975774032995e-05,0.8829384446144104,11.683726,11.7018461227417
1284,51.598674297332764,0.8834616,0.8830208778381348,4.318046194384806e-05,0.8829756379127502,11.653841,11.697912216186523
1285,51.64076852798462,0.8834769,0.8830536603927612,7.010062836343423e-05,0.8830091953277588,11.652308,11.694633960723877
1286,51.683995723724365,0.8834833,0.8831040859222412,0.00011368512059561908,0.8830400705337524,11.65167,11.689591407775879
1287,51.72577500343323,0.8834918,0.8831760883331299,0.00014935042418073863,0.8830537796020508,11.650819,11.682391166687012
1288,51.767573595047,0.8834951,0.8833124041557312,0.00015025626635178924,0.8831102252006531,11.650491,11.66875958442688
1289,51.8109335899353,0.88349724,0.883459746837616,3.272255707997829e-05,0.8833726048469543,11.650276,11.654025316238403
1290,51.85272765159607,0.88357973,0.8834832310676575,9.111372492043301e-06,0.8834711909294128,11.642027,11.651676893234253
1291,51.89593744277954,0.88357973,0.8834896683692932,9.103647244046442e-06,0.8834832906723022,11.642027,11.651033163070679
1292,51.930206060409546,0.88357973,0.8834950923919678,1.169174265669426e-05,0.8834890723228455,11.642027,11.650490760803223
1293,51.966561794281006,0.88358575,0.8835026025772095,2.2060974515625276e-05,0.8834922313690186,11.641425,11.649739742279053
1294,52.007954120635986,0.88359106,0.8835136890411377,3.1207469874061644e-05,0.8834950923919678,11.640894,11.64863109588623
1295,52.047563314437866,0.88360155,0.8835333585739136,3.704412665683776e-05,0.8834984302520752,11.639845,11.646664142608643
1296,52.08942747116089,0.88360184,0.8835709691047668,2.3032696844893508e-05,0.8835098743438721,11.639815,11.642903089523315
1297,52.13208985328674,0.88360405,0.8835872411727905,6.938172191439662e-06,0.8835797309875488,11.639595,11.641275882720947
1298,52.17731189727783,0.88360405,0.883592426776886,5.937512469245121e-06,0.8835857510566711,11.639595,11.640757322311401
1299,52.22666931152344,0.88362163,0.883597731590271,4.537206223176327e-06,0.8835910558700562,11.637836,11.6402268409729
1300,52.27156186103821,0.8837577,0.8836036920547485,1.3985048099129926e-05,0.8835980892181396,11.624229,11.639630794525146
1301,52.31298518180847,0.8837577,0.8836085200309753,2.367927663726732e-05,0.8836015462875366,11.624229,11.639147996902466
1302,52.34671425819397,0.8837577,0.8836209177970886,3.9839273085817695e-05,0.8836021423339844,11.624229,11.637908220291138
1303,52.38068628311157,0.88391316,0.8836522698402405,6.705610576318577e-05,0.8836043477058411,11.608685,11.634773015975952
1304,52.42390751838684,0.88391316,0.883709728717804,8.190975495381281e-05,0.8836091756820679,11.608685,11.629027128219604
1305,52.458208322525024,0.88395286,0.8837763667106628,7.713998638791963e-05,0.883716881275177,11.604714,11.622363328933716
1306,52.49798107147217,0.88395315,0.8838415145874023,7.300119614228606e-05,0.8837273716926575,11.604685,11.615848541259766
1307,52.537935972213745,0.88395315,0.883909285068512,1.1202964742551558e-05,0.8838902711868286,11.604685,11.609071493148804
1308,52.571062326431274,0.8839663,0.8839182257652283,1.4510956134472508e-05,0.8839098215103149,11.603367,11.608177423477173
1309,52.61261868476868,0.8839698,0.8839282393455505,1.997973959078081e-05,0.8839128613471985,11.603022,11.607176065444946
1310,52.65378665924072,0.88399625,0.8839438557624817,2.0583333025570028e-05,0.8839132785797119,11.600375,11.605614423751831
1311,52.69416308403015,0.8840022,0.8839634656906128,1.0501535143703222e-05,0.8839528560638428,11.599779,11.60365343093872
1312,52.73457884788513,0.88413227,0.8839731216430664,1.4187809938448481e-05,0.8839614987373352,11.586773,11.60268783569336
1313,52.776538610458374,0.88413227,0.8839823007583618,1.7794127415982075e-05,0.8839675784111023,11.586773,11.601769924163818
1314,52.809776067733765,0.88414025,0.8839976191520691,2.63292695308337e-05,0.883978009223938,11.585975,11.60023808479309
1315,52.850058794021606,0.88414025,0.8840136528015137,3.6262808862375095e-05,0.8839962482452393,11.585975,11.598634719848633
1316,52.882001876831055,0.88416916,0.8840340375900269,4.958951103617437e-05,0.8840022087097168,11.583084,11.596596240997314
1317,52.922645807266235,0.88416916,0.8840664029121399,5.688410601578653e-05,0.884010374546051,11.583084,11.59335970878601
1318,52.958657026290894,0.8841871,0.8841200470924377,3.405631287023425e-05,0.8840431571006775,11.581289,11.587995290756226
1319,53.000905990600586,0.8841871,0.8841462135314941,1.5725785488029942e-05,0.8841322660446167,11.581289,11.585378646850586
1320,53.03593444824219,0.8843299,0.8841596245765686,1.8276678019901738e-05,0.8841402530670166,11.567009,11.58403754234314
1321,53.076438903808594,0.8843299,0.8841753005981445,2.027426853601355e-05,0.8841638565063477,11.567009,11.582469940185547
1322,53.110469579696655,0.88436806,0.8841888904571533,3.886723789037205e-05,0.8841718435287476,11.563194,11.581110954284668
1323,53.18013548851013,0.8843224,0.880588948726654,0.0030949031934142113,0.8733922243118286,11.5677595,11.941105127334595
1324,53.249327659606934,0.8842118,0.8772558569908142,0.00401458190754056,0.8694457411766052,11.578822,12.274414300918579
1325,53.289902687072754,0.88421214,0.8809367418289185,0.001984691945835948,0.8776272535324097,11.578787,11.906325817108154
1326,53.32986855506897,0.8843375,0.8828446269035339,0.0009858011035248637,0.8810134530067444,11.566252,11.715537309646606
1327,53.399412631988525,0.8842728,0.8789605498313904,0.0034354703966528177,0.8722831010818481,11.572719,12.103945016860962
1328,53.442975759506226,0.884273,0.8819493055343628,0.001419219421222806,0.8795820474624634,11.5727005,11.80506944656372
1329,53.483015298843384,0.88428444,0.8833112716674805,0.000746759760659188,0.8819957971572876,11.571556,11.668872833251953
1330,53.522387742996216,0.88429093,0.8839752078056335,0.0002807810378726572,0.883396565914154,11.570907,11.602479219436646
1331,53.563748598098755,0.8843812,0.884219765663147,6.985521758906543e-05,0.8839936852455139,11.561882,11.578023433685303
1332,53.60441255569458,0.8843812,0.8842720985412598,2.3291955585591495e-05,0.8842379450798035,11.561882,11.572790145874023
1333,53.63836121559143,0.8843928,0.8842884302139282,2.9491160603356548e-05,0.8842728137969971,11.56072,11.571156978607178
1334,53.67967081069946,0.884393,0.884306013584137,3.793612268054858e-05,0.8842756748199463,11.560702,11.569398641586304
1335,53.72092080116272,0.88440305,0.8843353986740112,4.1672406950965524e-05,0.8842873573303223,11.559695,11.566460132598877
1336,53.76384520530701,0.8845639,0.8843756318092346,2.2771140720578842e-05,0.8843241333961487,11.543608,11.562436819076538
1337,53.80528926849365,0.8845896,0.884391725063324,2.409107946732547e-05,0.8843785524368286,11.5410385,11.560827493667603
1338,53.84565281867981,0.88465333,0.8844095468521118,4.673489820561372e-05,0.884390115737915,11.534667,11.559045314788818
1339,53.91682028770447,0.884511,0.8809083104133606,0.0030298572964966297,0.873649001121521,11.548901,11.90916895866394
1340,53.95924735069275,0.884511,0.8834884166717529,0.0007630317704752088,0.8818832635879517,11.548901,11.651158332824707
1341,53.994853496551514,0.8845399,0.8841239809989929,0.0002671538677532226,0.8835898637771606,11.54601,11.587601900100708
1342,54.03538107872009,0.88468814,0.884362518787384,0.0001131070384872146,0.8841594457626343,11.531186,11.563748121261597
1343,54.07733774185181,0.88469243,0.8844667077064514,7.116341294022277e-05,0.8843702077865601,11.530757,11.553329229354858
1344,54.11858916282654,0.88470966,0.8845435380935669,5.3257750550983474e-05,0.8844713568687439,11.529035,11.54564619064331
1345,54.16062545776367,0.88470966,0.8845851421356201,5.9085083194077015e-05,0.8845153450965881,11.529035,11.541485786437988
1346,54.19569396972656,0.88471,0.8846337199211121,4.653759970096871e-05,0.8845788240432739,11.528998,11.536628007888794
1347,54.23828172683716,0.88471,0.8846784234046936,2.6613372028805315e-05,0.8846260905265808,11.528998,11.53215765953064
1348,54.27077054977417,0.8847468,0.8847009539604187,9.08119727682788e-06,0.884688138961792,11.525321,11.52990460395813
1349,54.31044578552246,0.8847484,0.8847090601921082,7.015352366579464e-06,0.8847029805183411,11.52516,11.529093980789185
1350,54.34969687461853,0.88474953,0.8847139477729797,1.1379907846276183e-05,0.8847088813781738,11.525047,11.528605222702026
1351,54.38929200172424,0.8847498,0.8847194314002991,1.5859299310250208e-05,0.8847096562385559,11.525017,11.528056859970093
1352,54.4289755821228,0.8847539,0.8847301602363586,1.8203791114501655e-05,0.8847099542617798,11.524611,11.526983976364136
1353,54.469759464263916,0.8847539,0.884747326374054,3.653876319731353e-06,0.8847355842590332,11.524611,11.525267362594604
1354,54.501803159713745,0.8847784,0.8847499489784241,2.3344884994003223e-06,0.8847486972808838,11.5221615,11.525005102157593
1355,54.54272413253784,0.884798,0.8847514390945435,5.75347166886786e-06,0.8847495317459106,11.520201,11.524856090545654
1356,54.58357763290405,0.884802,0.8847551941871643,1.0986144843627699e-05,0.8847498297691345,11.519802,11.52448058128357
1357,54.622658252716064,0.884804,0.8847637176513672,1.6306446923408657e-05,0.8847498297691345,11.519599,11.523628234863281
1358,54.66411256790161,0.884813,0.884776771068573,1.6193798728636466e-05,0.8847538828849792,11.518699,11.5223228931427
1359,54.708202600479126,0.8848286,0.8847923278808594,1.0195050890615676e-05,0.8847783803939819,11.517138,11.520767211914062
1360,54.7780077457428,0.88492453,0.8815329074859619,0.002599290106445551,0.8758273124694824,11.507547,11.846709251403809
1361,54.81912922859192,0.8849423,0.8837974667549133,0.00085315020987764,0.8820933103561401,11.505771,11.620253324508667
1362,54.85903191566467,0.88494694,0.8845531344413757,0.0002905635628849268,0.8839104175567627,11.505306,11.544686555862427
1363,54.89956450462341,0.88494813,0.8847911357879639,9.951925312634557e-05,0.8846267461776733,11.505186,11.520886421203613
1364,54.94163489341736,0.88506275,0.8848735094070435,6.898622814333066e-05,0.8847699761390686,11.493725,11.512649059295654
1365,54.986079692840576,0.88506275,0.8849354386329651,1.722862543829251e-05,0.8849225640296936,11.493725,11.506456136703491
1366,55.022826194763184,0.8850814,0.8849502205848694,2.553102240199223e-05,0.8849260210990906,11.491859,11.504977941513062
1367,55.06482529640198,0.8851038,0.8849659562110901,4.408216045703739e-05,0.8849455118179321,11.489618,11.503404378890991
1368,55.10670495033264,0.8851819,0.8849918246269226,6.175169255584478e-05,0.8849469423294067,11.48181,11.50081753730774
1369,55.14815950393677,0.8853169,0.8850452899932861,6.439991557272151e-05,0.8849484324455261,11.468309,11.495471000671387
1370,55.18885946273804,0.8853206,0.8851003646850586,3.743419438251294e-05,0.8850627541542053,11.467939,11.48996353149414
1371,55.22943472862244,0.885321,0.8851289749145508,5.811355367768556e-05,0.8851020932197571,11.467897,11.487102508544922
1372,55.27065348625183,0.8853213,0.8851632475852966,7.874286529840901e-05,0.8851035833358765,11.467868,11.483675241470337
1373,55.310434341430664,0.8853221,0.8852279186248779,7.498203194700181e-05,0.8851272463798523,11.467791,11.477208137512207
1374,55.37947058677673,0.88532317,0.8817062973976135,0.0029189756605774164,0.8750656843185425,11.467684,11.829370260238647
1375,55.446932792663574,0.8850022,0.8777095675468445,0.004399345722049475,0.8689290285110474,11.499781,12.229043245315552
1376,55.48948860168457,0.8850337,0.8816121816635132,0.0021927235648036003,0.8777979612350464,11.496628,11.838781833648682
1377,55.531816720962524,0.88518345,0.8836356997489929,0.0010439477628096938,0.8816758394241333,11.481655,11.636430025100708
1378,55.572920083999634,0.88518345,0.8845657110214233,0.000345039734384045,0.8838747143745422,11.481655,11.543428897857666
1379,55.60697269439697,0.8852091,0.8848780989646912,0.0001780418388079852,0.8844978213310242,11.479092,11.512190103530884
1380,55.648592710494995,0.88536525,0.885034441947937,9.317102376371622e-05,0.8849443793296814,11.463475,11.496555805206299
1381,55.69018197059631,0.88536525,0.8851147890090942,7.807298970874399e-05,0.8850021958351135,11.463475,11.488521099090576
1382,55.724594593048096,0.88536525,0.8851913213729858,5.875981514691375e-05,0.8851109147071838,11.463475,11.480867862701416
1383,55.758512020111084,0.8853694,0.8852327466011047,6.622367072850466e-05,0.8851834535598755,11.463058,11.476725339889526
1384,55.80015707015991,0.8853694,0.8852835297584534,6.847475015092641e-05,0.8852094411849976,11.463058,11.471647024154663
1385,55.83443355560303,0.88536966,0.8853479623794556,2.747554208326619e-05,0.8852761387825012,11.463034,11.465203762054443
1386,55.8765504360199,0.8853894,0.8853664994239807,2.1959940568194725e-06,0.8853652477264404,11.4610615,11.463350057601929
1387,55.91830372810364,0.88539356,0.8853680491447449,3.640154318418354e-06,0.8853652477264404,11.460644,11.463195085525513
1388,55.96204590797424,0.88539356,0.8853707313537598,5.0926323638122994e-06,0.885369062423706,11.460644,11.462926864624023
1389,55.99661660194397,0.88539433,0.8853729963302612,7.947225640236866e-06,0.8853694200515747,11.4605665,11.462700366973877
1390,56.039422035217285,0.8853945,0.8853777647018433,1.0531248335610144e-05,0.8853696584701538,11.460548,11.462223529815674
1391,56.083606004714966,0.88539517,0.8853873014450073,9.00381837709574e-06,0.8853704333305359,11.460484,11.461269855499268
1392,56.124372243881226,0.8854182,0.8853945136070251,3.084685658905073e-06,0.8853899240493774,11.458182,11.460548639297485
1393,56.16627740859985,0.8854188,0.8853960037231445,4.661661932914285e-06,0.8853940963745117,11.458122,11.460399627685547
1394,56.20746636390686,0.8854224,0.8853989243507385,7.342838671320351e-06,0.8853943347930908,11.457759,11.460107564926147
1395,56.24884033203125,0.88547087,0.8854052424430847,1.1261022336839233e-05,0.8853949308395386,11.452913,11.459475755691528
1396,56.29051065444946,0.88550705,0.885417640209198,1.7186674085678533e-05,0.8854016065597534,11.449295,11.4582359790802
1397,56.33142042160034,0.88550705,0.8854312896728516,2.1173427739995532e-05,0.8854176998138428,11.449295,11.456871032714844
1398,56.36624526977539,0.88553894,0.8854484558105469,2.6809671908267774e-05,0.885420024394989,11.446106,11.455154418945312
1399,56.407496213912964,0.8856058,0.8854734897613525,2.505886550352443e-05,0.8854427337646484,11.439419,11.452651023864746
1400,56.44915056228638,0.8856058,0.8854976892471313,2.64354584942339e-05,0.8854703903198242,11.439419,11.450231075286865
1401,56.48487591743469,0.8856263,0.8855211734771729,3.173758159391582e-05,0.8854983448982239,11.437368,11.447882652282715
1402,56.52662181854248,0.8856263,0.8855453729629517,3.488685979391448e-05,0.8855065107345581,11.437368,11.445462703704834
1403,56.561079263687134,0.8856263,0.8855780959129333,2.90546850010287e-05,0.8855295777320862,11.437368,11.442190408706665
1404,56.59480595588684,0.88583994,0.8856054544448853,1.812917980714701e-05,0.8855880498886108,11.416006,11.439454555511475
1405,56.66320753097534,0.885795,0.882326066493988,0.0026474646292626858,0.8769004344940186,11.4205,11.767393350601196
1406,56.702648878097534,0.88580126,0.8846204876899719,0.0008740774937905371,0.8829172849655151,11.419874,11.537951231002808
1407,56.743292808532715,0.8858044,0.8854182958602905,0.00024044352176133543,0.8849015235900879,11.419559,11.458170413970947
1408,56.78404426574707,0.8858355,0.8856252431869507,9.811558993533254e-05,0.8854683041572571,11.416447,11.437475681304932
1409,56.82694458961487,0.8858499,0.8857107758522034,8.515694935340434e-05,0.8856164216995239,11.41501,11.428922414779663
1410,56.86834931373596,0.8858499,0.8857932686805725,4.093068127986044e-05,0.8856383562088013,11.41501,11.420673131942749
1411,56.90168595314026,0.8859907,0.8858172297477722,2.2066138626541942e-05,0.8858016729354858,11.400932,11.418277025222778
1412,56.971874952316284,0.8858311,0.8819352388381958,0.0032909237779676914,0.8744268417358398,11.416888,11.80647611618042
1413,57.01511192321777,0.8858311,0.8846858739852905,0.0010407490190118551,0.8827288746833801,11.416888,11.531412601470947
1414,57.04960775375366,0.8858678,0.8856220841407776,0.00020814896561205387,0.8850704431533813,11.413222,11.437791585922241
1415,57.09085202217102,0.88594836,0.8857946991920471,4.0378297853749245e-05,0.8856878280639648,11.405164,11.420530080795288
1416,57.13148856163025,0.88595647,0.8858275413513184,2.6622559744282626e-05,0.8858029842376709,11.404353,11.417245864868164
1417,57.17131948471069,0.8860407,0.8858504295349121,3.5398035834077746e-05,0.8858256340026855,11.395931,11.414957046508789
1418,57.21314311027527,0.8860407,0.8858790397644043,4.5489803596865386e-05,0.8858368396759033,11.395931,11.41209602355957
1419,57.247376680374146,0.8860471,0.885916531085968,5.2278544899309054e-05,0.8858638405799866,11.3952875,11.408346891403198
1420,57.28815579414368,0.8860485,0.8859667181968689,4.426835585036315e-05,0.8858866095542908,11.39515,11.40332818031311
1421,57.32820725440979,0.88607085,0.8860072493553162,2.5856279535219073e-05,0.8859664797782898,11.392916,11.399275064468384
1422,57.36954736709595,0.88607085,0.886031985282898,1.5232417354127392e-05,0.886005699634552,11.392916,11.396801471710205
1423,57.40326905250549,0.8860709,0.8860471844673157,8.948029972088989e-06,0.8860364556312561,11.392909,11.395281553268433
1424,57.44504451751709,0.88615316,0.886055588722229,1.1216921848244965e-05,0.8860471248626709,11.384684,11.3944411277771
1425,57.48831534385681,0.88615316,0.8860645294189453,1.3419030437944457e-05,0.886049747467041,11.384684,11.393547058105469
1426,57.52396488189697,0.88617593,0.8860752582550049,1.8012180589721538e-05,0.8860689401626587,11.382407,11.392474174499512
1427,57.56617546081543,0.88618535,0.88608318567276,2.800955371640157e-05,0.8860708475112915,11.381465,11.391681432723999
1428,57.60616588592529,0.8861934,0.886099636554718,4.0147871914086863e-05,0.8860723972320557,11.380661,11.390036344528198
1429,57.64712905883789,0.8861952,0.8861299157142639,4.5331216824706644e-05,0.8860753774642944,11.380482,11.387008428573608
1430,57.69104552268982,0.8862207,0.886173665523529,1.2637572581297718e-05,0.8861531615257263,11.377931,11.382633447647095
1431,57.73247027397156,0.8862207,0.8861846327781677,7.17806051397929e-06,0.886174201965332,11.377931,11.381536722183228
1432,57.76424050331116,0.8862207,0.8861913681030273,7.794569683028385e-06,0.8861849904060364,11.377931,11.380863189697266
1433,57.79804730415344,0.8862325,0.8861978650093079,9.8602858997765e-06,0.886188268661499,11.376751,11.380213499069214
1434,57.83923840522766,0.8862399,0.8862056136131287,1.2362892448436469e-05,0.886195182800293,11.376011,11.379438638687134
1435,57.88088870048523,0.8862542,0.8862169981002808,1.2269802937225904e-05,0.8861986398696899,11.37458,11.378300189971924
1436,57.92135787010193,0.8862803,0.8862282037734985,7.093926797097083e-06,0.8862206935882568,11.37197,11.377179622650146
1437,57.962958335876465,0.8862803,0.8862341642379761,7.75490298110526e-06,0.8862290978431702,11.37197,11.376583576202393
1438,58.000059604644775,0.8863144,0.8862396478652954,1.3480086636263877e-05,0.8862324953079224,11.368561,11.376035213470459
1439,58.04311394691467,0.88640594,0.8862505555152893,2.3776314264978282e-05,0.886234700679779,11.3594055,11.37494444847107
1440,58.08489727973938,0.88640594,0.8862677216529846,3.114012361038476e-05,0.8862398862838745,11.3594055,11.373227834701538
1441,58.12037515640259,0.88640594,0.8862967491149902,2.8036416551913135e-05,0.8862556219100952,11.3594055,11.370325088500977
1442,58.15367102622986,0.8864859,0.8863227963447571,2.92223812721204e-05,0.8862870931625366,11.351413,11.367720365524292
1443,58.195392370224,0.88654894,0.8863455653190613,4.155272472416982e-05,0.8863179683685303,11.345106,11.365443468093872
1444,58.235522508621216,0.8866204,0.8863776922225952,5.885891005164012e-05,0.8863227367401123,11.337959,11.362230777740479
1445,58.273770332336426,0.8866208,0.8864297270774841,6.103821215219796e-05,0.8863649368286133,11.337918,11.357027292251587
1446,58.31443691253662,0.88662845,0.8864829540252686,6.25971588306129e-05,0.8864059448242188,11.337155,11.351704597473145
1447,58.355523109436035,0.8866754,0.8865371346473694,4.4557869841810316e-05,0.8864935040473938,11.3324585,11.346286535263062
1448,58.39629054069519,0.88668305,0.88657546043396,4.184218778391369e-05,0.8865281939506531,11.331696,11.342453956604004
1449,58.43855023384094,0.88670915,0.886612594127655,3.865296457661316e-05,0.8865492939949036,11.329084,11.338740587234497
1450,58.48008632659912,0.886734,0.8866474032402039,2.7886459065484814e-05,0.8866204023361206,11.326599,11.335259675979614
1451,58.522167921066284,0.886734,0.886674165725708,2.156075061066076e-05,0.8866373300552368,11.326599,11.3325834274292
1452,58.556254625320435,0.8867454,0.8866948485374451,1.823461388994474e-05,0.8866754174232483,11.32546,11.330515146255493
1453,58.59717583656311,0.8867916,0.8867124915122986,2.035640864050947e-05,0.8866841197013855,11.320841,11.328750848770142
1454,58.639047384262085,0.8867916,0.8867321014404297,2.043632230197545e-05,0.8867100477218628,11.320841,11.326789855957031
1455,58.67245888710022,0.88679993,0.886749267578125,2.1578685846179724e-05,0.8867261409759521,11.320007,11.3250732421875
1456,58.713768005371094,0.88680536,0.8867699503898621,1.833263195294421e-05,0.8867442011833191,11.319465,11.323004961013794
1457,58.75487971305847,0.88683087,0.8867869973182678,8.135435564327054e-06,0.8867795467376709,11.316914,11.321300268173218
1458,58.79799795150757,0.88684064,0.8867951035499573,9.643295015848707e-06,0.8867841958999634,11.315936,11.320489645004272
1459,58.84089779853821,0.8868539,0.886803150177002,1.3152808605809696e-05,0.8867915868759155,11.314612,11.319684982299805
1460,58.88192844390869,0.886862,0.886814296245575,1.705046815914102e-05,0.8867982029914856,11.313802,11.318570375442505
1461,58.92361044883728,0.88686883,0.8868290185928345,1.832079215091653e-05,0.8868076205253601,11.313116,11.317098140716553
1462,58.966249227523804,0.8869316,0.8868487477302551,1.305033038079273e-05,0.886825680732727,11.30684,11.315125226974487
1463,59.0088107585907,0.88694495,0.8868600130081177,1.1044225175282918e-05,0.8868493437767029,11.305505,11.313998699188232
1464,59.05082893371582,0.8869482,0.8868693709373474,1.59109022206394e-05,0.8868567943572998,11.305178,11.313062906265259
1465,59.09597659111023,0.8869633,0.8868806958198547,2.4000533812795766e-05,0.886866569519043,11.303669,11.311930418014526
1466,59.14190125465393,0.8869692,0.8868980407714844,3.223574458388612e-05,0.8868693113327026,11.30308,11.310195922851562
1467,59.189143896102905,0.88697135,0.886924147605896,3.394218583707698e-05,0.8868812918663025,11.302864,11.3075852394104
1468,59.22989010810852,0.8869902,0.8869569897651672,1.0158473742194474e-05,0.8869431018829346,11.3009815,11.304301023483276
1469,59.270493030548096,0.8870732,0.8869673609733582,9.31267459236551e-06,0.8869587182998657,11.292678,11.303263902664185
1470,59.312153339385986,0.8870732,0.8869740962982178,1.309610979660647e-05,0.8869643807411194,11.292678,11.302590370178223
1471,59.34576940536499,0.8870732,0.8869839310646057,1.870127016445622e-05,0.8869711756706238,11.292678,11.301606893539429
1472,59.379762172698975,0.88710403,0.8869966268539429,3.0237486498663202e-05,0.8869799375534058,11.289597,11.300337314605713
1473,59.42302846908569,0.8871566,0.8870168328285217,4.276227991795167e-05,0.8869888186454773,11.28434,11.298316717147827
1474,59.463587284088135,0.8871566,0.8870463371276855,4.9554670113138855e-05,0.8869941830635071,11.28434,11.295366287231445
1475,59.497302532196045,0.8871942,0.8870970010757446,2.189341830671765e-05,0.8870732188224792,11.280579,11.290299892425537
1476,59.5380220413208,0.8871942,0.8871167302131653,2.2641328541794792e-05,0.8870973587036133,11.280579,11.288326978683472
1477,59.571375131607056,0.88719654,0.8871340155601501,2.775864049908705e-05,0.8871111273765564,11.280346,11.286598443984985
1478,59.61220622062683,0.88719654,0.8871573209762573,2.8203296096762642e-05,0.8871182799339294,11.280346,11.284267902374268
1479,59.645899295806885,0.8872051,0.8871830701828003,1.0303813724021893e-05,0.8871658444404602,11.279488,11.28169298171997
1480,59.68638563156128,0.8872051,0.8871928453445435,3.541420255714911e-06,0.8871841430664062,11.279488,11.280715465545654
1481,59.72040128707886,0.8872106,0.8871957659721375,2.2614490262640174e-06,0.8871942162513733,11.278939,11.280423402786255
1482,59.76237869262695,0.8872106,0.8871975541114807,2.8089484658266883e-06,0.887195885181427,11.278939,11.280244588851929
1483,59.796363830566406,0.88723546,0.8871991634368896,4.644456112146145e-06,0.8871965408325195,11.276454,11.280083656311035
1484,59.83482098579407,0.88723546,0.8872026801109314,6.215856501512462e-06,0.8871965408325195,11.276454,11.27973198890686
1485,59.86883187294006,0.8872682,0.8872080445289612,7.675557753827889e-06,0.8872051239013672,11.273182,11.279195547103882
1486,59.910704612731934,0.88727254,0.8872132897377014,1.3734307685808744e-05,0.8872051239013672,11.272746,11.278671026229858
1487,59.9524130821228,0.887275,0.8872243165969849,1.8363263734499924e-05,0.8872051239013672,11.272502,11.277568340301514
1488,59.994229316711426,0.8873045,0.8872396945953369,1.969329605344683e-05,0.8872166275978088,11.269551,11.276030540466309
1489,60.03775334358215,0.8873071,0.8872588276863098,1.652579703659285e-05,0.8872354626655579,11.269289,11.274117231369019
1490,60.082271337509155,0.8873071,0.8872753977775574,1.3042874343227595e-05,0.8872576951980591,11.269289,11.272460222244263
1491,60.11840224266052,0.8873071,0.8872853517532349,1.4344906048791017e-05,0.8872717618942261,11.269289,11.271464824676514
1492,60.152100563049316,0.8873221,0.8872984647750854,1.0514977475395426e-05,0.8872756958007812,11.267787,11.270153522491455
1493,60.19560194015503,0.8873221,0.8873061537742615,2.4257710720121395e-06,0.8873035907745361,11.267787,11.269384622573853
1494,60.22942090034485,0.8873221,0.8873082995414734,3.971550086134812e-06,0.8873071074485779,11.267787,11.269170045852661
1495,60.26263189315796,0.8873221,0.8873102068901062,5.9984467952745035e-06,0.8873071074485779,11.267787,11.26897931098938
1496,60.29722046852112,0.8873221,0.8873141407966614,7.373210792138707e-06,0.8873071074485779,11.267787,11.268585920333862
1497,60.33213472366333,0.8873512,0.8873214721679688,3.360045411682222e-06,0.8873071074485779,11.264878,11.267852783203125
1498,60.372058629989624,0.8873512,0.8873224258422852,2.6548191272013355e-06,0.8873221278190613,11.264878,11.267757415771484
1499,60.40508270263672,0.88736624,0.887323796749115,6.107149147283053e-06,0.8873221278190613,11.263376,11.267620325088501
1500,60.447322845458984,0.88736624,0.8873268365859985,1.014540066535119e-05,0.8873221278190613,11.263376,11.267316341400146
1501,60.49796748161316,0.88736624,0.8873326778411865,1.3548601600632537e-05,0.8873221278190613,11.263376,11.266732215881348
1502,60.531310081481934,0.8873792,0.8873443007469177,1.3023858628002927e-05,0.8873276710510254,11.262077,11.265569925308228
1503,60.57244539260864,0.8873792,0.8873561024665833,9.944196790456772e-06,0.8873381018638611,11.262077,11.264389753341675
1504,60.60696625709534,0.88738567,0.8873658180236816,6.6606144173420034e-06,0.887353777885437,11.261434,11.263418197631836
1505,60.648428440093994,0.88738567,0.8873705863952637,6.005697287037037e-06,0.8873662352561951,11.261434,11.262941360473633
1506,60.68206286430359,0.88738567,0.8873755931854248,5.995133506075945e-06,0.8873668313026428,11.261434,11.26244068145752
1507,60.713627099990845,0.8873946,0.8873803019523621,2.4610590116935782e-06,0.8873792290687561,11.260539,11.261969804763794
1508,60.753321409225464,0.8873985,0.8873814940452576,3.7724341837019892e-06,0.8873792290687561,11.260152,11.261850595474243
1509,60.7943377494812,0.88739914,0.8873844146728516,4.9074060370912775e-06,0.8873792290687561,11.260086,11.261558532714844
1510,60.83505725860596,0.8874056,0.887388288974762,5.226722805673489e-06,0.8873856663703918,11.259442,11.261171102523804
1511,60.87685012817383,0.88741475,0.8873920440673828,7.505265784857329e-06,0.8873856663703918,11.258525,11.260795593261719
1512,60.91855430603027,0.8874212,0.8873992562294006,6.167497758724494e-06,0.8873856663703918,11.257881,11.260074377059937
1513,60.96180295944214,0.8874251,0.887405514717102,5.740927008446306e-06,0.8873991370201111,11.257487,11.259448528289795
1514,61.00328207015991,0.88742805,0.8874101638793945,7.5480165833141655e-06,0.8874052166938782,11.257195,11.258983612060547
1515,61.04714298248291,0.8874345,0.8874159455299377,8.587871889176313e-06,0.8874055743217468,11.256552,11.258405447006226
1516,61.08949041366577,0.8874345,0.8874244689941406,3.38170275426819e-06,0.8874186277389526,11.256552,11.257553100585938
1517,61.1238477230072,0.8874347,0.8874268531799316,3.4129309369745897e-06,0.8874251246452332,11.256528,11.257314682006836
1518,61.16544556617737,0.88743496,0.8874290585517883,4.3570394154812675e-06,0.8874251246452332,11.256504,11.257094144821167
1519,61.20537495613098,0.88748574,0.8874335885047913,4.182043994660489e-06,0.8874255418777466,11.251426,11.256641149520874
1520,61.245296239852905,0.88748574,0.8874354958534241,4.739415999210905e-06,0.8874343037605286,11.251426,11.256450414657593
1521,61.28068518638611,0.88748574,0.887437105178833,7.870772606111132e-06,0.8874344825744629,11.251426,11.2562894821167
1522,61.314940452575684,0.88749236,0.8874419331550598,1.4360314708028454e-05,0.887434720993042,11.250764,11.255806684494019
1523,61.357420444488525,0.8875046,0.8874504566192627,1.9820105080725625e-05,0.8874372839927673,11.249542,11.25495433807373
1524,61.40007042884827,0.88751143,0.8874657154083252,2.415283233858645e-05,0.8874422311782837,11.248857,11.25342845916748
1525,61.441442251205444,0.88753766,0.8874893188476562,1.6404741472797468e-05,0.887447714805603,11.246234,11.251068115234375
1526,61.48271703720093,0.8876921,0.8875014781951904,1.3942612895334605e-05,0.8874918222427368,11.230791,11.249852180480957
1527,61.5242018699646,0.8877215,0.8875107765197754,2.6228792194160633e-05,0.8875008225440979,11.227852,11.248922348022461
1528,61.56677269935608,0.8877215,0.887527346611023,5.0089478463632986e-05,0.8875072598457336,11.227852,11.247265338897705
1529,61.60076332092285,0.8877215,0.8875532150268555,7.177319639595225e-05,0.8875112533569336,11.227852,11.244678497314453
1530,61.636361837387085,0.8877562,0.8876041173934937,8.468606392852962e-05,0.8875142931938171,11.224377,11.239588260650635
1531,61.67937755584717,0.8877562,0.8876846432685852,5.014780617784709e-05,0.8875508308410645,11.224377,11.23153567314148
1532,61.71191716194153,0.887757,0.8877207040786743,1.6219288227148354e-05,0.8876990675926208,11.224299,11.227929592132568
1533,61.754982709884644,0.8877602,0.8877337574958801,1.5401144992210902e-05,0.8877183794975281,11.223978,11.226624250411987
1534,61.799460887908936,0.8877602,0.887748658657074,1.0291827493347228e-05,0.8877214789390564,11.223978,11.225134134292603
1535,61.83493256568909,0.8877647,0.8877565860748291,1.8273145769853727e-06,0.8877544403076172,11.223531,11.22434139251709
1536,61.87715530395508,0.88776517,0.8877579569816589,2.132666168108699e-06,0.8877562284469604,11.223483,11.224204301834106
1537,61.9203987121582,0.88777024,0.8877601027488708,2.168253786294372e-06,0.8877570033073425,11.222977,11.223989725112915
1538,61.96373891830444,0.8878213,0.8877623677253723,4.821054972126149e-06,0.8877601623535156,11.217869,11.223763227462769
1539,62.006844997406006,0.8878213,0.8877654671669006,7.4976055657316465e-06,0.8877602219581604,11.217869,11.223453283309937
1540,62.04164242744446,0.8878213,0.8877702355384827,1.1701103176164906e-05,0.8877646923065186,11.217869,11.222976446151733
1541,62.07700228691101,0.88782966,0.8877773880958557,1.768658148648683e-05,0.8877673149108887,11.217033,11.222261190414429
1542,62.11894249916077,0.8878537,0.8877891302108765,2.298826257174369e-05,0.8877691030502319,11.214632,11.221086978912354
1543,62.164207458496094,0.88785815,0.8878087997436523,2.0209756257827394e-05,0.8877708315849304,11.214185,11.219120025634766
1544,62.21205735206604,0.88786453,0.8878291845321655,1.2589276593644172e-05,0.8878118991851807,11.213547,11.217081546783447
1545,62.274192571640015,0.88786453,0.8878397941589355,1.2267049896763638e-05,0.8878257274627686,11.213547,11.216020584106445
1546,62.31283235549927,0.8878649,0.8878516554832458,8.326887837029062e-06,0.8878329396247864,11.213511,11.214834451675415
1547,62.3542857170105,0.8878657,0.8878588080406189,4.278685992176179e-06,0.8878530263900757,11.213428,11.21411919593811
1548,62.39401388168335,0.8878915,0.8878629803657532,2.0836801013501827e-06,0.8878602981567383,11.210853,11.213701963424683
1549,62.43615913391113,0.8879154,0.8878644704818726,4.6901136556698475e-06,0.8878623247146606,11.208463,11.213552951812744
1550,62.47686457633972,0.8879154,0.8878673315048218,8.79037816048367e-06,0.8878645300865173,11.208463,11.213266849517822
1551,62.510746717453,0.88793445,0.8878735899925232,1.7229331206181087e-05,0.8878645300865173,11.206555,11.21264100074768
1552,62.55179500579834,0.88794416,0.8878867626190186,2.4021104763960466e-05,0.887864887714386,11.205584,11.211323738098145
1553,62.59294414520264,0.8879542,0.8879088163375854,1.924654861795716e-05,0.8878746032714844,11.204582,11.209118366241455
1554,62.63486194610596,0.88795453,0.8879273533821106,1.0577980901871342e-05,0.8879101276397705,11.204547,11.20726466178894
1555,62.67610049247742,0.88795453,0.8879373669624329,7.83384712121915e-06,0.8879252076148987,11.204547,11.206263303756714
1556,62.71011424064636,0.88795453,0.8879444599151611,5.84930330660427e-06,0.8879348039627075,11.204547,11.205554008483887
1557,62.74458861351013,0.8879655,0.8879492878913879,5.173025328986114e-06,0.8879438638687134,11.20345,11.205071210861206
1558,62.784754037857056,0.8879658,0.8879546523094177,2.565649992902763e-06,0.8879503011703491,11.203421,11.204534769058228
1559,62.82605290412903,0.8879658,0.8879562020301819,3.657485194707988e-06,0.8879545331001282,11.203421,11.204379796981812
1560,62.85992193222046,0.88801354,0.8879584074020386,5.895060439797817e-06,0.8879545331001282,11.198646,11.204159259796143
1561,62.901939153671265,0.88801354,0.8879625201225281,6.466194918175461e-06,0.8879545331001282,11.198646,11.203747987747192
1562,62.93573784828186,0.88801956,0.8879671692848206,8.033980520849582e-06,0.8879643082618713,11.198044,11.203283071517944
1563,62.97886395454407,0.88801956,0.8879727125167847,1.416279064869741e-05,0.8879655003547668,11.198044,11.202728748321533
1564,63.01392984390259,0.8880562,0.8879830837249756,1.993930163735058e-05,0.8879657983779907,11.194378,11.201691627502441
1565,63.05600953102112,0.8880891,0.8879998922348022,2.313694858457893e-05,0.8879755735397339,11.191088,11.200010776519775
1566,63.09770655632019,0.8880959,0.8880234360694885,1.6057354514487088e-05,0.8880060911178589,11.190409,11.197656393051147
1567,63.139453411102295,0.888109,0.8880358338356018,2.0593646695488133e-05,0.8880195617675781,11.189097,11.19641661643982
1568,63.1827335357666,0.8881123,0.8880513310432434,2.534877239668276e-05,0.8880306482315063,11.188769,11.19486689567566
1569,63.22386837005615,0.8881549,0.8880742192268372,2.719117583183106e-05,0.8880360126495361,11.184507,11.192578077316284
1570,63.267414569854736,0.8881675,0.888102114200592,2.2663947675027885e-05,0.8880698084831238,11.18325,11.189788579940796
1571,63.31112742424011,0.88818127,0.8881233334541321,1.9856328435707837e-05,0.8881039023399353,11.181873,11.187666654586792
1572,63.351685523986816,0.88818127,0.8881403207778931,1.7938253222382627e-05,0.8881132006645203,11.181873,11.185967922210693
1573,63.38659691810608,0.88819975,0.8881577253341675,1.1516342965478543e-05,0.8881374597549438,11.180025,11.184227466583252
1574,63.42880034446716,0.88820326,0.8881687521934509,9.52115351537941e-06,0.888154923915863,11.179674,11.183124780654907
1575,63.47134232521057,0.8882178,0.8881773948669434,1.005613557936158e-05,0.8881675004959106,11.178219,11.182260513305664
1576,63.51281762123108,0.8882179,0.8881866931915283,1.157818223873619e-05,0.888174295425415,11.178207,11.181330680847168
1577,63.554516077041626,0.8882179,0.8881970047950745,1.0960440704366192e-05,0.8881821632385254,11.178207,11.180299520492554
1578,63.58857202529907,0.8882223,0.8882078528404236,6.549095360242063e-06,0.8881971836090088,11.1777725,11.179214715957642
1579,63.62859129905701,0.88822234,0.8882142305374146,3.4924914871226065e-06,0.8882065415382385,11.177767,11.178576946258545
1580,63.66781258583069,0.8882257,0.888217031955719,2.173267830585246e-06,0.8882145881652832,11.177433,11.1782968044281
1581,63.70919728279114,0.8882257,0.8882187604904175,1.8345365333516384e-06,0.8882178068161011,11.177433,11.178123950958252
1582,63.7453339099884,0.8882302,0.8882200121879578,2.8878048397018574e-06,0.8882179260253906,11.176979,11.177998781204224
1583,63.786505699157715,0.8882302,0.8882226347923279,3.208018142686342e-06,0.8882179260253906,11.176979,11.177736520767212
1584,63.84819316864014,0.88825256,0.8846938610076904,0.0028011947870254517,0.8785168528556824,11.174745,11.530613899230957
1585,63.88867735862732,0.8882526,0.8871467709541321,0.0008859738591127098,0.8851615786552429,11.174738,11.285322904586792
1586,63.92883658409119,0.8882556,0.8878961205482483,0.00030194694409146905,0.8873001933097839,11.17444,11.210387945175171
1587,63.969008922576904,0.88826007,0.8881620764732361,8.428192813880742e-05,0.887930154800415,11.173993,11.183792352676392
1588,64.01145076751709,0.88826054,0.8882333636283875,2.040858998952899e-05,0.8881919384002686,11.173945,11.176663637161255
1589,64.05245471000671,0.88826054,0.8882521986961365,3.7547647480096202e-06,0.8882447481155396,11.173945,11.174780130386353
1590,64.08679127693176,0.88826054,0.8882549405097961,3.293465397291584e-06,0.8882525563240051,11.173945,11.174505949020386
1591,64.12008047103882,0.88826054,0.8882579803466797,3.10188215735252e-06,0.8882526159286499,11.173945,11.174201965332031
1592,64.15374255180359,0.8882693,0.8882603049278259,5.920481953580747e-07,0.8882600665092468,11.173069,11.173969507217407
1593,64.19397759437561,0.8882693,0.8882606029510498,1.0948461977022816e-06,0.8882601857185364,11.173069,11.17393970489502
1594,64.22686815261841,0.8882697,0.888261079788208,2.0916343146382133e-06,0.888260543346405,11.173028,11.1738920211792
1595,64.26995277404785,0.8882697,0.8882620930671692,3.2994876164593734e-06,0.888260543346405,11.173028,11.173790693283081
1596,64.30392503738403,0.8882721,0.8882642388343811,4.246483513270505e-06,0.888260543346405,11.17279,11.17357611656189
1597,64.34472036361694,0.8882947,0.8882678151130676,3.72957174477051e-06,0.888260543346405,11.17053,11.173218488693237
1598,64.38578462600708,0.8882947,0.8882702589035034,3.1294910058932146e-06,0.8882693648338318,11.17053,11.172974109649658
1599,64.4223861694336,0.8882947,0.8882716298103333,5.330651674739784e-06,0.8882697224617004,11.17053,11.172837018966675
1600,64.45807075500488,0.88829744,0.8882743716239929,8.188751962734386e-06,0.8882697224617004,11.170256,11.172562837600708
1601,64.49899315834045,0.88829744,0.8882795572280884,1.0701509381760843e-05,0.8882713317871094,11.170256,11.172044277191162
1602,64.53346824645996,0.8882992,0.8882875442504883,1.1089474355685525e-05,0.8882724046707153,11.170077,11.171245574951172
1603,64.57609868049622,0.88830507,0.8882963061332703,1.5136010915739462e-06,0.8882946968078613,11.169493,11.170369386672974
1604,64.61696195602417,0.88830507,0.8882976770401001,9.723755738377804e-07,0.8882973194122314,11.169493,11.17023229598999
1605,64.64966797828674,0.88830906,0.8882982730865479,1.9425483515078668e-06,0.888297438621521,11.169094,11.170172691345215
1606,64.68924498558044,0.88833463,0.8882997632026672,3.7864806472498458e-06,0.888297438621521,11.166536,11.170023679733276
1607,64.72882580757141,0.8883425,0.8883029222488403,5.829434940096689e-06,0.8882983922958374,11.1657505,11.169707775115967
1608,64.77070116996765,0.8883487,0.8883078694343567,9.359704563394189e-06,0.888299822807312,11.165131,11.169213056564331
1609,64.81150889396667,0.8883502,0.8883147835731506,1.1461118447186891e-05,0.8883050680160522,11.164981,11.168521642684937
1610,64.85330271720886,0.88836044,0.8883233070373535,1.359399720968213e-05,0.8883110880851746,11.163956,11.167669296264648
1611,64.89568424224854,0.888372,0.8883349299430847,1.2235813301231246e-05,0.8883157968521118,11.1628,11.166507005691528
1612,64.93704891204834,0.8883778,0.8883466124534607,7.68893733038567e-06,0.8883360624313354,11.162222,11.16533875465393
1613,64.98023509979248,0.88838416,0.8883536458015442,8.844588592182845e-06,0.8883445262908936,11.161584,11.164635419845581
1614,65.02228045463562,0.88838446,0.8883607983589172,1.012149550660979e-05,0.8883503079414368,11.161554,11.163920164108276
1615,65.06432867050171,0.88849413,0.8883715271949768,1.1663751138257794e-05,0.8883589506149292,11.150587,11.16284728050232
1616,65.10484910011292,0.8885015,0.8883816599845886,1.3671147826244123e-05,0.888372004032135,11.149847,11.161834001541138
1617,65.1477439403534,0.8886434,0.8883934020996094,3.3503747545182705e-05,0.8883792161941528,11.135662,11.160659790039062
1618,65.18939328193665,0.88864666,0.888411283493042,5.3829211537959054e-05,0.8883845806121826,11.135334,11.1588716506958
1619,65.23257803916931,0.8886839,0.8884466886520386,8.161455480149016e-05,0.8883907198905945,11.131609,11.155331134796143
1620,65.27707839012146,0.8886839,0.8885127902030945,8.899610838852823e-05,0.8883941173553467,11.131609,11.148720979690552
1621,65.31096053123474,0.88869107,0.8885940909385681,5.1661350880749524e-05,0.8885346055030823,11.130894,11.140590906143188
1622,65.38203430175781,0.8886655,0.8853511810302734,0.002687716158106923,0.8792753219604492,11.1334505,11.464881896972656
1623,65.42358875274658,0.88870114,0.8876630663871765,0.0008187037892639637,0.8857523202896118,11.129886,11.233693361282349
1624,65.46549773216248,0.88870347,0.8883761167526245,0.0002494353393558413,0.887941837310791,11.129654,11.162388324737549
1625,65.50975775718689,0.88870496,0.8886000514030457,6.73731992719695e-05,0.8884409070014954,11.129504,11.139994859695435
1626,65.55233383178711,0.8887196,0.8886585235595703,3.072664185310714e-05,0.8886001110076904,11.128038,11.134147644042969
1627,65.59539914131165,0.88874584,0.8886870741844177,1.661556598264724e-05,0.888665497303009,11.125416,11.131292581558228
1628,65.64000725746155,0.8887536,0.888703465461731,9.30106034502387e-06,0.8886932134628296,11.12464,11.129653453826904
1629,65.68363976478577,0.88876456,0.8887110352516174,1.459630857425509e-05,0.8887022733688354,11.123544,11.128896474838257
1630,65.72906851768494,0.8888029,0.8887218236923218,2.0633606254705228e-05,0.8887035250663757,11.119711,11.127817630767822
1631,65.77087998390198,0.8888037,0.8887400031089783,1.8389437173027545e-05,0.8887099027633667,11.119628,11.125999689102173
1632,65.81591701507568,0.88881326,0.8887566924095154,1.2541390788101126e-05,0.8887454271316528,11.118674,11.124330759048462
1633,65.858571767807,0.88881886,0.888766884803772,1.5635992895113304e-05,0.8887544274330139,11.118114,11.123311519622803
1634,65.90108871459961,0.88882333,0.8887776136398315,2.0692676116595976e-05,0.8887622356414795,11.117667,11.122238636016846
1635,65.94400906562805,0.8888266,0.8887941837310791,2.246282747364603e-05,0.8887645602226257,11.117339,11.12058162689209
1636,65.98790669441223,0.88886523,0.8888134360313416,8.689125024829991e-06,0.8888037204742432,11.113477,11.118656396865845
1637,66.0331392288208,0.8888801,0.8888227343559265,8.64963476487901e-06,0.8888132572174072,11.111993,11.117726564407349
1638,66.0767753124237,0.88888294,0.8888289332389832,1.5857698599575087e-05,0.888821005821228,11.111707,11.117106676101685
1639,66.118243932724,0.888903,0.8888381123542786,2.3036831407807767e-05,0.8888233304023743,11.109697,11.116188764572144
1640,66.16275835037231,0.888903,0.8888562321662903,2.5174351321766153e-05,0.8888238668441772,11.109697,11.114376783370972
1641,66.19807529449463,0.88890994,0.8888815641403198,9.23562311072601e-06,0.8888624310493469,11.109007,11.111843585968018
1642,66.24251651763916,0.88890994,0.8888874650001526,9.882269296213053e-06,0.8888800740242004,11.109007,11.111253499984741
1643,66.27802014350891,0.88890994,0.8888948559761047,1.0145014130102936e-05,0.8888829350471497,11.109007,11.110514402389526
1644,66.31413984298706,0.8889123,0.8889043927192688,2.402079417151981e-06,0.8889029026031494,11.108768,11.10956072807312
1645,66.35643672943115,0.8889351,0.8889068961143494,5.647453690471593e-06,0.888903021812439,11.106491,11.109310388565063
1646,66.39951133728027,0.8889393,0.8889113068580627,8.832052117213607e-06,0.8889058232307434,11.106068,11.108869314193726
1647,66.44406461715698,0.8889393,0.8889175653457642,1.1552423529792577e-05,0.8889098763465881,11.106068,11.108243465423584
1648,66.48080444335938,0.8889393,0.8889274597167969,1.1949046893278137e-05,0.8889099955558777,11.106068,11.107254028320312
1649,66.51710844039917,0.8889393,0.8889369368553162,1.9893591343134176e-06,0.8889350891113281,11.106068,11.106306314468384
1650,66.55383110046387,0.8889393,0.8889390230178833,6.842269613116514e-07,0.8889364004135132,11.106068,11.10609769821167
1651,66.589435338974,0.8889393,0.8889392018318176,9.695730796011048e-08,0.8889392614364624,11.106068,11.106079816818237
1652,66.62480282783508,0.88895357,0.8889393210411072,8.782054692346719e-07,0.8889393210411072,11.104643,11.106067895889282
1653,66.66678094863892,0.88895357,0.8889394402503967,1.5084781352925347e-06,0.8889393210411072,11.104643,11.106055974960327
1654,66.70280265808105,0.8889641,0.8889400362968445,3.193072188878432e-06,0.8889393210411072,11.103588,11.105996370315552
1655,66.74562978744507,0.8889641,0.8889415264129639,5.445002898341045e-06,0.8889393210411072,11.103588,11.105847358703613
1656,66.78074145317078,0.88896453,0.8889448046684265,7.894008376752026e-06,0.8889393210411072,11.103546,11.105519533157349
1657,66.82410860061646,0.88897943,0.8889511227607727,8.35075115901418e-06,0.8889402151107788,11.1020565,11.10488772392273
1658,66.86778211593628,0.8890066,0.8889586329460144,8.207331120502204e-06,0.888952374458313,11.099339,11.10413670539856
1659,66.90933346748352,0.88901913,0.8889662027359009,1.0813154403876979e-05,0.8889535665512085,11.098087,11.103379726409912
1660,66.95220828056335,0.8890203,0.8889755606651306,1.3774163562629838e-05,0.8889641165733337,11.097967,11.102443933486938
1661,66.99523282051086,0.88902694,0.8889884948730469,1.418508054484846e-05,0.8889698386192322,11.097306,11.101150512695312
1662,67.04073143005371,0.8890317,0.8890012502670288,1.1036371688533109e-05,0.8889844417572021,11.096829,11.09987497329712
1663,67.0835952758789,0.8890512,0.889011561870575,1.0069434210890904e-05,0.8890001773834229,11.09488,11.098843812942505
1664,67.12577986717224,0.8890654,0.889022171497345,1.0947239388769958e-05,0.8890113830566406,11.093462,11.097782850265503
1665,67.16791343688965,0.8890655,0.889032781124115,1.2723648978862911e-05,0.8890196084976196,11.09345,11.096721887588501
1666,67.21156287193298,0.8890729,0.8890448212623596,1.2267751117178705e-05,0.8890312910079956,11.0927105,11.095517873764038
1667,67.25458693504333,0.8891046,0.889056384563446,8.912601515476126e-06,0.8890439867973328,11.08954,11.094361543655396
1668,67.29708647727966,0.889105,0.8890661001205444,8.227789294323884e-06,0.8890558481216431,11.089498,11.093389987945557
1669,67.34164333343506,0.8891416,0.8890721201896667,1.3243279681773856e-05,0.8890645503997803,11.085838,11.092787981033325
1670,67.3837616443634,0.8891429,0.889082133769989,1.7833022866398096e-05,0.8890659213066101,11.085712,11.091786623001099
1671,67.42794013023376,0.88915116,0.8890984654426575,1.8067847122438252e-05,0.889073371887207,11.084885,11.090153455734253
1672,67.47118330001831,0.88918865,0.889115571975708,1.64966349984752e-05,0.8890982866287231,11.081135,11.0884428024292
1673,67.51447319984436,0.8892089,0.8891313672065735,2.161086376872845e-05,0.8891069889068604,11.079109,11.086863279342651
1674,67.55797553062439,0.88922167,0.8891514539718628,2.53178077400662e-05,0.8891201019287109,11.077833,11.08485460281372
1675,67.60264992713928,0.8892238,0.8891727328300476,2.4546683562221006e-05,0.8891484141349792,11.077619,11.08272671699524
1676,67.64643168449402,0.88922405,0.8891958594322205,1.6581281670369208e-05,0.8891650438308716,11.077595,11.080414056777954
1677,67.68895483016968,0.88922656,0.8892101049423218,7.511755939049181e-06,0.8891974687576294,11.077345,11.078989505767822
1678,67.73827362060547,0.88922656,0.8892164826393127,6.8217123043723404e-06,0.8892069458961487,11.077345,11.078351736068726
1679,67.77700591087341,0.88922656,0.8892230987548828,1.51411086335429e-06,0.8892207145690918,11.077345,11.077690124511719
1680,67.8110044002533,0.889228,0.8892245292663574,1.0353139714425197e-06,0.8892232775688171,11.077202,11.077547073364258
1681,67.85512256622314,0.8892304,0.8892256021499634,1.2086675269529223e-06,0.8892239928245544,11.076963,11.077439785003662
1682,67.89913153648376,0.8892304,0.8892266750335693,1.1638308023975696e-06,0.8892250657081604,11.076963,11.077332496643066
1683,67.93342137336731,0.8892304,0.8892278075218201,1.1593317594815744e-06,0.8892264366149902,11.076963,11.077219247817993
1684,67.96980094909668,0.8892304,0.8892288208007812,9.254926567336952e-07,0.8892279863357544,11.076963,11.077117919921875
1685,68.00765705108643,0.88923097,0.8892295956611633,6.201541964401258e-07,0.8892282247543335,11.076903,11.077040433883667
1686,68.0513687133789,0.88923466,0.8892303109169006,4.550406629277859e-07,0.8892292380332947,11.076534,11.076968908309937
1687,68.09480595588684,0.8892368,0.8892305493354797,1.003312263492262e-06,0.8892303109169006,11.076319,11.076945066452026
1688,68.13878798484802,0.8892377,0.8892312049865723,1.959979954335722e-06,0.8892303705215454,11.07623,11.076879501342773
1689,68.18087077140808,0.88923943,0.8892323970794678,2.6413629257149296e-06,0.8892303705215454,11.076057,11.076760292053223
1690,68.22420263290405,0.88925046,0.8892347812652588,2.6680779683374567e-06,0.8892309665679932,11.074954,11.076521873474121
1691,68.266268491745,0.88925046,0.8892372846603394,2.1628375179716386e-06,0.8892356753349304,11.074954,11.076271533966064
1692,68.30142831802368,0.889253,0.8892390131950378,3.889783329213969e-06,0.8892368078231812,11.0746975,11.076098680496216
1693,68.34125709533691,0.88926077,0.8892419338226318,5.3720991672889795e-06,0.8892368674278259,11.073923,11.075806617736816
1694,68.38655257225037,0.88926077,0.889246940612793,5.323401637724601e-06,0.889241099357605,11.073923,11.075305938720703
1695,68.42254543304443,0.88926315,0.8892523646354675,3.847560947178863e-06,0.8892450928688049,11.073685,11.074763536453247
1696,68.46508479118347,0.889268,0.889255702495575,4.008215910289437e-06,0.8892504572868347,11.073202,11.074429750442505
1697,68.50874543190002,0.88927674,0.8892596960067749,3.470408046268858e-06,0.8892558217048645,11.072326,11.07403039932251
1698,68.55391502380371,0.88927674,0.8892629742622375,3.239433681301307e-06,0.8892607688903809,11.072326,11.073702573776245
1699,68.59112620353699,0.8892801,0.8892653584480286,4.05530499847373e-06,0.8892607688903809,11.071992,11.073464155197144
1700,68.6346697807312,0.88928396,0.8892689943313599,4.5013548515271395e-06,0.8892660140991211,11.071605,11.073100566864014
1701,68.677494764328,0.88928723,0.8892729878425598,5.490936473506736e-06,0.8892661333084106,11.071277,11.072701215744019
1702,68.71905159950256,0.889289,0.8892785906791687,3.5975042464997387e-06,0.8892735242843628,11.071098,11.07214093208313
1703,68.76219415664673,0.889289,0.8892817497253418,3.263528242314351e-06,0.8892773389816284,11.071098,11.07182502746582
1704,68.79825687408447,0.8892966,0.8892847299575806,3.070165348617593e-06,0.8892800807952881,11.070341,11.071527004241943
1705,68.84115147590637,0.8892966,0.8892878293991089,2.4908290470193606e-06,0.8892845511436462,11.070341,11.071217060089111
1706,68.87625861167908,0.8892972,0.8892900347709656,3.42168004863197e-06,0.8892872333526611,11.070281,11.070996522903442
1707,68.91890811920166,0.88930255,0.8892930150032043,3.521694225128158e-06,0.8892884254455566,11.069745,11.070698499679565
1708,68.9609739780426,0.8893034,0.8892966508865356,9.290155844610126e-07,0.8892950415611267,11.069661,11.070334911346436
1709,69.00397205352783,0.8893034,0.889297366142273,1.5833084034966305e-06,0.8892965912818909,11.069661,11.070263385772705
1710,69.04036021232605,0.88930345,0.8892982006072998,2.208874548159656e-06,0.8892971277236938,11.069655,11.07017993927002
1711,69.08233141899109,0.88930345,0.8892993927001953,2.8265765195101267e-06,0.8892971873283386,11.069655,11.070060729980469
1712,69.11609315872192,0.88931805,0.8893017768859863,2.622708279886865e-06,0.8892971873283386,11.068195,11.069822311401367
1713,69.15880179405212,0.88931805,0.8893035054206848,1.5459662563443999e-06,0.8893033266067505,11.068195,11.069649457931519
1714,69.19387745857239,0.88931805,0.8893040418624878,2.998021500388859e-06,0.8893033862113953,11.068195,11.06959581375122
1715,69.22927737236023,0.88931805,0.8893053531646729,4.73690988656017e-06,0.8893033862113953,11.068195,11.069464683532715
1716,69.26356744766235,0.88931805,0.8893079161643982,6.1588516473420896e-06,0.88930344581604,11.068195,11.06920838356018
1717,69.29760026931763,0.88931805,0.8893132209777832,5.3427279453899246e-06,0.88930344581604,11.068195,11.06867790222168
1718,69.33203625679016,0.8893193,0.8893177509307861,9.271947760680632e-07,0.8893142342567444,11.068069,11.068224906921387
1719,69.37328290939331,0.8893197,0.8893181681632996,2.2885058115207357e-07,0.88931804895401,11.068028,11.068183183670044
1720,69.41555547714233,0.8893197,0.8893182277679443,3.8543737446161686e-07,0.88931804895401,11.068028,11.068177223205566
1721,69.45237755775452,0.88934314,0.889318585395813,1.8112128827851848e-06,0.88931804895401,11.065685,11.068141460418701
1722,69.49564242362976,0.88934314,0.8893194198608398,3.3143019209092017e-06,0.88931804895401,11.065685,11.068058013916016
1723,69.5305495262146,0.8893547,0.8893214464187622,5.662237072101561e-06,0.88931804895401,11.064529,11.06785535812378
1724,69.57470107078552,0.88935506,0.8893256783485413,9.558163583278656e-06,0.8893193006515503,11.064493,11.067432165145874
1725,69.61772680282593,0.8893644,0.8893336653709412,1.235175113833975e-05,0.8893197178840637,11.063558,11.066633462905884
1726,69.65853214263916,0.88936603,0.8893447518348694,1.19258920676657e-05,0.8893290758132935,11.063396,11.065524816513062
1727,69.70023512840271,0.8893661,0.8893560767173767,5.077887180959806e-06,0.8893467783927917,11.063391,11.064392328262329
1728,69.74166178703308,0.8893661,0.8893601894378662,4.553253802441759e-06,0.8893547058105469,11.063391,11.063981056213379
1729,69.77634143829346,0.8893661,0.8893646001815796,1.0521737294766353e-06,0.8893631100654602,11.063391,11.063539981842041
1730,69.81138467788696,0.8894371,0.8893657922744751,4.430587523529539e-06,0.8893644213676453,11.056292,11.06342077255249
1731,69.85238456726074,0.8894371,0.889366626739502,6.125892923591891e-06,0.8893660306930542,11.056292,11.063337326049805
1732,69.88664102554321,0.88945657,0.8893681168556213,1.1869845366163645e-05,0.8893660306930542,11.054343,11.063188314437866
1733,69.92806196212769,0.88945657,0.8893738985061646,2.301154199813027e-05,0.889366090297699,11.054343,11.062610149383545
1734,69.96260094642639,0.88945657,0.8893861174583435,3.475602716207504e-05,0.889366090297699,11.054343,11.06138825416565
1735,69.99622988700867,0.88945657,0.8894104957580566,4.093019379070029e-05,0.889366090297699,11.054343,11.058950424194336
1736,70.03124260902405,0.88946474,0.8894495368003845,8.91153104021214e-06,0.8894370794296265,11.053526,11.055046319961548
1737,70.07199144363403,0.88946474,0.8894568681716919,1.1164125908180722e-06,0.889456570148468,11.053526,11.05431318283081
1738,70.10547733306885,0.88946474,0.8894572257995605,2.023157094299677e-06,0.889456570148468,11.053526,11.054277420043945
1739,70.13929986953735,0.88946474,0.8894581198692322,3.072647814406082e-06,0.889456570148468,11.053526,11.054188013076782
1740,70.17250490188599,0.88946474,0.8894596695899963,3.724372618307825e-06,0.889456570148468,11.053526,11.054033041000366
1741,70.20640730857849,0.88946474,0.8894631862640381,2.5108888621616643e-06,0.889456570148468,11.053526,11.053681373596191
1742,70.2407808303833,0.8894672,0.8894646763801575,1.6435105010259576e-07,0.8894647359848022,11.053282,11.053532361984253
1743,70.28099179267883,0.88946986,0.8894647359848022,4.068339762852702e-07,0.8894647359848022,11.053014,11.053526401519775
1744,70.3223397731781,0.88946986,0.8894649744033813,1.0711894447013037e-06,0.8894647359848022,11.053014,11.053502559661865
1745,70.3572587966919,0.88946986,0.8894654512405396,1.7000585330606555e-06,0.8894647359848022,11.053014,11.053454875946045
1746,70.39159107208252,0.8894764,0.8894665837287903,2.3902362045191694e-06,0.8894647359848022,11.052359,11.053341627120972
1747,70.4355776309967,0.8894764,0.889468789100647,2.155468564524199e-06,0.8894647359848022,11.052359,11.053121089935303
1748,70.47088694572449,0.88948154,0.8894703388214111,1.5465234355360735e-06,0.8894698619842529,11.051846,11.052966117858887
1749,70.51213097572327,0.88948154,0.8894712924957275,3.009002739418065e-06,0.8894698619842529,11.051846,11.052870750427246
1750,70.54560351371765,0.88948154,0.8894729018211365,4.250865913490998e-06,0.8894698619842529,11.051846,11.052709817886353
1751,70.5776789188385,0.88948154,0.8894760608673096,4.74442504128092e-06,0.8894698619842529,11.051846,11.052393913269043
1752,70.61136794090271,0.88953567,0.8894804120063782,4.046628419018816e-06,0.8894764184951782,11.046433,11.051958799362183
1753,70.65447497367859,0.88953567,0.8894826769828796,7.468988314940361e-06,0.8894815444946289,11.046433,11.051732301712036
1754,70.68888139724731,0.88953584,0.8894855380058289,1.4050267054699361e-05,0.8894815444946289,11.046415,11.051446199417114
1755,70.73130655288696,0.88953584,0.8894914388656616,2.0680046873167157e-05,0.8894815444946289,11.046415,11.050856113433838
1756,70.76631426811218,0.88953584,0.8895033001899719,2.6061030439450406e-05,0.8894815444946289,11.046415,11.049669981002808
1757,70.79995203018188,0.8895598,0.8895263671875,1.9784783944487572e-05,0.8894815444946289,11.04402,11.04736328125
1758,70.8399224281311,0.8895836,0.8895370960235596,6.055417088646209e-06,0.8895358443260193,11.041641,11.046290397644043
1759,70.87975692749023,0.8895933,0.8895394206047058,1.0209475476585794e-05,0.8895358443260193,11.040669,11.046057939529419
1760,70.92122650146484,0.88960665,0.889545202255249,1.5811845514690503e-05,0.8895358443260193,11.039334,11.045479774475098
1761,70.96322917938232,0.88964385,0.8895562291145325,1.9974087990703993e-05,0.8895358443260193,11.035615,11.044377088546753
1762,71.00554060935974,0.88964385,0.8895748853683472,1.8098780856234953e-05,0.889559805393219,11.035615,11.042511463165283
1763,71.04133033752441,0.8896892,0.8895931839942932,1.8927252313005738e-05,0.8895612955093384,11.031079,11.040681600570679
1764,71.08198952674866,0.8896893,0.8896089196205139,2.2520782295032404e-05,0.8895858526229858,11.031067,11.039108037948608
1765,71.12167572975159,0.8896908,0.8896286487579346,2.2748581613996066e-05,0.8896066546440125,11.030918,11.037135124206543
1766,71.16338801383972,0.8896908,0.8896498680114746,1.7914548152475618e-05,0.8896183967590332,11.030918,11.035013198852539
1767,71.19711971282959,0.8896955,0.8896638751029968,1.9260816770838574e-05,0.8896438479423523,11.030447,11.033612489700317
1768,71.23794841766357,0.8896955,0.8896802067756653,1.4331222701002844e-05,0.8896571397781372,11.030447,11.031979322433472
1769,71.27215099334717,0.8896955,0.8896905779838562,1.339969230684801e-06,0.8896893262863159,11.030447,11.03094220161438
1770,71.30495524406433,0.8896998,0.8896917104721069,1.7373359924022225e-06,0.8896908164024353,11.030018,11.030828952789307
1771,71.34653496742249,0.8896998,0.8896927833557129,2.203639496656251e-06,0.8896908164024353,11.030018,11.030721664428711
1772,71.38104939460754,0.8896998,0.88969486951828,1.9003981606147136e-06,0.8896917104721069,11.030018,11.030513048171997
1773,71.41571426391602,0.8897045,0.8896963596343994,1.7112590739998268e-06,0.8896955251693726,11.029548,11.030364036560059
1774,71.46093845367432,0.88971055,0.889697790145874,3.035777581317234e-06,0.8896955251693726,11.028946,11.030220985412598
1775,71.50141835212708,0.8897166,0.8897004723548889,4.001752586191287e-06,0.8896970748901367,11.0283375,11.029952764511108
1776,71.54295015335083,0.8897166,0.8897038698196411,4.027118848171085e-06,0.8896998167037964,11.0283375,11.029613018035889
1777,71.57665133476257,0.8897191,0.8897075653076172,3.6767251003766432e-06,0.8897033333778381,11.028088,11.029243469238281
1778,71.61924433708191,0.88971967,0.8897110819816589,3.598290277295746e-06,0.8897079825401306,11.028033,11.028891801834106
1779,71.66806721687317,0.88972527,0.8897143006324768,3.442248953433591e-06,0.8897095918655396,11.027473,11.02856993675232
1780,71.70938110351562,0.8897313,0.8897178769111633,2.1177522739890264e-06,0.8897157907485962,11.026871,11.028212308883667
1781,71.75124979019165,0.8897313,0.8897194266319275,2.8553326956171077e-06,0.889716625213623,11.026871,11.028057336807251
1782,71.78533577919006,0.8897313,0.8897215127944946,3.4634547319001285e-06,0.8897191286087036,11.026871,11.027848720550537
1783,71.82054042816162,0.88973284,0.8897243142127991,3.606303835113067e-06,0.8897191286087036,11.026716,11.027568578720093
1784,71.86292600631714,0.8897349,0.8897278904914856,2.6833224637812236e-06,0.8897250890731812,11.026507,11.02721095085144
1785,71.90299010276794,0.8897358,0.8897302746772766,2.7794178549811477e-06,0.8897268176078796,11.026419,11.026972532272339
1786,71.94253182411194,0.88973653,0.889733076095581,1.4452829191213823e-06,0.8897312879562378,11.026346,11.026692390441895
1787,71.98547029495239,0.88973856,0.8897342681884766,1.0605940587993246e-06,0.889732837677002,11.026144,11.026573181152344
1788,72.02884316444397,0.8897386,0.889735221862793,6.410127184608427e-07,0.8897342085838318,11.026138,11.026477813720703
1789,72.07036662101746,0.88974315,0.889735758304596,9.95684104054817e-07,0.8897349238395691,11.025685,11.026424169540405
1790,72.11202359199524,0.8897709,0.889736533164978,2.4129592475219397e-06,0.8897358179092407,11.022907,11.026346683502197
1791,72.15306806564331,0.8897718,0.8897377252578735,4.417437139636604e-06,0.8897358179092407,11.022818,11.026227474212646
1792,72.1994264125824,0.88977456,0.8897405862808228,7.876080417190678e-06,0.8897368311882019,11.022544,11.025941371917725
1793,72.25621581077576,0.88977456,0.8897445797920227,1.2408789189066738e-05,0.8897386193275452,11.022544,11.02554202079773
1794,72.29765224456787,0.88977563,0.8897520303726196,1.5997660739230923e-05,0.8897386193275452,11.022436,11.024796962738037
1795,72.33855986595154,0.88977563,0.8897666335105896,1.1825967703771312e-05,0.8897431492805481,11.022436,11.02333664894104
1796,72.37223839759827,0.88980556,0.8897737264633179,2.336009856662713e-06,0.8897718191146851,11.019444,11.022627353668213
1797,72.41415882110596,0.88980556,0.8897750973701477,3.763916993193561e-06,0.8897745609283447,11.019444,11.02249026298523
1798,72.44858431816101,0.88981813,0.8897778391838074,9.11512142920401e-06,0.8897745609283447,11.018187,11.022216081619263
1799,72.48956966400146,0.8898192,0.8897823095321655,1.3887472960050218e-05,0.8897746205329895,11.01808,11.021769046783447
1800,72.53056192398071,0.8898552,0.8897910118103027,1.787300243449863e-05,0.8897756338119507,11.01448,11.020898818969727
1801,72.5705235004425,0.8898552,0.8898081183433533,1.2318742847128306e-05,0.8897756934165955,11.01448,11.019188165664673
1802,72.60406446456909,0.8898552,0.8898183703422546,9.397532267030329e-06,0.8898082971572876,11.01448,11.018162965774536
1803,72.63844466209412,0.8898552,0.8898248076438904,1.2008118574158289e-05,0.8898181319236755,11.01448,11.017519235610962
1804,72.67190361022949,0.8898554,0.8898323178291321,1.5194083971437067e-05,0.8898192048072815,11.0144615,11.016768217086792
1805,72.71271967887878,0.8898554,0.88984614610672,1.0093649507325608e-05,0.8898274898529053,11.0144615,11.015385389328003
1806,72.7466311454773,0.88986343,0.8898544311523438,2.700245659070788e-06,0.8898459672927856,11.013657,11.014556884765625
1807,72.78901600837708,0.88986343,0.8898553848266602,7.112073490134208e-07,0.8898552060127258,11.013657,11.014461517333984
1808,72.82368493080139,0.88986343,0.8898555636405945,1.383993549097795e-06,0.8898552060127258,11.013657,11.014443635940552
1809,72.85914444923401,0.88986367,0.889856219291687,2.429447476970381e-06,0.8898553848266602,11.013633,11.014378070831299
1810,72.8999342918396,0.88986367,0.8898572325706482,3.4141344258387107e-06,0.8898553848266602,11.013633,11.01427674293518
1811,72.93413782119751,0.88986367,0.8898595571517944,4.070834620506503e-06,0.8898553848266602,11.013633,11.014044284820557
1812,72.96809577941895,0.8898755,0.8898635506629944,7.388777021333226e-07,0.8898634314537048,11.012453,11.013644933700562
1813,73.01042914390564,0.8898898,0.8898639678955078,2.0772363313881215e-06,0.8898636698722839,11.011023,11.013603210449219
1814,73.05360794067383,0.889897,0.8898651599884033,5.607342245639302e-06,0.8898636698722839,11.010302,11.013484001159668
1815,73.09447383880615,0.889897,0.8898680210113525,1.0143269719264936e-05,0.8898636698722839,11.010302,11.013197898864746
1816,73.12917518615723,0.88992333,0.8898733258247375,1.4232942703529261e-05,0.8898636698722839,11.007667,11.012667417526245
1817,73.17028903961182,0.8899456,0.889884352684021,1.5768082448630594e-05,0.8898636698722839,11.005438,11.0115647315979
1818,73.21095085144043,0.8899458,0.8899008631706238,1.1589198038564064e-05,0.8898899555206299,11.00542,11.009913682937622
1819,73.25427341461182,0.8899458,0.8899065256118774,1.6976053302641958e-05,0.8898969888687134,11.00542,11.009347438812256
1820,73.28787612915039,0.8899458,0.8899168372154236,2.0502247934928164e-05,0.8898969888687134,11.00542,11.008316278457642
1821,73.32028198242188,0.88997215,0.8899369239807129,1.3272307114675641e-05,0.8899122476577759,11.002785,11.006307601928711
1822,73.36389541625977,0.88997215,0.8899490237236023,8.651432835904416e-06,0.8899456262588501,11.002785,11.00509762763977
1823,73.39866495132446,0.88997215,0.8899534940719604,1.188958231068682e-05,0.8899458050727844,11.002785,11.004650592803955
1824,73.43418598175049,0.88997656,0.8899621963500977,1.266768595087342e-05,0.8899458050727844,11.002344,11.003780364990234
1825,73.4767575263977,0.88997656,0.8899721503257751,6.146261171124934e-07,0.8899720907211304,11.002344,11.002784967422485
1826,73.50997996330261,0.88999975,0.8899725675582886,2.6545071705186274e-06,0.8899720907211304,11.000025,11.002743244171143
1827,73.55042266845703,0.88999975,0.889974057674408,5.700041583622806e-06,0.8899721503257751,11.000025,11.002594232559204
1828,73.58507823944092,0.89000416,0.8899771571159363,8.92226307769306e-06,0.8899721503257751,10.999584,11.002284288406372
1829,73.62529563903809,0.89000726,0.8899828791618347,1.0707723959058058e-05,0.8899721503257751,10.999274,11.001712083816528
1830,73.6665768623352,0.89000726,0.8899905681610107,1.1293812349322252e-05,0.8899766206741333,10.999274,11.000943183898926
1831,73.70274186134338,0.89001006,0.8900008797645569,2.55887948696909e-06,0.8899997472763062,10.998994,10.999912023544312
1832,73.74324226379395,0.89001006,0.8900022506713867,3.428440777497599e-06,0.8899997472763062,10.998994,10.999774932861328
1833,73.77834892272949,0.89001524,0.8900051712989807,3.3247258670598967e-06,0.8899997472763062,10.998476,10.999482870101929
1834,73.81819128990173,0.89001757,0.8900080323219299,2.0891773147013737e-06,0.8900072574615479,10.998243,10.999196767807007
1835,73.86039757728577,0.89002144,0.8900094628334045,3.4108356885553803e-06,0.8900072574615479,10.997856,10.999053716659546
1836,73.90165948867798,0.8900256,0.8900125026702881,4.187144895695383e-06,0.8900072574615479,10.997438,10.998749732971191
1837,73.94595718383789,0.8900323,0.8900165557861328,3.993814516434213e-06,0.8900100588798523,10.996771,10.998344421386719
1838,73.98795318603516,0.8900324,0.8900196552276611,3.789527909248136e-06,0.890017569065094,10.996759,10.998034477233887
1839,74.02916383743286,0.8900409,0.8900227546691895,5.213066742726369e-06,0.890017569065094,10.995913,10.997724533081055
1840,74.07020378112793,0.89004123,0.8900279998779297,4.447090304893209e-06,0.8900249600410461,10.995876,10.997200012207031
1841,74.11112117767334,0.89004874,0.8900312185287476,5.632419743051287e-06,0.8900256156921387,10.995126,10.996878147125244
1842,74.1528639793396,0.89004934,0.8900361657142639,4.310746589908376e-06,0.8900322914123535,10.995066,10.996383428573608
1843,74.19451069831848,0.8900497,0.8900406360626221,2.938325906143291e-06,0.8900331854820251,10.99503,10.995936393737793
1844,74.23818039894104,0.8900503,0.8900425434112549,3.157988885504892e-06,0.8900403380393982,10.99497,10.995745658874512
1845,74.2806224822998,0.8900503,0.8900448083877563,3.949453457607888e-06,0.8900412321090698,10.99497,10.995519161224365
1846,74.31527018547058,0.8900504,0.8900487422943115,2.2754152269044425e-06,0.890041708946228,10.994959,10.995125770568848
1847,74.357994556427,0.8900504,0.890049934387207,2.991706935517868e-07,0.8900493383407593,10.994959,10.995006561279297
1848,74.39400124549866,0.89007866,0.8900501728057861,1.7701845536066685e-06,0.8900496959686279,10.992134,10.994982719421387
1849,74.434809923172,0.89007866,0.8900508880615234,3.765267138078343e-06,0.8900502324104309,10.992134,10.994911193847656
1850,74.46895813941956,0.8900788,0.8900526165962219,7.400875801977236e-06,0.8900502920150757,10.992122,10.994738340377808
1851,74.50899004936218,0.89008754,0.8900557160377502,1.0775012015074026e-05,0.8900502920150757,10.991245,10.994428396224976
1852,74.55065608024597,0.89008754,0.890062153339386,1.371902362734545e-05,0.8900504112243652,10.991245,10.993784666061401
1853,74.58464741706848,0.89008826,0.8900745511054993,9.899654287437443e-06,0.8900504112243652,10.991174,10.992544889450073
1854,74.62588310241699,0.8901044,0.8900806903839111,4.398898454383016e-06,0.8900786638259888,10.989559,10.991930961608887
1855,74.66769933700562,0.8901051,0.890083909034729,6.264937837840989e-06,0.8900787830352783,10.989487,10.9916090965271
1856,74.70770144462585,0.89010525,0.8900901079177856,5.076698471384589e-06,0.890079140663147,10.989475,10.990989208221436
1857,74.74890494346619,0.8901295,0.8900938034057617,7.169985565269599e-06,0.8900876641273499,10.987049,10.990619659423828
1858,74.79050970077515,0.8901295,0.8901009559631348,6.52911785437027e-06,0.8900883793830872,10.987049,10.989904403686523
1859,74.82455396652222,0.89016306,0.8901070356369019,7.2952047958096955e-06,0.8901044130325317,10.983694,10.989296436309814
1860,74.86746978759766,0.8901722,0.8901110291481018,1.2428226000338327e-05,0.890105128288269,10.982781,10.98889708518982
1861,74.90881729125977,0.89017946,0.8901207447052002,2.046935878752265e-05,0.8901052474975586,10.982055,10.98792552947998
1862,74.95039963722229,0.89019215,0.8901399374008179,2.0011815649922937e-05,0.8901052474975586,10.980785,10.986006259918213
1863,74.99221920967102,0.89019215,0.8901560306549072,1.788998270058073e-05,0.8901295065879822,10.980785,10.984396934509277
1864,75.02775120735168,0.89019644,0.8901726603507996,7.262712188094156e-06,0.8901630640029907,10.980356,10.982733964920044
1865,75.06861710548401,0.89019644,0.8901777267456055,7.0451128522108775e-06,0.8901726603507996,10.980356,10.982227325439453
1866,75.10197472572327,0.89019644,0.8901840448379517,7.112334969860967e-06,0.8901728987693787,10.980356,10.981595516204834
1867,75.13589835166931,0.8902082,0.8901905417442322,6.088447662477847e-06,0.890179455280304,10.979181,10.980945825576782
1868,75.17812848091125,0.8902082,0.8901956081390381,3.411029865674209e-06,0.8901921510696411,10.979181,10.980439186096191
1869,75.21182775497437,0.89020836,0.8901984691619873,3.569205318854074e-06,0.8901962041854858,10.979164,10.98015308380127
1870,75.25306415557861,0.8902141,0.8902007937431335,4.411900590639561e-06,0.8901964426040649,10.978592,10.979920625686646
1871,75.29622054100037,0.8902141,0.8902040123939514,4.6066511458775494e-06,0.8901988863945007,10.978592,10.979598760604858
1872,75.33080744743347,0.89022356,0.8902086019515991,2.7919943477172637e-06,0.8902056813240051,10.977644,10.979139804840088
1873,75.3723533153534,0.89022356,0.8902108073234558,4.805831849807873e-06,0.8902081847190857,10.977644,10.978919267654419
1874,75.4068546295166,0.8902304,0.890214204788208,6.263247087190393e-06,0.89020836353302,10.976958,10.9785795211792
1875,75.44910502433777,0.89023757,0.8902198672294617,4.6565128286601976e-06,0.8902138471603394,10.976243,10.978013277053833
1876,75.4887866973877,0.89023757,0.8902239203453064,1.9061972125200555e-06,0.8902233242988586,10.976243,10.97760796546936
1877,75.52226281166077,0.89024,0.890224814414978,3.224016381864203e-06,0.8902235627174377,10.975999,10.977518558502197
1878,75.56109595298767,0.89024025,0.8902263641357422,4.525182248471538e-06,0.8902235627174377,10.975975,10.977363586425781
1879,75.60142040252686,0.8902471,0.8902298808097839,5.381759365263861e-06,0.8902239203453064,10.975289,10.977011919021606
1880,75.64292764663696,0.8902601,0.8902345299720764,4.98874715049169e-06,0.8902304172515869,10.9739895,10.976547002792358
1881,75.68219518661499,0.89026904,0.8902394771575928,5.082335974293528e-06,0.8902329206466675,10.973096,10.976052284240723
1882,75.72289109230042,0.8902708,0.8902438282966614,5.360061095416313e-06,0.8902385234832764,10.972918,10.975617170333862
1883,75.76495957374573,0.8902708,0.8902488350868225,6.682244020339567e-06,0.8902426958084106,10.972918,10.975116491317749
1884,75.799143075943,0.8902708,0.8902530670166016,8.447235813946463e-06,0.890247106552124,10.972918,10.974693298339844
1885,75.83277344703674,0.89027905,0.8902604579925537,8.806821824691724e-06,0.8902485966682434,10.972095,10.973954200744629
1886,75.87542414665222,0.8902849,0.8902696371078491,4.0334616642212495e-06,0.8902612924575806,10.97151,10.973036289215088
1887,75.91640281677246,0.89028674,0.8902724981307983,3.717125537150423e-06,0.8902692794799805,10.971326,10.972750186920166
1888,75.95826077461243,0.89028674,0.8902753591537476,4.490886567509733e-06,0.8902708292007446,10.971326,10.972464084625244
1889,75.992844581604,0.89029497,0.8902799487113953,2.9270988761709305e-06,0.8902772665023804,10.970503,10.972005128860474
1890,76.03423261642456,0.8902962,0.8902819752693176,4.1177977436746005e-06,0.8902790546417236,10.970378,10.971802473068237
1891,76.07405638694763,0.89029646,0.8902854323387146,5.117462023918051e-06,0.8902803659439087,10.970354,10.97145676612854
1892,76.11539030075073,0.8903041,0.8902900218963623,4.309336418373277e-06,0.8902848958969116,10.969591,10.97099781036377
1893,76.15765738487244,0.8903041,0.8902940154075623,2.9076018108753487e-06,0.8902870416641235,10.969591,10.970598459243774
1894,76.19295144081116,0.8903041,0.8902960419654846,1.6676739278409514e-06,0.8902949690818787,10.969591,10.970395803451538
1895,76.22683119773865,0.8903056,0.8902971744537354,2.3981074264156632e-06,0.8902952075004578,10.969442,10.970282554626465
1896,76.26735925674438,0.8903056,0.8902987837791443,3.0902558592060814e-06,0.890296459197998,10.969442,10.970121622085571
1897,76.30176162719727,0.89030564,0.8903011679649353,3.204710537829669e-06,0.8902977108955383,10.969437,10.96988320350647
1898,76.34266400337219,0.89030564,0.8903045058250427,8.947316700869123e-07,0.8903025984764099,10.969437,10.969549417495728
1899,76.37761354446411,0.8903079,0.89030522108078,6.10084669006028e-07,0.8903040885925293,10.96921,10.969477891921997
1900,76.41997599601746,0.8903079,0.8903055191040039,2.856675678231113e-07,0.8903053402900696,10.96921,10.96944808959961
1901,76.4528739452362,0.8903091,0.8903056979179382,5.355605594559165e-07,0.8903055787086487,10.96909,10.969430208206177
1902,76.49370265007019,0.8903095,0.8903059959411621,1.0116888233824284e-06,0.8903055787086487,10.9690485,10.969400405883789
1903,76.53499984741211,0.8903095,0.8903065919876099,1.4263522416513297e-06,0.8903056383132935,10.9690485,10.969340801239014
1904,76.56752943992615,0.8903095,0.8903078436851501,1.4997091284385533e-06,0.8903056383132935,10.9690485,10.969215631484985
1905,76.60362553596497,0.8903095,0.8903090953826904,4.792656795871153e-07,0.8903079032897949,10.9690485,10.969090461730957
1906,76.63824343681335,0.8903095,0.8903093934059143,1.9272732743047527e-07,0.8903090953826904,10.9690485,10.96906065940857
1907,76.67184066772461,0.8903095,0.8903093934059143,1.1920928955078125e-07,0.8903095126152039,10.9690485,10.96906065940857
1908,76.70520424842834,0.8903095,0.8903093934059143,1.1920928955078125e-07,0.8903095126152039,10.9690485,10.96906065940857
1909,76.73862504959106,0.8903095,0.8903093934059143,1.1920928955078125e-07,0.8903095126152039,10.9690485,10.96906065940857
1910,76.77360129356384,0.8903245,0.8903095126152039,9.155839961749734e-07,0.8903095126152039,10.967552,10.969048738479614
1911,76.81401348114014,0.89034,0.8903099894523621,3.1696847599960165e-06,0.8903095126152039,10.966003,10.969001054763794
1912,76.85443687438965,0.89034,0.8903113603591919,5.994967523292871e-06,0.8903095126152039,10.966003,10.96886396408081
1913,76.88849353790283,0.89034,0.8903138637542725,8.713277566130273e-06,0.8903095126152039,10.966003,10.968613624572754
1914,76.92246770858765,0.89034,0.8903191089630127,1.1363221346982755e-05,0.8903095126152039,10.966003,10.96808910369873
1915,76.95767164230347,0.8903615,0.8903303146362305,9.25866697798483e-06,0.8903095126152039,10.963851,10.966968536376953
1916,76.99981236457825,0.8903615,0.8903369903564453,8.780327334534377e-06,0.8903310298919678,10.963851,10.966300964355469
1917,77.03571200370789,0.89039075,0.8903452157974243,1.0601432222756557e-05,0.8903310894966125,10.960924,10.965478420257568
1918,77.07807469367981,0.89039075,0.8903530836105347,1.1690016435750294e-05,0.8903399705886841,10.960924,10.964691638946533
1919,77.11393761634827,0.8903909,0.8903639316558838,7.605827249790309e-06,0.8903614282608032,10.960913,10.963606834411621
1920,77.16416311264038,0.8903909,0.890367329120636,1.1019856174243614e-05,0.890361487865448,10.960913,10.963267087936401
1921,77.20394587516785,0.8903909,0.8903738856315613,1.343197436654009e-05,0.890361487865448,10.960913,10.962611436843872
1922,77.23924136161804,0.89039576,0.8903867602348328,8.27932217362104e-06,0.8903692364692688,10.960424,10.961323976516724
1923,77.28178882598877,0.89039576,0.8903907537460327,4.4316723801784974e-07,0.8903907537460327,10.960424,10.960924625396729
1924,77.31661415100098,0.8903958,0.890390932559967,8.895563041733112e-07,0.8903908729553223,10.960418,10.960906744003296
1925,77.35875916481018,0.8903958,0.8903912305831909,1.4580489278159803e-06,0.8903908729553223,10.960418,10.960876941680908
1926,77.39450883865356,0.8903958,0.8903919458389282,2.095562194881495e-06,0.8903908729553223,10.960418,10.960805416107178
1927,77.43024730682373,0.8903958,0.8903933167457581,2.4602682060503867e-06,0.8903908729553223,10.960418,10.960668325424194
1928,77.46542024612427,0.8903958,0.8903958201408386,3.2984371500788257e-07,0.8903908729553223,10.960418,10.960417985916138
1929,77.49826955795288,0.8903974,0.8903958797454834,1.1195665905461283e-07,0.8903958201408386,10.960257,10.96041202545166
1930,77.53849792480469,0.8903974,0.8903958797454834,1.9869331424615666e-07,0.8903958201408386,10.960257,10.96041202545166
1931,77.57234454154968,0.8903974,0.8903959393501282,3.367009071553184e-07,0.8903958201408386,10.960257,10.960406064987183
1932,77.6064043045044,0.8903974,0.8903961181640625,5.555002076107485e-07,0.8903958201408386,10.960257,10.96038818359375
1933,77.64060235023499,0.8903974,0.8903962969779968,7.369889658548345e-07,0.8903958201408386,10.960257,10.960370302200317
1934,77.67427277565002,0.8903974,0.8903968334197998,7.737992859802034e-07,0.8903958201408386,10.960257,10.96031665802002
1935,77.70946764945984,0.89039755,0.8903973698616028,6.04910042056872e-08,0.8903974294662476,10.960245,10.960263013839722
1936,77.75012040138245,0.89039755,0.8903973698616028,6.307540445504856e-08,0.8903974294662476,10.960245,10.960263013839722
1937,77.78392219543457,0.89039755,0.8903973698616028,7.24974995591765e-08,0.8903974294662476,10.960245,10.960263013839722
1938,77.81914377212524,0.8904023,0.8903974294662476,3.0265294981290936e-07,0.8903974294662476,10.959768,10.960257053375244
1939,77.86097931861877,0.8904023,0.8903975486755371,4.703186959886807e-07,0.8903974294662476,10.959768,10.960245132446289
1940,77.89633560180664,0.8904023,0.890397846698761,9.527285556032439e-07,0.8903974294662476,10.959768,10.960215330123901
1941,77.930908203125,0.8904024,0.8903982043266296,1.4783091728531872e-06,0.8903975486755371,10.959763,10.960179567337036
1942,77.97155952453613,0.8904024,0.8903990387916565,1.970991206690087e-06,0.8903975486755371,10.959763,10.96009612083435
1943,78.00598406791687,0.8904024,0.8904004693031311,1.8442894997861004e-06,0.8903975486755371,10.959763,10.95995306968689
1944,78.0410726070404,0.8904024,0.8904021382331848,4.923239771414956e-07,0.8904008865356445,10.959763,10.959786176681519
1945,78.0759630203247,0.8904024,0.8904023766517639,4.078302850984983e-08,0.8904023170471191,10.959763,10.959762334823608
1946,78.11052250862122,0.890407,0.8904024362564087,2.871078947919159e-07,0.8904023766517639,10.959297,10.95975637435913
1947,78.15186333656311,0.8904286,0.8904026746749878,1.679619231254037e-06,0.8904023766517639,10.95714,10.95973253250122
1948,78.19269156455994,0.8904286,0.8904030323028564,2.5100262064370327e-06,0.8904023766517639,10.95714,10.959696769714355
1949,78.2275402545929,0.8904286,0.8904038071632385,4.431287379702553e-06,0.8904023766517639,10.95714,10.959619283676147
1950,78.26092624664307,0.8904286,0.8904064297676086,7.6382175393519e-06,0.8904023766517639,10.95714,10.959357023239136
1951,78.29513764381409,0.8904333,0.8904105424880981,9.539438906358555e-06,0.8904023766517639,10.956669,10.958945751190186
1952,78.3370087146759,0.89043593,0.8904165029525757,1.0741319783846848e-05,0.8904070258140564,10.956407,10.958349704742432
1953,78.37627935409546,0.890439,0.8904266953468323,7.956227818795014e-06,0.8904101252555847,10.956102,10.957330465316772
1954,78.41648578643799,0.89044225,0.8904319405555725,3.03234378407069e-06,0.8904286026954651,10.955774,10.956805944442749
1955,78.45937776565552,0.89044225,0.8904346823692322,2.3942063762660837e-06,0.8904332518577576,10.955774,10.956531763076782
1956,78.49348068237305,0.89044935,0.8904367089271545,3.2522034416615497e-06,0.8904333114624023,10.955066,10.956329107284546
1957,78.53441262245178,0.89045084,0.8904397487640381,3.270133674959652e-06,0.8904359340667725,10.954916,10.956025123596191
1958,78.57502841949463,0.890463,0.8904433250427246,3.84373242923175e-06,0.8904406428337097,10.953701,10.955667495727539
1959,78.61697030067444,0.8904643,0.8904470801353455,5.2390946621017065e-06,0.8904419541358948,10.953569,10.955291986465454
1960,78.65793442726135,0.8904643,0.8904520869255066,4.637998245016206e-06,0.8904469013214111,10.953569,10.95479130744934
1961,78.6900143623352,0.8904643,0.8904560804367065,4.639700819097925e-06,0.8904501795768738,10.953569,10.954391956329346
1962,78.72510552406311,0.89047354,0.8904603123664856,3.2907926197367487e-06,0.8904552459716797,10.952645,10.95396876335144
1963,78.76548194885254,0.89047354,0.8904634118080139,1.1247365137023735e-06,0.8904624581336975,10.952645,10.953658819198608
1964,78.8007881641388,0.89047354,0.8904643058776855,1.657620146033878e-06,0.8904629945755005,10.952645,10.953569412231445
1965,78.83526825904846,0.89047515,0.8904653191566467,2.6162267658946803e-06,0.8904639482498169,10.952484,10.953468084335327
1966,78.87758898735046,0.8904757,0.8904669284820557,3.816399839706719e-06,0.8904643058776855,10.952431,10.953307151794434
1967,78.919597864151,0.8904757,0.8904697299003601,4.119048753636889e-06,0.8904643058776855,10.952431,10.95302700996399
1968,78.95461893081665,0.89047945,0.8904739022254944,9.941360303855618e-07,0.8904721140861511,10.952055,10.952609777450562
1969,78.99669742584229,0.89047945,0.8904745578765869,1.1681302112265257e-06,0.8904735445976257,10.952055,10.952544212341309
1970,79.03238534927368,0.89047945,0.8904756903648376,1.2482938700486557e-06,0.8904739022254944,10.952055,10.952430963516235
1971,79.06617879867554,0.8904798,0.890476405620575,1.4286522400652757e-06,0.8904756903648376,10.95202,10.952359437942505
1972,79.10986375808716,0.890498,0.8904773592948914,2.1699499939131783e-06,0.8904756903648376,10.950202,10.952264070510864
1973,79.15099120140076,0.8905502,0.890479564666748,5.1453139349177945e-06,0.8904759883880615,10.944981,10.952043533325195
1974,79.19309496879578,0.8905502,0.8904822468757629,9.538104677631054e-06,0.8904794454574585,10.944981,10.951775312423706
1975,79.22639322280884,0.89055026,0.8904871344566345,1.6188601875910535e-05,0.8904797434806824,10.944975,10.951286554336548
1976,79.26909041404724,0.8905616,0.890496015548706,2.244774077553302e-05,0.8904811143875122,10.943842,10.950398445129395
1977,79.30881381034851,0.8905651,0.8905128836631775,2.68051717284834e-05,0.8904827833175659,10.94349,10.948711633682251
1978,79.34841322898865,0.8905749,0.8905354738235474,2.4953042156994343e-05,0.8905016183853149,10.9425125,10.946452617645264
1979,79.38898396492004,0.8905886,0.8905573487281799,9.171215424430557e-06,0.8905501961708069,10.941142,10.944265127182007
1980,79.42982697486877,0.89059013,0.8905650973320007,9.504564332019072e-06,0.8905531764030457,10.940987,10.943490266799927
1981,79.47080397605896,0.8905963,0.8905738592147827,7.068004379107151e-06,0.8905650973320007,10.940372,10.942614078521729
1982,79.51253032684326,0.8905967,0.8905802965164185,6.74170087222592e-06,0.8905737996101379,10.940331,10.941970348358154
1983,79.55256748199463,0.89059687,0.8905865550041199,5.302072167978622e-06,0.8905773758888245,10.940313,10.941344499588013
1984,79.59372735023499,0.89059746,0.8905909061431885,2.927254627138609e-06,0.8905875086784363,10.940254,10.940909385681152
1985,79.63566207885742,0.89059746,0.8905936479568481,2.268627667945111e-06,0.8905906081199646,10.940254,10.940635204315186
1986,79.6686749458313,0.8906005,0.8905959129333496,1.4256127087719506e-06,0.8905935287475586,10.93995,10.940408706665039
1987,79.71014356613159,0.8906005,0.8905970454216003,8.872760304257099e-07,0.8905962705612183,10.93995,10.940295457839966
1988,79.74384570121765,0.89063,0.8905978202819824,2.2581411940336693e-06,0.890596866607666,10.936999,10.940217971801758
1989,79.78458499908447,0.8906322,0.8905988335609436,4.101961167179979e-06,0.8905974626541138,10.936779,10.94011664390564
1990,79.8255467414856,0.8906322,0.8906014561653137,7.506144356739242e-06,0.8905974626541138,10.936779,10.939854383468628
1991,79.85923957824707,0.89063525,0.8906052112579346,1.0868374374695122e-05,0.8905999660491943,10.936475,10.939478874206543
1992,79.9005675315857,0.8906417,0.8906123042106628,1.4428920621867292e-05,0.8906005024909973,10.935831,10.938769578933716
1993,79.94435286521912,0.8906417,0.8906248807907104,1.1503170753712766e-05,0.8906012177467346,10.935831,10.937511920928955
1994,79.98010325431824,0.89065576,0.8906330466270447,3.5091145491605857e-06,0.8906294107437134,10.934424,10.936695337295532
1995,80.0249514579773,0.89065623,0.8906358480453491,4.093655661563389e-06,0.8906322121620178,10.934377,10.936415195465088
1996,80.09537649154663,0.8907108,0.8861309289932251,0.0037838034331798553,0.8774240016937256,10.928923,11.38690710067749
1997,80.13899064064026,0.8907108,0.8894457221031189,0.0011031042085960507,0.8872337937355042,10.928923,11.05542778968811
1998,80.17274165153503,0.89071965,0.8904378414154053,0.00022080627968534827,0.8899840712547302,10.928035,10.956215858459473
1999,80.21503210067749,0.89071965,0.8906276226043701,4.590340904542245e-05,0.8905559182167053,10.928035,10.937237739562988
2000,80.25054407119751,0.89073336,0.8906659483909607,2.5636552891228348e-05,0.8906369805335999,10.926664,10.93340516090393
2001,80.29081153869629,0.89073336,0.8906837701797485,2.8754298909916542e-05,0.8906549215316772,10.926664,10.931622982025146
2002,80.32623338699341,0.890734,0.8907124400138855,1.2177119970147032e-05,0.8906723260879517,10.926599,10.92875599861145
2003,80.36603879928589,0.89076775,0.8907212615013123,9.026105544762686e-06,0.8907129764556885,10.923224,10.927873849868774
2004,80.40701293945312,0.89076775,0.8907291293144226,9.394882908964064e-06,0.8907196521759033,10.923224,10.92708706855774
2005,80.44324111938477,0.89077157,0.8907368779182434,1.0466160347277764e-05,0.8907303214073181,10.922843,10.92631220817566
2006,80.48503375053406,0.89077175,0.8907427191734314,1.4732007912243716e-05,0.8907333612442017,10.922825,10.92572808265686
2007,80.52664637565613,0.8908057,0.8907524943351746,1.698608866718132e-05,0.890733540058136,10.919428,10.924750566482544
2008,80.56958627700806,0.8908057,0.8907690048217773,5.119151865073945e-06,0.8907597661018372,10.919428,10.923099517822266
2009,80.60410237312317,0.8908064,0.8907727599143982,7.46943396734423e-06,0.8907684087753296,10.919362,10.92272400856018
2010,80.64499759674072,0.89080715,0.8907760977745056,1.1449669727880973e-05,0.8907715678215027,10.919285,10.922390222549438
2011,80.68775463104248,0.8908073,0.8907821774482727,1.5744955817353912e-05,0.8907716274261475,10.919273,10.92178225517273
2012,80.73044419288635,0.8908102,0.8907935619354248,1.6516392861376517e-05,0.890771746635437,10.918981,10.92064380645752
2013,80.77515268325806,0.8908104,0.8908063173294067,6.978880833230505e-07,0.890805721282959,10.9189625,10.919368267059326
2014,80.81967329978943,0.8908104,0.8908068537712097,8.816381864562572e-07,0.8908063769340515,10.9189625,10.919314622879028
2015,80.85494589805603,0.8908111,0.8908073902130127,1.245415091943869e-06,0.8908065557479858,10.918892,10.91926097869873
2016,80.90150952339172,0.890813,0.8908082246780396,1.5545236919933814e-06,0.8908071517944336,10.918701,10.919177532196045
2017,80.94383358955383,0.890813,0.8908095359802246,1.6262684994217125e-06,0.8908072710037231,10.918701,10.919046401977539
2018,80.97846055030823,0.8908168,0.8908108472824097,6.046240628165833e-07,0.8908103108406067,10.91832,10.918915271759033
2019,81.01969027519226,0.8908168,0.8908113241195679,1.0605343732095207e-06,0.8908110857009888,10.91832,10.918867588043213
2020,81.05332541465759,0.8908175,0.8908118605613708,1.9251212961535202e-06,0.8908110857009888,10.918247,10.918813943862915
2021,81.09367036819458,0.8908175,0.8908131122589111,2.6056952719955007e-06,0.8908110857009888,10.918247,10.918688774108887
2022,81.1268424987793,0.8908175,0.8908155560493469,2.1037023998360382e-06,0.8908110857009888,10.918247,10.918444395065308
2023,81.16083407402039,0.8908175,0.8908171057701111,3.5930750641455234e-07,0.8908168077468872,10.918247,10.918289422988892
2024,81.19530439376831,0.8908175,0.8908175230026245,1.0994789789720016e-07,0.8908168077468872,10.918247,10.918247699737549
2025,81.23274660110474,0.8908175,0.8908175230026245,0.0,0.8908175230026245,10.918247,10.918247699737549
2026,81.26736998558044,0.8908175,0.8908175230026245,0.0,0.8908175230026245,10.918247,10.918247699737549
2027,81.30301761627197,0.8908175,0.8908175230026245,0.0,0.8908175230026245,10.918247,10.918247699737549
2028,81.33835911750793,0.8908175,0.8908175230026245,0.0,0.8908175230026245,10.918247,10.918247699737549
2029,81.37233710289001,0.8908175,0.8908175230026245,0.0,0.8908175230026245,10.918247,10.918247699737549
2030,81.4056077003479,0.8908175,0.8908175230026245,0.0,0.8908175230026245,10.918247,10.918247699737549
2031,81.44179558753967,0.8908175,0.8908175230026245,0.0,0.8908175230026245,10.918247,10.918247699737549
2032,81.47541165351868,0.8908175,0.8908175230026245,0.0,0.8908175230026245,10.918247,10.918247699737549
2033,81.50966668128967,0.8908175,0.8908175230026245,0.0,0.8908175230026245,10.918247,10.918247699737549
2034,81.54351234436035,0.8908175,0.8908175230026245,0.0,0.8908175230026245,10.918247,10.918247699737549
2035,81.57703566551208,0.8908309,0.8908175826072693,8.156197850439639e-07,0.8908175230026245,10.916912,10.918241739273071
2036,81.6192479133606,0.8908309,0.8908175826072693,1.1519194913489628e-06,0.8908175230026245,10.916912,10.918241739273071
2037,81.6523277759552,0.8908309,0.8908178210258484,1.9788503777817823e-06,0.8908175230026245,10.916912,10.918217897415161
2038,81.68753957748413,0.8908309,0.8908186554908752,3.732359800778795e-06,0.8908175230026245,10.916912,10.918134450912476
2039,81.72094655036926,0.8909105,0.8908206820487976,7.731270670774393e-06,0.8908175230026245,10.908949,10.91793179512024
2040,81.76077389717102,0.8909114,0.8908243179321289,1.1323491889925208e-05,0.8908175230026245,10.90886,10.91756820678711
2041,81.80185651779175,0.8909225,0.8908323645591736,1.715927828627173e-05,0.8908175230026245,10.907751,10.916763544082642
2042,81.8429434299469,0.8909225,0.8908388018608093,2.408066575299017e-05,0.8908308744430542,10.907751,10.916119813919067
2043,81.87660884857178,0.8909225,0.8908511996269226,3.60609992640093e-05,0.8908308744430542,10.907751,10.91488003730774
2044,81.91011381149292,0.8909236,0.8908738493919373,4.2998322896892205e-05,0.8908308744430542,10.907639,10.912615060806274
2045,81.95246529579163,0.8909236,0.8909175992012024,5.682577921106713e-06,0.8909105062484741,10.907639,10.90824007987976
2046,81.98720097541809,0.8909236,0.8909225463867188,2.845241056093073e-07,0.890922486782074,10.907639,10.907745361328125
2047,82.02180862426758,0.8909266,0.8909226059913635,4.6883812387932267e-07,0.890922486782074,10.90734,10.907739400863647
2048,82.06477165222168,0.8909266,0.8909228444099426,6.149723503767746e-07,0.890922486782074,10.90734,10.907715559005737
2049,82.0989580154419,0.89092815,0.8909232020378113,8.085619924713683e-07,0.890922486782074,10.907185,10.907679796218872
2050,82.14152765274048,0.89092815,0.8909238576889038,9.12424923171784e-07,0.8909236192703247,10.907185,10.90761423110962
2051,82.17595934867859,0.89092815,0.890924334526062,1.532452415631269e-06,0.8909236192703247,10.907185,10.907566547393799
2052,82.2209165096283,0.89093363,0.8909254670143127,1.920985368997208e-06,0.8909236192703247,10.906637,10.907453298568726
2053,82.27476119995117,0.89093363,0.8909273147583008,1.1192605597898364e-06,0.8909253478050232,10.906637,10.907268524169922
2054,82.31086564064026,0.89093816,0.8909286260604858,1.5666947774661821e-06,0.8909277319908142,10.906183,10.907137393951416
2055,82.35205030441284,0.89093816,0.8909293413162231,2.6291450012649875e-06,0.8909281492233276,10.906183,10.907065868377686
2056,82.38538384437561,0.89093816,0.8909308910369873,3.806790118687786e-06,0.8909281492233276,10.906183,10.90691089630127
2057,82.41894721984863,0.89093816,0.8909336924552917,3.953418399760267e-06,0.8909281492233276,10.906183,10.906630754470825
2058,82.45365595817566,0.89093816,0.8909371495246887,1.2802078117601923e-06,0.890933632850647,10.906183,10.906285047531128
2059,82.48853278160095,0.89093816,0.8909381628036499,0.0,0.8909381628036499,10.906183,10.90618371963501
2060,82.5254328250885,0.8909415,0.8909381628036499,2.0427371794085047e-07,0.8909381628036499,10.905849,10.90618371963501
2061,82.5657844543457,0.8909415,0.8909381628036499,4.0854743588170095e-07,0.8909381628036499,10.905849,10.90618371963501
2062,82.60034394264221,0.8909602,0.8909384608268738,1.585065888320969e-06,0.8909381628036499,10.903978,10.906153917312622
2063,82.64068388938904,0.8909602,0.8909391164779663,2.895291800086852e-06,0.8909381628036499,10.903978,10.90608835220337
2064,82.67451405525208,0.8909636,0.8909403681755066,4.486185389396269e-06,0.8909381628036499,10.903639,10.90596318244934
2065,82.71636033058167,0.89099896,0.8909433484077454,7.425711373798549e-06,0.8909381628036499,10.9001045,10.905665159225464
2066,82.75795674324036,0.89100987,0.8909475207328796,1.1002830433426425e-05,0.8909415006637573,10.8990135,10.905247926712036
2067,82.82732200622559,0.8909829,0.8876208066940308,0.0027740788646042347,0.8814022541046143,10.901708,11.237919330596924
2068,82.86840558052063,0.8909829,0.8899837136268616,0.0008554745581932366,0.8883111476898193,10.901708,11.001628637313843
2069,82.90259218215942,0.89099777,0.8907435536384583,0.00021982939506415278,0.8902747631072998,10.900223,10.925644636154175
2070,82.94458413124084,0.8910048,0.8909322619438171,4.6565615775762126e-05,0.8908123970031738,10.89952,10.906773805618286
2071,82.98736047744751,0.8910048,0.8909668922424316,1.687264011707157e-05,0.8909415006637573,10.89952,10.903310775756836
2072,83.02186441421509,0.8910087,0.8909818530082703,1.2576613698911387e-05,0.890963613986969,10.899133,10.901814699172974
2073,83.06410932540894,0.89102536,0.8909922242164612,1.0063750778499525e-05,0.8909827470779419,10.897464,10.900777578353882
2074,83.10445284843445,0.8910323,0.8910014033317566,7.705056304985192e-06,0.8909896612167358,10.896772,10.89985966682434
2075,83.1454336643219,0.89104736,0.8910092115402222,1.0352892786613666e-05,0.8910011649131775,10.895264,10.899078845977783
2076,83.18425631523132,0.8910483,0.8910164833068848,1.4122535503702238e-05,0.8910048007965088,10.895168,10.898351669311523
2077,83.22551488876343,0.89104915,0.8910293579101562,1.249269007530529e-05,0.8910083174705505,10.895085,10.897064208984375
2078,83.2680733203888,0.89104915,0.8910409212112427,6.030232270859415e-06,0.8910298943519592,10.895085,10.895907878875732
2079,83.30316472053528,0.8910493,0.8910461664199829,1.6358255834347801e-06,0.8910437822341919,10.895067,10.895383358001709
2080,83.34553956985474,0.8910525,0.8910477757453918,1.4011305893291137e-06,0.8910452127456665,10.894752,10.895222425460815
2081,83.38801431655884,0.8910527,0.8910490274429321,1.0973196822305908e-06,0.8910483121871948,10.894728,10.895097255706787
2082,83.4325156211853,0.8910527,0.8910499811172485,1.476568741054507e-06,0.8910485506057739,10.894728,10.895001888275146
2083,83.4679172039032,0.8910527,0.8910509943962097,1.6729991330066696e-06,0.8910491466522217,10.894728,10.894900560379028
2084,83.50218057632446,0.8910614,0.8910524845123291,5.708575372409541e-07,0.8910524845123291,10.893858,10.89475154876709
2085,83.54248905181885,0.8910614,0.8910527229309082,9.226884003510349e-07,0.8910526633262634,10.893858,10.89472770690918
2086,83.57588338851929,0.891065,0.8910530209541321,2.0737004433613038e-06,0.8910527229309082,10.893499,10.894697904586792
2087,83.61662483215332,0.8911057,0.8910541534423828,4.785453711519949e-06,0.8910527229309082,10.889429,10.894584655761719
2088,83.65743970870972,0.8911057,0.8910563588142395,7.274594736372819e-06,0.8910527229309082,10.889429,10.89436411857605
2089,83.69220972061157,0.8911057,0.8910619616508484,1.1978874681517482e-05,0.8910527229309082,10.889429,10.893803834915161
2090,83.72607159614563,0.891118,0.8910703659057617,1.447491922590416e-05,0.8910614252090454,10.888201,10.892963409423828
2091,83.76816201210022,0.891118,0.8910788893699646,2.0251653040759265e-05,0.8910650014877319,10.888201,10.89211106300354
2092,83.80078959465027,0.891118,0.8910945653915405,2.093265538860578e-05,0.8910650014877319,10.888201,10.890543460845947
2093,83.83563160896301,0.891118,0.8911113142967224,5.272131602396257e-06,0.8911057114601135,10.888201,10.888868570327759
2094,83.8696551322937,0.891118,0.8911163806915283,1.6668458329149871e-06,0.8911146521568298,10.888201,10.888361930847168
2095,83.90271425247192,0.891118,0.891118049621582,5.960464477539063e-08,0.8911179900169373,10.888201,10.888195037841797
2096,83.93776297569275,0.891118,0.891118049621582,5.960464477539063e-08,0.8911179900169373,10.888201,10.888195037841797
2097,83.97441935539246,0.891118,0.891118049621582,5.960464477539063e-08,0.8911179900169373,10.888201,10.888195037841797
2098,84.00898861885071,0.89111966,0.891118049621582,1.1959932066929468e-07,0.8911179900169373,10.888034,10.888195037841797
2099,84.05118465423584,0.8911266,0.8911181092262268,5.589983516074426e-07,0.8911179900169373,10.887342,10.88818907737732
2100,84.09108257293701,0.8911284,0.8911184072494507,1.669356606726069e-06,0.8911179900169373,10.887157,10.888159275054932
2101,84.1320059299469,0.8911284,0.8911195397377014,3.1920967558107805e-06,0.8911179900169373,10.887157,10.888046026229858
2102,84.1665768623352,0.89113015,0.8911214470863342,4.3460649976623245e-06,0.8911179900169373,10.886985,10.887855291366577
2103,84.2096221446991,0.89113104,0.8911250829696655,4.057230398757383e-06,0.891118586063385,10.886896,10.887491703033447
2104,84.25305247306824,0.89113104,0.891128659248352,1.0539995400904445e-06,0.8911265730857849,10.886896,10.887134075164795
2105,84.28854942321777,0.89113104,0.8911292552947998,1.0204986438111519e-06,0.891128420829773,10.886896,10.88707447052002
2106,84.32280325889587,0.89113104,0.891130268573761,7.710387421866471e-07,0.891128420829773,10.886896,10.886973142623901
2107,84.35648322105408,0.89117205,0.8911309838294983,2.540693003538763e-06,0.8911303281784058,10.882795,10.886901617050171
2108,84.39888548851013,0.89117205,0.8911315202713013,4.312247256166302e-06,0.8911310434341431,10.882795,10.886847972869873
2109,84.43275022506714,0.89117205,0.8911330699920654,8.617010280431714e-06,0.8911310434341431,10.882795,10.886693000793457
2110,84.46607780456543,0.89118123,0.8911370038986206,1.432736280548852e-05,0.8911310434341431,10.881877,10.88629961013794
2111,84.5065085887909,0.89118123,0.8911446928977966,1.9583749235607684e-05,0.8911310434341431,10.881877,10.885530710220337
2112,84.53874468803406,0.89118814,0.8911592960357666,1.9893148419214413e-05,0.8911314010620117,10.881186,10.88407039642334
2113,84.57845711708069,0.89123297,0.8911759257316589,9.210299140249845e-06,0.8911717534065247,10.876703,10.882407426834106
2114,84.61840963363647,0.8912493,0.8911826610565186,1.6439818864455447e-05,0.8911720514297485,10.875071,10.881733894348145
2115,84.66055154800415,0.8912493,0.8911948204040527,2.138073068636004e-05,0.8911800980567932,10.875071,10.880517959594727
2116,84.69499850273132,0.89125735,0.8912148475646973,2.257103187730536e-05,0.8911815285682678,10.874266,10.878515243530273
2117,84.73533821105957,0.89125735,0.8912349939346313,7.42144902687869e-06,0.8912287950515747,10.874266,10.876500606536865
2118,84.77004981040955,0.89125764,0.8912409543991089,7.990044650796335e-06,0.891232967376709,10.874235,10.875904560089111
2119,84.81184387207031,0.89125764,0.8912487030029297,4.594393885781756e-06,0.8912407755851746,10.874235,10.875129699707031
2120,84.84611392021179,0.89125764,0.8912520408630371,3.73494276573183e-06,0.8912492990493774,10.874235,10.874795913696289
2121,84.87998056411743,0.8912693,0.8912550210952759,3.681634780150489e-06,0.8912495970726013,10.873068,10.874497890472412
2122,84.92131876945496,0.8912696,0.8912579417228699,2.060317228824715e-06,0.8912573456764221,10.873037,10.874205827713013
2123,84.9624297618866,0.8912696,0.891258955001831,3.5722953271033475e-06,0.891257643699646,10.873037,10.874104499816895
2124,84.99714016914368,0.8912696,0.8912606239318848,4.9045447667595e-06,0.891257643699646,10.873037,10.873937606811523
2125,85.03275990486145,0.8912696,0.8912636637687683,5.581863206316484e-06,0.891257643699646,10.873037,10.873633623123169
2126,85.06652355194092,0.8912696,0.8912689089775085,2.007134980885894e-06,0.8912615776062012,10.873037,10.873109102249146
2127,85.100426197052,0.8912696,0.8912695050239563,1.1920928955078125e-07,0.8912696242332458,10.873037,10.87304949760437
2128,85.13332557678223,0.8912696,0.8912695050239563,1.1920928955078125e-07,0.8912696242332458,10.873037,10.87304949760437
2129,85.1668758392334,0.89127916,0.8912695646286011,5.902925863665587e-07,0.8912696242332458,10.872084,10.873043537139893
2130,85.20705986022949,0.89127916,0.8912697434425354,1.4166594155540224e-06,0.8912696242332458,10.872084,10.87302565574646
2131,85.23888659477234,0.89128023,0.8912703990936279,2.7422577204561094e-06,0.8912696242332458,10.871977,10.872960090637207
2132,85.27951407432556,0.89128023,0.8912715911865234,4.033654931845376e-06,0.8912696242332458,10.871977,10.872840881347656
2133,85.31318664550781,0.89128023,0.891273558139801,4.94382447868702e-06,0.8912696242332458,10.871977,10.872644186019897
2134,85.34934854507446,0.89128023,0.8912778496742249,3.959470632253215e-06,0.8912696242332458,10.871977,10.872215032577515
2135,85.38496828079224,0.89128023,0.8912802338600159,5.651062195966006e-08,0.8912801146507263,10.871977,10.871976613998413
2136,85.41986465454102,0.8912936,0.8912802934646606,8.156197850439639e-07,0.8912802338600159,10.870642,10.871970653533936
2137,85.46154141426086,0.8912936,0.8912803530693054,1.1513707249832805e-06,0.8912802338600159,10.870642,10.871964693069458
2138,85.4956922531128,0.8912936,0.8912805914878845,2.1426178591354983e-06,0.8912802338600159,10.870642,10.871940851211548
2139,85.52911329269409,0.8912936,0.8912814259529114,3.75775016436819e-06,0.8912802338600159,10.870642,10.871857404708862
2140,85.56260466575623,0.89129543,0.8912831544876099,5.358483576856088e-06,0.8912802338600159,10.870457,10.871684551239014
2141,85.60404896736145,0.8912992,0.8912860751152039,6.478946488641668e-06,0.8912802338600159,10.870081,10.871392488479614
2142,85.64504718780518,0.8912992,0.8912922739982605,3.6626620385504793e-06,0.8912802338600159,10.870081,10.87077260017395
2143,85.6799864768982,0.89130044,0.8912943005561829,1.7210496707775746e-06,0.8912935853004456,10.869956,10.870569944381714
2144,85.72221159934998,0.89130044,0.8912952542304993,2.3076088382367743e-06,0.8912935853004456,10.869956,10.870474576950073
2145,85.75671672821045,0.89130104,0.8912971019744873,2.3370248527498916e-06,0.8912935853004456,10.869896,10.87028980255127
2146,85.82669067382812,0.8913043,0.8878974914550781,0.0027203084900975227,0.881869912147522,10.869569,11.210250854492188
2147,85.86901617050171,0.8913043,0.8903282284736633,0.0007489002891816199,0.8886957168579102,10.869569,10.967177152633667
2148,85.90230393409729,0.89130837,0.8909717798233032,0.0002986654872074723,0.8903708457946777,10.8691635,10.902822017669678
2149,85.94309401512146,0.8913099,0.8912277817726135,7.60674593038857e-05,0.8910818099975586,10.869008,10.877221822738647
2150,85.98568749427795,0.8913099,0.8912894129753113,1.5915720723569393e-05,0.8912546634674072,10.869008,10.871058702468872
2151,86.0208728313446,0.8913133,0.8913034796714783,4.956192242389079e-06,0.89128577709198,10.868669,10.869652032852173
2152,86.06263709068298,0.8913133,0.8913073539733887,2.085885171254631e-06,0.8913043141365051,10.868669,10.869264602661133
2153,86.09701156616211,0.8913168,0.8913091421127319,1.1975774896200164e-06,0.891308069229126,10.868322,10.869085788726807
2154,86.13861632347107,0.8913168,0.8913102149963379,1.275908061870723e-06,0.891309916973114,10.868322,10.868978500366211
2155,86.17215776443481,0.8913168,0.8913109302520752,2.1032089989603264e-06,0.891309916973114,10.868322,10.86890697479248
2156,86.20588302612305,0.8913168,0.891312301158905,2.8586046028067358e-06,0.891309916973114,10.868322,10.868769884109497
2157,86.23963856697083,0.8913168,0.8913149237632751,2.200506514782319e-06,0.891309916973114,10.868322,10.868507623672485
2158,86.27465224266052,0.8913168,0.8913164734840393,5.664820150741434e-07,0.8913151621818542,10.868322,10.86835265159607
2159,86.30876183509827,0.8913168,0.8913167119026184,5.960464477539063e-08,0.8913167715072632,10.868322,10.86832880973816
2160,86.34306049346924,0.8913168,0.8913167119026184,5.960464477539063e-08,0.8913167715072632,10.868322,10.86832880973816
2161,86.379465341568,0.89133054,0.891316831111908,8.410880809606169e-07,0.8913167715072632,10.866946,10.868316888809204
2162,86.42083239555359,0.89133054,0.8913168907165527,1.4516879218717804e-06,0.8913167715072632,10.866946,10.868310928344727
2163,86.45401120185852,0.89133054,0.8913173079490662,2.614334107420291e-06,0.8913167715072632,10.866946,10.868269205093384
2164,86.48774600028992,0.89133054,0.8913183808326721,4.441544660949148e-06,0.8913167715072632,10.866946,10.868161916732788
2165,86.52200198173523,0.89133054,0.8913202881813049,5.9820654314535204e-06,0.8913167715072632,10.866946,10.867971181869507
2166,86.55540680885315,0.89133054,0.8913237452507019,6.882659818074899e-06,0.8913167715072632,10.866946,10.86762547492981
2167,86.58991265296936,0.8913848,0.8913307785987854,3.313413571959245e-06,0.8913305401802063,10.861522,10.86692214012146
2168,86.63107919692993,0.8913848,0.8913310170173645,4.677325250668218e-06,0.8913305401802063,10.861522,10.86689829826355
2169,86.66546034812927,0.8913848,0.89133220911026,9.248023161489982e-06,0.8913305401802063,10.861522,10.866779088973999
2170,86.70001006126404,0.8913848,0.8913357257843018,1.5792113117640838e-05,0.8913305401802063,10.861522,10.866427421569824
2171,86.73411107063293,0.8913848,0.8913422226905823,2.219725320173893e-05,0.8913305401802063,10.861522,10.865777730941772
2172,86.76957726478577,0.8913848,0.8913540840148926,2.6782528948388062e-05,0.8913305401802063,10.861522,10.864591598510742
2173,86.80364418029785,0.8913848,0.8913776874542236,1.794590389181394e-05,0.8913305401802063,10.861522,10.862231254577637
2174,86.83733558654785,0.89139014,0.8913848996162415,6.209207867868827e-07,0.8913847804069519,10.860986,10.861510038375854
2175,86.87774300575256,0.89139014,0.8913852572441101,1.37653205456445e-06,0.8913847804069519,10.860986,10.86147427558899
2176,86.91184115409851,0.89139014,0.8913858532905579,2.0582560864568222e-06,0.8913847804069519,10.860986,10.861414670944214
2177,86.94413733482361,0.89139014,0.8913870453834534,2.549481450841995e-06,0.8913847804069519,10.860986,10.861295461654663
2178,86.9791247844696,0.89139014,0.8913892507553101,1.6547600125704776e-06,0.8913847804069519,10.860986,10.861074924468994
2179,87.01449799537659,0.89139014,0.8913900256156921,1.0759301716234404e-07,0.8913900852203369,10.860986,10.860997438430786
2180,87.048269033432,0.89139014,0.8913900852203369,5.960464477539063e-08,0.8913901448249817,10.860986,10.860991477966309
2181,87.08099150657654,0.89139014,0.8913900852203369,5.960464477539063e-08,0.8913901448249817,10.860986,10.860991477966309
2182,87.1148087978363,0.89139014,0.8913900852203369,5.960464477539063e-08,0.8913901448249817,10.860986,10.860991477966309
2183,87.1485345363617,0.89139014,0.8913900852203369,5.960464477539063e-08,0.8913901448249817,10.860986,10.860991477966309
2184,87.1826241016388,0.89139014,0.8913900852203369,5.960464477539063e-08,0.8913901448249817,10.860986,10.860991477966309
2185,87.21622037887573,0.89139014,0.8913900852203369,5.960464477539063e-08,0.8913901448249817,10.860986,10.860991477966309
2186,87.24903154373169,0.89139014,0.8913900852203369,5.960464477539063e-08,0.8913901448249817,10.860986,10.860991477966309
2187,87.2824592590332,0.89139014,0.8913900852203369,5.960464477539063e-08,0.8913901448249817,10.860986,10.860991477966309
2188,87.31643152236938,0.89139014,0.8913900852203369,5.960464477539063e-08,0.8913901448249817,10.860986,10.860991477966309
2189,87.34932088851929,0.89139014,0.8913900852203369,5.960464477539063e-08,0.8913901448249817,10.860986,10.860991477966309
2190,87.38376379013062,0.89139014,0.8913900852203369,5.960464477539063e-08,0.8913901448249817,10.860986,10.860991477966309
2191,87.41694521903992,0.89139014,0.8913900852203369,5.960464477539063e-08,0.8913901448249817,10.860986,10.860991477966309
2192,87.45027804374695,0.89139014,0.8913900852203369,5.960464477539063e-08,0.8913901448249817,10.860986,10.860991477966309
2193,87.4843864440918,0.89139014,0.8913900852203369,5.960464477539063e-08,0.8913901448249817,10.860986,10.860991477966309
2194,87.518714427948,0.89139014,0.8913900852203369,5.960464477539063e-08,0.8913901448249817,10.860986,10.860991477966309
2195,87.55381488800049,0.89139014,0.8913900852203369,5.960464477539063e-08,0.8913901448249817,10.860986,10.860991477966309
2196,87.588632106781,0.89139014,0.8913900852203369,5.960464477539063e-08,0.8913901448249817,10.860986,10.860991477966309
2197,87.62353372573853,0.8914073,0.8913901448249817,1.0505505088076461e-06,0.8913901448249817,10.859269,10.860985517501831
2198,87.66430568695068,0.8914073,0.8913902044296265,1.4817345572737395e-06,0.8913901448249817,10.859269,10.860979557037354
2199,87.6983277797699,0.8914077,0.8913907408714294,3.2676975934009533e-06,0.8913901448249817,10.859227,10.860925912857056
2200,87.74027705192566,0.89141536,0.8913922905921936,5.843618055223487e-06,0.8913901448249817,10.858464,10.86077094078064
2201,87.78113651275635,0.89141536,0.891395092010498,7.987212484295014e-06,0.8913901448249817,10.858464,10.860490798950195
2202,87.81464099884033,0.89141536,0.8913997411727905,9.161596608464606e-06,0.8913901448249817,10.858464,10.860025882720947
2203,87.84937453269958,0.89142704,0.8914088010787964,2.9685238587262575e-06,0.891407310962677,10.857296,10.859119892120361
2204,87.8902657032013,0.89142704,0.8914106488227844,4.987730790162459e-06,0.8914077281951904,10.857296,10.858935117721558
2205,87.92477798461914,0.89143556,0.8914140462875366,6.843366918474203e-06,0.8914077281951904,10.856443,10.858595371246338
2206,87.96715235710144,0.89143556,0.8914201855659485,5.919532668485772e-06,0.8914153575897217,10.856443,10.857981443405151
2207,88.00118350982666,0.8914535,0.8914247155189514,5.752326160290977e-06,0.8914153575897217,10.85465,10.857528448104858
2208,88.04547786712646,0.8914535,0.89142906665802,5.72569842915982e-06,0.8914270401000977,10.85465,10.857093334197998
2209,88.07931280136108,0.8914656,0.8914319276809692,8.82647236721823e-06,0.8914270401000977,10.853439,10.856807231903076
2210,88.12160444259644,0.89147615,0.8914381265640259,1.1601516234804876e-05,0.8914270401000977,10.852385,10.856187343597412
2211,88.16411018371582,0.89147615,0.8914483785629272,1.0498823030502535e-05,0.8914355635643005,10.852385,10.855162143707275
2212,88.19908452033997,0.8914849,0.8914569616317749,7.07347226125421e-06,0.8914535045623779,10.851508,10.85430383682251
2213,88.24800515174866,0.8914851,0.8914610743522644,9.42462884268025e-06,0.8914535045623779,10.85149,10.85389256477356
2214,88.29350757598877,0.8914851,0.8914690017700195,8.651479220134206e-06,0.8914535045623779,10.85149,10.853099822998047
2215,88.3272762298584,0.89148825,0.8914765119552612,4.337268364906777e-06,0.8914734721183777,10.851174,10.852348804473877
2216,88.36801362037659,0.89148825,0.8914800882339478,4.604374225891661e-06,0.8914734721183777,10.851174,10.851991176605225
2217,88.40288138389587,0.89148825,0.8914844989776611,2.4196403956011636e-06,0.8914796710014343,10.851174,10.851550102233887
2218,88.43859338760376,0.89148825,0.891486644744873,1.6312906154780649e-06,0.8914849162101746,10.851174,10.851335525512695
2219,88.47295141220093,0.8915001,0.8914881944656372,7.319707151509647e-07,0.891488254070282,10.849989,10.85118055343628
2220,88.51413679122925,0.8915001,0.8914883136749268,1.4457177712756675e-06,0.891488254070282,10.849989,10.851168632507324
2221,88.54776072502136,0.8915001,0.8914889693260193,2.948312385342433e-06,0.891488254070282,10.849989,10.851103067398071
2222,88.58142066001892,0.8915001,0.8914905786514282,4.5937240429339e-06,0.891488254070282,10.849989,10.850942134857178
2223,88.6148784160614,0.8915001,0.8914932012557983,5.555742518481566e-06,0.891488254070282,10.849989,10.850679874420166
2224,88.64947605133057,0.8915006,0.8914982080459595,3.505213499011006e-06,0.8914896845817566,10.849941,10.850179195404053
2225,88.68949174880981,0.8915107,0.8915002346038818,7.997550710570067e-07,0.8915001153945923,10.8489275,10.849976539611816
2226,88.73074746131897,0.8915107,0.8915005326271057,1.6193440615097643e-06,0.8915001153945923,10.8489275,10.849946737289429
2227,88.76508903503418,0.8915107,0.8915014266967773,2.843378069883329e-06,0.8915001153945923,10.8489275,10.849857330322266
2228,88.79908847808838,0.8915123,0.8915030360221863,3.83197993869544e-06,0.8915001153945923,10.848772,10.849696397781372
2229,88.84108233451843,0.8915123,0.8915061354637146,3.6585572615877027e-06,0.8915011882781982,10.848772,10.84938645362854
2230,88.87554001808167,0.8915123,0.8915095329284668,1.6446375639134203e-06,0.8915061354637146,10.848772,10.84904670715332
2231,88.90907907485962,0.8915123,0.8915110230445862,7.62736419801513e-07,0.8915098905563354,10.848772,10.848897695541382
2232,88.94452834129333,0.8915224,0.8915116786956787,1.0225990081380587e-06,0.8915107250213623,10.847759,10.848832130432129
2233,88.98927021026611,0.8915227,0.8915125131607056,1.5466912373085506e-06,0.8915122747421265,10.84773,10.848748683929443
2234,89.03050947189331,0.89152426,0.8915134072303772,3.104027427980327e-06,0.8915122747421265,10.847574,10.84865927696228
2235,89.07160329818726,0.891526,0.8915148973464966,4.601196906151017e-06,0.8915122747421265,10.847402,10.848510265350342
2236,89.11372065544128,0.8915262,0.8915178775787354,5.410362973634619e-06,0.8915122747421265,10.847378,10.848212242126465
2237,89.15583443641663,0.89152795,0.891523540019989,2.6894012989941984e-06,0.8915140628814697,10.847205,10.847645998001099
2238,89.19740176200867,0.89152795,0.8915249705314636,8.986640409602842e-07,0.8915242552757263,10.847205,10.847502946853638
2239,89.2320806980133,0.8915327,0.8915257453918457,9.836439858190715e-07,0.8915242552757263,10.846728,10.84742546081543
2240,89.27396726608276,0.8915327,0.891526460647583,1.0064901516670943e-06,0.8915259838104248,10.846728,10.8473539352417
2241,89.3087260723114,0.8915348,0.8915271162986755,1.7709342046146048e-06,0.8915259838104248,10.846519,10.847288370132446
2242,89.35036206245422,0.89153844,0.8915287256240845,2.8264221327845007e-06,0.8915262222290039,10.846156,10.847127437591553
2243,89.39350461959839,0.89153844,0.8915308117866516,3.5946570733358385e-06,0.8915279507637024,10.846156,10.846918821334839
2244,89.42766761779785,0.89153844,0.8915342092514038,3.221349288651254e-06,0.8915279507637024,10.846156,10.84657907485962
2245,89.4612226486206,0.89153844,0.8915367722511292,1.52602001435298e-06,0.8915346264839172,10.846156,10.846322774887085
2246,89.49531078338623,0.89153844,0.891538143157959,7.360720815086097e-07,0.8915367126464844,10.846156,10.846185684204102
2247,89.53033804893494,0.89153844,0.8915385603904724,1.1920928955078125e-07,0.8915384411811829,10.846156,10.846143960952759
2248,89.56404376029968,0.89153844,0.8915385603904724,1.1920928955078125e-07,0.8915384411811829,10.846156,10.846143960952759
2249,89.59874892234802,0.89153844,0.8915385603904724,1.1920928955078125e-07,0.8915384411811829,10.846156,10.846143960952759
2250,89.63224768638611,0.89153844,0.8915385603904724,1.1920928955078125e-07,0.8915384411811829,10.846156,10.846143960952759
2251,89.66820049285889,0.89153844,0.8915385603904724,1.1920928955078125e-07,0.8915384411811829,10.846156,10.846143960952759
2252,89.70273065567017,0.89153844,0.8915385603904724,1.1920928955078125e-07,0.8915384411811829,10.846156,10.846143960952759
2253,89.73645091056824,0.89153934,0.8915385603904724,1.2808727944957354e-07,0.8915384411811829,10.846066,10.846143960952759
2254,89.77791833877563,0.8915837,0.8915387392044067,2.7669798328133766e-06,0.8915384411811829,10.841632,10.846126079559326
2255,89.82051086425781,0.89158845,0.8915395140647888,6.267440767260268e-06,0.8915384411811829,10.841155,10.846048593521118
2256,89.86680960655212,0.89158845,0.8915421366691589,1.1913132766494527e-05,0.8915384411811829,10.841155,10.845786333084106
2257,89.90024065971375,0.89158845,0.8915470242500305,1.716426049824804e-05,0.8915384411811829,10.841155,10.845297574996948
2258,89.93356418609619,0.89163,0.8915572166442871,2.165562727896031e-05,0.8915384411811829,10.837001,10.844278335571289
2259,89.97519779205322,0.89163,0.8915761709213257,1.7349026165902615e-05,0.8915417194366455,10.837001,10.842382907867432
2260,90.01142430305481,0.8916316,0.891589343547821,1.256706309504807e-05,0.8915808796882629,10.83684,10.841065645217896
2261,90.05357956886292,0.89163357,0.891598105430603,1.70432758750394e-05,0.8915836811065674,10.836643,10.840189456939697
2262,90.09450221061707,0.89164746,0.8916139006614685,1.6226917068706825e-05,0.8915884494781494,10.835255,10.83860993385315
2263,90.13550639152527,0.8916544,0.8916290998458862,5.808695732412161e-06,0.8916141390800476,10.834562,10.837090015411377
2264,90.17568922042847,0.89167136,0.8916333317756653,6.365544322761707e-06,0.8916299939155579,10.832864,10.836666822433472
2265,90.21704316139221,0.89167523,0.8916381597518921,1.0597132131806575e-05,0.891631007194519,10.832477,10.836184024810791
2266,90.26498174667358,0.89170325,0.8916457891464233,1.4713117707287893e-05,0.8916333317756653,10.829676,10.835421085357666
2267,90.30796360969543,0.8917053,0.891660749912262,1.5593097486998886e-05,0.8916407823562622,10.829473,10.833925008773804
2268,90.35242772102356,0.891713,0.8916766047477722,1.2583659554366022e-05,0.8916549682617188,10.828697,10.832339525222778
2269,90.39376711845398,0.891713,0.8916851282119751,1.3131312698533293e-05,0.8916745781898499,10.828697,10.83148717880249
2270,90.42920351028442,0.891713,0.8916953802108765,1.3362049685383681e-05,0.8916775584220886,10.828697,10.830461978912354
2271,90.46367979049683,0.8917139,0.8917065262794495,2.6306033760192804e-06,0.8917032480239868,10.8286085,10.829347372055054
2272,90.50579619407654,0.89171445,0.8917089104652405,2.5276201540691545e-06,0.8917071223258972,10.828554,10.829108953475952
2273,90.54788374900818,0.8917257,0.8917107582092285,2.977140866278205e-06,0.8917075991630554,10.827428,10.828924179077148
2274,90.58879566192627,0.8917257,0.891713559627533,1.7059770698324428e-06,0.8917115926742554,10.827428,10.828644037246704
2275,90.62259650230408,0.8917473,0.8917152285575867,4.563850325212115e-06,0.89171302318573,10.825271,10.828477144241333
2276,90.66416764259338,0.8917569,0.8917180895805359,7.4418276199139655e-06,0.8917139172554016,10.82431,10.828191041946411
2277,90.70482587814331,0.89190054,0.8917242884635925,1.548951149743516e-05,0.8917139172554016,10.809946,10.827571153640747
2278,90.74536180496216,0.89190054,0.8917351961135864,1.7594931705389172e-05,0.8917257189750671,10.809946,10.826480388641357
2279,90.7806248664856,0.8919172,0.8917457461357117,3.1373336241813377e-05,0.8917319178581238,10.808277,10.825425386428833
2280,90.82156682014465,0.8919172,0.8917670249938965,4.941095903632231e-05,0.8917324542999268,10.808277,10.823297500610352
2281,90.85501074790955,0.89196026,0.891804039478302,6.348926399368793e-05,0.8917568922042847,10.803974,10.8195960521698
2282,90.89574313163757,0.89196026,0.8918540477752686,7.204318535514176e-05,0.8917754888534546,10.803974,10.814595222473145
2283,90.92940044403076,0.89202833,0.8919293880462646,2.5866162104648538e-05,0.8918823599815369,10.797167,10.807061195373535
2284,90.97157216072083,0.89202833,0.8919519782066345,2.0307712475187145e-05,0.8919172286987305,10.797167,10.804802179336548
2285,91.00739073753357,0.89202833,0.8919678330421448,1.706656075839419e-05,0.8919602632522583,10.797167,10.803216695785522
2286,91.04216074943542,0.8920689,0.8919786214828491,2.451019645377528e-05,0.8919602632522583,10.793108,10.802137851715088
2287,91.08421516418457,0.8920786,0.8920012712478638,2.495346598152537e-05,0.8919703364372253,10.792142,10.799872875213623
2288,91.12702131271362,0.8920786,0.8920257687568665,1.836075898609124e-05,0.8919957876205444,10.792142,10.797423124313354
2289,91.16248416900635,0.8920797,0.8920403718948364,1.7963351638172753e-05,0.8920283317565918,10.792028,10.795962810516357
2290,91.20427799224854,0.8921192,0.8920537233352661,1.8971302779391408e-05,0.8920283317565918,10.788077,10.794627666473389
2291,91.2469174861908,0.8921192,0.8920714259147644,1.2554475688375533e-05,0.8920431137084961,10.788077,10.79285740852356
2292,91.28263354301453,0.8921192,0.8920813798904419,1.0043711881735362e-05,0.8920778036117554,10.788077,10.79186201095581
2293,91.31616282463074,0.8921241,0.892086386680603,1.5071366760821547e-05,0.8920785784721375,10.787588,10.791361331939697
2294,91.35697746276855,0.8921241,0.8920939564704895,1.8334281776333228e-05,0.8920785784721375,10.787588,10.79060435295105
2295,91.3911783695221,0.8921241,0.8921096324920654,1.5445761164301075e-05,0.8920804262161255,10.787588,10.789036750793457
2296,91.4254367351532,0.89213276,0.8921210765838623,2.2973265458858805e-06,0.8921192288398743,10.786724,10.78789234161377
2297,91.46590113639832,0.89220333,0.8921234607696533,5.503203738044249e-06,0.8921192288398743,10.779667,10.787653923034668
2298,91.50605082511902,0.89220333,0.8921260833740234,9.193085134029388e-06,0.8921233415603638,10.779667,10.787391662597656
2299,91.53949642181396,0.8922082,0.8921327590942383,1.962993701454252e-05,0.8921241164207458,10.779179,10.786724090576172
2300,91.58225774765015,0.89221865,0.8921452164649963,2.8325626772129908e-05,0.8921253085136414,10.778135,10.785478353500366
2301,91.62436556816101,0.89221936,0.8921626806259155,3.393969018361531e-05,0.8921327590942383,10.778064,10.783731937408447
2302,91.66533756256104,0.89222836,0.8921955823898315,2.3148575564846396e-05,0.8921352624893188,10.7771635,10.780441761016846
2303,91.70555114746094,0.89222836,0.8922128081321716,6.080129423935432e-06,0.8922033309936523,10.7771635,10.778719186782837
2304,91.77144026756287,0.8923186,0.8884516954421997,0.0030645295046269894,0.8821115493774414,10.768139,11.15483045578003
2305,91.81667995452881,0.8923186,0.8911718130111694,0.000880724866874516,0.8894294500350952,10.768139,10.882818698883057
2306,91.85090160369873,0.8923186,0.8919655084609985,0.0002795840846374631,0.8913328647613525,10.768139,10.803449153900146
2307,91.88459491729736,0.8923318,0.8922101855278015,6.527394725708291e-05,0.8920670747756958,10.766822,10.778981447219849
2308,91.92667484283447,0.8923318,0.8922673463821411,4.403596176416613e-05,0.8921946287155151,10.766822,10.773265361785889
2309,91.96178221702576,0.8923318,0.8923055529594421,2.2722120775142685e-05,0.8922593593597412,10.766822,10.769444704055786
2310,91.99651527404785,0.8923318,0.892320990562439,5.039975803811103e-06,0.892318606376648,10.766822,10.767900943756104
2311,92.03059720993042,0.8923318,0.8923236727714539,6.364211003528908e-06,0.892318606376648,10.766822,10.767632722854614
2312,92.06392455101013,0.8923318,0.8923290371894836,5.309489552018931e-06,0.892318606376648,10.766822,10.767096281051636
2313,92.09801483154297,0.8923318,0.8923318386077881,5.960464477539063e-08,0.8923317790031433,10.766822,10.766816139221191
2314,92.13270902633667,0.8923318,0.8923318386077881,5.960464477539063e-08,0.8923317790031433,10.766822,10.766816139221191
2315,92.16607785224915,0.8923318,0.8923318386077881,5.960464477539063e-08,0.8923317790031433,10.766822,10.766816139221191
2316,92.20196771621704,0.89236,0.8923318982124329,1.7222031374330982e-06,0.8923317790031433,10.764003,10.766810178756714
2317,92.25633072853088,0.89237267,0.8923324346542358,4.589906893670559e-06,0.8923317790031433,10.762733,10.766756534576416
2318,92.3070456981659,0.89237267,0.8923343420028687,8.940370207710657e-06,0.8923317790031433,10.762733,10.766565799713135
2319,92.34197735786438,0.89237267,0.8923382759094238,1.3488083823176567e-05,0.8923317790031433,10.762733,10.766172409057617
2320,92.37667655944824,0.89237267,0.8923463821411133,1.6953630620264448e-05,0.8923317790031433,10.762733,10.765361785888672
2321,92.40905594825745,0.89238834,0.8923623561859131,1.1337262549204752e-05,0.8923416137695312,10.761166,10.763764381408691
2322,92.45004057884216,0.8923927,0.8923719525337219,3.3271353458985686e-06,0.8923656940460205,10.760731,10.762804746627808
2323,92.49085474014282,0.8923927,0.8923740386962891,4.268147677066736e-06,0.8923726677894592,10.760731,10.762596130371094
2324,92.52432584762573,0.8923927,0.8923761248588562,6.639940238528652e-06,0.8923726677894592,10.760731,10.76238751411438
2325,92.55810737609863,0.8923927,0.8923801183700562,8.464669008390047e-06,0.8923726677894592,10.760731,10.761988162994385
2326,92.594801902771,0.8923927,0.8923882842063904,5.273072929412592e-06,0.8923726677894592,10.760731,10.761171579360962
2327,92.62975716590881,0.8924327,0.8923923373222351,2.8543354346766137e-06,0.8923883438110352,10.756731,10.76076626777649
2328,92.67257356643677,0.8924327,0.8923931121826172,3.4952497571794083e-06,0.8923926949501038,10.756731,10.760688781738281
2329,92.70619130134583,0.8924567,0.8923938870429993,6.699072400806472e-06,0.8923926949501038,10.754329,10.760611295700073
2330,92.74746251106262,0.8924906,0.8923971056938171,1.4244749763747677e-05,0.8923926949501038,10.750937,10.760289430618286
2331,92.78893518447876,0.8924906,0.8924040198326111,2.3912873075460084e-05,0.8923926949501038,10.750937,10.759598016738892
2332,92.82412815093994,0.8924906,0.8924190402030945,3.275640119682066e-05,0.8923926949501038,10.750937,10.758095979690552
2333,92.8576455116272,0.8924907,0.8924494385719299,2.794215288304258e-05,0.8923927545547485,10.750932,10.755056142807007
2334,92.89808249473572,0.89250016,0.8924728631973267,1.4432057469093706e-05,0.8924567103385925,10.749984,10.752713680267334
2335,92.94087791442871,0.8925005,0.892486572265625,5.251994025456952e-06,0.8924744129180908,10.7499485,10.7513427734375
2336,92.98369097709656,0.89250064,0.8924911022186279,2.212243771282374e-06,0.8924906253814697,10.749936,10.750889778137207
2337,93.02705812454224,0.89250064,0.8924922347068787,3.6212325085216435e-06,0.8924906253814697,10.749936,10.750776529312134
2338,93.06214714050293,0.8925102,0.8924944400787354,4.827540578844491e-06,0.8924906253814697,10.748982,10.750555992126465
2339,93.10426497459412,0.89251703,0.8924989700317383,4.756819635076681e-06,0.8924908638000488,10.748297,10.750102996826172
2340,93.14489817619324,0.8925405,0.8925025463104248,4.6142367864376865e-06,0.8925001621246338,10.745949,10.74974536895752
2341,93.18646025657654,0.8925405,0.8925060033798218,7.053714853100246e-06,0.892500638961792,10.745949,10.749399662017822
2342,93.22063422203064,0.8925497,0.8925129175186157,9.212268196279183e-06,0.8925012350082397,10.74503,10.748708248138428
2343,93.26452422142029,0.89256907,0.8925182223320007,1.3407185178948566e-05,0.892510175704956,10.7430935,10.748177766799927
2344,93.30416107177734,0.8925983,0.8925282955169678,1.7443046090193093e-05,0.892510175704956,10.740173,10.747170448303223
2345,93.34288835525513,0.8926388,0.8925468921661377,1.65152559929993e-05,0.8925262093544006,10.73612,10.74531078338623
2346,93.38276553153992,0.89270633,0.8925641775131226,3.276081770309247e-05,0.8925405144691467,10.729366,10.743582248687744
2347,93.4251983165741,0.89270633,0.8925883173942566,4.320060179452412e-05,0.8925496935844421,10.729366,10.74116826057434
2348,93.45917677879333,0.8927227,0.8926291465759277,3.972799822804518e-05,0.8925690650939941,10.727728,10.737085342407227
2349,93.50223207473755,0.8927227,0.8926674127578735,2.6628124032868072e-05,0.8926230669021606,10.727728,10.733258724212646
2350,93.53665924072266,0.8927228,0.8926897644996643,2.057960955426097e-05,0.892666220664978,10.727721,10.73102355003357
2351,93.57897138595581,0.8927228,0.8927091360092163,1.0902136637014337e-05,0.8926823735237122,10.727721,10.72908639907837
2352,93.6129789352417,0.8927228,0.8927173614501953,7.058014944050228e-06,0.8927063345909119,10.727721,10.728263854980469
2353,93.64697527885437,0.8927228,0.8927226066589355,1.4774492740343703e-07,0.8927224278450012,10.727721,10.727739334106445
2354,93.68191933631897,0.89272285,0.8927228450775146,9.533115274962256e-08,0.8927227258682251,10.7277155,10.727715492248535
2355,93.72291827201843,0.89272285,0.8927228450775146,6.010483133422895e-08,0.8927227258682251,10.7277155,10.727715492248535
2356,93.75723028182983,0.89273304,0.8927228450775146,6.566346542058454e-07,0.8927227854728699,10.726696,10.727715492248535
2357,93.79970407485962,0.8927336,0.892723023891449,1.1496792922116583e-06,0.8927227854728699,10.726643,10.727697610855103
2358,93.84114122390747,0.8927336,0.8927234411239624,2.1453486169775715e-06,0.8927227854728699,10.726643,10.72765588760376
2359,93.87564206123352,0.89273363,0.8927244544029236,3.4218753626191756e-06,0.8927227854728699,10.726637,10.727554559707642
2360,93.92081832885742,0.8927368,0.892726480960846,4.546656327875098e-06,0.8927228450775146,10.72632,10.727351903915405
2361,93.9631736278534,0.8927368,0.8927300572395325,4.186271780781681e-06,0.8927229046821594,10.72632,10.726994276046753
2362,93.99825429916382,0.8927369,0.8927339315414429,1.0312639915355248e-06,0.8927330374717712,10.726309,10.726606845855713
2363,94.03855013847351,0.8927706,0.8927344679832458,2.5946494588424684e-06,0.8927335739135742,10.722941,10.726553201675415
2364,94.08026075363159,0.8927706,0.8927355408668518,3.407840267755091e-06,0.8927336931228638,10.722941,10.72644591331482
2365,94.1159086227417,0.89277875,0.8927382826805115,6.72196119921864e-06,0.8927363753318787,10.722124,10.726171731948853
2366,94.15655279159546,0.89277875,0.8927412629127502,1.1228623407077976e-05,0.8927367925643921,10.722124,10.725873708724976
2367,94.19095230102539,0.8927848,0.8927471041679382,1.5455039829248562e-05,0.8927369117736816,10.721522,10.725289583206177
2368,94.23270177841187,0.8927848,0.892758846282959,1.6359606888727285e-05,0.8927371501922607,10.721522,10.724115371704102
2369,94.26851963996887,0.8927855,0.8927738070487976,4.743140834762016e-06,0.8927665948867798,10.721451,10.72261929512024
2370,94.3095269203186,0.8927855,0.8927783370018005,4.061593244841788e-06,0.8927727937698364,10.721451,10.722166299819946
2371,94.34425067901611,0.89278835,0.8927818536758423,2.7618043532129377e-06,0.892778754234314,10.721165,10.721814632415771
2372,94.38477778434753,0.8927886,0.8927844166755676,1.6785534171503969e-06,0.8927816152572632,10.721141,10.721558332443237
2373,94.42658543586731,0.8927886,0.8927856683731079,1.2931938044857816e-06,0.8927847743034363,10.721141,10.721433162689209
2374,94.46029925346375,0.8927886,0.8927867412567139,1.4592347952202545e-06,0.8927853107452393,10.721141,10.721325874328613
2375,94.4941737651825,0.8927886,0.8927882313728333,6.257982931856532e-07,0.8927856683731079,10.721141,10.721176862716675
2376,94.53007221221924,0.8927952,0.8927885293960571,4.2480178308323957e-07,0.8927883505821228,10.72048,10.721147060394287
2377,94.57059931755066,0.8928202,0.8927890062332153,2.8328468033578247e-06,0.8927885890007019,10.717982,10.721099376678467
2378,94.61148738861084,0.8928208,0.8927901983261108,6.373330506903585e-06,0.8927885890007019,10.717922,10.720980167388916
2379,94.65277147293091,0.8928208,0.8927933573722839,1.075122145266505e-05,0.8927885890007019,10.717922,10.720664262771606
2380,94.68554091453552,0.8928208,0.8927989602088928,1.4215574083209503e-05,0.8927885890007019,10.717922,10.720103979110718
2381,94.71954345703125,0.8928208,0.8928093314170837,1.3951344044471625e-05,0.8927885890007019,10.717922,10.719066858291626
2382,94.7548553943634,0.8928208,0.8928205370903015,2.2604248783864023e-07,0.8928201794624329,10.717922,10.717946290969849
2383,94.79009675979614,0.89282906,0.8928207755088806,5.070365318715631e-07,0.8928207755088806,10.717094,10.717922449111938
2384,94.83209085464478,0.8928583,0.8928209543228149,2.45265209741774e-06,0.8928207755088806,10.714168,10.717904567718506
2385,94.87400698661804,0.8928583,0.8928214907646179,4.2331671465944964e-06,0.8928207755088806,10.714168,10.717850923538208
2386,94.90804672241211,0.8928583,0.8928229212760925,7.1006265898176935e-06,0.8928207755088806,10.714168,10.717707872390747
2387,94.94270443916321,0.8928583,0.8928261399269104,1.1179350622114725e-05,0.8928207755088806,10.714168,10.71738600730896
2388,94.97798728942871,0.89286685,0.8928326964378357,1.4780926903767977e-05,0.8928207755088806,10.713315,10.71673035621643
2389,95.02024698257446,0.89286685,0.8928460478782654,1.5266434274963103e-05,0.8928290605545044,10.713315,10.715395212173462
2390,95.05545020103455,0.89286685,0.8928610682487488,3.9429255593859125e-06,0.8928583264350891,10.713315,10.713893175125122
2391,95.08974885940552,0.89286685,0.8928638100624084,4.120930952922208e-06,0.8928583264350891,10.713315,10.713618993759155
2392,95.12433767318726,0.89286685,0.8928670287132263,1.7881393432617188e-07,0.892866849899292,10.713315,10.713297128677368
2393,95.15784287452698,0.89286685,0.8928670287132263,1.7881393432617188e-07,0.892866849899292,10.713315,10.713297128677368
2394,95.19202709197998,0.8928679,0.8928670287132263,1.866776102588119e-07,0.892866849899292,10.713207,10.713297128677368
2395,95.23469138145447,0.8928679,0.8928670287132263,2.0849662973887462e-07,0.892866849899292,10.713207,10.713297128677368
2396,95.2684235572815,0.8928679,0.8928670883178711,3.0458124911092455e-07,0.892866849899292,10.713207,10.71329116821289
2397,95.30270552635193,0.8928702,0.8928672075271606,4.678508389588387e-07,0.892866849899292,10.712981,10.713279247283936
2398,95.34394788742065,0.8928702,0.8928673267364502,5.751650746788073e-07,0.892866849899292,10.712981,10.71326732635498
2399,95.37884378433228,0.8928713,0.8928677439689636,7.02728414125886e-07,0.892866849899292,10.712868,10.713225603103638
2400,95.41956305503845,0.89287883,0.8928684592247009,1.8158737020712579e-06,0.892867922782898,10.712117,10.713154077529907
2401,95.4623053073883,0.89287883,0.8928694128990173,3.2490781904925825e-06,0.892867922782898,10.712117,10.713058710098267
2402,95.49599552154541,0.89287883,0.8928714990615845,4.448211711860495e-06,0.892867922782898,10.712117,10.712850093841553
2403,95.53055477142334,0.89287883,0.8928751945495605,3.822885446425062e-06,0.8928701877593994,10.712117,10.712480545043945
2404,95.56381916999817,0.892879,0.8928787112236023,2.0720025872833503e-07,0.8928776979446411,10.712099,10.71212887763977
2405,95.60318422317505,0.892879,0.8928787112236023,1.2380857583593752e-07,0.8928788304328918,10.712099,10.71212887763977
2406,95.6388487815857,0.892879,0.8928787112236023,1.356549290676412e-07,0.8928788304328918,10.712099,10.71212887763977
2407,95.67282795906067,0.892879,0.8928788304328918,6.834048349446675e-08,0.8928788304328918,10.712099,10.712116956710815
2408,95.70651602745056,0.89288235,0.8928788900375366,2.2727529369603872e-07,0.8928788304328918,10.711765,10.712110996246338
2409,95.74855613708496,0.89288235,0.8928790092468262,4.0452161442772194e-07,0.8928788304328918,10.711765,10.712099075317383
2410,95.78378081321716,0.89288235,0.89287930727005,6.747736733814236e-07,0.8928790092468262,10.711765,10.712069272994995
2411,95.81777787208557,0.8928825,0.8928795456886292,1.1031941085093422e-06,0.8928790092468262,10.711747,10.712045431137085
2412,95.85895919799805,0.8928826,0.8928802013397217,1.4019162790646078e-06,0.8928790092468262,10.711741,10.711979866027832
2413,95.90012311935425,0.8928834,0.892881453037262,1.0300989288225537e-06,0.8928794860839844,10.7116585,10.711854696273804
2414,95.94347596168518,0.8928843,0.8928824067115784,4.543456384453748e-07,0.8928818702697754,10.711569,10.711759328842163
2415,95.98755526542664,0.8928843,0.8928826451301575,5.275880425870128e-07,0.8928823471069336,10.711569,10.711735486984253
2416,96.02502989768982,0.8928843,0.8928829431533813,6.682893740617146e-07,0.8928825259208679,10.711569,10.711705684661865
2417,96.05917263031006,0.8928843,0.8928834795951843,6.522735134240065e-07,0.8928825855255127,10.711569,10.711652040481567
2418,96.09245204925537,0.8928843,0.8928841352462769,2.192291645997102e-07,0.8928835988044739,10.711569,10.711586475372314
2419,96.12779569625854,0.8928846,0.8928842544555664,5.489825838367324e-08,0.8928840756416321,10.711538,10.71157455444336
2420,96.1690788269043,0.8928846,0.8928843140602112,3.392598912910216e-08,0.8928842544555664,10.711538,10.711568593978882
2421,96.20305705070496,0.8928846,0.8928843140602112,4.3314571485097986e-08,0.8928843140602112,10.711538,10.711568593978882
2422,96.23804545402527,0.8928848,0.8928843140602112,8.72032330789807e-08,0.8928843140602112,10.711521,10.711568593978882
2423,96.27967977523804,0.8928848,0.8928843140602112,1.4888877331031836e-07,0.8928843140602112,10.711521,10.711568593978882
2424,96.31392931938171,0.8928848,0.8928844332695007,1.6831091897984152e-07,0.8928843140602112,10.711521,10.711556673049927
2425,96.34941339492798,0.8928848,0.8928846120834351,1.1070169847471334e-07,0.8928844928741455,10.711521,10.711538791656494
2426,96.38295459747314,0.8928848,0.8928846716880798,9.94972211287859e-08,0.8928846120834351,10.711521,10.711532831192017
2427,96.41808032989502,0.8928848,0.8928848505020142,5.960464477539063e-08,0.8928847908973694,10.711521,10.711514949798584
2428,96.45157647132874,0.89289737,0.8928849101066589,7.716080290265381e-07,0.8928847908973694,10.710263,10.711508989334106
2429,96.492360830307,0.89289737,0.8928850293159485,1.2110733678127872e-06,0.8928847908973694,10.710263,10.711497068405151
2430,96.52578926086426,0.89293414,0.8928858041763306,5.344465989765013e-06,0.8928847908973694,10.706586,10.711419582366943
2431,96.56685876846313,0.8930298,0.8928906321525574,1.6476829841849394e-05,0.8928847908973694,10.69702,10.710936784744263
2432,96.60908651351929,0.8930298,0.8929007649421692,2.720669363043271e-05,0.8928847908973694,10.69702,10.709923505783081
2433,96.64218807220459,0.8930306,0.8929218649864197,3.80128767574206e-05,0.8928862810134888,10.696941,10.707813501358032
2434,96.68482565879822,0.8930829,0.8929526805877686,3.7273475754773244e-05,0.8929306268692017,10.691709,10.704731941223145
2435,96.72620964050293,0.8930967,0.8929786086082458,5.0993556214962155e-05,0.8929370641708374,10.690331,10.702139139175415
2436,96.76748776435852,0.89309746,0.8930215835571289,4.9447855417383835e-05,0.8929405808448792,10.690254,10.69784164428711
2437,96.80925750732422,0.89310104,0.8930574059486389,2.8067561288480647e-05,0.8930298089981079,10.689897,10.694259405136108
2438,96.85042238235474,0.89310104,0.8930841684341431,1.4799968994338997e-05,0.893034815788269,10.689897,10.691583156585693
2439,96.88518261909485,0.89310104,0.8930943012237549,4.339457518653944e-06,0.8930864334106445,10.689897,10.690569877624512
2440,96.9197289943695,0.89310104,0.8930978178977966,2.0969664547010325e-06,0.8930935263633728,10.689897,10.690218210220337
2441,96.95450115203857,0.89310104,0.8930996060371399,1.637867967474449e-06,0.893097460269928,10.689897,10.69003939628601
2442,96.9889907836914,0.8931117,0.8931009769439697,6.578291049663676e-07,0.8931009769439697,10.688829,10.689902305603027
2443,97.03145217895508,0.8931117,0.893101155757904,1.3108809753248352e-06,0.8931009769439697,10.688829,10.689884424209595
2444,97.06629920005798,0.8931489,0.8931018114089966,3.6893961805617437e-06,0.8931010365486145,10.68511,10.689818859100342
2445,97.10859751701355,0.89314944,0.893104612827301,1.0655335245246533e-05,0.8931010365486145,10.685057,10.689538717269897
2446,97.14986968040466,0.89314973,0.8931108713150024,1.7095080693252385e-05,0.8931010365486145,10.685026,10.688912868499756
2447,97.1902379989624,0.89314973,0.8931236863136292,2.0556326489895582e-05,0.8931010365486145,10.685026,10.687631368637085
2448,97.22575163841248,0.8931533,0.8931422829627991,1.4238868061511312e-05,0.8931117057800293,10.6846695,10.685771703720093
2449,97.26751399040222,0.8931541,0.8931494951248169,6.967288186388032e-07,0.8931488990783691,10.684591,10.68505048751831
2450,97.30903768539429,0.8931544,0.8931499719619751,9.422768698641448e-07,0.8931494355201721,10.684562,10.68500280380249
2451,97.349276304245,0.8931544,0.8931504487991333,1.3908986602473306e-06,0.8931496739387512,10.684562,10.68495512008667
2452,97.38424921035767,0.89315635,0.8931514024734497,1.7663769540376961e-06,0.893149733543396,10.684365,10.68485975265503
2453,97.4278736114502,0.89315903,0.8931531310081482,1.6549047359148972e-06,0.8931508660316467,10.684097,10.68468689918518
2454,97.46863055229187,0.893161,0.8931548595428467,1.4361858120537363e-06,0.8931533098220825,10.6839,10.684514045715332
2455,97.51015710830688,0.8932107,0.8931564092636108,3.875340098602464e-06,0.8931543231010437,10.678929,10.684359073638916
2456,97.55059266090393,0.8932432,0.8931590914726257,8.461503057333175e-06,0.893156111240387,10.67568,10.684090852737427
2457,97.59090542793274,0.8932432,0.8931629657745361,1.2743912520818412e-05,0.8931587338447571,10.67568,10.683703422546387
2458,97.62492108345032,0.89325374,0.8931699991226196,2.203842996095773e-05,0.893159031867981,10.674625,10.683000087738037
2459,97.66631317138672,0.8932584,0.8931827545166016,3.157759419991635e-05,0.8931609988212585,10.674161,10.681724548339844
2460,97.70677757263184,0.8932584,0.8932082653045654,3.4570253774290904e-05,0.893164873123169,10.674161,10.679173469543457
2461,97.74110794067383,0.8932584,0.8932395577430725,1.558873373141978e-05,0.8932126760482788,10.674161,10.676044225692749
2462,97.77699017524719,0.8932584,0.893252432346344,3.4960235097969417e-06,0.8932478427886963,10.674161,10.6747567653656
2463,97.81051540374756,0.8932584,0.8932555913925171,2.288739779032767e-06,0.8932517766952515,10.674161,10.674440860748291
2464,97.8445782661438,0.8932584,0.8932578563690186,8.325093858729815e-07,0.8932563662528992,10.674161,10.674214363098145
2465,97.87826538085938,0.89329207,0.8932585716247559,2.6877346499531996e-06,0.8932583928108215,10.670794,10.674142837524414
2466,97.92005586624146,0.8932942,0.8932592868804932,5.474052159115672e-06,0.8932583928108215,10.670578,10.674071311950684
2467,97.96253490447998,0.89334637,0.8932613134384155,1.0298739653080702e-05,0.8932583928108215,10.665363,10.673868656158447
2468,98.00347208976746,0.89334637,0.8932666778564453,1.7648593711783178e-05,0.8932583928108215,10.665363,10.673332214355469
2469,98.03864884376526,0.89334637,0.8932766914367676,2.4245731765404344e-05,0.8932583928108215,10.665363,10.672330856323242
2470,98.07396793365479,0.89335436,0.8932987451553345,2.4439796106889844e-05,0.8932590484619141,10.664564,10.670125484466553
2471,98.11833238601685,0.89338446,0.8933184146881104,2.6206114853266627e-05,0.8932934999465942,10.661554,10.668158531188965
2472,98.15867853164673,0.89338446,0.8933442831039429,1.7811242287280038e-05,0.8933185338973999,10.661554,10.665571689605713
2473,98.1932680606842,0.89338446,0.8933571577072144,1.4702670341648627e-05,0.89334636926651,10.661554,10.664284229278564
2474,98.22780895233154,0.89339733,0.8933689594268799,1.5017977602838073e-05,0.8933536410331726,10.660267,10.663104057312012
2475,98.26884412765503,0.89339733,0.8933841586112976,2.689855136850383e-06,0.8933665156364441,10.660267,10.66158413887024
2476,98.30295491218567,0.89339733,0.8933857679367065,3.6313297187007265e-06,0.8933844566345215,10.660267,10.661423206329346
2477,98.33683156967163,0.89339733,0.8933873772621155,5.304587375576375e-06,0.8933844566345215,10.660267,10.661262273788452
2478,98.37081670761108,0.89339733,0.8933905363082886,6.4069813561218325e-06,0.8933844566345215,10.660267,10.660946369171143
2479,98.40406847000122,0.89339733,0.8933965563774109,3.0965102268964984e-06,0.8933844566345215,10.660267,10.660344362258911
2480,98.4385495185852,0.89339733,0.8933972716331482,5.960464477539063e-08,0.893397331237793,10.660267,10.66027283668518
2481,98.47208261489868,0.893455,0.8933975100517273,3.6264639220462414e-06,0.893397331237793,10.654497,10.66024899482727
2482,98.51209235191345,0.8934643,0.893398106098175,6.577709882549243e-06,0.893397331237793,10.653567,10.660189390182495
2483,98.55387592315674,0.8934652,0.8934013843536377,1.4809997082920745e-05,0.893397331237793,10.653478,10.65986156463623
2484,98.5952250957489,0.8934652,0.8934078216552734,2.3159505872172303e-05,0.893397331237793,10.653478,10.659217834472656
2485,98.63000082969666,0.8934794,0.8934224843978882,3.090368045377545e-05,0.893397331237793,10.65206,10.657751560211182
2486,98.67105793952942,0.8934809,0.8934488892555237,2.5041617846000008e-05,0.8933974504470825,10.651911,10.655111074447632
2487,98.712069272995,0.8935323,0.8934680223464966,1.0618555279506836e-05,0.8934652209281921,10.646772,10.653197765350342
2488,98.75319981575012,0.8935323,0.8934746980667114,1.9592238459154032e-05,0.8934652209281921,10.646772,10.652530193328857
2489,98.78730344772339,0.89354795,0.8934860825538635,2.578990643087309e-05,0.8934652209281921,10.645205,10.651391744613647
2490,98.82815432548523,0.89354795,0.8935046792030334,2.6719391826190986e-05,0.893480658531189,10.645205,10.649532079696655
2491,98.86167597770691,0.89354795,0.8935310244560242,1.519800480309641e-05,0.8934808969497681,10.645205,10.646897554397583
2492,98.89648985862732,0.89358944,0.8935385942459106,8.20345121610444e-06,0.8935322761535645,10.641056,10.646140575408936
2493,98.93863892555237,0.89358944,0.8935457468032837,7.886568710091524e-06,0.893532395362854,10.641056,10.64542531967163
2494,98.97512555122375,0.8936143,0.8935510516166687,1.1245604582654778e-05,0.8935478925704956,10.638571,10.64489483833313
2495,99.02039575576782,0.89361435,0.8935569524765015,1.9176415662514046e-05,0.8935479521751404,10.638565,10.644304752349854
2496,99.06318926811218,0.8936662,0.8935686945915222,2.665299689397216e-05,0.8935479521751404,10.633379,10.643130540847778
2497,99.1039981842041,0.8936664,0.8935927152633667,2.6717112632468343e-05,0.8935479521751404,10.633362,10.64072847366333
2498,99.14659452438354,0.8936812,0.8936160206794739,2.0450868760235608e-05,0.8935987949371338,10.631877,10.638397932052612
2499,99.18712425231934,0.8936812,0.8936324119567871,2.4279108401970007e-05,0.8936142921447754,10.631877,10.636758804321289
2500,99.22216367721558,0.8936813,0.8936536908149719,2.2764144887332805e-05,0.8936151266098022,10.631871,10.634630918502808
2501,99.26318335533142,0.893687,0.8936706781387329,6.643680080742342e-06,0.8936662077903748,10.631299,10.632932186126709
2502,99.30347418785095,0.893687,0.8936751484870911,7.10139420334599e-06,0.8936663866043091,10.631299,10.632485151290894
2503,99.33762288093567,0.8937149,0.8936816453933716,2.2686863303533755e-06,0.8936811089515686,10.6285095,10.631835460662842
2504,99.37894344329834,0.8937198,0.8936824202537537,4.0424906728731e-06,0.8936812877655029,10.628021,10.631757974624634
2505,99.42130541801453,0.8937198,0.8936842679977417,7.415745585603872e-06,0.8936812877655029,10.628021,10.63157320022583
2506,99.45398736000061,0.8937225,0.8936882019042969,1.121245077229105e-05,0.8936812877655029,10.627752,10.631179809570312
2507,99.49612379074097,0.8937225,0.8936954736709595,1.3737213521380909e-05,0.893686830997467,10.627752,10.630452632904053
2508,99.53074312210083,0.8937264,0.8937057852745056,1.5260495274560526e-05,0.8936870098114014,10.627359,10.629421472549438
2509,99.57147097587585,0.8937279,0.8937191367149353,2.5623598958190996e-06,0.8937149047851562,10.627211,10.62808632850647
2510,99.61331462860107,0.8937279,0.8937214612960815,1.7199321291627712e-06,0.8937197923660278,10.627211,10.627853870391846
2511,99.64905834197998,0.8937279,0.8937230706214905,1.8604608840178116e-06,0.8937209844589233,10.627211,10.627692937850952
2512,99.68301963806152,0.8937279,0.893724262714386,2.151702801711508e-06,0.8937224745750427,10.627211,10.627573728561401
2513,99.71777653694153,0.8937279,0.8937264680862427,1.5647763120796299e-06,0.8937230110168457,10.627211,10.627353191375732
2514,99.75106382369995,0.89373434,0.8937278389930725,5.972841563561815e-07,0.8937264084815979,10.626566,10.627216100692749
2515,99.79263496398926,0.89374095,0.8937280774116516,1.0451792604726506e-06,0.8937278985977173,10.625905,10.627192258834839
2516,99.83325362205505,0.89374095,0.8937283158302307,1.8418872969050426e-06,0.8937278985977173,10.625905,10.627168416976929
2517,99.86690974235535,0.89374095,0.8937292098999023,3.251469024689868e-06,0.8937278985977173,10.625905,10.627079010009766
2518,99.90022134780884,0.89374095,0.8937307000160217,4.512716259341687e-06,0.8937278985977173,10.625905,10.626929998397827
2519,99.93506908416748,0.89374673,0.8937339186668396,5.089306341687916e-06,0.8937278985977173,10.625326,10.62660813331604
2520,99.9774215221405,0.8937631,0.8937385082244873,3.60144213118474e-06,0.893734335899353,10.623688,10.62614917755127
2521,100.01956558227539,0.89376336,0.8937425017356873,3.4429679089953424e-06,0.8937393426895142,10.623664,10.625749826431274
2522,100.06984877586365,0.89377135,0.8937448859214783,5.676910859619966e-06,0.8937409520149231,10.622865,10.625511407852173
2523,100.11707019805908,0.89377135,0.8937492370605469,7.18552473699674e-06,0.8937432169914246,10.622865,10.625076293945312
2524,100.15101313591003,0.89377135,0.8937544226646423,8.14892518974375e-06,0.893748939037323,10.622865,10.624557733535767
2525,100.18731307983398,0.89377135,0.8937605619430542,8.842092029226478e-06,0.893748939037323,10.622865,10.62394380569458
2526,100.22273397445679,0.89383936,0.8937684893608093,5.815214080939768e-06,0.8937633633613586,10.616064,10.623151063919067
2527,100.26403331756592,0.89383936,0.893771767616272,5.864703780389391e-06,0.8937713503837585,10.616064,10.622823238372803
2528,100.29989051818848,0.89385754,0.8937729001045227,1.0577658940746915e-05,0.8937713503837585,10.614246,10.62270998954773
2529,100.34167122840881,0.89385754,0.8937782645225525,2.181693162128795e-05,0.8937713503837585,10.614246,10.622173547744751
2530,100.375896692276,0.8938602,0.8937873840332031,3.159840707667172e-05,0.8937713503837585,10.613977,10.621261596679688
2531,100.41719770431519,0.8938602,0.8938086628913879,3.96888681279961e-05,0.8937713503837585,10.613977,10.619133710861206
2532,100.45092391967773,0.8938602,0.8938479423522949,1.6887310266611166e-05,0.893774151802063,10.613977,10.615205764770508
2533,100.48490953445435,0.8938602,0.8938578963279724,8.251728331742925e-07,0.8938575387001038,10.613977,10.614210367202759
2534,100.54761934280396,0.89387214,0.890587568283081,0.003048914484679699,0.8835278749465942,10.612785,10.941243171691895
2535,100.58932089805603,0.89387214,0.8930769562721252,0.0006171560962684453,0.8916627168655396,10.612785,10.692304372787476
2536,100.62365245819092,0.89387214,0.8936156034469604,0.000237073574680835,0.8930961489677429,10.612785,10.638439655303955
2537,100.6573212146759,0.89387214,0.8938243985176086,5.1378494390519336e-05,0.8936883211135864,10.612785,10.617560148239136
2538,100.69206619262695,0.8938749,0.8938599824905396,1.2484486433095299e-05,0.8938356637954712,10.612512,10.614001750946045
2539,100.73334860801697,0.8938749,0.8938720226287842,1.9085114217887167e-06,0.8938544392585754,10.612512,10.612797737121582
2540,100.76863932609558,0.8938749,0.8938724994659424,7.653313218725089e-07,0.8938721418380737,10.612512,10.612750053405762
2541,100.80248498916626,0.8938749,0.8938727974891663,1.0790606665977975e-06,0.8938721418380737,10.612512,10.612720251083374
2542,100.83607864379883,0.8938749,0.8938733339309692,1.3461809658110724e-06,0.8938721418380737,10.612512,10.612666606903076
2543,100.86979031562805,0.8938766,0.89387446641922,1.09516213342431e-06,0.8938721418380737,10.612339,10.612553358078003
2544,100.9093565940857,0.89387935,0.8938750624656677,3.5701341971616785e-07,0.8938748836517334,10.612064,10.612493753433228
2545,100.95202136039734,0.89387935,0.893875241279602,7.902146990090841e-07,0.8938748836517334,10.612064,10.612475872039795
2546,100.98669362068176,0.8938818,0.8938756585121155,1.4194204140949296e-06,0.8938748836517334,10.61182,10.612434148788452
2547,101.0286328792572,0.8938818,0.8938766717910767,2.3057427824824117e-06,0.8938748836517334,10.61182,10.612332820892334
2548,101.06453490257263,0.8938818,0.8938788175582886,2.2079195787227945e-06,0.8938748836517334,10.61182,10.612118244171143
2549,101.099036693573,0.8938818,0.8938805460929871,1.251243020305992e-06,0.8938790559768677,10.61182,10.611945390701294
2550,101.1342785358429,0.8939126,0.8938819169998169,1.8826923451342736e-06,0.8938817977905273,10.608739,10.61180830001831
2551,101.17503881454468,0.8939146,0.893882155418396,3.3186101973115e-06,0.8938817977905273,10.6085415,10.6117844581604
2552,101.21575736999512,0.8939146,0.8938829898834229,6.035802471160423e-06,0.8938817977905273,10.6085415,10.611701011657715
2553,101.25153303146362,0.8939146,0.8938853144645691,9.786012924450915e-06,0.8938817977905273,10.6085415,10.61146855354309
2554,101.28634905815125,0.89391595,0.8938897252082825,1.3684146324521862e-05,0.8938817977905273,10.608405,10.611027479171753
2555,101.32829070091248,0.89391595,0.8938986659049988,1.5768840967211872e-05,0.8938817977905273,10.608405,10.610133409500122
2556,101.36348628997803,0.89391595,0.8939142823219299,1.0328787993785227e-06,0.8939119577407837,10.608405,10.608571767807007
2557,101.39714050292969,0.89391595,0.8939149379730225,6.085068662287085e-07,0.8939145803451538,10.608405,10.608506202697754
2558,101.43173480033875,0.89391595,0.8939152956008911,6.782108243896801e-07,0.8939145803451538,10.608405,10.608470439910889
2559,101.46588063240051,0.89391595,0.8939160108566284,5.960464477539063e-08,0.8939159512519836,10.608405,10.608398914337158
2560,101.4995687007904,0.89391595,0.8939160108566284,5.960464477539063e-08,0.8939159512519836,10.608405,10.608398914337158
2561,101.5329225063324,0.89397043,0.8939161896705627,3.32796707880334e-06,0.8939159512519836,10.602957,10.608381032943726
2562,101.57372546195984,0.8939706,0.8939170241355896,7.390040536847664e-06,0.8939159512519836,10.60294,10.60829758644104
2563,101.61488342285156,0.8939706,0.8939205408096313,1.4993655895523261e-05,0.8939159512519836,10.60294,10.607945919036865
2564,101.6486828327179,0.8939706,0.8939254879951477,2.0691722966148518e-05,0.8939159512519836,10.60294,10.60745120048523
2565,101.68259763717651,0.89397305,0.8939371109008789,2.659020719875116e-05,0.8939159512519836,10.6026945,10.60628890991211
2566,101.72314453125,0.8939754,0.8939616084098816,2.0171719370409846e-05,0.8939159512519836,10.602463,10.60383915901184
2567,101.76513957977295,0.8939754,0.8939707279205322,6.079271201997472e-07,0.8939706087112427,10.602463,10.602927207946777
2568,101.79978084564209,0.8940033,0.8939712047576904,2.821579755618586e-06,0.8939706087112427,10.599672,10.602879524230957
2569,101.84035563468933,0.8940035,0.8939728736877441,6.649617716902867e-06,0.8939706087112427,10.599649,10.602712631225586
2570,101.881263256073,0.8940054,0.8939764499664307,1.0455936717335135e-05,0.8939706087112427,10.599459,10.602355003356934
2571,101.9233238697052,0.8940054,0.8939837217330933,1.2894204701296985e-05,0.8939730525016785,10.599459,10.601627826690674
2572,101.95685195922852,0.8940056,0.8939953446388245,9.806317393667996e-06,0.8939753770828247,10.599441,10.600465536117554
2573,101.99914789199829,0.8940056,0.8940026760101318,1.9721805983863305e-06,0.8939999341964722,10.599441,10.599732398986816
2574,102.03348994255066,0.89401174,0.8940042853355408,1.1107517821073998e-06,0.8940032720565796,10.598826,10.599571466445923
2575,102.07768225669861,0.89401174,0.8940051198005676,9.668038956078817e-07,0.8940035104751587,10.598826,10.599488019943237
2576,102.1109230518341,0.89401174,0.8940058350563049,1.1448371424194193e-06,0.8940054178237915,10.598826,10.599416494369507
2577,102.14339995384216,0.894014,0.8940063118934631,1.9336437162564835e-06,0.8940055966377258,10.5986,10.599368810653687
2578,102.18429470062256,0.8940152,0.8940070867538452,2.725200147324358e-06,0.8940055966377258,10.59848,10.599291324615479
2579,102.23181295394897,0.8940455,0.8940088152885437,4.042118689540075e-06,0.8940055966377258,10.595453,10.59911847114563
2580,102.29593443870544,0.8940455,0.8940119743347168,3.544930677890079e-06,0.8940055966377258,10.595453,10.59880256652832
2581,102.33473873138428,0.8940455,0.8940144181251526,5.652468644257169e-06,0.8940117359161377,10.595453,10.598558187484741
2582,102.3724594116211,0.8940576,0.8940181732177734,1.0438868230266962e-05,0.8940137624740601,10.594243,10.598182678222656
2583,102.4157931804657,0.8940576,0.8940237760543823,1.4913644918124191e-05,0.8940140008926392,10.594243,10.597622394561768
2584,102.45001411437988,0.8940597,0.8940334916114807,1.7207676137331873e-05,0.8940156102180481,10.594028,10.596650838851929
2585,102.49190402030945,0.8940597,0.8940515518188477,4.653848009184003e-06,0.8940451741218567,10.594028,10.594844818115234
2586,102.52818393707275,0.8940611,0.8940555453300476,2.023911747528473e-06,0.8940536975860596,10.593891,10.59444546699524
2587,102.5690405368805,0.89406323,0.8940572738647461,1.998894276766805e-06,0.8940539360046387,10.593677,10.59427261352539
2588,102.61043119430542,0.89406323,0.8940589427947998,1.8508002312955796e-06,0.8940574526786804,10.593677,10.59410572052002
2589,102.64687132835388,0.89407027,0.8940607905387878,1.6696873217370012e-06,0.8940578699111938,10.592974,10.593920946121216
2590,102.68700695037842,0.89407027,0.8940621018409729,1.5548745295745903e-06,0.8940597176551819,10.592974,10.59378981590271
2591,102.72052669525146,0.89407027,0.894063413143158,1.5200201914922218e-06,0.8940632343292236,10.592974,10.593658685684204
2592,102.75499415397644,0.89407027,0.8940642476081848,2.454205969115719e-06,0.8940632343292236,10.592974,10.593575239181519
2593,102.78872609138489,0.89407027,0.8940656185150146,3.2455031941935886e-06,0.8940632343292236,10.592974,10.593438148498535
2594,102.82244396209717,0.8940817,0.8940681219100952,3.2432792522740783e-06,0.8940632343292236,10.591829,10.593187808990479
2595,102.86463260650635,0.8940817,0.8940703868865967,9.872998134596855e-07,0.8940702676773071,10.591829,10.592961311340332
2596,102.89822721481323,0.8940888,0.8940708637237549,2.5004833332786802e-06,0.8940702676773071,10.59112,10.592913627624512
2597,102.94018769264221,0.8940888,0.8940719962120056,4.724784048448782e-06,0.8940702676773071,10.59112,10.592800378799438
2598,102.97556042671204,0.8940888,0.8940743803977966,7.122911029000534e-06,0.8940702676773071,10.59112,10.592561960220337
2599,103.04084277153015,0.894096,0.8908603191375732,0.002857450395822525,0.8842166662216187,10.590399,10.913968086242676
2600,103.08072280883789,0.8941127,0.8933455348014832,0.0006141901249065995,0.8919304609298706,10.58873,10.665446519851685
2601,103.12238359451294,0.8941144,0.893849790096283,0.00021047389600425959,0.8934386968612671,10.588562,10.615020990371704
2602,103.16747260093689,0.8941145,0.894042432308197,6.485933408839628e-05,0.8938587307929993,10.588551,10.595756769180298
2603,103.20992851257324,0.89412016,0.8940923810005188,1.5782097761984915e-05,0.8940609097480774,10.587984,10.59076189994812
2604,103.25309777259827,0.8941303,0.8941053748130798,9.141746886598412e-06,0.8940943479537964,10.586971,10.589462518692017
2605,103.29534220695496,0.8941303,0.8941141963005066,1.9458625502011273e-06,0.8941072821617126,10.586971,10.58858036994934
2606,103.33022141456604,0.8941485,0.8941153287887573,3.509211182972649e-06,0.8941143751144409,10.585147,10.588467121124268
2607,103.37130498886108,0.8941485,0.8941170573234558,6.151022262201877e-06,0.8941144943237305,10.585147,10.588294267654419
2608,103.40612578392029,0.8941683,0.8941210508346558,1.0324186405341607e-05,0.8941144943237305,10.583168,10.587894916534424
2609,103.44793605804443,0.8941752,0.8941301107406616,1.4752737115486525e-05,0.8941176533699036,10.582483,10.586988925933838
2610,103.48915195465088,0.8941797,0.8941424489021301,1.6572148524574004e-05,0.8941201567649841,10.582029,10.585755109786987
2611,103.52894854545593,0.8941797,0.8941574096679688,1.1755023479054216e-05,0.894141674041748,10.582029,10.584259033203125
2612,103.56571388244629,0.8941802,0.8941679000854492,6.465265414590249e-06,0.8941553235054016,10.581982,10.583209991455078
2613,103.60654878616333,0.89418083,0.8941733837127686,3.6962594549549976e-06,0.8941683173179626,10.581917,10.582661628723145
2614,103.64749574661255,0.8941817,0.894176721572876,2.4881967419787543e-06,0.8941735029220581,10.581827,10.582327842712402
2615,103.68936657905579,0.8941828,0.8941788673400879,1.940679112522048e-06,0.89417564868927,10.58172,10.582113265991211
2616,103.73088526725769,0.8941828,0.8941804766654968,6.907735041750129e-07,0.8941797018051147,10.58172,10.581952333450317
2617,103.76463460922241,0.89419484,0.8941810727119446,1.103305635297147e-06,0.894180178642273,10.580516,10.581892728805542
2618,103.80501747131348,0.8942029,0.8941819667816162,2.179355988118914e-06,0.8941808342933655,10.579711,10.581803321838379
2619,103.84672236442566,0.89420336,0.8941830992698669,3.7337472349463496e-06,0.8941817283630371,10.579663,10.581690073013306
2620,103.88724732398987,0.89420843,0.8941851258277893,6.5696654019120615e-06,0.8941822052001953,10.579157,10.58148741722107
2621,103.92938160896301,0.8942092,0.8941887021064758,9.137873348663561e-06,0.8941828012466431,10.57908,10.581129789352417
2622,103.97182726860046,0.8942092,0.8941956162452698,1.0253527761960868e-05,0.8941828012466431,10.57908,10.580438375473022
2623,104.00616502761841,0.89421034,0.8942053914070129,2.913972821261268e-06,0.894197404384613,10.578966,10.579460859298706
2624,104.04794979095459,0.89421034,0.8942078948020935,1.4116326383373234e-06,0.8942053914070129,10.578966,10.57921051979065
2625,104.08259654045105,0.89421034,0.8942091464996338,4.627463283668476e-07,0.8942084312438965,10.578966,10.579085350036621
2626,104.11844801902771,0.89421034,0.8942095041275024,4.779242317454191e-07,0.894209086894989,10.578966,10.579049587249756
2627,104.15115261077881,0.89421034,0.8942099809646606,4.7156186155916657e-07,0.8942092061042786,10.578966,10.579001903533936
2628,104.18524432182312,0.89421034,0.8942103981971741,1.7368016358432214e-07,0.8942098617553711,10.578966,10.578960180282593
2629,104.21886539459229,0.89421034,0.8942104578018188,1.1920928955078125e-07,0.8942103385925293,10.578966,10.578954219818115
2630,104.25332546234131,0.89421874,0.8942105174064636,5.340926918506739e-07,0.8942103385925293,10.578126,10.578948259353638
2631,104.29693937301636,0.89421874,0.8942105174064636,8.898404644241964e-07,0.8942103385925293,10.578126,10.578948259353638
2632,104.33158278465271,0.8942455,0.8942110538482666,2.8333986392681254e-06,0.8942103385925293,10.575449,10.57889461517334
2633,104.37255239486694,0.8942455,0.8942118287086487,4.511124643613584e-06,0.8942103385925293,10.575449,10.578817129135132
2634,104.4051468372345,0.8942455,0.894214391708374,8.379557584703434e-06,0.8942103385925293,10.575449,10.578560829162598
2635,104.44289970397949,0.8942539,0.8942200541496277,1.2145268556196243e-05,0.8942103385925293,10.574609,10.577994585037231
2636,104.4862892627716,0.8942539,0.8942301869392395,1.4091152479522862e-05,0.8942187428474426,10.574609,10.57698130607605
2637,104.52107882499695,0.89430565,0.8942428827285767,1.2408736438374035e-05,0.8942187428474426,10.569435,10.575711727142334
2638,104.56322312355042,0.8943093,0.894250750541687,7.953356544021517e-06,0.8942455053329468,10.569072,10.574924945831299
2639,104.60314011573792,0.8943444,0.8942573666572571,1.4996716345194727e-05,0.8942533135414124,10.565561,10.574263334274292
2640,104.64449906349182,0.89435196,0.8942645788192749,2.5782030206755735e-05,0.8942533135414124,10.564804,10.57354211807251
2641,104.68545365333557,0.89435256,0.894281804561615,3.7814264942426234e-05,0.8942539095878601,10.564745,10.571819543838501
2642,104.72787261009216,0.89435256,0.8943122625350952,3.7466299545485526e-05,0.8942539095878601,10.564745,10.568773746490479
2643,104.76142692565918,0.89435256,0.8943466544151306,6.7039118221146055e-06,0.8943173885345459,10.564745,10.565334558486938
2644,104.7946388721466,0.8943569,0.8943514823913574,2.4998698791023344e-06,0.8943443894386292,10.564309,10.564851760864258
2645,104.83750772476196,0.8943719,0.8943527936935425,1.2962435675945017e-06,0.8943525552749634,10.562807,10.564720630645752
2646,104.87815451622009,0.8943719,0.8943530321121216,1.9598780909291236e-06,0.8943525552749634,10.562807,10.564696788787842
2647,104.91141748428345,0.894469,0.8943544030189514,9.898225471260957e-06,0.8943525552749634,10.553098,10.564559698104858
2648,104.9530611038208,0.894469,0.8943575024604797,1.6742913430789486e-05,0.8943525552749634,10.553098,10.564249753952026
2649,104.98770594596863,0.8944734,0.8943696618080139,3.468566501396708e-05,0.8943525552749634,10.552663,10.563033819198608
2650,105.02993416786194,0.8944737,0.8943905234336853,4.9540278268978e-05,0.894356906414032,10.552633,10.56094765663147
2651,105.0725154876709,0.8944737,0.8944293856620789,5.0789520173566416e-05,0.894356906414032,10.552633,10.557061433792114
2652,105.10671353340149,0.89448345,0.8944721221923828,2.2629253635386704e-06,0.8944690227508545,10.551655,10.552787780761719
2653,105.1484956741333,0.89448345,0.8944737315177917,1.8187291743743117e-06,0.8944733738899231,10.551655,10.552626848220825
2654,105.18189907073975,0.8944878,0.8944745063781738,3.100875119343982e-06,0.8944733738899231,10.55122,10.552549362182617
2655,105.22402381896973,0.89448917,0.8944762945175171,4.758150225825375e-06,0.8944733738899231,10.551083,10.552370548248291
2656,105.26673913002014,0.894498,0.8944795727729797,5.805200544273248e-06,0.894473671913147,10.550201,10.552042722702026
2657,105.30928421020508,0.894498,0.8944852948188782,3.708079475472914e-06,0.8944786787033081,10.550201,10.551470518112183
2658,105.3446581363678,0.8944991,0.8944889307022095,3.7976863040967146e-06,0.8944839239120483,10.550088,10.551106929779053
2659,105.38700199127197,0.894501,0.8944920301437378,3.7880888612562558e-06,0.8944880962371826,10.549903,10.55079698562622
2660,105.42906451225281,0.8945012,0.8944954872131348,3.2455093332828255e-06,0.8944895267486572,10.549879,10.550451278686523
2661,105.4687397480011,0.8945016,0.8944984674453735,1.2765960946126143e-06,0.8944947123527527,10.549837,10.550153255462646
2662,105.51021933555603,0.89450264,0.8944995999336243,9.124614166466927e-07,0.8944982290267944,10.549736,10.550040006637573
2663,105.55124640464783,0.89450437,0.8945003151893616,9.954000006473507e-07,0.8944991230964661,10.549563,10.549968481063843
2664,105.59183406829834,0.89450437,0.8945012092590332,8.64173046011274e-07,0.8944998979568481,10.549563,10.54987907409668
2665,105.6259400844574,0.8945046,0.8945022225379944,7.443232448167691e-07,0.8945016264915466,10.54954,10.549777746200562
2666,105.66704154014587,0.89454484,0.8945029973983765,2.737719569267938e-06,0.8945019245147705,10.545516,10.549700260162354
2667,105.71016001701355,0.8946042,0.8945044875144958,7.566904514533235e-06,0.8945024609565735,10.539579,10.549551248550415
2668,105.7509241104126,0.8946042,0.8945085406303406,1.6498432160005905e-05,0.8945043087005615,10.539579,10.549145936965942
2669,105.78623270988464,0.8946067,0.8945167064666748,2.9009297577431425e-05,0.8945046067237854,10.53933,10.54832935333252
2670,105.82674098014832,0.8946785,0.8945313692092896,4.005353548564017e-05,0.8945048451423645,10.532152,10.546863079071045
2671,105.86733555793762,0.89468193,0.8945655226707458,4.414739669300616e-05,0.8945051431655884,10.531807,10.543447732925415
2672,105.90705418586731,0.89468205,0.8946084976196289,2.441061587887816e-05,0.8945773243904114,10.5317955,10.53915023803711
2673,105.9492928981781,0.89468205,0.894622802734375,3.0164552299538627e-05,0.8946064710617065,10.5317955,10.5377197265625
2674,105.98458218574524,0.89468205,0.8946399092674255,3.630480568972416e-05,0.8946072459220886,10.5317955,10.536009073257446
2675,106.01986265182495,0.89468205,0.894670844078064,2.4819641112117097e-05,0.8946073055267334,10.5317955,10.532915592193604
2676,106.05513787269592,0.89468205,0.894681990146637,8.365989856429223e-08,0.8946815133094788,10.5317955,10.531800985336304
2677,106.09051132202148,0.89468205,0.894681990146637,5.8135491087796254e-08,0.8946819305419922,10.5317955,10.531800985336304
2678,106.12365889549255,0.89468205,0.894681990146637,5.960464477539063e-08,0.8946820497512817,10.5317955,10.531800985336304
2679,106.15792560577393,0.89468205,0.894681990146637,5.960464477539063e-08,0.8946820497512817,10.5317955,10.531800985336304
2680,106.1946804523468,0.89468205,0.894681990146637,5.960464477539063e-08,0.8946820497512817,10.5317955,10.531800985336304
2681,106.22831964492798,0.8946824,0.894681990146637,6.474105163079003e-08,0.8946820497512817,10.531759,10.531800985336304
2682,106.27015829086304,0.8946825,0.894681990146637,9.192027761173449e-08,0.8946820497512817,10.531748,10.531800985336304
2683,106.31250286102295,0.894685,0.8946820497512817,2.1347879908262257e-07,0.8946820497512817,10.531503,10.531795024871826
2684,106.35478472709656,0.894685,0.8946821093559265,3.4743695209726866e-07,0.8946820497512817,10.531503,10.531789064407349
2685,106.38892149925232,0.89468503,0.8946824073791504,6.84878102674702e-07,0.8946820497512817,10.531497,10.531759262084961
2686,106.43136310577393,0.8946855,0.8946828246116638,9.292411391470523e-07,0.8946820497512817,10.531449,10.531717538833618
2687,106.47287225723267,0.8946861,0.8946834206581116,1.2307801853239653e-06,0.8946825265884399,10.531389,10.531657934188843
2688,106.51720404624939,0.8946861,0.8946844339370728,1.181376774184173e-06,0.8946825265884399,10.531389,10.531556606292725
2689,106.55333042144775,0.8946861,0.8946852087974548,3.057041055853915e-07,0.8946849703788757,10.531389,10.531479120254517
2690,106.58802080154419,0.8946861,0.8946855664253235,2.7333757657288515e-07,0.8946849703788757,10.531389,10.531443357467651
2691,106.6222562789917,0.8946897,0.8946858048439026,3.683319391711848e-07,0.8946855068206787,10.531033,10.531419515609741
2692,106.6647539138794,0.8946897,0.8946858644485474,4.798691293217416e-07,0.8946855068206787,10.531033,10.531413555145264
2693,106.69704246520996,0.89469004,0.8946861028671265,7.73721865243715e-07,0.8946859240531921,10.530996,10.531389713287354
2694,106.73874759674072,0.8946902,0.8946864604949951,1.228022938448703e-06,0.8946861028671265,10.530978,10.531353950500488
2695,106.7804741859436,0.89479554,0.8946874737739563,6.83454709360376e-06,0.8946861028671265,10.520447,10.53125262260437
2696,106.82273077964783,0.89479554,0.8946894407272339,1.1523501598276198e-05,0.8946861028671265,10.520447,10.531055927276611
2697,106.85631036758423,0.89479554,0.8946945071220398,2.0988880351069383e-05,0.894689679145813,10.520447,10.53054928779602
2698,106.89050316810608,0.89481246,0.8947022557258606,3.365629163454287e-05,0.8946900367736816,10.518753,10.52977442741394
2699,106.9319760799408,0.89481735,0.8947181105613708,4.8302455979865044e-05,0.894690215587616,10.518265,10.528188943862915
2700,106.97471880912781,0.89483184,0.8947492241859436,5.719585169572383e-05,0.8946902751922607,10.516816,10.52507758140564
2701,107.01747941970825,0.8948384,0.8948079943656921,1.2022000191791449e-05,0.8947265148162842,10.516161,10.519200563430786
2702,107.05863618850708,0.8948384,0.8948167562484741,7.199831088655628e-06,0.8948101997375488,10.516161,10.518324375152588
2703,107.092209815979,0.8948556,0.8948217630386353,8.777114999247715e-06,0.8948147296905518,10.514439,10.517823696136475
2704,107.13411259651184,0.894856,0.8948287963867188,9.55715495365439e-06,0.8948173522949219,10.514402,10.517120361328125
2705,107.1754207611084,0.894856,0.8948385119438171,5.047077593189897e-06,0.8948318362236023,10.514402,10.516148805618286
2706,107.20968723297119,0.8948566,0.8948423862457275,6.086410849093227e-06,0.894838273525238,10.514343,10.515761375427246
2707,107.2513530254364,0.8948566,0.8948465585708618,6.831075097579742e-06,0.8948407173156738,10.514343,10.515344142913818
2708,107.28570246696472,0.8948597,0.8948525786399841,5.384309588407632e-06,0.8948409557342529,10.514032,10.514742136001587
2709,107.32691431045532,0.89486,0.8948559761047363,4.517242757628992e-07,0.8948556184768677,10.513997,10.514402389526367
2710,107.36907267570496,0.89486134,0.8948562145233154,8.583679687035328e-07,0.8948559761047363,10.513866,10.514378547668457
2711,107.41184639930725,0.89486134,0.8948566317558289,1.3057347132416908e-06,0.8948559761047363,10.513866,10.514336824417114
2712,107.4761471748352,0.89488274,0.8909018635749817,0.0032248329371213913,0.8839995265007019,10.511726,10.909813642501831
2713,107.51870489120483,0.89488274,0.8936231732368469,0.0009475675178691745,0.8917115330696106,10.511726,10.637682676315308
2714,107.55291843414307,0.8948833,0.8945150375366211,0.000354358518961817,0.8936858177185059,10.511673,10.54849624633789
2715,107.59632515907288,0.89488804,0.894808292388916,7.540389196947217e-05,0.8946310877799988,10.511196,10.519170761108398
2716,107.63772630691528,0.89488804,0.8948683142662048,1.2254177818249445e-05,0.8948559761047363,10.511196,10.513168573379517
2717,107.67154693603516,0.89488935,0.8948801159858704,6.781542197131785e-06,0.8948619961738586,10.511065,10.511988401412964
2718,107.71276545524597,0.89488935,0.8948841691017151,2.1790674509247765e-06,0.8948827385902405,10.511065,10.511583089828491
2719,107.74764442443848,0.89489704,0.8948855996131897,2.6327004434278933e-06,0.8948832750320435,10.510296,10.51144003868103
2720,107.79011130332947,0.89489704,0.894888162612915,1.7427690863769385e-06,0.8948832750320435,10.510296,10.511183738708496
2721,107.82490587234497,0.89490247,0.8948895335197449,2.2908463961357484e-06,0.8948880434036255,10.509753,10.511046648025513
2722,107.86663770675659,0.89490247,0.8948909640312195,3.309669864393072e-06,0.8948886394500732,10.509753,10.510903596878052
2723,107.90027189254761,0.89490753,0.8948938250541687,3.855906470562331e-06,0.894889235496521,10.509247,10.51061749458313
2724,107.9413058757782,0.89491934,0.8948976993560791,4.04915954277385e-06,0.8948935270309448,10.508066,10.51023006439209
2725,107.98253655433655,0.89491934,0.8949013948440552,5.6069393394864164e-06,0.8948968052864075,10.508066,10.509860515594482
2726,108.0175883769989,0.89492047,0.8949064016342163,5.571154360950459e-06,0.8948976993560791,10.507954,10.50935983657837
2727,108.06031775474548,0.89492047,0.89491206407547,4.823037670576014e-06,0.8949044942855835,10.507954,10.508793592453003
2728,108.09458017349243,0.894921,0.8949164152145386,3.240042588004144e-06,0.8949113488197327,10.507899,10.508358478546143
2729,108.13511157035828,0.89500463,0.894920289516449,7.42884094506735e-06,0.8949171304702759,10.4995365,10.507971048355103
2730,108.18534016609192,0.89500564,0.894923746585846,1.600610266905278e-05,0.8949195742607117,10.499435,10.507625341415405
2731,108.2289719581604,0.89500564,0.8949308395385742,2.647990913828835e-05,0.8949201703071594,10.499435,10.506916046142578
2732,108.26359844207764,0.8950062,0.8949447870254517,3.6369710869621485e-05,0.8949204683303833,10.499382,10.505521297454834
2733,108.30375933647156,0.8950062,0.8949730396270752,3.757239755941555e-05,0.8949210047721863,10.499382,10.50269603729248
2734,108.33814334869385,0.8950062,0.8950050473213196,7.72994951603323e-07,0.8950023055076599,10.499382,10.499495267868042
2735,108.37210941314697,0.8950062,0.8950057029724121,3.0519223059854994e-07,0.8950053453445435,10.499382,10.499429702758789
2736,108.40683817863464,0.8950062,0.8950059413909912,2.501433016277588e-07,0.8950056433677673,10.499382,10.499405860900879
2737,108.44158911705017,0.8950062,0.8950061798095703,0.0,0.8950061798095703,10.499382,10.499382019042969
2738,108.47473883628845,0.8950062,0.8950061798095703,0.0,0.8950061798095703,10.499382,10.499382019042969
2739,108.5078284740448,0.8950062,0.8950061798095703,0.0,0.8950061798095703,10.499382,10.499382019042969
2740,108.5419442653656,0.8950062,0.8950061798095703,0.0,0.8950061798095703,10.499382,10.499382019042969
2741,108.57518744468689,0.8950062,0.8950061798095703,0.0,0.8950061798095703,10.499382,10.499382019042969
2742,108.60941243171692,0.8950062,0.8950061798095703,0.0,0.8950061798095703,10.499382,10.499382019042969
2743,108.64521956443787,0.8950062,0.8950061798095703,0.0,0.8950061798095703,10.499382,10.499382019042969
2744,108.68069529533386,0.8950062,0.8950061798095703,0.0,0.8950061798095703,10.499382,10.499382019042969
2745,108.71626210212708,0.8950062,0.8950061798095703,0.0,0.8950061798095703,10.499382,10.499382019042969
2746,108.75207161903381,0.8950062,0.8950061798095703,0.0,0.8950061798095703,10.499382,10.499382019042969
2747,108.78652834892273,0.8950062,0.8950061798095703,0.0,0.8950061798095703,10.499382,10.499382019042969
2748,108.8200011253357,0.8950062,0.8950061798095703,0.0,0.8950061798095703,10.499382,10.499382019042969
2749,108.85332655906677,0.89500797,0.8950061798095703,1.1786224973775461e-07,0.8950061798095703,10.499203,10.499382019042969
2750,108.89481711387634,0.8950113,0.8950062394142151,3.71479444538636e-07,0.8950061798095703,10.498869,10.499376058578491
2751,108.93381643295288,0.8950113,0.8950063586235046,8.802409752206586e-07,0.8950061798095703,10.498869,10.499364137649536
2752,108.96832823753357,0.8950113,0.8950068354606628,1.5845621419430245e-06,0.8950061798095703,10.498869,10.499316453933716
2753,109.00184154510498,0.89501137,0.8950077295303345,2.182488742619171e-06,0.8950061798095703,10.498863,10.499227046966553
2754,109.04399561882019,0.8950183,0.8950095772743225,2.1562307210842846e-06,0.8950061798095703,10.498172,10.499042272567749
2755,109.08608436584473,0.89502335,0.8950114250183105,1.1062654721172294e-06,0.895011305809021,10.497665,10.498857498168945
2756,109.12772464752197,0.89502335,0.8950119614601135,2.3348775357590057e-06,0.895011305809021,10.497665,10.498803853988647
2757,109.16229510307312,0.89502406,0.8950130343437195,3.637423787949956e-06,0.895011305809021,10.497594,10.498696565628052
2758,109.20339941978455,0.89502513,0.8950151801109314,4.828121745958924e-06,0.8950114250183105,10.497486,10.49848198890686
2759,109.24495792388916,0.8950262,0.8950188755989075,5.200502982916078e-06,0.8950119614601135,10.497379,10.498112440109253
2760,109.28614020347595,0.8950262,0.8950239419937134,7.806600592630275e-07,0.8950216174125671,10.497379,10.497605800628662
2761,109.32087254524231,0.89503676,0.8950247764587402,1.2819734820368467e-06,0.8950240612030029,10.496325,10.497522354125977
2762,109.36134123802185,0.89503676,0.8950256109237671,1.9594147033785703e-06,0.8950240612030029,10.496325,10.497438907623291
2763,109.39575028419495,0.89503676,0.8950269818305969,3.104054030700354e-06,0.8950251340866089,10.496325,10.497301816940308
2764,109.43258118629456,0.8950429,0.8950285911560059,4.531902050075587e-06,0.8950258493423462,10.49571,10.497140884399414
2765,109.50504493713379,0.8950463,0.891490638256073,0.0028635775670409203,0.884914219379425,10.495371,10.8509361743927
2766,109.54738783836365,0.89505684,0.8939785957336426,0.0008934801444411278,0.8920466899871826,10.494316,10.602140426635742
2767,109.59142088890076,0.89505863,0.8947744369506836,0.0002573162200860679,0.8941754698753357,10.494137,10.52255630493164
2768,109.63269400596619,0.89505905,0.8950060606002808,4.438050018507056e-05,0.894883930683136,10.494095,10.499393939971924
2769,109.6731653213501,0.89505905,0.8950424194335938,1.1063044439652003e-05,0.8950262069702148,10.494095,10.495758056640625
2770,109.7064323425293,0.89505905,0.8950514793395996,5.8877440096694045e-06,0.8950462937355042,10.494095,10.494852066040039
2771,109.74093747138977,0.8950742,0.8950568437576294,4.089104095328366e-06,0.8950462937355042,10.492581,10.49431562423706
2772,109.78256726264954,0.8950742,0.8950589895248413,1.3282501640787814e-06,0.8950586318969727,10.492581,10.49410104751587
2773,109.81701016426086,0.89516497,0.8950596451759338,6.8296708377602044e-06,0.8950590491294861,10.483503,10.494035482406616
2774,109.85834860801697,0.89516807,0.895061731338501,1.3436705557978712e-05,0.8950590491294861,10.483193,10.493826866149902
2775,109.89931035041809,0.89516807,0.8950672149658203,2.397858952463139e-05,0.8950590491294861,10.483193,10.493278503417969
2776,109.93395495414734,0.8951832,0.8950797915458679,3.70800044038333e-05,0.8950590491294861,10.48168,10.492020845413208
2777,109.97721815109253,0.8951832,0.8951048254966736,4.594836718752049e-05,0.8950590491294861,10.48168,10.489517450332642
2778,110.01167058944702,0.8951832,0.8951389789581299,4.692099537351169e-05,0.895074188709259,10.48168,10.486102104187012
2779,110.04694628715515,0.8951964,0.895176112651825,7.4140784818155225e-06,0.8951680660247803,10.480362,10.482388734817505
2780,110.08769869804382,0.8951964,0.8951830863952637,1.7030515664373524e-06,0.8951801061630249,10.480362,10.481691360473633
2781,110.14991474151611,0.8951584,0.8917818069458008,0.003065698780119419,0.8850732445716858,10.484159,10.821819305419922
2782,110.19667148590088,0.8951584,0.8942903280258179,0.0006403535371646285,0.892884373664856,10.484159,10.570967197418213
2783,110.23225164413452,0.8951584,0.8948812484741211,0.00022611141321249306,0.8944218158721924,10.484159,10.51187515258789
2784,110.26573729515076,0.8951584,0.8950880765914917,5.020422031520866e-05,0.8949147462844849,10.484159,10.49119234085083
2785,110.30045223236084,0.8951584,0.8951283693313599,2.5758854462765157e-05,0.8950920701026917,10.484159,10.487163066864014
2786,110.33465456962585,0.8951584,0.8951514363288879,1.700684333627578e-05,0.8951096534729004,10.484159,10.484856367111206
2787,110.36815214157104,0.89517915,0.8951585292816162,1.2702325875579845e-06,0.8951584100723267,10.482084,10.484147071838379
2788,110.40867900848389,0.89517915,0.895158588886261,1.7918523553817067e-06,0.8951584100723267,10.482084,10.484141111373901
2789,110.44432020187378,0.89517915,0.8951590061187744,3.3417027225368656e-06,0.8951584100723267,10.482084,10.484099388122559
2790,110.47824239730835,0.89517915,0.895160436630249,5.928801783738891e-06,0.8951584100723267,10.482084,10.483956336975098
2791,110.51407861709595,0.895216,0.8951635360717773,8.960031664173584e-06,0.8951584100723267,10.478401,10.483646392822266
2792,110.56372618675232,0.895216,0.8951694369316101,1.0298801498720422e-05,0.8951584100723267,10.478401,10.48305630683899
2793,110.59731721878052,0.895216,0.8951789736747742,6.63943137624301e-06,0.8951634168624878,10.478401,10.482102632522583
2794,110.63117980957031,0.89527917,0.8951828479766846,1.207155037263874e-05,0.8951791524887085,10.472083,10.481715202331543
2795,110.67192602157593,0.8953007,0.8951929211616516,2.776395922410302e-05,0.8951791524887085,10.469932,10.480707883834839
2796,110.7134301662445,0.8953007,0.8952131271362305,3.939908856409602e-05,0.8951818943023682,10.469932,10.478687286376953
2797,110.74878144264221,0.8953059,0.8952491283416748,3.6205343349138275e-05,0.8951929807662964,10.469413,10.47508716583252
2798,110.79256677627563,0.8953059,0.8952832818031311,1.0954711797239725e-05,0.8952696323394775,10.469413,10.47167181968689
2799,110.82789731025696,0.8953094,0.8952935338020325,7.67772326071281e-06,0.8952816724777222,10.469061,10.470646619796753
2800,110.8694224357605,0.89531016,0.8953009843826294,4.496495421335567e-06,0.8952912092208862,10.468984,10.46990156173706
2801,110.9111270904541,0.89531016,0.8953040838241577,2.7089904506283347e-06,0.8953006863594055,10.468984,10.469591617584229
2802,110.94637942314148,0.89536816,0.8953065276145935,3.999133241450181e-06,0.895305871963501,10.463184,10.46934723854065
2803,110.98929023742676,0.89536816,0.8953080773353577,8.483951205562335e-06,0.895305871963501,10.463184,10.469192266464233
2804,111.02431917190552,0.89537245,0.8953118324279785,1.4435550838243216e-05,0.895305871963501,10.462755,10.468816757202148
2805,111.06645274162292,0.89537245,0.8953205943107605,2.2423064365284517e-05,0.8953093886375427,10.462755,10.46794056892395
2806,111.10078930854797,0.8953759,0.8953332304954529,2.899913306464441e-05,0.8953101634979248,10.462409,10.466676950454712
2807,111.14117050170898,0.8953759,0.8953571915626526,2.466925980115775e-05,0.8953101634979248,10.462409,10.464280843734741
2808,111.17706346511841,0.89537627,0.8953714370727539,2.1887533421249827e-06,0.8953681588172913,10.462374,10.46285629272461
2809,111.21773529052734,0.89537627,0.8953730463981628,1.3697318763661315e-06,0.8953724503517151,10.462374,10.462695360183716
2810,111.252601146698,0.89537627,0.8953738808631897,1.7540552335049142e-06,0.8953724503517151,10.462374,10.46261191368103
2811,111.28832483291626,0.89537627,0.8953753709793091,1.430374254596245e-06,0.8953724503517151,10.462374,10.462462902069092
2812,111.3231885433197,0.89537627,0.8953762650489807,9.909521025974755e-08,0.8953759074211121,10.462374,10.462373495101929
2813,111.3578896522522,0.89537627,0.8953763246536255,5.960464477539063e-08,0.8953762650489807,10.462374,10.462367534637451
2814,111.39194369316101,0.89537627,0.8953763246536255,5.960464477539063e-08,0.8953762650489807,10.462374,10.462367534637451
2815,111.42640542984009,0.89537627,0.8953763246536255,5.960464477539063e-08,0.8953762650489807,10.462374,10.462367534637451
2816,111.46064162254333,0.89537627,0.8953763246536255,5.960464477539063e-08,0.8953762650489807,10.462374,10.462367534637451
2817,111.49458599090576,0.89537627,0.8953763246536255,5.960464477539063e-08,0.8953762650489807,10.462374,10.462367534637451
2818,111.52862334251404,0.89537627,0.8953763246536255,5.960464477539063e-08,0.8953762650489807,10.462374,10.462367534637451
2819,111.56299948692322,0.89537627,0.8953763246536255,5.960464477539063e-08,0.8953762650489807,10.462374,10.462367534637451
2820,111.59885311126709,0.89537627,0.8953763246536255,5.960464477539063e-08,0.8953762650489807,10.462374,10.462367534637451
2821,111.63716435432434,0.89537627,0.8953763246536255,5.960464477539063e-08,0.8953762650489807,10.462374,10.462367534637451
2822,111.67240452766418,0.89537746,0.8953763842582703,1.358999242029313e-07,0.8953762650489807,10.462255,10.462361574172974
2823,111.71311140060425,0.89539135,0.8953763842582703,9.301749628320977e-07,0.8953762650489807,10.460865,10.462361574172974
2824,111.75342869758606,0.89539135,0.8953765034675598,1.3196672625781503e-06,0.8953762650489807,10.460865,10.462349653244019
2825,111.78785252571106,0.89539135,0.8953767418861389,1.8577446780909668e-06,0.8953762650489807,10.460865,10.462325811386108
2826,111.82178950309753,0.8953936,0.895377516746521,3.704620439748396e-06,0.8953762650489807,10.460639,10.4622483253479
2827,111.86290621757507,0.89539385,0.895379364490509,5.620536740025273e-06,0.8953762650489807,10.460615,10.462063550949097
2828,111.90398812294006,0.89539486,0.8953826427459717,7.245167580549605e-06,0.8953774571418762,10.460514,10.461735725402832
2829,111.94684386253357,0.89539486,0.8953884840011597,7.054167781461729e-06,0.8953774571418762,10.460514,10.461151599884033
2830,111.98129320144653,0.8954345,0.8953937292098999,2.5603246740502072e-06,0.8953922390937805,10.456551,10.46062707901001
2831,112.02319741249084,0.8954345,0.8953947424888611,5.441309440357145e-06,0.8953936100006104,10.456551,10.460525751113892
2832,112.05748414993286,0.8954491,0.895397424697876,1.0346133421990089e-05,0.8953938484191895,10.45509,10.460257530212402
2833,112.0998215675354,0.8954514,0.8954033851623535,1.72391355590662e-05,0.8953948616981506,10.454857,10.459661483764648
2834,112.14166569709778,0.8954514,0.8954146504402161,2.2482261556433514e-05,0.8953948616981506,10.454857,10.458534955978394
2835,112.1766369342804,0.8954514,0.8954366445541382,1.4096318409428932e-05,0.8953971862792969,10.454857,10.456335544586182
2836,112.21200394630432,0.89545786,0.8954463601112366,6.485743142548017e-06,0.8954344987869263,10.454214,10.455363988876343
2837,112.26654696464539,0.8954586,0.8954505324363708,1.5913765309960581e-06,0.8954491019248962,10.454142,10.454946756362915
2838,112.31776070594788,0.8954586,0.8954520225524902,1.7618268657315639e-06,0.8954514265060425,10.454142,10.454797744750977
2839,112.35323452949524,0.8954601,0.8954528570175171,2.6124641863134457e-06,0.8954514265060425,10.453987,10.454714298248291
2840,112.39514565467834,0.8954617,0.8954545259475708,3.3581172829144634e-06,0.8954514265060425,10.453833,10.45454740524292
2841,112.43730211257935,0.8954617,0.8954575061798096,2.2147521576698637e-06,0.8954514265060425,10.453833,10.454249382019043
2842,112.47116494178772,0.8954664,0.8954591155052185,1.0173874898100621e-06,0.8954578638076782,10.4533615,10.45408844947815
2843,112.5120108127594,0.8954709,0.8954603672027588,2.383273113082396e-06,0.8954585790634155,10.4529085,10.453963279724121
2844,112.55398273468018,0.8954719,0.8954619765281677,3.4916065487777814e-06,0.8954601287841797,10.452813,10.453802347183228
2845,112.59586668014526,0.8954725,0.8954644799232483,4.50087782155606e-06,0.8954601287841797,10.452747,10.453552007675171
2846,112.63734436035156,0.8954939,0.8954688906669617,3.4566469366836827e-06,0.8954626321792603,10.450607,10.453110933303833
2847,112.67986583709717,0.89550567,0.8954720497131348,3.96386440115748e-06,0.8954703211784363,10.449433,10.452795028686523
2848,112.72112655639648,0.89550567,0.8954742550849915,7.564373390778201e-06,0.8954718708992004,10.449433,10.452574491500854
2849,112.75525712966919,0.89550567,0.8954784274101257,1.1953884495596867e-05,0.8954718708992004,10.449433,10.452157258987427
2850,112.78982400894165,0.89551926,0.8954865336418152,1.4743571227882057e-05,0.895472526550293,10.448074,10.451346635818481
2851,112.83352160453796,0.8955425,0.8955013155937195,9.219189450959675e-06,0.8954752683639526,10.445749,10.449868440628052
2852,112.8755304813385,0.89555305,0.8955080509185791,6.545114956679754e-06,0.8955056667327881,10.4446945,10.44919490814209
2853,112.919273853302,0.89555305,0.8955118656158447,1.1292479030089453e-05,0.8955056667327881,10.4446945,10.448813438415527
2854,112.95396780967712,0.8955566,0.8955196142196655,1.5878396879998036e-05,0.8955090045928955,10.444337,10.448038578033447
2855,112.99771547317505,0.8955566,0.8955317139625549,1.685419374553021e-05,0.8955090045928955,10.444337,10.446828603744507
2856,113.03380298614502,0.8956303,0.8955481648445129,7.46638170312508e-06,0.8955425024032593,10.43697,10.445183515548706
2857,113.07448744773865,0.89566714,0.8955546617507935,1.2030018297082279e-05,0.8955458998680115,10.433287,10.444533824920654
2858,113.11663937568665,0.89566714,0.8955599665641785,1.9175538909621537e-05,0.8955530524253845,10.433287,10.444003343582153
2859,113.15132164955139,0.89567786,0.8955698609352112,2.9963039196445607e-05,0.895556628704071,10.432214,10.443013906478882
2860,113.19406032562256,0.89570785,0.8955874443054199,4.222224379191175e-05,0.895556628704071,10.429215,10.441255569458008
2861,113.23651051521301,0.89570785,0.8956217765808105,4.3600291974144056e-05,0.8955588340759277,10.429215,10.437822341918945
2862,113.27133178710938,0.89570785,0.8956600427627563,1.9942821381846443e-05,0.8956373929977417,10.429215,10.433995723724365
2863,113.30767321586609,0.8957085,0.8956792950630188,1.1855533557536546e-05,0.8956671357154846,10.42915,10.43207049369812
2864,113.3482813835144,0.89572006,0.8956881761550903,1.3031714843236841e-05,0.8956778645515442,10.427994,10.431182384490967
2865,113.39073514938354,0.89572006,0.8956996202468872,1.128302301367512e-05,0.8956785202026367,10.427994,10.43003797531128
2866,113.42531633377075,0.89572006,0.8957095742225647,3.9790174923837185e-06,0.8957078456878662,10.427994,10.42904257774353
2867,113.45974016189575,0.89572066,0.8957116007804871,5.357455393095734e-06,0.8957078456878662,10.427934,10.428839921951294
2868,113.50271606445312,0.89572066,0.8957154750823975,5.5604450608370826e-06,0.8957085013389587,10.427934,10.428452491760254
2869,113.53727340698242,0.89572066,0.8957202434539795,2.595544401629013e-07,0.8957200646400452,10.427934,10.42797565460205
2870,113.57116794586182,0.89572066,0.8957204222679138,3.0501780656777555e-07,0.8957200646400452,10.427934,10.427957773208618
2871,113.60727286338806,0.8957289,0.8957206606864929,5.093015147394908e-07,0.8957200646400452,10.427112,10.427933931350708
2872,113.64990854263306,0.8957289,0.8957206606864929,8.718949970898393e-07,0.8957206606864929,10.427112,10.427933931350708
2873,113.68419551849365,0.8957289,0.8957209587097168,1.8226281781608122e-06,0.8957206606864929,10.427112,10.42790412902832
2874,113.71824359893799,0.8957289,0.8957216739654541,2.787323637676309e-06,0.8957206606864929,10.427112,10.42783260345459
2875,113.75380253791809,0.8957326,0.8957231640815735,3.763175527637941e-06,0.8957206606864929,10.426742,10.427683591842651
2876,113.79498767852783,0.8957326,0.8957257866859436,3.931023911718512e-06,0.8957206606864929,10.426742,10.42742133140564
2877,113.82948613166809,0.8957326,0.8957290649414062,7.174382403718482e-07,0.8957286477088928,10.426742,10.427093505859375
2878,113.86394906044006,0.8957591,0.8957297801971436,3.1293782285501948e-06,0.8957288861274719,10.424089,10.427021980285645
2879,113.90525364875793,0.8957591,0.895731508731842,6.041178494342603e-06,0.8957288861274719,10.424089,10.426849126815796
2880,113.94024562835693,0.8957591,0.8957347869873047,8.706266271474306e-06,0.8957288861274719,10.424089,10.426521301269531
2881,113.97589540481567,0.8957591,0.8957422971725464,9.377825335832313e-06,0.8957306742668152,10.424089,10.425770282745361
2882,114.01166582107544,0.8957591,0.8957507014274597,5.9963763305859175e-06,0.8957414627075195,10.424089,10.424929857254028
2883,114.04612946510315,0.8957591,0.8957554697990417,3.970173111156328e-06,0.8957511186599731,10.424089,10.424453020095825
2884,114.08092999458313,0.8957591,0.8957592844963074,1.7881393432617188e-07,0.895759105682373,10.424089,10.424071550369263
2885,114.11494994163513,0.8957712,0.8957592844963074,7.510635100516083e-07,0.895759105682373,10.422879,10.424071550369263
2886,114.156569480896,0.8957712,0.8957593441009521,1.0536996342125349e-06,0.895759105682373,10.422879,10.424065589904785
2887,114.1913366317749,0.8957712,0.8957595229148865,1.8856160295399604e-06,0.895759105682373,10.422879,10.424047708511353
2888,114.22576332092285,0.8957712,0.8957602977752686,3.3029339192580665e-06,0.895759105682373,10.422879,10.423970222473145
2889,114.25935697555542,0.8957712,0.8957616090774536,4.5968135964358225e-06,0.895759105682373,10.422879,10.423839092254639
2890,114.29612684249878,0.8957712,0.8957644104957581,5.5081159189285245e-06,0.895759105682373,10.422879,10.423558950424194
2891,114.33078217506409,0.8957712,0.8957695364952087,2.8988961275899783e-06,0.8957614898681641,10.422879,10.423046350479126
2892,114.36572599411011,0.8957712,0.8957711458206177,5.960464477539063e-08,0.8957712054252625,10.422879,10.422885417938232
2893,114.40250396728516,0.8957712,0.8957711458206177,5.960464477539063e-08,0.8957712054252625,10.422879,10.422885417938232
2894,114.43596649169922,0.8957712,0.8957711458206177,5.960464477539063e-08,0.8957712054252625,10.422879,10.422885417938232
2895,114.46944236755371,0.8957712,0.8957711458206177,5.960464477539063e-08,0.8957712054252625,10.422879,10.422885417938232
2896,114.5036985874176,0.8957734,0.8957711458206177,1.508420837126323e-07,0.8957712054252625,10.422659,10.422885417938232
2897,114.54383826255798,0.89578724,0.8957712650299072,1.0282759603796876e-06,0.8957712054252625,10.421276,10.422873497009277
2898,114.5848536491394,0.89580435,0.8957717418670654,3.4202546430606162e-06,0.8957712054252625,10.419565,10.422825813293457
2899,114.62722969055176,0.89581364,0.8957728147506714,6.1097948673705105e-06,0.8957712054252625,10.418635,10.422718524932861
2900,114.66877365112305,0.89581364,0.895776093006134,1.101979250961449e-05,0.8957712054252625,10.418635,10.422390699386597
2901,114.70271730422974,0.89581555,0.8957831859588623,1.568935658724513e-05,0.8957712054252625,10.418445,10.42168140411377
2902,114.74366784095764,0.8958441,0.895794689655304,1.6875132132554427e-05,0.8957734107971191,10.41559,10.420531034469604
2903,114.78636837005615,0.89585066,0.8958110213279724,6.447264695452759e-06,0.8958043456077576,10.414934,10.418897867202759
2904,114.82881569862366,0.89585066,0.8958168029785156,1.0012200618803035e-05,0.89580899477005,10.414934,10.418319702148438
2905,114.86177110671997,0.89585096,0.8958231210708618,1.4141473002382554e-05,0.8958136439323425,10.414905,10.417687892913818
2906,114.9032392501831,0.89585286,0.8958335518836975,1.5672158042434603e-05,0.8958155512809753,10.414714,10.416644811630249
2907,114.94584727287292,0.89585286,0.8958483934402466,2.668657771209837e-06,0.8958441019058228,10.414714,10.415160655975342
2908,114.98387360572815,0.89585286,0.8958507180213928,1.2916829064124613e-06,0.8958487510681152,10.414714,10.414928197860718
2909,115.01887059211731,0.89585286,0.8958516716957092,9.016942499329161e-07,0.8958509564399719,10.414714,10.414832830429077
2910,115.05520153045654,0.89585286,0.8958524465560913,8.58724433783209e-07,0.8958509564399719,10.414714,10.41475534439087
2911,115.0890154838562,0.89585286,0.8958529233932495,5.960464477539063e-08,0.8958528637886047,10.414714,10.414707660675049
2912,115.12357878684998,0.89585286,0.8958529233932495,5.960464477539063e-08,0.8958528637886047,10.414714,10.414707660675049
2913,115.15740537643433,0.89585286,0.8958529233932495,5.960464477539063e-08,0.8958528637886047,10.414714,10.414707660675049
2914,115.19154644012451,0.8958773,0.8958529829978943,1.4930287761671934e-06,0.8958528637886047,10.41227,10.414701700210571
2915,115.2347195148468,0.8958773,0.8958533406257629,3.248267375965952e-06,0.8958528637886047,10.41227,10.414665937423706
2916,115.26875948905945,0.8958773,0.8958549499511719,6.5433946474513505e-06,0.8958528637886047,10.41227,10.414505004882812
2917,115.30420994758606,0.8958773,0.8958578705787659,9.520105777482968e-06,0.8958528637886047,10.41227,10.414212942123413
2918,115.33871603012085,0.8958773,0.8958638310432434,1.1424453077779617e-05,0.8958528637886047,10.41227,10.41361689567566
2919,115.37283444404602,0.8958773,0.8958747386932373,5.001830686524045e-06,0.8958556652069092,10.41227,10.41252613067627
2920,115.407306432724,0.8958773,0.8958771228790283,1.9005067031230283e-07,0.8958768844604492,10.41227,10.412287712097168
2921,115.442880153656,0.8958773,0.8958771824836731,1.1920928955078125e-07,0.8958773016929626,10.41227,10.41228175163269
2922,115.47701478004456,0.8958773,0.8958771824836731,1.1920928955078125e-07,0.8958773016929626,10.41227,10.41228175163269
2923,115.51194381713867,0.8958773,0.8958771824836731,1.1920928955078125e-07,0.8958773016929626,10.41227,10.41228175163269
2924,115.54612302780151,0.8958773,0.8958771824836731,1.1920928955078125e-07,0.8958773016929626,10.41227,10.41228175163269
2925,115.57943940162659,0.8958773,0.8958771824836731,1.1920928955078125e-07,0.8958773016929626,10.41227,10.41228175163269
2926,115.61376953125,0.8958773,0.8958771824836731,1.1920928955078125e-07,0.8958773016929626,10.41227,10.41228175163269
2927,115.64860987663269,0.8958773,0.8958771824836731,1.1920928955078125e-07,0.8958773016929626,10.41227,10.41228175163269
2928,115.68250823020935,0.8958773,0.8958771824836731,1.1920928955078125e-07,0.8958773016929626,10.41227,10.41228175163269
2929,115.7157530784607,0.8958773,0.8958771824836731,1.1920928955078125e-07,0.8958773016929626,10.41227,10.41228175163269
2930,115.74871563911438,0.8958851,0.8958772420883179,4.851638095715316e-07,0.8958773016929626,10.4114895,10.412275791168213
2931,115.79157257080078,0.8958852,0.8958772420883179,8.403125093536801e-07,0.8958773016929626,10.411477,10.412275791168213
2932,115.8344030380249,0.8958852,0.895877480506897,1.4937994592401083e-06,0.8958773016929626,10.411477,10.412251949310303
2933,115.86877655982971,0.8958852,0.8958780169487,2.4905257305363193e-06,0.8958773016929626,10.411477,10.412198305130005
2934,115.90102815628052,0.8958852,0.8958790302276611,3.3002688724081963e-06,0.8958773016929626,10.411477,10.412096977233887
2935,115.93315052986145,0.8958852,0.8958809971809387,3.9410310819221195e-06,0.8958773016929626,10.411477,10.411900281906128
2936,115.96830153465271,0.8958852,0.8958851099014282,1.1252185458943131e-06,0.8958773016929626,10.411477,10.411489009857178
2937,116.00274419784546,0.8958852,0.8958853483200073,1.1920928955078125e-07,0.8958852291107178,10.411477,10.411465167999268
2938,116.03818702697754,0.89589024,0.8958853483200073,3.2191221066568687e-07,0.8958852291107178,10.410976,10.411465167999268
2939,116.08309602737427,0.89589024,0.8958854079246521,5.417730335466331e-07,0.8958852291107178,10.410976,10.41145920753479
2940,116.11706638336182,0.8958911,0.8958856463432312,1.1404964652683702e-06,0.8958852291107178,10.4108925,10.41143536567688
2941,116.15851640701294,0.8958911,0.8958860635757446,1.7588978380445042e-06,0.8958852291107178,10.4108925,10.411393642425537
2942,116.19342827796936,0.8958938,0.8958868384361267,2.325762807231513e-06,0.8958852291107178,10.410619,10.411316156387329
2943,116.23441338539124,0.89591825,0.8958888649940491,4.032141077914275e-06,0.8958852291107178,10.4081745,10.411113500595093
2944,116.27620458602905,0.8959241,0.8958927392959595,7.577672477054875e-06,0.8958902359008789,10.407591,10.410726070404053
2945,116.31800246238708,0.8959241,0.8958966135978699,1.1694554814312141e-05,0.8958902359008789,10.407591,10.410338640213013
2946,116.35320377349854,0.8959241,0.8959036469459534,1.4909711353539024e-05,0.8958910703659058,10.407591,10.409635305404663
2947,116.38747453689575,0.8959241,0.8959179520606995,9.73810711002443e-06,0.8958910703659058,10.407591,10.408204793930054
2948,116.42245578765869,0.8959241,0.8959237933158875,3.6431825378713256e-07,0.8959231972694397,10.407591,10.407620668411255
2949,116.45593738555908,0.8959241,0.8959239721298218,1.1920928955078125e-07,0.8959240913391113,10.407591,10.407602787017822
2950,116.4904305934906,0.89593136,0.8959240317344666,4.5259974967848393e-07,0.8959240913391113,10.406864,10.407596826553345
2951,116.53229284286499,0.89593136,0.8959240913391113,7.708057410127367e-07,0.8959240913391113,10.406864,10.407590866088867
2952,116.56604242324829,0.89593136,0.8959243297576904,1.503822431914159e-06,0.8959240913391113,10.406864,10.407567024230957
2953,116.60193204879761,0.89593834,0.8959250450134277,2.477565431036055e-06,0.8959240913391113,10.406166,10.407495498657227
2954,116.64303421974182,0.89593935,0.8959264159202576,3.319299594295444e-06,0.8959240913391113,10.406065,10.407358407974243
2955,116.68455076217651,0.89594114,0.8959291577339172,3.359692982485285e-06,0.8959240913391113,10.405886,10.407084226608276
2956,116.724294424057,0.89594114,0.8959320187568665,2.502993766029249e-06,0.8959309458732605,10.405886,10.406798124313354
2957,116.75810480117798,0.8959662,0.895933985710144,4.5898723328718916e-06,0.8959313631057739,10.403383,10.406601428985596
2958,116.79907870292664,0.89597327,0.8959378600120544,6.218772796273697e-06,0.8959313631057739,10.402674,10.406213998794556
2959,116.84014582633972,0.89597327,0.8959436416625977,6.703507551719667e-06,0.8959383368492126,10.402674,10.405635833740234
2960,116.87500286102295,0.89597327,0.8959483504295349,8.681514373165555e-06,0.8959436416625977,10.402674,10.405164957046509
2961,116.90916442871094,0.8959916,0.8959541916847229,1.0965136425511446e-05,0.8959440588951111,10.400838,10.40458083152771
2962,116.95114803314209,0.89599246,0.895965039730072,8.914933459891472e-06,0.8959485292434692,10.400754,10.403496026992798
2963,116.99335527420044,0.8959984,0.8959733247756958,8.064863322942983e-06,0.8959635496139526,10.400158,10.40266752243042
2964,117.0364420413971,0.89601105,0.8959811925888062,8.818933565635234e-06,0.895973265171051,10.398894,10.401880741119385
2965,117.0807318687439,0.89601105,0.8959896564483643,9.071510248759296e-06,0.8959788680076599,10.398894,10.401034355163574
2966,117.11622881889343,0.8960145,0.8959985971450806,7.87630688137142e-06,0.8959915637969971,10.398549,10.400140285491943
2967,117.16150331497192,0.8960145,0.8960064649581909,6.285821200435748e-06,0.8959977626800537,10.398549,10.399353504180908
2968,117.19688558578491,0.8960188,0.896011471748352,1.1935291013287497e-06,0.8960107564926147,10.39812,10.398852825164795
2969,117.2389407157898,0.8960188,0.8960120677947998,1.7299370256296243e-06,0.8960110545158386,10.39812,10.39879322052002
2970,117.27325057983398,0.8960527,0.8960136771202087,3.2852788081072504e-06,0.8960111141204834,10.394728,10.398632287979126
2971,117.31479501724243,0.89606595,0.8960164189338684,6.0688003031827975e-06,0.8960142731666565,10.393405,10.39835810661316
2972,117.35613703727722,0.8961446,0.896020770072937,1.5322682884288952e-05,0.8960145115852356,10.385537,10.397922992706299
2973,117.39831209182739,0.8961487,0.8960314989089966,2.9233169698272832e-05,0.8960148692131042,10.385132,10.396850109100342
2974,117.44093728065491,0.89615196,0.8960502743721008,4.210440965835005e-05,0.8960192203521729,10.384804,10.394972562789917
2975,117.4823009967804,0.89615214,0.8960853815078735,4.495360190048814e-05,0.896022617816925,10.384787,10.391461849212646
2976,117.52354502677917,0.89615244,0.8961288928985596,1.6080784916994162e-05,0.8960736989974976,10.384756,10.387110710144043
2977,117.59197306632996,0.89614546,0.8927499055862427,0.0029402682557702065,0.8855927586555481,10.385454,10.725009441375732
2978,117.6337320804596,0.89614546,0.8952695727348328,0.0007587230647914112,0.8936882019042969,10.385454,10.473042726516724
2979,117.66917824745178,0.896146,0.8959131836891174,0.00018965022172778845,0.8954814672470093,10.3854,10.408681631088257
2980,117.71009635925293,0.89615244,0.8960778117179871,5.121138019603677e-05,0.8959826827049255,10.384756,10.392218828201294
2981,117.75251197814941,0.89615244,0.8961246013641357,1.9323893866385333e-05,0.8960864543914795,10.384756,10.387539863586426
2982,117.78603339195251,0.89615244,0.8961403369903564,7.923883458715864e-06,0.8961268663406372,10.384756,10.385966300964355
2983,117.8207266330719,0.8961528,0.8961465954780579,2.8423237381502986e-06,0.8961446285247803,10.384721,10.385340452194214
2984,117.86145806312561,0.8961528,0.8961485624313354,3.308059376649908e-06,0.8961454629898071,10.384721,10.385143756866455
2985,117.89686727523804,0.8961528,0.8961517214775085,1.972927748283837e-06,0.8961459994316101,10.384721,10.384827852249146
2986,117.93179488182068,0.8961528,0.8961523771286011,2.0695931368663878e-07,0.8961524367332458,10.384721,10.384762287139893
2987,117.96696543693542,0.8961528,0.8961524963378906,1.982911044251523e-07,0.8961524367332458,10.384721,10.384750366210938
2988,118.0014750957489,0.8961528,0.8961526155471802,1.7881393432617188e-07,0.8961524367332458,10.384721,10.384738445281982
2989,118.03634285926819,0.8961528,0.8961527943611145,0.0,0.8961527943611145,10.384721,10.38472056388855
2990,118.07149529457092,0.8961528,0.8961527943611145,0.0,0.8961527943611145,10.384721,10.38472056388855
2991,118.10786581039429,0.89615303,0.8961527943611145,1.4590979979800522e-08,0.8961527943611145,10.384697,10.38472056388855
2992,118.14942812919617,0.89615303,0.8961527943611145,2.9181959959601045e-08,0.8961527943611145,10.384697,10.38472056388855
2993,118.18400621414185,0.89615357,0.8961527943611145,7.660264600417577e-08,0.8961527943611145,10.384644,10.38472056388855
2994,118.22590923309326,0.89615357,0.896152913570404,1.4830673933374783e-07,0.8961527943611145,10.384644,10.384708642959595
2995,118.2598705291748,0.89615357,0.8961530327796936,2.4359454187106167e-07,0.8961527943611145,10.384644,10.38469672203064
2996,118.29461121559143,0.89615357,0.8961532115936279,2.913061791787186e-07,0.8961527943611145,10.384644,10.384678840637207
2997,118.32820749282837,0.89617276,0.8961533904075623,1.2353879128568224e-06,0.8961530327796936,10.382724,10.384660959243774
2998,118.36970925331116,0.896173,0.8961539268493652,2.815258085320238e-06,0.8961530327796936,10.3827,10.384607315063477
2999,118.41126489639282,0.89617336,0.896155059337616,5.055965630162973e-06,0.8961535692214966,10.382664,10.384494066238403
3000,118.45516061782837,0.89617336,0.8961572647094727,7.4355311880935915e-06,0.8961535692214966,10.382664,10.384273529052734
3001,118.49622368812561,0.8961736,0.8961613774299622,9.1737510956591e-06,0.8961535692214966,10.382641,10.383862257003784
3002,118.53681564331055,0.89618933,0.8961698412895203,6.808090802223887e-06,0.8961535692214966,10.381067,10.383015871047974
3003,118.57844567298889,0.89619076,0.8961746096611023,3.822955022769747e-06,0.8961730003356934,10.380924,10.38253903388977
3004,118.62058353424072,0.89620245,0.896176278591156,5.775568752142135e-06,0.896173357963562,10.379755,10.3823721408844
3005,118.66214513778687,0.89620245,0.8961799740791321,7.48382853998919e-06,0.896173357963562,10.379755,10.382002592086792
3006,118.69700288772583,0.89620256,0.8961867690086365,6.23697496848763e-06,0.8961752653121948,10.379744,10.381323099136353
3007,118.7393410205841,0.8962077,0.8961923718452454,5.98308088228805e-06,0.8961864113807678,10.3792305,10.380762815475464
3008,118.78041195869446,0.8962078,0.8961973786354065,6.317477073025657e-06,0.8961896896362305,10.379219,10.38026213645935
3009,118.82289838790894,0.8962078,0.8962033987045288,2.038036882368033e-06,0.8962018489837646,10.379219,10.37966012954712
3010,118.85944557189941,0.89623,0.8962047696113586,2.788045549095841e-06,0.8962024450302124,10.377002,10.379523038864136
3011,118.90004086494446,0.89623666,0.8962069749832153,3.406451924092835e-06,0.8962027430534363,10.376334,10.379302501678467
3012,118.94167494773865,0.8962404,0.8962091207504272,6.1384889704640955e-06,0.896207332611084,10.375958,10.379087924957275
3013,118.98347449302673,0.8962405,0.8962123394012451,1.0637961167958565e-05,0.8962076902389526,10.375953,10.378766059875488
3014,119.02602314949036,0.8962408,0.8962178230285645,1.4209034816303756e-05,0.8962076902389526,10.375923,10.378217697143555
3015,119.06768870353699,0.89624095,0.8962295651435852,1.3912691429140978e-05,0.8962078094482422,10.375905,10.37704348564148
3016,119.10928440093994,0.89624095,0.8962404727935791,3.7809189734616666e-07,0.8962395787239075,10.375905,10.37595272064209
3017,119.14452004432678,0.8962413,0.8962408304214478,2.0148632984273718e-07,0.8962404727935791,10.37587,10.375916957855225
3018,119.18885970115662,0.8962413,0.8962410688400269,1.2348573363851756e-07,0.896240770816803,10.37587,10.375893115997314
3019,119.22604274749756,0.89624506,0.8962411284446716,4.909301196676097e-07,0.8962409496307373,10.375494,10.375887155532837
3020,119.27022337913513,0.89624506,0.8962413668632507,9.985698170567048e-07,0.8962409496307373,10.375494,10.375863313674927
3021,119.30453872680664,0.8963224,0.8962422013282776,5.157285158929881e-06,0.8962409496307373,10.367757,10.375779867172241
3022,119.34583067893982,0.8963224,0.8962442278862,1.095832067221636e-05,0.8962409496307373,10.367757,10.375577211380005
3023,119.37999677658081,0.89632636,0.8962505459785461,2.0512245100690052e-05,0.8962416648864746,10.367364,10.374945402145386
3024,119.42360758781433,0.89632636,0.8962604403495789,3.116349034826271e-05,0.8962450623512268,10.367364,10.373955965042114
3025,119.45751643180847,0.89632636,0.8962803483009338,3.923313852283172e-05,0.8962450623512268,10.367364,10.371965169906616
3026,119.49156403541565,0.8963315,0.8963168859481812,2.3037306164042093e-05,0.8962450623512268,10.366851,10.368311405181885
3027,119.53349757194519,0.8963445,0.8963265419006348,1.374969997414155e-06,0.8963233232498169,10.365552,10.367345809936523
3028,119.57633137702942,0.8963505,0.8963269591331482,2.5508602448098827e-06,0.8963263630867004,10.36495,10.36730408668518
3029,119.61821293830872,0.8963505,0.8963282704353333,4.4508678911370225e-06,0.8963263630867004,10.36495,10.367172956466675
3030,119.65325450897217,0.89641225,0.8963310718536377,8.40511802380206e-06,0.8963263630867004,10.358774,10.36689281463623
3031,119.69582867622375,0.89641225,0.8963376879692078,1.3898460565542337e-05,0.8963284492492676,10.358774,10.366231203079224
3032,119.73177218437195,0.8964151,0.8963475227355957,1.9322678781463765e-05,0.8963320255279541,10.358488,10.36524772644043
3033,119.77572703361511,0.8964422,0.8963632583618164,2.4979077352327295e-05,0.8963444828987122,10.3557825,10.36367416381836
3034,119.81752586364746,0.89644516,0.896381139755249,3.060144808841869e-05,0.8963519334793091,10.355484,10.361886024475098
3035,119.86118674278259,0.89647806,0.8964110016822815,2.561984001658857e-05,0.8963606953620911,10.352194,10.35889983177185
3036,119.90322184562683,0.89647824,0.8964312076568604,1.585326754138805e-05,0.8964127898216248,10.352177,10.356879234313965
3037,119.94658470153809,0.89647824,0.8964467644691467,1.2913629689137451e-05,0.8964334726333618,10.352177,10.355323553085327
3038,119.98151540756226,0.89647824,0.8964576125144958,1.2570596481964458e-05,0.896442174911499,10.352177,10.354238748550415
3039,120.0157310962677,0.8964802,0.8964698314666748,6.938874776096782e-06,0.8964537978172302,10.35198,10.35301685333252
3040,120.05894732475281,0.89649373,0.8964753746986389,3.89435945180594e-06,0.8964693546295166,10.350627,10.352462530136108
3041,120.10091495513916,0.89649373,0.896478533744812,1.7677531332083163e-06,0.8964780569076538,10.350627,10.352146625518799
3042,120.13596391677856,0.8965083,0.8964796662330627,3.757718332053628e-06,0.8964780569076538,10.349173,10.352033376693726
3043,120.1749415397644,0.8965083,0.8964820504188538,6.09354810876539e-06,0.8964782357215881,10.349173,10.351794958114624
3044,120.20986890792847,0.8965083,0.8964855074882507,7.874852599343285e-06,0.8964802026748657,10.349173,10.351449251174927
3045,120.24472379684448,0.8965254,0.8964918255805969,8.883802365744486e-06,0.8964803814888,10.347462,10.350817441940308
3046,120.28493142127991,0.8965254,0.8965001702308655,7.0506362135347445e-06,0.8964937329292297,10.347462,10.349982976913452
3047,120.3191831111908,0.89652884,0.8965059518814087,8.940149200498126e-06,0.8964968323707581,10.347116,10.34940481185913
3048,120.36250495910645,0.89652884,0.896514892578125,7.276795258803759e-06,0.8965052962303162,10.347116,10.3485107421875
3049,120.40472340583801,0.8965292,0.8965217471122742,4.980516678187996e-06,0.8965131044387817,10.34708,10.347825288772583
3050,120.44732999801636,0.8965292,0.8965262174606323,1.601347662472108e-06,0.8965235352516174,10.34708,10.347378253936768
3051,120.48050594329834,0.89654416,0.8965277075767517,1.6086348750832258e-06,0.8965256810188293,10.345584,10.347229242324829
3052,120.52246975898743,0.8965478,0.8965291976928711,2.1800610738864634e-06,0.8965271711349487,10.345221,10.34708023071289
3053,120.56489896774292,0.8965478,0.8965305089950562,4.291584900784073e-06,0.8965288400650024,10.345221,10.346949100494385
3054,120.59769821166992,0.89654815,0.8965327143669128,6.5609215198492166e-06,0.8965291976928711,10.345184,10.346728563308716
3055,120.63831186294556,0.89655423,0.8965364098548889,8.124536179821007e-06,0.8965291976928711,10.344577,10.346359014511108
3056,120.67890214920044,0.89655423,0.8965438008308411,6.073935765016358e-06,0.8965319991111755,10.344577,10.345619916915894
3057,120.71335315704346,0.89655465,0.8965486288070679,1.8645312138687586e-06,0.896547794342041,10.344535,10.345137119293213
3058,120.7553939819336,0.89655465,0.8965497612953186,2.564072929089889e-06,0.8965481519699097,10.344535,10.34502387046814
3059,120.78898406028748,0.8965633,0.8965517282485962,2.89145873466623e-06,0.8965481519699097,10.343671,10.34482717514038
3060,120.8298761844635,0.8965633,0.8965544104576111,1.1525373793119797e-06,0.896551251411438,10.343671,10.344558954238892
3061,120.86417317390442,0.89660525,0.896555483341217,4.607047685567522e-06,0.8965542316436768,10.339475,10.344451665878296
3062,120.9051582813263,0.89660823,0.8965578079223633,1.009584048006218e-05,0.8965545892715454,10.339176,10.344219207763672
3063,120.94614791870117,0.89661133,0.8965635299682617,1.6650075849611312e-05,0.8965546488761902,10.338867,10.343647003173828
3064,120.98863053321838,0.89661133,0.8965737819671631,2.144245991075877e-05,0.8965572118759155,10.338867,10.342621803283691
3065,121.02367353439331,0.8966145,0.8965919017791748,2.0398290871526115e-05,0.8965632915496826,10.338551,10.34080982208252
3066,121.06507325172424,0.8966172,0.8966076970100403,2.6750956294563366e-06,0.8966048955917358,10.338283,10.339230298995972
3067,121.10671591758728,0.89661753,0.8966099619865417,2.460199084453052e-06,0.8966079354286194,10.338247,10.339003801345825
3068,121.14772129058838,0.8966289,0.8966124057769775,2.5902625111484667e-06,0.8966083526611328,10.337109,10.338759422302246
3069,121.1905267238617,0.8966289,0.8966144323348999,2.3624900222785072e-06,0.8966114521026611,10.337109,10.33855676651001
3070,121.22523975372314,0.89663076,0.8966163992881775,2.813190803863108e-06,0.8966144919395447,10.336924,10.338360071182251
3071,121.2694640159607,0.89663327,0.8966184258460999,4.037595772388158e-06,0.8966148495674133,10.336674,10.338157415390015
3072,121.3122718334198,0.89663625,0.8966209888458252,5.527872872335138e-06,0.8966175317764282,10.336375,10.33790111541748
3073,121.3568103313446,0.89664334,0.8966251015663147,6.518246209452627e-06,0.8966175317764282,10.335666,10.33748984336853
3074,121.4007658958435,0.89664334,0.8966315984725952,3.1035290248837555e-06,0.8966259956359863,10.335666,10.336840152740479
3075,121.4368085861206,0.8966434,0.8966343402862549,2.9853590604034252e-06,0.8966307640075684,10.33566,10.336565971374512
3076,121.47873401641846,0.89664793,0.8966368436813354,3.2801606266730232e-06,0.896633505821228,10.335207,10.336315631866455
3077,121.5203366279602,0.8966769,0.896639883518219,5.1087572501273826e-06,0.8966362476348877,10.33231,10.3360116481781
3078,121.56271815299988,0.8966883,0.8966442942619324,8.028568117879331e-06,0.8966383934020996,10.331172,10.335570573806763
3079,121.60438013076782,0.89668936,0.8966504335403442,1.3131239938957151e-05,0.896643340587616,10.331064,10.334956645965576
3080,121.64682912826538,0.89668936,0.8966590762138367,1.7107473468058743e-05,0.8966444730758667,10.331064,10.334092378616333
3081,121.68198990821838,0.89668936,0.896673858165741,1.539763979963027e-05,0.8966479301452637,10.331064,10.332614183425903
3082,121.71751379966736,0.89668936,0.8966864943504333,2.1502087292901706e-06,0.8966819047927856,10.331064,10.331350564956665
3083,121.75626754760742,0.89668936,0.8966882824897766,8.136679525705404e-07,0.8966867923736572,10.331064,10.331171751022339
3084,121.79169917106628,0.89668936,0.8966888785362244,5.378537935030181e-07,0.8966882824897766,10.331064,10.331112146377563
3085,121.82529926300049,0.89668936,0.8966893553733826,0.0,0.8966893553733826,10.331064,10.331064462661743
3086,121.85852026939392,0.89668936,0.8966893553733826,0.0,0.8966893553733826,10.331064,10.331064462661743
3087,121.892005443573,0.8966903,0.8966894149780273,8.082863445224575e-08,0.8966893553733826,10.330969,10.331058502197266
3088,121.93264317512512,0.8966903,0.8966894149780273,1.2439826946319954e-07,0.8966893553733826,10.330969,10.331058502197266
3089,121.96630930900574,0.8966903,0.8966894149780273,2.3285645056603244e-07,0.8966893553733826,10.330969,10.331058502197266
3090,121.99995160102844,0.8966903,0.8966895341873169,3.5782315421784006e-07,0.8966893553733826,10.330969,10.33104658126831
3091,122.03499579429626,0.8966903,0.896689772605896,4.597244185333693e-07,0.8966893553733826,10.330969,10.3310227394104
3092,122.06914973258972,0.8966944,0.8966901302337646,4.454657016594865e-07,0.8966893553733826,10.330558,10.330986976623535
3093,122.11152720451355,0.8966944,0.8966903686523438,4.996079496777384e-07,0.896690309047699,10.330558,10.330963134765625
3094,122.14701461791992,0.8966944,0.8966904878616333,8.853882036419236e-07,0.896690309047699,10.330558,10.33095121383667
3095,122.18233132362366,0.8966944,0.8966907858848572,1.362897819490172e-06,0.896690309047699,10.330558,10.330921411514282
3096,122.2184431552887,0.8966944,0.8966913819313049,1.8172031559515744e-06,0.896690309047699,10.330558,10.330861806869507
3097,122.25683546066284,0.8966944,0.8966925144195557,2.046565441560233e-06,0.896690309047699,10.330558,10.330748558044434
3098,122.30260229110718,0.8966944,0.8966943621635437,5.960464477539063e-08,0.8966944217681885,10.330558,10.33056378364563
3099,122.34166073799133,0.8966944,0.8966943621635437,5.960464477539063e-08,0.8966944217681885,10.330558,10.33056378364563
3100,122.3763976097107,0.8966944,0.8966943621635437,5.960464477539063e-08,0.8966944217681885,10.330558,10.33056378364563
3101,122.41028499603271,0.8966944,0.8966943621635437,5.960464477539063e-08,0.8966944217681885,10.330558,10.33056378364563
3102,122.44514894485474,0.8966944,0.8966943621635437,5.960464477539063e-08,0.8966944217681885,10.330558,10.33056378364563
3103,122.47870016098022,0.8967661,0.896694540977478,4.3825571083289105e-06,0.8966944217681885,10.323387,10.330545902252197
3104,122.52048635482788,0.8967661,0.8966951370239258,7.558369816251798e-06,0.8966944217681885,10.323387,10.330486297607422
3105,122.55444073677063,0.89677256,0.8966978788375854,1.5466528566321358e-05,0.8966944217681885,10.322743,10.330212116241455
3106,122.5972044467926,0.8967762,0.8967044949531555,2.4962817406048998e-05,0.8966944217681885,10.32238,10.329550504684448
3107,122.63751196861267,0.8967762,0.8967169523239136,3.324559656903148e-05,0.8966944217681885,10.32238,10.328304767608643
3108,122.6716480255127,0.8967762,0.8967418074607849,3.313652996439487e-05,0.8966944217681885,10.32238,10.325819253921509
3109,122.70607805252075,0.8967762,0.8967722654342651,5.7550596466171555e-06,0.896743655204773,10.32238,10.322773456573486
3110,122.73970341682434,0.8967762,0.8967761993408203,3.876061782648321e-07,0.896772563457489,10.32238,10.322380065917969
3111,122.77411437034607,0.8967762,0.8967761993408203,0.0,0.8967761993408203,10.32238,10.322380065917969
3112,122.80723309516907,0.8967762,0.8967761993408203,0.0,0.8967761993408203,10.32238,10.322380065917969
3113,122.84139847755432,0.8967762,0.8967761993408203,0.0,0.8967761993408203,10.32238,10.322380065917969
3114,122.87544918060303,0.8967762,0.8967761993408203,0.0,0.8967761993408203,10.32238,10.322380065917969
3115,122.91009283065796,0.896783,0.8967761993408203,4.1584291921026306e-07,0.8967761993408203,10.321701,10.322380065917969
3116,122.95175337791443,0.896783,0.8967763185501099,1.0076495300381794e-06,0.8967761993408203,10.321701,10.322368144989014
3117,122.98639440536499,0.89678377,0.8967767357826233,1.898110667752917e-06,0.8967761993408203,10.321623,10.322326421737671
3118,123.0296311378479,0.89678377,0.8967775702476501,2.7754929305956466e-06,0.8967761993408203,10.321623,10.322242975234985
3119,123.06352353096008,0.89678377,0.8967791795730591,3.485922889012727e-06,0.8967761993408203,10.321623,10.322082042694092
3120,123.09897255897522,0.89678377,0.8967820405960083,2.6112402338185348e-06,0.8967761993408203,10.321623,10.32179594039917
3121,123.13333249092102,0.89678377,0.8967834115028381,3.8161235238476365e-07,0.8967829942703247,10.321623,10.321658849716187
3122,123.167484998703,0.89678377,0.896783709526062,5.960464477539063e-08,0.8967837691307068,10.321623,10.321629047393799
3123,123.20141935348511,0.89678377,0.896783709526062,5.960464477539063e-08,0.8967837691307068,10.321623,10.321629047393799
3124,123.23490643501282,0.89678377,0.896783709526062,5.960464477539063e-08,0.8967837691307068,10.321623,10.321629047393799
3125,123.27034330368042,0.89678377,0.896783709526062,5.960464477539063e-08,0.8967837691307068,10.321623,10.321629047393799
3126,123.30559134483337,0.89678377,0.896783709526062,5.960464477539063e-08,0.8967837691307068,10.321623,10.321629047393799
3127,123.33929967880249,0.89678377,0.896783709526062,5.960464477539063e-08,0.8967837691307068,10.321623,10.321629047393799
3128,123.37259459495544,0.8967854,0.896783709526062,1.1820044676369434e-07,0.8967837691307068,10.321463,10.321629047393799
3129,123.41501951217651,0.8967854,0.896783709526062,2.5703016603983997e-07,0.8967837691307068,10.321463,10.321629047393799
3130,123.45204782485962,0.8967854,0.8967838287353516,4.4849466007690353e-07,0.8967837691307068,10.321463,10.321617126464844
3131,123.48833894729614,0.8967854,0.8967840671539307,6.517122983495938e-07,0.8967837691307068,10.321463,10.321593284606934
3132,123.52285718917847,0.8967854,0.8967844843864441,8.009147336451861e-07,0.8967837691307068,10.321463,10.32155156135559
3133,123.55589461326599,0.8967854,0.8967852592468262,4.332839296239399e-07,0.8967837691307068,10.321463,10.321474075317383
3134,123.58864784240723,0.8967854,0.896785318851471,5.960464477539063e-08,0.8967853784561157,10.321463,10.321468114852905
3135,123.62417244911194,0.896787,0.896785318851471,1.1820044676369434e-07,0.8967853784561157,10.321301,10.321468114852905
3136,123.66780114173889,0.896787,0.8967853784561157,1.9697823461228836e-07,0.8967853784561157,10.321301,10.321462154388428
3137,123.70279312133789,0.896787,0.8967854380607605,3.5450750601739855e-07,0.8967853784561157,10.321301,10.32145619392395
3138,123.73706841468811,0.8967876,0.89678555727005,5.438444077299209e-07,0.8967853784561157,10.321241,10.321444272994995
3139,123.78136014938354,0.8967876,0.8967857956886292,7.168445108618471e-07,0.8967853784561157,10.321241,10.321420431137085
3140,123.8154706954956,0.8967876,0.8967862725257874,7.542853950326389e-07,0.8967853784561157,10.321241,10.321372747421265
3141,123.85024213790894,0.8967876,0.896787166595459,3.024770478532446e-07,0.8967862725257874,10.321241,10.321283340454102
3142,123.88514471054077,0.8967876,0.8967873454093933,2.9862536621294566e-07,0.8967869877815247,10.321241,10.321265459060669
3143,123.91965055465698,0.8967876,0.8967875838279724,0.0,0.8967875838279724,10.321241,10.321241617202759
3144,123.95489358901978,0.89681053,0.896787703037262,1.4021439938005642e-06,0.8967875838279724,10.318947,10.321229696273804
3145,123.99868249893188,0.89681053,0.8967878222465515,2.274494136145222e-06,0.8967875838279724,10.318947,10.321217775344849
3146,124.03395366668701,0.89681137,0.8967887759208679,4.792867912328802e-06,0.8967875838279724,10.318863,10.321122407913208
3147,124.07647371292114,0.89681137,0.8967907428741455,7.555115189461503e-06,0.8967875838279724,10.318863,10.32092571258545
3148,124.11216473579407,0.8968146,0.8967945575714111,9.717472494230606e-06,0.8967875838279724,10.318542,10.320544242858887
3149,124.15394616127014,0.89683276,0.8968023061752319,9.346942533738911e-06,0.8967875838279724,10.316724,10.319769382476807
3150,124.19573998451233,0.8968344,0.89681077003479,5.040864380134735e-06,0.8968040943145752,10.316563,10.318922996520996
3151,124.23916602134705,0.8968344,0.8968151807785034,7.208785063994583e-06,0.8968105316162109,10.316563,10.318481922149658
3152,124.30671167373657,0.8968115,0.8929942846298218,0.0033429469913244247,0.8857049345970154,10.318851,10.700571537017822
3153,124.34994912147522,0.89683205,0.8958243131637573,0.0007860130863264203,0.8942672610282898,10.316795,10.417568683624268
3154,124.39192008972168,0.89683205,0.8965311646461487,0.0002495454391464591,0.8959414958953857,10.316795,10.346883535385132
3155,124.42742919921875,0.8968366,0.8967607617378235,6.37822668068111e-05,0.8965853452682495,10.316342,10.323923826217651
3156,124.469407081604,0.8968366,0.8968150615692139,1.1798336345236748e-05,0.8967871069908142,10.316342,10.318493843078613
3157,124.50531768798828,0.89685524,0.8968232870101929,1.002640783553943e-05,0.8968114852905273,10.314476,10.317671298980713
3158,124.54744029045105,0.89685524,0.8968343138694763,4.052333679283038e-06,0.8968242406845093,10.314476,10.316568613052368
3159,124.58250784873962,0.89685977,0.8968381285667419,6.232183295651339e-06,0.8968337178230286,10.314024,10.316187143325806
3160,124.62458419799805,0.89685977,0.8968417048454285,8.631348464405164e-06,0.8968365788459778,10.314024,10.315829515457153
3161,124.65927982330322,0.89685977,0.896848201751709,1.0119435501110274e-05,0.8968365788459778,10.314024,10.315179824829102
3162,124.69357705116272,0.8968617,0.8968581557273865,2.145939333786373e-06,0.8968552350997925,10.313833,10.314184427261353
3163,124.73604321479797,0.8968617,0.8968598246574402,3.16219740170709e-07,0.8968597650527954,10.313833,10.314017534255981
3164,124.77013659477234,0.8968617,0.8968599438667297,5.503986812982475e-07,0.8968597650527954,10.313833,10.314005613327026
3165,124.80271339416504,0.89686203,0.8968601226806641,7.771323566885258e-07,0.8968597650527954,10.313797,10.313987731933594
3166,124.84202790260315,0.8968633,0.8968607783317566,9.579828201822238e-07,0.8968597650527954,10.313672,10.31392216682434
3167,124.88351511955261,0.89686966,0.8968617916107178,8.585539603700454e-07,0.8968614339828491,10.313034,10.313820838928223
3168,124.92467904090881,0.8968712,0.8968623876571655,1.5581338175252313e-06,0.8968616724014282,10.31288,10.313761234283447
3169,124.9664580821991,0.8968713,0.8968635201454163,2.5074964469240513e-06,0.8968616724014282,10.312867,10.313647985458374
3170,125.01366853713989,0.89692736,0.8968655467033386,4.803679530596128e-06,0.8968632817268372,10.307264,10.313445329666138
3171,125.05760216712952,0.8969313,0.8968684673309326,8.030421668081544e-06,0.8968632817268372,10.306871,10.313153266906738
3172,125.10115170478821,0.8969313,0.8968742489814758,1.4727491361554712e-05,0.8968695402145386,10.306871,10.312575101852417
3173,125.13627910614014,0.8969313,0.896880567073822,2.1622614440275356e-05,0.8968696594238281,10.306871,10.311943292617798
3174,125.1700234413147,0.8969313,0.8968908190727234,2.7462145226309076e-05,0.8968713283538818,10.306871,10.310918092727661
3175,125.20480465888977,0.8969313,0.8969100117683411,2.75799393421039e-05,0.8968713283538818,10.306871,10.308998823165894
3176,125.24017190933228,0.8969313,0.8969305753707886,1.4250946378524532e-06,0.8969273567199707,10.306871,10.306942462921143
3177,125.27423310279846,0.8969313,0.8969314098358154,1.1920928955078125e-07,0.8969312906265259,10.306871,10.306859016418457
3178,125.30795097351074,0.8969313,0.8969314098358154,1.1920928955078125e-07,0.8969312906265259,10.306871,10.306859016418457
3179,125.34144163131714,0.89693654,0.8969314098358154,3.355132207616407e-07,0.8969312906265259,10.306347,10.306859016418457
3180,125.3832597732544,0.89693654,0.8969314694404602,6.205671070347307e-07,0.8969312906265259,10.306347,10.30685305595398
3181,125.41604971885681,0.8969484,0.8969317078590393,1.5356703215729794e-06,0.8969312906265259,10.3051605,10.30682921409607
3182,125.45683574676514,0.8969972,0.8969329595565796,5.821560534968739e-06,0.8969312906265259,10.300279,10.306704044342041
3183,125.49842476844788,0.8970127,0.8969376683235168,1.4575534805771895e-05,0.8969312906265259,10.298729,10.306233167648315
3184,125.54188132286072,0.89701587,0.8969489336013794,2.334174860152416e-05,0.8969312906265259,10.298413,10.30510663986206
3185,125.58609223365784,0.8970262,0.896967887878418,2.650069109222386e-05,0.8969365358352661,10.297382,10.303211212158203
3186,125.6296455860138,0.8970262,0.8969932198524475,1.9979028365924023e-05,0.8969597220420837,10.297382,10.300678014755249
3187,125.66492080688477,0.8970262,0.8970107436180115,9.248225978808478e-06,0.8969972133636475,10.297382,10.298925638198853
3188,125.70001196861267,0.8970287,0.8970189690589905,6.556650987477042e-06,0.8970074653625488,10.297132,10.298103094100952
3189,125.74194407463074,0.8970287,0.8970253467559814,2.273128984597861e-06,0.8970158696174622,10.297132,10.297465324401855
3190,125.77514863014221,0.8970287,0.8970263600349426,6.896746640450147e-07,0.8970261812210083,10.297132,10.297363996505737
3191,125.8104395866394,0.89703053,0.8970266580581665,1.0046144325315254e-06,0.8970261812210083,10.296947,10.29733419418335
3192,125.85206341743469,0.8970306,0.897027313709259,1.2759210221702233e-06,0.8970261812210083,10.296941,10.297268629074097
3193,125.89376735687256,0.8970306,0.8970285654067993,9.258376394427614e-07,0.8970261812210083,10.296941,10.297143459320068
3194,125.92855310440063,0.8970306,0.8970289826393127,5.741520681112888e-07,0.8970286846160889,10.296941,10.297101736068726
3195,125.9640200138092,0.89704543,0.8970293402671814,1.2851793371737585e-06,0.8970286846160889,10.295457,10.29706597328186
3196,126.00722074508667,0.89704543,0.8970300555229187,2.347851705053472e-06,0.8970286846160889,10.295457,10.29699444770813
3197,126.04117727279663,0.8970473,0.8970319628715515,4.135359631618485e-06,0.8970305323600769,10.295272,10.296803712844849
3198,126.0829803943634,0.8970473,0.8970338106155396,6.174357167765265e-06,0.8970305919647217,10.295272,10.296618938446045
3199,126.11745953559875,0.8970473,0.8970370292663574,7.736887710052542e-06,0.8970305919647217,10.295272,10.296297073364258
3200,126.1519422531128,0.8970473,0.897043764591217,6.050889169273432e-06,0.8970305919647217,10.295272,10.295623540878296
3201,126.1859610080719,0.8970473,0.8970470428466797,4.188478612832114e-07,0.8970454335212708,10.295272,10.295295715332031
3202,126.21978831291199,0.8970473,0.8970471024513245,1.7881393432617188e-07,0.8970472812652588,10.295272,10.295289754867554
3203,126.25411248207092,0.8970473,0.8970471024513245,1.7881393432617188e-07,0.8970472812652588,10.295272,10.295289754867554
3204,126.28931593894958,0.8970473,0.8970471024513245,1.7881393432617188e-07,0.8970472812652588,10.295272,10.295289754867554
3205,126.3241639137268,0.8970473,0.8970471024513245,1.7881393432617188e-07,0.8970472812652588,10.295272,10.295289754867554
3206,126.3595814704895,0.8970473,0.8970471024513245,1.7881393432617188e-07,0.8970472812652588,10.295272,10.295289754867554
3207,126.39418840408325,0.8970473,0.8970471024513245,1.7881393432617188e-07,0.8970472812652588,10.295272,10.295289754867554
3208,126.42713665962219,0.8970602,0.8970471620559692,8.076687549873895e-07,0.8970472812652588,10.293979,10.295283794403076
3209,126.46835947036743,0.8970602,0.8970472812652588,1.371023358842649e-06,0.8970472812652588,10.293979,10.295271873474121
3210,126.50279498100281,0.89707315,0.8970478773117065,3.556259571269038e-06,0.8970472812652588,10.292685,10.295212268829346
3211,126.54406428337097,0.89707315,0.8970502018928528,7.721623660472687e-06,0.8970472812652588,10.292685,10.294979810714722
3212,126.57994294166565,0.89707315,0.8970538973808289,1.0728338565968443e-05,0.8970472812652588,10.292685,10.294610261917114
3213,126.61330151557922,0.89707315,0.8970614671707153,1.1967991667916067e-05,0.8970472812652588,10.292685,10.293853282928467
3214,126.64683842658997,0.89707315,0.8970731496810913,5.05551668084081e-07,0.8970614671707153,10.292685,10.29268503189087
3215,126.68077445030212,0.89707315,0.8970731496810913,0.0,0.8970731496810913,10.292685,10.29268503189087
3216,126.71524429321289,0.89707315,0.8970731496810913,0.0,0.8970731496810913,10.292685,10.29268503189087
3217,126.74840021133423,0.89707315,0.8970731496810913,0.0,0.8970731496810913,10.292685,10.29268503189087
3218,126.78224468231201,0.89707315,0.8970731496810913,0.0,0.8970731496810913,10.292685,10.29268503189087
3219,126.81601881980896,0.89707315,0.8970731496810913,0.0,0.8970731496810913,10.292685,10.29268503189087
3220,126.85094285011292,0.89707315,0.8970731496810913,0.0,0.8970731496810913,10.292685,10.29268503189087
3221,126.88492178916931,0.89707315,0.8970731496810913,0.0,0.8970731496810913,10.292685,10.29268503189087
3222,126.91993451118469,0.89707315,0.8970731496810913,0.0,0.8970731496810913,10.292685,10.29268503189087
3223,126.95385241508484,0.8970773,0.8970731496810913,2.553421438733494e-07,0.8970731496810913,10.292268,10.29268503189087
3224,126.9972026348114,0.8970773,0.8970731496810913,3.6110833434577216e-07,0.8970731496810913,10.292268,10.29268503189087
3225,127.03156089782715,0.8970773,0.8970732092857361,7.980729606060777e-07,0.8970731496810913,10.292268,10.292679071426392
3226,127.06666398048401,0.8970773,0.8970735669136047,1.3087375236864318e-06,0.8970731496810913,10.292268,10.292643308639526
3227,127.1009955406189,0.8970773,0.8970742225646973,1.8003312334258226e-06,0.8970731496810913,10.292268,10.292577743530273
3228,127.13541173934937,0.8970773,0.897075355052948,2.0859968117292738e-06,0.8970731496810913,10.292268,10.2924644947052
3229,127.16847085952759,0.8970773,0.8970775008201599,1.7881393432617188e-07,0.8970773220062256,10.292268,10.292249917984009
3230,127.2019190788269,0.8970773,0.8970775008201599,1.7881393432617188e-07,0.8970773220062256,10.292268,10.292249917984009
3231,127.2359402179718,0.8970773,0.8970775008201599,1.7881393432617188e-07,0.8970773220062256,10.292268,10.292249917984009
3232,127.26989769935608,0.89712936,0.8970776796340942,3.1826757549424656e-06,0.8970773220062256,10.287065,10.292232036590576
3233,127.3122787475586,0.89721906,0.897078812122345,1.0682833817554638e-05,0.8970773220062256,10.278093,10.292118787765503
3234,127.35357356071472,0.89721906,0.8970847129821777,2.811402373481542e-05,0.8970773220062256,10.278093,10.291528701782227
3235,127.38776445388794,0.89721906,0.8970986604690552,4.796715802513063e-05,0.8970773220062256,10.278093,10.290133953094482
3236,127.42149758338928,0.89721906,0.8971235156059265,6.249699072213843e-05,0.8970773220062256,10.278093,10.287648439407349
3237,127.45553708076477,0.89721906,0.8971742391586304,5.858363874722272e-05,0.8970773220062256,10.278093,10.282576084136963
3238,127.48949980735779,0.89721906,0.8972182869911194,1.1842565754704992e-06,0.8972163796424866,10.278093,10.278171300888062
3239,127.52420854568481,0.89721906,0.8972190022468567,5.960464477539063e-08,0.8972190618515015,10.278093,10.278099775314331
3240,127.55815076828003,0.8972192,0.8972190022468567,6.04910042056872e-08,0.8972190618515015,10.278082,10.278099775314331
3241,127.59974098205566,0.8972198,0.8972190022468567,7.815032887492634e-08,0.8972190618515015,10.278023,10.278099775314331
3242,127.64248251914978,0.8972198,0.8972190022468567,9.533115274962256e-08,0.8972190618515015,10.278023,10.278099775314331
3243,127.67797660827637,0.8972198,0.8972190618515015,1.343242246321097e-07,0.8972190618515015,10.278023,10.278093814849854
3244,127.7146327495575,0.8972198,0.8972190618515015,2.2886511885644722e-07,0.8972190618515015,10.278023,10.278093814849854
3245,127.7498824596405,0.89728475,0.8972194194793701,4.010661996289855e-06,0.8972190618515015,10.271525,10.278058052062988
3246,127.79103374481201,0.89728475,0.8972205519676208,8.747714673518203e-06,0.897219181060791,10.271525,10.277944803237915
3247,127.82470321655273,0.8972963,0.8972232341766357,1.4674882550025359e-05,0.897219181060791,10.270369,10.277676582336426
3248,127.86554551124573,0.89729834,0.8972294926643372,2.253157254017424e-05,0.8972197771072388,10.270166,10.277050733566284
3249,127.90731883049011,0.89729834,0.8972421288490295,2.9550386898336e-05,0.8972197771072388,10.270166,10.275787115097046
3250,127.9427924156189,0.89729834,0.8972678780555725,2.575798316684086e-05,0.8972212076187134,10.270166,10.273212194442749
3251,127.97721600532532,0.89729834,0.8972896337509155,6.795055469410727e-06,0.8972806334495544,10.270166,10.271036624908447
3252,128.01208686828613,0.89729846,0.8972963094711304,2.3735624381515663e-06,0.8972869515419006,10.270155,10.270369052886963
3253,128.05280590057373,0.89729846,0.8972976207733154,7.007611202425323e-07,0.8972968459129333,10.270155,10.270237922668457
3254,128.087153673172,0.89730895,0.8972984552383423,6.888252528369776e-07,0.897297739982605,10.269106,10.270154476165771
3255,128.12836503982544,0.89730895,0.8972986340522766,1.1255584695391008e-06,0.8972983360290527,10.269106,10.270136594772339
3256,128.16401314735413,0.89730895,0.8972991704940796,2.500432856322732e-06,0.8972983360290527,10.269106,10.270082950592041
3257,128.19765901565552,0.89730936,0.8973000049591064,3.6907736102875788e-06,0.8972984552383423,10.269064,10.269999504089355
3258,128.23836183547974,0.8973095,0.8973019123077393,4.837097549170721e-06,0.8972984552383423,10.269052,10.269808769226074
3259,128.27990245819092,0.8973095,0.8973051309585571,4.947052275383612e-06,0.8972984552383423,10.269052,10.269486904144287
3260,128.31464338302612,0.8973095,0.8973090648651123,2.1313572062808817e-07,0.8973089456558228,10.269052,10.26909351348877
3261,128.34983372688293,0.8973095,0.8973091840744019,2.432392420814722e-07,0.8973089456558228,10.269052,10.269081592559814
3262,128.3831651210785,0.8973095,0.8973093628883362,9.441954063049707e-08,0.8973093628883362,10.269052,10.269063711166382
3263,128.4199504852295,0.8973095,0.8973093628883362,1.1920928955078125e-07,0.8973094820976257,10.269052,10.269063711166382
3264,128.4554843902588,0.8973095,0.8973093628883362,1.1920928955078125e-07,0.8973094820976257,10.269052,10.269063711166382
3265,128.49207520484924,0.8973095,0.8973093628883362,1.1920928955078125e-07,0.8973094820976257,10.269052,10.269063711166382
3266,128.52596616744995,0.8973095,0.8973093628883362,1.1920928955078125e-07,0.8973094820976257,10.269052,10.269063711166382
3267,128.55990719795227,0.897313,0.8973093628883362,2.5232799316654564e-07,0.8973094820976257,10.2687,10.269063711166382
3268,128.60172271728516,0.897313,0.897309422492981,3.836900646092545e-07,0.8973094820976257,10.2687,10.269057750701904
3269,128.6363067626953,0.897313,0.8973094820976257,6.805757379879651e-07,0.8973094820976257,10.2687,10.269051790237427
3270,128.67049503326416,0.89731544,0.8973098397254944,1.2042974049109034e-06,0.8973094820976257,10.2684555,10.269016027450562
3271,128.71214628219604,0.89731544,0.8973105549812317,1.9310771222080803e-06,0.8973094820976257,10.2684555,10.268944501876831
3272,128.7457845211029,0.89731544,0.8973121047019958,2.2586111754208105e-06,0.8973094820976257,10.2684555,10.268789529800415
3273,128.7812304496765,0.89731544,0.8973140716552734,1.2109442195651354e-06,0.8973129987716675,10.2684555,10.268592834472656
3274,128.814532995224,0.89731544,0.8973150849342346,8.039947942961589e-07,0.8973129987716675,10.2684555,10.268491506576538
3275,128.84826111793518,0.89731544,0.8973153233528137,1.1920928955078125e-07,0.8973154425621033,10.2684555,10.268467664718628
3276,128.8821370601654,0.89731544,0.8973153233528137,1.1920928955078125e-07,0.8973154425621033,10.2684555,10.268467664718628
3277,128.91665959358215,0.89731544,0.8973153233528137,1.1920928955078125e-07,0.8973154425621033,10.2684555,10.268467664718628
3278,128.95075225830078,0.89731544,0.8973153233528137,1.1920928955078125e-07,0.8973154425621033,10.2684555,10.268467664718628
3279,128.98643565177917,0.89731544,0.8973153233528137,1.1920928955078125e-07,0.8973154425621033,10.2684555,10.268467664718628
3280,129.02116441726685,0.89731544,0.8973153233528137,1.1920928955078125e-07,0.8973154425621033,10.2684555,10.268467664718628
3281,129.05546474456787,0.89731544,0.8973153233528137,1.1920928955078125e-07,0.8973154425621033,10.2684555,10.268467664718628
3282,129.09056520462036,0.8973214,0.8973153829574585,3.731948083895986e-07,0.8973154425621033,10.267859,10.26846170425415
3283,129.13166117668152,0.89734775,0.8973155617713928,2.0370753190945834e-06,0.8973154425621033,10.265225,10.268443822860718
3284,129.17342805862427,0.89734775,0.8973163366317749,5.215896635490935e-06,0.8973154425621033,10.265225,10.26836633682251
3285,129.20950055122375,0.89734775,0.8973185420036316,9.1959636847605e-06,0.8973154425621033,10.265225,10.26814579963684
3286,129.2441122531891,0.89734775,0.8973228931427002,1.3173908882890828e-05,0.8973154425621033,10.265225,10.26771068572998
3287,129.278724193573,0.89734775,0.897332489490509,1.5406860256916843e-05,0.8973154425621033,10.265225,10.266751050949097
3288,129.31294178962708,0.89735395,0.8973477482795715,3.856444550365268e-07,0.8973477482795715,10.2646055,10.265225172042847
3289,129.35396718978882,0.89735395,0.8973477482795715,5.453836138258339e-07,0.8973477482795715,10.2646055,10.265225172042847
3290,129.3893585205078,0.89736664,0.8973481059074402,1.8736701576926862e-06,0.8973477482795715,10.263336,10.265189409255981
3291,129.43505454063416,0.89736664,0.8973491191864014,3.6388573789736256e-06,0.8973477482795715,10.263336,10.265088081359863
3292,129.4692587852478,0.89736664,0.897351086139679,5.726226390834199e-06,0.8973477482795715,10.263336,10.264891386032104
3293,129.5035469532013,0.89736664,0.8973545432090759,6.882147772557801e-06,0.8973477482795715,10.263336,10.264545679092407
3294,129.53855562210083,0.8973704,0.8973606824874878,5.532545401365496e-06,0.8973539471626282,10.26296,10.26393175125122
3295,129.5793776512146,0.8973704,0.8973657488822937,2.108439275616547e-06,0.8973624110221863,10.26296,10.26342511177063
3296,129.61339616775513,0.8973704,0.8973672389984131,1.264460706806858e-06,0.8973666429519653,10.26296,10.263276100158691
3297,129.64891695976257,0.8973704,0.8973678946495056,1.6573010270803934e-06,0.8973666429519653,10.26296,10.263210535049438
3298,129.68545389175415,0.8973704,0.8973691463470459,1.5636236412319704e-06,0.8973666429519653,10.26296,10.26308536529541
3299,129.7208604812622,0.8973704,0.8973703980445862,0.0,0.8973703980445862,10.26296,10.262960195541382
3300,129.75677394866943,0.8973704,0.8973703980445862,0.0,0.8973703980445862,10.26296,10.262960195541382
3301,129.7957682609558,0.8973704,0.8973703980445862,0.0,0.8973703980445862,10.26296,10.262960195541382
3302,129.8321418762207,0.8973704,0.8973703980445862,0.0,0.8973703980445862,10.26296,10.262960195541382
3303,129.86862659454346,0.8973704,0.8973703980445862,0.0,0.8973703980445862,10.26296,10.262960195541382
3304,129.90286421775818,0.8973704,0.8973703980445862,0.0,0.8973703980445862,10.26296,10.262960195541382
3305,129.93773531913757,0.89738315,0.8973703980445862,7.806174266988819e-07,0.8973703980445862,10.261684,10.262960195541382
3306,129.98004293441772,0.89738315,0.8973705768585205,1.5495447769353632e-06,0.8973703980445862,10.261684,10.26294231414795
3307,130.01662468910217,0.89738315,0.897371232509613,3.1144993499765405e-06,0.8973703980445862,10.261684,10.262876749038696
3308,130.0519244670868,0.89738315,0.8973724246025085,4.666436780098593e-06,0.8973703980445862,10.261684,10.262757539749146
3309,130.08706784248352,0.89738315,0.8973748087882996,6.077217676647706e-06,0.8973703980445862,10.261684,10.262519121170044
3310,130.12300372123718,0.89738315,0.8973798155784607,5.5710634114802815e-06,0.8973703980445862,10.261684,10.26201844215393
3311,130.15824961662292,0.89738315,0.8973830938339233,5.960464477539063e-08,0.8973831534385681,10.261684,10.261690616607666
3312,130.19424724578857,0.89738315,0.8973830938339233,5.960464477539063e-08,0.8973831534385681,10.261684,10.261690616607666
3313,130.2301001548767,0.89738315,0.8973830938339233,5.960464477539063e-08,0.8973831534385681,10.261684,10.261690616607666
3314,130.26563262939453,0.89738315,0.8973830938339233,5.960464477539063e-08,0.8973831534385681,10.261684,10.261690616607666
3315,130.30046606063843,0.8973907,0.8973830938339233,4.70686330800163e-07,0.8973831534385681,10.260927,10.261690616607666
3316,130.34383034706116,0.8973907,0.8973832130432129,7.982812917362025e-07,0.8973831534385681,10.260927,10.261678695678711
3317,130.3787543773651,0.8973907,0.8973835706710815,1.7431030983061646e-06,0.8973831534385681,10.260927,10.261642932891846
3318,130.41491198539734,0.8974048,0.8973843455314636,3.001493496412877e-06,0.8973831534385681,10.2595215,10.261565446853638
3319,130.4591784477234,0.8974048,0.8973857760429382,4.057682872371515e-06,0.8973831534385681,10.2595215,10.261422395706177
3320,130.4928035736084,0.897405,0.8973889350891113,4.925369466945995e-06,0.8973831534385681,10.259497,10.261106491088867
3321,130.5365195274353,0.89741266,0.8973926901817322,5.0630005716811866e-06,0.8973907232284546,10.258734,10.260730981826782
3322,130.58081769943237,0.89741266,0.8973956108093262,7.687324796279427e-06,0.8973907232284546,10.258734,10.260438919067383
3323,130.6173996925354,0.89741266,0.897400975227356,8.63067907630466e-06,0.8973907232284546,10.258734,10.259902477264404
3324,130.6538062095642,0.89741266,0.8974086046218872,3.7824283936060965e-06,0.8974050283432007,10.258734,10.25913953781128
3325,130.68803572654724,0.89741266,0.897412121295929,1.7504577272120514e-06,0.8974050283432007,10.258734,10.258787870407104
3326,130.72404980659485,0.89741266,0.8974126577377319,0.0,0.8974126577377319,10.258734,10.258734226226807
3327,130.76145792007446,0.89741266,0.8974126577377319,0.0,0.8974126577377319,10.258734,10.258734226226807
3328,130.79675555229187,0.89741266,0.8974126577377319,0.0,0.8974126577377319,10.258734,10.258734226226807
3329,130.83182978630066,0.8974194,0.8974127173423767,4.1285642282673507e-07,0.8974126577377319,10.25806,10.258728265762329
3330,130.8743076324463,0.8974194,0.8974127173423767,5.80816788442462e-07,0.8974126577377319,10.25806,10.258728265762329
3331,130.91119861602783,0.89742124,0.8974129557609558,1.3372705325309653e-06,0.8974126577377319,10.257875,10.258704423904419
3332,130.95564222335815,0.89742124,0.8974134922027588,2.470412255206611e-06,0.8974126577377319,10.257875,10.258650779724121
3333,130.99193000793457,0.89742124,0.8974145650863647,3.4781969588948414e-06,0.8974126577377319,10.257875,10.258543491363525
3334,131.02898573875427,0.89742124,0.8974168300628662,4.139113571000053e-06,0.8974126577377319,10.257875,10.258316993713379
3335,131.0644280910492,0.89742124,0.8974209427833557,6.759902362318826e-07,0.8974193930625916,10.257875,10.257905721664429
3336,131.0988495349884,0.89742124,0.8974213004112244,5.960464477539063e-08,0.8974212408065796,10.257875,10.257869958877563
3337,131.13462138175964,0.89742124,0.8974213004112244,5.960464477539063e-08,0.8974212408065796,10.257875,10.257869958877563
3338,131.1705150604248,0.89742124,0.8974213004112244,5.960464477539063e-08,0.8974212408065796,10.257875,10.257869958877563
3339,131.20728206634521,0.89742124,0.8974213004112244,5.960464477539063e-08,0.8974212408065796,10.257875,10.257869958877563
3340,131.24270796775818,0.89742124,0.8974213004112244,5.960464477539063e-08,0.8974212408065796,10.257875,10.257869958877563
3341,131.27779936790466,0.89742124,0.8974213004112244,5.960464477539063e-08,0.8974212408065796,10.257875,10.257869958877563
3342,131.31276488304138,0.89742124,0.8974213004112244,5.960464477539063e-08,0.8974212408065796,10.257875,10.257869958877563
3343,131.34879350662231,0.89742124,0.8974213004112244,5.960464477539063e-08,0.8974212408065796,10.257875,10.257869958877563
3344,131.38391971588135,0.89742124,0.8974213004112244,5.960464477539063e-08,0.8974212408065796,10.257875,10.257869958877563
3345,131.41948175430298,0.89742124,0.8974213004112244,5.960464477539063e-08,0.8974212408065796,10.257875,10.257869958877563
3346,131.45567774772644,0.89742124,0.8974213004112244,5.960464477539063e-08,0.8974212408065796,10.257875,10.257869958877563
3347,131.4904181957245,0.8974269,0.8974213004112244,3.480109569409251e-07,0.8974212408065796,10.25731,10.257869958877563
3348,131.53179240226746,0.8974269,0.8974213004112244,4.885391717834864e-07,0.8974212408065796,10.25731,10.257869958877563
3349,131.56879568099976,0.8974269,0.8974214196205139,1.0339153959648684e-06,0.8974212408065796,10.25731,10.257858037948608
3350,131.6080138683319,0.89742994,0.8974218368530273,1.763683712852071e-06,0.8974212408065796,10.257006,10.257816314697266
3351,131.65045428276062,0.89743394,0.8974226713180542,2.542830088714254e-06,0.8974212408065796,10.256606,10.25773286819458
3352,131.6927478313446,0.89743394,0.8974242806434631,3.1311340080719674e-06,0.8974212408065796,10.256606,10.257571935653687
3353,131.72739458084106,0.8974396,0.8974275588989258,1.8845748854801059e-06,0.8974252939224243,10.256041,10.257244110107422
3354,131.7708592414856,0.89744693,0.8974289298057556,3.4651379792194348e-06,0.8974269032478333,10.255307,10.257107019424438
3355,131.8146333694458,0.89744693,0.8974315524101257,4.583957888826262e-06,0.8974269032478333,10.255307,10.256844758987427
3356,131.85281229019165,0.8974558,0.8974356651306152,3.933674634026829e-06,0.8974301815032959,10.254419,10.256433486938477
3357,131.90085411071777,0.89745986,0.8974390029907227,3.981774625572143e-06,0.8974357843399048,10.254013,10.256099700927734
3358,131.94473266601562,0.89745986,0.8974424004554749,5.664299806085182e-06,0.8974395990371704,10.254013,10.255759954452515
3359,131.98029494285583,0.89745986,0.8974462747573853,7.913220542832278e-06,0.8974398374557495,10.254013,10.255372524261475
3360,132.01647901535034,0.89745986,0.8974539637565613,6.214293080120115e-06,0.8974398374557495,10.254013,10.254603624343872
3361,132.05180716514587,0.89746284,0.8974593281745911,1.3424122471406008e-06,0.8974558115005493,10.2537155,10.254067182540894
3362,132.09474420547485,0.89746284,0.8974600434303284,4.867109169026662e-07,0.897459864616394,10.2537155,10.253995656967163
3363,132.1302568912506,0.89746284,0.8974602222442627,8.861242690727522e-07,0.897459864616394,10.2537155,10.25397777557373
3364,132.16498613357544,0.89746284,0.8974605798721313,1.2620248526218347e-06,0.897459864616394,10.2537155,10.253942012786865
3365,132.20096731185913,0.89746284,0.8974614143371582,1.4904152294548112e-06,0.897459864616394,10.2537155,10.25385856628418
3366,132.23939657211304,0.8974651,0.8974628448486328,1.386143111403726e-07,0.8974628448486328,10.253489,10.253715515136719
3367,132.2965703010559,0.8974663,0.8974629044532776,3.458054607108352e-07,0.8974628448486328,10.25337,10.253709554672241
3368,132.3456060886383,0.8974787,0.8974630832672119,1.1861623079312267e-06,0.8974628448486328,10.2521305,10.253691673278809
3369,132.3888144493103,0.8974787,0.8974633812904358,1.734283159748884e-06,0.8974628448486328,10.2521305,10.253661870956421
3370,132.4264576435089,0.8974827,0.8974644541740417,3.2728933092585066e-06,0.8974628448486328,10.251731,10.253554582595825
3371,132.47012448310852,0.8974827,0.8974665403366089,4.660160811909009e-06,0.8974628448486328,10.251731,10.253345966339111
3372,132.505530834198,0.8974827,0.8974694609642029,5.851070000062464e-06,0.8974663019180298,10.251731,10.253053903579712
3373,132.54084539413452,0.8974827,0.8974728584289551,7.214835932245478e-06,0.8974663019180298,10.251731,10.252714157104492
3374,132.5768804550171,0.8974918,0.8974796533584595,4.401496880745981e-06,0.8974663019180298,10.250818,10.252034664154053
3375,132.62030220031738,0.8974923,0.8974826335906982,1.2457196589821251e-06,0.897479236125946,10.250771,10.251736640930176
3376,132.66556334495544,0.8974923,0.8974831104278564,1.6840023135955562e-06,0.897482693195343,10.250771,10.251688957214355
3377,132.70255732536316,0.89749575,0.8974837064743042,2.712556351980311e-06,0.897482693195343,10.250425,10.25162935256958
3378,132.74458479881287,0.89749575,0.8974851965904236,4.205705408821814e-06,0.897482693195343,10.250425,10.251480340957642
3379,132.77932786941528,0.8974976,0.8974876999855042,5.129324108565925e-06,0.897482693195343,10.25024,10.251230001449585
3380,132.82103204727173,0.8974976,0.8974921703338623,3.446163646003697e-06,0.8974844813346863,10.25024,10.25078296661377
3381,132.85488295555115,0.8974976,0.8974946737289429,1.6899731463126955e-06,0.8974922895431519,10.25024,10.250532627105713
3382,132.88975429534912,0.8974976,0.8974960446357727,7.5851170322494e-07,0.8974952697753906,10.25024,10.25039553642273
3383,132.92685222625732,0.89749765,0.8974965214729309,8.794848440629721e-07,0.8974957466125488,10.250235,10.25034785270691
3384,132.97133469581604,0.89749765,0.8974974751472473,2.0204687700697832e-07,0.8974970579147339,10.250235,10.250252485275269
3385,133.00672245025635,0.89749765,0.8974975347518921,6.535472607538395e-08,0.8974975943565369,10.250235,10.250246524810791
3386,133.042142868042,0.89749765,0.8974975347518921,7.24515984984464e-08,0.8974975943565369,10.250235,10.250246524810791
3387,133.07733631134033,0.89749765,0.8974975347518921,8.616711966169532e-08,0.8974975943565369,10.250235,10.250246524810791
3388,133.11287999153137,0.89749765,0.8974975347518921,1.0638040492949585e-07,0.8974975943565369,10.250235,10.250246524810791
3389,133.14721512794495,0.89749765,0.8974975347518921,1.1920928955078125e-07,0.8974976539611816,10.250235,10.250246524810791
3390,133.18239951133728,0.89749765,0.8974975347518921,1.1920928955078125e-07,0.8974976539611816,10.250235,10.250246524810791
3391,133.21703553199768,0.89749765,0.8974975347518921,1.1920928955078125e-07,0.8974976539611816,10.250235,10.250246524810791
3392,133.2525279521942,0.89749765,0.8974975347518921,1.1920928955078125e-07,0.8974976539611816,10.250235,10.250246524810791
3393,133.2875418663025,0.89749765,0.8974975347518921,1.1920928955078125e-07,0.8974976539611816,10.250235,10.250246524810791
3394,133.3231658935547,0.89749944,0.8974975347518921,1.6716067818833835e-07,0.8974976539611816,10.250055,10.250246524810791
3395,133.3663079738617,0.89749944,0.8974975943565369,2.608838940432179e-07,0.8974976539611816,10.250055,10.250240564346313
3396,133.40045046806335,0.89750016,0.8974977135658264,5.064326273895858e-07,0.8974976539611816,10.249985,10.250228643417358
3397,133.4437174797058,0.89750016,0.8974979519844055,8.319977951032342e-07,0.8974976539611816,10.249985,10.250204801559448
3398,133.47968816757202,0.89750016,0.8974985480308533,1.087581722458708e-06,0.8974976539611816,10.249985,10.250145196914673
3399,133.51447200775146,0.8975002,0.8974993824958801,9.199804935633438e-07,0.8974977731704712,10.249978,10.250061750411987
3400,133.55866289138794,0.8975002,0.8975000977516174,7.493430587146577e-08,0.8974999189376831,10.249978,10.249990224838257
3401,133.59527778625488,0.8975002,0.8975000977516174,8.41752267888296e-08,0.8975001573562622,10.249978,10.249990224838257
3402,133.63038277626038,0.8975002,0.8975000977516174,1.04008719858939e-07,0.8975001573562622,10.249978,10.249990224838257
3403,133.66629552841187,0.8975002,0.8975001573562622,5.960464477539063e-08,0.897500216960907,10.249978,10.24998426437378
3404,133.70055603981018,0.8975002,0.8975001573562622,5.960464477539063e-08,0.897500216960907,10.249978,10.24998426437378
3405,133.73716282844543,0.89751977,0.8975001573562622,1.2015817674182472e-06,0.897500216960907,10.248023,10.24998426437378
3406,133.78028297424316,0.89751977,0.8975003957748413,2.377666760366992e-06,0.897500216960907,10.248023,10.24996042251587
3407,133.81655359268188,0.89751977,0.8975016474723816,5.2639275054389145e-06,0.897500216960907,10.248023,10.24983525276184
3408,133.85150790214539,0.89751977,0.8975039124488831,7.742996785964351e-06,0.897500216960907,10.248023,10.249608755111694
3409,133.88671565055847,0.89751977,0.8975087404251099,9.690857041277923e-06,0.897500216960907,10.248023,10.249125957489014
3410,133.92103910446167,0.89751977,0.8975173234939575,6.434451734094182e-06,0.897500216960907,10.248023,10.248267650604248
3411,133.96151065826416,0.89751977,0.8975198268890381,5.960464477539063e-08,0.8975197672843933,10.248023,10.248017311096191
3412,133.99902772903442,0.89751977,0.8975198268890381,5.960464477539063e-08,0.8975197672843933,10.248023,10.248017311096191
3413,134.0393352508545,0.8975242,0.8975198268890381,2.7285034320811974e-07,0.8975197672843933,10.247582,10.248017311096191
3414,134.0856056213379,0.8975242,0.8975198864936829,4.7009231707306753e-07,0.8975197672843933,10.247582,10.248011350631714
3415,134.12144589424133,0.8975242,0.8975200057029724,9.2475193014252e-07,0.8975197672843933,10.247582,10.247999429702759
3416,134.15595531463623,0.8975242,0.8975203633308411,1.3973029808767023e-06,0.8975197672843933,10.247582,10.247963666915894
3417,134.19205236434937,0.8975242,0.8975210189819336,1.8037518429991906e-06,0.8975197672843933,10.247582,10.24789810180664
3418,134.2262933254242,0.8975242,0.8975224494934082,1.7549577933095861e-06,0.8975197672843933,10.247582,10.24775505065918
3419,134.26065945625305,0.8975242,0.8975239396095276,4.653127518849942e-07,0.8975229859352112,10.247582,10.247606039047241
3420,134.29723143577576,0.8975242,0.8975241184234619,5.960464477539063e-08,0.8975241780281067,10.247582,10.247588157653809
3421,134.33375644683838,0.8975242,0.8975241184234619,5.960464477539063e-08,0.8975241780281067,10.247582,10.247588157653809
3422,134.36925292015076,0.8975242,0.8975241184234619,5.960464477539063e-08,0.8975241780281067,10.247582,10.247588157653809
3423,134.40424013137817,0.8975487,0.8975242376327515,1.496758272878651e-06,0.8975241780281067,10.245132,10.247576236724854
3424,134.44611072540283,0.8975492,0.8975245952606201,3.162851498927921e-06,0.8975241780281067,10.245079,10.247540473937988
3425,134.48965167999268,0.89755315,0.8975259065628052,6.058240614947863e-06,0.8975241780281067,10.244685,10.247409343719482
3426,134.53056502342224,0.89756054,0.8975287079811096,9.354844223707914e-06,0.8975241780281067,10.243946,10.247129201889038
3427,134.5707950592041,0.8975746,0.8975347280502319,1.2543374396045692e-05,0.8975241780281067,10.242539,10.246527194976807
3428,134.61214184761047,0.89757603,0.8975467681884766,1.0572900464467239e-05,0.897525429725647,10.242396,10.245323181152344
3429,134.65411043167114,0.8975843,0.8975568413734436,8.515879017068073e-06,0.8975486755371094,10.241568,10.24431586265564
3430,134.6965434551239,0.89758694,0.8975640535354614,8.14504164736718e-06,0.8975531458854675,10.241306,10.243594646453857
3431,134.739497423172,0.89758694,0.8975706696510315,7.318692496482981e-06,0.8975616693496704,10.241306,10.24293303489685
3432,134.77442145347595,0.8975881,0.8975772857666016,5.103329385747202e-06,0.8975704312324524,10.241193,10.242271423339844
3433,134.8165693283081,0.8975881,0.8975822925567627,4.020957476313924e-06,0.897575855255127,10.241193,10.24177074432373
3434,134.8497838973999,0.8975881,0.8975856900215149,1.6645951745886123e-06,0.8975833654403687,10.241193,10.24143099784851
3435,134.8831925392151,0.8975881,0.8975873589515686,5.470158157550031e-07,0.8975869417190552,10.241193,10.24126410484314
3436,134.91722631454468,0.8976229,0.8975879549980164,2.186457322750357e-06,0.8975869417190552,10.237712,10.241204500198364
3437,134.96399331092834,0.8976307,0.8975886702537537,4.727035502583021e-06,0.8975880742073059,10.236931,10.241132974624634
3438,135.01284527778625,0.8976307,0.8975904583930969,9.441278962185606e-06,0.8975880742073059,10.236931,10.240954160690308
3439,135.04918766021729,0.8976307,0.897594690322876,1.506559146946529e-05,0.8975880742073059,10.236931,10.240530967712402
3440,135.0834469795227,0.8976307,0.8976035118103027,1.9996419723611325e-05,0.8975880742073059,10.236931,10.239648818969727
3441,135.1183888912201,0.89764225,0.897619903087616,1.7599704733584076e-05,0.8975880742073059,10.235775,10.238009691238403
3442,135.1597969532013,0.8976438,0.8976308703422546,1.4540690926878597e-06,0.8976306915283203,10.23562,10.236912965774536
3443,135.20173716545105,0.8976438,0.8976314663887024,2.8498882329586195e-06,0.8976306915283203,10.23562,10.23685336112976
3444,135.2353823184967,0.897647,0.8976328372955322,4.539789188129362e-06,0.8976306915283203,10.235298,10.236716270446777
3445,135.276997089386,0.897647,0.8976355791091919,5.507567493623355e-06,0.8976306915283203,10.235298,10.23644208908081
3446,135.31157565116882,0.897654,0.8976407051086426,3.803621211773134e-06,0.8976327180862427,10.2346,10.235929489135742
3447,135.3537278175354,0.8976541,0.8976444005966187,2.0595227852027165e-06,0.8976410627365112,10.234589,10.235559940338135
3448,135.39534401893616,0.8976611,0.8976461291313171,2.6368352337158285e-06,0.8976438045501709,10.233891,10.235387086868286
3449,135.43821930885315,0.8976611,0.8976481556892395,3.4126444461435312e-06,0.8976458311080933,10.233891,10.23518443107605
3450,135.47212624549866,0.89766717,0.8976504802703857,5.508255526365247e-06,0.8976470232009888,10.233283,10.234951972961426
3451,135.51522207260132,0.897749,0.8976554870605469,8.582628652220592e-06,0.8976470232009888,10.2251,10.234451293945312
3452,135.5564751625061,0.8977662,0.8976622223854065,1.1588215784286149e-05,0.897654116153717,10.223383,10.23377776145935
3453,135.59697008132935,0.8977662,0.8976683616638184,1.881071148090996e-05,0.8976610898971558,10.223383,10.233163833618164
3454,135.6316123008728,0.8977662,0.8976774215698242,2.94253713946091e-05,0.8976642489433289,10.223383,10.232257843017578
3455,135.66576099395752,0.8977722,0.8976932168006897,3.964830102631822e-05,0.8976671695709229,10.22278,10.23067831993103
3456,135.70916199684143,0.8977732,0.8977185487747192,4.46256781287957e-05,0.897670328617096,10.222679,10.228145122528076
3457,135.75048971176147,0.8977739,0.89776211977005,9.620793207432143e-06,0.8977338671684265,10.222608,10.223788022994995
3458,135.79213118553162,0.89778,0.8977694511413574,3.044340928681777e-06,0.8977661728858948,10.222,10.223054885864258
3459,135.8335840702057,0.89778,0.8977723717689514,1.7885727174871136e-06,0.8977671265602112,10.222,10.222762823104858
3460,135.86774039268494,0.89779156,0.8977739810943604,2.499181846360443e-06,0.8977721929550171,10.220843,10.222601890563965
3461,135.90823936462402,0.8977993,0.8977755904197693,3.5952889447798952e-06,0.8977732062339783,10.220069,10.222440958023071
3462,135.95051860809326,0.8977993,0.8977782130241394,3.996231498604175e-06,0.8977732062339783,10.220069,10.22217869758606
3463,135.98652386665344,0.8977993,0.8977815508842468,4.215389708406292e-06,0.8977800011634827,10.220069,10.221844911575317
3464,136.02171969413757,0.8977993,0.8977834582328796,6.00681187279406e-06,0.8977800011634827,10.220069,10.221654176712036
3465,136.0550947189331,0.8977993,0.8977876305580139,7.0965006671031006e-06,0.8977800011634827,10.220069,10.221236944198608
3466,136.08804178237915,0.8977993,0.8977939486503601,4.42799728261889e-06,0.8977884650230408,10.220069,10.22060513496399
3467,136.12328100204468,0.8977993,0.8977980017662048,2.7747628337237984e-06,0.8977915644645691,10.220069,10.220199823379517
3468,136.15894556045532,0.8977993,0.8977993726730347,5.960464477539063e-08,0.8977993130683899,10.220069,10.220062732696533
3469,136.19666743278503,0.8977993,0.8977993726730347,5.960464477539063e-08,0.8977993130683899,10.220069,10.220062732696533
3470,136.22998881340027,0.8977993,0.8977993726730347,5.960464477539063e-08,0.8977993130683899,10.220069,10.220062732696533
3471,136.2650442123413,0.8977993,0.8977993726730347,5.960464477539063e-08,0.8977993130683899,10.220069,10.220062732696533
3472,136.29984593391418,0.8977993,0.8977993726730347,5.960464477539063e-08,0.8977993130683899,10.220069,10.220062732696533
3473,136.33356428146362,0.8977993,0.8977993726730347,5.960464477539063e-08,0.8977993130683899,10.220069,10.220062732696533
3474,136.36725735664368,0.8977993,0.8977993726730347,5.960464477539063e-08,0.8977993130683899,10.220069,10.220062732696533
3475,136.4010853767395,0.8977993,0.8977993726730347,5.960464477539063e-08,0.8977993130683899,10.220069,10.220062732696533
3476,136.4363090991974,0.8977993,0.8977993726730347,5.960464477539063e-08,0.8977993130683899,10.220069,10.220062732696533
3477,136.4701578617096,0.8977993,0.8977993726730347,5.960464477539063e-08,0.8977993130683899,10.220069,10.220062732696533
3478,136.50508880615234,0.8977993,0.8977993726730347,5.960464477539063e-08,0.8977993130683899,10.220069,10.220062732696533
3479,136.5397071838379,0.8977993,0.8977993726730347,5.960464477539063e-08,0.8977993130683899,10.220069,10.220062732696533
3480,136.57399034500122,0.8977993,0.8977993726730347,5.960464477539063e-08,0.8977993130683899,10.220069,10.220062732696533
3481,136.60842156410217,0.8977993,0.8977993726730347,5.960464477539063e-08,0.8977993130683899,10.220069,10.220062732696533
3482,136.64272284507751,0.8977993,0.8977993726730347,5.960464477539063e-08,0.8977993130683899,10.220069,10.220062732696533
3483,136.67750930786133,0.8977993,0.8977993726730347,5.960464477539063e-08,0.8977993130683899,10.220069,10.220062732696533
3484,136.71031188964844,0.8977993,0.8977993726730347,5.960464477539063e-08,0.8977993130683899,10.220069,10.220062732696533
3485,136.74515104293823,0.8977993,0.8977993726730347,5.960464477539063e-08,0.8977993130683899,10.220069,10.220062732696533
3486,136.77985286712646,0.8977993,0.8977993726730347,5.960464477539063e-08,0.8977993130683899,10.220069,10.220062732696533
3487,136.81258392333984,0.8977993,0.8977993726730347,5.960464477539063e-08,0.8977993130683899,10.220069,10.220062732696533
3488,136.84724307060242,0.8977993,0.8977993726730347,5.960464477539063e-08,0.8977993130683899,10.220069,10.220062732696533
3489,136.88162422180176,0.8977993,0.8977993726730347,5.960464477539063e-08,0.8977993130683899,10.220069,10.220062732696533
3490,136.91819524765015,0.8977993,0.8977993726730347,5.960464477539063e-08,0.8977993130683899,10.220069,10.220062732696533
3491,136.9517331123352,0.8977993,0.8977993726730347,5.960464477539063e-08,0.8977993130683899,10.220069,10.220062732696533
3492,136.98612451553345,0.8977993,0.8977993726730347,5.960464477539063e-08,0.8977993130683899,10.220069,10.220062732696533
3493,137.0209059715271,0.8977993,0.8977993726730347,5.960464477539063e-08,0.8977993130683899,10.220069,10.220062732696533
3494,137.05689454078674,0.8977993,0.8977993726730347,5.960464477539063e-08,0.8977993130683899,10.220069,10.220062732696533
3495,137.09220337867737,0.8977993,0.8977993726730347,5.960464477539063e-08,0.8977993130683899,10.220069,10.220062732696533
3496,137.13067388534546,0.8977993,0.8977993726730347,5.960464477539063e-08,0.8977993130683899,10.220069,10.220062732696533
3497,137.17032194137573,0.89782923,0.8977994918823242,1.8289540548721561e-06,0.8977993130683899,10.217076,10.220050811767578
3498,137.2135066986084,0.89782923,0.8977997303009033,3.1548481729259947e-06,0.8977993130683899,10.217076,10.220026969909668
3499,137.24703192710876,0.89784724,0.897800862789154,6.967773515498266e-06,0.8977993130683899,10.215277,10.219913721084595
3500,137.28857946395874,0.89784724,0.897803783416748,1.175817033072235e-05,0.8977993130683899,10.215277,10.219621658325195
3501,137.33132362365723,0.89784724,0.8978101015090942,1.7559412299306132e-05,0.8977993130683899,10.215277,10.218989849090576
3502,137.36526036262512,0.89784724,0.8978230357170105,2.021414002228994e-05,0.8977993130683899,10.215277,10.21769642829895
3503,137.40298676490784,0.89784724,0.8978414535522461,8.411338058067486e-06,0.8978292346000671,10.215277,10.21585464477539
3504,137.43851828575134,0.89784724,0.8978472352027893,0.0,0.8978472352027893,10.215277,10.21527647972107
3505,137.47234201431274,0.89784724,0.8978472352027893,0.0,0.8978472352027893,10.215277,10.21527647972107
3506,137.5072078704834,0.89784724,0.8978472352027893,0.0,0.8978472352027893,10.215277,10.21527647972107
3507,137.54180669784546,0.89784724,0.8978472352027893,0.0,0.8978472352027893,10.215277,10.21527647972107
3508,137.57558822631836,0.89784724,0.8978472352027893,0.0,0.8978472352027893,10.215277,10.21527647972107
3509,137.6092975139618,0.89784724,0.8978472352027893,0.0,0.8978472352027893,10.215277,10.21527647972107
3510,137.6428668498993,0.89784724,0.8978472352027893,0.0,0.8978472352027893,10.215277,10.21527647972107
3511,137.6772496700287,0.89784724,0.8978472352027893,0.0,0.8978472352027893,10.215277,10.21527647972107
3512,137.71202778816223,0.89784724,0.8978472352027893,0.0,0.8978472352027893,10.215277,10.21527647972107
3513,137.74573230743408,0.8978855,0.8978473544120789,2.3375869204755872e-06,0.8978472352027893,10.21145,10.215264558792114
3514,137.78483057022095,0.8978855,0.8978475332260132,3.2994717003020924e-06,0.8978472352027893,10.21145,10.215246677398682
3515,137.81740260124207,0.8978891,0.8978485465049744,6.9809034357604105e-06,0.8978472352027893,10.211092,10.215145349502563
3516,137.8596441745758,0.89789724,0.897851824760437,1.2953880286659114e-05,0.8978472352027893,10.210276,10.214817523956299
3517,137.90142059326172,0.89789724,0.8978584408760071,1.9151986634824425e-05,0.8978472352027893,10.210276,10.214155912399292
3518,137.93773412704468,0.89789724,0.8978709578514099,2.2539328710990958e-05,0.8978472352027893,10.210276,10.212904214859009
3519,137.97943258285522,0.89789724,0.8978933691978455,4.412788712215843e-06,0.8978855013847351,10.210276,10.210663080215454
3520,138.01502633094788,0.89789724,0.8978971242904663,1.084724317479413e-06,0.8978936672210693,10.210276,10.21028757095337
3521,138.0512673854828,0.89789724,0.8978973031044006,5.960464477539063e-08,0.8978972434997559,10.210276,10.210269689559937
3522,138.08495831489563,0.89789724,0.8978973031044006,5.960464477539063e-08,0.8978972434997559,10.210276,10.210269689559937
3523,138.11881685256958,0.89789724,0.8978973031044006,5.960464477539063e-08,0.8978972434997559,10.210276,10.210269689559937
3524,138.15309834480286,0.89789724,0.8978973031044006,5.960464477539063e-08,0.8978972434997559,10.210276,10.210269689559937
3525,138.18775033950806,0.89789724,0.8978973031044006,5.960464477539063e-08,0.8978972434997559,10.210276,10.210269689559937
3526,138.22275137901306,0.89789724,0.8978973031044006,5.960464477539063e-08,0.8978972434997559,10.210276,10.210269689559937
3527,138.25808691978455,0.89789724,0.8978973031044006,5.960464477539063e-08,0.8978972434997559,10.210276,10.210269689559937
3528,138.29321265220642,0.89789724,0.8978973031044006,5.960464477539063e-08,0.8978972434997559,10.210276,10.210269689559937
3529,138.32642340660095,0.89789724,0.8978973031044006,5.960464477539063e-08,0.8978972434997559,10.210276,10.210269689559937
3530,138.36022806167603,0.89789724,0.8978973031044006,5.960464477539063e-08,0.8978972434997559,10.210276,10.210269689559937
3531,138.39501428604126,0.8979027,0.8978973627090454,3.491942095479317e-07,0.8978972434997559,10.209727,10.210263729095459
3532,138.43732500076294,0.8979027,0.8978973627090454,4.792309482581913e-07,0.8978972434997559,10.209727,10.210263729095459
3533,138.47259521484375,0.89790314,0.8978975415229797,1.0071541964862263e-06,0.8978972434997559,10.209685,10.210245847702026
3534,138.51419258117676,0.89790314,0.8978980183601379,1.7165615417980007e-06,0.8978972434997559,10.209685,10.210198163986206
3535,138.54869723320007,0.8979032,0.8978986740112305,2.3209749997477047e-06,0.8978972434997559,10.20968,10.210132598876953
3536,138.59036827087402,0.8979032,0.8979002237319946,2.584213007139624e-06,0.8978972434997559,10.20968,10.209977626800537
3537,138.62411856651306,0.8979032,0.8979027271270752,6.568017738572962e-07,0.8979008197784424,10.20968,10.20972728729248
3538,138.65891361236572,0.8979032,0.8979032039642334,5.7154473154241714e-08,0.8979030847549438,10.20968,10.20967960357666
3539,138.69312524795532,0.8979032,0.8979032635688782,9.592251615231362e-08,0.8979031443595886,10.20968,10.209673643112183
3540,138.7267439365387,0.8979032,0.897903323173523,1.1962713131197233e-07,0.8979031443595886,10.20968,10.209667682647705
3541,138.7617702484131,0.8979032,0.897903323173523,1.1920928955078125e-07,0.8979032039642334,10.20968,10.209667682647705
3542,138.79561471939087,0.8979032,0.897903323173523,1.1920928955078125e-07,0.8979032039642334,10.20968,10.209667682647705
3543,138.82934617996216,0.8979032,0.897903323173523,1.1920928955078125e-07,0.8979032039642334,10.20968,10.209667682647705
3544,138.8633279800415,0.8979032,0.897903323173523,1.1920928955078125e-07,0.8979032039642334,10.20968,10.209667682647705
3545,138.8972132205963,0.8979032,0.897903323173523,1.1920928955078125e-07,0.8979032039642334,10.20968,10.209667682647705
3546,138.93188571929932,0.8979032,0.897903323173523,1.1920928955078125e-07,0.8979032039642334,10.20968,10.209667682647705
3547,138.96716475486755,0.8979032,0.897903323173523,1.1920928955078125e-07,0.8979032039642334,10.20968,10.209667682647705
3548,139.00186395645142,0.8979032,0.897903323173523,1.1920928955078125e-07,0.8979032039642334,10.20968,10.209667682647705
3549,139.03573346138,0.8979032,0.897903323173523,1.1920928955078125e-07,0.8979032039642334,10.20968,10.209667682647705
3550,139.06961798667908,0.8979032,0.897903323173523,1.1920928955078125e-07,0.8979032039642334,10.20968,10.209667682647705
3551,139.10325860977173,0.8979033,0.897903323173523,1.1898584517666677e-07,0.8979032039642334,10.209667,10.209667682647705
3552,139.1446976661682,0.8979033,0.897903323173523,1.1786224973775461e-07,0.8979032039642334,10.209667,10.209667682647705
3553,139.17711067199707,0.8979033,0.897903323173523,1.1395919585766023e-07,0.8979032039642334,10.209667,10.209667682647705
3554,139.2104845046997,0.8979033,0.897903323173523,1.0672381733911607e-07,0.8979032039642334,10.209667,10.209667682647705
3555,139.24508261680603,0.8979036,0.8979033827781677,1.436118708397771e-07,0.8979032039642334,10.209638,10.209661722183228
3556,139.28680443763733,0.8979036,0.8979033827781677,9.364124053945488e-08,0.8979032039642334,10.209638,10.209661722183228
3557,139.32291197776794,0.8979155,0.8979034423828125,9.667487574915867e-07,0.897903323173523,10.208452,10.20965576171875
3558,139.3642933368683,0.8979167,0.8979038596153259,2.1711223325837636e-06,0.897903323173523,10.208332,10.209614038467407
3559,139.40717554092407,0.8979167,0.8979049921035767,3.7997485833329847e-06,0.897903323173523,10.208332,10.209500789642334
3560,139.44216871261597,0.8979167,0.897907555103302,5.070039605925558e-06,0.897903323173523,10.208332,10.2092444896698
3561,139.47547221183777,0.8979168,0.8979121446609497,3.98332758777542e-06,0.8979045152664185,10.208321,10.20878553390503
3562,139.5169324874878,0.8979168,0.8979158401489258,1.4575468867406016e-06,0.8979116678237915,10.208321,10.208415985107422
3563,139.5501048564911,0.8979168,0.8979167342185974,5.960464477539063e-08,0.8979166746139526,10.208321,10.208326578140259
3564,139.58434438705444,0.8979168,0.8979167342185974,5.960464477539063e-08,0.8979166746139526,10.208321,10.208326578140259
3565,139.61802911758423,0.8979168,0.8979167938232422,2.1886469525611574e-08,0.8979166746139526,10.208321,10.208320617675781
3566,139.6521406173706,0.8979168,0.8979167938232422,0.0,0.8979167938232422,10.208321,10.208320617675781
3567,139.68686246871948,0.8979199,0.897916853427887,1.9531621830992663e-07,0.8979167938232422,10.208011,10.208314657211304
3568,139.72726798057556,0.8979199,0.897916853427887,2.697112222449505e-07,0.8979167938232422,10.208011,10.208314657211304
3569,139.76150274276733,0.8979199,0.897916853427887,5.294510287967569e-07,0.8979167938232422,10.208011,10.208314657211304
3570,139.7948818206787,0.8979199,0.8979170918464661,9.109654683925328e-07,0.8979167938232422,10.208011,10.208290815353394
3571,139.82922863960266,0.8979199,0.8979174494743347,1.2943430647283094e-06,0.8979167938232422,10.208011,10.208255052566528
3572,139.86361527442932,0.8979199,0.8979182243347168,1.547718966321554e-06,0.8979167938232422,10.208011,10.20817756652832
3573,139.89742374420166,0.8979199,0.8979197144508362,4.267549797987158e-07,0.8979167938232422,10.208011,10.208028554916382
3574,139.93228268623352,0.8979199,0.8979197144508362,1.7881393432617188e-07,0.8979198932647705,10.208011,10.208028554916382
3575,139.9669542312622,0.8979199,0.8979197144508362,1.7881393432617188e-07,0.8979198932647705,10.208011,10.208028554916382
3576,140.00172924995422,0.8979284,0.897919774055481,5.421413220574323e-07,0.8979198932647705,10.207158,10.208022594451904
3577,140.0434329509735,0.8979284,0.8979198336601257,9.117319450524519e-07,0.8979198932647705,10.207158,10.208016633987427
3578,140.0766088962555,0.89793015,0.8979200720787048,1.760259010552545e-06,0.8979198932647705,10.206985,10.207992792129517
3579,140.11738204956055,0.89793164,0.8979207873344421,2.9397158414212754e-06,0.8979198932647705,10.206837,10.207921266555786
3580,140.1596040725708,0.89793164,0.8979222178459167,4.154548605583841e-06,0.8979198932647705,10.206837,10.207778215408325
3581,140.19336605072021,0.8979435,0.8979247808456421,4.959512807545252e-06,0.8979198932647705,10.20565,10.207521915435791
3582,140.2345643043518,0.8979435,0.8979300260543823,2.4822722934914054e-06,0.8979284167289734,10.20565,10.206997394561768
3583,140.26914072036743,0.8979435,0.8979320526123047,4.129600256419508e-06,0.8979296088218689,10.20565,10.206794738769531
3584,140.3032820224762,0.8979435,0.8979357481002808,4.99441057399963e-06,0.8979301452636719,10.20565,10.206425189971924
3585,140.33869338035583,0.8979524,0.8979402184486389,3.6609487779060146e-06,0.8979337811470032,10.204762,10.205978155136108
3586,140.38395428657532,0.8979545,0.8979431390762329,1.8937278127850732e-06,0.8979413509368896,10.204548,10.205686092376709
3587,140.42745351791382,0.8979656,0.897944450378418,3.0195242288755253e-06,0.8979434967041016,10.203439,10.205554962158203
3588,140.46861052513123,0.8979656,0.8979458808898926,4.545440788206179e-06,0.8979434967041016,10.203439,10.205411911010742
3589,140.5025453567505,0.8979656,0.8979488611221313,5.802900886919815e-06,0.8979434967041016,10.203439,10.205113887786865
3590,140.53652119636536,0.8979753,0.8979546427726746,4.93757625008584e-06,0.8979498147964478,10.202467,10.204535722732544
3591,140.5783350467682,0.8979766,0.8979586958885193,7.549544079665793e-06,0.8979532122612,10.202342,10.204130411148071
3592,140.62044644355774,0.8979809,0.8979653120040894,8.470974535157438e-06,0.897954523563385,10.201907,10.203468799591064
3593,140.6630985736847,0.8979809,0.897972822189331,4.914314558845945e-06,0.8979656100273132,10.201907,10.202717781066895
3594,140.69839310646057,0.89798456,0.8979765176773071,2.084517973344191e-06,0.8979753255844116,10.201544,10.202348232269287
3595,140.73881936073303,0.89798725,0.897977888584137,2.5294896204286488e-06,0.8979753255844116,10.201275,10.202211141586304
3596,140.78046989440918,0.89798856,0.8979798555374146,2.544956487326999e-06,0.8979765772819519,10.201144,10.202014446258545
3597,140.82225823402405,0.89799434,0.8979820013046265,2.1627636215271195e-06,0.8979809284210205,10.200566,10.201799869537354
3598,140.86509490013123,0.89801484,0.897983968257904,3.827040927717462e-06,0.8979809284210205,10.198516,10.201603174209595
3599,140.90772771835327,0.89801484,0.8979864716529846,5.1730189625232015e-06,0.8979822397232056,10.198516,10.201352834701538
3600,140.94254279136658,0.89801484,0.8979909420013428,4.8856531975616235e-06,0.8979845643043518,10.198516,10.200905799865723
3601,140.97839617729187,0.8980269,0.8979949355125427,6.575886345672188e-06,0.8979885578155518,10.197311,10.200506448745728
3602,141.02065896987915,0.89804083,0.8980004191398621,1.0014412509917747e-05,0.8979941606521606,10.195917,10.199958086013794
3603,141.06266474723816,0.8980421,0.8980079889297485,1.2337183761701453e-05,0.897994339466095,10.195791,10.199201107025146
3604,141.10931086540222,0.8980589,0.8980207443237305,1.0352731806051452e-05,0.8980081677436829,10.194111,10.197925567626953
3605,141.1524841785431,0.8980589,0.8980311751365662,1.1540504601725843e-05,0.898019015789032,10.194111,10.196882486343384
3606,141.18792343139648,0.89805895,0.8980428576469421,1.0500808457436506e-05,0.8980268836021423,10.194105,10.195714235305786
3607,141.22967195510864,0.89805895,0.898052453994751,4.54630344393081e-06,0.8980420827865601,10.194105,10.194754600524902
3608,141.2657482624054,0.89805895,0.8980557918548584,2.7783883069787407e-06,0.8980530500411987,10.194105,10.19442081451416
3609,141.30055022239685,0.89805895,0.8980583548545837,1.0086756674354547e-06,0.8980532884597778,10.194105,10.194164514541626
3610,141.33438730239868,0.89806145,0.8980589509010315,1.5634321925972472e-07,0.8980588912963867,10.193854,10.19410490989685
3611,141.3771195411682,0.89806235,0.8980589509010315,3.37115579895908e-07,0.8980589509010315,10.193766,10.19410490989685
3612,141.42077946662903,0.8980771,0.8980591893196106,1.5361165424110368e-06,0.8980589509010315,10.192293,10.19408106803894
3613,141.46260738372803,0.8980771,0.8980597853660583,2.96635016638902e-06,0.8980589509010315,10.192293,10.194021463394165
3614,141.49768042564392,0.89807713,0.8980615139007568,5.249995410849806e-06,0.8980589509010315,10.192287,10.193848609924316
3615,141.53656840324402,0.89807713,0.898064911365509,6.807008048781427e-06,0.8980589509010315,10.192287,10.193508863449097
3616,141.57062816619873,0.89807963,0.8980700969696045,6.868532182124909e-06,0.8980614542961121,10.192037,10.19299030303955
3617,141.61257648468018,0.89807963,0.8980762362480164,1.8464256754668895e-06,0.8980728387832642,10.192037,10.192376375198364
3618,141.6484179496765,0.8980923,0.8980777263641357,1.2914639455630095e-06,0.8980770707130432,10.190767,10.192227363586426
3619,141.68921852111816,0.89809346,0.8980785012245178,2.046472673100652e-06,0.898077130317688,10.190654,10.192149877548218
3620,141.73083233833313,0.89809585,0.8980802297592163,3.4015502023976296e-06,0.8980785608291626,10.190415,10.19197702407837
3621,141.77222657203674,0.89809597,0.8980821371078491,5.415468422143022e-06,0.8980796337127686,10.190403,10.191786289215088
3622,141.814133644104,0.89810956,0.8980852365493774,7.388362973870244e-06,0.8980796337127686,10.189045,10.191476345062256
3623,141.85605549812317,0.89810956,0.8980910181999207,7.161248049669666e-06,0.8980796337127686,10.189045,10.190898180007935
3624,141.88990950584412,0.89810956,0.8980965614318848,2.9700977393076755e-06,0.8980948328971863,10.189045,10.190343856811523
3625,141.92375779151917,0.8981259,0.8980982899665833,5.554415110964328e-06,0.898095965385437,10.187411,10.190171003341675
3626,141.96561789512634,0.8981259,0.8981018662452698,8.855735359247774e-06,0.898095965385437,10.187411,10.189813375473022
3627,142.00026774406433,0.8981277,0.8981092572212219,1.0032274985860568e-05,0.898095965385437,10.187233,10.189074277877808
3628,142.04246306419373,0.8981277,0.8981173634529114,8.199467629310675e-06,0.8981095552444458,10.187233,10.188263654708862
3629,142.07704710960388,0.8981277,0.8981252312660217,3.4441243315086467e-06,0.8981113433837891,10.187233,10.187476873397827
3630,142.11116933822632,0.8981277,0.898126482963562,8.907259712032101e-07,0.8981258869171143,10.187233,10.187351703643799
3631,142.14638590812683,0.8981277,0.8981273770332336,6.005832347000251e-07,0.8981258869171143,10.187233,10.187262296676636
3632,142.18059992790222,0.8981277,0.898127555847168,1.1920928955078125e-07,0.8981276750564575,10.187233,10.187244415283203
3633,142.2165560722351,0.8981277,0.898127555847168,1.1920928955078125e-07,0.8981276750564575,10.187233,10.187244415283203
3634,142.2523214817047,0.8981277,0.898127555847168,1.1920928955078125e-07,0.8981276750564575,10.187233,10.187244415283203
3635,142.3023087978363,0.8981277,0.898127555847168,1.1920928955078125e-07,0.8981276750564575,10.187233,10.187244415283203
3636,142.34147477149963,0.8981277,0.898127555847168,1.1920928955078125e-07,0.8981276750564575,10.187233,10.187244415283203
3637,142.37657237052917,0.8981277,0.898127555847168,1.1920928955078125e-07,0.8981276750564575,10.187233,10.187244415283203
3638,142.41129660606384,0.8981277,0.898127555847168,1.1920928955078125e-07,0.8981276750564575,10.187233,10.187244415283203
3639,142.44912791252136,0.8981277,0.898127555847168,1.1920928955078125e-07,0.8981276750564575,10.187233,10.187244415283203
3640,142.4870994091034,0.89812773,0.898127555847168,1.1948802125516522e-07,0.8981276750564575,10.187226,10.187244415283203
3641,142.53050565719604,0.89812773,0.898127555847168,1.2032030838327046e-07,0.8981276750564575,10.187226,10.187244415283203
3642,142.5637514591217,0.89812773,0.898127555847168,1.2305396523970558e-07,0.8981276750564575,10.187226,10.187244415283203
3643,142.59779357910156,0.89812773,0.898127555847168,1.289930509074111e-07,0.8981276750564575,10.187226,10.187244415283203
3644,142.63502264022827,0.89812773,0.8981276154518127,8.274031415567151e-08,0.8981276750564575,10.187226,10.187238454818726
3645,142.66915249824524,0.89812773,0.8981276154518127,1.0019685703355208e-07,0.8981276750564575,10.187226,10.187238454818726
3646,142.70377159118652,0.89812773,0.8981276154518127,1.1920928955078125e-07,0.8981277346611023,10.187226,10.187238454818726
3647,142.73783349990845,0.8981501,0.8981276750564575,1.3728417798120063e-06,0.8981277346611023,10.184992,10.187232494354248
3648,142.77817273139954,0.8981501,0.8981279134750366,2.7197186227567727e-06,0.8981277346611023,10.184992,10.187208652496338
3649,142.81191062927246,0.8981501,0.898128867149353,4.857592557527823e-06,0.8981277346611023,10.184992,10.187113285064697
3650,142.8466408252716,0.89815426,0.8981311321258545,7.570068646600703e-06,0.8981277346611023,10.184574,10.18688678741455
3651,142.88833856582642,0.89815426,0.8981354236602783,9.05410706764087e-06,0.8981277346611023,10.184574,10.186457633972168
3652,142.9220151901245,0.89815426,0.8981432318687439,6.7075043261866085e-06,0.8981314301490784,10.184574,10.18567681312561
3653,142.95629715919495,0.89815426,0.8981494903564453,2.678219971130602e-06,0.8981441259384155,10.184574,10.185050964355469
3654,142.9909656047821,0.89815426,0.8981516361236572,2.0132181361987023e-06,0.8981500864028931,10.184574,10.184836387634277
3655,143.02576208114624,0.89815426,0.8981530666351318,1.8678449578146683e-06,0.8981500864028931,10.184574,10.184693336486816
3656,143.0606586933136,0.89815426,0.8981542587280273,0.0,0.8981542587280273,10.184574,10.184574127197266
3657,143.0941400527954,0.89815426,0.8981542587280273,0.0,0.8981542587280273,10.184574,10.184574127197266
3658,143.12769556045532,0.89815426,0.8981542587280273,0.0,0.8981542587280273,10.184574,10.184574127197266
3659,143.16279101371765,0.89815426,0.8981542587280273,0.0,0.8981542587280273,10.184574,10.184574127197266
3660,143.19832015037537,0.89815426,0.8981542587280273,0.0,0.8981542587280273,10.184574,10.184574127197266
3661,143.23305535316467,0.89815426,0.8981542587280273,0.0,0.8981542587280273,10.184574,10.184574127197266
3662,143.2682192325592,0.89815426,0.8981542587280273,0.0,0.8981542587280273,10.184574,10.184574127197266
3663,143.30282855033875,0.89816463,0.8981543183326721,8.255436227955215e-07,0.8981542587280273,10.183537,10.184568166732788
3664,143.3450026512146,0.89816463,0.8981544971466064,1.4717193153046537e-06,0.8981542587280273,10.183537,10.184550285339355
3665,143.3788652420044,0.89816463,0.8981552124023438,2.821714133460773e-06,0.8981542587280273,10.183537,10.184478759765625
3666,143.41381978988647,0.89816463,0.8981565237045288,4.038701263198163e-06,0.8981542587280273,10.183537,10.18434762954712
3667,143.44839215278625,0.8981735,0.8981592655181885,4.899587111140136e-06,0.8981542587280273,10.182649,10.184073448181152
3668,143.48989963531494,0.898178,0.8981640934944153,1.6269106026811642e-06,0.8981629610061646,10.182201,10.183590650558472
3669,143.53206133842468,0.89817864,0.8981657028198242,2.8700801522063557e-06,0.8981646299362183,10.182137,10.183429718017578
3670,143.57214331626892,0.89817864,0.8981672525405884,4.431384695635643e-06,0.8981646299362183,10.182137,10.183274745941162
3671,143.60613703727722,0.89818454,0.8981704115867615,5.38736594535294e-06,0.8981646299362183,10.181546,10.182958841323853
3672,143.650071144104,0.8981852,0.8981755375862122,3.8021098589524627e-06,0.8981684446334839,10.18148,10.182446241378784
3673,143.69052624702454,0.8981852,0.8981790542602539,1.9799999790848233e-06,0.898177981376648,10.18148,10.18209457397461
3674,143.72537398338318,0.8982151,0.898180365562439,3.413356807868695e-06,0.8981786370277405,10.178489,10.181963443756104
3675,143.79452991485596,0.89835256,0.8945183157920837,0.002948467619717121,0.8875479102134705,10.164743,10.548168420791626
3676,143.83812546730042,0.89835256,0.8970733284950256,0.001000901567749679,0.8951291441917419,10.164743,10.292667150497437
3677,143.87285804748535,0.89835256,0.8979626297950745,0.0002470456820446998,0.8973682522773743,10.164743,10.203737020492554
3678,143.9078230857849,0.89835256,0.8981695771217346,0.00010453759750816971,0.8980324268341064,10.164743,10.183042287826538
3679,143.94338750839233,0.89835256,0.8982619047164917,7.489132258342579e-05,0.8981868028640747,10.164743,10.17380952835083
3680,143.9809582233429,0.89835256,0.8983295559883118,4.3137133616255596e-05,0.8982346057891846,10.164743,10.167044401168823
3681,144.01714897155762,0.89835256,0.898352324962616,1.1514053994687856e-06,0.8983460068702698,10.164743,10.164767503738403
3682,144.05188512802124,0.89835256,0.8983525633811951,0.0,0.8983525633811951,10.164743,10.164743661880493
3683,144.08647894859314,0.89835256,0.8983525633811951,0.0,0.8983525633811951,10.164743,10.164743661880493
3684,144.1208212375641,0.89835256,0.8983525633811951,0.0,0.8983525633811951,10.164743,10.164743661880493
3685,144.15422701835632,0.89835256,0.8983525633811951,0.0,0.8983525633811951,10.164743,10.164743661880493
3686,144.18833947181702,0.89835256,0.8983525633811951,0.0,0.8983525633811951,10.164743,10.164743661880493
3687,144.22240781784058,0.89835256,0.8983525633811951,0.0,0.8983525633811951,10.164743,10.164743661880493
3688,144.257488489151,0.89835256,0.8983525633811951,0.0,0.8983525633811951,10.164743,10.164743661880493
3689,144.29236388206482,0.89835256,0.8983525633811951,0.0,0.8983525633811951,10.164743,10.164743661880493
3690,144.32658457756042,0.89835256,0.8983525633811951,0.0,0.8983525633811951,10.164743,10.164743661880493
3691,144.36151218414307,0.89835256,0.8983525633811951,0.0,0.8983525633811951,10.164743,10.164743661880493
3692,144.39588594436646,0.89835256,0.8983525633811951,0.0,0.8983525633811951,10.164743,10.164743661880493
3693,144.43074917793274,0.89835256,0.8983525633811951,0.0,0.8983525633811951,10.164743,10.164743661880493
3694,144.4650547504425,0.89835256,0.8983525633811951,0.0,0.8983525633811951,10.164743,10.164743661880493
3695,144.49958992004395,0.89835256,0.8983525633811951,0.0,0.8983525633811951,10.164743,10.164743661880493
3696,144.53366827964783,0.89836943,0.8983526825904846,1.0318992735847132e-06,0.8983525633811951,10.163057,10.164731740951538
3697,144.5781683921814,0.8984235,0.8983531594276428,4.779403752763756e-06,0.8983525633811951,10.157651,10.164684057235718
3698,144.62111473083496,0.8984838,0.8983563780784607,1.784355117706582e-05,0.8983525633811951,10.151619,10.16436219215393
3699,144.69286108016968,0.89836544,0.8944993019104004,0.0033613299019634724,0.8873680233955383,10.163456,10.550069808959961
3700,144.7350628376007,0.89836544,0.8973077535629272,0.0008423297549597919,0.8955589532852173,10.163456,10.269224643707275
3701,144.7713861465454,0.8983706,0.8980766534805298,0.0002949760528281331,0.8974084258079529,10.162937,10.192334651947021
3702,144.81198239326477,0.8983809,0.898326575756073,4.170844113104977e-05,0.8982226848602295,10.161913,10.1673424243927
3703,144.85465836524963,0.8983809,0.8983604907989502,8.181575140042696e-06,0.8983350396156311,10.161913,10.16395092010498
3704,144.8872721195221,0.8983809,0.8983672261238098,4.213461124891182e-06,0.8983654379844666,10.161913,10.163277387619019
3705,144.92242455482483,0.8983809,0.8983698487281799,5.9119920479133725e-06,0.8983654379844666,10.161913,10.163015127182007
3706,144.95466804504395,0.8983809,0.8983748555183411,5.586022325587692e-06,0.8983654379844666,10.161913,10.162514448165894
3707,144.99078822135925,0.8983809,0.8983799815177917,2.643708057803451e-06,0.898370623588562,10.161913,10.162001848220825
3708,145.02481985092163,0.8983809,0.8983809351921082,5.960464477539063e-08,0.8983808755874634,10.161913,10.161906480789185
3709,145.05924129486084,0.8983959,0.8983810544013977,9.256579573957424e-07,0.8983808755874634,10.16041,10.16189455986023
3710,145.09977960586548,0.8983959,0.8983811736106873,1.5884537560850731e-06,0.8983808755874634,10.16041,10.161882638931274
3711,145.13451623916626,0.8983959,0.8983815908432007,2.9868417641409906e-06,0.8983808755874634,10.16041,10.161840915679932
3712,145.16910243034363,0.8984295,0.8983827829360962,5.420939487521537e-06,0.8983808755874634,10.157049,10.16172170639038
3713,145.20939207077026,0.8984295,0.8983855843544006,7.917148650449235e-06,0.8983808755874634,10.157049,10.161441564559937
3714,145.2437424659729,0.8984295,0.8983914852142334,9.913096619129647e-06,0.8983808755874634,10.157049,10.16085147857666
3715,145.2784059047699,0.8984386,0.8983998894691467,1.1045732208003756e-05,0.8983958959579468,10.156143,10.160011053085327
3716,145.32110714912415,0.8986435,0.8984056115150452,2.131756627932191e-05,0.8983958959579468,10.135651,10.159438848495483
3717,145.36375379562378,0.898672,0.8984185457229614,3.419400309212506e-05,0.8983958959579468,10.132801,10.158145427703857
3718,145.40495467185974,0.898672,0.8984463214874268,5.176432023290545e-05,0.8984295129776001,10.132801,10.155367851257324
3719,145.4398069381714,0.898716,0.8984752297401428,8.579042332712561e-05,0.8984295129776001,10.128403,10.152477025985718
3720,145.4828977584839,0.898716,0.898524820804596,0.0001145022688433528,0.898438572883606,10.128403,10.147517919540405
3721,145.51774525642395,0.89872587,0.8986184597015381,0.00011236486898269504,0.8984443545341492,10.127413,10.138154029846191
3722,145.5611708164215,0.89872587,0.8987054228782654,1.5994230125215836e-05,0.8986719846725464,10.127413,10.129457712173462
3723,145.59619903564453,0.89872587,0.8987171649932861,3.931214905605884e-06,0.8987101912498474,10.127413,10.128283500671387
3724,145.63011074066162,0.89872587,0.8987193703651428,4.5651395339518785e-06,0.8987159729003906,10.127413,10.128062963485718
3725,145.66503643989563,0.89873725,0.8987232446670532,4.145040747971507e-06,0.8987159729003906,10.126275,10.127675533294678
3726,145.7056622505188,0.89874715,0.8987263441085815,2.602724180178484e-06,0.8987258672714233,10.125285,10.127365589141846
3727,145.7465271949768,0.89875245,0.8987274765968323,4.961489139532205e-06,0.8987258672714233,10.124755,10.127252340316772
3728,145.7884006500244,0.89875245,0.8987300992012024,8.404892469116021e-06,0.8987258672714233,10.124755,10.12699007987976
3729,145.82266449928284,0.89875245,0.8987352848052979,1.0990928785759024e-05,0.8987258672714233,10.124755,10.126471519470215
3730,145.85763692855835,0.89875245,0.8987452387809753,8.056622391450219e-06,0.8987258672714233,10.124755,10.125476121902466
3731,145.8924160003662,0.89875245,0.8987518548965454,1.293371269639465e-06,0.8987471461296082,10.124755,10.124814510345459
3732,145.92671918869019,0.89875245,0.8987522721290588,1.7881393432617188e-07,0.8987524509429932,10.124755,10.124772787094116
3733,145.96130204200745,0.89875245,0.8987522721290588,1.7881393432617188e-07,0.8987524509429932,10.124755,10.124772787094116
3734,145.9964256286621,0.89875245,0.8987522721290588,1.7881393432617188e-07,0.8987524509429932,10.124755,10.124772787094116
3735,146.03086876869202,0.89880425,0.8987525105476379,3.1668016617913963e-06,0.8987524509429932,10.1195755,10.124748945236206
3736,146.07215476036072,0.89882606,0.89875328540802,7.661091331101488e-06,0.8987524509429932,10.1173935,10.124671459197998
3737,146.11460542678833,0.89882606,0.8987563848495483,1.532037822471466e-05,0.8987524509429932,10.1173935,10.124361515045166
3738,146.1495485305786,0.89882606,0.8987634778022766,2.4922113880165853e-05,0.8987524509429932,10.1173935,10.123652219772339
3739,146.1862177848816,0.89882606,0.8987764716148376,3.2909432775340974e-05,0.8987524509429932,10.1173935,10.122352838516235
3740,146.22126364707947,0.8988759,0.898800790309906,3.233465758967213e-05,0.8987524509429932,10.112411,10.1199209690094
3741,146.2646827697754,0.8988759,0.8988274931907654,8.287567652587313e-06,0.8988260626792908,10.112411,10.117250680923462
3742,146.29872035980225,0.8988759,0.8988310098648071,1.4778493095946033e-05,0.8988260626792908,10.112411,10.116899013519287
3743,146.33180785179138,0.8988759,0.8988372087478638,2.0450012016226538e-05,0.8988260626792908,10.112411,10.116279125213623
3744,146.36622023582458,0.8988759,0.8988487124443054,2.4414886865997687e-05,0.8988260626792908,10.112411,10.115128755569458
3745,146.40148091316223,0.8988759,0.8988729119300842,1.0345563168812077e-05,0.8988260626792908,10.112411,10.112708806991577
3746,146.4358491897583,0.8988759,0.898875892162323,0.0,0.898875892162323,10.112411,10.1124107837677
3747,146.47081851959229,0.8988759,0.898875892162323,0.0,0.898875892162323,10.112411,10.1124107837677
3748,146.50476837158203,0.8991698,0.898876965045929,1.79532180482056e-05,0.898875892162323,10.083019,10.112303495407104
3749,146.54607343673706,0.8991698,0.8988806009292603,3.596995520638302e-05,0.898875892162323,10.083019,10.111939907073975
3750,146.58077669143677,0.89928836,0.8988971710205078,7.801265019224957e-05,0.898875892162323,10.071164,10.110282897949219
3751,146.6224868297577,0.89928836,0.8989404439926147,0.00013507621770258993,0.898875892162323,10.071164,10.105955600738525
3752,146.65920567512512,0.8993809,0.8990218043327332,0.00017682736506685615,0.898875892162323,10.061908,10.097819566726685
3753,146.7044198513031,0.89938295,0.8991777300834656,0.00014384005044121295,0.8988770842552185,10.061705,10.082226991653442
3754,146.7481870651245,0.89940244,0.8992986083030701,2.93429839075543e-05,0.8992700576782227,10.059756,10.070139169692993
3755,146.81851029396057,0.89935493,0.8957950472831726,0.002977087628096342,0.8883550763130188,10.064507,10.42049527168274
3756,146.8596546649933,0.89935493,0.8982657194137573,0.0008694935240782797,0.8966487050056458,10.064507,10.173428058624268
3757,146.89342403411865,0.8993712,0.8990256786346436,0.0002399281511316076,0.8985080122947693,10.06288,10.097432136535645
3758,146.93552541732788,0.8993993,0.8992352485656738,9.51743932091631e-05,0.899035632610321,10.060072,10.076475143432617
3759,146.97771549224854,0.8993993,0.8993160128593445,4.365363929537125e-05,0.8992603421211243,10.060072,10.068398714065552
3760,147.012779712677,0.89940244,0.8993558883666992,3.421340079512447e-05,0.8992853164672852,10.059756,10.064411163330078
3761,147.055255651474,0.8994315,0.8993819355964661,1.5721816453151405e-05,0.8993549346923828,10.056848,10.061806440353394
3762,147.09822392463684,0.8994315,0.8993964195251465,7.139320587157272e-06,0.8993799090385437,10.056848,10.060358047485352
3763,147.13311195373535,0.8994315,0.8994020819664001,7.486790764232865e-06,0.8993992805480957,10.056848,10.059791803359985
3764,147.16715693473816,0.8994347,0.8994069695472717,1.1813090168288909e-05,0.8993992805480957,10.056532,10.059303045272827
3765,147.2102599143982,0.8994347,0.8994154334068298,1.3452713574224617e-05,0.8994017243385315,10.056532,10.058456659317017
3766,147.24438667297363,0.8994614,0.8994290232658386,6.874210612295428e-06,0.8994118571281433,10.053862,10.057097673416138
3767,147.28629207611084,0.8994646,0.8994336724281311,5.328837232809747e-06,0.8994312286376953,10.053539,10.05663275718689
3768,147.3283190727234,0.89947164,0.899437427520752,9.580394362274092e-06,0.8994315266609192,10.052835,10.056257247924805
3769,147.37119221687317,0.89947516,0.8994439840316772,1.3917403521190863e-05,0.8994343876838684,10.0524845,10.055601596832275
3770,147.41444277763367,0.89947516,0.899455726146698,1.4572744476026855e-05,0.8994348049163818,10.0524845,10.0544273853302
3771,147.45129799842834,0.90028775,0.899471640586853,5.0190865295007825e-05,0.8994616866111755,9.971226,10.052835941314697
3772,147.4937868118286,0.9005027,0.8994823098182678,9.413206134922802e-05,0.899469256401062,9.949732,10.051769018173218
3773,147.53648257255554,0.90051687,0.8995075821876526,0.00017484414274804294,0.899471640586853,9.948313,10.049241781234741
3774,147.578298330307,0.9008242,0.8995890617370605,0.00032037246273830533,0.8994743227958679,9.917582,10.041093826293945
3775,147.61952543258667,0.9008653,0.8997700214385986,0.0004931046860292554,0.8994751572608948,9.913468,10.022997856140137
3776,147.66235160827637,0.90086544,0.9001310467720032,0.0005837700446136296,0.8994752168655396,9.913456,9.986895322799683
3777,147.70266675949097,0.90086544,0.9006878137588501,0.0001608058373676613,0.9004595875740051,9.913456,9.93121862411499
3778,147.73859667778015,0.90086544,0.9008288383483887,3.385149466339499e-05,0.9007627964019775,9.913456,9.917116165161133
3779,147.77307415008545,0.90086544,0.900858998298645,8.92281695996644e-06,0.9008294939994812,9.913456,9.914100170135498
3780,147.80899214744568,0.90086544,0.9008654952049255,1.1366692120873267e-07,0.9008653163909912,9.913456,9.913450479507446
3781,147.84419536590576,0.90086544,0.9008654952049255,5.960464477539063e-08,0.9008654356002808,9.913456,9.913450479507446
3782,147.87744212150574,0.90086544,0.9008654952049255,5.960464477539063e-08,0.9008654356002808,9.913456,9.913450479507446
3783,147.91147232055664,0.90086544,0.9008654952049255,5.960464477539063e-08,0.9008654356002808,9.913456,9.913450479507446
3784,147.94506978988647,0.90086544,0.9008654952049255,5.960464477539063e-08,0.9008654356002808,9.913456,9.913450479507446
3785,147.98095154762268,0.90086544,0.9008654952049255,5.960464477539063e-08,0.9008654356002808,9.913456,9.913450479507446
3786,148.01750898361206,0.90086544,0.9008654952049255,5.960464477539063e-08,0.9008654356002808,9.913456,9.913450479507446
3787,148.05132603645325,0.90086544,0.9008654952049255,5.960464477539063e-08,0.9008654356002808,9.913456,9.913450479507446
3788,148.08543634414673,0.9008796,0.9008655548095703,8.690518029652594e-07,0.9008654356002808,9.912038,9.913444519042969
3789,148.1257426738739,0.9008796,0.9008656740188599,1.7234658571396722e-06,0.9008654356002808,9.912038,9.913432598114014
3790,148.15985417366028,0.90088004,0.9008662700653076,3.2732632462284528e-06,0.9008654356002808,9.911996,9.913372993469238
3791,148.20089650154114,0.90088004,0.9008674621582031,4.931877356284531e-06,0.9008654356002808,9.911996,9.913253784179688
3792,148.2351107597351,0.9008884,0.9008699655532837,6.611316166527104e-06,0.9008654356002808,9.911161,9.91300344467163
3793,148.27731847763062,0.9008884,0.9008749723434448,6.793778538849438e-06,0.9008654356002808,9.911161,9.912502765655518
3794,148.31342816352844,0.900903,0.9008804559707642,2.575482312749955e-06,0.9008796215057373,9.909701,9.911954402923584
3795,148.36179041862488,0.900903,0.9008822441101074,5.660182523570256e-06,0.9008800387382507,9.909701,9.911775588989258
3796,148.3972716331482,0.900903,0.9008852243423462,8.118960977299139e-06,0.9008800387382507,9.909701,9.91147756576538
3797,148.4328808784485,0.900903,0.900891900062561,8.953917131293565e-06,0.9008800387382507,9.909701,9.910809993743896
3798,148.4671766757965,0.900903,0.9008997082710266,4.606135917128995e-06,0.9008883833885193,9.909701,9.910029172897339
3799,148.5012173652649,0.900903,0.9009028077125549,1.7881393432617188e-07,0.9009029865264893,9.909701,9.909719228744507
3800,148.53538393974304,0.900903,0.9009028077125549,1.7881393432617188e-07,0.9009029865264893,9.909701,9.909719228744507
3801,148.57015299797058,0.900903,0.9009028077125549,1.7881393432617188e-07,0.9009029865264893,9.909701,9.909719228744507
3802,148.6040768623352,0.900903,0.9009028077125549,1.7881393432617188e-07,0.9009029865264893,9.909701,9.909719228744507
3803,148.63867592811584,0.900903,0.9009028077125549,1.7881393432617188e-07,0.9009029865264893,9.909701,9.909719228744507
3804,148.6724021434784,0.900903,0.9009028077125549,1.7881393432617188e-07,0.9009029865264893,9.909701,9.909719228744507
3805,148.70661568641663,0.9009097,0.9009028077125549,4.5923937364023004e-07,0.9009029865264893,9.909028,9.909719228744507
3806,148.74777102470398,0.9009097,0.9009029269218445,5.910810045861581e-07,0.9009029865264893,9.909028,9.909707307815552
3807,148.78477263450623,0.9009149,0.900903046131134,1.3033633194936556e-06,0.9009029865264893,9.908509,9.909695386886597
3808,148.83044385910034,0.9009149,0.9009037017822266,2.6712702947406797e-06,0.9009029865264893,9.908509,9.909629821777344
3809,148.86451125144958,0.9009149,0.9009048342704773,3.998683041572804e-06,0.9009029865264893,9.908509,9.90951657295227
3810,148.89841747283936,0.9009149,0.900907576084137,5.202964075579075e-06,0.9009029865264893,9.908509,9.909242391586304
3811,148.93269991874695,0.9009149,0.9009124040603638,3.5269874842924764e-06,0.9009029865264893,9.908509,9.908759593963623
3812,148.96762347221375,0.9009149,0.9009150862693787,1.7881393432617188e-07,0.9009149074554443,9.908509,9.908491373062134
3813,149.0026593208313,0.9009149,0.9009150862693787,1.7881393432617188e-07,0.9009149074554443,9.908509,9.908491373062134
3814,149.038813829422,0.9009149,0.9009150862693787,1.7881393432617188e-07,0.9009149074554443,9.908509,9.908491373062134
3815,149.0731966495514,0.9009149,0.9009150862693787,1.7881393432617188e-07,0.9009149074554443,9.908509,9.908491373062134
3816,149.10816526412964,0.9009149,0.9009150862693787,1.7881393432617188e-07,0.9009149074554443,9.908509,9.908491373062134
3817,149.1420567035675,0.9009149,0.9009150862693787,1.7881393432617188e-07,0.9009149074554443,9.908509,9.908491373062134
3818,149.1766083240509,0.9009149,0.9009150862693787,1.7881393432617188e-07,0.9009149074554443,9.908509,9.908491373062134
3819,149.21033763885498,0.90091735,0.9009150862693787,2.2598361226755515e-07,0.9009149074554443,9.908265,9.908491373062134
3820,149.25207471847534,0.90091735,0.9009150862693787,2.648825443429814e-07,0.9009149074554443,9.908265,9.908491373062134
3821,149.28649020195007,0.90091735,0.9009151458740234,4.481830444547086e-07,0.9009149074554443,9.908265,9.908485412597656
3822,149.32180953025818,0.9009312,0.9009160399436951,3.6412498047866393e-06,0.9009149074554443,9.906882,9.908396005630493
3823,149.36628794670105,0.9009312,0.9009180068969727,6.012737230776111e-06,0.9009149074554443,9.906882,9.908199310302734
3824,149.40330028533936,0.9009312,0.9009215235710144,7.660088158445433e-06,0.9009149074554443,9.906882,9.90784764289856
3825,149.43890714645386,0.9009312,0.9009284377098083,5.544683972402709e-06,0.9009173512458801,9.906882,9.907156229019165
3826,149.47366189956665,0.9009312,0.9009312391281128,5.960464477539063e-08,0.900931179523468,9.906882,9.90687608718872
3827,149.50839829444885,0.9009323,0.9009312391281128,8.860341438321484e-08,0.900931179523468,9.906769,9.90687608718872
3828,149.54978203773499,0.9009323,0.9009312391281128,1.712887183202838e-07,0.900931179523468,9.906769,9.90687608718872
3829,149.58681845664978,0.9009323,0.9009313583374023,3.211776800071675e-07,0.900931179523468,9.906769,9.906864166259766
3830,149.62282419204712,0.9009323,0.9009314775466919,4.335832386459515e-07,0.900931179523468,9.906769,9.90685224533081
3831,149.65711212158203,0.9009323,0.9009317755699158,4.937610924571345e-07,0.900931179523468,9.906769,9.906822443008423
3832,149.69235181808472,0.9009323,0.9009321928024292,2.134164702738417e-07,0.9009315371513367,9.906769,9.90678071975708
3833,149.72722506523132,0.9009323,0.9009323120117188,0.0,0.9009323120117188,9.906769,9.906768798828125
3834,149.7618796825409,0.9009626,0.9009323716163635,1.8503633327782154e-06,0.9009323120117188,9.903741,9.906762838363647
3835,149.80237221717834,0.9009626,0.9009326100349426,3.1917811611492652e-06,0.9009323120117188,9.903741,9.906738996505737
3836,149.83690762519836,0.9010277,0.9009348750114441,1.1862728570122272e-05,0.9009323120117188,9.897232,9.90651249885559
3837,149.87946438789368,0.9010277,0.9009392261505127,2.1004831069149077e-05,0.9009323120117188,9.897232,9.90607738494873
3838,149.91456294059753,0.9010277,0.900951623916626,3.432474477449432e-05,0.9009323120117188,9.897232,9.904837608337402
3839,149.9482979774475,0.9010277,0.9009747505187988,4.163591438555159e-05,0.9009323120117188,9.897232,9.902524948120117
3840,149.984112739563,0.9010277,0.9010125398635864,2.7306443371344358e-05,0.9009631872177124,9.897232,9.898746013641357
3841,150.0192744731903,0.9010277,0.9010277390480042,5.960464477539063e-08,0.9010276794433594,9.897232,9.897226095199585
