generation,elapsed_time_sec,best,mean,std,worst,best_error,mean_error
1,0.04300069808959961,0.55071294,0.44416651129722595,0.03022891841828823,0.40346765518188477,44.928707,55.583348870277405
2,0.09405255317687988,0.55071294,0.4732826054096222,0.026357758790254593,0.44102948904037476,44.928707,52.67173945903778
3,0.13631033897399902,0.5828077,0.4993586242198944,0.023612627759575844,0.470348596572876,41.719227,50.06413757801056
4,0.18685460090637207,0.5828077,0.5225569009780884,0.0200651828199625,0.4946492314338684,41.719227,47.74430990219116
5,0.2310178279876709,0.5920869,0.5423902273178101,0.015885451808571815,0.5211225748062134,40.79131,45.760977268218994
6,0.2815439701080322,0.5979164,0.5586093664169312,0.013552318327128887,0.5414867401123047,40.20836,44.139063358306885
7,0.3322482109069824,0.6169008,0.5727320909500122,0.011920141987502575,0.5563477277755737,38.30992,42.72679090499878
8,0.3817141056060791,0.6283456,0.5847288370132446,0.01124851405620575,0.5694769620895386,37.16544,41.52711629867554
9,0.4416384696960449,0.6329513,0.5956815481185913,0.011668208986520767,0.5827584266662598,36.70487,40.43184518814087
10,0.5052206516265869,0.64465946,0.6065171957015991,0.011569280177354813,0.592086911201477,35.534054,39.34828042984009
11,0.5557823181152344,0.65152395,0.6181437969207764,0.010606752708554268,0.604270339012146,34.847607,38.18562030792236
12,0.6074674129486084,0.66194105,0.6288697123527527,0.00949778314679861,0.6168255805969238,33.805893,37.11302876472473
13,0.6587569713592529,0.6719302,0.6386480331420898,0.009672547690570354,0.626770555973053,32.80698,36.135196685791016
14,0.7103497982025146,0.6862899,0.6480817794799805,0.009813710115849972,0.6366856098175049,31.37101,35.19182205200195
15,0.7626605033874512,0.6862899,0.6572659015655518,0.00930048618465662,0.6456459164619446,31.37101,34.273409843444824
16,0.8052988052368164,0.6875529,0.6659244298934937,0.00804324634373188,0.6552700996398926,31.244707,33.407557010650635
17,0.8553485870361328,0.6992879,0.6739622950553894,0.00708355288952589,0.6643983125686646,30.07121,32.60377049446106
18,0.906731367111206,0.7051868,0.6807255744934082,0.006941885221749544,0.672088086605072,29.481321,31.92744255065918
19,0.9562335014343262,0.7051868,0.687431275844574,0.00588820269331336,0.6795188188552856,29.481321,31.256872415542603
20,0.9974930286407471,0.7144526,0.6932394504547119,0.00571049889549613,0.68628990650177,28.554737,30.67605495452881
21,1.046295166015625,0.7144526,0.6987596750259399,0.004932064563035965,0.6918843984603882,28.554737,30.124032497406006
22,1.0880436897277832,0.71576923,0.703576922416687,0.004178603645414114,0.6983420848846436,28.423077,29.6423077583313
23,1.1352906227111816,0.727556,0.7076447010040283,0.0040552644059062,0.7027173042297363,27.2444,29.235529899597168
24,1.1846776008605957,0.727556,0.7116981744766235,0.0041047632694244385,0.7063479423522949,27.2444,28.830182552337646
25,1.2267117500305176,0.7311192,0.7159746289253235,0.004437606781721115,0.7110729217529297,26.888079,28.40253710746765
26,1.2763671875,0.73543227,0.7203469276428223,0.004813751671463251,0.7147341966629028,26.456774,27.965307235717773
27,1.3259711265563965,0.7391645,0.7252345681190491,0.004337828140705824,0.7194566130638123,26.083553,27.476543188095093
28,1.376082420349121,0.7456808,0.7296563386917114,0.003859801683574915,0.7247246503829956,25.43192,27.034366130828857
29,1.4291660785675049,0.7456808,0.7335136532783508,0.003627257188782096,0.7289035320281982,25.43192,26.648634672164917
30,1.4718918800354004,0.750739,0.7370460033416748,0.003491201438009739,0.7326688766479492,24.926102,26.29539966583252
31,1.5231976509094238,0.75186497,0.7405604720115662,0.0033392873592674732,0.7366296052932739,24.813503,25.943952798843384
32,1.572307825088501,0.7558907,0.7436002492904663,0.0032804887741804123,0.7394512295722961,24.410927,25.63997507095337
33,1.6220109462738037,0.7563186,0.746712327003479,0.0030015299562364817,0.7431279420852661,24.368137,25.3287672996521
34,1.670727252960205,0.7573997,0.749589741230011,0.002827118383720517,0.7459837198257446,24.260033,25.0410258769989
35,1.7204093933105469,0.7625333,0.7525239586830139,0.002393950941041112,0.7492382526397705,23.74667,24.74760413169861
36,1.7690260410308838,0.7625333,0.7549511790275574,0.0021586089860647917,0.7521819472312927,23.74667,24.504882097244263
37,1.810448408126831,0.76284766,0.7572191953659058,0.0018439962295815349,0.7548991441726685,23.715233,24.278080463409424
38,1.8593358993530273,0.76837337,0.7591748833656311,0.0019224301213398576,0.7569080591201782,23.162663,24.08251166343689
39,1.9084515571594238,0.76837337,0.7612994313240051,0.001922023599036038,0.7588791251182556,23.162663,23.870056867599487
40,1.94974946975708,0.77375877,0.7634550929069519,0.001960506197065115,0.7611506581306458,22.624123,23.65449070930481
41,1.9984354972839355,0.77375877,0.7654628753662109,0.002030925126746297,0.7629609704017639,22.624123,23.453712463378906
42,2.0390396118164062,0.7761311,0.7676600813865662,0.002104163868352771,0.7652303576469421,22.38689,23.233991861343384
43,2.0887081623077393,0.7767752,0.7697188854217529,0.0022926193196326494,0.7672471404075623,22.322481,23.028111457824707
44,2.137998104095459,0.77958286,0.7721111178398132,0.0022895673755556345,0.7691295146942139,22.041714,22.788888216018677
45,2.1869289875030518,0.7810082,0.7745174765586853,0.0020157615654170513,0.7718154788017273,21.899181,22.54825234413147
46,2.23604679107666,0.7812325,0.776589035987854,0.0018336796201765537,0.7742224335670471,21.876753,22.3410964012146
47,2.2858834266662598,0.7850213,0.7784950137138367,0.0015155281871557236,0.776305079460144,21.49787,22.150498628616333
48,2.3357436656951904,0.78714985,0.7802312970161438,0.001478865509852767,0.7785437107086182,21.285015,21.97687029838562
49,2.3871428966522217,0.7884368,0.7817139625549316,0.0016184882260859013,0.7799595594406128,21.156322,21.828603744506836
50,2.4385645389556885,0.78915954,0.7833214998245239,0.0016687047900632024,0.7813295125961304,21.084045,21.667850017547607
51,2.4898836612701416,0.78999317,0.7850142121315002,0.0015498182037845254,0.7830511331558228,21.000683,21.498578786849976
52,2.5394530296325684,0.7917372,0.78662109375,0.0014113582437857985,0.784927487373352,20.82628,21.337890625
53,2.589695453643799,0.7930241,0.7881508469581604,0.001423849374987185,0.7864806652069092,20.697588,21.18491530418396
54,2.6398448944091797,0.795233,0.7897313833236694,0.001537524163722992,0.7878071069717407,20.4767,21.026861667633057
55,2.6871657371520996,0.79684573,0.7915360927581787,0.001597067341208458,0.7894691228866577,20.315426,20.84639072418213
56,2.7389605045318604,0.8006855,0.7933222651481628,0.0016527817351743579,0.7913414239883423,19.931448,20.667773485183716
57,2.810206890106201,0.8027811,0.7952260971069336,0.0018959293374791741,0.7929560542106628,19.72189,20.47739028930664
58,2.8685462474823,0.8027811,0.7972160577774048,0.0018653781153261662,0.7950361371040344,19.72189,20.27839422225952
59,2.9149768352508545,0.8039161,0.799084484577179,0.0016657032538205385,0.796958863735199,19.60839,20.091551542282104
60,2.9634270668029785,0.8039651,0.8008100986480713,0.0013123475946485996,0.7990254759788513,19.60349,19.91899013519287
61,3.0129480361938477,0.8051498,0.8021114468574524,0.0009847921319305897,0.8006997108459473,19.48502,19.78885531425476
62,3.061716079711914,0.8054905,0.8031207323074341,0.000765747157856822,0.8021377921104431,19.45095,19.687926769256592
63,3.1104166507720947,0.80768234,0.8039345741271973,0.0008068737224675715,0.8028711080551147,19.231766,19.606542587280273
64,3.1600430011749268,0.80900216,0.8048630356788635,0.0008619304862804711,0.803839385509491,19.099785,19.513696432113647
65,3.2098381519317627,0.8092514,0.8058013916015625,0.0009088091319426894,0.8048367500305176,19.074858,19.41986083984375
66,3.260117769241333,0.80985653,0.8067547678947449,0.000923847546800971,0.8055830597877502,19.014347,19.324523210525513
67,3.3086462020874023,0.81147903,0.8076431751251221,0.0008419433725066483,0.8066170811653137,18.852097,19.235682487487793
68,3.3577730655670166,0.81147903,0.8085001707077026,0.0007879506447352469,0.8074995279312134,18.852097,19.149982929229736
69,3.4000651836395264,0.81194854,0.809391438961029,0.000790010264609009,0.8084688782691956,18.805145,19.060856103897095
70,3.451992988586426,0.81329453,0.8102201223373413,0.0009099449380300939,0.8092029690742493,18.670547,18.97798776626587
71,3.503098726272583,0.8142232,0.8111572265625,0.0009183153742924333,0.8099895119667053,18.577682,18.88427734375
72,3.5526833534240723,0.8153752,0.8121936321258545,0.0009035379625856876,0.8110295534133911,18.462479,18.78063678741455
73,3.6107535362243652,0.81631994,0.8132531642913818,0.0008747726678848267,0.8120926022529602,18.368006,18.674683570861816
74,3.658885955810547,0.81631994,0.8142291307449341,0.0008068532915785909,0.8131483793258667,18.368006,18.577086925506592
75,3.7001564502716064,0.8177484,0.8151067495346069,0.0006413481896743178,0.8141569495201111,18.225157,18.489325046539307
76,3.751915454864502,0.81779265,0.8157714605331421,0.0005780885694548488,0.8150743842124939,18.220734,18.42285394668579
77,3.8025434017181396,0.81781375,0.8163814544677734,0.0005609275540336967,0.8156762719154358,18.218624,18.361854553222656
78,3.8504579067230225,0.8187498,0.8169474005699158,0.0005250194226391613,0.8162941932678223,18.125021,18.305259943008423
79,3.8994600772857666,0.81991315,0.8174893260002136,0.0004456948081497103,0.8169057369232178,18.008686,18.251067399978638
80,3.965627431869507,0.81991315,0.8179209232330322,0.00044761013123206794,0.8174408674240112,18.008686,18.207907676696777
81,4.006614446640015,0.81991315,0.8183044195175171,0.0005255196010693908,0.8177960515022278,18.008686,18.16955804824829
82,4.048175573348999,0.8202705,0.8188069462776184,0.00048742647049948573,0.8181330561637878,17.972952,18.11930537223816
83,4.097066879272461,0.8205692,0.8192836046218872,0.00043570948764681816,0.8187755346298218,17.943079,18.07163953781128
84,4.146397113800049,0.8210889,0.8197215795516968,0.00042607117211446166,0.8191622495651245,17.89111,18.027842044830322
85,4.1947667598724365,0.82121694,0.8201684355735779,0.0003241327649448067,0.8197436332702637,17.878305,17.983156442642212
86,4.242729663848877,0.82136893,0.8204988241195679,0.00031318943365477026,0.8200989365577698,17.863106,17.950117588043213
87,4.295802354812622,0.8219031,0.8208105564117432,0.0002812958846334368,0.8204225301742554,17.809689,17.918944358825684
88,4.3446643352508545,0.82223696,0.8211433291435242,0.00031478088931180537,0.8207982778549194,17.776304,17.885667085647583
89,4.393771409988403,0.82315576,0.8214821815490723,0.00036695474409498274,0.8210889101028442,17.684423,17.851781845092773
90,4.445252418518066,0.8238166,0.8218722343444824,0.0004142556863371283,0.8214007019996643,17.61834,17.812776565551758
91,4.496799468994141,0.8241367,0.8223084211349487,0.0004716367111541331,0.8217864632606506,17.586332,17.769157886505127
92,4.546924352645874,0.82434213,0.8227798938751221,0.00047775718849152327,0.8222156167030334,17.565786,17.722010612487793
93,4.598157644271851,0.8246028,0.8232960104942322,0.0004588866722770035,0.8226622939109802,17.539722,17.670398950576782
94,4.647031307220459,0.825699,0.8238219022750854,0.00047368931700475514,0.8232178092002869,17.430103,17.617809772491455
95,4.697429418563843,0.82587147,0.8243205547332764,0.00046458281576633453,0.8237802982330322,17.412853,17.567944526672363
96,4.746263027191162,0.82634056,0.8247852921485901,0.00045131909428164363,0.8242332339286804,17.365944,17.52147078514099
97,4.798387289047241,0.8269768,0.825266420841217,0.00044259123387746513,0.8246938586235046,17.302322,17.473357915878296
98,4.847473382949829,0.8280201,0.8257214426994324,0.0004429612890817225,0.8251960873603821,17.19799,17.427855730056763
99,4.89709997177124,0.8283301,0.8261963129043579,0.0005115230451337993,0.8256500959396362,17.16699,17.38036870956421
100,4.946674108505249,0.82872033,0.8267231583595276,0.0006132721318863332,0.826056182384491,17.127968,17.32768416404724
101,4.995592355728149,0.8288388,0.8272802829742432,0.0006063861073926091,0.8265714049339294,17.116117,17.271971702575684
102,5.046383857727051,0.8290605,0.8278867602348328,0.0004533872415777296,0.8271464109420776,17.09395,17.211323976516724
103,5.094290256500244,0.8295634,0.8283379077911377,0.0002841109235305339,0.8279362320899963,17.043663,17.16620922088623
104,5.1438398361206055,0.8295634,0.8286290168762207,0.0002263470960315317,0.8283368349075317,17.043663,17.13709831237793
105,5.1852312088012695,0.83003396,0.8288595676422119,0.00021141879551578313,0.8286108374595642,16.996605,17.11404323577881
106,5.232994794845581,0.8301463,0.8290824890136719,0.0002520187117625028,0.8288339376449585,16.985369,17.091751098632812
107,5.282045841217041,0.8301463,0.8293126821517944,0.00028348457999527454,0.8290184140205383,16.985369,17.068731784820557
108,5.3243324756622314,0.83052385,0.8296076655387878,0.0002908223250415176,0.8292162418365479,16.947615,17.039233446121216
109,5.373507022857666,0.8309266,0.8299035429954529,0.00025068072136491537,0.8295633792877197,16.907341,17.009645700454712
110,5.42322850227356,0.8310616,0.8301870822906494,0.0002155793335987255,0.8298985958099365,16.89384,16.98129177093506
111,5.473285436630249,0.8312362,0.8304017782211304,0.00024018103431444615,0.830146312713623,16.87638,16.959822177886963
112,5.5234293937683105,0.83124393,0.8306347727775574,0.00023921507818158716,0.8303248882293701,16.875607,16.936522722244263
113,5.572673559188843,0.8315649,0.8308793306350708,0.00015937010175548494,0.8306238055229187,16.84351,16.91206693649292
114,5.62433123588562,0.83169687,0.8310278058052063,0.00014919204113539308,0.830878496170044,16.830313,16.89721941947937
115,5.6755897998809814,0.8317642,0.8311676979064941,0.00017335436132270843,0.8309750556945801,16.823578,16.883230209350586
116,5.724311113357544,0.832088,0.8313451409339905,0.00019131612498313189,0.8311282992362976,16.7912,16.865485906600952
117,5.773153066635132,0.8324269,0.8315486311912537,0.00019712118955794722,0.8312974572181702,16.757309,16.845136880874634
118,5.821653366088867,0.8326758,0.8317671418190002,0.00019983916718047112,0.8315168023109436,16.732418,16.823285818099976
119,5.869770526885986,0.8330942,0.8319635391235352,0.00022902908676769584,0.8317326307296753,16.690582,16.803646087646484
120,5.918003797531128,0.8330942,0.8321873545646667,0.00028210310847498477,0.8319110870361328,16.690582,16.781264543533325
121,5.9592859745025635,0.83399165,0.8324779272079468,0.0003364052390679717,0.8320868611335754,16.600836,16.752207279205322
122,6.008401393890381,0.83399165,0.8328478932380676,0.0002854185295291245,0.8324313163757324,16.600836,16.715210676193237
123,6.04940128326416,0.83431035,0.8331540822982788,0.00032108425511978567,0.8328443765640259,16.568964,16.68459177017212
124,6.099421977996826,0.83446425,0.833463728427887,0.0003690740268211812,0.8330370187759399,16.553576,16.653627157211304
125,6.148080110549927,0.8345654,0.8338499069213867,0.00027988554211333394,0.833381712436676,16.54346,16.615009307861328
126,6.19873833656311,0.83493793,0.8341269493103027,0.0001974965853150934,0.8338940739631653,16.506207,16.587305068969727
127,6.250087738037109,0.834962,0.8343324661254883,0.00018320644448976964,0.8340615034103394,16.5038,16.566753387451172
128,6.299543142318726,0.8353038,0.8345303535461426,0.00019173654436599463,0.8343242406845093,16.469622,16.546964645385742
129,6.349899053573608,0.8358071,0.834730863571167,0.00023351596610154957,0.8344642519950867,16.419292,16.5269136428833
130,6.398619890213013,0.8358523,0.8350028991699219,0.00022914302826393396,0.834743320941925,16.414768,16.499710083007812
131,6.44698691368103,0.8361178,0.8352566957473755,0.00027012021746486425,0.8349403738975525,16.38822,16.47433042526245
132,6.4974095821380615,0.83615804,0.8355505466461182,0.00022286550665739924,0.8352832198143005,16.384197,16.444945335388184
133,6.546024799346924,0.8365557,0.8357821106910706,0.00021363083214964718,0.8354913592338562,16.344429,16.421788930892944
134,6.5962536334991455,0.83706427,0.8360186815261841,0.00020519294776022434,0.8357840776443481,16.293573,16.398131847381592
135,6.644707441329956,0.83716536,0.8362380266189575,0.0002329293783986941,0.8359822034835815,16.283464,16.376197338104248
136,6.693620443344116,0.83737123,0.8364970684051514,0.00028101043426431715,0.8361758589744568,16.262877,16.350293159484863
137,6.743535995483398,0.83752507,0.8368011713027954,0.00026462023379281163,0.8364726901054382,16.247494,16.31988286972046
138,6.793224096298218,0.83773726,0.8370919823646545,0.0002128227788489312,0.8367898464202881,16.226274,16.290801763534546
139,6.841811656951904,0.8378283,0.8372970819473267,0.00017824290262069553,0.8370645046234131,16.217173,16.270291805267334
140,6.89269757270813,0.83810276,0.8374922275543213,0.00017491141625214368,0.8372828960418701,16.189724,16.25077724456787
141,6.942173719406128,0.83834124,0.8376805186271667,0.00016913455328904092,0.8374797105789185,16.165876,16.231948137283325
142,6.9890663623809814,0.83847076,0.8378564119338989,0.00019195889763068408,0.8376381397247314,16.152924,16.214358806610107
143,7.038346290588379,0.83968776,0.8380666971206665,0.00022837723372504115,0.837812066078186,16.031223,16.19333028793335
144,7.087272882461548,0.83968776,0.8382968902587891,0.0002711293054744601,0.8380270600318909,16.031223,16.170310974121094
145,7.130328178405762,0.83968776,0.8385524749755859,0.0003287812869530171,0.8382412791252136,16.031223,16.144752502441406
146,7.1716578006744385,0.83972734,0.8388660550117493,0.00036899728002026677,0.8384659290313721,16.027266,16.113394498825073
147,7.22039794921875,0.84000456,0.8392097353935242,0.00032240775180980563,0.8387513160705566,15.999544,16.079026460647583
148,7.269021987915039,0.8400179,0.8395271897315979,0.00015909904323052615,0.8392339944839478,15.998209,16.04728102684021
149,7.316594362258911,0.8400179,0.8396720290184021,0.00010406437650090083,0.8395583033561707,15.998209,16.03279709815979
150,7.358641862869263,0.8400633,0.8397702574729919,0.00011987055040663108,0.8396581411361694,15.993672,16.022974252700806
151,7.407572984695435,0.8403795,0.8398811221122742,0.00012397984392009676,0.8397064208984375,15.962052,16.011887788772583
152,7.457075834274292,0.84045887,0.8400127291679382,9.360645344713703e-05,0.8398879766464233,15.954113,15.998727083206177
153,7.507876396179199,0.84054315,0.8400958180427551,0.0001258968550246209,0.8400083780288696,15.945684,15.990418195724487
154,7.555790424346924,0.8424619,0.8402061462402344,0.0001945148833328858,0.8400436043739319,15.753812,15.979385375976562
155,7.605615615844727,0.8425189,0.8403754830360413,0.00025786086916923523,0.8401634693145752,15.748108,15.962451696395874
156,7.653332710266113,0.8425189,0.8405389785766602,0.00037935186992399395,0.8403711915016174,15.748108,15.946102142333984
157,7.694524526596069,0.84273577,0.8407809138298035,0.0006196905742399395,0.8404468894004822,15.726423,15.921908617019653
158,7.746241331100464,0.84303415,0.8411684632301331,0.0008324917871505022,0.8405452966690063,15.696585,15.883153676986694
159,7.795807123184204,0.84313726,0.8418790698051453,0.0008657718426547945,0.8407148122787476,15.686274,15.812093019485474
160,7.844491243362427,0.8432607,0.8426805734634399,0.00019654040806926787,0.8424188494682312,15.673929,15.731942653656006
161,7.891960144042969,0.8433317,0.8428664803504944,0.00017141828720923513,0.8426439762115479,15.66683,15.713351964950562
162,7.941674709320068,0.8440422,0.8430445790290833,0.0001838613534346223,0.8428357243537903,15.595781,15.695542097091675
163,7.991459369659424,0.8441028,0.8432580232620239,0.00023039456573314965,0.8430270552635193,15.58972,15.674197673797607
164,8.04164743423462,0.8442054,0.8435032963752747,0.0002620524319354445,0.8432102799415588,15.579462,15.649670362472534
165,8.091750144958496,0.844486,0.8437999486923218,0.00021313593606464565,0.8434800505638123,15.5514,15.620005130767822
166,8.140587329864502,0.8445396,0.8440089225769043,0.00017499670502729714,0.8437762260437012,15.5460415,15.59910774230957
167,8.189497947692871,0.8446551,0.8441831469535828,0.00013638476957567036,0.8440107107162476,15.534491,15.581685304641724
168,8.238252401351929,0.84524703,0.8443209528923035,0.00013430370017886162,0.8441663980484009,15.475297,15.567904710769653
169,8.288334131240845,0.84526384,0.8444586396217346,0.0001486138644395396,0.8443002104759216,15.473616,15.554136037826538
170,8.336592674255371,0.84539914,0.8446044921875,0.00019604383851401508,0.8444381952285767,15.460086,15.53955078125
171,8.386730909347534,0.84559095,0.8447803854942322,0.00025431570247747004,0.8445395827293396,15.440905,15.521961450576782
172,8.435494422912598,0.8462194,0.8450257182121277,0.0002807113341987133,0.8446898460388184,15.3780575,15.497428178787231
173,8.485327005386353,0.8462364,0.8453209400177002,0.0002620061859488487,0.8449442982673645,15.376359,15.46790599822998
174,8.534121036529541,0.8466659,0.8456028699874878,0.00029259215807542205,0.8452824354171753,15.333408,15.43971300125122
175,8.583828210830688,0.8467699,0.8459048271179199,0.00031062689959071577,0.8455260396003723,15.323008,15.409517288208008
176,8.63402795791626,0.8469818,0.8462455868721008,0.0002495537046343088,0.8458524346351624,15.301818,15.375441312789917
177,8.684651374816895,0.8471445,0.8464936017990112,0.00018865708261728287,0.8462252020835876,15.285551,15.350639820098877
178,8.73613691329956,0.84750825,0.8466930985450745,0.00018087495118379593,0.8464889526367188,15.249175,15.330690145492554
179,8.786153078079224,0.8475835,0.84686279296875,0.00019145605619996786,0.8466473817825317,15.2416525,15.313720703125
180,8.834610939025879,0.8475835,0.8470651507377625,0.00019031141710001975,0.8468183279037476,15.2416525,15.293484926223755
181,8.877641677856445,0.84763515,0.8472628593444824,0.00015891395742073655,0.8470502495765686,15.236485,15.273714065551758
182,8.927950620651245,0.84777904,0.8474295139312744,0.00011989112681476399,0.8472381830215454,15.222096,15.257048606872559
183,8.977079153060913,0.84785914,0.8475450873374939,9.124861389864236e-05,0.8474180698394775,15.214086,15.24549126625061
184,9.027286767959595,0.848119,0.8476343154907227,8.809196151560172e-05,0.847537636756897,15.188098,15.236568450927734
185,9.075718641281128,0.848119,0.8477244973182678,9.070937085198238e-05,0.8476150631904602,15.188098,15.227550268173218
186,9.118254899978638,0.84819305,0.8478214144706726,0.00010538191418163478,0.8477117419242859,15.180695,15.21785855293274
187,9.167529106140137,0.8482746,0.8479215502738953,0.0001239272387465462,0.8477895855903625,15.172541,15.207844972610474
188,9.216331958770752,0.8483897,0.8480415940284729,0.00011848744179587811,0.8478794097900391,15.161032,15.19584059715271
189,9.264701128005981,0.8484336,0.848166823387146,8.373375749215484e-05,0.8480445742607117,15.156639,15.1833176612854
190,9.313658714294434,0.8485418,0.8482500314712524,7.590930908918381e-05,0.8481570482254028,15.145821,15.174996852874756
191,9.362447261810303,0.84861606,0.8483266830444336,7.515635661548004e-05,0.8482299447059631,15.138393,15.16733169555664
192,9.41295075416565,0.84876096,0.8484129905700684,7.754069520160556e-05,0.8483169674873352,15.123903,15.158700942993164
193,9.461896896362305,0.8487688,0.848488450050354,8.696669829078019e-05,0.8483946323394775,15.123123,15.1511549949646
194,9.511811256408691,0.85032696,0.8485906720161438,0.00013687933096662164,0.8484609723091125,14.967304,15.14093279838562
195,9.560264348983765,0.85032696,0.8486983776092529,0.00016191306349355727,0.8485763669013977,14.967304,15.130162239074707
196,9.602605819702148,0.85067034,0.8488422632217407,0.00030652666464447975,0.848664402961731,14.932966,15.115773677825928
197,9.650846719741821,0.85076374,0.8490709066390991,0.0005067549063824117,0.8487686514854431,14.923626,15.092909336090088
198,9.701231956481934,0.85103333,0.849412202835083,0.000714260502718389,0.8488995432853699,14.8966675,15.0587797164917
199,9.75021243095398,0.85129666,0.8500275611877441,0.0007896689348854125,0.849015474319458,14.870334,14.997243881225586
200,9.798948526382446,0.85129666,0.8508245944976807,0.00019362676539458334,0.8504681587219238,14.870334,14.917540550231934
201,9.838979959487915,0.85131997,0.8510143160820007,0.00012746689026243985,0.8508130311965942,14.868003,14.898568391799927
202,9.890820980072021,0.85155463,0.8511468768119812,0.00010048416152130812,0.8510032892227173,14.844537,14.88531231880188
203,9.94151759147644,0.85161555,0.8512547612190247,7.299066055566072e-05,0.8511632680892944,14.838446,14.874523878097534
204,9.990038394927979,0.8517499,0.8513281345367432,9.90498301689513e-05,0.8512413501739502,14.82501,14.867186546325684
205,10.038000106811523,0.85185385,0.8514196872711182,0.00013200244575273246,0.8512966632843018,14.814615,14.858031272888184
206,10.086708307266235,0.852064,0.8515492081642151,0.00013073853915557265,0.8513456583023071,14.793598,14.845079183578491
207,10.137264728546143,0.8521286,0.8516958355903625,0.00011610419460339472,0.8515703678131104,14.787138,14.830416440963745
208,10.186635494232178,0.85223365,0.8518142104148865,0.00013875929289497435,0.8516777157783508,14.776635,14.818578958511353
209,10.235744953155518,0.8523205,0.8519441485404968,0.000131368258735165,0.8517524003982544,14.767951,14.805585145950317
210,10.283981561660767,0.8523285,0.8520719408988953,7.749037467874587e-05,0.8519639372825623,14.767152,14.792805910110474
211,10.332154035568237,0.8523859,0.8521482348442078,7.926544640213251e-05,0.8520629405975342,14.761412,14.785176515579224
212,10.380395889282227,0.8528819,0.8522294759750366,9.193096775561571e-05,0.8521224856376648,14.711809,14.777052402496338
213,10.43703818321228,0.8528819,0.8523243069648743,9.373614011565223e-05,0.8522124886512756,14.711809,14.767569303512573
214,10.484521389007568,0.8528819,0.8524181246757507,0.00010270470374962315,0.8523204922676086,14.711809,14.758187532424927
215,10.527801036834717,0.8530936,0.8525215983390808,0.00013097196642775089,0.852392315864563,14.690638,14.747840166091919
216,10.576733112335205,0.8531637,0.8526563048362732,0.00017671924433670938,0.8524865508079529,14.683628,14.73436951637268
217,10.62539291381836,0.85338926,0.8528329730033875,0.00019093968148808926,0.8525779247283936,14.661074,14.716702699661255
218,10.673910140991211,0.8534263,0.8530362844467163,0.0001125637354562059,0.852881908416748,14.657372,14.69637155532837
219,10.723412990570068,0.8535167,0.8531415462493896,9.689786384114996e-05,0.8530369400978088,14.648331,14.685845375061035
220,10.772190809249878,0.85361546,0.8532429933547974,0.00011431158054620028,0.8531182408332825,14.6384535,14.675700664520264
221,10.82375168800354,0.853688,0.8533569574356079,0.00011344399536028504,0.853202223777771,14.6312,14.664304256439209
222,10.874791622161865,0.8537687,0.8534793853759766,8.562827133573592e-05,0.8533778190612793,14.623129,14.652061462402344
223,10.923211336135864,0.85404205,0.8535804748535156,9.007604967337102e-05,0.8534801006317139,14.595795,14.641952514648438
224,10.971502304077148,0.85411435,0.8536734580993652,0.00010409548849565908,0.8535522222518921,14.588565,14.632654190063477
225,11.02133560180664,0.85415494,0.8537852168083191,0.00011730035475920886,0.8536545038223267,14.584505,14.62147831916809
226,11.069833993911743,0.85432297,0.853910505771637,0.00012456710101105273,0.853766143321991,14.567703,14.608949422836304
227,11.11808156967163,0.8544774,0.8540428280830383,0.00012524129124358296,0.8538916110992432,14.552259,14.595717191696167
228,11.166096210479736,0.85455143,0.8541702032089233,0.00011503996938699856,0.8540161848068237,14.544857,14.582979679107666
229,11.213958263397217,0.8547714,0.8542957901954651,0.00012941575550939888,0.8541390895843506,14.522862,14.570420980453491
230,11.26163363456726,0.8549609,0.8544370532035828,0.00013174692867323756,0.8542889356613159,14.503908,14.556294679641724
231,11.31192946434021,0.85508007,0.8545840978622437,0.00014496299263555557,0.8544127941131592,14.491993,14.541590213775635
232,11.361488342285156,0.8552168,0.8547385334968567,0.00014747075329069048,0.8545515537261963,14.47832,14.526146650314331
233,11.411220788955688,0.8554524,0.8548887968063354,0.00013487006071954966,0.854706883430481,14.454758,14.511120319366455
234,11.461053371429443,0.8554524,0.8550237417221069,0.00010831366671482101,0.8548687696456909,14.454758,14.497625827789307
235,11.503527164459229,0.8555799,0.8551345467567444,9.592046990292147e-05,0.8550016283988953,14.442009,14.486545324325562
236,11.55323600769043,0.85562164,0.8552318215370178,9.047267667483538e-05,0.8551483750343323,14.437837,14.476817846298218
237,11.60319209098816,0.8557934,0.8553138375282288,0.00013484004011843354,0.8552074432373047,14.420658,14.468616247177124
238,11.649022102355957,0.8557934,0.8554282188415527,0.0001516151532996446,0.8552444577217102,14.420658,14.457178115844727
239,11.689675092697144,0.8558464,0.8555850982666016,0.00010792684770422056,0.8554178476333618,14.4153595,14.441490173339844
240,11.740496158599854,0.85586727,0.8556886911392212,5.9316724218660966e-05,0.8556134104728699,14.413273,14.43113088607788
241,11.790260076522827,0.85599416,0.8557445406913757,5.8257275668438524e-05,0.8556767106056213,14.400583,14.425545930862427
242,11.83829641342163,0.85599416,0.8558053970336914,4.8985682951752096e-05,0.8557303547859192,14.400583,14.41946029663086
243,11.882014513015747,0.8562893,0.8558560609817505,5.505672743311152e-05,0.8557969331741333,14.371067,14.414393901824951
244,11.932326078414917,0.85642564,0.8559132218360901,9.958593727787957e-05,0.8558476567268372,14.357435,14.408677816390991
245,11.981926679611206,0.85642564,0.8559942245483398,0.00014713683049194515,0.8558775186538696,14.357435,14.400577545166016
246,12.02491569519043,0.856446,0.8561206459999084,0.00017543663852848113,0.8559245467185974,14.355397,14.387935400009155
247,12.072685480117798,0.85652095,0.8563056588172913,9.03117106645368e-05,0.8561326861381531,14.347905,14.369434118270874
248,12.121925115585327,0.8565521,0.8563889265060425,4.49001272500027e-05,0.8563153147697449,14.344788,14.361107349395752
249,12.170324802398682,0.85660726,0.8564322590827942,4.250601341482252e-05,0.8563917875289917,14.339274,14.356774091720581
250,12.218850135803223,0.85668004,0.856475830078125,6.556191510753706e-05,0.8564220070838928,14.331997,14.3524169921875
251,12.26718783378601,0.8567695,0.8565379977226257,7.740695582469925e-05,0.8564459681510925,14.32305,14.346200227737427
252,12.316867113113403,0.85687083,0.856619656085968,5.390651131165214e-05,0.8565372228622437,14.312917,14.338034391403198
253,12.365010976791382,0.85693526,0.8566728830337524,4.699935016105883e-05,0.8566132187843323,14.306474,14.332711696624756
254,12.414025068283081,0.85693526,0.8567184805870056,5.8241137594450265e-05,0.8566654920578003,14.306474,14.328151941299438
255,12.45594072341919,0.8570262,0.8567734956741333,7.473726145690307e-05,0.8567013740539551,14.297379,14.32265043258667
256,12.506611347198486,0.8572168,0.8568437695503235,8.190228254534304e-05,0.8567475080490112,14.278322,14.315623044967651
257,12.55634331703186,0.8572443,0.8569383025169373,7.163381815189496e-05,0.8568461537361145,14.275569,14.306169748306274
258,12.606626272201538,0.85725224,0.8570067286491394,7.808618829585612e-05,0.8569232821464539,14.274776,14.29932713508606
259,12.655934572219849,0.857305,0.8570749759674072,7.759628351777792e-05,0.8569841980934143,14.269501,14.292502403259277
260,12.703775644302368,0.85734224,0.8571506142616272,6.911501259310171e-05,0.8570584058761597,14.265776,14.28493857383728
261,12.756109714508057,0.85738385,0.8572221398353577,5.2947627409594133e-05,0.8571407198905945,14.261616,14.277786016464233
262,12.823605060577393,0.85770345,0.8572804927825928,5.074588261777535e-05,0.857219934463501,14.229655,14.271950721740723
263,12.883042097091675,0.8577322,0.8573314547538757,5.816009434056468e-05,0.8572758436203003,14.226782,14.266854524612427
264,12.936710834503174,0.85783803,0.8573852777481079,8.165385224856436e-05,0.8573145270347595,14.216196,14.261472225189209
265,12.986010074615479,0.85796016,0.8574619889259338,0.0001230945490533486,0.8573693037033081,14.203983,14.253801107406616
266,13.03402042388916,0.857975,0.8575677871704102,0.00016046933887992054,0.857418954372406,14.202499,14.243221282958984
267,13.082209587097168,0.85803795,0.8577191233634949,0.00015981539036147296,0.8574833869934082,14.196205,14.228087663650513
268,13.131016492843628,0.8580419,0.8578752279281616,7.361850293818861e-05,0.8577660918235779,14.195812,14.212477207183838
269,13.180298805236816,0.8580711,0.8579490780830383,5.0529146392364055e-05,0.8578686714172363,14.192891,14.205092191696167
270,13.229846239089966,0.8583058,0.8579991459846497,3.399661000003107e-05,0.8579503297805786,14.169418,14.200085401535034
271,13.277916193008423,0.8583058,0.8580302000045776,3.1978161132428795e-05,0.8579932451248169,14.169418,14.196979999542236
272,13.320130825042725,0.85833514,0.8580610752105713,4.980656740372069e-05,0.8580299019813538,14.166487,14.193892478942871
273,13.370674133300781,0.85835266,0.8580980896949768,7.239212573040277e-05,0.8580418825149536,14.164734,14.19019103050232
274,13.420347929000854,0.8583832,0.8581594824790955,8.680500468472019e-05,0.8580713272094727,14.161682,14.184051752090454
275,13.47002649307251,0.8585597,0.8582521677017212,7.355734123848379e-05,0.858134925365448,14.144028,14.17478322982788
276,13.521517515182495,0.85879713,0.8583327531814575,6.948432564968243e-05,0.8582525253295898,14.120287,14.166724681854248
277,13.569306135177612,0.85879713,0.8583987951278687,8.774157322477549e-05,0.858319878578186,14.120287,14.160120487213135
278,13.610348463058472,0.85893893,0.8584720492362976,0.00011114120570709929,0.858366847038269,14.106107,14.15279507637024
279,13.658757209777832,0.85913074,0.8585836887359619,0.00012939400039613247,0.8584343194961548,14.0869255,14.141631126403809
280,13.706897020339966,0.8593346,0.8587073087692261,0.00017391913570463657,0.858563244342804,14.066542,14.129269123077393
281,13.75660252571106,0.85943115,0.8588739633560181,0.00021647362154908478,0.8586307764053345,14.056885,14.112603664398193
282,13.806777715682983,0.85943115,0.8591008186340332,0.0001365179632557556,0.8588524460792542,14.056885,14.08991813659668
283,13.848615169525146,0.85948217,0.859228253364563,8.017521031433716e-05,0.8591253757476807,14.051783,14.077174663543701
284,13.897327423095703,0.85959095,0.8593071103096008,7.08385996404104e-05,0.8592199087142944,14.040905,14.069288969039917
285,13.945866107940674,0.8596513,0.8593782186508179,7.297817501239479e-05,0.8593025207519531,14.034867,14.062178134918213
286,13.995563268661499,0.85969347,0.8594541549682617,7.7129814599175e-05,0.8593608140945435,14.030653,14.054584503173828
287,14.04807996749878,0.8597947,0.8595384955406189,7.801258470863104e-05,0.859438955783844,14.020533,14.04615044593811
288,14.098187446594238,0.8599745,0.8596285581588745,8.061268454184756e-05,0.8595300912857056,14.00255,14.037144184112549
289,14.146382570266724,0.86000395,0.8597177267074585,8.116993558360264e-05,0.8596187233924866,13.999605,14.02822732925415
290,14.196894645690918,0.86005294,0.859799861907959,8.078774408204481e-05,0.8597036004066467,13.994705,14.020013809204102
291,14.246232986450195,0.8601969,0.8598812222480774,8.558717672713101e-05,0.8597809076309204,13.980311,14.01187777519226
292,14.293691873550415,0.860237,0.8599681258201599,7.994574843905866e-05,0.8598603010177612,13.976299,14.003187417984009
293,14.342398881912231,0.8604641,0.8600524067878723,8.107595203910023e-05,0.8599681854248047,13.95359,13.994759321212769
294,14.392486810684204,0.86069524,0.8601348996162415,0.00010073516750708222,0.8600305914878845,13.930475,13.986510038375854
295,14.445006847381592,0.86071616,0.8602333068847656,0.00012034922110615298,0.860114574432373,13.928384,13.976669311523438
296,14.495461225509644,0.86084366,0.8603482246398926,0.00014704505156259984,0.8601968884468079,13.915634,13.965177536010742
297,14.545864820480347,0.86084366,0.8604830503463745,0.00013305596075952053,0.8602871298789978,13.915634,13.951694965362549
298,14.587001085281372,0.86102605,0.8606182932853699,0.00010492677392903715,0.8604764938354492,13.897395,13.938170671463013
299,14.636401653289795,0.86107147,0.8607191443443298,7.97085085650906e-05,0.8606106638908386,13.892853,13.928085565567017
300,14.719701290130615,0.8610172,0.8582591414451599,0.002246655523777008,0.8533939123153687,13.898277,14.174085855484009
301,14.768074750900269,0.8610549,0.860204815864563,0.0005776890320703387,0.8589834570884705,13.89451,13.979518413543701
302,14.81936264038086,0.8612075,0.8607149720191956,0.00020067013974767178,0.8603743314743042,13.8792515,13.928502798080444
303,14.867712497711182,0.8613453,0.8609084486961365,0.00013823475455865264,0.8607100248336792,13.865471,13.909155130386353
304,14.915714025497437,0.861508,0.8610499501228333,0.00010612036567181349,0.8609114289283752,13.849199,13.895004987716675
305,14.963810205459595,0.8616468,0.8611634969711304,0.00012346389121375978,0.8610256910324097,13.835323,13.883650302886963
306,15.016428232192993,0.8616743,0.8612954020500183,0.00013585228589363396,0.8611383438110352,13.832569,13.870459794998169
307,15.06588077545166,0.8617878,0.8614421486854553,0.00011978037218796089,0.8612653613090515,13.82122,13.855785131454468
308,15.114463329315186,0.8617878,0.8615630865097046,8.357370825251564e-05,0.8614456057548523,13.82122,13.843691349029541
309,15.156913757324219,0.86180854,0.861649215221405,6.60153673379682e-05,0.8615537285804749,13.819146,13.835078477859497
310,15.20561695098877,0.8618444,0.8617148399353027,4.8251291445922107e-05,0.8616490960121155,13.8155575,13.828516006469727
311,15.252166986465454,0.86185443,0.8617649674415588,3.129248943878338e-05,0.8617067933082581,13.814556,13.823503255844116
312,15.300167083740234,0.8619199,0.8617972731590271,2.4448609110550024e-05,0.8617691993713379,13.808012,13.82027268409729
313,15.34844446182251,0.8619474,0.8618212938308716,3.0884148145560175e-05,0.8617904186248779,13.805258,13.817870616912842
314,15.398195505142212,0.86195207,0.8618494272232056,3.617507900344208e-05,0.8618112206459045,13.804793,13.815057277679443
315,15.447925567626953,0.86206394,0.8618863224983215,3.3383723348379135e-05,0.8618424534797668,13.793606,13.811367750167847
316,15.499553918838501,0.86209655,0.8619247078895569,3.050615850952454e-05,0.86188805103302,13.790345,13.807529211044312
317,15.548869848251343,0.8621747,0.8619582653045654,3.847431798931211e-05,0.8619176745414734,13.782531,13.804173469543457
318,15.598069429397583,0.8621747,0.8619985580444336,4.940497092320584e-05,0.8619489073753357,13.782531,13.80014419555664
319,15.64138674736023,0.86220586,0.862044632434845,5.068541577202268e-05,0.8619863986968994,13.779413,13.795536756515503
320,15.69022250175476,0.8622448,0.8620986342430115,4.535835250862874e-05,0.8620361089706421,13.775521,13.790136575698853
321,15.73987364768982,0.8622899,0.862147867679596,4.223480573273264e-05,0.8620931506156921,13.771009,13.785213232040405
322,15.788908243179321,0.86239874,0.8621941804885864,4.29760038969107e-05,0.8621424436569214,13.760126,13.780581951141357
323,15.83812665939331,0.86245936,0.8622394800186157,4.897721009911038e-05,0.8621851205825806,13.754064,13.776051998138428
324,15.88919734954834,0.86247784,0.8622915744781494,5.3350577218225226e-05,0.8622258901596069,13.752216,13.770842552185059
325,15.938089847564697,0.8625403,0.8623483180999756,4.9828842747956514e-05,0.8622822165489197,13.74597,13.765168190002441
326,15.985776424407959,0.8625753,0.8623982667922974,4.7995934437494725e-05,0.8623374700546265,13.742471,13.760173320770264
327,16.033485412597656,0.8626116,0.862447202205658,4.3787076720036566e-05,0.8623950481414795,13.738841,13.755279779434204
328,16.082510709762573,0.86262685,0.8624899983406067,4.4800381147069857e-05,0.862440288066864,13.737315,13.751000165939331
329,16.130948066711426,0.8626374,0.8625342845916748,3.8919672078918666e-05,0.8624728322029114,13.736259,13.74657154083252
330,16.191235780715942,0.86284345,0.8625734448432922,3.461217420408502e-05,0.8625396490097046,13.715654,13.742655515670776
331,16.242241382598877,0.8628545,0.8626086711883545,6.121296610217541e-05,0.8625656962394714,13.714552,13.73913288116455
332,16.29121971130371,0.86321104,0.8626670241355896,9.663891250966117e-05,0.8625885248184204,13.678896,13.73329758644104
333,16.34043836593628,0.8632784,0.8627586364746094,0.00012172351125627756,0.8626207113265991,13.672161,13.724136352539062
334,16.38971257209778,0.86336195,0.8628811836242676,0.00011062395060434937,0.8627688884735107,13.663805,13.711881637573242
335,16.43754768371582,0.86336195,0.8629698753356934,0.00014460764941759408,0.8628503084182739,13.663805,13.703012466430664
336,16.47961139678955,0.8635409,0.8630882501602173,0.00015968212392181158,0.8629001975059509,13.645911,13.691174983978271
337,16.52854037284851,0.8635422,0.8632500767707825,0.00010495888272998855,0.8630630970001221,13.645781,13.674992322921753
338,16.57822012901306,0.86377907,0.8633556962013245,9.603459329809994e-05,0.8632476329803467,13.622093,13.664430379867554
339,16.628670692443848,0.86382306,0.8634564280509949,0.00010017876047641039,0.8633443117141724,13.617695,13.654357194900513
340,16.67792558670044,0.86394644,0.8635560274124146,9.936354763340205e-05,0.8634388446807861,13.605356,13.644397258758545
341,16.728421926498413,0.86395526,0.8636588454246521,0.00011115918459836394,0.8635395169258118,13.604474,13.63411545753479
342,16.77743101119995,0.8641459,0.8637762665748596,0.0001050201608450152,0.8636333346366882,13.585413,13.622373342514038
343,16.827789545059204,0.86420417,0.8638790249824524,9.261249942937866e-05,0.8637593388557434,13.579583,13.61209750175476
344,16.875810146331787,0.8643239,0.863976776599884,9.32580151129514e-05,0.8638695478439331,13.567609,13.602322340011597
345,16.925636053085327,0.86440885,0.8640737533569336,9.995339496526867e-05,0.8639557957649231,13.559114,13.59262466430664
346,16.97305941581726,0.8645079,0.8641747832298279,8.554990927223116e-05,0.8640608191490173,13.549209,13.582521677017212
347,17.02099871635437,0.8645079,0.8642557859420776,8.095530938589945e-05,0.8641572594642639,13.549209,13.574421405792236
348,17.064382314682007,0.86450803,0.8643321394920349,7.32922344468534e-05,0.8642451763153076,13.549196,13.566786050796509
349,17.113656997680664,0.86452544,0.8644011616706848,6.437214324250817e-05,0.8643086552619934,13.547457,13.559883832931519
350,17.16506338119507,0.86455595,0.8644625544548035,4.0669459849596024e-05,0.8643988966941833,13.544405,13.553744554519653
351,17.213093280792236,0.86455595,0.8645012974739075,1.605226680112537e-05,0.8644707202911377,13.544405,13.549870252609253
352,17.254539728164673,0.8646381,0.8645169138908386,1.3598772966361139e-05,0.8645052909851074,13.536191,13.548308610916138
353,17.303046703338623,0.8646381,0.8645290732383728,1.7183747331728227e-05,0.8645136952400208,13.536191,13.54709267616272
354,17.344393730163574,0.86470044,0.8645457625389099,2.6901370802079327e-05,0.8645232319831848,13.529957,13.545423746109009
355,17.392831325531006,0.86470044,0.8645709156990051,3.865248800138943e-05,0.8645412921905518,13.529957,13.542908430099487
356,17.43369150161743,0.86478245,0.8646032214164734,5.591536682914011e-05,0.8645559549331665,13.521755,13.539677858352661
357,17.485168933868408,0.8647886,0.8646517395973206,5.4520343837793916e-05,0.8645653128623962,13.521141,13.534826040267944
358,17.53323483467102,0.8648318,0.8647026419639587,2.4060354917310178e-05,0.8646671772003174,13.516819,13.529735803604126
359,17.58329463005066,0.86485434,0.8647235035896301,2.7935244361287914e-05,0.8647010922431946,13.514566,13.527649641036987
360,17.633943557739258,0.864967,0.8647497892379761,4.448677645996213e-05,0.8647156357765198,13.503302,13.525021076202393
361,17.680352687835693,0.865086,0.86479651927948,5.6263314036186785e-05,0.8647250533103943,13.491398,13.520348072052002
362,17.7297043800354,0.865086,0.8648524284362793,5.9927413531113416e-05,0.864782452583313,13.491398,13.51475715637207
363,17.77126932144165,0.86513656,0.8649119138717651,5.761721695307642e-05,0.8648386597633362,13.486343,13.508808612823486
364,17.820617198944092,0.86529624,0.8649726510047913,6.858258711872622e-05,0.8649032115936279,13.470375,13.502734899520874
365,17.86947536468506,0.86539364,0.8650405406951904,0.0001011534477584064,0.8649588823318481,13.460636,13.495945930480957
366,17.91830563545227,0.86539364,0.8651328086853027,0.00010916692554019392,0.8649883270263672,13.460636,13.486719131469727
367,17.960828065872192,0.8654251,0.8652428984642029,8.350716234417632e-05,0.8651190400123596,13.457489,13.475710153579712
368,18.007765293121338,0.8654251,0.8653190732002258,4.5860244426876307e-05,0.8652678728103638,13.457489,13.468092679977417
369,18.05015516281128,0.865442,0.8653614521026611,4.253831139067188e-05,0.865297257900238,13.455802,13.463854789733887
370,18.100155115127563,0.8654666,0.8654025197029114,1.8071566955768503e-05,0.8653765916824341,13.453341,13.459748029708862
371,18.14871573448181,0.8655565,0.8654201626777649,1.832734778872691e-05,0.8653968572616577,13.444352,13.45798373222351
372,18.197259426116943,0.8655863,0.8654392957687378,2.4285207473440096e-05,0.8654202222824097,13.441372,13.45607042312622
373,18.247259378433228,0.8655863,0.8654627799987793,3.5867324186256155e-05,0.8654303550720215,13.441372,13.45372200012207
374,18.290671348571777,0.86566997,0.8654994964599609,4.5183820475358516e-05,0.86545330286026,13.433003,13.450050354003906
375,18.340214252471924,0.86566997,0.8655470609664917,4.541608359431848e-05,0.8654890656471252,13.433003,13.44529390335083
376,18.38110327720642,0.8656752,0.8655951023101807,3.378693509148434e-05,0.8655427694320679,13.432479,13.440489768981934
377,18.431093454360962,0.86568946,0.8656278848648071,2.396528907411266e-05,0.8655892014503479,13.431054,13.437211513519287
378,18.482871770858765,0.865736,0.8656505346298218,1.8067939890897833e-05,0.8656260371208191,13.426399,13.434946537017822
379,18.53217315673828,0.8657839,0.8656694889068604,1.49081606650725e-05,0.8656508326530457,13.421613,13.433051109313965
380,18.581793785095215,0.8658123,0.8656827211380005,2.031026451732032e-05,0.8656685948371887,13.41877,13.431727886199951
381,18.63002109527588,0.8658352,0.8657018542289734,3.602728247642517e-05,0.8656775951385498,13.416481,13.429814577102661
382,18.678406476974487,0.8658732,0.8657304048538208,4.981538950232789e-05,0.8656894564628601,13.412678,13.42695951461792
383,18.7276828289032,0.8659663,0.8657798171043396,4.9685837439028546e-05,0.865696370601654,13.403368,13.42201828956604
384,18.777618408203125,0.8659793,0.8658331036567688,4.609087773133069e-05,0.8657841086387634,13.402069,13.41668963432312
385,18.82748007774353,0.8660724,0.8658756017684937,5.819004582008347e-05,0.8658210635185242,13.392758,13.412439823150635
386,18.87708044052124,0.8661618,0.8659351468086243,4.6686142013641074e-05,0.8658384680747986,13.383818,13.406485319137573
387,18.92685580253601,0.8661618,0.8659734725952148,3.1074847356649116e-05,0.8659518957138062,13.383818,13.402652740478516
388,18.96744394302368,0.86631566,0.8659946322441101,4.996856296202168e-05,0.8659656047821045,13.368434,13.40053677558899
389,19.016647338867188,0.86631566,0.8660326600074768,7.592252222821116e-05,0.8659719228744507,13.368434,13.39673399925232
390,19.057580709457397,0.8664053,0.8661022782325745,9.592018614057451e-05,0.8660053610801697,13.359469,13.389772176742554
391,19.108093976974487,0.8666511,0.866192638874054,0.00012031376536469907,0.866072416305542,13.334888,13.380736112594604
392,19.15717601776123,0.8667407,0.8663272857666016,0.00011361094220774248,0.8661618232727051,13.32593,13.367271423339844
393,19.20596671104431,0.8667861,0.8664480447769165,0.00011635900591500103,0.8663116693496704,13.321388,13.35519552230835
394,19.260183095932007,0.86679643,0.866561770439148,0.00011866020213346928,0.8664121031761169,13.320356,13.343822956085205
395,19.309091091156006,0.86692965,0.8666871190071106,6.540345930261537e-05,0.8665207624435425,13.307035,13.33128809928894
396,19.358062744140625,0.86692965,0.8667473196983337,4.710405119112693e-05,0.866653561592102,13.307035,13.325268030166626
397,19.400421857833862,0.8669364,0.8667842745780945,2.9671582524315454e-05,0.8667575120925903,13.306361,13.321572542190552
398,19.45126461982727,0.8669573,0.8668104410171509,4.255559542798437e-05,0.8667857646942139,13.30427,13.318955898284912
399,19.50120258331299,0.8669647,0.8668398857116699,5.777058322564699e-05,0.8667947053909302,13.30353,13.316011428833008
400,19.550150394439697,0.8669687,0.8668917417526245,5.8224337408319116e-05,0.8668099641799927,13.303131,13.310825824737549
401,19.60023021697998,0.8672761,0.8669453859329224,2.252687409054488e-05,0.8669296503067017,13.272392,13.305461406707764
402,19.649226427078247,0.867375,0.8669619560241699,4.0296275983564556e-05,0.866939127445221,13.262499,13.303804397583008
403,19.700635194778442,0.86739945,0.8669868111610413,8.445455023320392e-05,0.8669576644897461,13.260055,13.301318883895874
404,19.752275943756104,0.8674247,0.8670352697372437,0.0001401597837684676,0.8669646978378296,13.257527,13.296473026275635
405,19.79799723625183,0.8674351,0.8671332001686096,0.00018643152725417167,0.866976797580719,13.256491,13.286679983139038
406,19.847588539123535,0.8674351,0.8673028945922852,0.00014938593085389584,0.8669906258583069,13.256491,13.269710540771484
407,19.889791250228882,0.8674605,0.8673999905586243,2.0076200598850846e-05,0.8673738837242126,13.253951,13.260000944137573
408,19.93947744369507,0.867524,0.8674192428588867,1.3565373592427932e-05,0.8673996329307556,13.247597,13.258075714111328
409,19.98887062072754,0.8675412,0.8674333095550537,1.9077973774983548e-05,0.867421567440033,13.24588,13.256669044494629
410,20.037967681884766,0.8675469,0.8674484491348267,3.3057774999178946e-05,0.8674277663230896,13.245308,13.255155086517334
411,20.086954593658447,0.86764884,0.867475688457489,4.6769124310230836e-05,0.867435097694397,13.235116,13.252431154251099
412,20.135795831680298,0.8676641,0.8675252199172974,4.244158117217012e-05,0.867449164390564,13.23359,13.247478008270264
413,20.1842200756073,0.86767495,0.8675705194473267,3.725584247149527e-05,0.8675371408462524,13.232506,13.242948055267334
414,20.234337329864502,0.86772203,0.8676055669784546,3.874225512845442e-05,0.8675528764724731,13.227797,13.239443302154541
415,20.282244443893433,0.86775845,0.8676442503929138,2.755551577138249e-05,0.8676013350486755,13.224154,13.235574960708618
416,20.3403000831604,0.8677882,0.8676754236221313,2.885016510845162e-05,0.8676488399505615,13.22118,13.232457637786865
417,20.393503189086914,0.86805904,0.8677077889442444,4.2620249587344006e-05,0.8676667809486389,13.194096,13.229221105575562
418,20.44344186782837,0.868106,0.8677530884742737,5.909624451305717e-05,0.8677001595497131,13.1894,13.224691152572632
419,20.493956327438354,0.868106,0.8678045272827148,7.820063183316961e-05,0.8677384257316589,13.1894,13.219547271728516
420,20.536540746688843,0.8681653,0.8678689002990723,9.966000652639195e-05,0.8677777647972107,13.183469,13.213109970092773
421,20.58510422706604,0.868273,0.8679665327072144,9.869739005807787e-05,0.8678287267684937,13.172698,13.203346729278564
422,20.635243892669678,0.86827946,0.8680659532546997,7.881637429818511e-05,0.8679463267326355,13.172054,13.19340467453003
423,20.682968139648438,0.8683027,0.8681451678276062,6.743627454852685e-05,0.8680604100227356,13.169729,13.18548321723938
424,20.731441259384155,0.8684293,0.86821049451828,5.583276288234629e-05,0.868137001991272,13.15707,13.178950548171997
425,20.779942989349365,0.8684307,0.8682685494422913,4.409577013575472e-05,0.868200957775116,13.156933,13.173145055770874
426,20.828888416290283,0.86843586,0.8683130145072937,4.709538916358724e-05,0.8682696223258972,13.156414,13.16869854927063
427,20.877729654312134,0.86853385,0.8683578968048096,5.0292062951484695e-05,0.8682945966720581,13.146615,13.164210319519043
428,20.92716383934021,0.86857265,0.8684102296829224,2.903382119257003e-05,0.8683626651763916,13.142735,13.158977031707764
429,20.975839614868164,0.86858404,0.8684385418891907,2.9860369977541268e-05,0.8684141039848328,13.141596,13.156145811080933
430,21.02531409263611,0.8686307,0.8684644103050232,4.90801248815842e-05,0.8684301972389221,13.1369295,13.15355896949768
431,21.075021982192993,0.86884475,0.8685111999511719,6.30107315373607e-05,0.8684365153312683,13.115525,13.148880004882812
432,21.15841579437256,0.8687459,0.865431547164917,0.002570601413026452,0.8600759506225586,13.125408,13.4568452835083
433,21.20740008354187,0.86887574,0.8677378296852112,0.0007550266454927623,0.8661203980445862,13.112426,13.226217031478882
434,21.25717782974243,0.8688759,0.868408203125,0.00023521820548921824,0.8678811192512512,13.112408,13.1591796875
435,21.306617498397827,0.86889774,0.8686140775680542,0.0001146601207437925,0.86845463514328,13.110227,13.13859224319458
436,21.35739755630493,0.8689394,0.8687248229980469,9.557293378748e-05,0.8686069250106812,13.10606,13.127517700195312
437,21.40729856491089,0.869171,0.8688198328018188,8.398458157898858e-05,0.868707537651062,13.082897,13.118016719818115
438,21.456406354904175,0.8692206,0.8689113855361938,6.970897084102035e-05,0.868848443031311,13.077938,13.108861446380615
439,21.506455659866333,0.8692535,0.8689667582511902,9.880344441626221e-05,0.8688934445381165,13.074648,13.103324174880981
440,21.555271863937378,0.8692553,0.869038999080658,0.00011503315909067169,0.8689237833023071,13.07447,13.096100091934204
441,21.604783535003662,0.8692592,0.8691583871841431,7.743549213046208e-05,0.8689762353897095,13.074082,13.084161281585693
442,21.654919147491455,0.86933166,0.8692216277122498,2.60429187619593e-05,0.8691743612289429,13.066834,13.077837228775024
443,21.703829526901245,0.8693694,0.8692477345466614,1.9921057173633017e-05,0.8692173957824707,13.063061,13.075226545333862
444,21.75428318977356,0.86946964,0.8692654967308044,2.1924923203187063e-05,0.8692525029182434,13.053036,13.073450326919556
445,21.804213523864746,0.86946964,0.8692795038223267,3.456221747910604e-05,0.8692594766616821,13.053036,13.072049617767334
446,21.84862494468689,0.8695117,0.8693094849586487,5.581032019108534e-05,0.8692653179168701,13.048828,13.069051504135132
447,21.900112867355347,0.8695741,0.8693625926971436,6.190712883835658e-05,0.8692901730537415,13.042587,13.063740730285645
448,21.948992252349854,0.8696264,0.8694265484809875,4.879488187725656e-05,0.8693514466285706,13.037359,13.057345151901245
449,21.9995219707489,0.86965024,0.8694731593132019,3.972825288656168e-05,0.8694268465042114,13.034975,13.05268406867981
450,22.05293083190918,0.8697449,0.8695096969604492,5.797250923933461e-05,0.8694680333137512,13.025511,13.049030303955078
451,22.102664470672607,0.8697479,0.8695657253265381,7.86770397098735e-05,0.8694811463356018,13.025212,13.043427467346191
452,22.151217937469482,0.8697567,0.8696399927139282,7.342018216149881e-05,0.8695208430290222,13.02433,13.036000728607178
453,22.200958490371704,0.86977553,0.869708240032196,3.374017614987679e-05,0.8696492314338684,13.022447,13.029175996780396
454,22.252755641937256,0.86979634,0.8697397708892822,1.692685327725485e-05,0.8697030544281006,13.020367,13.026022911071777
455,22.30171537399292,0.8697994,0.8697543740272522,1.1572342373256106e-05,0.8697448968887329,13.020062,13.02456259727478
456,22.3499813079834,0.86982495,0.8697652816772461,1.4280467439675704e-05,0.8697491884231567,13.017506,13.02347183227539
457,22.39834499359131,0.86984813,0.8697801232337952,1.5343548511737026e-05,0.8697628974914551,13.015186,13.021987676620483
458,22.448678970336914,0.869858,0.869796097278595,1.7034277334460057e-05,0.8697750568389893,13.014197,13.020390272140503
459,22.5029776096344,0.86987513,0.8698151707649231,1.9420531316427514e-05,0.8697957396507263,13.012486,13.01848292350769
460,22.554837465286255,0.86988664,0.8698362112045288,1.558593794470653e-05,0.8698115348815918,13.011336,13.01637887954712
461,22.604090213775635,0.8698868,0.8698523044586182,1.2949930351169314e-05,0.8698310256004333,13.011318,13.014769554138184
462,22.65409541130066,0.86990833,0.8698658347129822,1.1604876817727927e-05,0.8698521852493286,13.009167,13.013416528701782
463,22.70484972000122,0.8699185,0.8698778748512268,1.31542474264279e-05,0.8698618412017822,13.008147,13.01221251487732
464,22.75546884536743,0.8699394,0.8698933124542236,1.3005409527977463e-05,0.8698786497116089,13.006062,13.010668754577637
465,22.821983575820923,0.8699503,0.8699066042900085,1.4690774150949437e-05,0.8698881268501282,13.004971,13.009339570999146
466,22.87832546234131,0.8699592,0.8699226379394531,1.2900002730020788e-05,0.8699029684066772,13.004083,13.007736206054688
467,22.928216218948364,0.8699941,0.8699370622634888,1.264905949938111e-05,0.869921088218689,13.000589,13.006293773651123
468,22.979294300079346,0.86999923,0.8699508309364319,1.3934783055447042e-05,0.8699349761009216,13.000077,13.004916906356812
469,23.02862548828125,0.87001085,0.8699653148651123,1.4734503565705381e-05,0.8699465990066528,12.998915,13.00346851348877
470,23.077219247817993,0.8702333,0.8699842095375061,2.7113079340779223e-05,0.8699629902839661,12.97667,13.00157904624939
471,23.12738609313965,0.8702337,0.870008647441864,4.811901453649625e-05,0.869981586933136,12.976628,12.999135255813599
472,23.17738628387451,0.8702564,0.8700435757637024,7.683465810259804e-05,0.8699976205825806,12.974358,12.99564242362976
473,23.227797746658325,0.87028193,0.8700932264328003,9.802483691601083e-05,0.8700108528137207,12.971807,12.99067735671997
474,23.277278661727905,0.87028193,0.8701795339584351,8.171542140189558e-05,0.870027482509613,12.971807,12.982046604156494
475,23.319324016571045,0.8702878,0.8702412843704224,1.242778125742916e-05,0.8702240586280823,12.971222,12.975871562957764
476,23.36868691444397,0.8703811,0.870253324508667,1.5734316548332572e-05,0.8702358603477478,12.961888,12.9746675491333
477,23.417136430740356,0.8704658,0.8702662587165833,2.1262094378471375e-05,0.8702523112297058,12.953419,12.973374128341675
478,23.467823028564453,0.870481,0.8702822327613831,3.395817839191295e-05,0.8702565431594849,12.951899,12.971776723861694
479,23.51892590522766,0.8704979,0.8703151941299438,5.0880022172350436e-05,0.8702789545059204,12.950212,12.968480587005615
480,23.568717002868652,0.8705757,0.870358943939209,7.358335278695449e-05,0.8703004121780396,12.942428,12.964105606079102
481,23.619211673736572,0.8705772,0.8704307675361633,8.481698023388162e-05,0.8703103065490723,12.942278,12.956923246383667
482,23.669842958450317,0.8706644,0.870516300201416,4.840425026486628e-05,0.8704651594161987,12.933558,12.948369979858398
483,23.7194983959198,0.8706707,0.8705660700798035,3.340994589962065e-05,0.8704978823661804,12.932932,12.943392992019653
484,23.767186403274536,0.87070674,0.8705965876579285,3.58802753908094e-05,0.8705708980560303,12.929326,12.940341234207153
485,23.81605577468872,0.87078345,0.8706289529800415,4.1079914808506146e-05,0.8705757260322571,12.921656,12.93710470199585
486,23.864657402038574,0.87080276,0.8706744313240051,3.366182863828726e-05,0.8706388473510742,12.9197235,12.932556867599487
487,23.914479970932007,0.8708142,0.8707065582275391,4.852666461374611e-05,0.8706667423248291,12.918579,12.929344177246094
488,23.965338945388794,0.87085325,0.8707515597343445,4.368792360764928e-05,0.8706831932067871,12.914676,12.924844026565552
489,24.01557445526123,0.8708723,0.8707917332649231,1.3697287613467779e-05,0.8707756996154785,12.912768,12.92082667350769
490,24.064030170440674,0.8709431,0.870805025100708,1.734728539304342e-05,0.8707848191261292,12.905687,12.9194974899292
491,24.113351345062256,0.8709461,0.8708205819129944,2.621145176817663e-05,0.8708013296127319,12.905389,12.917941808700562
492,24.16187858581543,0.87098485,0.8708464503288269,3.7775924283778295e-05,0.8708142042160034,12.901515,12.91535496711731
493,24.21126699447632,0.8709899,0.8708813190460205,4.3618631025310606e-05,0.870834231376648,12.901009,12.91186809539795
494,24.26024580001831,0.8710088,0.8709263801574707,3.4867891372414306e-05,0.8708723187446594,12.899118,12.90736198425293
495,24.310576915740967,0.8710326,0.8709596395492554,2.2460520995082334e-05,0.8709291219711304,12.89674,12.904036045074463
496,24.35937476158142,0.8710536,0.8709796071052551,2.0956547814421356e-05,0.8709484934806824,12.894642,12.902039289474487
497,24.408453226089478,0.87114996,0.870999813079834,1.7883505279314704e-05,0.8709810972213745,12.885004,12.900018692016602
498,24.459166526794434,0.8711561,0.8710169196128845,2.1373796698753722e-05,0.870996356010437,12.88439,12.898308038711548
499,24.509428024291992,0.87116134,0.8710377812385559,3.335539804538712e-05,0.8710111379623413,12.883865,12.89622187614441
500,24.558684587478638,0.87116134,0.8710660338401794,4.3007963540731e-05,0.8710277676582336,12.883865,12.893396615982056
501,24.60976266860962,0.8711634,0.8711061477661133,3.8075741031207144e-05,0.8710505962371826,12.883657,12.889385223388672
502,24.661514043807983,0.8712056,0.8711413741111755,1.7784959709388204e-05,0.8711072206497192,12.879437,12.885862588882446
503,24.714802742004395,0.87121254,0.8711586594581604,1.1331063433317468e-05,0.8711472153663635,12.878746,12.88413405418396
504,24.76466393470764,0.8712276,0.871168315410614,1.6345895346603356e-05,0.8711562156677246,12.877237,12.883168458938599
505,24.815636157989502,0.87125266,0.8711814284324646,2.1186058802413754e-05,0.8711613416671753,12.874735,12.88185715675354
506,24.86614441871643,0.87131536,0.8712044358253479,2.222546754637733e-05,0.8711705803871155,12.8684635,12.87955641746521
507,24.914814949035645,0.87136525,0.8712278604507446,2.5727505999384448e-05,0.8712056279182434,12.863475,12.877213954925537
508,24.96428346633911,0.87149495,0.8712545037269592,3.677921631606296e-05,0.871217668056488,12.850505,12.874549627304077
509,25.01500940322876,0.8715472,0.8712894320487976,4.9994559958577156e-05,0.8712507486343384,12.845278,12.87105679512024
510,25.064278841018677,0.8716092,0.8713390231132507,7.732578524155542e-05,0.8712708353996277,12.839079,12.866097688674927
511,25.113614320755005,0.8717543,0.8714188933372498,9.564967331243679e-05,0.871311604976654,12.824572,12.858110666275024
512,25.160372734069824,0.87175816,0.8715150952339172,7.694277155678719e-05,0.8714047074317932,12.824183,12.848490476608276
513,25.20929718017578,0.87179554,0.871599018573761,7.372305844910443e-05,0.8715075850486755,12.820446,12.840098142623901
514,25.258739709854126,0.8718719,0.871671736240387,6.883138121338561e-05,0.8715775012969971,12.812811,12.832826375961304
515,25.309690237045288,0.87193954,0.8717408180236816,4.699758574133739e-05,0.8716663122177124,12.806046,12.825918197631836
516,25.358360290527344,0.8719915,0.8717872500419617,3.961509355576709e-05,0.8717403411865234,12.800848,12.821274995803833
517,25.40586757659912,0.8719915,0.8718250393867493,4.44672659796197e-05,0.8717807531356812,12.800848,12.817496061325073
518,25.448078632354736,0.87205803,0.8718693852424622,4.854998041992076e-05,0.8718156814575195,12.794197,12.813061475753784
519,25.497863292694092,0.87205803,0.871919572353363,4.267115218681283e-05,0.8718565702438354,12.794197,12.808042764663696
520,25.539934635162354,0.87207353,0.87196284532547,3.673703395179473e-05,0.8719183206558228,12.792646,12.803715467453003
521,25.591344833374023,0.87212944,0.8720012307167053,3.7009434890933335e-05,0.8719527125358582,12.787056,12.799876928329468
522,25.640992403030396,0.87217647,0.872041642665863,3.4628843422979116e-05,0.87199467420578,12.782353,12.795835733413696
523,25.690359830856323,0.8731684,0.8720806837081909,6.769095489289612e-05,0.8720346689224243,12.683159,12.791931629180908
524,25.74146866798401,0.8734173,0.8721246123313904,0.00013108874554745853,0.8720721006393433,12.658268,12.787538766860962
525,25.790271997451782,0.8734173,0.8721786737442017,0.00020095030777156353,0.8721080422401428,12.658268,12.782132625579834
526,25.830496788024902,0.873513,0.8723092079162598,0.0003752102784346789,0.8721407651901245,12.648702,12.769079208374023
527,25.878695249557495,0.87361574,0.8725517392158508,0.0005363505333662033,0.8721693754196167,12.638426,12.744826078414917
528,25.92832636833191,0.8736599,0.8730170726776123,0.0005157949635758996,0.8721989393234253,12.634009,12.69829273223877
529,25.977659702301025,0.87366766,0.873460054397583,0.00011428714788053185,0.873168408870697,12.633234,12.6539945602417
530,26.026822566986084,0.87375486,0.8735607862472534,4.47063212050125e-05,0.873488187789917,12.624514,12.643921375274658
531,26.07749342918396,0.87381434,0.8736039400100708,3.626798570621759e-05,0.8735578656196594,12.618566,12.63960599899292
532,26.126466274261475,0.8739937,0.873640239238739,5.0405880756443366e-05,0.8736050128936768,12.600631,12.635976076126099
533,26.175243854522705,0.87413347,0.8736866116523743,9.9605655123014e-05,0.8736211657524109,12.586653,12.631338834762573
534,26.22540020942688,0.8741782,0.8737626671791077,0.00015960306336637586,0.8736602663993835,12.582183,12.623733282089233
535,26.274763345718384,0.8741886,0.8738876581192017,0.00019190041348338127,0.8736682534217834,12.58114,12.611234188079834
536,26.32353901863098,0.8742229,0.8740878105163574,7.479239138774574e-05,0.8739456534385681,12.577713,12.591218948364258
537,26.37328004837036,0.87424827,0.8741567730903625,2.6702893592300825e-05,0.874103844165802,12.575173,12.584322690963745
538,26.421129941940308,0.87424827,0.8741813898086548,1.687166150077246e-05,0.8741651177406311,12.575173,12.581861019134521
539,26.463134050369263,0.8743196,0.8741983771324158,2.329775998077821e-05,0.8741766214370728,12.568039,12.580162286758423
540,26.513739109039307,0.87432647,0.8742241263389587,3.0109158615232445e-05,0.87419193983078,12.567353,12.577587366104126
541,26.564791917800903,0.8743965,0.8742570281028748,4.235949018038809e-05,0.8742139935493469,12.560349,12.574297189712524
542,26.612659692764282,0.8744303,0.8742995858192444,4.8086076276376843e-05,0.8742473721504211,12.556971,12.570041418075562
543,26.662598133087158,0.8744642,0.874351441860199,3.962974005844444e-05,0.8742876052856445,12.553578,12.564855813980103
544,26.712854862213135,0.8745183,0.8743913173675537,3.1390438380185515e-05,0.8743513226509094,12.548172,12.560868263244629
545,26.76244354248047,0.8745183,0.8744229674339294,2.9245158657431602e-05,0.8743852972984314,12.548172,12.557703256607056
546,26.80536723136902,0.8745729,0.874453067779541,3.20294129778631e-05,0.8744141459465027,12.542713,12.554693222045898
547,26.853848934173584,0.8746433,0.8744912147521973,3.66460662917234e-05,0.8744460344314575,12.535667,12.550878524780273
548,26.903014421463013,0.87466395,0.8745326399803162,3.8524914998561144e-05,0.8744899034500122,12.533606,12.546736001968384
549,26.953850269317627,0.8746941,0.874572217464447,4.219309630570933e-05,0.874523401260376,12.530589,12.542778253555298
550,27.002629280090332,0.87476885,0.874617338180542,3.6562738387146965e-05,0.8745620250701904,12.523115,12.5382661819458
551,27.049994707107544,0.8748571,0.8746547102928162,3.1275769288185984e-05,0.8746159076690674,12.514287,12.534528970718384
552,27.097303867340088,0.8748945,0.8746857643127441,3.320227551739663e-05,0.874647855758667,12.51055,12.531423568725586
553,27.14604353904724,0.8749649,0.874719500541687,4.795638960786164e-05,0.8746805191040039,12.50351,12.528049945831299
554,27.195775747299194,0.87522465,0.8747612237930298,7.188153540482745e-05,0.8747048377990723,12.477535,12.523877620697021
555,27.244958877563477,0.87522465,0.8748207092285156,9.12738760234788e-05,0.8747297525405884,12.477535,12.517929077148438
556,27.28592872619629,0.87526995,0.8749122619628906,9.085677447728813e-05,0.8747715950012207,12.473005,12.508773803710938
557,27.336097240447998,0.87527555,0.8749912977218628,9.801371925277635e-05,0.8749127388000488,12.472445,12.50087022781372
558,27.386414527893066,0.8753074,0.8750635981559753,0.0001236562238773331,0.8749609589576721,12.469262,12.493640184402466
559,27.43547224998474,0.8753609,0.8751739263534546,0.00011849847214762121,0.874993622303009,12.463909,12.482607364654541
560,27.485352039337158,0.8754015,0.875277042388916,3.0333354516187683e-05,0.8752313256263733,12.45985,12.472295761108398
561,27.535266876220703,0.87540495,0.8753049969673157,2.8754695449606515e-05,0.8752726316452026,12.459505,12.469500303268433
562,27.584670066833496,0.8754093,0.8753343820571899,2.7520865842234343e-05,0.8752979636192322,12.459069,12.466561794281006
563,27.634584188461304,0.87542075,0.8753632307052612,2.196346213167999e-05,0.8753311634063721,12.457925,12.463676929473877
564,27.684969425201416,0.8754396,0.8753856420516968,1.8193004507338628e-05,0.875360906124115,12.456041,12.461435794830322
565,27.73647165298462,0.8755056,0.8754041194915771,1.459211216570111e-05,0.875385046005249,12.449437,12.459588050842285
566,27.78861904144287,0.8755086,0.8754193782806396,1.605474972166121e-05,0.8754034042358398,12.44914,12.458062171936035
567,27.834838390350342,0.8755086,0.8754331469535828,1.9221410184400156e-05,0.8754167556762695,12.44914,12.456685304641724
568,27.875162839889526,0.87552845,0.875451385974884,2.2843805709271692e-05,0.8754284381866455,12.447155,12.454861402511597
569,27.92391300201416,0.8755771,0.8754710555076599,2.596532431198284e-05,0.8754465579986572,12.442291,12.452894449234009
570,27.97563648223877,0.8756036,0.8754978179931641,2.5503410142846406e-05,0.875457227230072,12.439638,12.450218200683594
571,28.026078701019287,0.87561536,0.8755256533622742,2.4035103706410155e-05,0.8755015730857849,12.438464,12.447434663772583
572,28.07363533973694,0.8756759,0.8755491971969604,2.994325404870324e-05,0.8755198121070862,12.432408,12.445080280303955
573,28.127100229263306,0.8756775,0.8755805492401123,3.099521200056188e-05,0.8755376935005188,12.432247,12.44194507598877
574,28.178218603134155,0.8756775,0.8756101727485657,3.0100562071311288e-05,0.8755791187286377,12.432247,12.438982725143433
575,28.220585107803345,0.8756775,0.8756398558616638,2.4010325432755053e-05,0.8755983114242554,12.432247,12.436014413833618
576,28.262280702590942,0.8758148,0.8756617903709412,1.3251066775410436e-05,0.8756453990936279,12.41852,12.433820962905884
577,28.31130337715149,0.87591136,0.8756723999977112,1.8209053450846113e-05,0.8756620287895203,12.408865,12.432760000228882
578,28.362191677093506,0.8760059,0.8756863474845886,4.602992703439668e-05,0.8756712675094604,12.399411,12.431365251541138
579,28.412073135375977,0.8760059,0.8757102489471436,8.07864562375471e-05,0.8756767511367798,12.399411,12.428975105285645
580,28.45428156852722,0.876021,0.8757618069648743,0.00011681429896270856,0.8756775259971619,12.397898,12.423819303512573
581,28.505462884902954,0.8760261,0.8758634328842163,0.00011690102837746963,0.8756809830665588,12.39739,12.41365671157837
582,28.553869009017944,0.8762657,0.875961422920227,4.102332968614064e-05,0.875922441482544,12.373429,12.403857707977295
583,28.603639125823975,0.87628126,0.8760080337524414,7.913322042440996e-05,0.875950038433075,12.371874,12.39919662475586
584,28.651830196380615,0.8762825,0.8760770559310913,0.00010033019498223439,0.875999927520752,12.371749,12.39229440689087
585,28.699711799621582,0.8763272,0.8761533498764038,0.00011176437692483887,0.8760219216346741,12.367278,12.38466501235962
586,28.74778914451599,0.87634575,0.8762609958648682,1.5767564036650583e-05,0.8762339949607849,12.365425,12.373900413513184
587,28.796762228012085,0.87635475,0.8762751817703247,1.8720802472671494e-05,0.8762613534927368,12.364525,12.37248182296753
588,28.84629988670349,0.87637216,0.8762913346290588,2.724282421695534e-05,0.8762675523757935,12.362784,12.370866537094116
589,28.89478373527527,0.8763792,0.8763152360916138,3.114217543043196e-05,0.8762812614440918,12.362081,12.368476390838623
590,28.944148540496826,0.8764235,0.8763494491577148,1.9036035155295394e-05,0.8763028979301453,12.357653,12.365055084228516
591,28.992267847061157,0.8764235,0.8763673901557922,1.2612538739631418e-05,0.8763482570648193,12.357653,12.363260984420776
592,29.034772157669067,0.8764797,0.8763799667358398,1.6360489098588005e-05,0.8763657212257385,12.352032,12.362003326416016
593,29.08307933807373,0.8764797,0.8763946294784546,2.0437510102055967e-05,0.8763737082481384,12.352032,12.360537052154541
594,29.126386880874634,0.8764887,0.8764148950576782,2.023206980084069e-05,0.8763842582702637,12.351131,12.358510494232178
595,29.176176071166992,0.87661284,0.8764368891716003,2.3762097043800168e-05,0.8764176368713379,12.338716,12.356311082839966
596,29.231834888458252,0.87661284,0.8764589428901672,3.656635090010241e-05,0.8764306306838989,12.338716,12.354105710983276
597,29.281184673309326,0.8766355,0.876493513584137,4.698632983490825e-05,0.8764418363571167,12.336451,12.350648641586304
598,29.329002857208252,0.87668574,0.876542329788208,4.7568162699462846e-05,0.8764796853065491,12.331427,12.3457670211792
599,29.37818145751953,0.87675685,0.8765922784805298,3.928992373403162e-05,0.8765443563461304,12.324315,12.340772151947021
600,29.428311109542847,0.8768524,0.8766335248947144,4.918019112665206e-05,0.8765794038772583,12.31476,12.336647510528564
601,29.478448152542114,0.8768524,0.876684844493866,5.26965523022227e-05,0.8766219615936279,12.31476,12.331515550613403
602,29.521000146865845,0.87688315,0.8767367005348206,5.4249325330602005e-05,0.8766732811927795,12.311686,12.326329946517944
603,29.57005286216736,0.876963,0.8767923712730408,4.394995266920887e-05,0.8767274022102356,12.303698,12.320762872695923
604,29.61845350265503,0.8769748,0.8768364191055298,3.930079401470721e-05,0.8767834305763245,12.302518,12.316358089447021
605,29.667710304260254,0.8770974,0.8768739700317383,3.0173627237672918e-05,0.8768410682678223,12.290257,12.312602996826172
606,29.716667890548706,0.8770974,0.8769016861915588,3.74336595996283e-05,0.8768695592880249,12.290257,12.309831380844116
607,29.758708953857422,0.8771652,0.8769327998161316,5.0833066779887304e-05,0.8768900036811829,12.28348,12.30672001838684
608,29.811939239501953,0.8772655,0.8769769668579102,6.630098505411297e-05,0.8769111633300781,12.273449,12.302303314208984
609,29.861921787261963,0.87728506,0.8770400285720825,7.951919542392716e-05,0.8769630193710327,12.271494,12.295997142791748
610,29.91146183013916,0.8773211,0.877117931842804,7.664103031856939e-05,0.8770047426223755,12.267887,12.288206815719604
611,29.96069073677063,0.8773211,0.8771900534629822,5.437050640466623e-05,0.8771076798439026,12.267887,12.280994653701782
612,30.003174304962158,0.8773263,0.8772420287132263,3.3348835131619126e-05,0.877191960811615,12.267369,12.275797128677368
613,30.052398204803467,0.8773404,0.877276599407196,2.4378161469940096e-05,0.8772401809692383,12.265963,12.272340059280396
614,30.100619316101074,0.87735474,0.8772993683815002,1.9368360881344415e-05,0.8772749304771423,12.264526,12.270063161849976
615,30.148662328720093,0.87735474,0.877318799495697,1.41941809488344e-05,0.8772966861724854,12.264526,12.268120050430298
616,30.190249919891357,0.877382,0.87733393907547,1.1204558177269064e-05,0.8773199319839478,12.261802,12.266606092453003
617,30.241096019744873,0.8773968,0.8773459792137146,1.4011614439368714e-05,0.8773335218429565,12.260318,12.26540207862854
618,30.291892051696777,0.87741333,0.8773592710494995,1.8075055777444504e-05,0.8773403763771057,12.258667,12.264072895050049
619,30.340950965881348,0.87746847,0.8773790597915649,1.4306555385701358e-05,0.8773539066314697,12.253153,12.262094020843506
620,30.390732526779175,0.8774872,0.8773919343948364,1.3124536053510383e-05,0.8773801922798157,12.251282,12.260806560516357
621,30.4394268989563,0.87750447,0.8774051666259766,2.310377749381587e-05,0.8773903250694275,12.249554,12.259483337402344
622,30.488844633102417,0.8775167,0.8774229884147644,3.434682002989575e-05,0.8773971199989319,12.248331,12.25770115852356
623,30.539909601211548,0.87752867,0.8774553537368774,3.7579833588097245e-05,0.8774022459983826,12.247133,12.254464626312256
624,30.588834047317505,0.8775319,0.8774926662445068,1.739814251777716e-05,0.877463698387146,12.246811,12.250733375549316
625,30.637617588043213,0.8775326,0.8775089383125305,9.898652024276089e-06,0.8774974346160889,12.24674,12.249106168746948
626,30.687732458114624,0.8775327,0.877517580986023,9.344952559331432e-06,0.8775044679641724,12.246728,12.248241901397705
627,30.73686671257019,0.87756294,0.877527117729187,4.430186891113408e-06,0.8775204420089722,12.243706,12.247288227081299
628,30.78555941581726,0.87756294,0.8775312900543213,4.857664862356614e-06,0.8775272369384766,12.243706,12.246870994567871
629,30.82740831375122,0.8775915,0.8775361180305481,1.0018285138357896e-05,0.8775302767753601,12.24085,12.24638819694519
630,30.877588748931885,0.8776627,0.8775442242622375,1.801869075279683e-05,0.8775322437286377,12.233728,12.245577573776245
631,30.931869506835938,0.8776627,0.877559244632721,2.3547410819446668e-05,0.8775355219841003,12.233728,12.244075536727905
632,30.973162412643433,0.8777045,0.8775854110717773,2.8648630177485757e-05,0.877558708190918,12.229549,12.241458892822266
633,31.023746728897095,0.8777565,0.8776131272315979,4.4279495341470465e-05,0.8775773644447327,12.224352,12.23868727684021
634,31.07229518890381,0.8777642,0.877657413482666,4.616975274984725e-05,0.8775871992111206,12.2235775,12.234258651733398
635,31.121442556381226,0.87777174,0.8777018189430237,3.345270670251921e-05,0.877657949924469,12.222826,12.229818105697632
636,31.170196056365967,0.87777525,0.8777320384979248,2.350591603317298e-05,0.8777041435241699,12.222475,12.22679615020752
637,31.220027446746826,0.8777794,0.8777567744255066,7.682615432713646e-06,0.8777421712875366,12.222057,12.22432255744934
638,31.270202159881592,0.8777801,0.877763569355011,6.898062110849423e-06,0.8777559995651245,12.2219925,12.223643064498901
639,31.318626880645752,0.87778014,0.8777704238891602,5.301196324580815e-06,0.8777614831924438,12.221986,12.222957611083984
640,31.36827778816223,0.87778014,0.877775251865387,2.9316256586753298e-06,0.8777710199356079,12.221986,12.222474813461304
641,31.40984344482422,0.87780666,0.8777781128883362,2.422578972982592e-06,0.877774715423584,12.219334,12.222188711166382
642,31.459128856658936,0.87781775,0.8777799606323242,3.507401288516121e-06,0.8777781128883362,12.2182255,12.222003936767578
643,31.522783994674683,0.8778211,0.8777821063995361,7.605905011587311e-06,0.877780020236969,12.217892,12.221789360046387
644,31.57295250892639,0.8778623,0.8777863383293152,1.3740837857767474e-05,0.8777801394462585,12.213773,12.221366167068481
645,31.620604753494263,0.8778887,0.8777962327003479,1.9919045371352695e-05,0.8777801394462585,12.211132,12.22037672996521
646,31.6714608669281,0.8778887,0.8778157830238342,2.020317333517596e-05,0.8777807354927063,12.211132,12.218421697616577
647,31.713603258132935,0.8779339,0.8778347373008728,2.3207712729345076e-05,0.8778190016746521,12.206608,12.21652626991272
648,31.762869596481323,0.8779559,0.8778544068336487,3.0507229894283228e-05,0.8778247833251953,12.204409,12.214559316635132
649,31.813615798950195,0.8779821,0.8778877258300781,2.5974371965276077e-05,0.877850353717804,12.201792,12.211227416992188
650,31.86432123184204,0.8780021,0.877911388874054,2.666808904905338e-05,0.8778880834579468,12.199789,12.208861112594604
651,31.914966106414795,0.8780198,0.8779365420341492,2.8192833269713446e-05,0.877896785736084,12.198019,12.206345796585083
652,31.965524435043335,0.8780221,0.877960741519928,2.5870429453789257e-05,0.877933919429779,12.197792,12.203925848007202
653,32.01496648788452,0.87802595,0.877986490726471,2.124742059095297e-05,0.8779559135437012,12.197405,12.201350927352905
654,32.06412744522095,0.87802637,0.878006100654602,9.87406019703485e-06,0.8779906034469604,12.197363,12.199389934539795
655,32.11127185821533,0.8780284,0.8780138492584229,1.0340098924643826e-05,0.8780015110969543,12.197161,12.198615074157715
656,32.15827512741089,0.8780337,0.8780237436294556,2.594057832538965e-06,0.8780192732810974,12.1966305,12.197625637054443
657,32.21039867401123,0.8780337,0.8780262470245361,2.012936420214828e-06,0.8780232667922974,12.1966305,12.197375297546387
658,32.2521607875824,0.87803376,0.8780279159545898,2.6500026706344215e-06,0.8780258893966675,12.196625,12.197208404541016
659,32.301966428756714,0.87804157,0.8780303001403809,2.86979502561735e-06,0.8780263662338257,12.195844,12.196969985961914
660,32.350521087646484,0.8780632,0.8780331611633301,2.3017198600427946e-06,0.8780316710472107,12.19368,12.196683883666992
661,32.400211811065674,0.87810963,0.8780355453491211,6.961554390727542e-06,0.8780330419540405,12.189036,12.19644546508789
662,32.44964957237244,0.8781103,0.8780393004417419,1.2478984899644274e-05,0.8780336976051331,12.188971,12.196069955825806
663,32.50070858001709,0.8781209,0.8780490756034851,2.286229755554814e-05,0.8780342936515808,12.18791,12.19509243965149
664,32.55114412307739,0.8781209,0.8780655264854431,3.0972285458119586e-05,0.878041684627533,12.18791,12.193447351455688
665,32.59337496757507,0.878121,0.8780945539474487,2.7835658329422586e-05,0.8780433535575867,12.187899,12.190544605255127
666,32.643970251083374,0.87821263,0.8781166076660156,6.9665684350184165e-06,0.8781092166900635,12.178737,12.188339233398438
667,32.69328331947327,0.87821263,0.8781216740608215,1.1136171451653354e-05,0.8781172633171082,12.178737,12.187832593917847
668,32.73596549034119,0.8782147,0.8781277537345886,2.286859307787381e-05,0.8781204223632812,12.178528,12.187224626541138
669,32.78680682182312,0.8782147,0.8781405091285706,3.526294676703401e-05,0.8781208992004395,12.178528,12.185949087142944
670,32.8472101688385,0.878282,0.8781641125679016,4.2853254853980616e-05,0.878121018409729,12.171799,12.183588743209839
671,32.904070138931274,0.87828267,0.8782078623771667,2.5102923245867714e-05,0.8781342506408691,12.171734,12.179213762283325
672,32.95507836341858,0.87829554,0.878221333026886,1.58209750225069e-05,0.8782126307487488,12.170446,12.177866697311401
673,33.00488901138306,0.87829745,0.8782337307929993,2.3731794499326497e-05,0.8782148361206055,12.170256,12.176626920700073
674,33.056288719177246,0.87829745,0.8782509565353394,2.8557225959957577e-05,0.8782260417938232,12.170256,12.174904346466064
675,33.098098039627075,0.87838906,0.8782786130905151,2.2318285118672065e-05,0.8782296776771545,12.161094,12.172138690948486
676,33.1470205783844,0.87845695,0.8782970309257507,1.90125429071486e-05,0.8782827854156494,12.1543045,12.170296907424927
677,33.196001291275024,0.87845874,0.8783126473426819,3.5090979508822784e-05,0.8782954812049866,12.154126,12.168735265731812
678,33.24471306800842,0.8784859,0.8783400058746338,5.4965490562608466e-05,0.8782974481582642,12.151408,12.165999412536621
679,33.29430603981018,0.8784869,0.8783894777297974,5.984484596410766e-05,0.878319501876831,12.151313,12.161052227020264
680,33.3438618183136,0.8784873,0.8784520030021667,2.6518126105656847e-05,0.8783890604972839,12.151271,12.154799699783325
681,33.39274597167969,0.8784875,0.8784701228141785,1.2729076843243092e-05,0.8784569501876831,12.151247,12.152987718582153
682,33.44318103790283,0.8785077,0.878483235836029,6.421605121431639e-06,0.8784614205360413,12.149233,12.151676416397095
683,33.49368667602539,0.878512,0.8784878849983215,3.9102860682760365e-06,0.8784859776496887,12.148798,12.151211500167847
684,33.5441517829895,0.87852204,0.8784900903701782,6.006089734000852e-06,0.8784869313240051,12.147797,12.150990962982178
685,33.59211230278015,0.8785255,0.878494381904602,8.61647004057886e-06,0.8784872889518738,12.14745,12.150561809539795
686,33.64179253578186,0.8785382,0.8785034418106079,9.049339496414177e-06,0.8784875273704529,12.146181,12.149655818939209
687,33.69434452056885,0.87856185,0.878511905670166,1.248456919711316e-05,0.878500759601593,12.143814,12.148809432983398
688,33.74457669258118,0.87857074,0.8785250782966614,1.363128194498131e-05,0.8785077333450317,12.142926,12.147492170333862
689,33.79453182220459,0.87862295,0.8785402178764343,1.5129466191865504e-05,0.8785231709480286,12.137705,12.145978212356567
690,33.8452262878418,0.8786346,0.8785563111305237,1.8423408619128168e-05,0.8785370588302612,12.136543,12.144368886947632
691,33.89646124839783,0.87864995,0.8785749077796936,2.461741678416729e-05,0.8785523176193237,12.135005,12.14250922203064
692,33.94728755950928,0.8786811,0.8785961866378784,3.097031731158495e-05,0.8785618543624878,12.131887,12.140381336212158
693,33.99664354324341,0.8787851,0.8786285519599915,2.2263671780820005e-05,0.8785969614982605,12.121492,12.137144804000854
694,34.04708981513977,0.8787963,0.8786493539810181,2.1697731426684186e-05,0.878631055355072,12.120372,12.135064601898193
695,34.0961012840271,0.8788178,0.8786687850952148,3.596538590500131e-05,0.8786462545394897,12.11822,12.133121490478516
696,34.145060777664185,0.87882245,0.8786959648132324,5.2243907703086734e-05,0.8786587715148926,12.117756,12.130403518676758
697,34.19380474090576,0.87883365,0.8787370920181274,5.919125032960437e-05,0.8786709308624268,12.116634,12.126290798187256
698,34.24371147155762,0.8788469,0.8787966370582581,2.5121344151557423e-05,0.8787190318107605,12.115312,12.120336294174194
699,34.29471445083618,0.87884855,0.8788169026374817,9.917211173160467e-06,0.8788015842437744,12.115145,12.118309736251831
700,34.34460735321045,0.8788533,0.878826916217804,7.695844942645635e-06,0.8788167834281921,12.114668,12.117308378219604
701,34.39543318748474,0.87885356,0.87883460521698,7.215769073809497e-06,0.8788248300552368,12.114644,12.116539478302002
702,34.44768834114075,0.87885755,0.8788418173789978,6.077126272430178e-06,0.8788336515426636,12.114244,12.11581826210022
703,34.498380184173584,0.8788693,0.8788485527038574,4.616727892425843e-06,0.8788420557975769,12.1130705,12.115144729614258
704,34.54839062690735,0.8788776,0.8788529634475708,5.022670393373119e-06,0.8788470029830933,12.112242,12.11470365524292
705,34.5965838432312,0.8789836,0.8788584470748901,1.0220787771686446e-05,0.8788533210754395,12.101639,12.114155292510986
706,34.648273229599,0.8789836,0.8788651823997498,1.3793644939141814e-05,0.8788559436798096,12.101639,12.113481760025024
707,34.69085431098938,0.8789872,0.8788772821426392,1.88173507922329e-05,0.878862738609314,12.10128,12.112271785736084
708,34.74055528640747,0.8790767,0.878894031047821,3.5303393815411255e-05,0.8788758516311646,12.092328,12.110596895217896
709,34.78876256942749,0.87910986,0.8789230585098267,5.7894427300198004e-05,0.8788783550262451,12.089014,12.107694149017334
710,34.83863663673401,0.8791566,0.8789765238761902,6.712276808684692e-05,0.8788890838623047,12.084341,12.102347612380981
711,34.89084458351135,0.8791622,0.8790501356124878,5.5649747082497925e-05,0.8789523839950562,12.08378,12.09498643875122
712,34.94149398803711,0.8791622,0.8791022896766663,3.071145329158753e-05,0.8790594339370728,12.08378,12.089771032333374
713,34.98343300819397,0.8791666,0.8791319727897644,2.1177913367864676e-05,0.8790903091430664,12.08334,12.08680272102356
714,35.03185415267944,0.8791762,0.8791512250900269,6.456406026700279e-06,0.8791425228118896,12.08238,12.084877490997314
715,35.08123421669006,0.87917626,0.8791576027870178,5.270223482511938e-06,0.8791489601135254,12.082375,12.084239721298218
716,35.130685806274414,0.8791825,0.8791627883911133,5.384441465139389e-06,0.8791565895080566,12.081748,12.083721160888672
717,35.17977547645569,0.8791825,0.8791685104370117,4.698205430031521e-06,0.8791621923446655,12.081748,12.083148956298828
718,35.22200322151184,0.8791825,0.8791731595993042,4.6264131015050225e-06,0.8791666030883789,12.081748,12.08268404006958
719,35.264004707336426,0.87919444,0.8791780471801758,2.7449257231637603e-06,0.8791759014129639,12.080556,12.082195281982422
720,35.31470608711243,0.87920415,0.8791812658309937,5.105703166918829e-06,0.8791763186454773,12.079584,12.081873416900635
721,35.36504125595093,0.87920415,0.8791859149932861,7.669673323107418e-06,0.879179835319519,12.079584,12.081408500671387
722,35.407745361328125,0.8792179,0.8791933059692383,7.68853169574868e-06,0.8791815638542175,12.078208,12.080669403076172
723,35.4574031829834,0.87932587,0.8792008757591248,1.225541109306505e-05,0.879192054271698,12.067413,12.079912424087524
724,35.5077486038208,0.87932587,0.8792079091072083,1.9844344933517277e-05,0.8792011737823486,12.067413,12.079209089279175
725,35.549410343170166,0.8793354,0.8792197704315186,3.485134584479965e-05,0.8792029023170471,12.06646,12.078022956848145
726,35.599913120269775,0.8793538,0.8792429566383362,4.7372184781124815e-05,0.879204511642456,12.064618,12.075704336166382
727,35.64846420288086,0.8793548,0.879281222820282,4.901724969386123e-05,0.8792169690132141,12.064523,12.071877717971802
728,35.69660186767578,0.8793581,0.8793255686759949,1.2904555660497863e-05,0.8793051838874817,12.064189,12.067443132400513
729,35.74584698677063,0.8793669,0.8793383836746216,9.631266038923059e-06,0.8793254494667053,12.063313,12.066161632537842
730,35.79577302932739,0.8793858,0.8793474435806274,7.540644674008945e-06,0.8793367147445679,12.061417,12.065255641937256
731,35.84593915939331,0.87939227,0.8793554902076721,6.163822035887279e-06,0.8793467283248901,12.060774,12.064450979232788
732,35.8953697681427,0.879394,0.8793607950210571,8.312690624734387e-06,0.8793547749519348,12.0606,12.063920497894287
733,35.945456981658936,0.8793972,0.8793678283691406,1.0741600817709696e-05,0.8793573379516602,12.060279,12.063217163085938
734,35.996793270111084,0.8794036,0.8793772459030151,1.2027109733026009e-05,0.8793651461601257,12.059641,12.062275409698486
735,36.047268867492676,0.87941694,0.8793893456459045,9.041336852533277e-06,0.8793694376945496,12.058306,12.061065435409546
736,36.097718715667725,0.87941694,0.8793970942497253,5.734707428928232e-06,0.8793906569480896,12.058306,12.060290575027466
737,36.140748500823975,0.87941694,0.8794026970863342,4.648062713386025e-06,0.879395067691803,12.058306,12.059730291366577
738,36.18333864212036,0.87941957,0.8794066309928894,4.093029474461218e-06,0.8794024586677551,12.0580435,12.05933690071106
739,36.23455023765564,0.87944067,0.879410445690155,4.298210569686489e-06,0.8794053792953491,12.055933,12.058955430984497
740,36.286070346832275,0.87946033,0.8794147968292236,4.8696279009163845e-06,0.8794108033180237,12.0539665,12.058520317077637
741,36.33711338043213,0.87966645,0.8794193267822266,1.5923667888273485e-05,0.879413366317749,12.033356,12.058067321777344
742,36.39540386199951,0.87966645,0.8794304132461548,3.906687561539002e-05,0.8794169425964355,12.033356,12.056958675384521
743,36.43708395957947,0.8796753,0.8794596195220947,7.817729783710092e-05,0.8794195652008057,12.032467,12.054038047790527
744,36.48884654045105,0.87967545,0.8795185685157776,0.0001052815277944319,0.8794212937355042,12.032455,12.048143148422241
745,36.541149616241455,0.87967545,0.8796118497848511,8.937775419326499e-05,0.8794670104980469,12.032455,12.038815021514893
746,36.584972858428955,0.87967545,0.8796719908714294,3.6294204619480297e-06,0.8796663880348206,12.032455,12.032800912857056
747,36.6301167011261,0.87967545,0.8796749114990234,4.5921723312858376e-07,0.8796744346618652,12.032455,12.032508850097656
748,36.671456813812256,0.8797936,0.8796756863594055,6.498080892924918e-06,0.8796753287315369,12.020641,12.032431364059448
749,36.72071862220764,0.8797936,0.8796762228012085,9.251528354070615e-06,0.8796753287315369,12.020641,12.03237771987915
750,36.76391887664795,0.8798795,0.8796792030334473,2.0327379388618283e-05,0.8796754479408264,12.012053,12.032079696655273
751,36.84668731689453,0.879951,0.8767787218093872,0.0027758143842220306,0.8698953986167908,12.0049,12.32212781906128
752,36.89677667617798,0.879951,0.8789898753166199,0.0006452620727941394,0.8777517080307007,12.0049,12.101012468338013
753,36.9387571811676,0.8800212,0.8795765042304993,0.00022575660841539502,0.8791396617889404,11.997879,12.042349576950073
754,36.990185022354126,0.8800656,0.8797748684883118,0.0001110750381485559,0.8796457052230835,11.993438,12.022513151168823
755,37.037999868392944,0.8800678,0.8798787593841553,9.059254080057144e-05,0.8797317743301392,11.993217,12.012124061584473
756,37.08742833137512,0.8800678,0.8799612522125244,4.243678995408118e-05,0.8798873424530029,11.993217,12.003874778747559
757,37.12969446182251,0.88009405,0.8799967169761658,4.1809504182310775e-05,0.879951000213623,11.990595,12.000328302383423
758,37.177284479141235,0.88009405,0.8800363540649414,2.4656228561070748e-05,0.8799950480461121,11.990595,11.99636459350586
759,37.2210738658905,0.8800974,0.8800605535507202,1.940001493494492e-05,0.8800222873687744,11.990261,11.993944644927979
760,37.27400088310242,0.88010424,0.8800750970840454,1.261158013221575e-05,0.8800656199455261,11.989575,11.992490291595459
761,37.323725938797,0.8801382,0.8800857067108154,1.3155527994967997e-05,0.8800678253173828,11.986178,11.991429328918457
762,37.373409271240234,0.88016766,0.8800978064537048,8.262160008598585e-06,0.8800939917564392,11.983233,11.990219354629517
763,37.4225914478302,0.88019013,0.8801039457321167,1.444623285351554e-05,0.8800950646400452,11.980987,11.98960542678833
764,37.47233200073242,0.8801937,0.8801161050796509,2.4371198378503323e-05,0.8800973892211914,11.980629,11.988389492034912
765,37.522993087768555,0.8802068,0.8801390528678894,2.662521910679061e-05,0.8801042437553406,11.979318,11.98609471321106
766,37.573787689208984,0.8802155,0.8801672458648682,1.874796362244524e-05,0.8801382184028625,11.978447,11.983275413513184
767,37.62499523162842,0.88032645,0.8801828026771545,1.562975739943795e-05,0.8801677823066711,11.967355,11.981719732284546
768,37.67499017715454,0.8804524,0.8801987171173096,2.398873766651377e-05,0.8801803588867188,11.954761,11.980128288269043
769,37.72388029098511,0.88045454,0.8802146315574646,4.232320134178735e-05,0.8801926970481873,11.954546,11.97853684425354
770,37.77379512786865,0.88047314,0.8802458047866821,7.07993604009971e-05,0.8802038431167603,11.952686,11.975419521331787
771,37.82321333885193,0.8805114,0.8802937865257263,9.660924115451053e-05,0.8802160620689392,11.94886,11.970621347427368
772,37.87338614463806,0.88052773,0.8803660869598389,0.00010219689283985645,0.8802327513694763,11.947227,11.963391304016113
773,37.92350721359253,0.88052773,0.8804671764373779,2.7529498765943572e-05,0.880423903465271,11.947227,11.953282356262207
774,37.968331813812256,0.88056713,0.8804925084114075,2.0654862964875065e-05,0.8804607391357422,11.943287,11.950749158859253
775,38.018322467803955,0.88056713,0.8805120587348938,1.2594979125424288e-05,0.880494236946106,11.943287,11.94879412651062
776,38.05897235870361,0.88060397,0.8805246353149414,1.068073197529884e-05,0.880514919757843,11.939603,11.94753646850586
777,38.10868430137634,0.88060397,0.8805330991744995,1.6615696949884295e-05,0.8805251121520996,11.939603,11.946690082550049
778,38.15134882926941,0.88060397,0.8805438280105591,2.7339083317201585e-05,0.8805277347564697,11.939603,11.945617198944092
779,38.195881366729736,0.8806178,0.8805654644966125,3.204930908395909e-05,0.8805277347564697,11.93822,11.943453550338745
780,38.24705743789673,0.8806554,0.8805974721908569,1.3986097656015772e-05,0.8805671334266663,11.93446,11.940252780914307
781,38.295679569244385,0.88066196,0.8806067109107971,9.55079394771019e-06,0.8806014060974121,11.933804,11.939328908920288
782,38.346067905426025,0.88066196,0.8806118965148926,1.5507013813476078e-05,0.8806039690971375,11.933804,11.938810348510742
783,38.3884162902832,0.8806889,0.8806222677230835,2.1048957933089696e-05,0.8806039690971375,11.931109,11.93777322769165
784,38.43785786628723,0.8807454,0.880643367767334,1.9893666831194423e-05,0.8806177973747253,11.925459,11.935663223266602
785,38.48653483390808,0.8807454,0.8806646466255188,2.252729063911829e-05,0.8806441426277161,11.925459,11.93353533744812
786,38.53150224685669,0.88084865,0.8806873559951782,3.051474050153047e-05,0.8806554079055786,11.915135,11.931264400482178
787,38.580262660980225,0.8808788,0.8807182312011719,3.4721186239039525e-05,0.8806852102279663,11.912119,11.928176879882812
788,38.631922483444214,0.88089883,0.8807503581047058,4.5403281546896324e-05,0.8807045817375183,11.910116,11.924964189529419
789,38.68133187294006,0.88089883,0.8807909488677979,5.145206887391396e-05,0.8807421922683716,11.910116,11.920905113220215
790,38.724841833114624,0.88093185,0.8808438181877136,3.842624937533401e-05,0.8807586431503296,11.906815,11.915618181228638
791,38.774564027786255,0.88093185,0.8808780312538147,2.040046820184216e-05,0.8808486461639404,11.906815,11.91219687461853
792,38.815908670425415,0.8809881,0.8808976411819458,1.6205429346882738e-05,0.8808822631835938,11.901188,11.91023588180542
793,38.86610293388367,0.8809905,0.8809122443199158,2.237987791886553e-05,0.8808959722518921,11.9009495,11.908775568008423
794,38.91655349731445,0.88110596,0.8809331655502319,3.124774229945615e-05,0.8808988332748413,11.889404,11.906683444976807
795,38.96850228309631,0.88110596,0.8809611201286316,3.323939745314419e-05,0.8809279799461365,11.889404,11.90388798713684
796,39.049718618392944,0.8810278,0.8777380585670471,0.0027564154006540775,0.8716325759887695,11.897219,12.226194143295288
797,39.102761030197144,0.8812978,0.8802090883255005,0.0006728668813593686,0.878652811050415,11.870217,11.979091167449951
798,39.15282964706421,0.8813451,0.8808432817459106,0.00020217786368448287,0.8803427219390869,11.865491,11.915671825408936
799,39.20320773124695,0.8814074,0.8810194730758667,0.00010018967441283166,0.8809190988540649,11.859262,11.89805269241333
800,39.25165343284607,0.8814173,0.8811022043228149,0.00013671416672877967,0.8809987902641296,11.858273,11.889779567718506
801,39.30041527748108,0.881437,0.8812139630317688,0.00015392900968436152,0.8810278177261353,11.856299,11.87860369682312
802,39.35145020484924,0.88145554,0.8813657760620117,4.394441202748567e-05,0.8812851905822754,11.854446,11.863422393798828
803,39.40333151817322,0.88147485,0.8814053535461426,2.011075775953941e-05,0.8813759684562683,11.852514,11.859464645385742
804,39.45330309867859,0.8814814,0.881425678730011,1.749162038322538e-05,0.8814059495925903,11.851859,11.857432126998901
805,39.50435781478882,0.8814926,0.881443440914154,1.686141149548348e-05,0.881422221660614,11.850739,11.855655908584595
806,39.557167053222656,0.8815063,0.8814612030982971,1.515766871307278e-05,0.8814393281936646,11.849367,11.853879690170288
807,39.611374616622925,0.8815217,0.8814767599105835,1.2939496627950575e-05,0.8814604878425598,11.84783,11.85232400894165
808,39.65974831581116,0.8815776,0.8814918398857117,1.2585777767526451e-05,0.8814750909805298,11.842239,11.850816011428833
809,39.71109414100647,0.8815776,0.8815046548843384,1.3305647371453233e-05,0.8814890384674072,11.842239,11.849534511566162
810,39.754244565963745,0.8815784,0.8815181851387024,1.737812635838054e-05,0.8815037608146667,11.842161,11.84818148612976
811,39.80451512336731,0.8816279,0.8815363049507141,2.0942430637660436e-05,0.8815131187438965,11.837208,11.846369504928589
812,39.8533251285553,0.88163894,0.881559431552887,2.551110810600221e-05,0.881531834602356,11.836105,11.844056844711304
813,39.9022159576416,0.88163894,0.8815838694572449,3.1224692065734416e-05,0.8815495371818542,11.836105,11.841613054275513
814,39.944936752319336,0.88163894,0.8816149830818176,1.8392942365608178e-05,0.8815783858299255,11.836105,11.838501691818237
815,39.987157344818115,0.88163894,0.8816306591033936,4.700170393334702e-06,0.8816266059875488,11.836105,11.836934089660645
816,40.02915716171265,0.88163894,0.8816339373588562,5.323333880369319e-06,0.8816280364990234,11.836105,11.83660626411438
817,40.070794343948364,0.88163894,0.8816388845443726,1.7981956546009314e-07,0.8816378712654114,11.836105,11.836111545562744
818,40.112480878829956,0.881729,0.8816391229629517,4.951160917698871e-06,0.8816389441490173,11.827099,11.836087703704834
819,40.16043710708618,0.881729,0.8816394209861755,6.990427209530026e-06,0.8816389441490173,11.827099,11.836057901382446
820,40.202157735824585,0.88174903,0.8816412091255188,1.5042946870380547e-05,0.8816389441490173,11.825096,11.83587908744812
821,40.25013494491577,0.8817502,0.8816478252410889,2.8321430363575928e-05,0.8816389441490173,11.824978,11.835217475891113
822,40.30083107948303,0.88183737,0.8816630244255066,4.406584412208758e-05,0.8816389441490173,11.816263,11.83369755744934
823,40.35012125968933,0.8818593,0.8816943764686584,5.6009419495239854e-05,0.8816389441490173,11.81407,11.830562353134155
824,40.39906978607178,0.8818597,0.8817538022994995,3.215856850147247e-05,0.881729006767273,11.814028,11.824619770050049
825,40.44731426239014,0.8818597,0.8817762136459351,4.467705002753064e-05,0.8817484378814697,11.814028,11.822378635406494
826,40.488823652267456,0.8818597,0.8818076252937317,5.072265048511326e-05,0.881750226020813,11.814028,11.819237470626831
827,40.53056049346924,0.8818597,0.8818545341491699,8.064949724939652e-06,0.8818374872207642,11.814028,11.814546585083008
828,40.57195854187012,0.8818599,0.8818596005439758,2.2546862510353094e-07,0.881859302520752,11.814011,11.814039945602417
829,40.620699405670166,0.8818599,0.8818597197532654,2.5309386586513938e-08,0.8818596601486206,11.814011,11.814028024673462
830,40.66185998916626,0.8818599,0.8818597197532654,3.264680970005429e-08,0.8818597197532654,11.814011,11.814028024673462
831,40.704190492630005,0.8818603,0.8818597197532654,9.392854849465948e-08,0.8818597197532654,11.813969,11.814028024673462
832,40.753560304641724,0.8818648,0.8818597793579102,3.3867215165628295e-07,0.8818597197532654,11.813521,11.814022064208984
833,40.805893421173096,0.8818673,0.8818599581718445,6.587675898117595e-07,0.8818597197532654,11.813271,11.814004182815552
834,40.85702872276306,0.8818735,0.8818604350090027,1.3260607829579385e-06,0.8818598985671997,11.812651,11.813956499099731
835,40.90609359741211,0.8820675,0.8818617463111877,1.1555220226000529e-05,0.8818603157997131,11.79325,11.813825368881226
836,40.95596718788147,0.88239986,0.8818651437759399,3.367030876688659e-05,0.8818603157997131,11.760015,11.813485622406006
837,41.00460362434387,0.8824049,0.8818886280059814,0.00010369447409175336,0.8818603157997131,11.759508,11.811137199401855
838,41.05525255203247,0.8824111,0.8819509148597717,0.00018402235582470894,0.8818646669387817,11.758888,11.804908514022827
839,41.10499382019043,0.8824162,0.8820681571960449,0.00024330006272066385,0.8818708658218384,11.758381,11.793184280395508
840,41.15381336212158,0.8824238,0.8822987079620361,0.00017911623581312597,0.8818756937980652,11.757618,11.770129203796387
841,41.20246505737305,0.88242924,0.8824092745780945,5.503694865183206e-06,0.882400631904602,11.757076,11.759072542190552
842,41.253002405166626,0.88242924,0.8824144601821899,3.2866566925804364e-06,0.882411003112793,11.757076,11.758553981781006
843,41.29507327079773,0.8824403,0.8824177384376526,5.006585070077563e-06,0.8824145197868347,11.755967,11.758226156234741
844,41.34492206573486,0.8824409,0.8824212551116943,7.859886864025611e-06,0.8824160099029541,11.755907,11.757874488830566
845,41.394059896469116,0.8824409,0.8824278116226196,9.070290616364218e-06,0.8824166059494019,11.755907,11.757218837738037
846,41.436729192733765,0.8824409,0.8824365139007568,5.0934650062117726e-06,0.8824284076690674,11.755907,11.756348609924316
847,41.47833728790283,0.8824409,0.8824406266212463,2.9103250653861323e-07,0.8824401497840881,11.755907,11.755937337875366
848,41.52263259887695,0.8824767,0.8824409246444702,1.9858414361806354e-06,0.8824403285980225,11.752331,11.755907535552979
849,41.57304310798645,0.8824767,0.8824412822723389,3.3944688766496256e-06,0.8824409246444702,11.752331,11.755871772766113
850,41.613722801208496,0.8824943,0.8824424147605896,7.323404133785516e-06,0.8824409246444702,11.750573,11.75575852394104
851,41.6629958152771,0.88253736,0.8824464082717896,1.394733499182621e-05,0.8824409246444702,11.7462635,11.755359172821045
852,41.71136236190796,0.88254005,0.8824544548988342,2.06420045287814e-05,0.8824409246444702,11.7459955,11.754554510116577
853,41.76281476020813,0.88254005,0.8824719786643982,2.352239789615851e-05,0.8824409246444702,11.7459955,11.75280213356018
854,41.804683208465576,0.8825685,0.8824925422668457,1.979570515686646e-05,0.8824766874313354,11.743153,11.75074577331543
855,41.85333323478699,0.8825776,0.8825086355209351,2.4505592591594905e-05,0.8824865818023682,11.74224,11.749136447906494
856,41.90243625640869,0.8826037,0.8825330138206482,2.162704367947299e-05,0.8824942708015442,11.73963,11.74669861793518
857,41.94978594779968,0.88262385,0.8825525641441345,1.758628241077531e-05,0.8825373649597168,11.737615,11.744743585586548
858,41.999035596847534,0.88262385,0.8825698494911194,1.7249090888071805e-05,0.8825415372848511,11.737615,11.743015050888062
859,42.04087996482849,0.8826263,0.8825849890708923,1.409704600519035e-05,0.8825724124908447,11.7373705,11.741501092910767
860,42.089274644851685,0.8826263,0.8825963735580444,1.6699877960490994e-05,0.8825802803039551,11.7373705,11.740362644195557
861,42.13103699684143,0.88267016,0.8826121687889099,1.2752312613883987e-05,0.8825863599777222,11.732984,11.738783121109009
862,42.18091106414795,0.8826753,0.8826226592063904,7.120479494915344e-06,0.8826151490211487,11.732471,11.737734079360962
863,42.22996163368225,0.8826877,0.8826292157173157,1.5052206435939297e-05,0.8826238512992859,11.731232,11.737078428268433
864,42.27932929992676,0.8827189,0.8826387524604797,2.3281594621948898e-05,0.8826238512992859,11.728107,11.736124753952026
865,42.328176498413086,0.88277715,0.8826587796211243,2.7161840989720076e-05,0.8826239109039307,11.722284,11.734122037887573
866,42.37758421897888,0.882903,0.8826867341995239,2.2680953406961635e-05,0.8826701641082764,11.709702,11.731326580047607
867,42.426950454711914,0.882903,0.8827030062675476,3.1024435884319246e-05,0.8826800584793091,11.709702,11.72969937324524
868,42.47010779380798,0.882903,0.8827316761016846,4.2735759052447975e-05,0.8826896548271179,11.709702,11.726832389831543
869,42.51456642150879,0.8829611,0.8827719688415527,5.8075569540960714e-05,0.8827318549156189,11.703891,11.722803115844727
870,42.565720558166504,0.88305473,0.8828226923942566,7.414814899675548e-05,0.8827399611473083,11.694527,11.71773076057434
871,42.61431074142456,0.8831103,0.8828992247581482,6.487741484306753e-05,0.8827972412109375,11.6889715,11.71007752418518
872,42.664422035217285,0.8831246,0.8829605579376221,6.23121959506534e-05,0.882902979850769,11.687541,11.703944206237793
873,42.71386456489563,0.88316303,0.8830212950706482,5.2204566600266844e-05,0.8829423189163208,11.683697,11.69787049293518
874,42.76551055908203,0.88316303,0.8830723762512207,2.9872424420318566e-05,0.8830382823944092,11.683697,11.69276237487793
875,42.81334614753723,0.88316303,0.8830987811088562,2.5499612092971802e-05,0.8830585479736328,11.683697,11.69012188911438
876,42.87071442604065,0.8831699,0.8831206560134888,1.8424172594677657e-05,0.8831052780151367,11.683011,11.687934398651123
877,42.92752385139465,0.8831833,0.8831347823143005,2.0914434571750462e-05,0.8831102848052979,11.68167,11.686521768569946
878,42.97745084762573,0.88318455,0.8831548690795898,1.5195507330645341e-05,0.8831257820129395,11.681545,11.684513092041016
879,43.02917456626892,0.88318455,0.8831679821014404,6.549966656166362e-06,0.8831620216369629,11.681545,11.683201789855957
880,43.070719957351685,0.88318455,0.8831738829612732,6.429604582081083e-06,0.8831656575202942,11.681545,11.68261170387268
881,43.11322474479675,0.8831946,0.8831802010536194,4.987034571968252e-06,0.8831698894500732,11.680537,11.681979894638062
882,43.16174340248108,0.88319975,0.8831846117973328,1.6774346249803784e-06,0.8831833004951477,11.680025,11.681538820266724
883,43.2088406085968,0.8832144,0.8831857442855835,3.616506091930205e-06,0.883184552192688,11.678558,11.68142557144165
884,43.258094787597656,0.88323987,0.8831884264945984,7.521683528466383e-06,0.883184552192688,11.676014,11.681157350540161
885,43.307446241378784,0.88326627,0.8831945061683655,1.1934443136851769e-05,0.883184552192688,11.673373,11.680549383163452
886,43.35598087310791,0.8832976,0.8832051753997803,1.4590910723200068e-05,0.8831931352615356,11.670238,11.679482460021973
887,43.404518842697144,0.88331753,0.8832210898399353,2.0491546820267104e-05,0.8832009434700012,11.668247,11.67789101600647
888,43.45460486412048,0.88332313,0.8832382559776306,2.997947740368545e-05,0.883215606212616,11.667686,11.676174402236938
889,43.505425214767456,0.883397,0.8832672834396362,3.5588011087384075e-05,0.8832242488861084,11.660301,11.673271656036377
890,43.55920648574829,0.88341254,0.8833046555519104,2.910211514972616e-05,0.883266270160675,11.658746,11.66953444480896
891,43.6095290184021,0.8834267,0.8833383917808533,3.4761917049763724e-05,0.8832980394363403,11.657328,11.666160821914673
892,43.65937519073486,0.8834267,0.8833749294281006,3.215391916455701e-05,0.8833231329917908,11.657328,11.662507057189941
893,43.699378490448,0.88342685,0.8834047317504883,1.4687865586893167e-05,0.883377194404602,11.657315,11.659526824951172
894,43.751230001449585,0.88342685,0.8834183216094971,5.205658908380428e-06,0.8834117650985718,11.657315,11.658167839050293
895,43.79280734062195,0.88346016,0.8834232091903687,3.9884580473881215e-06,0.8834176063537598,11.653984,11.657679080963135
896,43.842546224594116,0.8834692,0.8834268450737,4.166585313214455e-06,0.8834247589111328,11.653078,11.657315492630005
897,43.89254403114319,0.8835065,0.8834295272827148,1.1197966159670614e-05,0.8834267258644104,11.649352,11.657047271728516
898,43.94089889526367,0.8835127,0.8834357857704163,2.0827745174756274e-05,0.8834267258644104,11.648732,11.656421422958374
899,43.990846395492554,0.8835271,0.8834518790245056,3.1261093681678176e-05,0.8834268450737,11.64729,11.654812097549438
900,44.04304575920105,0.8835359,0.883482038974762,2.6723630071501248e-05,0.8834268450737,11.646408,11.651796102523804
901,44.09181189537048,0.88358116,0.8835083842277527,1.3129022590874229e-05,0.8834824562072754,11.641884,11.649161577224731
902,44.14326000213623,0.88360965,0.883521318435669,1.4999839550000615e-05,0.8835066556930542,11.639034,11.647868156433105
903,44.19242334365845,0.8836126,0.8835362195968628,2.1117830328876153e-05,0.8835127353668213,11.638742,11.64637804031372
904,44.24299669265747,0.8836138,0.8835546374320984,2.5957842808566056e-05,0.883534848690033,11.6386175,11.644536256790161
905,44.291292905807495,0.8836138,0.8835780024528503,2.3904023692011833e-05,0.8835397958755493,11.6386175,11.642199754714966
906,44.333009243011475,0.8836138,0.8836015462875366,1.2480980331019964e-05,0.8835771083831787,11.6386175,11.639845371246338
907,44.37533617019653,0.88362116,0.883611798286438,1.4797922176512657e-06,0.8836096525192261,11.637884,11.638820171356201
908,44.424986362457275,0.88362116,0.8836128115653992,8.903895150069729e-07,0.8836125731468201,11.637884,11.638718843460083
909,44.466570138931274,0.88367116,0.8836135268211365,3.548573431544355e-06,0.8836125731468201,11.632883,11.638647317886353
910,44.516660928726196,0.88367116,0.8836151957511902,6.607877821807051e-06,0.8836125731468201,11.632883,11.638480424880981
911,44.56288290023804,0.8837633,0.8836190104484558,1.3979077266412787e-05,0.8836138248443604,11.623669,11.638098955154419
912,44.64766883850098,0.88362116,0.8804031610488892,0.002519741654396057,0.8746572136878967,11.637884,11.959683895111084
913,44.696826457977295,0.88362193,0.8826377987861633,0.0007528967689722776,0.8811340928077698,11.637807,11.736220121383667
914,44.746915340423584,0.8836394,0.8833349347114563,0.00028458828455768526,0.8827380537986755,11.636061,11.66650652885437
915,44.79713988304138,0.88364786,0.8835715651512146,4.600443207891658e-05,0.8834437131881714,11.635214,11.64284348487854
916,44.848679065704346,0.88364995,0.8836140036582947,1.6193984265555628e-05,0.8835804462432861,11.635006,11.638599634170532
917,44.89743423461914,0.88367116,0.8836262822151184,1.1323078979330603e-05,0.8836138248443604,11.632883,11.63737177848816
918,44.94682860374451,0.8836759,0.8836361765861511,1.2684529792750254e-05,0.8836219310760498,11.632413,11.636382341384888
919,44.998138666152954,0.88368267,0.8836495876312256,1.0777432180475444e-05,0.8836387395858765,11.631733,11.635041236877441
920,45.047646045684814,0.8837108,0.8836616277694702,1.4534075489791576e-05,0.8836474418640137,11.62892,11.633837223052979
921,45.09760570526123,0.88374317,0.8836778998374939,1.3441674127534498e-05,0.8836545944213867,11.625683,11.63221001625061
922,45.146156311035156,0.88374317,0.8836913108825684,1.7911257600644603e-05,0.8836758732795715,11.625683,11.630868911743164
923,45.18813610076904,0.8837509,0.8837084174156189,1.96200780919753e-05,0.8836826682090759,11.624908,11.62915825843811
924,45.236902475357056,0.883758,0.8837273120880127,1.4256579561333638e-05,0.8837037682533264,11.624199,11.62726879119873
925,45.287853717803955,0.8837679,0.883740246295929,4.886071110377088e-06,0.8837321996688843,11.62321,11.625975370407104
926,45.33825659751892,0.8838049,0.883745014667511,6.154597940621898e-06,0.8837417364120483,11.619509,11.625498533248901
927,45.38709115982056,0.88382643,0.8837493658065796,1.0502533768885769e-05,0.883743166923523,11.617356,11.625063419342041
928,45.43652534484863,0.88382643,0.883758008480072,1.6130397852975875e-05,0.883743166923523,11.617356,11.624199151992798
929,45.47935700416565,0.8838436,0.8837718367576599,2.326958201592788e-05,0.8837546110153198,11.61564,11.622816324234009
930,45.53008317947388,0.8838575,0.8837905526161194,2.7241278075962327e-05,0.883758008480072,11.614251,11.620944738388062
931,45.57978081703186,0.8838575,0.883817195892334,1.9706476450664923e-05,0.8837775588035583,11.614251,11.618280410766602
932,45.62321615219116,0.883877,0.8838337063789368,1.0646569535310846e-05,0.8838240504264832,11.612302,11.616629362106323
933,45.67492961883545,0.8838804,0.8838430047035217,1.2175466508779209e-05,0.8838274478912354,11.611962,11.615699529647827
934,45.72555613517761,0.88389796,0.8838549256324768,9.961138857761398e-06,0.8838456273078918,11.610204,11.61450743675232
935,45.776694774627686,0.88392013,0.88386470079422,1.1586562322918326e-05,0.8838508725166321,11.607986,11.613529920578003
936,45.82859468460083,0.8839519,0.883876383304596,1.2395158591971267e-05,0.8838583827018738,11.60481,11.612361669540405
937,45.880045890808105,0.8839632,0.8838876485824585,1.5600580809405074e-05,0.8838779926300049,11.603678,11.61123514175415
938,45.93008017539978,0.8839687,0.8839008808135986,2.2876951334183104e-05,0.8838813900947571,11.603128,11.609911918640137
939,45.98121237754822,0.8840146,0.8839245438575745,2.3283158952835947e-05,0.8838937282562256,11.598539,11.607545614242554
940,46.03135275840759,0.88401467,0.8839482069015503,1.9785349650192074e-05,0.8839234113693237,11.598534,11.60517930984497
941,46.079320669174194,0.884021,0.8839666247367859,1.8260112483403645e-05,0.883948028087616,11.597901,11.603337526321411
942,46.12819004058838,0.8840287,0.883985698223114,1.624827018531505e-05,0.8839632272720337,11.597133,11.601430177688599
943,46.177027225494385,0.88403285,0.884000301361084,1.2322248039708938e-05,0.8839886784553528,11.596716,11.599969863891602
944,46.227261543273926,0.88405967,0.8840102553367615,1.400595465383958e-05,0.883994996547699,11.594033,11.598974466323853
945,46.27627992630005,0.88405967,0.8840261697769165,1.0250725608784705e-05,0.8840146064758301,11.594033,11.59738302230835
946,46.319908618927,0.88408625,0.8840370178222656,1.5171260201896075e-05,0.8840240836143494,11.591375,11.596298217773438
947,46.36914610862732,0.88408935,0.8840537071228027,1.5632957001798786e-05,0.8840282559394836,11.591064,11.594629287719727
948,46.419724225997925,0.88408935,0.8840683698654175,1.3606354514195118e-05,0.8840550184249878,11.591064,11.593163013458252
949,46.46017670631409,0.8841662,0.8840823769569397,1.0455413757881615e-05,0.8840596675872803,11.583382,11.59176230430603
950,46.51092290878296,0.8841738,0.8840892314910889,9.034239155880641e-06,0.8840858936309814,11.582619,11.591076850891113
951,46.564637899398804,0.8842596,0.8840947151184082,2.272824895044323e-05,0.8840886950492859,11.574041,11.59052848815918
952,46.61352062225342,0.8842596,0.8841073513031006,4.2811876483028755e-05,0.8840893507003784,11.574041,11.589264869689941
953,46.655914545059204,0.8842709,0.8841350078582764,6.339207902783528e-05,0.8840893507003784,11.572909,11.586499214172363
954,46.70578742027283,0.8843213,0.8841936588287354,6.207937258295715e-05,0.8840909004211426,11.567873,11.580634117126465
955,46.756016969680786,0.8843213,0.8842536807060242,2.868932278943248e-05,0.8841745853424072,11.567873,11.574631929397583
956,46.79716873168945,0.884419,0.884270429611206,1.8527267457102425e-05,0.8842595815658569,11.558098,11.572957038879395
957,46.845529079437256,0.8844842,0.8842858672142029,2.859671258192975e-05,0.8842595815658569,11.551582,11.571413278579712
958,46.89413642883301,0.8845079,0.8843111991882324,4.572274337988347e-05,0.8842774629592896,11.549211,11.568880081176758
959,46.94349694252014,0.88457245,0.8843531608581543,6.026365008438006e-05,0.8843058347702026,11.542755,11.56468391418457
960,46.99373269081116,0.8845747,0.8844030499458313,8.096126111922786e-05,0.8843218088150024,11.542529,11.55969500541687
961,47.042946577072144,0.8845763,0.8844910860061646,5.42002817383036e-05,0.8843590617179871,11.542368,11.550891399383545
962,47.094597578048706,0.8845763,0.8845367431640625,2.857532126654405e-05,0.8844897747039795,11.542368,11.54632568359375
963,47.138007402420044,0.8845767,0.8845630884170532,1.119265471061226e-05,0.8845476508140564,11.542332,11.543691158294678
964,47.188090562820435,0.8845768,0.8845743536949158,1.3762170283371233e-06,0.8845718502998352,11.54232,11.542564630508423
965,47.237144947052,0.8845768,0.8845754861831665,6.49551452625019e-07,0.8845747113227844,11.54232,11.54245138168335
966,47.27665972709656,0.8845772,0.8845762014389038,4.757522162890382e-07,0.8845751881599426,11.542278,11.54237985610962
967,47.32584190368652,0.8845772,0.8845766186714172,2.536037868594576e-07,0.8845763206481934,11.542278,11.542338132858276
968,47.36764359474182,0.8845772,0.8845767974853516,2.0852593252129736e-07,0.884576678276062,11.542278,11.542320251464844
969,47.409430265426636,0.8845772,0.8845769762992859,2.425927334570588e-07,0.884576678276062,11.542278,11.542302370071411
970,47.45045566558838,0.8845772,0.8845771551132202,5.960464477539063e-08,0.884577214717865,11.542278,11.542284488677979
971,47.49221420288086,0.8845772,0.8845771551132202,5.960464477539063e-08,0.884577214717865,11.542278,11.542284488677979
972,47.53412055969238,0.8846224,0.8845773339271545,2.4833866518747527e-06,0.884577214717865,11.537761,11.542266607284546
973,47.58399963378906,0.88462853,0.8845776319503784,4.4908811105415225e-06,0.884577214717865,11.537147,11.542236804962158
974,47.633193492889404,0.8846286,0.8845790028572083,9.26861321204342e-06,0.884577214717865,11.537141,11.542099714279175
975,47.68259787559509,0.8846286,0.8845828771591187,1.5590276234433986e-05,0.884577214717865,11.537141,11.541712284088135
976,47.72419834136963,0.8846286,0.8845912218093872,2.2255368094192818e-05,0.884577214717865,11.537141,11.54087781906128
977,47.76735043525696,0.88465685,0.8846073746681213,2.4494380340911448e-05,0.884577214717865,11.534315,11.539262533187866
978,47.817928314208984,0.88475084,0.8846287727355957,7.569143235741649e-06,0.8846223950386047,11.524916,11.53712272644043
979,47.86708736419678,0.8847668,0.8846324682235718,1.7698910596664064e-05,0.8846285939216614,11.523318,11.536753177642822
980,47.91597843170166,0.884771,0.8846414089202881,3.311939872219227e-05,0.8846285939216614,11.522902,11.535859107971191
981,47.965243101119995,0.8847711,0.8846604824066162,4.8950783821055666e-05,0.8846285939216614,11.522889,11.533951759338379
982,48.0154550075531,0.88478696,0.8846986889839172,5.376120680011809e-05,0.8846287131309509,11.521303,11.530131101608276
983,48.065157651901245,0.88478696,0.8847552537918091,1.6341138689313084e-05,0.8846994638442993,11.521303,11.524474620819092
984,48.10529375076294,0.8847871,0.8847672939300537,9.927027349476703e-06,0.8847508430480957,11.521292,11.523270606994629
985,48.154711961746216,0.88478714,0.8847754001617432,7.114846994227264e-06,0.8847709894180298,11.521286,11.522459983825684
986,48.20321726799011,0.88478714,0.884780764579773,7.783478395140264e-06,0.8847711086273193,11.521286,11.521923542022705
987,48.251774311065674,0.88478714,0.8847870826721191,9.410031509560213e-08,0.8847869634628296,11.521286,11.521291732788086
988,48.29880619049072,0.88478714,0.8847872018814087,1.248338605819299e-07,0.8847869634628296,11.521286,11.52127981185913
989,48.34066367149353,0.88479596,0.8847872018814087,4.87509794311336e-07,0.8847870826721191,11.520404,11.52127981185913
990,48.38851857185364,0.88480145,0.8847872614860535,1.145560077020491e-06,0.8847871422767639,11.5198555,11.521273851394653
991,48.439266204833984,0.88490736,0.8847883939743042,7.2433922468917444e-06,0.8847871422767639,11.509264,11.52116060256958
992,48.48880052566528,0.88490766,0.8847909569740295,1.3791172023047693e-05,0.8847871422767639,11.509233,11.520904302597046
993,48.539868116378784,0.8849167,0.8847974538803101,2.44728107645642e-05,0.8847871422767639,11.5083275,11.520254611968994
994,48.58944797515869,0.8849344,0.8848154544830322,4.065334360348061e-05,0.8847871422767639,11.506557,11.518454551696777
995,48.63861870765686,0.8850082,0.8848422765731812,5.2272651373641565e-05,0.88480144739151,11.499178,11.515772342681885
996,48.68790578842163,0.8850082,0.8848880529403687,4.8122987209353596e-05,0.8848076462745667,11.499178,11.511194705963135
997,48.73066234588623,0.88504887,0.8849269151687622,1.7930591639014892e-05,0.8849073648452759,11.495113,11.50730848312378
998,48.78310561180115,0.88518345,0.8849435448646545,3.077182554989122e-05,0.884924054145813,11.481655,11.505645513534546
999,48.83458089828491,0.8852206,0.8849727511405945,6.354892684612423e-05,0.8849344253540039,11.4779415,11.502724885940552
1000,48.88365077972412,0.88522345,0.8850257396697998,9.265555127058178e-05,0.8849437236785889,11.477655,11.49742603302002
1001,48.93302059173584,0.88522655,0.8851078152656555,8.620807057013735e-05,0.8849962949752808,11.477345,11.489218473434448
1002,48.98164176940918,0.88522696,0.8851907253265381,4.057690966874361e-05,0.8850848078727722,11.4773035,11.480927467346191
1003,49.03078508377075,0.88522947,0.8852195143699646,5.359092028811574e-06,0.8852062225341797,11.477053,11.47804856300354
1004,49.07976293563843,0.8852329,0.8852236866950989,2.3496711492043687e-06,0.8852195739746094,11.476707,11.477631330490112
1005,49.12929725646973,0.88523304,0.8852259516716003,2.231943653896451e-06,0.885223388671875,11.476696,11.477404832839966
1006,49.178224086761475,0.8852331,0.8852280974388123,2.210531874879962e-06,0.8852258920669556,11.476689,11.477190256118774
1007,49.228445529937744,0.88530415,0.8852304220199585,4.515605269261869e-06,0.8852269649505615,11.469584,11.47695779800415
1008,49.31360483169556,0.885288,0.8824239373207092,0.002525312127545476,0.8768720030784607,11.4712,11.757606267929077
1009,49.366533279418945,0.8852881,0.8845474720001221,0.0006464667385444045,0.8832046389579773,11.471188,11.545252799987793
1010,49.417409896850586,0.88528824,0.8851374983787537,0.00013672963541466743,0.8847644925117493,11.471176,11.486250162124634
1011,49.46636438369751,0.8852889,0.8852480053901672,3.166037276969291e-05,0.8851919174194336,11.47111,11.475199460983276
1012,49.516814947128296,0.8852893,0.8852764964103699,1.4184636711433996e-05,0.8852527141571045,11.471069,11.472350358963013
1013,49.56606459617615,0.8852893,0.8852874636650085,1.338913193649205e-06,0.8852845430374146,11.471069,11.471253633499146
1014,49.60781383514404,0.8852893,0.8852882981300354,4.1828909047580964e-07,0.8852881193161011,11.471069,11.47117018699646
1015,49.649388551712036,0.8852893,0.885288655757904,4.562065498703305e-07,0.8852881193161011,11.471069,11.471134424209595
1016,49.69199991226196,0.8852893,0.8852891325950623,1.795349646727118e-07,0.8852888941764832,11.471069,11.471086740493774
1017,49.73471236228943,0.8852893,0.8852893114089966,3.495594569358218e-08,0.8852892518043518,11.471069,11.471068859100342
1018,49.77661609649658,0.8852893,0.8852893114089966,0.0,0.8852893114089966,11.471069,11.471068859100342
1019,49.81900954246521,0.88534606,0.8852894902229309,3.118904714938253e-06,0.8852893114089966,11.465395,11.47105097770691
1020,49.86916375160217,0.88534606,0.8852899670600891,6.20279479335295e-06,0.8852893114089966,11.465395,11.471003293991089
1021,49.94720911979675,0.88540125,0.8818909525871277,0.00280772871337831,0.8759703040122986,11.459875,11.810904741287231
1022,49.999329805374146,0.88540125,0.8843654990196228,0.0007951120496727526,0.8827112913131714,11.459875,11.56345009803772
1023,50.04264950752258,0.88540125,0.8850800395011902,0.0002782493829727173,0.8845141530036926,11.459875,11.491996049880981
1024,50.08383226394653,0.88540125,0.885317325592041,7.926967373350635e-05,0.8851799368858337,11.459875,11.468267440795898
1025,50.12546634674072,0.88540447,0.8853892087936401,2.08054443646688e-05,0.8853276371955872,11.459553,11.461079120635986
1026,50.1741726398468,0.88540447,0.8854012489318848,2.550008275647997e-07,0.8854012489318848,11.459553,11.459875106811523
1027,50.21620559692383,0.88551635,0.8854016661643982,6.336295882647391e-06,0.8854012489318848,11.448365,11.45983338356018
1028,50.26608753204346,0.8855969,0.8854036927223206,1.6346930351573974e-05,0.8854012489318848,11.440313,11.459630727767944
1029,50.31576728820801,0.8855984,0.8854106664657593,3.205123357474804e-05,0.8854012489318848,11.440158,11.458933353424072
1030,50.363892793655396,0.88559866,0.8854312896728516,5.813642201246694e-05,0.8854014873504639,11.440134,11.456871032714844
1031,50.413005113601685,0.8856619,0.8854771256446838,8.194740803446621e-05,0.8854044675827026,11.43381,11.452287435531616
1032,50.46335744857788,0.88566214,0.8855553865432739,7.07363142282702e-05,0.8854638934135437,11.433786,11.444461345672607
1033,50.5286591053009,0.88566214,0.8856204152107239,2.9802056815242395e-05,0.8855982422828674,11.433786,11.437958478927612
1034,50.5715491771698,0.88566214,0.8856456279754639,2.7045462047681212e-05,0.8855986595153809,11.433786,11.435437202453613
1035,50.614001750946045,0.88567317,0.8856620788574219,6.195122068675118e-07,0.8856619000434875,11.432684,11.433792114257812
1036,50.664361238479614,0.88567317,0.8856622576713562,1.2002470839433954e-06,0.8856621384620667,11.432684,11.43377423286438
1037,50.707010984420776,0.88567317,0.8856625556945801,2.0531733753159642e-06,0.8856621384620667,11.432684,11.433744430541992
1038,50.75056457519531,0.88567317,0.8856635689735413,3.648067377071129e-06,0.8856621384620667,11.432684,11.433643102645874
1039,50.79179525375366,0.88567317,0.8856655359268188,5.074830824014498e-06,0.8856621384620667,11.432684,11.433446407318115
1040,50.83429765701294,0.88567317,0.8856692910194397,5.255553787719691e-06,0.8856621384620667,11.432684,11.43307089805603
1041,50.87704849243164,0.8857318,0.885673463344574,4.148604148213053e-06,0.8856731653213501,11.426819,11.432653665542603
1042,50.92664337158203,0.8857318,0.8856744766235352,8.429025001532864e-06,0.8856731653213501,11.426819,11.432552337646484
1043,50.967912435531616,0.8857318,0.8856779932975769,1.549980152049102e-05,0.8856731653213501,11.426819,11.43220067024231
1044,51.01066732406616,0.8857318,0.8856859803199768,2.3618626073584892e-05,0.8856731653213501,11.426819,11.43140196800232
1045,51.052915811538696,0.8857318,0.885701596736908,2.8266691515455022e-05,0.8856731653213501,11.426819,11.429840326309204
1046,51.09552764892578,0.8857351,0.8857297897338867,4.211857685731957e-06,0.8857208490371704,11.426491,11.427021026611328
1047,51.14550828933716,0.8857351,0.8857319355010986,5.347835667635081e-07,0.8857318162918091,11.426491,11.426806449890137
1048,51.186949491500854,0.8857351,0.8857321739196777,1.0466231969985529e-06,0.8857318162918091,11.426491,11.426782608032227
1049,51.22781682014465,0.8857351,0.8857327699661255,1.4866351421005675e-06,0.8857318162918091,11.426491,11.426723003387451
1050,51.27064085006714,0.8857351,0.8857338428497314,1.585416271154827e-06,0.8857318162918091,11.426491,11.426615715026855
1051,51.31308436393738,0.88575935,0.8857351541519165,1.3334665709408e-06,0.8857350945472717,11.424065,11.42648458480835
1052,51.362820863723755,0.88576615,0.8857355117797852,3.3647897907940205e-06,0.8857350945472717,11.423386,11.426448822021484
1053,51.41216993331909,0.8857976,0.8857371807098389,8.069602699833922e-06,0.8857350945472717,11.4202385,11.426281929016113
1054,51.46018171310425,0.88580406,0.885741651058197,1.4348343938763719e-05,0.8857350945472717,11.419594,11.425834894180298
1055,51.50982856750488,0.88580406,0.8857532739639282,2.2496051315101795e-05,0.8857350945472717,11.419594,11.424672603607178
1056,51.553571701049805,0.88580406,0.8857749104499817,1.9309942217660137e-05,0.8857350945472717,11.419594,11.422508955001831
1057,51.59559440612793,0.8858045,0.8857909440994263,1.5154485481616575e-05,0.8857704997062683,11.419553,11.420905590057373
1058,51.644911766052246,0.885813,0.8858039379119873,6.87934402776591e-07,0.8858028054237366,11.4187,11.41960620880127
1059,51.694560527801514,0.885813,0.8858042359352112,7.565614623672445e-07,0.8858040571212769,11.4187,11.419576406478882
1060,51.736501932144165,0.8858312,0.8858047127723694,2.6385123419458978e-06,0.8858040571212769,11.4168825,11.419528722763062
1061,51.78770160675049,0.8858566,0.8858065605163574,6.791741725464817e-06,0.8858040571212769,11.414337,11.419343948364258
1062,51.83774518966675,0.8858566,0.8858111500740051,1.0814850611495785e-05,0.8858040571212769,11.414337,11.418884992599487
1063,51.88084268569946,0.8858566,0.8858194947242737,1.2263019925740082e-05,0.8858044743537903,11.414337,11.418050527572632
1064,51.922558546066284,0.8858566,0.8858320713043213,7.945726792968344e-06,0.8858142495155334,11.414337,11.416792869567871
1065,51.964946269989014,0.8858601,0.885837972164154,9.143350325757638e-06,0.8858311772346497,11.413992,11.416202783584595
1066,52.01495695114136,0.8858603,0.8858442902565002,1.0980103070323821e-05,0.8858346343040466,11.413967,11.415570974349976
1067,52.06553769111633,0.8858603,0.8858545422554016,7.351862677751342e-06,0.8858350515365601,11.413967,11.414545774459839
1068,52.10820460319519,0.88586366,0.8858587145805359,1.7153348608189845e-06,0.8858566284179688,11.413633,11.414128541946411
1069,52.159327268600464,0.88589317,0.8858602643013,1.8457707255947753e-06,0.8858600854873657,11.410684,11.413973569869995
1070,52.20927596092224,0.88592213,0.8858612775802612,5.643029453494819e-06,0.8858600854873657,11.407786,11.413872241973877
1071,52.25900149345398,0.88592213,0.8858642578125,1.105753290175926e-05,0.8858603239059448,11.407786,11.41357421875
1072,52.300379514694214,0.88592404,0.8858705759048462,1.6722084183129482e-05,0.8858603239059448,11.407596,11.41294240951538
1073,52.349878787994385,0.885932,0.8858847618103027,2.0457886421354488e-05,0.8858603239059448,11.406797,11.411523818969727
1074,52.39910435676575,0.8859355,0.8859058022499084,1.3690299965674058e-05,0.8858909606933594,11.406451,11.409419775009155
1075,52.44793891906738,0.8859355,0.8859192132949829,1.1021868886018638e-05,0.8859013915061951,11.406451,11.408078670501709
1076,52.492241621017456,0.8859355,0.8859291076660156,5.1331739996385295e-06,0.8859221339225769,11.406451,11.407089233398438
1077,52.53410887718201,0.8859602,0.8859343528747559,2.169079834857257e-06,0.8859314918518066,11.403978,11.406564712524414
1078,52.58476758003235,0.8859666,0.8859356641769409,2.5727724732860224e-06,0.8859352469444275,11.40334,11.406433582305908
1079,52.63317131996155,0.88611823,0.8859372138977051,1.156368489318993e-05,0.8859354853630066,11.388177,11.406278610229492
1080,52.68311262130737,0.88611823,0.8859408497810364,1.743984284985345e-05,0.8859354853630066,11.388177,11.405915021896362
1081,52.725929737091064,0.8861297,0.8859500885009766,3.001219556608703e-05,0.8859354853630066,11.3870325,11.404991149902344
1082,52.77576994895935,0.88614935,0.8859708905220032,4.6802662836853415e-05,0.8859354853630066,11.385065,11.402910947799683
1083,52.83606147766113,0.8861546,0.8860020637512207,6.502404721686617e-05,0.8859665989875793,11.384541,11.39979362487793
1084,52.90274143218994,0.8861608,0.8860522508621216,7.95041341916658e-05,0.8859665989875793,11.383921,11.394774913787842
1085,52.95608043670654,0.88619715,0.886131227016449,1.6519090422661975e-05,0.8861052989959717,11.380285,11.386877298355103
1086,53.00833821296692,0.88620114,0.886147677898407,1.2412095202307682e-05,0.8861280679702759,11.379886,11.385232210159302
1087,53.05815553665161,0.886212,0.8861592411994934,1.2639521628443617e-05,0.88614821434021,11.378801,11.38407588005066
1088,53.107664823532104,0.88621265,0.8861697912216187,1.6008300008252263e-05,0.8861545920372009,11.378736,11.383020877838135
1089,53.156667947769165,0.88621265,0.8861833214759827,1.625349796086084e-05,0.886161208152771,11.378736,11.381667852401733
1090,53.19717216491699,0.8862535,0.8862004280090332,6.09286598773906e-06,0.8861914277076721,11.374653,11.37995719909668
1091,53.24605941772461,0.8862535,0.8862061500549316,7.949234714033082e-06,0.8861998915672302,11.374653,11.379384994506836
1092,53.28830289840698,0.8862585,0.8862136602401733,1.3691822459804825e-05,0.8862034678459167,11.374151,11.378633975982666
1093,53.340059757232666,0.88626647,0.8862252831459045,1.689888085820712e-05,0.8862117528915405,11.373353,11.377471685409546
1094,53.38934779167175,0.8862667,0.8862408995628357,1.4296867448138073e-05,0.8862173557281494,11.373329,11.37591004371643
1095,53.441938161849976,0.8862682,0.8862550854682922,6.034728357917629e-06,0.8862425684928894,11.37318,11.374491453170776
1096,53.49328923225403,0.8862682,0.8862606287002563,3.860471679217881e-06,0.8862558603286743,11.37318,11.373937129974365
1097,53.53483247756958,0.88626933,0.8862640261650085,3.236475322410115e-06,0.8862584829330444,11.373067,11.373597383499146
1098,53.58442425727844,0.8862815,0.8862673044204712,1.1249986755501595e-06,0.8862655162811279,11.371851,11.37326955795288
1099,53.633265018463135,0.886319,0.8862680792808533,3.0243188575695967e-06,0.8862667083740234,11.368102,11.373192071914673
1100,53.682058572769165,0.8863193,0.8862691521644592,5.855746167071629e-06,0.886268138885498,11.3680725,11.373084783554077
1101,53.731173038482666,0.88632077,0.8862717151641846,1.1145989446958993e-05,0.8862681984901428,11.367923,11.372828483581543
1102,53.78191566467285,0.8863223,0.886277973651886,1.780272214091383e-05,0.8862681984901428,11.367768,11.372202634811401
1103,53.83143091201782,0.886343,0.8862904906272888,2.187561221944634e-05,0.8862681984901428,11.3657,11.370950937271118
1104,53.884785175323486,0.8863479,0.8863120079040527,1.7448470316594467e-05,0.8862814903259277,11.3652115,11.368799209594727
1105,53.9348464012146,0.88635,0.8863270282745361,9.882892300083768e-06,0.8863192796707153,11.365003,11.367297172546387
1106,53.9855751991272,0.88638777,0.8863344192504883,1.1342036486894358e-05,0.8863207697868347,11.361223,11.366558074951172
1107,54.0348801612854,0.88638777,0.8863454461097717,7.190532869572053e-06,0.8863378763198853,11.361223,11.365455389022827
1108,54.077677726745605,0.8864119,0.8863510489463806,1.2582400813698769e-05,0.8863461017608643,11.358809,11.364895105361938
1109,54.12755560874939,0.88641673,0.8863609433174133,2.101113204844296e-05,0.8863463401794434,11.358327,11.363905668258667
1110,54.17884135246277,0.88644415,0.8863784074783325,2.461136318743229e-05,0.8863478899002075,11.355585,11.362159252166748
1111,54.22919297218323,0.8864473,0.8864028453826904,1.6693240468157455e-05,0.8863785266876221,11.3552685,11.359715461730957
1112,54.278635025024414,0.88644886,0.8864189386367798,1.3207271877035964e-05,0.8864036202430725,11.355114,11.358106136322021
1113,54.329243659973145,0.88644886,0.8864303827285767,1.2689605682680849e-05,0.8864151239395142,11.355114,11.356961727142334
1114,54.37024211883545,0.88644886,0.8864429593086243,4.513201020017732e-06,0.8864325284957886,11.355114,11.355704069137573
1115,54.412378549575806,0.88644886,0.8864466547966003,1.7735625306158909e-06,0.886444091796875,11.355114,11.355334520339966
1116,54.45515966415405,0.88644886,0.8864481449127197,7.604115239701059e-07,0.8864473104476929,11.355114,11.355185508728027
1117,54.49812030792236,0.88644886,0.8864489197731018,7.58217453267207e-08,0.8864486217498779,11.355114,11.35510802268982
1118,54.54019784927368,0.88644886,0.8864489197731018,5.960464477539063e-08,0.886448860168457,11.355114,11.35510802268982
1119,54.58201003074646,0.88644886,0.8864489197731018,5.960464477539063e-08,0.886448860168457,11.355114,11.35510802268982
1120,54.62375855445862,0.88644886,0.8864489197731018,5.960464477539063e-08,0.886448860168457,11.355114,11.35510802268982
1121,54.66565132141113,0.88644886,0.8864489197731018,5.960464477539063e-08,0.886448860168457,11.355114,11.35510802268982
1122,54.70859360694885,0.88644886,0.8864489197731018,5.960464477539063e-08,0.886448860168457,11.355114,11.35510802268982
1123,54.751205921173096,0.88645416,0.8864489197731018,2.9480892749234044e-07,0.886448860168457,11.354584,11.35510802268982
1124,54.80114817619324,0.88649476,0.8864490985870361,2.5713786726555554e-06,0.886448860168457,11.350525,11.355090141296387
1125,54.85322833061218,0.8864974,0.8864495754241943,4.701117632066598e-06,0.886448860168457,11.350262,11.355042457580566
1126,54.9037389755249,0.8864974,0.8864520192146301,1.0187033694819547e-05,0.886448860168457,11.350262,11.354798078536987
1127,54.94473648071289,0.8865117,0.8864579796791077,1.6783957107691094e-05,0.886448860168457,11.348831,11.354202032089233
1128,54.99405789375305,0.8865117,0.8864701986312866,2.1187543097767048e-05,0.886448860168457,11.348831,11.352980136871338
1129,55.035902976989746,0.88654655,0.886489987373352,1.6763315215939656e-05,0.8864631652832031,11.345345,11.351001262664795
1130,55.08447265625,0.88654655,0.8865029811859131,8.769142368691973e-06,0.8864973783493042,11.345345,11.349701881408691
1131,55.12712001800537,0.8865515,0.8865106701850891,1.2245532161614392e-05,0.8864973783493042,11.344851,11.348932981491089
1132,55.1780059337616,0.8865611,0.886520504951477,1.5400228221551515e-05,0.8865116834640503,11.34389,11.347949504852295
1133,55.22565841674805,0.8865611,0.8865317702293396,1.9158525901730172e-05,0.8865116834640503,11.34389,11.34682297706604
1134,55.269198417663574,0.8865671,0.8865518569946289,6.890961685712682e-06,0.8865463733673096,11.343288,11.34481430053711
1135,55.31888151168823,0.8865671,0.8865582346916199,6.006721378071234e-06,0.8865466117858887,11.343288,11.344176530838013
1136,55.361207008361816,0.8865671,0.8865623474121094,2.4771341031737393e-06,0.8865610361099243,11.343288,11.343765258789062
1137,55.40030598640442,0.8865671,0.8865640163421631,2.9475231713149697e-06,0.8865610957145691,11.343288,11.343598365783691
1138,55.443398237228394,0.88656926,0.8865671157836914,1.2370765034575015e-07,0.8865669369697571,11.343074,11.34328842163086
1139,55.49531435966492,0.8865891,0.8865672945976257,1.7883771761262324e-06,0.8865671157836914,11.341089,11.343270540237427
1140,55.548439502716064,0.8865891,0.8865683078765869,4.570396413328126e-06,0.8865671157836914,11.341089,11.343169212341309
1141,55.59077501296997,0.8865891,0.8865706920623779,7.744777576590423e-06,0.8865671157836914,11.341089,11.342930793762207
1142,55.63318085670471,0.8865891,0.8865758776664734,1.0217557246505748e-05,0.8865671157836914,11.341089,11.342412233352661
1143,55.67483711242676,0.8865891,0.8865850567817688,7.173968242568662e-06,0.8865671157836914,11.341089,11.34149432182312
1144,55.71598792076111,0.8865891,0.8865891098976135,0.0,0.8865891098976135,11.341089,11.341089010238647
1145,55.7581844329834,0.8865891,0.8865891098976135,0.0,0.8865891098976135,11.341089,11.341089010238647
1146,55.79986357688904,0.8865891,0.8865891098976135,0.0,0.8865891098976135,11.341089,11.341089010238647
1147,55.84254264831543,0.88665414,0.8865893483161926,3.5745217701332876e-06,0.8865891098976135,11.334586,11.341065168380737
1148,55.89192748069763,0.88665414,0.8865896463394165,5.197296104597626e-06,0.8865891098976135,11.334586,11.34103536605835
1149,55.933608531951904,0.88665414,0.8865903615951538,8.197898750950117e-06,0.8865891098976135,11.334586,11.34096384048462
1150,55.97452354431152,0.88665414,0.8865944743156433,1.6782245438662358e-05,0.8865891098976135,11.334586,11.340552568435669
1151,56.015748023986816,0.88665414,0.8866028785705566,2.5166138584609143e-05,0.8865891098976135,11.334586,11.339712142944336
1152,56.057719707489014,0.88666284,0.8866208791732788,3.019086943822913e-05,0.8865891098976135,11.333715,11.33791208267212
1153,56.10607647895813,0.88669854,0.8866513967514038,1.0395679964858573e-05,0.886610746383667,11.330146,11.33486032485962
1154,56.156085729599,0.88670725,0.8866584300994873,1.1496615115902387e-05,0.8866541385650635,11.329275,11.33415699005127
1155,56.2051317691803,0.88670725,0.8866661190986633,1.7815995306591503e-05,0.8866541385650635,11.329275,11.333388090133667
1156,56.24764037132263,0.88670725,0.8866804838180542,1.9499639165587723e-05,0.8866541385650635,11.329275,11.33195161819458
1157,56.29037380218506,0.88670725,0.8867015242576599,5.0687444854702335e-06,0.8866752982139587,11.329275,11.329847574234009
1158,56.32960081100464,0.88670725,0.8867054581642151,3.476981419225922e-06,0.8866985440254211,11.329275,11.329454183578491
1159,56.37194061279297,0.88672453,0.8867073059082031,9.510630434306222e-07,0.8867071866989136,11.327547,11.329269409179688
1160,56.421945571899414,0.88672453,0.8867074847221375,2.1553837541432586e-06,0.8867072463035583,11.327547,11.329251527786255
1161,56.46284484863281,0.886739,0.8867083191871643,4.373894171294523e-06,0.8867072463035583,11.326098,11.32916808128357
1162,56.511722564697266,0.886982,0.8867116570472717,1.6978088751784526e-05,0.8867072463035583,11.301798,11.328834295272827
1163,56.56191825866699,0.8869938,0.8867186307907104,2.8221047614351846e-05,0.8867072463035583,11.300617,11.328136920928955
1164,56.610721826553345,0.8870528,0.8867359757423401,4.912131043965928e-05,0.8867080211639404,11.294723,11.326402425765991
1165,56.66052055358887,0.88707006,0.8867679238319397,8.612997771706432e-05,0.8867245316505432,11.292994,11.32320761680603
1166,56.710482358932495,0.88714993,0.886827290058136,0.000132202374516055,0.8867390155792236,11.285007,11.317270994186401
1167,56.76107335090637,0.88714993,0.8869292140007019,0.00015661529323551804,0.8867563009262085,11.285007,11.30707859992981
1168,56.80377674102783,0.8871687,0.887082576751709,4.47727543360088e-05,0.8869877457618713,11.28313,11.291742324829102
1169,56.85471773147583,0.8871687,0.8871171474456787,3.613862281781621e-05,0.8870700597763062,11.28313,11.288285255432129
1170,56.897441148757935,0.8871687,0.8871500492095947,6.958503945497796e-06,0.8871381282806396,11.28313,11.284995079040527
1171,56.9390070438385,0.8871697,0.8871550559997559,8.206018719647545e-06,0.8871499300003052,11.283028,11.284494400024414
1172,56.987767457962036,0.8871697,0.8871609568595886,9.014587703859434e-06,0.8871499300003052,11.283028,11.283904314041138
1173,57.02982139587402,0.8871697,0.8871689438819885,3.6977158401896304e-07,0.8871687054634094,11.283028,11.283105611801147
1174,57.07068943977356,0.8871697,0.8871691226959229,4.856456712332147e-07,0.8871687054634094,11.283028,11.283087730407715
1175,57.11279559135437,0.8871708,0.8871694803237915,4.910029929305892e-07,0.8871687054634094,11.282921,11.28305196762085
1176,57.16196966171265,0.8871708,0.8871698379516602,3.579889380489476e-07,0.8871697187423706,11.282921,11.283016204833984
1177,57.20618486404419,0.8871708,0.887170135974884,5.149384492142417e-07,0.8871697187423706,11.282921,11.282986402511597
1178,57.24976682662964,0.8871708,0.8871706128120422,4.3064099486400664e-07,0.8871697187423706,11.282921,11.282938718795776
1179,57.29199767112732,0.8871708,0.8871707916259766,0.0,0.8871707916259766,11.282921,11.282920837402344
1180,57.33391737937927,0.8871708,0.8871707916259766,0.0,0.8871707916259766,11.282921,11.282920837402344
1181,57.375383138656616,0.8871708,0.8871707916259766,0.0,0.8871707916259766,11.282921,11.282920837402344
1182,57.4166157245636,0.8871708,0.8871707916259766,0.0,0.8871707916259766,11.282921,11.282920837402344
1183,57.45884156227112,0.8871708,0.8871707916259766,0.0,0.8871707916259766,11.282921,11.282920837402344
1184,57.50165867805481,0.8871708,0.8871707916259766,0.0,0.8871707916259766,11.282921,11.282920837402344
1185,57.54358267784119,0.8871708,0.8871707916259766,0.0,0.8871707916259766,11.282921,11.282920837402344
1186,57.5859169960022,0.8871708,0.8871707916259766,0.0,0.8871707916259766,11.282921,11.282920837402344
1187,57.628074645996094,0.8871722,0.8871707916259766,7.874706398069975e-08,0.8871707916259766,11.282778,11.282920837402344
1188,57.67793393135071,0.88717455,0.8871708512306213,2.6109202622137673e-07,0.8871707916259766,11.282545,11.282914876937866
1189,57.72779154777527,0.8871755,0.8871709704399109,5.44390388768079e-07,0.8871707916259766,11.28245,11.282902956008911
1190,57.77694296836853,0.8871755,0.8871712684631348,1.0057339068225701e-06,0.8871707916259766,11.28245,11.282873153686523
1191,57.820289611816406,0.8872278,0.8871721029281616,3.3941573747142684e-06,0.8871707916259766,11.277223,11.282789707183838
1192,57.869643211364746,0.8872278,0.8871737122535706,5.380246420827461e-06,0.8871707916259766,11.277223,11.282628774642944
1193,57.911640882492065,0.8872278,0.8871766924858093,9.787440831132699e-06,0.8871731758117676,11.277223,11.282330751419067
1194,57.95858454704285,0.8872325,0.8871830105781555,1.6902107745409012e-05,0.8871747255325317,11.2767515,11.281698942184448
1195,58.0084867477417,0.8872365,0.8871920704841614,2.1880730855627917e-05,0.887177050113678,11.276352,11.280792951583862
1196,58.05790305137634,0.8872365,0.8872084021568298,2.2621694370172918e-05,0.8871778845787048,11.276352,11.279159784317017
1197,58.102173805236816,0.88723725,0.8872286081314087,5.357596364774508e-06,0.8872185945510864,11.276275,11.27713918685913
1198,58.15189266204834,0.88724285,0.8872331976890564,2.5163039936160203e-06,0.8872277736663818,11.275715,11.27668023109436
1199,58.20061421394348,0.8872505,0.8872354030609131,2.442322966089705e-06,0.8872324824333191,11.274952,11.276459693908691
1200,58.24967908859253,0.8872527,0.887237548828125,3.1169124667940196e-06,0.8872364163398743,11.274731,11.2762451171875
1201,58.29956841468811,0.88726133,0.8872396945953369,5.370325652620522e-06,0.887236475944519,11.273867,11.276030540466309
1202,58.3528106212616,0.88727015,0.8872444033622742,6.633967132074758e-06,0.887236475944519,11.2729845,11.275559663772583
1203,58.40369367599487,0.88727015,0.8872508406639099,5.515952580026351e-06,0.88724285364151,11.2729845,11.274915933609009
1204,58.447105884552,0.88727045,0.8872556686401367,6.112735263741342e-06,0.8872504830360413,11.272955,11.274433135986328
1205,58.497774600982666,0.88727045,0.8872615098953247,4.989637545804726e-06,0.887252688407898,11.272955,11.27384901046753
1206,58.53987169265747,0.8872706,0.8872659206390381,4.043244189233519e-06,0.887261152267456,11.272937,11.273407936096191
1207,58.58984327316284,0.8872706,0.887269914150238,1.0240036090181093e-06,0.8872655630111694,11.272937,11.273008584976196
1208,58.631672382354736,0.8872706,0.8872702717781067,1.4296458061835438e-07,0.8872701525688171,11.272937,11.272972822189331
1209,58.67354369163513,0.8872706,0.887270450592041,1.087237180286138e-07,0.8872702717781067,11.272937,11.272954940795898
1210,58.71593880653381,0.8872707,0.887270450592041,1.1467529503761398e-07,0.887270450592041,11.272931,11.272954940795898
1211,58.76517367362976,0.8872707,0.887270450592041,1.6938375324571098e-07,0.887270450592041,11.272931,11.272954940795898
1212,58.80626845359802,0.8872707,0.8872706294059753,2.552118516518931e-08,0.8872706294059753,11.272931,11.272937059402466
1213,58.8483247756958,0.8872707,0.8872706294059753,3.819379301717163e-08,0.8872706294059753,11.272931,11.272937059402466
1214,58.889426708221436,0.8872707,0.8872707486152649,7.233379761828473e-08,0.8872706294059753,11.272931,11.27292513847351
1215,58.93078303337097,0.8872707,0.8872708678245544,1.7881393432617188e-07,0.8872706890106201,11.272931,11.272913217544556
1216,58.97222065925598,0.8874174,0.8872712254524231,8.063135283009615e-06,0.8872706890106201,11.258263,11.27287745475769
1217,59.020705699920654,0.8874174,0.8872725963592529,1.5011328287073411e-05,0.8872706890106201,11.258263,11.272740364074707
1218,59.06332206726074,0.8874174,0.8872756361961365,2.4709890567464754e-05,0.8872706890106201,11.258263,11.272436380386353
1219,59.10478210449219,0.8874291,0.8872882127761841,4.420162076712586e-05,0.8872706890106201,11.257088,11.271178722381592
1220,59.15343642234802,0.8874291,0.8873168230056763,6.0874179325765e-05,0.8872706890106201,11.257088,11.268317699432373
1221,59.19537544250488,0.8874291,0.8873692154884338,5.038967356085777e-05,0.8872706890106201,11.257088,11.263078451156616
1222,59.23643231391907,0.8874304,0.8874151110649109,9.829117516346741e-06,0.8874002695083618,11.256957,11.258488893508911
1223,59.28653526306152,0.8874304,0.887423038482666,5.878236606804421e-06,0.8874173760414124,11.256957,11.257696151733398
1224,59.33065581321716,0.8874423,0.8874290585517883,1.7586309013495338e-06,0.8874173760414124,11.255771,11.257094144821167
1225,59.38074779510498,0.8874423,0.8874295949935913,2.085602545776055e-06,0.8874291181564331,11.255771,11.25704050064087
1226,59.42250967025757,0.8875315,0.8874313831329346,6.957801815588027e-06,0.8874291181564331,11.246848,11.256861686706543
1227,59.472108602523804,0.8875315,0.8874351978302002,1.0751039553724695e-05,0.8874291181564331,11.246848,11.25648021697998
1228,59.51348280906677,0.8875958,0.8874430060386658,1.81769846676616e-05,0.8874305486679077,11.240423,11.255699396133423
1229,59.563260078430176,0.8876216,0.8874555826187134,3.732179175131023e-05,0.8874422907829285,11.237842,11.254441738128662
1230,59.61217474937439,0.8876275,0.8874809741973877,6.336018850561231e-05,0.8874422907829285,11.237251,11.25190258026123
1231,59.6618435382843,0.88768095,0.8875308632850647,7.525174441980198e-05,0.8874422907829285,11.231905,11.24691367149353
1232,59.71275568008423,0.88768095,0.8876028060913086,3.0429060643655248e-05,0.8875328302383423,11.231905,11.23971939086914
1233,59.75623941421509,0.8876878,0.88762366771698,9.699130714579951e-06,0.8876103162765503,11.23122,11.237633228302002
1234,59.80486607551575,0.88770765,0.8876332640647888,1.6818050426081754e-05,0.8876274824142456,11.229235,11.236673593521118
1235,59.85417866706848,0.88770765,0.8876433372497559,2.7607613446889445e-05,0.8876287937164307,11.229235,11.235666275024414
1236,59.89555311203003,0.88772964,0.887664258480072,3.503939660731703e-05,0.8876287937164307,11.2270355,11.233574151992798
1237,59.943026065826416,0.88773096,0.8877019882202148,1.0737301636254415e-05,0.8876809477806091,11.226904,11.229801177978516
1238,59.99399471282959,0.88773096,0.8877102732658386,7.670918421354145e-06,0.8877062797546387,11.226904,11.228972673416138
1239,60.036837339401245,0.887731,0.8877154588699341,1.0161566024180502e-05,0.8877076506614685,11.226898,11.228454113006592
1240,60.08550453186035,0.8877478,0.8877248167991638,9.136570952250622e-06,0.8877076506614685,11.225218,11.227518320083618
1241,60.132848501205444,0.8877493,0.8877319097518921,4.5296328607946634e-06,0.8877296447753906,11.225069,11.226809024810791
1242,60.18262434005737,0.8877493,0.887734591960907,6.99325619279989e-06,0.8877309560775757,11.225069,11.226540803909302
1243,60.22331357002258,0.8877494,0.887739360332489,8.637171958980616e-06,0.8877309560775757,11.225062,11.226063966751099
1244,60.27179408073425,0.8877494,0.8877484202384949,1.4085231896387995e-06,0.8877421021461487,11.225062,11.225157976150513
1245,60.31569170951843,0.8877494,0.8877493143081665,2.0751674156826994e-08,0.8877493143081665,11.225062,11.22506856918335
1246,60.357006311416626,0.8877494,0.8877493143081665,3.264680970005429e-08,0.8877493143081665,11.225062,11.22506856918335
1247,60.399898052215576,0.8877494,0.8877493143081665,4.788648055864542e-08,0.8877493143081665,11.225062,11.22506856918335
1248,60.44298958778381,0.8877494,0.8877493143081665,5.960464477539063e-08,0.8877493739128113,11.225062,11.22506856918335
1249,60.486910820007324,0.8877494,0.8877493143081665,5.960464477539063e-08,0.8877493739128113,11.225062,11.22506856918335
1250,60.529399156570435,0.8877494,0.8877493143081665,5.960464477539063e-08,0.8877493739128113,11.225062,11.22506856918335
1251,60.57174754142761,0.8877494,0.8877493143081665,5.960464477539063e-08,0.8877493739128113,11.225062,11.22506856918335
1252,60.61471891403198,0.8877494,0.8877493143081665,5.960464477539063e-08,0.8877493739128113,11.225062,11.22506856918335
1253,60.656753063201904,0.8877494,0.8877493143081665,5.960464477539063e-08,0.8877493739128113,11.225062,11.22506856918335
1254,60.69668960571289,0.88778317,0.8877493143081665,1.8646305761649273e-06,0.8877493739128113,11.2216835,11.22506856918335
1255,60.747554779052734,0.8879423,0.8877504467964172,1.1353811714798212e-05,0.8877493739128113,11.205769,11.224955320358276
1256,60.797677755355835,0.8879445,0.887754499912262,2.294961996085476e-05,0.8877493739128113,11.205548,11.224550008773804
1257,60.84678339958191,0.8879445,0.8877662420272827,3.922325049643405e-05,0.8877493739128113,11.205548,11.223375797271729
1258,60.89012694358826,0.8879445,0.8877903819084167,5.7510475016897544e-05,0.8877493739128113,11.205548,11.220961809158325
1259,60.93361783027649,0.8879783,0.8878412246704102,6.152975402073935e-05,0.8877814412117004,11.202168,11.215877532958984
1260,60.98722314834595,0.8879783,0.8879004120826721,4.571340105030686e-05,0.8878228068351746,11.202168,11.209958791732788
1261,61.03032112121582,0.8880266,0.8879470229148865,1.753637843648903e-05,0.8879097104072571,11.19734,11.205297708511353
1262,61.07974457740784,0.8880556,0.8879588842391968,1.8303409888176247e-05,0.8879445195198059,11.194438,11.204111576080322
1263,61.13075017929077,0.8880627,0.8879773616790771,2.016449252550956e-05,0.8879462480545044,11.193728,11.202263832092285
1264,61.181222438812256,0.8880645,0.8879908919334412,2.6916144634014927e-05,0.8879783153533936,11.19355,11.200910806655884
1265,61.232301235198975,0.8881092,0.8880082368850708,3.640217983047478e-05,0.8879783153533936,11.189079,11.19917631149292
1266,61.28370118141174,0.8881092,0.8880399465560913,3.0093204259173945e-05,0.8879783153533936,11.189079,11.19600534439087
1267,61.3282413482666,0.8881092,0.8880628347396851,9.149333891400602e-06,0.8880556225776672,11.189079,11.193716526031494
1268,61.37283635139465,0.8881176,0.8880700469017029,1.34136662381934e-05,0.8880627155303955,11.188239,11.192995309829712
1269,61.42408108711243,0.88812476,0.8880807757377625,1.7905229469761252e-05,0.8880645036697388,11.187524,11.191922426223755
1270,61.47665452957153,0.8881302,0.8880979418754578,1.3375300113693811e-05,0.8880736231803894,11.186981,11.190205812454224
1271,61.530102491378784,0.888132,0.8881111145019531,7.408974852296524e-06,0.8880971074104309,11.186802,11.188888549804688
1272,61.58287572860718,0.888132,0.8881170153617859,7.886080311436672e-06,0.8881092071533203,11.186802,11.188298463821411
1273,61.6271767616272,0.888132,0.8881245255470276,6.626720733038383e-06,0.8881121277809143,11.186802,11.187547445297241
1274,61.670689821243286,0.888132,0.8881304264068604,1.5194774505289388e-06,0.8881272673606873,11.186802,11.186957359313965
1275,61.71461606025696,0.888132,0.8881317973136902,6.417100735234271e-07,0.8881301879882812,11.186802,11.186820268630981
1276,61.75844383239746,0.888132,0.8881319761276245,0.0,0.8881319761276245,11.186802,11.186802387237549
1277,61.80164694786072,0.888132,0.8881319761276245,0.0,0.8881319761276245,11.186802,11.186802387237549
1278,61.84522795677185,0.888132,0.8881319761276245,0.0,0.8881319761276245,11.186802,11.186802387237549
1279,61.88942289352417,0.888132,0.8881319761276245,0.0,0.8881319761276245,11.186802,11.186802387237549
1280,61.9324905872345,0.888132,0.8881319761276245,0.0,0.8881319761276245,11.186802,11.186802387237549
1281,61.97592353820801,0.888132,0.8881319761276245,0.0,0.8881319761276245,11.186802,11.186802387237549
1282,62.02013039588928,0.888132,0.8881319761276245,0.0,0.8881319761276245,11.186802,11.186802387237549
1283,62.06241726875305,0.888132,0.8881319761276245,0.0,0.8881319761276245,11.186802,11.186802387237549
1284,62.10555982589722,0.888132,0.8881319761276245,0.0,0.8881319761276245,11.186802,11.186802387237549
1285,62.149744510650635,0.888132,0.8881319761276245,0.0,0.8881319761276245,11.186802,11.186802387237549
1286,62.19432520866394,0.888132,0.8881319761276245,0.0,0.8881319761276245,11.186802,11.186802387237549
1287,62.23676586151123,0.888132,0.8881319761276245,0.0,0.8881319761276245,11.186802,11.186802387237549
1288,62.280380725860596,0.888132,0.8881319761276245,0.0,0.8881319761276245,11.186802,11.186802387237549
1289,62.32308053970337,0.88814265,0.8881319761276245,5.873218356100551e-07,0.8881319761276245,11.185736,11.186802387237549
1290,62.37533187866211,0.88814265,0.8881320953369141,1.0128804888154264e-06,0.8881319761276245,11.185736,11.186790466308594
1291,62.41981291770935,0.8881781,0.8881323337554932,3.059814844164066e-06,0.8881319761276245,11.182189,11.186766624450684
1292,62.47208833694458,0.88817817,0.8881337642669678,6.746209692209959e-06,0.8881319761276245,11.182183,11.186623573303223
1293,62.53351378440857,0.88817835,0.8881386518478394,1.4407967682927847e-05,0.8881319761276245,11.182165,11.186134815216064
1294,62.58631896972656,0.8882247,0.8881483674049377,2.0109877368668094e-05,0.8881319761276245,11.177528,11.185163259506226
1295,62.636435747146606,0.8882247,0.8881658315658569,1.7905655113281682e-05,0.8881426453590393,11.177528,11.183416843414307
1296,62.68021368980408,0.88823456,0.8881798982620239,8.472633453493472e-06,0.8881781101226807,11.176544,11.182010173797607
1297,62.73275279998779,0.8882349,0.888184130191803,1.5382935089292005e-05,0.8881781697273254,11.176509,11.181586980819702
1298,62.78421425819397,0.8882446,0.8881930112838745,2.2612550310441293e-05,0.8881783485412598,11.175537,11.180698871612549
1299,62.84162926673889,0.88829,0.8882126212120056,2.4269427740364335e-05,0.8881783485412598,11.171001,11.178737878799438
1300,62.90880298614502,0.88829,0.8882330060005188,8.138478733599186e-06,0.8882245421409607,11.171001,11.17669939994812
1301,62.95260238647461,0.8883475,0.888240396976471,1.6314170352416113e-05,0.8882339596748352,11.165249,11.175960302352905
1302,63.00449347496033,0.888356,0.8882523775100708,3.061423922190443e-05,0.8882349729537964,11.164403,11.17476224899292
1303,63.05728101730347,0.8883612,0.888275682926178,4.304871617932804e-05,0.8882389664649963,11.163878,11.172431707382202
1304,63.10886335372925,0.8883718,0.888315737247467,3.600792842917144e-05,0.8882461786270142,11.162817,11.168426275253296
1305,63.15942859649658,0.8883718,0.8883507251739502,6.469907475548098e-06,0.888336181640625,11.162817,11.16492748260498
1306,63.2030189037323,0.8883718,0.8883563280105591,5.4036008805269375e-06,0.8883496522903442,11.162817,11.164367198944092
1307,63.24580526351929,0.8883718,0.8883615136146545,4.521294613368809e-06,0.8883562088012695,11.162817,11.163848638534546
1308,63.29067611694336,0.88837546,0.8883653283119202,4.313260888011428e-06,0.8883609175682068,11.162454,11.163467168807983
1309,63.34247422218323,0.8883758,0.8883696794509888,2.717687948461389e-06,0.8883651494979858,11.162418,11.163032054901123
1310,63.39142060279846,0.88852507,0.8883727192878723,8.49846674100263e-06,0.8883712887763977,11.147493,11.162728071212769
1311,63.443119049072266,0.8885318,0.8883750438690186,1.6745190805522725e-05,0.8883718252182007,11.14682,11.162495613098145
1312,63.49503445625305,0.8885318,0.8883809447288513,2.884010609705001e-05,0.8883718252182007,11.14682,11.161905527114868
1313,63.540186405181885,0.88853586,0.8883968591690063,5.046998558100313e-05,0.888375461101532,11.146414,11.160314083099365
1314,63.59291863441467,0.8885362,0.888427734375,6.781597039662302e-05,0.8883758187294006,11.1463785,11.1572265625
1315,63.64231634140015,0.8885417,0.8884811997413635,6.06099383730907e-05,0.8883802890777588,11.14583,11.151880025863647
1316,63.69269561767578,0.8885422,0.8885313272476196,4.301551598473452e-06,0.8885241150856018,11.145782,11.146867275238037
1317,63.74429988861084,0.8885422,0.8885350823402405,3.1715098884887993e-06,0.8885318040847778,11.145782,11.146491765975952
1318,63.78748846054077,0.8885462,0.8885381817817688,2.404175575065892e-06,0.8885358572006226,11.145377,11.14618182182312
1319,63.838555574417114,0.8885462,0.8885404467582703,2.3349343791778665e-06,0.8885376453399658,11.145377,11.145955324172974
1320,63.88486862182617,0.8885462,0.8885427713394165,1.6320683471349184e-06,0.8885416984558105,11.145377,11.14572286605835
1321,63.92998814582825,0.8885462,0.8885440826416016,1.9812414393527433e-06,0.8885421752929688,11.145377,11.145591735839844
1322,63.973915100097656,0.8885639,0.8885459899902344,1.2949193433087203e-06,0.8885424137115479,11.143613,11.145401000976562
1323,64.02629518508911,0.8885639,0.8885462880134583,1.6259866697510006e-06,0.8885462284088135,11.143613,11.145371198654175
1324,64.07072401046753,0.88858557,0.8885471224784851,3.993238806287991e-06,0.8885462284088135,11.141443,11.14528775215149
1325,64.12428092956543,0.88858557,0.888549268245697,7.372884738288121e-06,0.8885462284088135,11.141443,11.145073175430298
1326,64.17519736289978,0.8885896,0.8885548710823059,1.2455737305572256e-05,0.8885462284088135,11.141038,11.14451289176941
1327,64.22817802429199,0.88860273,0.8885660171508789,1.4502807061944623e-05,0.8885464072227478,11.139727,11.14339828491211
1328,64.28044366836548,0.88860273,0.8885811567306519,9.935292837326415e-06,0.8885677456855774,11.139727,11.141884326934814
1329,64.32635235786438,0.88860315,0.8885905742645264,5.97504231336643e-06,0.8885841369628906,11.139685,11.140942573547363
1330,64.37923336029053,0.88860315,0.888595700263977,5.723477443098091e-06,0.88858962059021,11.139685,11.140429973602295
1331,64.42476320266724,0.88860315,0.8886014819145203,2.1006994757044595e-06,0.8885974884033203,11.139685,11.139851808547974
1332,64.46818971633911,0.88860315,0.8886029124259949,2.1585731246887008e-07,0.8886027336120605,11.139685,11.139708757400513
1333,64.51285910606384,0.88860315,0.8886030912399292,5.960464477539063e-08,0.888603150844574,11.139685,11.13969087600708
1334,64.55694794654846,0.88860315,0.8886030912399292,5.960464477539063e-08,0.888603150844574,11.139685,11.13969087600708
1335,64.59987711906433,0.88860315,0.8886030912399292,5.960464477539063e-08,0.888603150844574,11.139685,11.13969087600708
1336,64.6442277431488,0.88860315,0.8886030912399292,5.960464477539063e-08,0.888603150844574,11.139685,11.13969087600708
1337,64.6884036064148,0.88860315,0.8886030912399292,5.960464477539063e-08,0.888603150844574,11.139685,11.13969087600708
1338,64.73127865791321,0.88860315,0.8886030912399292,5.960464477539063e-08,0.888603150844574,11.139685,11.13969087600708
1339,64.7740113735199,0.88860315,0.8886030912399292,5.960464477539063e-08,0.888603150844574,11.139685,11.13969087600708
1340,64.81873416900635,0.88860315,0.8886030912399292,5.960464477539063e-08,0.888603150844574,11.139685,11.13969087600708
1341,64.8641939163208,0.88860315,0.8886030912399292,5.960464477539063e-08,0.888603150844574,11.139685,11.13969087600708
1342,64.9089207649231,0.88860315,0.8886030912399292,5.960464477539063e-08,0.888603150844574,11.139685,11.13969087600708
1343,64.95174956321716,0.88860315,0.8886030912399292,5.960464477539063e-08,0.888603150844574,11.139685,11.13969087600708
1344,64.99499344825745,0.8886134,0.888603150844574,5.643539680022513e-07,0.888603150844574,11.1386595,11.139684915542603
1345,65.04304718971252,0.88862264,0.8886034488677979,1.9380775029276265e-06,0.888603150844574,11.137735,11.139655113220215
1346,65.09303331375122,0.88862514,0.8886042833328247,4.084636202605907e-06,0.888603150844574,11.1374855,11.13957166671753
1347,65.14433026313782,0.88862514,0.8886064887046814,6.793214652134338e-06,0.888603150844574,11.1374855,11.13935112953186
1348,65.18742418289185,0.88862514,0.8886119723320007,9.129365025728475e-06,0.888603150844574,11.1374855,11.138802766799927
1349,65.23239707946777,0.88862514,0.8886216878890991,3.846100298687816e-06,0.8886134028434753,11.1374855,11.137831211090088
1350,65.27697467803955,0.88862514,0.8886247277259827,7.594942417199491e-07,0.8886234164237976,11.1374855,11.137527227401733
1351,65.32243037223816,0.88863254,0.8886251449584961,4.0685984004085185e-07,0.8886251449584961,11.136746,11.13748550415039
1352,65.37210655212402,0.8886466,0.88862544298172,1.7630162574278074e-06,0.8886251449584961,11.13534,11.137455701828003
1353,65.4242296218872,0.8886466,0.888626217842102,3.5660259527503513e-06,0.8886251449584961,11.13534,11.137378215789795
1354,65.46600675582886,0.8886466,0.8886280655860901,5.876418072148226e-06,0.8886251449584961,11.13534,11.137193441390991
1355,65.50898146629333,0.8887118,0.8886330127716064,1.2487165804486722e-05,0.8886251449584961,11.1288185,11.136698722839355
1356,65.55934762954712,0.8887286,0.8886467218399048,2.337472869839985e-05,0.8886325359344482,11.127138,11.135327816009521
1357,65.61474251747131,0.8887373,0.8886665105819702,3.2728650694480166e-05,0.8886423110961914,11.126268,11.133348941802979
1358,65.66374111175537,0.8887373,0.8886951804161072,3.286986247985624e-05,0.8886466026306152,11.126268,11.130481958389282
1359,65.70628952980042,0.8887373,0.8887231349945068,9.05572233023122e-06,0.8887113928794861,11.126268,11.127686500549316
1360,65.7486400604248,0.8887374,0.8887312412261963,4.569279099086998e-06,0.8887202143669128,11.126262,11.126875877380371
1361,65.7982771396637,0.8887374,0.888734757900238,3.701512696352438e-06,0.8887286186218262,11.126262,11.126524209976196
1362,65.83947372436523,0.8887374,0.888737142086029,1.757012455527729e-07,0.8887369632720947,11.126262,11.126285791397095
1363,65.8808901309967,0.8887374,0.8887373208999634,3.321888542018314e-08,0.8887373208999634,11.126262,11.126267910003662
1364,65.92289233207703,0.8887374,0.8887373208999634,4.9380698641243725e-08,0.8887373208999634,11.126262,11.126267910003662
1365,65.96376061439514,0.8887374,0.8887373208999634,5.960464477539063e-08,0.8887373805046082,11.126262,11.126267910003662
1366,66.00523972511292,0.8887374,0.8887373208999634,5.960464477539063e-08,0.8887373805046082,11.126262,11.126267910003662
1367,66.04792475700378,0.8887374,0.8887373208999634,5.960464477539063e-08,0.8887373805046082,11.126262,11.126267910003662
1368,66.09064841270447,0.8887374,0.8887373208999634,5.960464477539063e-08,0.8887373805046082,11.126262,11.126267910003662
1369,66.13264441490173,0.8887374,0.8887373208999634,5.960464477539063e-08,0.8887373805046082,11.126262,11.126267910003662
1370,66.17357540130615,0.8887374,0.8887373208999634,5.960464477539063e-08,0.8887373805046082,11.126262,11.126267910003662
1371,66.21525955200195,0.8887374,0.8887373208999634,5.960464477539063e-08,0.8887373805046082,11.126262,11.126267910003662
1372,66.25901865959167,0.8887374,0.8887373208999634,5.960464477539063e-08,0.8887373805046082,11.126262,11.126267910003662
1373,66.30127263069153,0.8887374,0.8887373208999634,5.960464477539063e-08,0.8887373805046082,11.126262,11.126267910003662
1374,66.344064950943,0.8887374,0.8887373208999634,5.960464477539063e-08,0.8887373805046082,11.126262,11.126267910003662
1375,66.38446569442749,0.8887374,0.8887373208999634,5.960464477539063e-08,0.8887373805046082,11.126262,11.126267910003662
1376,66.42560005187988,0.8887374,0.8887373208999634,5.960464477539063e-08,0.8887373805046082,11.126262,11.126267910003662
1377,66.4660964012146,0.8887374,0.8887373208999634,5.960464477539063e-08,0.8887373805046082,11.126262,11.126267910003662
1378,66.50878977775574,0.8887374,0.8887373208999634,5.960464477539063e-08,0.8887373805046082,11.126262,11.126267910003662
1379,66.5515079498291,0.8887374,0.8887373208999634,5.960464477539063e-08,0.8887373805046082,11.126262,11.126267910003662
1380,66.59373807907104,0.8887374,0.8887373208999634,5.960464477539063e-08,0.8887373805046082,11.126262,11.126267910003662
1381,66.6347827911377,0.8887385,0.8887373208999634,8.859044697828722e-08,0.8887373805046082,11.126148,11.126267910003662
1382,66.6826343536377,0.8887385,0.8887373208999634,1.1019901080544514e-07,0.8887373805046082,11.126148,11.126267910003662
1383,66.72602701187134,0.88874173,0.8887373208999634,2.971006267671328e-07,0.8887373805046082,11.125827,11.126267910003662
1384,66.77551007270813,0.88874173,0.8887375593185425,8.150879011736833e-07,0.8887373805046082,11.125827,11.126244068145752
1385,66.81629419326782,0.88874173,0.8887380957603455,1.552731077936187e-06,0.8887373805046082,11.125827,11.126190423965454
1386,66.8591845035553,0.88874173,0.8887392282485962,2.0245543055352755e-06,0.8887373805046082,11.125827,11.12607717514038
1387,66.90188002586365,0.88874173,0.8887410759925842,1.261976535715803e-06,0.8887385129928589,11.125827,11.125892400741577
1388,66.94370794296265,0.8888372,0.8887418508529663,5.251153652352514e-06,0.8887417316436768,11.116278,11.12581491470337
1389,66.99380779266357,0.8888372,0.8887426853179932,1.04133405329776e-05,0.8887417316436768,11.116278,11.125731468200684
1390,67.0368332862854,0.8888394,0.8887462019920349,2.0516017684713006e-05,0.8887417316436768,11.116057,11.125379800796509
1391,67.08760237693787,0.88885367,0.8887556791305542,3.398349872441031e-05,0.8887417316436768,11.114634,11.12443208694458
1392,67.13660740852356,0.88885367,0.8887779712677002,4.7285560867749155e-05,0.8887417316436768,11.114634,11.12220287322998
1393,67.17973446846008,0.88885367,0.8888174295425415,4.195569272269495e-05,0.8887417316436768,11.114634,11.11825704574585
1394,67.22118854522705,0.8888537,0.8888446092605591,6.43808789391187e-06,0.8888394236564636,11.114627,11.115539073944092
1395,67.27143573760986,0.8888537,0.888850748538971,4.658541456592502e-06,0.8888404965400696,11.114627,11.114925146102905
1396,67.31335854530334,0.8888537,0.8888533115386963,5.521563934962614e-07,0.8888522386550903,11.114627,11.114668846130371
1397,67.35478043556213,0.8888537,0.8888536691665649,5.336247710374664e-08,0.8888536691665649,11.114627,11.114633083343506
1398,67.39735174179077,0.8888537,0.8888536691665649,5.960464477539063e-08,0.8888537287712097,11.114627,11.114633083343506
1399,67.43953657150269,0.8889177,0.8888540267944336,4.121336587559199e-06,0.8888537287712097,11.108232,11.11459732055664
1400,67.48706126213074,0.8889177,0.8888546824455261,7.083112905093003e-06,0.8888537287712097,11.108232,11.114531755447388
1401,67.53026080131531,0.888951,0.8888579607009888,1.4219325748854317e-05,0.8888537287712097,11.104899,11.114203929901123
1402,67.58135175704956,0.88896775,0.8888673782348633,2.604320616228506e-05,0.8888537287712097,11.103225,11.113262176513672
1403,67.63179135322571,0.8890044,0.888885498046875,3.505619679344818e-05,0.8888537287712097,11.099559,11.1114501953125
1404,67.68182754516602,0.8890044,0.8889210224151611,3.0370882086572237e-05,0.8888669013977051,11.099559,11.107897758483887
1405,67.72290205955505,0.88900506,0.8889527320861816,2.19049870793242e-05,0.8889176845550537,11.099493,11.104726791381836
1406,67.77641224861145,0.88900506,0.8889723420143127,1.827351843530778e-05,0.8889510035514832,11.099493,11.102765798568726
1407,67.82092332839966,0.8890176,0.8889874815940857,1.5420173440361395e-05,0.8889676332473755,11.098242,11.10125184059143
1408,67.87034392356873,0.8890176,0.8890029191970825,6.22635116087622e-06,0.8889877796173096,11.098242,11.099708080291748
1409,67.91315078735352,0.8890181,0.8890064358711243,4.42447344539687e-06,0.8890044093132019,11.098188,11.099356412887573
1410,67.96288537979126,0.8890183,0.8890092372894287,6.062189640942961e-06,0.8890045881271362,11.09817,11.099076271057129
1411,68.0126588344574,0.8890183,0.8890142440795898,5.6674634834052995e-06,0.8890050649642944,11.09817,11.098575592041016
1412,68.0545220375061,0.8890183,0.8890179395675659,2.8908391414006473e-07,0.8890175819396973,11.09817,11.098206043243408
1413,68.09702324867249,0.8890183,0.8890181183815002,1.2470444232803857e-07,0.8890181183815002,11.09817,11.098188161849976
1414,68.13976097106934,0.8890637,0.889018177986145,2.509605792511138e-06,0.8890182971954346,11.093628,11.098182201385498
1415,68.19067215919495,0.88906384,0.8890188336372375,5.2742134357686155e-06,0.8890182971954346,11.0936165,11.098116636276245
1416,68.24351096153259,0.88906443,0.8890208005905151,1.009951938613085e-05,0.8890182971954346,11.093557,11.097919940948486
1417,68.29168510437012,0.88906443,0.8890261650085449,1.5991967302397825e-05,0.8890182971954346,11.093557,11.097383499145508
1418,68.33468723297119,0.88906443,0.8890367150306702,1.985376911761705e-05,0.8890182971954346,11.093557,11.096328496932983
1419,68.37749195098877,0.8890654,0.8890541791915894,1.1198517313459888e-05,0.8890411257743835,11.093462,11.094582080841064
1420,68.42821764945984,0.88908124,0.8890642523765564,9.863132390819374e-07,0.8890637159347534,11.091876,11.09357476234436
1421,68.48002219200134,0.88918775,0.8890652656555176,7.271297363331541e-06,0.8890644311904907,11.081224,11.093473434448242
1422,68.53167653083801,0.8892647,0.8890687227249146,1.8161597836297005e-05,0.8890644311904907,11.07353,11.093127727508545
1423,68.58048868179321,0.8892902,0.8890788555145264,3.850481516565196e-05,0.8890644311904907,11.070978,11.092114448547363
1424,68.63147592544556,0.8892952,0.8891057968139648,6.613357254536822e-05,0.8890644311904907,11.070478,11.089420318603516
1425,68.68126106262207,0.8892952,0.8891547918319702,8.41745495563373e-05,0.8890818357467651,11.070478,11.084520816802979
1426,68.72418093681335,0.8892952,0.88923579454422,5.7871882745530456e-05,0.8890889883041382,11.070478,11.076420545578003
1427,68.76766538619995,0.8893251,0.8892796635627747,1.1464867384347599e-05,0.889264702796936,11.067492,11.072033643722534
1428,68.81609463691711,0.8893251,0.8892911076545715,6.621926331717987e-06,0.8892821669578552,11.067492,11.070889234542847
1429,68.85839295387268,0.8893301,0.8892971873283386,9.122892151935957e-06,0.8892902135848999,11.066991,11.070281267166138
1430,68.90783095359802,0.8893301,0.8893043994903564,1.2052538295392878e-05,0.889295220375061,11.066991,11.069560050964355
1431,68.95153069496155,0.88933444,0.8893147110939026,1.2398645594657864e-05,0.8892980813980103,11.066556,11.068528890609741
1432,69.00096487998962,0.88933724,0.8893275260925293,3.990174263890367e-06,0.8893170356750488,11.066276,11.06724739074707
1433,69.05405259132385,0.88933724,0.889331042766571,2.787060566333821e-06,0.8893272280693054,11.066276,11.066895723342896
1434,69.09661388397217,0.88933724,0.8893332481384277,2.9964198802190367e-06,0.8893300890922546,11.066276,11.066675186157227
1435,69.14000487327576,0.88933724,0.889336347579956,1.3056085208518198e-06,0.8893344402313232,11.066276,11.066365242004395
1436,69.18249344825745,0.8893394,0.8893372416496277,1.1812059597104962e-07,0.8893372416496277,11.066061,11.066275835037231
1437,69.23374700546265,0.8893422,0.8893372416496277,4.361061769486696e-07,0.8893372416496277,11.065781,11.066275835037231
1438,69.2837266921997,0.8893476,0.889337420463562,1.0066701179312076e-06,0.8893372416496277,11.065239,11.066257953643799
1439,69.33420085906982,0.8893527,0.8893380165100098,1.913339247039403e-06,0.8893372416496277,11.064732,11.066198348999023
1440,69.39804744720459,0.8893527,0.8893392086029053,3.0179633085936075e-06,0.8893372416496277,11.064732,11.066079139709473
1441,69.44035220146179,0.8893527,0.8893418908119202,3.434367499721702e-06,0.8893372416496277,11.064732,11.065810918807983
1442,69.48351526260376,0.8893527,0.8893447518348694,3.816232037934242e-06,0.889342188835144,11.064732,11.065524816513062
1443,69.52784490585327,0.8893527,0.8893480896949768,4.100488240510458e-06,0.889342188835144,11.064732,11.06519103050232
1444,69.57074427604675,0.889361,0.8893516063690186,2.156090431526536e-06,0.8893476724624634,11.063898,11.064839363098145
1445,69.62032771110535,0.889361,0.8893526792526245,6.7601581577037e-07,0.8893526792526245,11.063898,11.064732074737549
1446,69.66325497627258,0.8893615,0.8893529772758484,1.32816990117135e-06,0.8893526792526245,11.06385,11.064702272415161
1447,69.71172499656677,0.8893615,0.8893536925315857,2.407166221018997e-06,0.8893526792526245,11.06385,11.06463074684143
1448,69.75565338134766,0.88936263,0.8893550038337708,3.3531239296280546e-06,0.8893526792526245,11.063737,11.064499616622925
1449,69.80473327636719,0.88936263,0.8893575072288513,3.810791440628236e-06,0.8893538117408752,11.063737,11.064249277114868
1450,69.84765458106995,0.88936263,0.889361560344696,5.546561965275032e-07,0.8893610239028931,11.063737,11.063843965530396
1451,69.89069771766663,0.88936263,0.8893619179725647,5.305695935930999e-07,0.8893615007400513,11.063737,11.06380820274353
1452,69.9333348274231,0.88936263,0.8893623948097229,3.9334548773695133e-07,0.8893615007400513,11.063737,11.06376051902771
1453,69.97576785087585,0.88944423,0.8893628716468811,4.485061708692228e-06,0.889362633228302,11.055576,11.06371283531189
1454,70.02508115768433,0.88944423,0.8893630504608154,6.333647434075829e-06,0.889362633228302,11.055576,11.063694953918457
1455,70.06921887397766,0.88944465,0.8893643617630005,1.1766241186705884e-05,0.889362633228302,11.055535,11.063563823699951
1456,70.1187424659729,0.8894706,0.8893697261810303,2.333208431082312e-05,0.889362633228302,11.052942,11.063027381896973
1457,70.16698813438416,0.8894706,0.8893833756446838,3.7349240301409736e-05,0.889362633228302,11.052942,11.061662435531616
1458,70.20970511436462,0.889471,0.8894107937812805,4.605514550348744e-05,0.889362633228302,11.0529,11.058920621871948
1459,70.26039600372314,0.889471,0.8894564509391785,1.0455446499690879e-05,0.8894418478012085,11.0529,11.054354906082153
1460,70.30403017997742,0.889471,0.8894654512405396,5.866221272299299e-06,0.8894562721252441,11.0529,11.053454875946045
1461,70.34456491470337,0.889471,0.8894703388214111,1.0589836847429979e-06,0.8894681930541992,11.0529,11.052966117858887
1462,70.38668704032898,0.889471,0.8894709944725037,3.631543066262566e-08,0.8894705772399902,11.0529,11.052900552749634
1463,70.42709732055664,0.889471,0.8894709944725037,0.0,0.8894709944725037,11.0529,11.052900552749634
1464,70.46913003921509,0.889471,0.8894709944725037,0.0,0.8894709944725037,11.0529,11.052900552749634
1465,70.51176857948303,0.8895079,0.8894710540771484,2.028610197157832e-06,0.8894709944725037,11.0492115,11.052894592285156
1466,70.56082153320312,0.8895079,0.8894714117050171,4.008154974144418e-06,0.8894709944725037,11.0492115,11.052858829498291
1467,70.60351300239563,0.8895079,0.8894725441932678,7.355936304520583e-06,0.8894709944725037,11.0492115,11.052745580673218
1468,70.64728927612305,0.8895079,0.8894764184951782,1.2848688129452057e-05,0.8894709944725037,11.0492115,11.052358150482178
1469,70.68900609016418,0.8895079,0.8894834518432617,1.7139289411716163e-05,0.8894709944725037,11.0492115,11.051654815673828
1470,70.73071956634521,0.8895204,0.8894973397254944,1.6046791643020697e-05,0.8894714117050171,11.047959,11.050266027450562
1471,70.78032851219177,0.88952094,0.889508068561554,2.140736569344881e-06,0.8895073533058167,11.047906,11.049193143844604
1472,70.8290503025055,0.88952094,0.889509379863739,4.132263256906299e-06,0.8895078897476196,11.047906,11.049062013626099
1473,70.87115144729614,0.88952094,0.8895115852355957,5.810501988889882e-06,0.8895078897476196,11.047906,11.04884147644043
1474,70.91358947753906,0.88952094,0.8895159959793091,6.223328455234878e-06,0.8895078897476196,11.047906,11.048400402069092
1475,70.9561231136322,0.88952094,0.8895208835601807,5.960464477539063e-08,0.8895209431648254,11.047906,11.047911643981934
1476,70.99953627586365,0.88957584,0.8895210027694702,3.0192240956239402e-06,0.8895209431648254,11.042416,11.047899723052979
1477,71.04971027374268,0.8895963,0.8895223736763,9.671227417129558e-06,0.8895209431648254,11.040372,11.047762632369995
1478,71.09948420524597,0.88961923,0.8895272016525269,1.9885244910256006e-05,0.8895209431648254,11.038076,11.047279834747314
1479,71.1485857963562,0.88966715,0.8895379304885864,3.13183045363985e-05,0.8895209431648254,11.033285,11.046206951141357
1480,71.19735646247864,0.88974535,0.8895633816719055,4.383846317068674e-05,0.8895209431648254,11.025465,11.043661832809448
1481,71.24838519096375,0.8897482,0.8896065354347229,3.005492726515513e-05,0.8895758390426636,11.025179,11.03934645652771
1482,71.29883480072021,0.8897482,0.8896315097808838,4.872013960266486e-05,0.8895962834358215,11.025179,11.036849021911621
1483,71.34077310562134,0.8897482,0.8896787762641907,4.844199065701105e-05,0.8895962834358215,11.025179,11.032122373580933
1484,71.38426733016968,0.8897924,0.8897223472595215,3.2299529266310856e-05,0.8896704912185669,11.0207615,11.027765274047852
1485,71.43371033668518,0.8897939,0.8897486925125122,7.5718280641012825e-06,0.8897453546524048,11.020613,11.02513074874878
1486,71.48498678207397,0.889796,0.8897529244422913,1.351972150587244e-05,0.889748215675354,11.020398,11.024707555770874
1487,71.53602910041809,0.88979983,0.8897601366043091,1.9653321942314506e-05,0.889748215675354,11.020017,11.023986339569092
1488,71.58642888069153,0.88979983,0.8897740244865417,2.2251164409681223e-05,0.889748215675354,11.020017,11.022597551345825
1489,71.62858247756958,0.8898017,0.8897943496704102,2.3524862626800314e-06,0.8897902369499207,11.019832,11.020565032958984
1490,71.67853140830994,0.889805,0.8897966146469116,2.3670306745771086e-06,0.889793872833252,11.019498,11.020338535308838
1491,71.7276554107666,0.88981056,0.8897988200187683,2.264593831569073e-06,0.8897960186004639,11.018944,11.020117998123169
1492,71.7769284248352,0.88981056,0.8898009061813354,1.7003302446028101e-06,0.8897998332977295,11.018944,11.019909381866455
1493,71.82053661346436,0.8898163,0.889802873134613,3.452208602539031e-06,0.8897998332977295,11.018372,11.019712686538696
1494,71.86982202529907,0.8898163,0.889805257320404,5.228446298133349e-06,0.8898016810417175,11.018372,11.019474267959595
1495,71.9112982749939,0.8898163,0.889809787273407,5.466285074362531e-06,0.8898016810417175,11.018372,11.019021272659302
1496,71.95234560966492,0.8898163,0.8898146152496338,2.2999581688054604e-06,0.8898105621337891,11.018372,11.018538475036621
1497,71.99579191207886,0.8898259,0.8898162841796875,5.282615802570945e-07,0.8898162841796875,11.017412,11.01837158203125
1498,72.04600715637207,0.8898368,0.8898164629936218,1.752945308908238e-06,0.8898162841796875,11.016321,11.018353700637817
1499,72.09647512435913,0.8898408,0.8898169994354248,3.5726359328691615e-06,0.8898162841796875,11.015922,11.01830005645752
1500,72.1471266746521,0.8898408,0.8898191452026367,7.029685093584703e-06,0.8898162841796875,11.015922,11.018085479736328
1501,72.19698786735535,0.88985157,0.8898233771324158,1.006334787234664e-05,0.8898162841796875,11.014843,11.017662286758423
1502,72.24698829650879,0.88987476,0.8898314237594604,1.0671345989976544e-05,0.8898162841796875,11.012525,11.016857624053955
1503,72.29638600349426,0.88987905,0.8898415565490723,5.653831522067776e-06,0.8898367881774902,11.012095,11.015844345092773
1504,72.34542322158813,0.88988316,0.8898452520370483,1.0889122677326668e-05,0.8898407816886902,11.011684,11.015474796295166
1505,72.39687538146973,0.8898834,0.8898518085479736,1.543937651149463e-05,0.8898407816886902,11.01166,11.014819145202637
1506,72.44657635688782,0.8898836,0.8898657560348511,1.4612382983614225e-05,0.8898407816886902,11.011642,11.013424396514893
1507,72.49694681167603,0.8898845,0.88987797498703,2.450982719892636e-06,0.8898749947547913,11.011553,11.012202501296997
1508,72.54985094070435,0.8898876,0.8898798227310181,2.822964688675711e-06,0.8898766040802002,11.011243,11.012017726898193
1509,72.59967565536499,0.88989985,0.8898825645446777,2.165765408790321e-06,0.889879047870636,11.0100155,11.011743545532227
1510,72.64836883544922,0.88989997,0.8898842334747314,2.633669737406308e-06,0.8898833990097046,11.010003,11.011576652526855
1511,72.69834041595459,0.8899164,0.8898860812187195,5.705212061002385e-06,0.8898835778236389,11.008358,11.011391878128052
1512,72.74864196777344,0.8899164,0.8898897767066956,8.489783795084804e-06,0.8898835778236389,11.008358,11.011022329330444
1513,72.79040169715881,0.88993627,0.889896810054779,1.0507003935344983e-05,0.8898844718933105,11.006373,11.010318994522095
1514,72.8436758518219,0.8899372,0.889906644821167,8.81571486388566e-06,0.8898998498916626,11.006278,11.0093355178833
1515,72.90518879890442,0.8899478,0.8899149298667908,1.1413696483941749e-05,0.8899043798446655,11.005222,11.008507013320923
1516,72.95515298843384,0.8899478,0.8899262547492981,9.228493581758812e-06,0.8899154663085938,11.005222,11.00737452507019
1517,72.99711298942566,0.88997126,0.889935314655304,3.4425268040649826e-06,0.8899317979812622,11.002874,11.006468534469604
1518,73.04724645614624,0.88997126,0.889938235282898,5.103670446260367e-06,0.8899362683296204,11.002874,11.006176471710205
1519,73.09218454360962,0.89000463,0.8899425268173218,1.2366825103526935e-05,0.8899372220039368,10.9995365,11.005747318267822
1520,73.14194989204407,0.89000463,0.8899515867233276,1.925598735397216e-05,0.8899372220039368,10.9995365,11.004841327667236
1521,73.1825442314148,0.8900048,0.8899694085121155,1.9086430256720632e-05,0.8899432420730591,10.999518,11.003059148788452
1522,73.2328839302063,0.89003825,0.8899856805801392,1.5163038369792048e-05,0.8899712562561035,10.996175,11.001431941986084
1523,73.2799654006958,0.8900434,0.8900015950202942,7.769134754198603e-06,0.8899771571159363,10.995663,10.999840497970581
1524,73.32983136177063,0.8900499,0.8900062441825867,7.057770289975451e-06,0.8900046348571777,10.995012,10.999375581741333
1525,73.38107538223267,0.89005,0.8900099992752075,1.306597641814733e-05,0.8900048136711121,10.995001,10.999000072479248
1526,73.4315116405487,0.89005244,0.8900178670883179,1.8824672224582173e-05,0.8900048136711121,10.994757,10.998213291168213
1527,73.48027729988098,0.89005244,0.8900344371795654,1.8357164663029835e-05,0.8900048136711121,10.994757,10.996556282043457
1528,73.52314329147339,0.89005244,0.8900479674339294,3.233994448237354e-06,0.8900433778762817,10.994757,10.995203256607056
1529,73.56523656845093,0.89005244,0.8900505304336548,9.418865261068277e-07,0.8900499939918518,10.994757,10.994946956634521
1530,73.6078417301178,0.89005244,0.890051007270813,1.193318212244776e-06,0.8900499939918518,10.994757,10.994899272918701
1531,73.64690160751343,0.89006954,0.8900520205497742,1.3233667459644494e-06,0.8900499939918518,10.993046,10.994797945022583
1532,73.69704389572144,0.8900719,0.8900525569915771,1.7029748278218904e-06,0.8900524377822876,10.992807,10.994744300842285
1533,73.7487804889679,0.8900719,0.8900532126426697,3.6611284031096147e-06,0.8900524377822876,10.992807,10.994678735733032
1534,73.79144859313965,0.8900719,0.8900551795959473,6.575316092494177e-06,0.8900524377822876,10.992807,10.994482040405273
1535,73.83264446258545,0.8900719,0.8900582790374756,8.747478204895742e-06,0.8900524377822876,10.992807,10.994172096252441
1536,73.87534928321838,0.8900719,0.8900645971298218,9.06670538824983e-06,0.8900524377822876,10.992807,10.993540287017822
1537,73.91916298866272,0.8900719,0.8900718688964844,2.921862289895216e-07,0.8900695443153381,10.992807,10.992813110351562
1538,73.96272683143616,0.8900719,0.8900719881057739,5.960464477539063e-08,0.8900719285011292,10.992807,10.992801189422607
1539,74.00508713722229,0.8900725,0.8900719881057739,6.643777084036628e-08,0.8900719285011292,10.992747,10.992801189422607
1540,74.05515646934509,0.8900725,0.8900719881057739,7.263086132525132e-08,0.8900719285011292,10.992747,10.992801189422607
1541,74.10009098052979,0.8900725,0.8900719881057739,9.338253192936463e-08,0.8900719285011292,10.992747,10.992801189422607
1542,74.14243531227112,0.8900765,0.8900720477104187,4.561003663638985e-07,0.8900719285011292,10.992348,10.99279522895813
1543,74.19126534461975,0.8900765,0.8900723457336426,1.046787701852736e-06,0.8900719285011292,10.992348,10.992765426635742
1544,74.23399543762207,0.8900766,0.8900730013847351,1.7529254137116368e-06,0.8900719285011292,10.992342,10.99269986152649
1545,74.28084802627563,0.8900766,0.8900743126869202,2.0557697553158505e-06,0.8900719285011292,10.992342,10.992568731307983
1546,74.32217812538147,0.8900766,0.8900765180587769,4.3324553189449944e-07,0.8900725841522217,10.992342,10.992348194122314
1547,74.36223649978638,0.8900766,0.8900766372680664,1.1422849155451331e-07,0.8900765180587769,10.992342,10.99233627319336
1548,74.40428471565247,0.8900766,0.8900766372680664,1.0639660530387118e-07,0.8900765180587769,10.992342,10.99233627319336
1549,74.44719505310059,0.8900766,0.8900766372680664,8.94972345122369e-08,0.8900765180587769,10.992342,10.99233627319336
1550,74.49189758300781,0.8900766,0.8900766372680664,5.960464477539063e-08,0.8900765776634216,10.992342,10.99233627319336
1551,74.53596496582031,0.8900766,0.8900766372680664,5.960464477539063e-08,0.8900765776634216,10.992342,10.99233627319336
1552,74.57767224311829,0.8900766,0.8900766372680664,5.960464477539063e-08,0.8900765776634216,10.992342,10.99233627319336
1553,74.61974811553955,0.890089,0.8900766372680664,6.817959388172312e-07,0.8900765776634216,10.991102,10.99233627319336
1554,74.66741800308228,0.890089,0.8900766968727112,1.1767132264139946e-06,0.8900765776634216,10.991102,10.992330312728882
1555,74.71097826957703,0.890089,0.8900768756866455,1.9067897483182605e-06,0.8900765776634216,10.991102,10.99231243133545
1556,74.75373387336731,0.890089,0.890077531337738,3.2387290502811084e-06,0.8900765776634216,10.991102,10.992246866226196
1557,74.79610180854797,0.8901192,0.8900793194770813,5.2953150770918e-06,0.8900765776634216,10.988081,10.99206805229187
1558,74.84492588043213,0.8901192,0.8900827765464783,6.747694442310603e-06,0.8900765776634216,10.988081,10.991722345352173
1559,74.88793182373047,0.8901297,0.890089750289917,6.698639936075779e-06,0.8900783061981201,10.987032,10.9910249710083
1560,74.93700456619263,0.8901314,0.8900936245918274,1.1549494047358166e-05,0.8900889754295349,10.986858,10.99063754081726
1561,74.98574495315552,0.8901315,0.8901016712188721,1.6991918528219685e-05,0.8900889754295349,10.986853,10.989832878112793
1562,75.03542804718018,0.89016974,0.8901171088218689,1.6429397874162532e-05,0.8900889754295349,10.9830265,10.98828911781311
1563,75.08735728263855,0.89017045,0.8901311755180359,1.0379580089647789e-05,0.8901200294494629,10.982954,10.986882448196411
1564,75.1377100944519,0.89017606,0.890139102935791,1.5194819752650801e-05,0.8901297450065613,10.982394,10.986089706420898
1565,75.18879508972168,0.8901769,0.8901499509811401,1.865457306848839e-05,0.890131413936615,10.982311,10.985004901885986
1566,75.23953151702881,0.89019036,0.8901692032814026,4.995914878236363e-06,0.8901523947715759,10.980964,10.983079671859741
1567,75.2872724533081,0.8901906,0.8901724815368652,3.236222482883022e-06,0.8901697397232056,10.98094,10.982751846313477
1568,75.33616876602173,0.89020205,0.8901749849319458,4.137049472774379e-06,0.8901704549789429,10.979795,10.98250150680542
1569,75.38548541069031,0.89020836,0.8901783227920532,5.648625119647477e-06,0.8901760578155518,10.979164,10.982167720794678
1570,75.45204663276672,0.89020836,0.8901814818382263,9.402855539519805e-06,0.8901768922805786,10.979164,10.981851816177368
1571,75.49432826042175,0.8902092,0.8901883363723755,1.2840416275139432e-05,0.8901768922805786,10.97908,10.981166362762451
1572,75.5454158782959,0.8902092,0.8902016282081604,6.6695661189442035e-06,0.89018315076828,10.97908,10.97983717918396
1573,75.5875141620636,0.8902092,0.8902073502540588,1.7813742942962563e-06,0.8902021050453186,10.97908,10.979264974594116
1574,75.62990117073059,0.8902092,0.89020836353302,3.5543109788704896e-07,0.8902076482772827,10.97908,10.979163646697998
1575,75.6712920665741,0.8902092,0.8902086615562439,3.8173351413206547e-07,0.8902084231376648,10.97908,10.97913384437561
1576,75.71331429481506,0.8902092,0.8902090191841125,2.8695333753603336e-07,0.8902084231376648,10.97908,10.979098081588745
1577,75.75813174247742,0.8902095,0.8902091979980469,2.3201076615464444e-08,0.8902091979980469,10.979051,10.979080200195312
1578,75.80719542503357,0.8902095,0.8902091979980469,3.668412418278422e-08,0.8902091979980469,10.979051,10.979080200195312
1579,75.84968447685242,0.8902095,0.8902091979980469,7.694926296153426e-08,0.8902091979980469,10.979051,10.979080200195312
1580,75.8921422958374,0.8902095,0.8902091979980469,1.3478607741035376e-07,0.8902091979980469,10.979051,10.979080200195312
1581,75.93476819992065,0.8902095,0.8902093768119812,1.5529130337199604e-07,0.8902091979980469,10.979051,10.97906231880188
1582,75.97442817687988,0.8902095,0.8902094960212708,8.284441577188772e-08,0.8902091979980469,10.979051,10.979050397872925
1583,76.01607608795166,0.8902095,0.8902094960212708,0.0,0.8902094960212708,10.979051,10.979050397872925
1584,76.0577118396759,0.8902463,0.8902096152305603,2.0214010874042287e-06,0.8902094960212708,10.975372,10.97903847694397
1585,76.10820603370667,0.8902463,0.8902098536491394,3.4116833376174327e-06,0.8902094960212708,10.975372,10.97901463508606
1586,76.15068244934082,0.8902535,0.8902110457420349,7.129521236493019e-06,0.8902094960212708,10.974651,10.978895425796509
1587,76.20002675056458,0.8902535,0.8902143836021423,1.2192970643809531e-05,0.8902094960212708,10.974651,10.978561639785767
1588,76.24465107917786,0.8902535,0.8902207016944885,1.6702289940440096e-05,0.8902094960212708,10.974651,10.977929830551147
1589,76.28691267967224,0.8902643,0.8902351260185242,1.6975434846244752e-05,0.8902094960212708,10.973573,10.976487398147583
1590,76.33794617652893,0.8902643,0.8902498483657837,3.5387217849347508e-06,0.890243649482727,10.973573,10.97501516342163
1591,76.38078284263611,0.8903017,0.8902534246444702,3.979869234171929e-06,0.8902506828308105,10.96983,10.974657535552979
1592,76.4318904876709,0.8903017,0.8902562260627747,7.548939265689114e-06,0.890253484249115,10.96983,10.974377393722534
1593,76.47556328773499,0.8903017,0.8902608156204224,1.1769778211601079e-05,0.890253484249115,10.96983,10.973918437957764
1594,76.51945424079895,0.89031374,0.8902708888053894,1.4247306353354361e-05,0.890253484249115,10.968626,10.97291111946106
1595,76.57357716560364,0.89032364,0.8902838230133057,1.3473011676978786e-05,0.8902698159217834,10.967636,10.971617698669434
1596,76.62640452384949,0.89032364,0.8902966976165771,1.104269267671043e-05,0.8902790546417236,10.967636,10.970330238342285
1597,76.66904354095459,0.89032364,0.8903068900108337,8.004640221770387e-06,0.8903017044067383,10.967636,10.969310998916626
1598,76.71177554130554,0.89032364,0.890312910079956,8.90491901373025e-06,0.8903017044067383,10.967636,10.968708992004395
1599,76.75712513923645,0.8904392,0.8903220295906067,6.649538136116462e-06,0.8903180956840515,10.956079,10.967797040939331
1600,76.80885910987854,0.8904456,0.8903251886367798,1.5264187823049724e-05,0.8903208374977112,10.9554405,10.967481136322021
1601,76.8582661151886,0.8904834,0.8903335332870483,3.2528958399780095e-05,0.8903236389160156,10.951662,10.966646671295166
1602,76.9079327583313,0.89048755,0.8903506994247437,5.2304636483313516e-05,0.8903236389160156,10.951244,10.964930057525635
1603,76.95734691619873,0.890493,0.8903886079788208,6.654535536654294e-05,0.8903236389160156,10.950703,10.96113920211792
1604,77.00814175605774,0.89052284,0.8904579877853394,2.4787241272861138e-05,0.890346348285675,10.947716,10.954201221466064
1605,77.05700182914734,0.89052284,0.8904809355735779,1.0169271263293922e-05,0.8904604315757751,10.947716,10.951906442642212
1606,77.09908652305603,0.890544,0.8904892206192017,8.421280654147267e-06,0.890481173992157,10.9456005,10.951077938079834
1607,77.14860415458679,0.8905461,0.890496551990509,1.2050034456478897e-05,0.8904880285263062,10.945392,10.950344800949097
1608,77.19815444946289,0.8905779,0.8905051350593567,1.7877431673696265e-05,0.8904926776885986,10.942209,10.949486494064331
1609,77.24812912940979,0.8905872,0.8905213475227356,2.0594759917003103e-05,0.8904936909675598,10.941278,10.94786524772644
1610,77.29815578460693,0.8906,0.8905416131019592,1.6085117749753408e-05,0.890522837638855,10.939998,10.945838689804077
1611,77.3477737903595,0.8906,0.8905574083328247,1.821910700527951e-05,0.8905439972877502,10.939998,10.94425916671753
1612,77.39092254638672,0.8906,0.8905717134475708,2.0905295968987048e-05,0.8905471563339233,10.939998,10.94282865524292
1613,77.43283414840698,0.8906,0.8905918002128601,9.333811249234714e-06,0.8905763626098633,10.939998,10.94081997871399
1614,77.47852516174316,0.8906,0.8905995488166809,6.211348591023125e-07,0.890597939491272,10.939998,10.94004511833191
1615,77.51881718635559,0.890614,0.8906002044677734,7.786856599523162e-07,0.8906000256538391,10.938602,10.939979553222656
1616,77.5698516368866,0.8906248,0.890600323677063,1.7423312783648726e-06,0.8906000256538391,10.937518,10.939967632293701
1617,77.61919164657593,0.8906248,0.8906005620956421,2.985748778883135e-06,0.8906000256538391,10.937518,10.939943790435791
1618,77.6612696647644,0.89062494,0.8906024098396301,6.470984317274997e-06,0.8906000256538391,10.937506,10.939759016036987
1619,77.71104073524475,0.89062494,0.8906055688858032,9.602905265637673e-06,0.8906000256538391,10.937506,10.939443111419678
1620,77.75442862510681,0.89062494,0.8906126022338867,1.1411878404032905e-05,0.8906000256538391,10.937506,10.938739776611328
1621,77.79730439186096,0.89062494,0.8906235098838806,3.461366532064858e-06,0.8906141519546509,10.937506,10.937649011611938
1622,77.83897805213928,0.89062494,0.8906248807907104,5.960464477539063e-08,0.8906248211860657,10.937506,10.937511920928955
1623,77.8797504901886,0.89062494,0.8906248807907104,5.960464477539063e-08,0.8906249403953552,10.937506,10.937511920928955
1624,77.92218780517578,0.89062494,0.8906248807907104,5.960464477539063e-08,0.8906249403953552,10.937506,10.937511920928955
1625,77.96442937850952,0.89062494,0.8906248807907104,5.960464477539063e-08,0.8906249403953552,10.937506,10.937511920928955
1626,78.0062313079834,0.89063615,0.890625,6.164504497974121e-07,0.8906249403953552,10.936385,10.9375
1627,78.05659556388855,0.89063615,0.8906251788139343,1.4822601315245265e-06,0.8906249403953552,10.936385,10.937482118606567
1628,78.09717965126038,0.89063615,0.8906257152557373,2.7381595373299206e-06,0.8906249403953552,10.936385,10.93742847442627
1629,78.1386923789978,0.89063615,0.890626847743988,4.116514446650399e-06,0.8906249403953552,10.936385,10.937315225601196
1630,78.18081617355347,0.89063615,0.8906295299530029,5.3451035455509555e-06,0.8906249403953552,10.936385,10.937047004699707
1631,78.22254180908203,0.89063615,0.8906343579292297,3.6899982660543174e-06,0.8906255960464478,10.936385,10.936564207077026
1632,78.26407122612,0.89063865,0.8906360864639282,1.531271038857085e-07,0.890636146068573,10.936135,10.936391353607178
1633,78.31577491760254,0.89063865,0.8906360864639282,2.0819007318095828e-07,0.890636146068573,10.936135,10.936391353607178
1634,78.3575484752655,0.89063865,0.8906362652778625,3.894465123721602e-07,0.890636146068573,10.936135,10.936373472213745
1635,78.39937829971313,0.89063865,0.8906364440917969,7.231146810227074e-07,0.890636146068573,10.936135,10.936355590820312
1636,78.44154262542725,0.89063865,0.8906367421150208,1.0728836059570312e-06,0.890636146068573,10.936135,10.936325788497925
1637,78.48641467094421,0.89063865,0.8906374573707581,1.2464226983865956e-06,0.890636146068573,10.936135,10.936254262924194
1638,78.53068208694458,0.89063865,0.8906385898590088,5.960464477539063e-08,0.8906386494636536,10.936135,10.936141014099121
1639,78.5741720199585,0.89063865,0.8906385898590088,5.960464477539063e-08,0.8906386494636536,10.936135,10.936141014099121
1640,78.61592292785645,0.89063865,0.8906385898590088,5.960464477539063e-08,0.8906386494636536,10.936135,10.936141014099121
1641,78.65785360336304,0.89063865,0.8906385898590088,5.960464477539063e-08,0.8906386494636536,10.936135,10.936141014099121
1642,78.70009136199951,0.89063865,0.8906385898590088,5.960464477539063e-08,0.8906386494636536,10.936135,10.936141014099121
1643,78.74321341514587,0.89063865,0.8906385898590088,5.960464477539063e-08,0.8906386494636536,10.936135,10.936141014099121
1644,78.7854835987091,0.89063865,0.8906385898590088,5.960464477539063e-08,0.8906386494636536,10.936135,10.936141014099121
1645,78.82808995246887,0.89063865,0.8906385898590088,5.960464477539063e-08,0.8906386494636536,10.936135,10.936141014099121
1646,78.87003374099731,0.89063865,0.8906385898590088,5.960464477539063e-08,0.8906386494636536,10.936135,10.936141014099121
1647,78.91122150421143,0.89063865,0.8906385898590088,5.960464477539063e-08,0.8906386494636536,10.936135,10.936141014099121
1648,78.95328569412231,0.89063865,0.8906385898590088,5.960464477539063e-08,0.8906386494636536,10.936135,10.936141014099121
1649,78.99466872215271,0.89063865,0.8906385898590088,5.960464477539063e-08,0.8906386494636536,10.936135,10.936141014099121
1650,79.03729248046875,0.89063865,0.8906385898590088,5.960464477539063e-08,0.8906386494636536,10.936135,10.936141014099121
1651,79.07902216911316,0.89063865,0.8906385898590088,5.960464477539063e-08,0.8906386494636536,10.936135,10.936141014099121
1652,79.12576174736023,0.89063865,0.8906385898590088,5.960464477539063e-08,0.8906386494636536,10.936135,10.936141014099121
1653,79.1673469543457,0.89063865,0.8906385898590088,5.960464477539063e-08,0.8906386494636536,10.936135,10.936141014099121
1654,79.20953607559204,0.89063865,0.8906385898590088,5.960464477539063e-08,0.8906386494636536,10.936135,10.936141014099121
1655,79.25126481056213,0.8906493,0.8906387090682983,5.870651875738986e-07,0.8906386494636536,10.935068,10.936129093170166
1656,79.30061340332031,0.8906493,0.8906387090682983,8.280932206616853e-07,0.8906386494636536,10.935068,10.936129093170166
1657,79.34394097328186,0.8906493,0.8906389474868774,1.868751269284985e-06,0.8906386494636536,10.935068,10.936105251312256
1658,79.38772249221802,0.8906586,0.8906397223472595,3.3262447232118575e-06,0.8906386494636536,10.934138,10.936027765274048
1659,79.44980359077454,0.8907074,0.8906437754631042,1.1764266673708335e-05,0.8906386494636536,10.929262,10.935622453689575
1660,79.50170516967773,0.8907074,0.890653133392334,1.9675488147186115e-05,0.8906386494636536,10.929262,10.934686660766602
1661,79.54488611221313,0.8907074,0.8906722664833069,2.1389263565652072e-05,0.8906493186950684,10.929262,10.932773351669312
1662,79.5899178981781,0.8907074,0.8906917572021484,1.3935922652308363e-05,0.8906674385070801,10.929262,10.930824279785156
1663,79.63281989097595,0.8907074,0.8907041549682617,4.240609996486455e-06,0.8906985521316528,10.929262,10.929584503173828
1664,79.67567372322083,0.8907074,0.8907073736190796,2.8698146081751474e-08,0.8907073140144348,10.929262,10.929262638092041
1665,79.71853303909302,0.8907074,0.8907073736190796,0.0,0.8907073736190796,10.929262,10.929262638092041
1666,79.7626724243164,0.8907074,0.8907073736190796,0.0,0.8907073736190796,10.929262,10.929262638092041
1667,79.804208278656,0.8907074,0.8907073736190796,0.0,0.8907073736190796,10.929262,10.929262638092041
1668,79.84550642967224,0.8907242,0.8907073736190796,9.252780159840768e-07,0.8907073736190796,10.927582,10.929262638092041
1669,79.89454197883606,0.8907296,0.8907076120376587,2.0045220026077004e-06,0.8907073736190796,10.927039,10.92923879623413
1670,79.94229507446289,0.89074886,0.8907086849212646,5.170193162484793e-06,0.8907073736190796,10.925114,10.929131507873535
1671,79.99167108535767,0.89074886,0.8907115459442139,9.529746421321761e-06,0.8907073736190796,10.925114,10.928845405578613
1672,80.03447270393372,0.89074886,0.8907185792922974,1.4986692804086488e-05,0.8907073736190796,10.925114,10.928142070770264
1673,80.07819700241089,0.89074886,0.8907321095466614,1.4265770914789755e-05,0.8907073736190796,10.925114,10.926789045333862
1674,80.12030816078186,0.89074886,0.8907442688941956,7.810830538801383e-06,0.8907296061515808,10.925114,10.925573110580444
1675,80.16442322731018,0.89074886,0.890748918056488,5.960464477539063e-08,0.8907488584518433,10.925114,10.925108194351196
1676,80.20647501945496,0.89074886,0.890748918056488,5.960464477539063e-08,0.8907488584518433,10.925114,10.925108194351196
1677,80.2493064403534,0.89074886,0.890748918056488,5.960464477539063e-08,0.8907488584518433,10.925114,10.925108194351196
1678,80.29141736030579,0.89074886,0.890748918056488,5.960464477539063e-08,0.8907488584518433,10.925114,10.925108194351196
1679,80.33260726928711,0.89074886,0.890748918056488,5.960464477539063e-08,0.8907488584518433,10.925114,10.925108194351196
1680,80.37537479400635,0.89074886,0.890748918056488,5.960464477539063e-08,0.8907488584518433,10.925114,10.925108194351196
1681,80.41810488700867,0.89074886,0.890748918056488,5.960464477539063e-08,0.8907488584518433,10.925114,10.925108194351196
1682,80.4600260257721,0.89074886,0.890748918056488,5.960464477539063e-08,0.8907488584518433,10.925114,10.925108194351196
1683,80.50395321846008,0.89074886,0.890748918056488,5.960464477539063e-08,0.8907488584518433,10.925114,10.925108194351196
1684,80.5452971458435,0.8907766,0.890748918056488,1.523606101727637e-06,0.8907488584518433,10.922342,10.925108194351196
1685,80.59528183937073,0.8907799,0.8907492756843567,3.3385019833076512e-06,0.8907488584518433,10.9220085,10.925072431564331
1686,80.64399337768555,0.8908003,0.8907508850097656,7.5404541348689236e-06,0.8907488584518433,10.9199705,10.924911499023438
1687,80.69475984573364,0.8908003,0.8907544612884521,1.2220802091178484e-05,0.8907488584518433,10.9199705,10.924553871154785
1688,80.73633480072021,0.8908003,0.890762448310852,1.6804240658530034e-05,0.8907488584518433,10.9199705,10.923755168914795
1689,80.77880668640137,0.8908003,0.8907779455184937,1.37128936330555e-05,0.890748918056488,10.9199705,10.922205448150635
1690,80.82224893569946,0.8908003,0.8907891511917114,1.0119845683220774e-05,0.8907799124717712,10.9199705,10.921084880828857
1691,80.86630725860596,0.8908003,0.8907988667488098,5.4241245379671454e-06,0.890779972076416,10.9199705,10.920113325119019
1692,80.90768671035767,0.8908003,0.8908003568649292,5.960464477539063e-08,0.8908002972602844,10.9199705,10.91996431350708
1693,80.94960403442383,0.8908003,0.8908003568649292,5.960464477539063e-08,0.8908002972602844,10.9199705,10.91996431350708
1694,80.9914960861206,0.8908322,0.8908005356788635,1.758467078616377e-06,0.8908002972602844,10.916781,10.919946432113647
1695,81.04053449630737,0.8908322,0.8908010125160217,4.262726633896818e-06,0.8908002972602844,10.916781,10.919898748397827
1696,81.08347129821777,0.8908322,0.8908024430274963,7.954410648380872e-06,0.8908002972602844,10.916781,10.919755697250366
1697,81.12536978721619,0.8908322,0.8908066153526306,1.2645672541111708e-05,0.8908002972602844,10.916781,10.919338464736938
1698,81.1684045791626,0.8908322,0.8908137679100037,1.575268652231898e-05,0.8908002972602844,10.916781,10.918623208999634
1699,81.20987915992737,0.89085495,0.8908280730247498,1.0781167475215625e-05,0.8908002972602844,10.914505,10.917192697525024
1700,81.26181221008301,0.89085495,0.8908323049545288,2.3550041987618897e-06,0.8908321857452393,10.914505,10.91676950454712
1701,81.30408120155334,0.89085495,0.8908329606056213,4.302809884393355e-06,0.8908321857452393,10.914505,10.916703939437866
1702,81.3459882736206,0.89085495,0.8908352255821228,7.6139199336466845e-06,0.8908321857452393,10.914505,10.91647744178772
1703,81.38791918754578,0.89085495,0.8908389806747437,9.950047569873277e-06,0.8908321857452393,10.914505,10.916101932525635
1704,81.42885851860046,0.8908616,0.8908471465110779,9.74322665570071e-06,0.8908321857452393,10.913843,10.915285348892212
1705,81.47835659980774,0.8908748,0.890855073928833,2.22133189708984e-06,0.890853226184845,10.912519,10.9144926071167
1706,81.53013515472412,0.8908748,0.8908562660217285,3.882256351062097e-06,0.8908549547195435,10.912519,10.914373397827148
1707,81.57353663444519,0.8908748,0.8908584117889404,5.9680587582988665e-06,0.8908549547195435,10.912519,10.914158821105957
1708,81.61521339416504,0.8908748,0.8908622860908508,7.103948519215919e-06,0.8908549547195435,10.912519,10.913771390914917
1709,81.65769052505493,0.8908829,0.890868604183197,5.210306881053839e-06,0.890863299369812,10.911709,10.913139581680298
1710,81.70637154579163,0.8908829,0.8908736705780029,2.535070962039754e-06,0.8908664584159851,10.911709,10.912632942199707
1711,81.74799489974976,0.8908944,0.8908752202987671,2.168611899833195e-06,0.8908748030662537,10.910559,10.912477970123291
1712,81.79854106903076,0.8908944,0.8908763527870178,4.441019427758874e-06,0.8908748030662537,10.910559,10.912364721298218
1713,81.84070754051208,0.89089465,0.8908791542053223,7.375653694907669e-06,0.8908748030662537,10.910535,10.912084579467773
1714,81.89066338539124,0.8909075,0.8908846974372864,8.738434189581312e-06,0.8908748030662537,10.909247,10.911530256271362
1715,81.94113659858704,0.8909078,0.8908934593200684,3.2963521334750112e-06,0.8908829092979431,10.909218,10.910654067993164
1716,81.99135613441467,0.8909078,0.8908952474594116,3.212353021808667e-06,0.8908944129943848,10.909218,10.910475254058838
1717,82.03341174125671,0.8909078,0.8908968567848206,5.089977548777824e-06,0.8908944129943848,10.909218,10.910314321517944
1718,82.07624936103821,0.8909078,0.8909000158309937,6.378671059792396e-06,0.8908946514129639,10.909218,10.909998416900635
1719,82.11782312393188,0.8909078,0.8909058570861816,4.41467000200646e-06,0.8908946514129639,10.909218,10.909414291381836
1720,82.15973472595215,0.8909078,0.8909078240394592,0.0,0.8909078240394592,10.909218,10.909217596054077
1721,82.20161390304565,0.8909078,0.8909078240394592,0.0,0.8909078240394592,10.909218,10.909217596054077
1722,82.24309206008911,0.8909078,0.8909078240394592,0.0,0.8909078240394592,10.909218,10.909217596054077
1723,82.28507447242737,0.8909078,0.8909078240394592,0.0,0.8909078240394592,10.909218,10.909217596054077
1724,82.32658004760742,0.8909078,0.8909078240394592,0.0,0.8909078240394592,10.909218,10.909217596054077
1725,82.3681890964508,0.89092076,0.890907883644104,7.112180355761666e-07,0.8909078240394592,10.907925,10.9092116355896
1726,82.41665124893188,0.8909208,0.8909081816673279,1.8679993445402943e-06,0.8909078240394592,10.907918,10.909181833267212
1727,82.46745991706848,0.8909208,0.8909088969230652,3.67125494449283e-06,0.8909078240394592,10.907918,10.909110307693481
1728,82.51113772392273,0.8909208,0.8909108638763428,5.475686521094758e-06,0.8909078240394592,10.907918,10.908913612365723
1729,82.55561637878418,0.8909208,0.8909140825271606,6.483439392468426e-06,0.8909078240394592,10.907918,10.908591747283936
1730,82.599689245224,0.8909208,0.8909207582473755,5.341289011084882e-08,0.8909207582473755,10.907918,10.907924175262451
1731,82.64233875274658,0.8909208,0.8909207582473755,5.960464477539063e-08,0.8909208178520203,10.907918,10.907924175262451
1732,82.68517971038818,0.8909208,0.8909207582473755,5.960464477539063e-08,0.8909208178520203,10.907918,10.907924175262451
1733,82.72748112678528,0.8909256,0.8909207582473755,2.723533611970197e-07,0.8909208178520203,10.907441,10.907924175262451
1734,82.77670764923096,0.89093727,0.8909209370613098,1.2885644764537574e-06,0.8909208178520203,10.906273,10.907906293869019
1735,82.827219247818,0.89093727,0.8909212350845337,2.073875066344044e-06,0.8909208178520203,10.906273,10.90787649154663
1736,82.88191890716553,0.8909433,0.8909224271774292,4.021629592898535e-06,0.8909208178520203,10.905671,10.90775728225708
1737,82.94770050048828,0.8909433,0.8909252882003784,6.3397283156518824e-06,0.8909208178520203,10.905671,10.907471179962158
1738,82.9906222820282,0.8909433,0.8909310102462769,6.714325991197256e-06,0.8909208178520203,10.905671,10.906898975372314
1739,83.03324151039124,0.8909433,0.8909375071525574,3.865392500301823e-06,0.8909329175949097,10.905671,10.906249284744263
1740,83.0765471458435,0.8909433,0.8909406065940857,2.652763896549004e-06,0.8909372687339783,10.905671,10.90593934059143
1741,83.11951351165771,0.8909433,0.8909434080123901,2.1087468837777124e-07,0.890938937664032,10.905671,10.905659198760986
1742,83.1611819267273,0.8909433,0.8909434080123901,1.1920928955078125e-07,0.8909432888031006,10.905671,10.905659198760986
1743,83.2024793624878,0.8909433,0.8909434080123901,1.1920928955078125e-07,0.8909432888031006,10.905671,10.905659198760986
1744,83.24451661109924,0.8909433,0.8909434080123901,1.1920928955078125e-07,0.8909432888031006,10.905671,10.905659198760986
1745,83.28752446174622,0.8909433,0.8909434080123901,1.1920928955078125e-07,0.8909432888031006,10.905671,10.905659198760986
1746,83.32956027984619,0.8909433,0.8909434080123901,1.1920928955078125e-07,0.8909432888031006,10.905671,10.905659198760986
1747,83.37057733535767,0.8909433,0.8909434080123901,1.1920928955078125e-07,0.8909432888031006,10.905671,10.905659198760986
1748,83.41243886947632,0.8909433,0.8909434080123901,1.1920928955078125e-07,0.8909432888031006,10.905671,10.905659198760986
1749,83.45419454574585,0.8909877,0.8909434676170349,2.4411347112618387e-06,0.8909432888031006,10.901231,10.905653238296509
1750,83.50412344932556,0.8909877,0.8909440636634827,5.42532734471024e-06,0.8909432888031006,10.901231,10.905593633651733
1751,83.5467963218689,0.8909877,0.8909462690353394,1.0840652066690382e-05,0.8909432888031006,10.901231,10.905373096466064
1752,83.58814907073975,0.8909877,0.8909517526626587,1.7317461242782883e-05,0.8909432888031006,10.901231,10.90482473373413
1753,83.6313362121582,0.8909877,0.8909626603126526,2.1970257876091637e-05,0.8909432888031006,10.901231,10.903733968734741
1754,83.6748914718628,0.8910048,0.890984296798706,1.2022910595987923e-05,0.8909432888031006,10.89952,10.901570320129395
1755,83.72848224639893,0.8910492,0.8909884095191956,6.029192263667937e-06,0.8909876942634583,10.89508,10.901159048080444
1756,83.77760720252991,0.8910492,0.8909908533096313,1.215265911014285e-05,0.8909876942634583,10.89508,10.900914669036865
1757,83.81916856765747,0.8910492,0.890998125076294,2.194862099713646e-05,0.8909876942634583,10.89508,10.900187492370605
1758,83.86232113838196,0.8910492,0.8910125494003296,2.8907095838803798e-05,0.8909876942634583,10.89508,10.898745059967041
1759,83.90606594085693,0.891053,0.8910422325134277,1.6132875316543505e-05,0.8909891247749329,10.894698,10.895776748657227
1760,83.95451998710632,0.8910678,0.8910494446754456,1.1475694918772206e-06,0.8910492062568665,10.89322,10.895055532455444
1761,84.00423812866211,0.8910678,0.8910497426986694,1.7519071207061643e-06,0.8910492062568665,10.89322,10.895025730133057
1762,84.04872417449951,0.89109063,0.8910505771636963,3.715441380336415e-06,0.8910492062568665,10.890937,10.894942283630371
1763,84.09697937965393,0.8910948,0.8910524249076843,6.270980065892218e-06,0.8910492062568665,10.89052,10.894757509231567
1764,84.1464512348175,0.8910948,0.8910572528839111,9.624075573810842e-06,0.8910506367683411,10.89052,10.894274711608887
1765,84.18809604644775,0.89109516,0.8910638689994812,1.4168096640787553e-05,0.891053318977356,10.890484,10.89361310005188
1766,84.23816752433777,0.89110035,0.8910780549049377,1.2718519428744912e-05,0.8910534381866455,10.889965,10.892194509506226
1767,84.28848099708557,0.8911041,0.891089141368866,7.613829438923858e-06,0.891075611114502,10.889589,10.891085863113403
1768,84.34137415885925,0.89110446,0.8910956978797913,2.3405377760354895e-06,0.8910920023918152,10.889554,10.890430212020874
1769,84.39126062393188,0.89110446,0.891097366809845,3.3265780530200573e-06,0.8910948038101196,10.889554,10.890263319015503
1770,84.43133640289307,0.8911058,0.8911002278327942,3.432602170505561e-06,0.8910951614379883,10.889423,10.889977216720581
1771,84.48129224777222,0.8911058,0.8911035060882568,1.4548055560226203e-06,0.8911012411117554,10.889423,10.889649391174316
1772,84.5239188671112,0.8911058,0.8911046981811523,5.891520231671166e-07,0.8911041021347046,10.889423,10.889530181884766
1773,84.5691876411438,0.8911297,0.8911052346229553,1.4752437209608615e-06,0.8911044597625732,10.8870325,10.889476537704468
1774,84.6196641921997,0.8911297,0.8911058902740479,2.1661792288796278e-06,0.8911054134368896,10.8870325,10.889410972595215
1775,84.66308641433716,0.89113593,0.8911067843437195,4.550357516563963e-06,0.8911057710647583,10.886407,10.889321565628052
1776,84.71307492256165,0.89113593,0.8911091089248657,7.985575393831823e-06,0.8911057710647583,10.886407,10.889089107513428
1777,84.75726413726807,0.8911373,0.8911131024360657,1.0737371667346451e-05,0.8911057710647583,10.88627,10.888689756393433
1778,84.80769085884094,0.8911373,0.8911224603652954,1.0766526429506484e-05,0.8911057710647583,10.88627,10.887753963470459
1779,84.85036253929138,0.8911373,0.8911321759223938,3.0852695545036113e-06,0.8911269307136536,10.88627,10.88678240776062
1780,84.89314365386963,0.8911373,0.8911347389221191,2.425148522888776e-06,0.8911315202713013,10.88627,10.886526107788086
1781,84.93666458129883,0.8911373,0.8911369442939758,5.983179107715841e-07,0.8911359310150146,10.88627,10.886305570602417
1782,84.97915410995483,0.8911373,0.8911372423171997,5.4312327080197065e-08,0.8911372423171997,10.88627,10.88627576828003
1783,85.02180671691895,0.8911373,0.8911372423171997,5.960464477539063e-08,0.8911373019218445,10.88627,10.88627576828003
1784,85.06464982032776,0.8911373,0.8911372423171997,5.960464477539063e-08,0.8911373019218445,10.88627,10.88627576828003
1785,85.10778760910034,0.8911373,0.8911372423171997,5.960464477539063e-08,0.8911373019218445,10.88627,10.88627576828003
1786,85.149498462677,0.8911373,0.8911372423171997,5.960464477539063e-08,0.8911373019218445,10.88627,10.88627576828003
1787,85.19224524497986,0.8911373,0.8911372423171997,5.960464477539063e-08,0.8911373019218445,10.88627,10.88627576828003
1788,85.23447561264038,0.8911373,0.8911372423171997,5.960464477539063e-08,0.8911373019218445,10.88627,10.88627576828003
1789,85.27675223350525,0.8911423,0.8911372423171997,2.851751048638107e-07,0.8911373019218445,10.885769,10.88627576828003
1790,85.32712316513062,0.8911423,0.8911373019218445,5.512294478648982e-07,0.8911373019218445,10.885769,10.886269807815552
1791,85.3690915107727,0.89115334,0.891137421131134,1.2455585647330736e-06,0.8911373019218445,10.884666,10.886257886886597
1792,85.41600370407104,0.89115345,0.8911380767822266,2.7180039978702553e-06,0.8911373019218445,10.884655,10.886192321777344
1793,85.46520447731018,0.89115345,0.8911399841308594,5.249959485809086e-06,0.8911373019218445,10.884655,10.886001586914062
1794,85.50776290893555,0.89115447,0.891143798828125,6.798133199481526e-06,0.8911373019218445,10.884553,10.8856201171875
1795,85.55949592590332,0.89115614,0.8911502957344055,4.939116934110643e-06,0.8911423087120056,10.884386,10.884970426559448
1796,85.60918974876404,0.8911599,0.8911536931991577,9.628223551771953e-07,0.8911533355712891,10.88401,10.884630680084229
1797,85.6588807106018,0.8911599,0.8911542296409607,1.618687065274571e-06,0.8911534547805786,10.88401,10.88457703590393
1798,85.70025682449341,0.8911599,0.8911554217338562,2.0188776943541598e-06,0.8911534547805786,10.88401,10.88445782661438
1799,85.74310064315796,0.8911599,0.8911575078964233,1.4904827594364178e-06,0.8911558985710144,10.88401,10.884249210357666
1800,85.78720545768738,0.8911599,0.8911588788032532,8.675806952851417e-07,0.8911568522453308,10.88401,10.884112119674683
1801,85.82783842086792,0.8911599,0.8911595344543457,3.831129333775607e-07,0.8911589980125427,10.88401,10.88404655456543
1802,85.86968064308167,0.89116883,0.8911598920822144,5.050166009823442e-07,0.8911596536636353,10.883117,10.884010791778564
1803,85.92047619819641,0.89116883,0.8911600708961487,8.112285172501288e-07,0.8911598920822144,10.883117,10.883992910385132
1804,85.96273612976074,0.89116883,0.891160249710083,1.5573954215142294e-06,0.8911598920822144,10.883117,10.8839750289917
1805,86.00498580932617,0.89116883,0.8911610245704651,2.6301365778635954e-06,0.8911598920822144,10.883117,10.883897542953491
1806,86.04649496078491,0.89116883,0.8911625742912292,3.6742346765095135e-06,0.8911598920822144,10.883117,10.883742570877075
1807,86.08875465393066,0.89116883,0.8911654353141785,3.5041537103097653e-06,0.8911598920822144,10.883117,10.883456468582153
1808,86.12854075431824,0.89117163,0.8911684155464172,6.690162308586878e-07,0.8911672234535217,10.882836,10.883158445358276
1809,86.17727279663086,0.89117163,0.8911686539649963,2.925912383489049e-07,0.8911688327789307,10.882836,10.883134603500366
1810,86.22003173828125,0.8912076,0.8911687731742859,2.1815010313730454e-06,0.8911688327789307,10.879242,10.883122682571411
1811,86.26937246322632,0.8912084,0.8911694884300232,4.493823780649109e-06,0.8911688327789307,10.879159,10.88305115699768
1812,86.31914567947388,0.89121,0.8911715149879456,8.00863745098468e-06,0.8911688327789307,10.878998,10.882848501205444
1813,86.3676130771637,0.8912132,0.8911771178245544,1.3070451132080052e-05,0.8911688327789307,10.878682,10.882288217544556
1814,86.41777968406677,0.89123416,0.8911868929862976,1.5334426279878244e-05,0.8911716341972351,10.876584,10.88131070137024
1815,86.46846914291382,0.8912366,0.8912011384963989,1.2861412869824562e-05,0.8911772966384888,10.87634,10.879886150360107
1816,86.51900720596313,0.89124477,0.8912133574485779,8.078939572442323e-06,0.8912075757980347,10.875523,10.878664255142212
1817,86.57058429718018,0.89124477,0.8912200927734375,1.0032367754320148e-05,0.8912100195884705,10.875523,10.87799072265625
1818,86.61203694343567,0.89124477,0.8912286758422852,9.15536566026276e-06,0.8912167549133301,10.875523,10.877132415771484
1819,86.65544271469116,0.8912498,0.8912375569343567,4.251406608091202e-06,0.8912334442138672,10.875023,10.876244306564331
1820,86.7055356502533,0.891253,0.8912410736083984,3.761461130125099e-06,0.8912341594696045,10.874701,10.875892639160156
1821,86.7569510936737,0.891253,0.8912449479103088,3.039945795535459e-06,0.8912424445152283,10.874701,10.875505208969116
1822,86.79999923706055,0.891253,0.891247570514679,3.7122215417184634e-06,0.8912447690963745,10.874701,10.875242948532104
1823,86.84147548675537,0.891253,0.8912506103515625,3.33673915520194e-06,0.8912447690963745,10.874701,10.87493896484375
1824,86.88518714904785,0.891253,0.8912528157234192,1.7881393432617188e-07,0.8912529945373535,10.874701,10.874718427658081
1825,86.92726731300354,0.891253,0.8912528157234192,1.7881393432617188e-07,0.8912529945373535,10.874701,10.874718427658081
1826,86.96921586990356,0.8912724,0.8912529349327087,1.074578108273272e-06,0.8912529945373535,10.872757,10.874706506729126
1827,87.01772427558899,0.8912724,0.8912531733512878,2.3764291654515546e-06,0.8912529945373535,10.872757,10.874682664871216
1828,87.05873775482178,0.8912724,0.8912538290023804,4.1333942135679536e-06,0.8912529945373535,10.872757,10.874617099761963
1829,87.10126900672913,0.8912724,0.8912556767463684,6.752745321136899e-06,0.8912529945373535,10.872757,10.87443232536316
1830,87.14505887031555,0.89128613,0.8912596702575684,9.16374301596079e-06,0.8912529945373535,10.871387,10.874032974243164
1831,87.1942548751831,0.8912911,0.8912675380706787,8.373975106223952e-06,0.8912529945373535,10.870892,10.873246192932129
1832,87.24631476402283,0.8913056,0.8912737965583801,3.954591193178203e-06,0.8912724256515503,10.869437,10.872620344161987
1833,87.29480767250061,0.8913056,0.8912764191627502,7.248213478305843e-06,0.8912724256515503,10.869437,10.872358083724976
1834,87.33711171150208,0.8913056,0.891282320022583,1.005820286081871e-05,0.8912724256515503,10.869437,10.8717679977417
1835,87.3787727355957,0.8913056,0.8912915587425232,9.411483006260823e-06,0.8912791609764099,10.869437,10.87084412574768
1836,87.42231559753418,0.8913056,0.8913005590438843,5.613745088339783e-06,0.891291081905365,10.869437,10.869944095611572
1837,87.46521139144897,0.8913056,0.8913055658340454,4.1584328869248566e-07,0.8913037776947021,10.869437,10.869443416595459
1838,87.50850582122803,0.8913056,0.8913056254386902,0.0,0.8913056254386902,10.869437,10.869437456130981
1839,87.55241775512695,0.89130914,0.8913056254386902,1.935865299174111e-07,0.8913056254386902,10.869085,10.869437456130981
1840,87.60368418693542,0.8913095,0.8913056254386902,3.9738236523589876e-07,0.8913056254386902,10.86905,10.869437456130981
1841,87.65274834632874,0.8913095,0.8913058042526245,8.014889090190991e-07,0.8913056254386902,10.86905,10.869419574737549
1842,87.6947500705719,0.8913095,0.8913061618804932,1.3347698768484406e-06,0.8913056254386902,10.86905,10.869383811950684
1843,87.7379858493805,0.89131045,0.8913069367408752,1.8009984614764107e-06,0.8913056254386902,10.868955,10.869306325912476
1844,87.78846311569214,0.89131045,0.891308605670929,1.6726866078897729e-06,0.8913056254386902,10.868955,10.869139432907104
1845,87.83154225349426,0.89131427,0.8913096785545349,5.607753337244503e-07,0.8913094997406006,10.868573,10.869032144546509
1846,87.88219547271729,0.89131427,0.8913100957870483,1.3157608691471978e-06,0.8913094997406006,10.868573,10.868990421295166
1847,87.9234733581543,0.89131427,0.89131098985672,2.023756451308145e-06,0.8913094997406006,10.868573,10.868901014328003
1848,87.96608710289001,0.89131427,0.8913124799728394,2.1371806724346243e-06,0.8913094997406006,10.868573,10.868752002716064
1849,88.00914406776428,0.89131427,0.8913144469261169,1.7881393432617188e-07,0.8913142681121826,10.868573,10.868555307388306
1850,88.04937100410461,0.89131427,0.8913144469261169,1.7881393432617188e-07,0.8913142681121826,10.868573,10.868555307388306
1851,88.09330415725708,0.89131427,0.8913144469261169,1.7881393432617188e-07,0.8913142681121826,10.868573,10.868555307388306
1852,88.13539528846741,0.89131427,0.8913144469261169,1.7881393432617188e-07,0.8913142681121826,10.868573,10.868555307388306
1853,88.1767852306366,0.89131427,0.8913144469261169,1.7881393432617188e-07,0.8913142681121826,10.868573,10.868555307388306
1854,88.22022795677185,0.89131427,0.8913144469261169,1.7881393432617188e-07,0.8913142681121826,10.868573,10.868555307388306
1855,88.2621374130249,0.89131427,0.8913144469261169,1.7881393432617188e-07,0.8913142681121826,10.868573,10.868555307388306
1856,88.30363035202026,0.89131427,0.8913144469261169,1.7881393432617188e-07,0.8913142681121826,10.868573,10.868555307388306
1857,88.34601736068726,0.89131427,0.8913144469261169,1.7881393432617188e-07,0.8913142681121826,10.868573,10.868555307388306
1858,88.38812398910522,0.8913401,0.8913145065307617,1.4275922239903593e-06,0.8913142681121826,10.865993,10.868549346923828
1859,88.43980860710144,0.891345,0.8913148641586304,3.422758936721948e-06,0.8913142681121826,10.865498,10.868513584136963
1860,88.48864531517029,0.89139014,0.8913163542747498,9.043301361089107e-06,0.8913142681121826,10.860986,10.868364572525024
1861,88.53973340988159,0.8913929,0.8913225531578064,2.0319983377703466e-05,0.8913142681121826,10.860711,10.86774468421936
1862,88.5901231765747,0.8913929,0.8913358449935913,3.051873864023946e-05,0.8913142681121826,10.860711,10.86641550064087
1863,88.63216066360474,0.8913929,0.8913611173629761,3.044950972252991e-05,0.8913142681121826,10.860711,10.863888263702393
1864,88.67459845542908,0.8913929,0.8913901448249817,3.579579470169847e-06,0.8913825154304504,10.860711,10.860985517501831
1865,88.7162606716156,0.8913929,0.8913928270339966,5.960464477539063e-08,0.8913928866386414,10.860711,10.860717296600342
1866,88.75945091247559,0.8913929,0.8913928270339966,5.960464477539063e-08,0.8913928866386414,10.860711,10.860717296600342
1867,88.80168676376343,0.8913929,0.8913928270339966,5.960464477539063e-08,0.8913928866386414,10.860711,10.860717296600342
1868,88.84453654289246,0.8913929,0.8913928270339966,5.960464477539063e-08,0.8913928866386414,10.860711,10.860717296600342
1869,88.88740968704224,0.8913929,0.8913928270339966,5.960464477539063e-08,0.8913928866386414,10.860711,10.860717296600342
1870,88.92924571037292,0.8913929,0.8913928270339966,5.960464477539063e-08,0.8913928866386414,10.860711,10.860717296600342
1871,88.97074508666992,0.8913929,0.8913928270339966,5.960464477539063e-08,0.8913928866386414,10.860711,10.860717296600342
1872,89.01401615142822,0.8913929,0.8913928270339966,5.960464477539063e-08,0.8913928866386414,10.860711,10.860717296600342
1873,89.05686664581299,0.8914,0.8913929462432861,3.91720476500268e-07,0.8913928866386414,10.8600025,10.860705375671387
1874,89.10598850250244,0.8914,0.8913929462432861,6.732231554451573e-07,0.8913928866386414,10.8600025,10.860705375671387
1875,89.14859938621521,0.8914023,0.8913931250572205,1.4233478395908605e-06,0.8913928866386414,10.85977,10.860687494277954
1876,89.19891691207886,0.8914023,0.8913938403129578,2.535290605010232e-06,0.8913928866386414,10.85977,10.860615968704224
1877,89.24243593215942,0.8914023,0.8913952708244324,3.7392089780041715e-06,0.8913928866386414,10.85977,10.860472917556763
1878,89.28625059127808,0.8914023,0.8913979530334473,4.199624981993111e-06,0.8913928866386414,10.85977,10.860204696655273
1879,89.32826066017151,0.8914023,0.8914016485214233,1.0316733778381604e-06,0.8914000391960144,10.85977,10.859835147857666
1880,89.3712089061737,0.8914023,0.8914022445678711,5.960464477539063e-08,0.8914023041725159,10.85977,10.85977554321289
1881,89.4135992527008,0.8914023,0.8914022445678711,5.960464477539063e-08,0.8914023041725159,10.85977,10.85977554321289
1882,89.45660972595215,0.8914023,0.8914022445678711,5.960464477539063e-08,0.8914023041725159,10.85977,10.85977554321289
1883,89.49921154975891,0.8914023,0.8914022445678711,5.960464477539063e-08,0.8914023041725159,10.85977,10.85977554321289
1884,89.54148626327515,0.8914023,0.8914022445678711,5.960464477539063e-08,0.8914023041725159,10.85977,10.85977554321289
1885,89.58382058143616,0.8914023,0.8914022445678711,5.960464477539063e-08,0.8914023041725159,10.85977,10.85977554321289
1886,89.62471270561218,0.8914023,0.8914022445678711,5.960464477539063e-08,0.8914023041725159,10.85977,10.85977554321289
1887,89.66745829582214,0.8914023,0.8914022445678711,5.960464477539063e-08,0.8914023041725159,10.85977,10.85977554321289
1888,89.70757293701172,0.8914023,0.8914022445678711,5.960464477539063e-08,0.8914023041725159,10.85977,10.85977554321289
1889,89.75020861625671,0.8914023,0.8914022445678711,5.960464477539063e-08,0.8914023041725159,10.85977,10.85977554321289
1890,89.79207158088684,0.8914023,0.8914022445678711,5.960464477539063e-08,0.8914023041725159,10.85977,10.85977554321289
1891,89.83397650718689,0.8914023,0.8914022445678711,5.960464477539063e-08,0.8914023041725159,10.85977,10.85977554321289
1892,89.8775053024292,0.89141,0.8914023637771606,4.241801434545778e-07,0.8914023041725159,10.859001,10.859763622283936
1893,89.92677545547485,0.89141,0.8914023637771606,5.969127983007638e-07,0.8914023041725159,10.859001,10.859763622283936
1894,89.96991920471191,0.8914135,0.891402542591095,1.3317700222614803e-06,0.8914023041725159,10.858649,10.859745740890503
1895,90.01984810829163,0.8914135,0.891403079032898,2.5553540581313428e-06,0.8914023041725159,10.858649,10.859692096710205
1896,90.0620367527008,0.8914135,0.8914047479629517,4.218866251903819e-06,0.8914023041725159,10.858649,10.859525203704834
1897,90.10431504249573,0.8914135,0.8914079070091248,5.002367288398091e-06,0.8914023041725159,10.858649,10.859209299087524
1898,90.14673495292664,0.89141893,0.8914127349853516,1.5367452306236373e-06,0.8914100527763367,10.858107,10.858726501464844
1899,90.19841647148132,0.89141893,0.8914136290550232,6.066449032005039e-07,0.8914135098457336,10.858107,10.85863709449768
1900,90.24089002609253,0.89146304,0.8914139270782471,2.8899789867864456e-06,0.8914135098457336,10.853696,10.858607292175293
1901,90.29033541679382,0.89146304,0.8914147615432739,4.930918294121511e-06,0.8914135098457336,10.853696,10.858523845672607
1902,90.3316216468811,0.89146304,0.8914164304733276,7.681681381654926e-06,0.8914135098457336,10.853696,10.858356952667236
1903,90.37273573875427,0.891491,0.8914225101470947,1.5384290236397646e-05,0.8914135694503784,10.850901,10.857748985290527
1904,90.42166590690613,0.891491,0.8914323449134827,2.1223240764811635e-05,0.8914183378219604,10.850901,10.856765508651733
1905,90.46282625198364,0.89150476,0.8914502859115601,2.3981659978744574e-05,0.8914198875427246,10.849524,10.854971408843994
1906,90.51332950592041,0.89155906,0.8914731740951538,1.4361414287122898e-05,0.891461968421936,10.844093,10.85268259048462
1907,90.56599497795105,0.89158165,0.8914883732795715,2.265088005515281e-05,0.8914675712585449,10.841835,10.851162672042847
1908,90.61681628227234,0.89158165,0.8915096521377563,2.8895223294966854e-05,0.891487717628479,10.841835,10.849034786224365
1909,90.65929675102234,0.8915818,0.8915370106697083,3.118590757367201e-05,0.8914925456047058,10.841823,10.846298933029175
1910,90.71091389656067,0.89159,0.8915671706199646,1.212240294989897e-05,0.8915436267852783,10.841,10.84328293800354
1911,90.76001930236816,0.89159,0.8915784358978271,3.97158510168083e-06,0.891569197177887,10.841,10.842156410217285
1912,90.80297780036926,0.89159435,0.8915817737579346,1.709424964246864e-06,0.8915801644325256,10.840565,10.841822624206543
1913,90.85269260406494,0.89159435,0.8915827870368958,2.960637402793509e-06,0.891581654548645,10.840565,10.841721296310425
1914,90.89435267448425,0.891595,0.891585111618042,4.585775513987755e-06,0.8915817737579346,10.8405,10.8414888381958
1915,90.94639468193054,0.891595,0.891589343547821,4.700850695371628e-06,0.8915822505950928,10.8405,10.841065645217896
1916,90.98994421958923,0.891595,0.8915932178497314,1.986647703233757e-06,0.8915899991989136,10.8405,10.840678215026855
1917,91.03096961975098,0.891595,0.8915947079658508,2.577304485384957e-07,0.8915943503379822,10.8405,10.840529203414917
1918,91.07267951965332,0.891595,0.8915948867797852,9.633337327841218e-08,0.8915948867797852,10.8405,10.840511322021484
1919,91.11433482170105,0.891595,0.8915950059890747,0.0,0.8915950059890747,10.8405,10.84049940109253
1920,91.1565158367157,0.8916252,0.8915950655937195,1.6613170146229095e-06,0.8915950059890747,10.837478,10.840493440628052
1921,91.20698142051697,0.8916252,0.8915952444076538,3.103227072642767e-06,0.8915950059890747,10.837478,10.84047555923462
1922,91.24939298629761,0.89163667,0.8915968537330627,6.463629233621759e-06,0.8915950059890747,10.836333,10.840314626693726
1923,91.29781317710876,0.8916842,0.8916005492210388,1.1449268640717492e-05,0.8915950059890747,10.831583,10.839945077896118
1924,91.34585165977478,0.8916842,0.8916082382202148,1.5128137420106214e-05,0.8915950059890747,10.831583,10.839176177978516
1925,91.38826370239258,0.8917316,0.8916242122650146,1.8223510778625496e-05,0.8916067481040955,10.826838,10.837578773498535
1926,91.44651675224304,0.89173204,0.8916425108909607,2.3452192181139253e-05,0.891624927520752,10.826797,10.83574891090393
1927,91.50510454177856,0.89176154,0.8916676044464111,2.9015931431786157e-05,0.8916252255439758,10.823846,10.833239555358887
1928,91.55832171440125,0.8917619,0.8916969895362854,3.131878111162223e-05,0.8916608095169067,10.823811,10.83030104637146
1929,91.60990500450134,0.8917619,0.8917304873466492,2.305636189703364e-05,0.891684353351593,10.823811,10.826951265335083
1930,91.65095663070679,0.891762,0.8917508125305176,8.41576184029691e-06,0.8917319178581238,10.823798,10.824918746948242
1931,91.70039081573486,0.891762,0.8917583227157593,4.789159902429674e-06,0.891749918460846,10.823798,10.824167728424072
1932,91.74265623092651,0.891762,0.8917617201805115,1.842843175836606e-07,0.8917615413665771,10.823798,10.823827981948853
1933,91.78665804862976,0.891762,0.8917618989944458,4.61695606190915e-08,0.8917618989944458,10.823798,10.82381010055542
1934,91.82982134819031,0.891762,0.8917618989944458,6.851195877288774e-08,0.8917618989944458,10.823798,10.82381010055542
1935,91.87187790870667,0.891762,0.8917618989944458,9.810516843344885e-08,0.8917618989944458,10.823798,10.82381010055542
1936,91.91411352157593,0.89176416,0.8917618989944458,1.723763460859118e-07,0.8917620182037354,10.823584,10.82381010055542
1937,91.96360468864441,0.89176416,0.8917618989944458,2.4641246909595793e-07,0.8917620182037354,10.823584,10.82381010055542
1938,92.00470280647278,0.89178765,0.8917620182037354,1.460437260902836e-06,0.8917620182037354,10.821236,10.823798179626465
1939,92.0549864768982,0.8917892,0.8917635679244995,6.033707450114889e-06,0.8917620182037354,10.82108,10.823643207550049
1940,92.1054675579071,0.8917892,0.8917678594589233,1.0636887964210473e-05,0.8917620182037354,10.82108,10.823214054107666
1941,92.14758634567261,0.8917892,0.8917765021324158,1.2495427654357627e-05,0.8917620182037354,10.82108,10.822349786758423
1942,92.19001746177673,0.8917929,0.8917884826660156,8.173565220204182e-07,0.8917876482009888,10.820711,10.821151733398438
1943,92.24007654190063,0.89179444,0.8917893171310425,6.739822993040434e-07,0.8917876482009888,10.820556,10.821068286895752
1944,92.28835201263428,0.89179444,0.8917896747589111,1.0941392929453286e-06,0.8917891979217529,10.820556,10.821032524108887
1945,92.32982134819031,0.89179444,0.8917902112007141,1.8053166286335909e-06,0.8917891979217529,10.820556,10.820978879928589
1946,92.37087273597717,0.89179444,0.8917912244796753,2.2996889583737357e-06,0.8917891979217529,10.820556,10.82087755203247
1947,92.4136893749237,0.89179444,0.8917933702468872,1.5478040040761698e-06,0.8917892575263977,10.820556,10.82066297531128
1948,92.45592880249023,0.89179444,0.8917942643165588,1.7881393432617188e-07,0.8917944431304932,10.820556,10.820573568344116
1949,92.50064063072205,0.89179444,0.8917942643165588,1.7881393432617188e-07,0.8917944431304932,10.820556,10.820573568344116
1950,92.54246616363525,0.8917993,0.8917942643165588,3.283915361862455e-07,0.8917944431304932,10.820073,10.820573568344116
1951,92.59220218658447,0.891801,0.8917942643165588,5.666385050062672e-07,0.8917944431304932,10.8199005,10.820573568344116
1952,92.64325022697449,0.891803,0.8917944431304932,1.0179007858823752e-06,0.8917944431304932,10.819697,10.820555686950684
1953,92.69248366355896,0.8918049,0.8917950391769409,2.2662404717266327e-06,0.8917944431304932,10.819512,10.820496082305908
1954,92.74173736572266,0.89180493,0.8917965292930603,3.656609578683856e-06,0.8917944431304932,10.819507,10.82034707069397
1955,92.79043126106262,0.89180493,0.8917996287345886,4.285478098609019e-06,0.8917944431304932,10.819507,10.820037126541138
1956,92.83323335647583,0.89180493,0.8918035626411438,1.6606023791609914e-06,0.8918009996414185,10.819507,10.81964373588562
1957,92.8812837600708,0.89180493,0.8918048143386841,6.991189138716436e-08,0.8918048143386841,10.819507,10.819518566131592
1958,92.9385335445404,0.89180493,0.8918048143386841,9.312277882145281e-08,0.8918048739433289,10.819507,10.819518566131592
1959,92.9854462146759,0.89180493,0.8918048143386841,1.1859813042747192e-07,0.8918048739433289,10.819507,10.819518566131592
1960,93.02948331832886,0.89182127,0.8918049335479736,8.990289757093706e-07,0.8918049335479736,10.817873,10.819506645202637
1961,93.08089780807495,0.89182127,0.891805112361908,1.934577539941529e-06,0.8918049335479736,10.817873,10.819488763809204
1962,93.1249635219574,0.89182127,0.8918061256408691,4.149208962189732e-06,0.8918049335479736,10.817873,10.819387435913086
1963,93.16613984107971,0.89182127,0.8918079733848572,6.156075869512279e-06,0.8918049335479736,10.817873,10.819202661514282
1964,93.20874094963074,0.89182127,0.8918118476867676,7.535156782978447e-06,0.8918049335479736,10.817873,10.818815231323242
1965,93.2494809627533,0.89182127,0.8918187022209167,4.4471748879004735e-06,0.8918078541755676,10.817873,10.818129777908325
1966,93.2905502319336,0.89182127,0.8918212652206421,0.0,0.8918212652206421,10.817873,10.817873477935791
1967,93.33176016807556,0.89182127,0.8918212652206421,0.0,0.8918212652206421,10.817873,10.817873477935791
1968,93.37220644950867,0.89184475,0.8918212652206421,1.2927642956128693e-06,0.8918212652206421,10.815525,10.817873477935791
1969,93.42258739471436,0.89184475,0.8918213844299316,1.8228428189104307e-06,0.8918212652206421,10.815525,10.817861557006836
1970,93.46534395217896,0.8918464,0.8918218612670898,3.6778264984604903e-06,0.8918212652206421,10.815358,10.817813873291016
1971,93.51752638816833,0.8918464,0.8918237090110779,7.3079618232441135e-06,0.8918212652206421,10.815358,10.817629098892212
1972,93.55957412719727,0.8918464,0.8918278813362122,1.0941234904748853e-05,0.8918212652206421,10.815358,10.817211866378784
1973,93.60203385353088,0.8918464,0.8918361663818359,1.2175667507108301e-05,0.8918212652206421,10.815358,10.816383361816406
1974,93.64336729049683,0.8918464,0.8918466567993164,2.384185791015625e-07,0.8918464183807373,10.815358,10.81533432006836
1975,93.68515014648438,0.8918464,0.8918466567993164,2.384185791015625e-07,0.8918464183807373,10.815358,10.81533432006836
1976,93.72626996040344,0.8918464,0.8918466567993164,2.384185791015625e-07,0.8918464183807373,10.815358,10.81533432006836
1977,93.76812267303467,0.8918464,0.8918466567993164,2.384185791015625e-07,0.8918464183807373,10.815358,10.81533432006836
1978,93.81021571159363,0.8918464,0.8918466567993164,2.384185791015625e-07,0.8918464183807373,10.815358,10.81533432006836
1979,93.85144543647766,0.8918464,0.8918466567993164,2.384185791015625e-07,0.8918464183807373,10.815358,10.81533432006836
1980,93.89363980293274,0.8918464,0.8918466567993164,2.384185791015625e-07,0.8918464183807373,10.815358,10.81533432006836
1981,93.93651175498962,0.8918464,0.8918466567993164,2.384185791015625e-07,0.8918464183807373,10.815358,10.81533432006836
1982,93.98034644126892,0.8918475,0.8918466567993164,2.4244846485999005e-07,0.8918464183807373,10.81525,10.81533432006836
1983,94.02865266799927,0.8918475,0.8918466567993164,2.5415505433556973e-07,0.8918464183807373,10.81525,10.81533432006836
1984,94.0711760520935,0.8918475,0.8918466567993164,2.7937795721300063e-07,0.8918464183807373,10.81525,10.81533432006836
1985,94.1147563457489,0.8918475,0.8918467164039612,3.6060325214748445e-07,0.8918464183807373,10.81525,10.815328359603882
1986,94.15809845924377,0.8918475,0.8918468952178955,4.361987464562844e-07,0.8918464183807373,10.81525,10.81531047821045
1987,94.20075345039368,0.8918475,0.8918471932411194,2.7691046966538124e-07,0.8918464779853821,10.81525,10.815280675888062
1988,94.24336242675781,0.8918475,0.8918473720550537,1.75900282783914e-07,0.8918470740318298,10.81525,10.815262794494629
1989,94.28542113304138,0.8918475,0.891847550868988,5.960464477539063e-08,0.8918474912643433,10.81525,10.815244913101196
1990,94.32896327972412,0.8919159,0.8918477296829224,3.761151447179145e-06,0.8918474912643433,10.808409,10.815227031707764
1991,94.37812733650208,0.8919784,0.8918485641479492,9.666810001363046e-06,0.8918474912643433,10.802162,10.815143585205078
1992,94.42794060707092,0.8919784,0.8918514251708984,1.9550365323084407e-05,0.8918474912643433,10.802162,10.814857482910156
1993,94.47080588340759,0.8919784,0.891864001750946,4.1420935303904116e-05,0.8918474912643433,10.802162,10.813599824905396
1994,94.51476645469666,0.8919784,0.8918841481208801,5.6221808335976675e-05,0.8918474912643433,10.802162,10.811585187911987
1995,94.55740094184875,0.8919784,0.8919283747673035,5.943659198237583e-05,0.8918474912643433,10.802162,10.807162523269653
1996,94.59811282157898,0.8919784,0.8919783234596252,5.960464477539063e-08,0.89197838306427,10.802162,10.802167654037476
1997,94.6394248008728,0.8919784,0.8919783234596252,5.960464477539063e-08,0.89197838306427,10.802162,10.802167654037476
1998,94.68116855621338,0.8919784,0.8919783234596252,5.960464477539063e-08,0.89197838306427,10.802162,10.802167654037476
1999,94.72274708747864,0.8919784,0.8919783234596252,5.960464477539063e-08,0.89197838306427,10.802162,10.802167654037476
2000,94.76608085632324,0.8919784,0.8919783234596252,5.960464477539063e-08,0.89197838306427,10.802162,10.802167654037476
2001,94.8134274482727,0.8919784,0.8919783234596252,5.960464477539063e-08,0.89197838306427,10.802162,10.802167654037476
2002,94.85498762130737,0.89199895,0.8919783234596252,1.1368290415703086e-06,0.89197838306427,10.800105,10.802167654037476
2003,94.90535163879395,0.8920616,0.8919786810874939,4.838140739593655e-06,0.89197838306427,10.79384,10.80213189125061
2004,94.95551896095276,0.8920616,0.8919802308082581,1.0732030204962939e-05,0.89197838306427,10.79384,10.801976919174194
2005,94.99801754951477,0.8920616,0.8919872641563416,2.3992739443201572e-05,0.89197838306427,10.79384,10.801273584365845
2006,95.03965902328491,0.8920616,0.8920027017593384,3.560927871149033e-05,0.89197838306427,10.79384,10.799729824066162
2007,95.08232927322388,0.8920616,0.8920291066169739,3.611961437854916e-05,0.89197838306427,10.79384,10.797089338302612
2008,95.12586045265198,0.8920616,0.8920605182647705,2.311026264578686e-06,0.8920547366142273,10.79384,10.79394817352295
2009,95.16768717765808,0.8920616,0.8920615315437317,5.960464477539063e-08,0.8920615911483765,10.79384,10.793846845626831
2010,95.21058535575867,0.8920616,0.8920615315437317,5.960464477539063e-08,0.8920615911483765,10.79384,10.793846845626831
2011,95.25282168388367,0.8920616,0.8920615315437317,5.960464477539063e-08,0.8920615911483765,10.79384,10.793846845626831
2012,95.29511737823486,0.8920616,0.8920615315437317,5.960464477539063e-08,0.8920615911483765,10.79384,10.793846845626831
2013,95.33711099624634,0.8920616,0.8920615315437317,5.960464477539063e-08,0.8920615911483765,10.79384,10.793846845626831
2014,95.37702965736389,0.8920616,0.8920615315437317,5.960464477539063e-08,0.8920615911483765,10.79384,10.793846845626831
2015,95.41845369338989,0.8920616,0.8920615315437317,5.960464477539063e-08,0.8920615911483765,10.79384,10.793846845626831
2016,95.46085596084595,0.8920616,0.8920615315437317,5.960464477539063e-08,0.8920615911483765,10.79384,10.793846845626831
2017,95.503662109375,0.8920616,0.8920615315437317,5.960464477539063e-08,0.8920615911483765,10.79384,10.793846845626831
2018,95.54766058921814,0.8920658,0.8920615315437317,2.436223383028846e-07,0.8920615911483765,10.793418,10.793846845626831
2019,95.59866189956665,0.8920672,0.8920616507530212,5.899007646803511e-07,0.8920615911483765,10.793281,10.793834924697876
2020,95.64643454551697,0.89208233,0.8920618891716003,1.8968919448525412e-06,0.8920615911483765,10.791767,10.793811082839966
2021,95.69711542129517,0.89208245,0.8920628428459167,3.963619292335352e-06,0.8920615911483765,10.791755,10.793715715408325
2022,95.74770331382751,0.89208245,0.8920655250549316,7.074039785948116e-06,0.8920615911483765,10.791755,10.793447494506836
2023,95.79114890098572,0.89208245,0.8920709490776062,8.760708624322433e-06,0.8920615911483765,10.791755,10.79290509223938
2024,95.83334159851074,0.89209384,0.8920789957046509,6.272738573898096e-06,0.8920672535896301,10.790616,10.792100429534912
2025,95.88231444358826,0.8920944,0.8920825123786926,1.5366961179097416e-06,0.8920823335647583,10.790563,10.791748762130737
2026,95.93230676651001,0.8921089,0.8920829892158508,2.9903317226853687e-06,0.8920824527740479,10.789108,10.791701078414917
2027,95.98091244697571,0.8921089,0.8920847773551941,5.936353772995062e-06,0.8920824527740479,10.789108,10.79152226448059
2028,96.02410054206848,0.8921089,0.8920886516571045,8.839308065944351e-06,0.8920824527740479,10.789108,10.79113483428955
2029,96.06700587272644,0.8921089,0.8920955657958984,9.00569102668669e-06,0.8920824527740479,10.789108,10.790443420410156
2030,96.11033701896667,0.8921089,0.8921027779579163,6.7627938733494375e-06,0.8920944929122925,10.789108,10.789722204208374
2031,96.15228271484375,0.8921089,0.8921087384223938,3.832042523299606e-07,0.8921079039573669,10.789108,10.78912615776062
2032,96.19341468811035,0.8921089,0.8921089172363281,0.0,0.8921089172363281,10.789108,10.789108276367188
2033,96.23552441596985,0.8921089,0.8921089172363281,0.0,0.8921089172363281,10.789108,10.789108276367188
2034,96.27802085876465,0.8921089,0.8921089172363281,0.0,0.8921089172363281,10.789108,10.789108276367188
2035,96.3206250667572,0.8921089,0.8921089172363281,0.0,0.8921089172363281,10.789108,10.789108276367188
2036,96.36199951171875,0.8921089,0.8921089172363281,0.0,0.8921089172363281,10.789108,10.789108276367188
2037,96.40362620353699,0.8921089,0.8921089172363281,0.0,0.8921089172363281,10.789108,10.789108276367188
2038,96.44499683380127,0.89212096,0.8921089172363281,6.627877837672713e-07,0.8921089172363281,10.787905,10.789108276367188
2039,96.49382734298706,0.89212096,0.8921089172363281,9.373234775011952e-07,0.8921089172363281,10.787905,10.789108276367188
2040,96.53747081756592,0.89212096,0.8921092748641968,2.0608695194823667e-06,0.8921089172363281,10.787905,10.789072513580322
2041,96.57992315292358,0.8921211,0.8921104669570923,4.048088612762513e-06,0.8921089172363281,10.787892,10.788953304290771
2042,96.62885451316833,0.8921211,0.8921126127243042,5.562096248468151e-06,0.8921089172363281,10.787892,10.78873872756958
2043,96.67079877853394,0.8921211,0.8921166658401489,5.781745130661875e-06,0.8921089172363281,10.787892,10.788333415985107
2044,96.71258354187012,0.89212644,0.8921210765838623,3.1344646345132787e-07,0.892120897769928,10.787355,10.78789234161377
2045,96.7623507976532,0.89217764,0.8921214938163757,3.862409812427359e-06,0.8921209573745728,10.782236,10.787850618362427
2046,96.81180119514465,0.8921838,0.892122745513916,8.169677130354103e-06,0.8921210765838623,10.781622,10.787725448608398
2047,96.86031341552734,0.8921932,0.892126739025116,1.5291911040549167e-05,0.8921210765838623,10.78068,10.787326097488403
2048,96.90993976593018,0.8922042,0.8921357989311218,2.309934097866062e-05,0.8921210765838623,10.779577,10.786420106887817
2049,96.95932936668396,0.89220846,0.8921547532081604,2.6350760890636593e-05,0.8921210765838623,10.779154,10.78452467918396
2050,97.00970554351807,0.89221364,0.8921806812286377,1.4457789802690968e-05,0.8921571969985962,10.778636,10.78193187713623
2051,97.06070280075073,0.89221364,0.892193615436554,9.716598469822202e-06,0.892183780670166,10.778636,10.780638456344604
2052,97.10282874107361,0.89221567,0.8922023177146912,8.496657756040804e-06,0.8921931385993958,10.778433,10.779768228530884
2053,97.15079402923584,0.89221567,0.8922107815742493,3.945157914131414e-06,0.892204225063324,10.778433,10.778921842575073
2054,97.19471478462219,0.8922157,0.892213761806488,3.627093292379868e-07,0.8922135829925537,10.778427,10.778623819351196
2055,97.2437105178833,0.8922157,0.8922139406204224,6.452902994169563e-07,0.8922136425971985,10.778427,10.778605937957764
2056,97.32256197929382,0.89227635,0.8892306089401245,0.0025729029439389706,0.8830890655517578,10.772366,11.076939105987549
2057,97.3718581199646,0.89227635,0.8914687633514404,0.0006724946433678269,0.8900138139724731,10.772366,10.853123664855957
2058,97.41399717330933,0.89227635,0.8920689225196838,0.00016611548198852688,0.8916890621185303,10.772366,10.793107748031616
2059,97.45693111419678,0.89227635,0.8922023177146912,4.1648749174783006e-05,0.8921361565589905,10.772366,10.779768228530884
2060,97.50155520439148,0.89227635,0.8922348618507385,3.1795680115465075e-05,0.8922048211097717,10.772366,10.776513814926147
2061,97.54680395126343,0.89227635,0.8922630548477173,2.4379411115660332e-05,0.8922136425971985,10.772366,10.773694515228271
2062,97.58744549751282,0.8922768,0.8922759294509888,8.768196266828454e-07,0.8922742009162903,10.772318,10.772407054901123
2063,97.63660931587219,0.8922822,0.8922764658927917,3.39782928904242e-07,0.8922763466835022,10.771781,10.772353410720825
2064,97.68847346305847,0.8922822,0.8922764658927917,4.689373156452348e-07,0.8922763466835022,10.771781,10.772353410720825
2065,97.73269248008728,0.89231056,0.8922766447067261,2.101027575918124e-06,0.8922763466835022,10.768944,10.772335529327393
2066,97.7812032699585,0.892313,0.8922775983810425,4.6015320549486205e-06,0.8922763466835022,10.7687,10.772240161895752
2067,97.8305516242981,0.8923135,0.8922803401947021,9.217756996804383e-06,0.8922763466835022,10.768652,10.771965980529785
2068,97.88062167167664,0.8923135,0.8922868967056274,1.4285141332948115e-05,0.8922768235206604,10.768652,10.771310329437256
2069,97.92450952529907,0.8923135,0.892299234867096,1.4457212273555342e-05,0.8922821879386902,10.768652,10.770076513290405
2070,97.96840739250183,0.8923135,0.8923128843307495,8.920052323446725e-07,0.8923105597496033,10.768652,10.768711566925049
2071,98.01047015190125,0.8923135,0.8923133611679077,1.1920928955078125e-07,0.8923134803771973,10.768652,10.768663883209229
2072,98.05172848701477,0.8923135,0.8923133611679077,1.1920928955078125e-07,0.8923134803771973,10.768652,10.768663883209229
2073,98.09410357475281,0.8923135,0.8923133611679077,1.1920928955078125e-07,0.8923134803771973,10.768652,10.768663883209229
2074,98.13601589202881,0.8923135,0.8923133611679077,1.1920928955078125e-07,0.8923134803771973,10.768652,10.768663883209229
2075,98.1785774230957,0.8923135,0.8923133611679077,1.1920928955078125e-07,0.8923134803771973,10.768652,10.768663883209229
2076,98.2200243473053,0.8923135,0.8923133611679077,1.1920928955078125e-07,0.8923134803771973,10.768652,10.768663883209229
2077,98.26348114013672,0.8923743,0.892313539981842,3.3439987419114914e-06,0.8923134803771973,10.762572,10.768646001815796
2078,98.31274771690369,0.8923743,0.8923143148422241,7.017082680249587e-06,0.8923134803771973,10.762572,10.768568515777588
2079,98.35534763336182,0.8923879,0.8923171758651733,1.4256946087698452e-05,0.8923134803771973,10.761208,10.768282413482666
2080,98.4162483215332,0.8923879,0.8923235535621643,2.2285197701421566e-05,0.8923134803771973,10.761208,10.76764464378357
2081,98.46288895606995,0.8923898,0.8923369646072388,2.9870207072235644e-05,0.8923134803771973,10.761023,10.766303539276123
2082,98.51348948478699,0.8923898,0.8923658132553101,2.3613969460711814e-05,0.8923180103302002,10.761023,10.763418674468994
2083,98.55540347099304,0.8923898,0.8923841714859009,5.842774498887593e-06,0.8923742771148682,10.761023,10.761582851409912
2084,98.59727096557617,0.8923898,0.8923887014389038,9.132504601438995e-07,0.8923879265785217,10.761023,10.76112985610962
2085,98.64124774932861,0.8923898,0.8923894762992859,5.719335831599892e-07,0.8923879265785217,10.761023,10.761052370071411
2086,98.68372464179993,0.8923898,0.8923896551132202,1.1920928955078125e-07,0.8923897743225098,10.761023,10.761034488677979
2087,98.72554922103882,0.8923898,0.8923896551132202,1.1920928955078125e-07,0.8923897743225098,10.761023,10.761034488677979
2088,98.76800751686096,0.8923898,0.8923896551132202,1.1920928955078125e-07,0.8923897743225098,10.761023,10.761034488677979
2089,98.80934357643127,0.8923898,0.8923896551132202,1.1920928955078125e-07,0.8923897743225098,10.761023,10.761034488677979
2090,98.85109448432922,0.89239305,0.8923896551132202,2.2168867985783436e-07,0.8923897743225098,10.7606945,10.761034488677979
2091,98.89975118637085,0.89239305,0.8923897743225098,3.609240479818254e-07,0.8923897743225098,10.7606945,10.761022567749023
2092,98.94195294380188,0.89243287,0.8923899531364441,2.4533776468160795e-06,0.8923897743225098,10.756713,10.76100468635559
2093,98.99380922317505,0.89244205,0.892390787601471,5.5625000641157385e-06,0.8923897743225098,10.7557955,10.760921239852905
2094,99.04481315612793,0.89244205,0.8923935294151306,1.1170183825015556e-05,0.8923897743225098,10.7557955,10.760647058486938
2095,99.08752417564392,0.8924454,0.8924000263214111,1.7237711290363222e-05,0.8923897743225098,10.755462,10.759997367858887
2096,99.13815021514893,0.8924454,0.8924117684364319,2.119328019034583e-05,0.8923930525779724,10.755462,10.758823156356812
2097,99.18032312393188,0.8924454,0.8924312591552734,1.418837382516358e-05,0.892397940158844,10.755462,10.756874084472656
2098,99.22240829467773,0.8924454,0.8924412727355957,2.915144023063476e-06,0.8924362659454346,10.755462,10.75587272644043
2099,99.26405429840088,0.8924454,0.8924436569213867,1.662962176851579e-06,0.8924420475959778,10.755462,10.755634307861328
2100,99.30513119697571,0.8924454,0.8924452066421509,8.51545905788953e-07,0.8924420475959778,10.755462,10.755479335784912
2101,99.34825420379639,0.8924454,0.8924455046653748,1.1920928955078125e-07,0.8924453854560852,10.755462,10.755449533462524
2102,99.39303803443909,0.8924454,0.8924455046653748,1.1920928955078125e-07,0.8924453854560852,10.755462,10.755449533462524
2103,99.43727016448975,0.8924454,0.8924455046653748,1.1920928955078125e-07,0.8924453854560852,10.755462,10.755449533462524
2104,99.47956943511963,0.8924454,0.8924455046653748,1.1920928955078125e-07,0.8924453854560852,10.755462,10.755449533462524
2105,99.52532720565796,0.8924454,0.8924455046653748,1.1920928955078125e-07,0.8924453854560852,10.755462,10.755449533462524
2106,99.5682692527771,0.8924454,0.8924455046653748,1.1920928955078125e-07,0.8924453854560852,10.755462,10.755449533462524
2107,99.61107206344604,0.8924454,0.8924455046653748,1.1920928955078125e-07,0.8924453854560852,10.755462,10.755449533462524
2108,99.65490984916687,0.8924454,0.8924455046653748,1.1920928955078125e-07,0.8924453854560852,10.755462,10.755449533462524
2109,99.69743847846985,0.8924454,0.8924455046653748,1.1920928955078125e-07,0.8924453854560852,10.755462,10.755449533462524
2110,99.73983812332153,0.8924454,0.8924455046653748,1.1920928955078125e-07,0.8924453854560852,10.755462,10.755449533462524
2111,99.78335618972778,0.8924597,0.8924455046653748,7.899276965872559e-07,0.8924453854560852,10.754031,10.755449533462524
2112,99.83357524871826,0.8924597,0.8924456834793091,1.3680768233825802e-06,0.8924453854560852,10.754031,10.755431652069092
2113,99.87666654586792,0.89247435,0.8924462795257568,3.666655402412289e-06,0.8924453854560852,10.752564,10.755372047424316
2114,99.92824816703796,0.89247435,0.8924481272697449,6.597891569981584e-06,0.8924453854560852,10.752564,10.755187273025513
2115,99.97220158576965,0.8924749,0.8924528956413269,1.0677379577828106e-05,0.8924453854560852,10.752511,10.75471043586731
2116,100.02322125434875,0.8924749,0.8924615383148193,1.129243173636496e-05,0.8924453854560852,10.752511,10.753846168518066
2117,100.06618642807007,0.8924749,0.8924714922904968,4.5456699808710255e-06,0.892461895942688,10.752511,10.752850770950317
2118,100.10847163200378,0.8924749,0.8924745321273804,4.4775674723496195e-07,0.8924726247787476,10.752511,10.752546787261963
2119,100.1501305103302,0.892475,0.8924750089645386,1.1902853458423124e-07,0.892474889755249,10.752499,10.752499103546143
2120,100.19642686843872,0.892475,0.8924750089645386,1.1866619331613038e-07,0.892474889755249,10.752499,10.752499103546143
2121,100.2382071018219,0.892475,0.8924750089645386,1.1720563009021134e-07,0.892474889755249,10.752499,10.752499103546143
2122,100.27983617782593,0.892475,0.8924750089645386,1.1165480628960722e-07,0.892474889755249,10.752499,10.752499103546143
2123,100.32236337661743,0.892475,0.8924750089645386,1.0016847795668582e-07,0.892474889755249,10.752499,10.752499103546143
2124,100.36543893814087,0.892475,0.8924750089645386,7.203551177781264e-08,0.892474889755249,10.752499,10.752499103546143
2125,100.40760517120361,0.892475,0.8924750089645386,0.0,0.8924750089645386,10.752499,10.752499103546143
2126,100.45049285888672,0.892475,0.8924750089645386,0.0,0.8924750089645386,10.752499,10.752499103546143
2127,100.49623680114746,0.892475,0.8924750089645386,0.0,0.8924750089645386,10.752499,10.752499103546143
2128,100.53978848457336,0.892475,0.8924750089645386,0.0,0.8924750089645386,10.752499,10.752499103546143
2129,100.58169102668762,0.892475,0.8924750089645386,0.0,0.8924750089645386,10.752499,10.752499103546143
2130,100.62474846839905,0.892475,0.8924750089645386,0.0,0.8924750089645386,10.752499,10.752499103546143
2131,100.66633749008179,0.892475,0.8924750089645386,0.0,0.8924750089645386,10.752499,10.752499103546143
2132,100.7071521282196,0.892475,0.8924750089645386,0.0,0.8924750089645386,10.752499,10.752499103546143
2133,100.74875140190125,0.892475,0.8924750089645386,0.0,0.8924750089645386,10.752499,10.752499103546143
2134,100.79080009460449,0.892475,0.8924750089645386,0.0,0.8924750089645386,10.752499,10.752499103546143
2135,100.83223056793213,0.892475,0.8924750089645386,0.0,0.8924750089645386,10.752499,10.752499103546143
2136,100.87354755401611,0.892475,0.8924750089645386,0.0,0.8924750089645386,10.752499,10.752499103546143
2137,100.91593837738037,0.892486,0.8924750089645386,6.037275284143107e-07,0.8924750089645386,10.751402,10.752499103546143
2138,100.96705436706543,0.8925264,0.8924753665924072,3.6235194329492515e-06,0.8924750089645386,10.747361,10.752463340759277
2139,101.01521873474121,0.8925264,0.8924773931503296,9.278610377805308e-06,0.8924750089645386,10.747361,10.752260684967041
2140,101.05662894248962,0.89259064,0.8924838900566101,1.863921897893306e-05,0.8924750089645386,10.740936,10.75161099433899
2141,101.10555672645569,0.89259064,0.8924955129623413,2.4462906367261894e-05,0.8924750089645386,10.740936,10.75044870376587
2142,101.14719653129578,0.89260066,0.8925194144248962,1.851432170951739e-05,0.8924773931503296,10.739935,10.748058557510376
2143,101.1963837146759,0.8926722,0.892533004283905,2.0757122911163606e-05,0.892526388168335,10.732782,10.746699571609497
2144,101.2467429637909,0.8926759,0.8925464749336243,3.853208909276873e-05,0.892526388168335,10.732412,10.745352506637573
2145,101.29668021202087,0.8928542,0.8925759196281433,5.735689410357736e-05,0.892528772354126,10.714579,10.742408037185669
2146,101.34762907028198,0.89286095,0.8926337957382202,4.756824637297541e-05,0.8925299644470215,10.713905,10.736620426177979
2147,101.39582586288452,0.89286196,0.8926802277565002,4.873649959336035e-05,0.892604410648346,10.713804,10.731977224349976
2148,101.44506907463074,0.8929277,0.8927070498466492,7.082506635924801e-05,0.8926721811294556,10.70723,10.729295015335083
2149,101.49710726737976,0.8929277,0.8927538394927979,9.863205923466012e-05,0.8926758170127869,10.70723,10.724616050720215
2150,101.54301977157593,0.8929281,0.8928462266921997,8.288517710752785e-05,0.8926763534545898,10.707188,10.71537733078003
2151,101.59126901626587,0.8929288,0.8929058909416199,2.9396389436442405e-05,0.8928608298301697,10.707122,10.709410905838013
2152,101.64160776138306,0.8929288,0.8929269313812256,1.0137463277715142e-06,0.8929233551025391,10.707122,10.707306861877441
2153,101.6828842163086,0.8929292,0.8929277062416077,4.076528909990884e-07,0.8929270505905151,10.707081,10.707229375839233
2154,101.73552799224854,0.8929292,0.8929280638694763,4.259593708866305e-07,0.8929276466369629,10.707081,10.707193613052368
2155,101.78179287910461,0.89292926,0.892928421497345,4.224635006266908e-07,0.8929281234741211,10.707074,10.707157850265503
2156,101.8308846950531,0.89292926,0.8929288983345032,3.4967493434123753e-07,0.8929282426834106,10.707074,10.707110166549683
2157,101.87444829940796,0.89292926,0.892929196357727,3.675741666597787e-08,0.892929196357727,10.707074,10.707080364227295
2158,101.91979598999023,0.89292926,0.892929196357727,5.2600476863062795e-08,0.892929196357727,10.707074,10.707080364227295
2159,101.96247696876526,0.89292926,0.892929196357727,5.960464477539063e-08,0.8929292559623718,10.707074,10.707080364227295
2160,102.00417709350586,0.89292926,0.892929196357727,5.960464477539063e-08,0.8929292559623718,10.707074,10.707080364227295
2161,102.04519295692444,0.8929305,0.892929196357727,9.35553003955647e-08,0.8929292559623718,10.706949,10.707080364227295
2162,102.12938785552979,0.89293146,0.892929196357727,2.1218522761046188e-07,0.8929292559623718,10.706854,10.707080364227295
2163,102.17787671089172,0.89293146,0.8929293751716614,3.9927428474584303e-07,0.8929292559623718,10.706854,10.707062482833862
2164,102.22032928466797,0.89293146,0.8929295539855957,7.500050855924201e-07,0.8929292559623718,10.706854,10.70704460144043
2165,102.26303768157959,0.89293146,0.8929299116134644,1.0174221642955672e-06,0.8929292559623718,10.706854,10.707008838653564
2166,102.30616474151611,0.89293146,0.8929307460784912,9.32931413899496e-07,0.8929292559623718,10.706854,10.706925392150879
2167,102.34861898422241,0.8929478,0.8929314017295837,9.042706778927823e-07,0.8929314613342285,10.705221,10.706859827041626
2168,102.39912915229797,0.8929494,0.8929314613342285,1.6099373851830023e-06,0.8929314613342285,10.70506,10.706853866577148
2169,102.44751024246216,0.8929494,0.8929317593574524,2.7250828225078294e-06,0.8929314613342285,10.70506,10.70682406425476
2170,102.48792552947998,0.8929591,0.8929334282875061,5.865135335625382e-06,0.8929314613342285,10.704088,10.70665717124939
2171,102.53903293609619,0.8929591,0.8929367661476135,9.102793228521477e-06,0.8929314613342285,10.704088,10.706323385238647
2172,102.5845992565155,0.8929591,0.8929436206817627,1.0850030776055064e-05,0.8929314613342285,10.704088,10.70563793182373
2173,102.62725877761841,0.8929591,0.8929539322853088,4.56997759101796e-06,0.892947793006897,10.704088,10.704606771469116
2174,102.6690719127655,0.8929985,0.8929581046104431,2.5695765089039924e-06,0.892956018447876,10.700149,10.704189538955688
2175,102.71809077262878,0.8929985,0.892959475517273,3.0601825073972577e-06,0.8929591178894043,10.700149,10.704052448272705
2176,102.76137065887451,0.8929985,0.8929600715637207,5.678212346538203e-06,0.8929591178894043,10.700149,10.70399284362793
2177,102.80451893806458,0.8929985,0.8929629325866699,1.1236532373004593e-05,0.8929591178894043,10.700149,10.703706741333008
2178,102.84667754173279,0.8929985,0.8929689526557922,1.622555464564357e-05,0.8929591178894043,10.700149,10.703104734420776
2179,102.89582777023315,0.8929985,0.8929800987243652,1.7872116586659104e-05,0.8929591178894043,10.700149,10.701990127563477
2180,102.95494866371155,0.8929985,0.8929966688156128,3.345196319060051e-06,0.8929908871650696,10.700149,10.70033311843872
2181,103.00120329856873,0.8929985,0.8929986357688904,1.1920928955078125e-07,0.8929985165596008,10.700149,10.700136423110962
2182,103.0439465045929,0.8929985,0.8929986357688904,1.1920928955078125e-07,0.8929985165596008,10.700149,10.700136423110962
2183,103.08639311790466,0.8929985,0.8929986357688904,1.1920928955078125e-07,0.8929985165596008,10.700149,10.700136423110962
2184,103.16306257247925,0.8930519,0.8899242281913757,0.0027565883938223124,0.8834564685821533,10.694808,11.007577180862427
2185,103.21302652359009,0.893052,0.892329752445221,0.0007013720460236073,0.8907153010368347,10.694801,10.767024755477905
2186,103.26284956932068,0.893052,0.8929091691970825,0.0001295680704060942,0.8926112055778503,10.694801,10.709083080291748
2187,103.30436253547668,0.893052,0.8930094242095947,2.470117215125356e-05,0.8929857611656189,10.694801,10.699057579040527
2188,103.34716582298279,0.893052,0.8930266499519348,2.6689976948546246e-05,0.8929985165596008,10.694801,10.697335004806519
2189,103.38981580734253,0.893052,0.8930521011352539,1.3872225679278927e-07,0.8930519223213196,10.694801,10.69478988647461
2190,103.43282866477966,0.893052,0.8930521011352539,1.1920928955078125e-07,0.8930519819259644,10.694801,10.69478988647461
2191,103.47633123397827,0.893052,0.8930521011352539,1.1920928955078125e-07,0.8930519819259644,10.694801,10.69478988647461
2192,103.5179648399353,0.893052,0.8930521011352539,1.1920928955078125e-07,0.8930519819259644,10.694801,10.69478988647461
2193,103.56124806404114,0.893052,0.8930521011352539,1.1920928955078125e-07,0.8930519819259644,10.694801,10.69478988647461
2194,103.60491418838501,0.893052,0.8930521011352539,1.1920928955078125e-07,0.8930519819259644,10.694801,10.69478988647461
2195,103.6488904953003,0.893052,0.8930521011352539,1.1920928955078125e-07,0.8930519819259644,10.694801,10.69478988647461
2196,103.69080829620361,0.893052,0.8930521011352539,1.1920928955078125e-07,0.8930519819259644,10.694801,10.69478988647461
2197,103.73249340057373,0.893052,0.8930521011352539,1.1920928955078125e-07,0.8930519819259644,10.694801,10.69478988647461
2198,103.77484083175659,0.8931069,0.8930521607398987,3.017362359969411e-06,0.8930519819259644,10.689312,10.694783926010132
2199,103.82342505455017,0.89311016,0.8930526375770569,5.362261163099902e-06,0.8930519819259644,10.688984,10.694736242294312
2200,103.87266063690186,0.8931526,0.893054187297821,1.0912078323599417e-05,0.8930519819259644,10.68474,10.694581270217896
2201,103.92251801490784,0.8931526,0.8930603265762329,2.0693281840067357e-05,0.8930519819259644,10.68474,10.693967342376709
2202,103.96539902687073,0.8931575,0.893073320388794,3.1038707675179467e-05,0.8930519819259644,10.684252,10.692667961120605
2203,104.01670813560486,0.8931575,0.8931004405021667,3.260644734837115e-05,0.8930519819259644,10.684252,10.689955949783325
2204,104.06066751480103,0.8931575,0.8931267261505127,2.1939235011814162e-05,0.8931068778038025,10.684252,10.68732738494873
2205,104.10355114936829,0.8931582,0.8931468725204468,1.6922556824283674e-05,0.8931101560592651,10.68418,10.685312747955322
2206,104.15487933158875,0.8931582,0.8931573033332825,1.0314985274817445e-06,0.8931525945663452,10.68418,10.684269666671753
2207,104.19692945480347,0.8931582,0.8931576013565063,1.7571656485415588e-07,0.8931574821472168,10.68418,10.684239864349365
2208,104.23981666564941,0.8931582,0.8931576609611511,2.6917248874269717e-07,0.8931574821472168,10.68418,10.684233903884888
2209,104.28137564659119,0.8931626,0.8931577801704407,4.353649671884341e-07,0.8931574821472168,10.683739,10.684221982955933
2210,104.33137798309326,0.8931645,0.8931580781936646,6.684487630082003e-07,0.8931574821472168,10.683548,10.684192180633545
2211,104.38103890419006,0.8931645,0.8931583166122437,1.1042542382710963e-06,0.8931581974029541,10.683548,10.684168338775635
2212,104.42297029495239,0.89317805,0.8931589126586914,2.2791323317505885e-06,0.8931581974029541,10.682196,10.68410873413086
2213,104.47215342521667,0.89317805,0.8931601643562317,3.279439170000842e-06,0.8931581974029541,10.682196,10.683983564376831
2214,104.51599049568176,0.89318436,0.8931631445884705,4.166082817391725e-06,0.8931581974029541,10.681563,10.683685541152954
2215,104.56644010543823,0.8931844,0.8931664824485779,5.0104226829716936e-06,0.8931645154953003,10.681558,10.683351755142212
2216,104.61707186698914,0.8931844,0.8931698203086853,7.971886589075439e-06,0.8931645154953003,10.681558,10.68301796913147
2217,104.66125178337097,0.8931844,0.8931760787963867,8.797212103672791e-06,0.8931645154953003,10.681558,10.682392120361328
2218,104.70462965965271,0.8931844,0.8931840658187866,1.5895193428150378e-06,0.8931780457496643,10.681558,10.681593418121338
2219,104.74940609931946,0.8931844,0.8931846022605896,1.7881393432617188e-07,0.8931844234466553,10.681558,10.68153977394104
2220,104.79110097885132,0.8931844,0.8931846022605896,1.7881393432617188e-07,0.8931844234466553,10.681558,10.68153977394104
2221,104.83361005783081,0.8931844,0.8931846022605896,1.7881393432617188e-07,0.8931844234466553,10.681558,10.68153977394104
2222,104.87568593025208,0.8931844,0.8931846022605896,1.7881393432617188e-07,0.8931844234466553,10.681558,10.68153977394104
2223,104.91896414756775,0.8931844,0.8931846022605896,1.7881393432617188e-07,0.8931844234466553,10.681558,10.68153977394104
2224,104.96116733551025,0.8931844,0.8931846022605896,1.7881393432617188e-07,0.8931844234466553,10.681558,10.68153977394104
2225,105.00674939155579,0.8931844,0.8931846022605896,1.7881393432617188e-07,0.8931844234466553,10.681558,10.68153977394104
2226,105.04956245422363,0.8931844,0.8931846022605896,1.7881393432617188e-07,0.8931844234466553,10.681558,10.68153977394104
2227,105.09117317199707,0.8931844,0.8931846022605896,1.7881393432617188e-07,0.8931844234466553,10.681558,10.68153977394104
2228,105.13181638717651,0.8934602,0.8931854963302612,1.5296809579012915e-05,0.8931844234466553,10.653978,10.681450366973877
2229,105.18100380897522,0.8934602,0.8931884765625,2.973458140331786e-05,0.8931844234466553,10.653978,10.68115234375
2230,105.22143602371216,0.8934997,0.8931997418403625,5.925865116296336e-05,0.8931844234466553,10.650033,10.680025815963745
2231,105.27321362495422,0.8935138,0.8932362794876099,0.00010632021439960226,0.8931844234466553,10.648621,10.676372051239014
2232,105.32281064987183,0.8935265,0.8933092355728149,0.00013990567822474986,0.8931844234466553,10.64735,10.669076442718506
2233,105.3713538646698,0.89353347,0.8934375047683716,0.00010512853623367846,0.8932182788848877,10.646653,10.656249523162842
2234,105.42097568511963,0.89354575,0.8935047388076782,1.2387120477796998e-05,0.8934940099716187,10.645426,10.649526119232178
2235,105.46904158592224,0.89354575,0.8935147523880005,1.3145071534381714e-05,0.8934996724128723,10.645426,10.648524761199951
2236,105.5111722946167,0.8935529,0.8935273289680481,1.101696125260787e-05,0.8935137987136841,10.644711,10.64726710319519
2237,105.56113505363464,0.8935529,0.8935389518737793,6.5895956140593626e-06,0.8935275077819824,10.644711,10.64610481262207
2238,105.60411667823792,0.8935531,0.8935454487800598,3.7287074974301504e-06,0.8935388326644897,10.644692,10.645455121994019
2239,105.6531035900116,0.8935531,0.8935486078262329,2.8433928491722327e-06,0.8935457468032837,10.644692,10.645139217376709
2240,105.69580006599426,0.8935531,0.8935511708259583,2.150891305063851e-06,0.8935468196868896,10.644692,10.644882917404175
2241,105.74064612388611,0.8935531,0.8935526609420776,4.2102124098164495e-07,0.8935520052909851,10.644692,10.644733905792236
2242,105.78347301483154,0.8935531,0.8935530185699463,7.895187081885524e-08,0.8935528993606567,10.644692,10.644698143005371
2243,105.8242712020874,0.8935531,0.8935530185699463,5.960464477539063e-08,0.8935530781745911,10.644692,10.644698143005371
2244,105.86637997627258,0.8935531,0.8935530185699463,5.960464477539063e-08,0.8935530781745911,10.644692,10.644698143005371
2245,105.90896463394165,0.8935531,0.8935530185699463,5.960464477539063e-08,0.8935530781745911,10.644692,10.644698143005371
2246,105.95167589187622,0.8935531,0.8935530185699463,5.960464477539063e-08,0.8935530781745911,10.644692,10.644698143005371
2247,105.99424481391907,0.8935531,0.8935530185699463,5.960464477539063e-08,0.8935530781745911,10.644692,10.644698143005371
2248,106.03657484054565,0.8935531,0.8935530185699463,5.960464477539063e-08,0.8935530781745911,10.644692,10.644698143005371
2249,106.0783417224884,0.8935531,0.8935530185699463,5.960464477539063e-08,0.8935530781745911,10.644692,10.644698143005371
2250,106.12148141860962,0.8935531,0.8935530185699463,5.960464477539063e-08,0.8935530781745911,10.644692,10.644698143005371
2251,106.16366767883301,0.8935531,0.8935530185699463,5.960464477539063e-08,0.8935530781745911,10.644692,10.644698143005371
2252,106.20427012443542,0.8935531,0.8935530185699463,5.960464477539063e-08,0.8935530781745911,10.644692,10.644698143005371
2253,106.24664902687073,0.8935531,0.8935530185699463,5.960464477539063e-08,0.8935530781745911,10.644692,10.644698143005371
2254,106.28837203979492,0.8935531,0.8935530185699463,5.960464477539063e-08,0.8935530781745911,10.644692,10.644698143005371
2255,106.33101272583008,0.8935531,0.8935530185699463,5.960464477539063e-08,0.8935530781745911,10.644692,10.644698143005371
2256,106.3722448348999,0.8935531,0.8935530185699463,5.960464477539063e-08,0.8935530781745911,10.644692,10.644698143005371
2257,106.41293978691101,0.8935531,0.8935530185699463,5.960464477539063e-08,0.8935530781745911,10.644692,10.644698143005371
2258,106.45612645149231,0.8935646,0.8935530185699463,6.393149192263081e-07,0.8935530781745911,10.643541,10.644698143005371
2259,106.50593328475952,0.8935646,0.8935531973838806,1.0919354735960951e-06,0.8935530781745911,10.643541,10.644680261611938
2260,106.5488612651825,0.8935736,0.8935535550117493,2.637926627357956e-06,0.8935530781745911,10.642642,10.644644498825073
2261,106.60026144981384,0.8937038,0.8935555219650269,9.402556315762922e-06,0.8935530781745911,10.629618,10.644447803497314
2262,106.65186071395874,0.8937038,0.8935593366622925,1.7126787497545592e-05,0.8935530781745911,10.629618,10.644066333770752
2263,106.69487380981445,0.8937038,0.8935696482658386,3.090426616836339e-05,0.8935530781745911,10.629618,10.643035173416138
2264,106.73782539367676,0.89371514,0.893592119216919,5.454995698528364e-05,0.8935645818710327,10.628486,10.640788078308105
2265,106.78936910629272,0.8937161,0.8936363458633423,6.990669498918578e-05,0.8935645818710327,10.62839,10.636365413665771
2266,106.83987665176392,0.8937161,0.8937103152275085,5.589922693616245e-06,0.893703818321228,10.62839,10.628968477249146
2267,106.88235187530518,0.8937161,0.8937151432037354,3.5424025668362447e-07,0.8937151432037354,10.62839,10.628485679626465
2268,106.92481827735901,0.8937161,0.8937153220176697,4.612523412106384e-07,0.8937151432037354,10.62839,10.628467798233032
2269,106.96673917770386,0.89371634,0.8937156796455383,4.620452216386184e-07,0.8937151432037354,10.628366,10.628432035446167
2270,107.01475310325623,0.89371634,0.8937159776687622,1.2892786571683246e-07,0.8937160968780518,10.628366,10.62840223312378
2271,107.05704426765442,0.89371735,0.8937159776687622,1.7672459762252402e-07,0.8937160968780518,10.628265,10.62840223312378
2272,107.10726404190063,0.89371735,0.893716037273407,1.8779978461225255e-07,0.8937160968780518,10.628265,10.628396272659302
2273,107.14999175071716,0.89371735,0.8937162160873413,2.0276732470847492e-07,0.8937160968780518,10.628265,10.62837839126587
2274,107.19152855873108,0.89371765,0.8937165141105652,2.9642950494235265e-07,0.8937163352966309,10.628235,10.628348588943481
2275,107.24175310134888,0.89371765,0.8937166929244995,4.526588952558086e-07,0.8937163352966309,10.628235,10.628330707550049
2276,107.28454780578613,0.89371765,0.8937168717384338,5.65682967135217e-07,0.8937163352966309,10.628235,10.628312826156616
2277,107.3326985836029,0.89371765,0.8937174677848816,3.67009931778739e-07,0.8937163352966309,10.628235,10.62825322151184
2278,107.37598395347595,0.89371765,0.8937176465988159,1.2813212890705472e-07,0.893717348575592,10.628235,10.628235340118408
2279,107.41738438606262,0.89371765,0.8937176465988159,0.0,0.8937176465988159,10.628235,10.628235340118408
2280,107.45904326438904,0.89371765,0.8937176465988159,0.0,0.8937176465988159,10.628235,10.628235340118408
2281,107.50231289863586,0.89371765,0.8937176465988159,0.0,0.8937176465988159,10.628235,10.628235340118408
2282,107.54716491699219,0.89371765,0.8937176465988159,0.0,0.8937176465988159,10.628235,10.628235340118408
2283,107.59060525894165,0.89371765,0.8937176465988159,0.0,0.8937176465988159,10.628235,10.628235340118408
2284,107.62990951538086,0.89371765,0.8937176465988159,0.0,0.8937176465988159,10.628235,10.628235340118408
2285,107.6722481250763,0.89371765,0.8937176465988159,0.0,0.8937176465988159,10.628235,10.628235340118408
2286,107.7145025730133,0.89379746,0.8937178254127502,4.387220997159602e-06,0.8937176465988159,10.6202545,10.628217458724976
2287,107.76712489128113,0.89379746,0.8937187194824219,9.195703569275793e-06,0.8937176465988159,10.6202545,10.628128051757812
2288,107.80946016311646,0.89379746,0.893721342086792,1.6091355064418167e-05,0.8937176465988159,10.6202545,10.6278657913208
2289,107.85322165489197,0.8938138,0.8937292695045471,2.7053692974732257e-05,0.8937176465988159,10.618621,10.627073049545288
2290,107.90262532234192,0.89382464,0.8937441110610962,3.522335464367643e-05,0.8937176465988159,10.617537,10.62558889389038
2291,107.95270347595215,0.89383733,0.8937753438949585,3.0004535801708698e-05,0.8937209844589233,10.616266,10.62246561050415
2292,108.0016872882843,0.89383733,0.8938025236129761,1.1831812116724905e-05,0.8937860727310181,10.616266,10.619747638702393
2293,108.04510140419006,0.89383733,0.89381343126297,1.0930683856713586e-05,0.8937974572181702,10.616266,10.618656873703003
2294,108.08921217918396,0.89384806,0.8938239812850952,6.493670753116021e-06,0.8938137888908386,10.615194,10.617601871490479
2295,108.13892483711243,0.89384806,0.8938289880752563,7.502951120841317e-06,0.8938246369361877,10.615194,10.617101192474365
2296,108.18177366256714,0.89384806,0.8938352465629578,9.1487690951908e-06,0.8938246369361877,10.615194,10.616475343704224
2297,108.2260320186615,0.893854,0.8938441276550293,5.323980076354928e-06,0.8938373327255249,10.614597,10.61558723449707
2298,108.27528166770935,0.893854,0.8938484191894531,1.3352113228393137e-06,0.8938480615615845,10.614597,10.615158081054688
2299,108.31794214248657,0.893854,0.89384925365448,2.1615410332742613e-06,0.8938480615615845,10.614597,10.615074634552002
2300,108.36123037338257,0.893854,0.8938506245613098,2.6759291813505115e-06,0.8938480615615845,10.614597,10.614937543869019
2301,108.40301084518433,0.893854,0.8938533067703247,1.4408298056878266e-06,0.8938506245613098,10.614597,10.61466932296753
2302,108.44640016555786,0.893854,0.893854022026062,0.0,0.893854022026062,10.614597,10.614597797393799
2303,108.49110507965088,0.893854,0.893854022026062,0.0,0.893854022026062,10.614597,10.614597797393799
2304,108.53394150733948,0.8938706,0.8938541412353516,9.133801768257399e-07,0.893854022026062,10.612941,10.614585876464844
2305,108.58214974403381,0.8938748,0.8938543200492859,2.245557425339939e-06,0.893854022026062,10.612517,10.614567995071411
2306,108.63027882575989,0.89388007,0.8938552141189575,4.712422651209636e-06,0.893854022026062,10.611993,10.614478588104248
2307,108.67874574661255,0.89388007,0.893857479095459,7.596489467687206e-06,0.893854022026062,10.611993,10.614252090454102
2308,108.7218382358551,0.89388007,0.8938620686531067,1.0073549674416427e-05,0.893854022026062,10.611993,10.613793134689331
2309,108.7693841457367,0.89389217,0.8938716053962708,7.722017471678555e-06,0.893854022026062,10.610783,10.612839460372925
2310,108.81837153434753,0.89391357,0.893876314163208,4.527979854174191e-06,0.8938748240470886,10.608644,10.6123685836792
2311,108.86490273475647,0.89391387,0.8938803672790527,9.020368452183902e-06,0.8938748240470886,10.608614,10.611963272094727
2312,108.91384100914001,0.89391387,0.8938881754875183,1.143693589256145e-05,0.8938751816749573,10.608614,10.611182451248169
2313,108.95650887489319,0.89391387,0.8938994407653809,8.704319952812511e-06,0.8938918709754944,10.608614,10.610055923461914
2314,108.99951720237732,0.8939296,0.8939083218574524,7.014587026787922e-06,0.8938965797424316,10.60704,10.60916781425476
2315,109.05111193656921,0.89393,0.8939140439033508,1.9491610601107823e-06,0.8939135670661926,10.606998,10.608595609664917
2316,109.10133171081543,0.8939303,0.8939148783683777,3.973852017224999e-06,0.8939138650894165,10.606968,10.608512163162231
2317,109.15156579017639,0.8939303,0.8939168453216553,6.2815643104841e-06,0.8939138650894165,10.606968,10.608315467834473
2318,109.19378232955933,0.8939303,0.8939210772514343,8.039501153689343e-06,0.8939138650894165,10.606968,10.607892274856567
2319,109.23506569862366,0.89393294,0.8939289450645447,4.27042732553673e-06,0.8939138650894165,10.606707,10.607105493545532
2320,109.28478002548218,0.8939441,0.8939304351806641,1.1242495929764118e-06,0.8939303159713745,10.605592,10.606956481933594
2321,109.33427953720093,0.8939441,0.8939309120178223,2.3213647182274144e-06,0.8939303159713745,10.605592,10.606908798217773
2322,109.37779092788696,0.89394724,0.8939322829246521,4.374724085209891e-06,0.8939303159713745,10.605276,10.60677170753479
2323,109.42760133743286,0.89394796,0.8939351439476013,6.059481165721081e-06,0.8939303159713745,10.605204,10.606485605239868
2324,109.47926068305969,0.89395505,0.8939405083656311,5.792596311948728e-06,0.8939318656921387,10.604495,10.60594916343689
2325,109.52988362312317,0.89395505,0.8939461708068848,2.3509160200774204e-06,0.8939440846443176,10.604495,10.605382919311523
2326,109.57206225395203,0.8939558,0.8939483761787415,2.7048624815506628e-06,0.8939456939697266,10.604418,10.605162382125854
2327,109.6216368675232,0.89395756,0.893950879573822,2.8393283173500095e-06,0.8939472436904907,10.604244,10.604912042617798
2328,109.67288899421692,0.8939586,0.893953800201416,1.731498400658893e-06,0.8939507007598877,10.604137,10.604619979858398
2329,109.72298884391785,0.8939586,0.8939555883407593,1.0528278835408855e-06,0.8939535021781921,10.604137,10.604441165924072
2330,109.76809215545654,0.8939589,0.8939566016197205,9.432314982404932e-07,0.8939553499221802,10.604107,10.604339838027954
2331,109.81802248954773,0.8939589,0.8939574956893921,6.282138542701432e-07,0.893956184387207,10.604107,10.604250431060791
2332,109.86075758934021,0.8939589,0.8939580917358398,5.2723140697708e-07,0.8939575552940369,10.604107,10.604190826416016
2333,109.90388584136963,0.89396054,0.8939586281776428,2.615451819565351e-07,0.8939582109451294,10.603947,10.604137182235718
2334,109.95583510398865,0.8939633,0.8939589262008667,3.288420202807174e-07,0.8939586281776428,10.603672,10.60410737991333
2335,110.00746321678162,0.8939633,0.893959105014801,6.236301146600454e-07,0.8939589262008667,10.603672,10.604089498519897
2336,110.04915404319763,0.8939733,0.893959641456604,1.8243659951622249e-06,0.8939589262008667,10.602671,10.6040358543396
2337,110.09952425956726,0.8939733,0.8939608335494995,3.2419675335404463e-06,0.8939589262008667,10.602671,10.603916645050049
2338,110.14198565483093,0.89397436,0.8939634561538696,4.132636149734026e-06,0.8939589262008667,10.602564,10.603654384613037
2339,110.19279265403748,0.89397436,0.8939670324325562,4.221757080813404e-06,0.8939613103866577,10.602564,10.603296756744385
2340,110.23434281349182,0.8940066,0.8939712047576904,2.613644255688996e-06,0.8939688205718994,10.599339,10.602879524230957
2341,110.28412795066833,0.8940066,0.8939728736877441,3.5572002161643468e-06,0.893970787525177,10.599339,10.602712631225586
2342,110.32853579521179,0.8940139,0.8939751982688904,6.032356395735405e-06,0.8939732909202576,10.598612,10.602480173110962
2343,110.37820482254028,0.8940181,0.8939784169197083,1.139534197136527e-05,0.8939743638038635,10.598188,10.602158308029175
2344,110.42909049987793,0.8940181,0.8939844965934753,1.70582043210743e-05,0.8939743638038635,10.598188,10.601550340652466
2345,110.47242569923401,0.8940181,0.8939956426620483,2.0041867173858918e-05,0.8939743638038635,10.598188,10.600435733795166
2346,110.51529717445374,0.8940181,0.8940156102180481,3.5138427847414277e-06,0.894006609916687,10.598188,10.59843897819519
2347,110.55886030197144,0.8940181,0.8940178155899048,3.4887352740042843e-07,0.8940173983573914,10.598188,10.598218441009521
2348,110.6006691455841,0.89402163,0.8940181732177734,2.0060547001321538e-07,0.8940181136131287,10.597837,10.598182678222656
2349,110.65011143684387,0.8940402,0.8940181732177734,1.2455542446332402e-06,0.8940181136131287,10.595978,10.598182678222656
2350,110.6989438533783,0.89405715,0.8940186500549316,3.697697593452176e-06,0.8940181136131287,10.594284,10.598134994506836
2351,110.74908351898193,0.8940786,0.8940201997756958,7.88603301771218e-06,0.8940181136131287,10.592138,10.59798002243042
2352,110.80539202690125,0.8940821,0.8940253853797913,1.574007183080539e-05,0.8940181136131287,10.591787,10.597461462020874
2353,110.8556215763092,0.8940821,0.8940370678901672,2.2775666366214864e-05,0.8940184116363525,10.591787,10.596293210983276
2354,110.89749360084534,0.8940824,0.8940585851669312,1.9611938114394434e-05,0.8940216302871704,10.591757,10.594141483306885
2355,110.94657158851624,0.8940824,0.8940747976303101,8.934354809753131e-06,0.8940574526786804,10.591757,10.592520236968994
2356,110.98977756500244,0.8940824,0.8940808773040771,1.6470493164888467e-06,0.8940788507461548,10.591757,10.591912269592285
2357,111.03256630897522,0.8940824,0.894082248210907,1.5107445960893529e-07,0.8940821290016174,10.591757,10.591775178909302
2358,111.07529044151306,0.8940824,0.8940823674201965,5.960464477539063e-08,0.8940824270248413,10.591757,10.591763257980347
2359,111.11723947525024,0.8940824,0.8940823674201965,5.960464477539063e-08,0.8940824270248413,10.591757,10.591763257980347
2360,111.15917229652405,0.8940824,0.8940823674201965,5.960464477539063e-08,0.8940824270248413,10.591757,10.591763257980347
2361,111.20083689689636,0.8940824,0.8940823674201965,5.960464477539063e-08,0.8940824270248413,10.591757,10.591763257980347
2362,111.24380135536194,0.8940824,0.8940823674201965,5.960464477539063e-08,0.8940824270248413,10.591757,10.591763257980347
2363,111.28657054901123,0.8940824,0.8940823674201965,5.960464477539063e-08,0.8940824270248413,10.591757,10.591763257980347
2364,111.32876014709473,0.8940824,0.8940823674201965,5.960464477539063e-08,0.8940824270248413,10.591757,10.591763257980347
2365,111.3716459274292,0.8940824,0.8940823674201965,5.960464477539063e-08,0.8940824270248413,10.591757,10.591763257980347
2366,111.41306924819946,0.8940824,0.8940823674201965,5.960464477539063e-08,0.8940824270248413,10.591757,10.591763257980347
2367,111.45398545265198,0.8940824,0.8940823674201965,5.960464477539063e-08,0.8940824270248413,10.591757,10.591763257980347
2368,111.49643564224243,0.8940824,0.8940823674201965,5.960464477539063e-08,0.8940824270248413,10.591757,10.591763257980347
2369,111.54075288772583,0.8940824,0.8940823674201965,5.960464477539063e-08,0.8940824270248413,10.591757,10.591763257980347
2370,111.58277130126953,0.8940824,0.8940823674201965,5.960464477539063e-08,0.8940824270248413,10.591757,10.591763257980347
2371,111.62396597862244,0.89410025,0.8940824270248413,9.810571555135539e-07,0.8940824270248413,10.589975,10.59175729751587
2372,111.6722719669342,0.89410025,0.8940827250480652,2.1772079890070017e-06,0.8940824270248413,10.589975,10.591727495193481
2373,111.7143292427063,0.89410025,0.8940833806991577,4.047206857649144e-06,0.8940824270248413,10.589975,10.591661930084229
2374,111.75586867332458,0.89410025,0.8940849304199219,6.28385214440641e-06,0.8940824270248413,10.589975,10.591506958007812
2375,111.79754114151001,0.89410025,0.8940884470939636,8.420209269388579e-06,0.8940824270248413,10.589975,10.591155290603638
2376,111.84032034873962,0.89410025,0.8940953016281128,7.97796656115679e-06,0.8940824270248413,10.589975,10.59046983718872
2377,111.88074326515198,0.89410025,0.8941003084182739,5.960464477539063e-08,0.8941002488136292,10.589975,10.589969158172607
2378,111.92244911193848,0.89410025,0.8941003084182739,5.960464477539063e-08,0.8941002488136292,10.589975,10.589969158172607
2379,111.96386051177979,0.89410025,0.8941003084182739,5.960464477539063e-08,0.8941002488136292,10.589975,10.589969158172607
2380,112.0054018497467,0.89410025,0.8941003084182739,5.960464477539063e-08,0.8941002488136292,10.589975,10.589969158172607
2381,112.0476746559143,0.89410025,0.8941003084182739,5.960464477539063e-08,0.8941002488136292,10.589975,10.589969158172607
2382,112.08983945846558,0.89410025,0.8941003084182739,5.960464477539063e-08,0.8941002488136292,10.589975,10.589969158172607
2383,112.13107466697693,0.89410025,0.8941003084182739,5.960464477539063e-08,0.8941002488136292,10.589975,10.589969158172607
2384,112.1724443435669,0.89410025,0.8941003084182739,5.960464477539063e-08,0.8941002488136292,10.589975,10.589969158172607
2385,112.21562051773071,0.89410025,0.8941003084182739,5.960464477539063e-08,0.8941002488136292,10.589975,10.589969158172607
2386,112.2569260597229,0.89410025,0.8941003084182739,5.960464477539063e-08,0.8941002488136292,10.589975,10.589969158172607
2387,112.29847240447998,0.89410025,0.8941003084182739,5.960464477539063e-08,0.8941002488136292,10.589975,10.589969158172607
2388,112.33998274803162,0.89410025,0.8941003084182739,5.960464477539063e-08,0.8941002488136292,10.589975,10.589969158172607
2389,112.38293099403381,0.89410025,0.8941003084182739,5.960464477539063e-08,0.8941002488136292,10.589975,10.589969158172607
2390,112.4308135509491,0.89410025,0.8941003084182739,5.960464477539063e-08,0.8941002488136292,10.589975,10.589969158172607
2391,112.47319293022156,0.8941022,0.8941003084182739,1.2069020272065245e-07,0.8941002488136292,10.589779,10.589969158172607
2392,112.52408146858215,0.8941022,0.8941003084182739,2.181888163477197e-07,0.8941002488136292,10.589779,10.589969158172607
2393,112.56788563728333,0.8941022,0.8941003680229187,3.634506242633506e-07,0.8941002488136292,10.589779,10.58996319770813
2394,112.6101393699646,0.8941022,0.8941006064414978,6.650701038779516e-07,0.8941002488136292,10.589779,10.58993935585022
2395,112.6524658203125,0.8941116,0.8941008448600769,1.0511828349990537e-06,0.8941002488136292,10.588842,10.58991551399231
2396,112.70091509819031,0.8941125,0.894101619720459,1.4229790394892916e-06,0.8941002488136292,10.588747,10.589838027954102
2397,112.75082778930664,0.8941141,0.8941025137901306,1.918413317980594e-06,0.8941022157669067,10.588593,10.589748620986938
2398,112.80036282539368,0.8941772,0.8941054940223694,1.2497656825871672e-05,0.8941022157669067,10.58228,10.589450597763062
2399,112.85504984855652,0.8941772,0.8941144347190857,2.467672857164871e-05,0.8941022157669067,10.58228,10.58855652809143
2400,112.90206456184387,0.8941772,0.8941332101821899,3.2466814445797354e-05,0.8941022157669067,10.58228,10.586678981781006
2401,112.9600121974945,0.8941772,0.8941663503646851,1.8869961422751658e-05,0.8941142559051514,10.58228,10.583364963531494
2402,113.00562500953674,0.8941772,0.8941770792007446,4.5527937686529185e-07,0.8941754102706909,10.58228,10.582292079925537
2403,113.04952788352966,0.89418083,0.8941774368286133,3.027362822649593e-07,0.8941771984100342,10.581917,10.582256317138672
2404,113.10033845901489,0.89418083,0.8941774368286133,4.015730326045741e-07,0.8941771984100342,10.581917,10.582256317138672
2405,113.1431131362915,0.8941831,0.8941774368286133,7.35580272248626e-07,0.8941771984100342,10.58169,10.582256317138672
2406,113.19411730766296,0.8941846,0.8941779136657715,1.5574144072161289e-06,0.8941771984100342,10.581541,10.582208633422852
2407,113.24574875831604,0.8941846,0.8941789269447327,2.654889613040723e-06,0.8941771984100342,10.581541,10.582107305526733
2408,113.28784918785095,0.8941846,0.894180953502655,3.1358879368781345e-06,0.8941771984100342,10.581541,10.581904649734497
2409,113.32943105697632,0.8941846,0.8941836953163147,1.000090151137556e-06,0.8941823840141296,10.581541,10.58163046836853
2410,113.37154746055603,0.8941846,0.8941844701766968,1.1920928955078125e-07,0.8941845893859863,10.581541,10.581552982330322
2411,113.41355538368225,0.8941846,0.8941844701766968,1.1920928955078125e-07,0.8941845893859863,10.581541,10.581552982330322
2412,113.45647716522217,0.8941846,0.8941844701766968,1.1920928955078125e-07,0.8941845893859863,10.581541,10.581552982330322
2413,113.49981832504272,0.8941846,0.8941844701766968,1.1920928955078125e-07,0.8941845893859863,10.581541,10.581552982330322
2414,113.5426185131073,0.8941846,0.8941844701766968,1.1920928955078125e-07,0.8941845893859863,10.581541,10.581552982330322
2415,113.58621382713318,0.8941846,0.8941844701766968,1.1920928955078125e-07,0.8941845893859863,10.581541,10.581552982330322
2416,113.62784171104431,0.8941869,0.8941844701766968,1.796248909613496e-07,0.8941845893859863,10.581308,10.581552982330322
2417,113.67763543128967,0.8942093,0.8941846489906311,1.3767214568360941e-06,0.8941845893859863,10.579067,10.58153510093689
2418,113.72548031806946,0.89422375,0.8941851854324341,3.8677858356095385e-06,0.8941845893859863,10.577625,10.581481456756592
2419,113.77672219276428,0.89422375,0.8941868543624878,6.969656169530936e-06,0.8941845893859863,10.577625,10.58131456375122
2420,113.81819987297058,0.8942366,0.8941925764083862,1.297632115893066e-05,0.8941845893859863,10.576338,10.580742359161377
2421,113.86759066581726,0.89425,0.8942033052444458,1.61076332005905e-05,0.8941845893859863,10.575003,10.57966947555542
2422,113.91808223724365,0.89428055,0.8942197561264038,1.1846776942547876e-05,0.8941975831985474,10.571945,10.57802438735962
2423,113.96772766113281,0.89428055,0.894230306148529,9.317904186900705e-06,0.894223690032959,10.571945,10.576969385147095
2424,114.04557061195374,0.8942911,0.8907307982444763,0.0030440697446465492,0.8838366270065308,10.570889,10.926920175552368
2425,114.09580588340759,0.8942911,0.8933910131454468,0.0008106903987936676,0.8917483687400818,10.570889,10.660898685455322
2426,114.14027094841003,0.89429724,0.8940744996070862,0.00015540496679022908,0.8936882615089417,10.570276,10.592550039291382
2427,114.19070219993591,0.8943084,0.8942087888717651,5.2861676522297785e-05,0.8941174149513245,10.569161,10.579121112823486
2428,114.2414071559906,0.8943249,0.894256055355072,3.1398132705362514e-05,0.8942208886146545,10.567511,10.574394464492798
2429,114.2923276424408,0.8943773,0.8942882418632507,2.2042993805371225e-05,0.89423668384552,10.562271,10.571175813674927
2430,114.34034204483032,0.8943775,0.8943102955818176,2.1684911189367995e-05,0.8942911028862,10.562247,10.568970441818237
2431,114.39162731170654,0.89441085,0.8943283557891846,3.054300759686157e-05,0.8943048119544983,10.558915,10.567164421081543
2432,114.44287848472595,0.89444935,0.8943567276000977,2.8191951059852727e-05,0.8943072557449341,10.555065,10.564327239990234
2433,114.49384713172913,0.8945333,0.8943818211555481,1.730350595607888e-05,0.8943766951560974,10.546673,10.56181788444519
2434,114.547438621521,0.8945333,0.8943915963172913,3.2641739380778745e-05,0.8943772912025452,10.546673,10.560840368270874
2435,114.59072852134705,0.89453435,0.8944144248962402,5.201225576456636e-05,0.8943775296211243,10.546565,10.558557510375977
2436,114.63954520225525,0.89454484,0.8944624662399292,5.992282603983767e-05,0.8943877816200256,10.545516,10.55375337600708
2437,114.6885404586792,0.89454484,0.8945238590240479,1.9532240912667476e-05,0.8944640159606934,10.545516,10.547614097595215
2438,114.73247027397156,0.89454484,0.8945379257202148,5.126970791025087e-06,0.8945332765579224,10.545516,10.546207427978516
2439,114.77460956573486,0.89454484,0.8945426940917969,3.81011113859131e-06,0.8945343494415283,10.545516,10.545730590820312
2440,114.8163251876831,0.89454484,0.8945446610450745,1.7881393432617188e-07,0.8945448398590088,10.545516,10.545533895492554
2441,114.85870385169983,0.89454484,0.8945446610450745,1.7881393432617188e-07,0.8945448398590088,10.545516,10.545533895492554
2442,114.89997982978821,0.89454484,0.8945446610450745,1.7881393432617188e-07,0.8945448398590088,10.545516,10.545533895492554
2443,114.94395756721497,0.8945573,0.894544780254364,8.643265232421982e-07,0.8945448398590088,10.5442705,10.545521974563599
2444,114.99461460113525,0.8945573,0.8945449590682983,1.7596390762264491e-06,0.8945448398590088,10.5442705,10.545504093170166
2445,115.03642106056213,0.8945862,0.89454585313797,3.945644493796863e-06,0.8945448398590088,10.54138,10.545414686203003
2446,115.0856876373291,0.89459926,0.8945480585098267,8.106471796054393e-06,0.8945448398590088,10.540074,10.545194149017334
2447,115.13484525680542,0.8945999,0.894554078578949,1.3326505722943693e-05,0.8945448398590088,10.540009,10.544592142105103
2448,115.18476700782776,0.8945999,0.8945658206939697,1.4560863746737596e-05,0.8945448398590088,10.540009,10.543417930603027
2449,115.22680449485779,0.8945999,0.894578218460083,1.6409510863013566e-05,0.8945579528808594,10.540009,10.5421781539917
2450,115.27254557609558,0.8945999,0.8945929408073425,6.673658390354831e-06,0.8945862054824829,10.540009,10.540705919265747
2451,115.31655216217041,0.8945999,0.8945996165275574,4.786399472322955e-07,0.8945983648300171,10.540009,10.540038347244263
2452,115.35794615745544,0.8945999,0.8945998549461365,5.960464477539063e-08,0.8945999145507812,10.540009,10.540014505386353
2453,115.39996314048767,0.8945999,0.8945998549461365,5.960464477539063e-08,0.8945999145507812,10.540009,10.540014505386353
2454,115.44099855422974,0.8945999,0.8945998549461365,5.960464477539063e-08,0.8945999145507812,10.540009,10.540014505386353
2455,115.48219895362854,0.8945999,0.8945998549461365,5.960464477539063e-08,0.8945999145507812,10.540009,10.540014505386353
2456,115.52541184425354,0.8945999,0.8945998549461365,5.960464477539063e-08,0.8945999145507812,10.540009,10.540014505386353
2457,115.5649299621582,0.8945999,0.8945998549461365,5.960464477539063e-08,0.8945999145507812,10.540009,10.540014505386353
2458,115.60706377029419,0.8945999,0.8945998549461365,5.960464477539063e-08,0.8945999145507812,10.540009,10.540014505386353
2459,115.64865231513977,0.8945999,0.8945998549461365,5.960464477539063e-08,0.8945999145507812,10.540009,10.540014505386353
2460,115.69087481498718,0.8945999,0.8945998549461365,5.960464477539063e-08,0.8945999145507812,10.540009,10.540014505386353
2461,115.73330235481262,0.8945999,0.8945998549461365,5.960464477539063e-08,0.8945999145507812,10.540009,10.540014505386353
2462,115.7759120464325,0.8945999,0.8945998549461365,5.960464477539063e-08,0.8945999145507812,10.540009,10.540014505386353
2463,115.81762862205505,0.8945999,0.8945998549461365,5.960464477539063e-08,0.8945999145507812,10.540009,10.540014505386353
2464,115.85892939567566,0.8945999,0.8945998549461365,5.960464477539063e-08,0.8945999145507812,10.540009,10.540014505386353
2465,115.90125298500061,0.8945999,0.8945998549461365,5.960464477539063e-08,0.8945999145507812,10.540009,10.540014505386353
2466,115.9437837600708,0.8945999,0.8945998549461365,5.960464477539063e-08,0.8945999145507812,10.540009,10.540014505386353
2467,115.98621869087219,0.8946476,0.8946000337600708,2.621044131956296e-06,0.8945999145507812,10.53524,10.53999662399292
2468,116.03591728210449,0.8946476,0.8946008086204529,6.097910045355093e-06,0.8945999145507812,10.53524,10.539919137954712
2469,116.07784676551819,0.8946506,0.8946033716201782,1.1732683560694568e-05,0.8945999145507812,10.534943,10.539662837982178
2470,116.12693405151367,0.8946506,0.894609272480011,1.7631169612286612e-05,0.8945999145507812,10.534943,10.539072751998901
2471,116.16815376281738,0.8946506,0.8946216702461243,2.1054194803582504e-05,0.8945999145507812,10.534943,10.537832975387573
2472,116.21010279655457,0.8946506,0.8946405649185181,1.1045440260204487e-05,0.8946211934089661,10.534943,10.535943508148193
2473,116.25302696228027,0.89465094,0.8946495056152344,1.4067660458749742e-06,0.8946475982666016,10.534906,10.535049438476562
2474,116.30472326278687,0.89465094,0.8946505188941956,6.772171445845743e-08,0.8946505784988403,10.534906,10.534948110580444
2475,116.34717059135437,0.894663,0.8946506381034851,8.389042136514036e-07,0.8946505784988403,10.533703,10.53493618965149
2476,116.39632797241211,0.89467067,0.8946509957313538,2.139063781214645e-06,0.8946505784988403,10.532933,10.534900426864624
2477,116.44753432273865,0.89467067,0.8946521282196045,3.8895027500984725e-06,0.8946505784988403,10.532933,10.53478717803955
2478,116.49017858505249,0.89467716,0.8946549892425537,6.523995125462534e-06,0.8946505784988403,10.532284,10.534501075744629
2479,116.54063582420349,0.89467716,0.8946603536605835,7.18296996637946e-06,0.894650936126709,10.532284,10.53396463394165
2480,116.5867600440979,0.89467716,0.8946675658226013,6.159539680083981e-06,0.8946568965911865,10.532284,10.533243417739868
2481,116.64092493057251,0.89467716,0.8946726322174072,2.660513018781785e-06,0.8946706652641296,10.532284,10.532736778259277
2482,116.68471217155457,0.89467716,0.894675076007843,2.399849336143234e-06,0.894670844078064,10.532284,10.532492399215698
2483,116.72613334655762,0.89467716,0.8946769833564758,4.03605383780814e-07,0.8946753144264221,10.532284,10.532301664352417
2484,116.76978921890259,0.89467716,0.8946771621704102,0.0,0.8946771621704102,10.532284,10.532283782958984
2485,116.81141090393066,0.89467716,0.8946771621704102,0.0,0.8946771621704102,10.532284,10.532283782958984
2486,116.85349583625793,0.89467716,0.8946771621704102,0.0,0.8946771621704102,10.532284,10.532283782958984
2487,116.89557027816772,0.89467716,0.8946771621704102,0.0,0.8946771621704102,10.532284,10.532283782958984
2488,116.9371907711029,0.89467716,0.8946771621704102,0.0,0.8946771621704102,10.532284,10.532283782958984
2489,116.97774982452393,0.89467716,0.8946771621704102,0.0,0.8946771621704102,10.532284,10.532283782958984
2490,117.01947808265686,0.89467716,0.8946771621704102,0.0,0.8946771621704102,10.532284,10.532283782958984
2491,117.0614366531372,0.89467716,0.8946771621704102,0.0,0.8946771621704102,10.532284,10.532283782958984
2492,117.10306692123413,0.89467716,0.8946771621704102,0.0,0.8946771621704102,10.532284,10.532283782958984
2493,117.14598369598389,0.89467716,0.8946771621704102,0.0,0.8946771621704102,10.532284,10.532283782958984
2494,117.18964791297913,0.89467716,0.8946771621704102,0.0,0.8946771621704102,10.532284,10.532283782958984
2495,117.23321628570557,0.8946868,0.8946771621704102,5.31542696080578e-07,0.8946771621704102,10.531319,10.532283782958984
2496,117.28173279762268,0.89470524,0.8946773409843445,2.6228321985399816e-06,0.8946771621704102,10.529476,10.532265901565552
2497,117.33079409599304,0.89470524,0.8946782946586609,5.260520538286073e-06,0.8946771621704102,10.529476,10.532170534133911
2498,117.37407422065735,0.8947278,0.8946808576583862,9.51629044720903e-06,0.8946771621704102,10.527218,10.531914234161377
2499,117.42331266403198,0.8947278,0.8946868181228638,1.4138416190689895e-05,0.8946771621704102,10.527218,10.531318187713623
2500,117.4654541015625,0.89475006,0.8946982622146606,1.634619547985494e-05,0.8946771621704102,10.524994,10.530173778533936
2501,117.51610231399536,0.89475006,0.8947131633758545,1.2800139302271418e-05,0.8947052359580994,10.524994,10.52868366241455
2502,117.5604178905487,0.89475006,0.8947239518165588,1.6149451766978018e-05,0.8947052359580994,10.524994,10.527604818344116
2503,117.60302591323853,0.89475006,0.8947385549545288,1.0899720109591726e-05,0.8947278261184692,10.524994,10.52614450454712
2504,117.64599776268005,0.89475137,0.8947498798370361,1.0351269565944676e-06,0.8947440385818481,10.524863,10.525012016296387
2505,117.69651746749878,0.89475137,0.8947500586509705,1.2502775348366413e-07,0.8947500586509705,10.524863,10.524994134902954
2506,117.73983120918274,0.8947667,0.8947500586509705,9.517137300463219e-07,0.8947500586509705,10.523331,10.524994134902954
2507,117.78982543945312,0.8947667,0.8947503566741943,1.5944306142046116e-06,0.8947500586509705,10.523331,10.524964332580566
2508,117.83122539520264,0.8947703,0.8947509527206421,3.1021322683955077e-06,0.8947500586509705,10.522967,10.524904727935791
2509,117.88081359863281,0.8947773,0.8947530388832092,5.625581707136007e-06,0.8947500586509705,10.52227,10.524696111679077
2510,117.93086910247803,0.894781,0.8947569727897644,8.108743713819422e-06,0.8947513699531555,10.5219,10.52430272102356
2511,117.98093700408936,0.89478225,0.8947646617889404,8.707053893886041e-06,0.8947513699531555,10.521775,10.523533821105957
2512,118.0312716960907,0.8947835,0.8947724103927612,4.646670731744962e-06,0.8947666883468628,10.52165,10.522758960723877
2513,118.08143305778503,0.8947835,0.8947765231132507,4.933199306833558e-06,0.8947703242301941,10.52165,10.522347688674927
2514,118.12439680099487,0.8947835,0.8947817087173462,1.0316655334463576e-06,0.8947786092758179,10.52165,10.52182912826538
2515,118.16694474220276,0.8947835,0.8947826027870178,5.883749167878705e-07,0.8947821855545044,10.52165,10.521739721298218
2516,118.20856404304504,0.8947835,0.8947829604148865,5.930133397669124e-07,0.8947822451591492,10.52165,10.521703958511353
2517,118.25227093696594,0.8947835,0.8947833180427551,1.7881393432617188e-07,0.8947834968566895,10.52165,10.521668195724487
2518,118.29405665397644,0.8947835,0.8947833180427551,1.7881393432617188e-07,0.8947834968566895,10.52165,10.521668195724487
2519,118.33572483062744,0.8947835,0.8947833180427551,1.7881393432617188e-07,0.8947834968566895,10.52165,10.521668195724487
2520,118.37850213050842,0.8947835,0.8947833180427551,1.7881393432617188e-07,0.8947834968566895,10.52165,10.521668195724487
2521,118.42211842536926,0.8947835,0.8947833180427551,1.7881393432617188e-07,0.8947834968566895,10.52165,10.521668195724487
2522,118.46506214141846,0.8947835,0.8947833180427551,1.7881393432617188e-07,0.8947834968566895,10.52165,10.521668195724487
2523,118.5088119506836,0.8947835,0.8947833180427551,1.7881393432617188e-07,0.8947834968566895,10.52165,10.521668195724487
2524,118.55167841911316,0.8947835,0.8947833180427551,1.7881393432617188e-07,0.8947834968566895,10.52165,10.521668195724487
2525,118.59431552886963,0.8947835,0.8947833180427551,1.7881393432617188e-07,0.8947834968566895,10.52165,10.521668195724487
2526,118.6355209350586,0.8947835,0.8947833180427551,1.7881393432617188e-07,0.8947834968566895,10.52165,10.521668195724487
2527,118.67739129066467,0.8947835,0.8947833180427551,1.7881393432617188e-07,0.8947834968566895,10.52165,10.521668195724487
2528,118.71978163719177,0.8947835,0.8947833180427551,1.7881393432617188e-07,0.8947834968566895,10.52165,10.521668195724487
2529,118.765216588974,0.8948532,0.8947835564613342,3.8328194023051765e-06,0.8947834968566895,10.514683,10.521644353866577
2530,118.81482124328613,0.8948532,0.8947837948799133,5.4093766266305465e-06,0.8947834968566895,10.514683,10.521620512008667
2531,118.85703635215759,0.8948532,0.8947849869728088,1.0718364137574099e-05,0.8947834968566895,10.514683,10.521501302719116
2532,118.89833331108093,0.8948554,0.8947898149490356,2.0159601263003424e-05,0.8947834968566895,10.5144615,10.521018505096436
2533,118.94864344596863,0.8948554,0.8948003649711609,3.0070446882746182e-05,0.8947834968566895,10.5144615,10.519963502883911
2534,118.99003911018372,0.8948554,0.89482182264328,3.52320603269618e-05,0.8947834968566895,10.5144615,10.517817735671997
2535,119.03277206420898,0.8948554,0.8948544859886169,1.0977541933243629e-06,0.8948531746864319,10.5144615,10.514551401138306
2536,119.0744640827179,0.8948554,0.8948553800582886,0.0,0.8948553800582886,10.5144615,10.514461994171143
2537,119.11584329605103,0.8948572,0.8948553800582886,1.0171496001021296e-07,0.8948553800582886,10.514277,10.514461994171143
2538,119.1658387184143,0.8948573,0.8948553800582886,2.0509015996594826e-07,0.8948553800582886,10.514271,10.514461994171143
2539,119.21536231040955,0.89486057,0.8948554992675781,4.995833364773716e-07,0.8948553800582886,10.513944,10.514450073242188
2540,119.2639684677124,0.89486057,0.8948558568954468,1.1176756515851594e-06,0.8948553800582886,10.513944,10.514414310455322
2541,119.30642437934875,0.89486057,0.8948566913604736,1.8642740542418323e-06,0.8948553800582886,10.513944,10.514330863952637
2542,119.3473870754242,0.89486057,0.8948582410812378,2.0077029603271512e-06,0.8948553800582886,10.513944,10.51417589187622
2543,119.38893389701843,0.89486057,0.8948600888252258,1.1916592939087423e-06,0.8948572874069214,10.513944,10.513991117477417
2544,119.43206000328064,0.89486057,0.894860565662384,0.0,0.894860565662384,10.513944,10.513943433761597
2545,119.47543907165527,0.89486057,0.894860565662384,0.0,0.894860565662384,10.513944,10.513943433761597
2546,119.5176317691803,0.89486057,0.894860565662384,0.0,0.894860565662384,10.513944,10.513943433761597
2547,119.56103825569153,0.89486057,0.894860565662384,0.0,0.894860565662384,10.513944,10.513943433761597
2548,119.60338950157166,0.89488125,0.8948606252670288,1.1368290415703086e-06,0.894860565662384,10.511875,10.51393747329712
2549,119.65293502807617,0.89489084,0.8948607444763184,2.307638396814582e-06,0.894860565662384,10.510916,10.513925552368164
2550,119.70231056213379,0.89489084,0.8948615789413452,5.041291387897218e-06,0.894860565662384,10.510916,10.513842105865479
2551,119.74592757225037,0.89489084,0.8948641419410706,8.866179996402934e-06,0.894860565662384,10.510916,10.513585805892944
2552,119.78773331642151,0.89491284,0.8948692679405212,1.2811037777282763e-05,0.894860565662384,10.508717,10.513073205947876
2553,119.83811831474304,0.89491284,0.8948806524276733,1.3132591448083986e-05,0.894860565662384,10.508717,10.511934757232666
2554,119.88165044784546,0.89491284,0.8948927521705627,9.741012036101893e-06,0.8948825001716614,10.508717,10.510724782943726
2555,119.92224860191345,0.89491284,0.8949005007743835,1.0109763934451621e-05,0.8948908448219299,10.508717,10.509949922561646
2556,119.96443772315979,0.89491284,0.8949106931686401,3.470853926046402e-06,0.8948909044265747,10.508717,10.508930683135986
2557,120.00706601142883,0.89491284,0.894912838935852,0.0,0.894912838935852,10.508717,10.508716106414795
2558,120.05031132698059,0.89491284,0.894912838935852,0.0,0.894912838935852,10.508717,10.508716106414795
2559,120.09202361106873,0.89491284,0.894912838935852,0.0,0.894912838935852,10.508717,10.508716106414795
2560,120.1344358921051,0.89491284,0.894912838935852,0.0,0.894912838935852,10.508717,10.508716106414795
2561,120.17600011825562,0.89491284,0.894912838935852,0.0,0.894912838935852,10.508717,10.508716106414795
2562,120.21829223632812,0.89491284,0.894912838935852,0.0,0.894912838935852,10.508717,10.508716106414795
2563,120.25997543334961,0.89491284,0.894912838935852,0.0,0.894912838935852,10.508717,10.508716106414795
2564,120.30383658409119,0.89491767,0.894912838935852,2.65771348040289e-07,0.894912838935852,10.508233,10.508716106414795
2565,120.35225224494934,0.89491767,0.894912838935852,5.31542696080578e-07,0.894912838935852,10.508233,10.508716106414795
2566,120.39413738250732,0.8949205,0.8949131965637207,1.3707418702324503e-06,0.894912838935852,10.507947,10.50868034362793
2567,120.4445390701294,0.8949205,0.8949137330055237,2.1358214326028246e-06,0.894912838935852,10.507947,10.508626699447632
2568,120.48820686340332,0.8949206,0.8949154019355774,3.103209792243433e-06,0.894912838935852,10.507941,10.50845980644226
2569,120.53957486152649,0.8949206,0.8949184417724609,2.2332817479764344e-06,0.894912838935852,10.507941,10.508155822753906
2570,120.58333134651184,0.8949206,0.8949202299118042,7.071192271723703e-07,0.8949176669120789,10.507941,10.50797700881958
2571,120.62562417984009,0.8949206,0.8949204087257385,1.508962128582425e-07,0.8949205279350281,10.507941,10.507959127426147
2572,120.6688175201416,0.8949206,0.8949204087257385,1.7881393432617188e-07,0.8949205875396729,10.507941,10.507959127426147
2573,120.7114589214325,0.8949206,0.8949204087257385,1.7881393432617188e-07,0.8949205875396729,10.507941,10.507959127426147
2574,120.75195550918579,0.8949206,0.8949204087257385,1.7881393432617188e-07,0.8949205875396729,10.507941,10.507959127426147
2575,120.79431295394897,0.8949206,0.8949204087257385,1.7881393432617188e-07,0.8949205875396729,10.507941,10.507959127426147
2576,120.83622646331787,0.8949206,0.8949204087257385,1.7881393432617188e-07,0.8949205875396729,10.507941,10.507959127426147
2577,120.87865209579468,0.8949206,0.8949204087257385,1.7881393432617188e-07,0.8949205875396729,10.507941,10.507959127426147
2578,120.92194271087646,0.8949206,0.8949204087257385,1.7881393432617188e-07,0.8949205875396729,10.507941,10.507959127426147
2579,120.9640896320343,0.8949206,0.8949204087257385,1.7881393432617188e-07,0.8949205875396729,10.507941,10.507959127426147
2580,121.00581455230713,0.8949206,0.8949204087257385,1.7881393432617188e-07,0.8949205875396729,10.507941,10.507959127426147
2581,121.0481436252594,0.8949206,0.8949204087257385,1.7881393432617188e-07,0.8949205875396729,10.507941,10.507959127426147
2582,121.09062027931213,0.8949206,0.8949204087257385,1.7881393432617188e-07,0.8949205875396729,10.507941,10.507959127426147
2583,121.13252830505371,0.8949206,0.8949204087257385,1.7881393432617188e-07,0.8949205875396729,10.507941,10.507959127426147
2584,121.17365097999573,0.8949206,0.8949204087257385,1.7881393432617188e-07,0.8949205875396729,10.507941,10.507959127426147
2585,121.21539330482483,0.8949206,0.8949204087257385,1.7881393432617188e-07,0.8949205875396729,10.507941,10.507959127426147
2586,121.25766086578369,0.8949206,0.8949204087257385,1.7881393432617188e-07,0.8949205875396729,10.507941,10.507959127426147
2587,121.29916977882385,0.894927,0.8949204683303833,3.8004466773600143e-07,0.8949205875396729,10.5072975,10.50795316696167
2588,121.34846472740173,0.894927,0.8949204683303833,5.888595637770777e-07,0.8949205875396729,10.5072975,10.50795316696167
2589,121.39003348350525,0.894927,0.8949206471443176,1.0652908031261177e-06,0.8949205875396729,10.5072975,10.507935285568237
2590,121.4679811000824,0.8949206,0.8912551403045654,0.0031285721343010664,0.8840309381484985,10.507941,10.874485969543457
2591,121.51950883865356,0.8949251,0.8940508365631104,0.0008422055398114026,0.8920038938522339,10.507488,10.594916343688965
2592,121.57034492492676,0.89492655,0.8947461843490601,0.00015626815729774535,0.8944303393363953,10.507345,10.525381565093994
2593,121.62170267105103,0.89492655,0.8948812484741211,4.997369251213968e-05,0.8947845697402954,10.507345,10.51187515258789
2594,121.66411638259888,0.8949274,0.8949198126792908,5.317587692843517e-06,0.8949019908905029,10.507261,10.508018732070923
2595,121.71407175064087,0.8949274,0.8949222564697266,2.199376467615366e-06,0.8949205875396729,10.507261,10.507774353027344
2596,121.75729250907898,0.894931,0.8949241042137146,2.0246179701643996e-06,0.8949205875396729,10.506898,10.50758957862854
2597,121.80644345283508,0.894931,0.8949262499809265,1.3998673011883511e-06,0.8949241638183594,10.506898,10.507375001907349
2598,121.84912157058716,0.8949332,0.8949276804924011,1.4387549072125694e-06,0.8949265480041504,10.506678,10.507231950759888
2599,121.89942598342896,0.8949353,0.8949293494224548,1.6079367242127773e-06,0.8949270844459534,10.506469,10.507065057754517
2600,121.94984865188599,0.8949356,0.8949307799339294,1.68349515661248e-06,0.8949288129806519,10.506439,10.506922006607056
2601,121.99942994117737,0.8949356,0.8949323892593384,1.2304710708122002e-06,0.8949310183525085,10.506439,10.506761074066162
2602,122.04088759422302,0.8949356,0.8949337005615234,8.248072731475986e-07,0.8949332237243652,10.506439,10.506629943847656
2603,122.08468890190125,0.8949356,0.8949342966079712,1.09961104044487e-06,0.8949332237243652,10.506439,10.50657033920288
2604,122.12797451019287,0.8949356,0.8949353098869324,7.282662295438058e-07,0.8949334621429443,10.506439,10.506469011306763
2605,122.17282128334045,0.8949356,0.8949355483055115,5.960464477539063e-08,0.8949356079101562,10.506439,10.506445169448853
2606,122.21538209915161,0.8949356,0.8949355483055115,5.960464477539063e-08,0.8949356079101562,10.506439,10.506445169448853
2607,122.2572078704834,0.8949356,0.8949355483055115,5.960464477539063e-08,0.8949356079101562,10.506439,10.506445169448853
2608,122.29878783226013,0.8949356,0.8949355483055115,5.960464477539063e-08,0.8949356079101562,10.506439,10.506445169448853
2609,122.34007167816162,0.8949356,0.8949355483055115,5.960464477539063e-08,0.8949356079101562,10.506439,10.506445169448853
2610,122.38286852836609,0.8949356,0.8949355483055115,5.960464477539063e-08,0.8949356079101562,10.506439,10.506445169448853
2611,122.42548322677612,0.8949356,0.8949355483055115,5.960464477539063e-08,0.8949356079101562,10.506439,10.506445169448853
2612,122.46757626533508,0.8949356,0.8949355483055115,5.960464477539063e-08,0.8949356079101562,10.506439,10.506445169448853
2613,122.51015067100525,0.89493924,0.8949355483055115,2.527959281906078e-07,0.8949356079101562,10.506076,10.506445169448853
2614,122.56108260154724,0.89493924,0.8949357271194458,4.855293127548066e-07,0.8949356079101562,10.506076,10.50642728805542
2615,122.60520434379578,0.89493924,0.8949359059333801,9.216990974891814e-07,0.8949356079101562,10.506076,10.506409406661987
2616,122.65000987052917,0.89493924,0.8949363827705383,1.3564259688791935e-06,0.8949356079101562,10.506076,10.506361722946167
2617,122.69241142272949,0.8949416,0.8949373960494995,1.675559474278998e-06,0.8949356079101562,10.505837,10.506260395050049
2618,122.74278092384338,0.8949416,0.8949391841888428,9.012625241666683e-07,0.8949371576309204,10.505837,10.506081581115723
2619,122.78464651107788,0.8949417,0.8949400186538696,9.050412472788594e-07,0.8949392437934875,10.505831,10.505998134613037
2620,122.83546113967896,0.8949417,0.8949407339096069,6.527753839691286e-07,0.8949392437934875,10.505831,10.505926609039307
2621,122.87802290916443,0.8949417,0.8949412703514099,4.0525580402572814e-07,0.8949407935142517,10.505831,10.505872964859009
2622,122.93772387504578,0.8949417,0.8949416875839233,5.470733199786082e-08,0.8949416279792786,10.505831,10.505831241607666
2623,122.99512720108032,0.8949417,0.8949416875839233,4.7434713934535466e-08,0.8949416279792786,10.505831,10.505831241607666
2624,123.04077458381653,0.8949417,0.8949416875839233,2.832052281576125e-08,0.8949416279792786,10.505831,10.505831241607666
2625,123.08343553543091,0.8950609,0.8949421048164368,6.552544164151186e-06,0.8949416875839233,10.49391,10.505789518356323
2626,123.13393306732178,0.8950634,0.8949435353279114,1.4746327906323131e-05,0.8949416875839233,10.49366,10.505646467208862
2627,123.18205499649048,0.8950634,0.8949494361877441,2.954695446533151e-05,0.8949416875839233,10.49366,10.505056381225586
2628,123.22423362731934,0.8950634,0.894964337348938,4.723010351881385e-05,0.8949416875839233,10.49366,10.503566265106201
2629,123.26637625694275,0.8950634,0.8949936628341675,6.0077898524468765e-05,0.8949416875839233,10.49366,10.500633716583252
2630,123.30849409103394,0.8950634,0.8950530290603638,3.358396497787908e-05,0.8949416875839233,10.49366,10.494697093963623
2631,123.35105323791504,0.8950634,0.8950634598731995,5.960464477539063e-08,0.8950634002685547,10.49366,10.493654012680054
2632,123.3921229839325,0.8950634,0.8950634598731995,5.960464477539063e-08,0.8950634002685547,10.49366,10.493654012680054
2633,123.43525052070618,0.8950634,0.8950634598731995,5.960464477539063e-08,0.8950634002685547,10.49366,10.493654012680054
2634,123.47841262817383,0.8950634,0.8950634598731995,5.960464477539063e-08,0.8950634002685547,10.49366,10.493654012680054
2635,123.52195429801941,0.8950634,0.8950634598731995,5.960464477539063e-08,0.8950634002685547,10.49366,10.493654012680054
2636,123.56531596183777,0.8950634,0.8950634598731995,5.960464477539063e-08,0.8950634002685547,10.49366,10.493654012680054
2637,123.60576057434082,0.8950634,0.8950634598731995,5.960464477539063e-08,0.8950634002685547,10.49366,10.493654012680054
2638,123.64978075027466,0.8950634,0.8950634598731995,5.960464477539063e-08,0.8950634002685547,10.49366,10.493654012680054
2639,123.69227766990662,0.8950634,0.8950634598731995,5.960464477539063e-08,0.8950634002685547,10.49366,10.493654012680054
2640,123.73505854606628,0.8950634,0.8950634598731995,5.960464477539063e-08,0.8950634002685547,10.49366,10.493654012680054
2641,123.77725052833557,0.8950634,0.8950634598731995,5.960464477539063e-08,0.8950634002685547,10.49366,10.493654012680054
2642,123.81888580322266,0.8950634,0.8950634598731995,5.960464477539063e-08,0.8950634002685547,10.49366,10.493654012680054
2643,123.85829329490662,0.8950634,0.8950634598731995,5.960464477539063e-08,0.8950634002685547,10.49366,10.493654012680054
2644,123.89986228942871,0.8950634,0.8950634598731995,5.960464477539063e-08,0.8950634002685547,10.49366,10.493654012680054
2645,123.94173192977905,0.8950634,0.8950634598731995,5.960464477539063e-08,0.8950634002685547,10.49366,10.493654012680054
2646,123.98509001731873,0.8950634,0.8950634598731995,5.960464477539063e-08,0.8950634002685547,10.49366,10.493654012680054
2647,124.02745842933655,0.8950702,0.8950634598731995,3.755565671781369e-07,0.8950634002685547,10.492981,10.493654012680054
2648,124.07765078544617,0.8950702,0.895063579082489,7.495850695704576e-07,0.8950634002685547,10.492981,10.493642091751099
2649,124.11947059631348,0.89509976,0.8950642943382263,4.630218882084591e-06,0.8950634002685547,10.490025,10.493570566177368
2650,124.16884756088257,0.89509994,0.8950664401054382,8.731874913792126e-06,0.8950634002685547,10.490006,10.493355989456177
2651,124.21783018112183,0.89509994,0.8950718641281128,1.3800992746837437e-05,0.8950634002685547,10.490006,10.49281358718872
2652,124.25928950309753,0.89509994,0.8950822353363037,1.566296850796789e-05,0.895063579082489,10.490006,10.491776466369629
2653,124.30444407463074,0.89510393,0.895097553730011,7.687971447012387e-06,0.8950704336166382,10.489607,10.490244626998901
2654,124.35538077354431,0.89512825,0.8951001763343811,2.295943204444484e-06,0.8950997591018677,10.487175,10.48998236656189
2655,124.40598368644714,0.8951284,0.8951010704040527,4.926716883346671e-06,0.8950997591018677,10.487157,10.489892959594727
2656,124.45528197288513,0.8951284,0.895103394985199,8.425040505244397e-06,0.895099937915802,10.487157,10.489660501480103
2657,124.49795889854431,0.8951324,0.8951084017753601,1.1784002708736807e-05,0.895099937915802,10.486757,10.48915982246399
2658,124.5487220287323,0.8951326,0.8951179385185242,1.2465302461350802e-05,0.895103931427002,10.48674,10.488206148147583
2659,124.59853386878967,0.8951326,0.8951296806335449,1.9074177544098347e-06,0.8951282501220703,10.48674,10.487031936645508
2660,124.64163398742676,0.8951326,0.8951310515403748,1.938609329954488e-06,0.8951284289360046,10.48674,10.486894845962524
2661,124.68593716621399,0.8951326,0.8951326608657837,1.241853766487111e-07,0.8951324224472046,10.48674,10.48673391342163
2662,124.7290186882019,0.8951579,0.8951327204704285,1.3897425787945394e-06,0.8951326012611389,10.484213,10.486727952957153
2663,124.7791600227356,0.8951579,0.8951328992843628,1.9668218556034844e-06,0.8951326012611389,10.484213,10.48671007156372
2664,124.82080936431885,0.8951579,0.8951330780982971,3.0885853448126e-06,0.8951326012611389,10.484213,10.486692190170288
2665,124.86268520355225,0.8951579,0.8951343894004822,6.304882845142856e-06,0.8951326012611389,10.484213,10.486561059951782
2666,124.90414953231812,0.8951579,0.8951369524002075,9.519985724182334e-06,0.8951326012611389,10.484213,10.486304759979248
2667,124.94924902915955,0.8951579,0.8951423168182373,1.228741712111514e-05,0.8951326012611389,10.484213,10.48576831817627
2668,124.99156641960144,0.8951579,0.8951538801193237,9.279415280616377e-06,0.8951326012611389,10.484213,10.484611988067627
2669,125.03494238853455,0.8951579,0.8951579928398132,1.1920928955078125e-07,0.8951578736305237,10.484213,10.484200716018677
2670,125.07935380935669,0.89516336,0.8951579928398132,3.183877481660602e-07,0.8951578736305237,10.4836645,10.484200716018677
2671,125.12802028656006,0.89516336,0.8951579928398132,5.250624326436082e-07,0.8951578736305237,10.4836645,10.484200716018677
2672,125.1693024635315,0.89516336,0.8951581716537476,1.1071849712607218e-06,0.8951578736305237,10.4836645,10.484182834625244
2673,125.21206665039062,0.89516336,0.8951587080955505,1.9171895928593585e-06,0.8951578736305237,10.4836645,10.484129190444946
2674,125.25437784194946,0.89516336,0.8951597213745117,2.5735630515555386e-06,0.8951578736305237,10.4836645,10.484027862548828
2675,125.29733300209045,0.89516336,0.8951616883277893,2.54124552157009e-06,0.8951578736305237,10.4836645,10.48383116722107
2676,125.33964467048645,0.89516336,0.8951634168624878,5.960464477539063e-08,0.895163357257843,10.4836645,10.48365831375122
2677,125.3814742565155,0.89516336,0.8951634168624878,5.960464477539063e-08,0.895163357257843,10.4836645,10.48365831375122
2678,125.42565059661865,0.89516336,0.8951634168624878,5.960464477539063e-08,0.895163357257843,10.4836645,10.48365831375122
2679,125.46982598304749,0.89516336,0.8951634168624878,5.960464477539063e-08,0.895163357257843,10.4836645,10.48365831375122
2680,125.51522827148438,0.89516336,0.8951634168624878,5.960464477539063e-08,0.895163357257843,10.4836645,10.48365831375122
2681,125.56050682067871,0.89518046,0.8951635360717773,9.487907277616614e-07,0.895163357257843,10.481954,10.483646392822266
2682,125.61339950561523,0.89518046,0.8951635956764221,1.4910766594766756e-06,0.895163357257843,10.481954,10.483640432357788
2683,125.65606498718262,0.89520276,0.8951641917228699,4.278695996617898e-06,0.895163357257843,10.479725,10.483580827713013
2684,125.70671796798706,0.89520276,0.8951666355133057,8.650390554976184e-06,0.895163357257843,10.479725,10.483336448669434
2685,125.75212001800537,0.89520276,0.8951712846755981,1.287007125938544e-05,0.895163357257843,10.479725,10.482871532440186
2686,125.79655432701111,0.89520276,0.8951808214187622,1.4819545867794659e-05,0.895163357257843,10.479725,10.48191785812378
2687,125.83934020996094,0.89520276,0.8951954245567322,6.143304744909983e-06,0.8951829075813293,10.479725,10.480457544326782
2688,125.88278698921204,0.89520276,0.8952004313468933,3.343177695569466e-06,0.8951941132545471,10.479725,10.479956865310669
2689,125.92687201499939,0.89520407,0.8952028155326843,9.10475961291013e-08,0.8952027559280396,10.479593,10.479718446731567
2690,125.97829627990723,0.89520407,0.8952028155326843,1.5000173902990355e-07,0.8952027559280396,10.479593,10.479718446731567
2691,126.02116632461548,0.8952207,0.8952029943466187,1.7180424265461625e-06,0.8952027559280396,10.47793,10.479700565338135
2692,126.07321882247925,0.8952207,0.8952041268348694,4.641201030608499e-06,0.8952027559280396,10.47793,10.479587316513062
2693,126.11722946166992,0.89522076,0.8952072858810425,7.568565706606023e-06,0.8952027559280396,10.477924,10.479271411895752
2694,126.16824316978455,0.89522076,0.8952135443687439,8.500582225678954e-06,0.8952027559280396,10.477924,10.47864556312561
2695,126.21283912658691,0.89522076,0.8952206969261169,9.843382997587469e-09,0.8952206969261169,10.477924,10.477930307388306
2696,126.25898742675781,0.89522076,0.8952206969261169,1.797147675119959e-08,0.8952206969261169,10.477924,10.477930307388306
2697,126.30167269706726,0.89522076,0.8952206969261169,2.87917796271131e-08,0.8952206969261169,10.477924,10.477930307388306
2698,126.34566974639893,0.89522076,0.8952207565307617,4.303158718244049e-08,0.8952206969261169,10.477924,10.477924346923828
2699,126.38845610618591,0.89522076,0.8952207565307617,9.280430646185778e-09,0.8952206969261169,10.477924,10.477924346923828
2700,126.43242931365967,0.8952215,0.8952207565307617,3.9373531990349875e-08,0.8952207565307617,10.477853,10.477924346923828
2701,126.48386740684509,0.8952215,0.8952207565307617,5.5682583877114666e-08,0.8952207565307617,10.477853,10.477924346923828
2702,126.52867865562439,0.8952228,0.8952207565307617,1.7175065636365616e-07,0.8952207565307617,10.477722,10.477924346923828
2703,126.58189725875854,0.8952228,0.8952208757400513,2.96102456331937e-07,0.8952207565307617,10.477722,10.477912425994873
2704,126.62468791007996,0.89522284,0.8952210545539856,4.6917259055589966e-07,0.8952207565307617,10.4777155,10.47789454460144
2705,126.67653346061707,0.89522386,0.8952215313911438,6.531834628731303e-07,0.8952207565307617,10.477614,10.47784686088562
2706,126.72799730300903,0.89522386,0.8952219486236572,6.035892852196412e-07,0.895221471786499,10.477614,10.477805137634277
2707,126.77267217636108,0.89523476,0.895222544670105,9.880907327897148e-07,0.8952217698097229,10.476523,10.477745532989502
2708,126.82643175125122,0.89523476,0.8952233791351318,1.2048755024807178e-06,0.8952227830886841,10.476523,10.477662086486816
2709,126.87098169326782,0.89523685,0.8952239155769348,2.134168653356028e-06,0.8952228426933289,10.476315,10.477608442306519
2710,126.92402744293213,0.89523685,0.8952252864837646,3.870139153150376e-06,0.89522385597229,10.476315,10.477471351623535
2711,126.96669006347656,0.89523685,0.8952272534370422,5.4523056860489305e-06,0.89522385597229,10.476315,10.477274656295776
2712,127.01162576675415,0.8952422,0.8952318429946899,5.8116306718147825e-06,0.89522385597229,10.475779,10.476815700531006
2713,127.06297612190247,0.8952422,0.8952367901802063,1.1774745871662162e-06,0.8952347636222839,10.475779,10.47632098197937
2714,127.10698628425598,0.8952422,0.8952375054359436,1.6970441265584668e-06,0.8952368497848511,10.475779,10.47624945640564
2715,127.1517870426178,0.8952422,0.8952383995056152,2.4120640773617197e-06,0.8952368497848511,10.475779,10.476160049438477
2716,127.19665360450745,0.8952422,0.8952403664588928,2.5281722173531307e-06,0.8952368497848511,10.475779,10.475963354110718
2717,127.24079203605652,0.8952422,0.8952423334121704,1.1920928955078125e-07,0.8952422142028809,10.475779,10.475766658782959
2718,127.28420686721802,0.8952422,0.8952423334121704,1.1920928955078125e-07,0.8952422142028809,10.475779,10.475766658782959
2719,127.32743978500366,0.8952422,0.8952423334121704,1.1920928955078125e-07,0.8952422142028809,10.475779,10.475766658782959
2720,127.37088537216187,0.8952422,0.8952423334121704,1.1920928955078125e-07,0.8952422142028809,10.475779,10.475766658782959
2721,127.41453313827515,0.89525867,0.8952423930168152,9.133683533946169e-07,0.8952422142028809,10.4741335,10.475760698318481
2722,127.46992373466492,0.89525867,0.8952425718307495,2.1987571017234586e-06,0.8952422142028809,10.4741335,10.475742816925049
2723,127.51700139045715,0.89525867,0.8952437043190002,4.5112842599337455e-06,0.8952422142028809,10.4741335,10.475629568099976
2724,127.56527543067932,0.89525867,0.8952458500862122,6.7438645601214375e-06,0.8952422142028809,10.4741335,10.475414991378784
2725,127.61011385917664,0.89525867,0.895250141620636,8.217289177991915e-06,0.8952422142028809,10.4741335,10.474985837936401
2726,127.65430736541748,0.89525867,0.8952579498291016,3.689890263558482e-06,0.8952422142028809,10.4741335,10.474205017089844
2727,127.69819617271423,0.89525867,0.8952587842941284,1.1920928955078125e-07,0.8952586650848389,10.4741335,10.474121570587158
2728,127.74254703521729,0.89525867,0.8952587842941284,1.1920928955078125e-07,0.8952586650848389,10.4741335,10.474121570587158
2729,127.78841805458069,0.89525867,0.8952587842941284,1.1920928955078125e-07,0.8952586650848389,10.4741335,10.474121570587158
2730,127.83482098579407,0.89525867,0.8952587842941284,1.1920928955078125e-07,0.8952586650848389,10.4741335,10.474121570587158
2731,127.87852478027344,0.89525867,0.8952587842941284,1.1920928955078125e-07,0.8952586650848389,10.4741335,10.474121570587158
2732,127.92204093933105,0.8952679,0.8952587842941284,5.59497209451365e-07,0.8952586650848389,10.473209,10.474121570587158
2733,127.97237610816956,0.8952872,0.8952590227127075,1.9554447590053314e-06,0.8952586650848389,10.471278,10.474097728729248
2734,128.02307152748108,0.8952872,0.8952598571777344,4.06605749958544e-06,0.8952586650848389,10.471278,10.474014282226562
2735,128.06742787361145,0.8952958,0.8952627182006836,8.793368579063099e-06,0.8952586650848389,10.47042,10.47372817993164
2736,128.1183958053589,0.8952958,0.8952693343162537,1.3036639757046942e-05,0.8952586650848389,10.47042,10.473066568374634
2737,128.1637761592865,0.8953179,0.8952821493148804,1.2026683180010878e-05,0.8952634930610657,10.468208,10.471785068511963
2738,128.21480584144592,0.8953179,0.8952930569648743,4.9249133553530555e-06,0.8952872157096863,10.468208,10.470694303512573
2739,128.25901627540588,0.8953179,0.8952974081039429,3.972834747401066e-06,0.8952957987785339,10.468208,10.470259189605713
2740,128.30316638946533,0.89532554,0.8952998518943787,6.3879078879836015e-06,0.8952957987785339,10.467445,10.470014810562134
2741,128.35550832748413,0.8953305,0.8953052163124084,7.893772817624267e-06,0.8952957987785339,10.466951,10.469478368759155
2742,128.4056806564331,0.8953305,0.8953119516372681,8.319547305291053e-06,0.895300567150116,10.466951,10.468804836273193
2743,128.44958996772766,0.8953305,0.8953198790550232,5.070798579254188e-06,0.895311176776886,10.466951,10.46801209449768
2744,128.4957675933838,0.8953305,0.8953243494033813,4.4107146095484495e-06,0.8953179121017456,10.466951,10.467565059661865
2745,128.53996753692627,0.8953305,0.8953277468681335,2.4539194782846607e-06,0.8953255414962769,10.466951,10.467225313186646
2746,128.5842306613922,0.8953305,0.8953301906585693,1.2211725106681115e-06,0.8953255414962769,10.466951,10.466980934143066
2747,128.62879943847656,0.8953305,0.895330548286438,5.960464477539063e-08,0.8953304886817932,10.466951,10.466945171356201
2748,128.6713628768921,0.8953305,0.895330548286438,5.960464477539063e-08,0.8953304886817932,10.466951,10.466945171356201
2749,128.7152819633484,0.8953305,0.895330548286438,5.960464477539063e-08,0.8953304886817932,10.466951,10.466945171356201
2750,128.75873279571533,0.8953305,0.895330548286438,5.960464477539063e-08,0.8953304886817932,10.466951,10.466945171356201
2751,128.80269956588745,0.8953305,0.895330548286438,5.960464477539063e-08,0.8953304886817932,10.466951,10.466945171356201
2752,128.84762024879456,0.8953305,0.895330548286438,5.960464477539063e-08,0.8953304886817932,10.466951,10.466945171356201
2753,128.8935263156891,0.8953305,0.895330548286438,5.960464477539063e-08,0.8953304886817932,10.466951,10.466945171356201
2754,128.9373483657837,0.8953305,0.895330548286438,5.960464477539063e-08,0.8953304886817932,10.466951,10.466945171356201
2755,128.9810311794281,0.8953305,0.895330548286438,5.960464477539063e-08,0.8953304886817932,10.466951,10.466945171356201
2756,129.02420568466187,0.8953305,0.895330548286438,5.960464477539063e-08,0.8953304886817932,10.466951,10.466945171356201
2757,129.06791639328003,0.8953305,0.895330548286438,5.960464477539063e-08,0.8953304886817932,10.466951,10.466945171356201
2758,129.1108808517456,0.8953305,0.895330548286438,5.960464477539063e-08,0.8953304886817932,10.466951,10.466945171356201
2759,129.153874874115,0.8953305,0.895330548286438,5.960464477539063e-08,0.8953304886817932,10.466951,10.466945171356201
2760,129.19587326049805,0.8953305,0.895330548286438,5.960464477539063e-08,0.8953304886817932,10.466951,10.466945171356201
2761,129.2377953529358,0.89534736,0.8953306078910828,9.296483653997711e-07,0.8953304886817932,10.465264,10.466939210891724
2762,129.29019784927368,0.89534736,0.8953307867050171,1.9820863599306904e-06,0.8953304886817932,10.465264,10.466921329498291
2763,129.33440232276917,0.89534736,0.8953315615653992,3.646924369604676e-06,0.8953304886817932,10.465264,10.466843843460083
2764,129.37923407554626,0.89534736,0.8953334093093872,5.99681379753747e-06,0.8953304886817932,10.465264,10.46665906906128
2765,129.42287755012512,0.89534736,0.895336925983429,7.567727152490988e-06,0.8953304886817932,10.465264,10.466307401657104
2766,129.46796417236328,0.89534736,0.8953438401222229,5.407355729403207e-06,0.8953317403793335,10.465264,10.46561598777771
2767,129.5126051902771,0.89534736,0.8953472971916199,3.8678359715049737e-07,0.8953461050987244,10.465264,10.465270280838013
2768,129.55658316612244,0.89534736,0.8953474760055542,1.1920928955078125e-07,0.8953473567962646,10.465264,10.46525239944458
2769,129.5990424156189,0.89534736,0.8953474760055542,1.1920928955078125e-07,0.8953473567962646,10.465264,10.46525239944458
2770,129.6428997516632,0.89534736,0.8953474760055542,1.1920928955078125e-07,0.8953473567962646,10.465264,10.46525239944458
2771,129.6868715286255,0.89534736,0.8953474760055542,1.1920928955078125e-07,0.8953473567962646,10.465264,10.46525239944458
2772,129.73161053657532,0.89534736,0.8953474760055542,1.1920928955078125e-07,0.8953473567962646,10.465264,10.46525239944458
2773,129.7761197090149,0.89534736,0.8953474760055542,1.1920928955078125e-07,0.8953473567962646,10.465264,10.46525239944458
2774,129.8185999393463,0.89534736,0.8953474760055542,1.1920928955078125e-07,0.8953473567962646,10.465264,10.46525239944458
2775,129.8631145954132,0.89534736,0.8953474760055542,1.1920928955078125e-07,0.8953473567962646,10.465264,10.46525239944458
2776,129.90848469734192,0.89534736,0.8953474760055542,1.1920928955078125e-07,0.8953473567962646,10.465264,10.46525239944458
2777,129.9526126384735,0.89534736,0.8953474760055542,1.1920928955078125e-07,0.8953473567962646,10.465264,10.46525239944458
2778,129.99651837348938,0.89534736,0.8953474760055542,1.1920928955078125e-07,0.8953473567962646,10.465264,10.46525239944458
2779,130.04047918319702,0.89534736,0.8953474760055542,1.1920928955078125e-07,0.8953473567962646,10.465264,10.46525239944458
2780,130.08157634735107,0.89534736,0.8953474760055542,1.1920928955078125e-07,0.8953473567962646,10.465264,10.46525239944458
2781,130.12366771697998,0.89534765,0.8953474760055542,1.1943484423682094e-07,0.8953473567962646,10.465235,10.46525239944458
2782,130.17430138587952,0.89534765,0.8953474760055542,1.199744730229213e-07,0.8953473567962646,10.465235,10.46525239944458
2783,130.21580386161804,0.8953535,0.8953476548194885,7.752423698548228e-07,0.8953473567962646,10.46465,10.465234518051147
2784,130.2648410797119,0.8953535,0.8953481316566467,1.8429103647576994e-06,0.8953473567962646,10.46465,10.465186834335327
2785,130.307382106781,0.8953535,0.8953492045402527,2.75245633929444e-06,0.8953473567962646,10.46465,10.465079545974731
2786,130.3499665260315,0.895358,0.8953513503074646,2.8827241749240784e-06,0.8953473567962646,10.464197,10.46486496925354
2787,130.40080285072327,0.895358,0.8953534960746765,4.319140600728133e-07,0.8953534960746765,10.464197,10.464650392532349
2788,130.4420793056488,0.8953581,0.8953535556793213,8.554183636988455e-07,0.8953534960746765,10.464191,10.464644432067871
2789,130.4919810295105,0.8953581,0.8953539133071899,1.461030592508905e-06,0.8953534960746765,10.464191,10.464608669281006
2790,130.53360104560852,0.8953581,0.895354688167572,1.9992355646536453e-06,0.8953534960746765,10.464191,10.464531183242798
2791,130.57686281204224,0.8953581,0.8953561782836914,2.2397402972273994e-06,0.8953534960746765,10.464191,10.46438217163086
2792,130.6198275089264,0.8953581,0.8953580260276794,3.9373531990349875e-08,0.8953580260276794,10.464191,10.464197397232056
2793,130.6592674255371,0.8953581,0.8953580856323242,1.6568883154377545e-08,0.8953580260276794,10.464191,10.464191436767578
2794,130.70188665390015,0.8953581,0.8953580856323242,0.0,0.8953580856323242,10.464191,10.464191436767578
2795,130.74399614334106,0.8953581,0.8953580856323242,0.0,0.8953580856323242,10.464191,10.464191436767578
2796,130.7857985496521,0.8953581,0.8953580856323242,0.0,0.8953580856323242,10.464191,10.464191436767578
2797,130.82722902297974,0.8953581,0.8953580856323242,0.0,0.8953580856323242,10.464191,10.464191436767578
2798,130.86864399909973,0.8953581,0.8953580856323242,0.0,0.8953580856323242,10.464191,10.464191436767578
2799,130.91021180152893,0.8953581,0.8953580856323242,0.0,0.8953580856323242,10.464191,10.464191436767578
2800,130.95339155197144,0.8953581,0.8953580856323242,0.0,0.8953580856323242,10.464191,10.464191436767578
2801,130.9960594177246,0.8953643,0.8953582048416138,3.5521142649486137e-07,0.8953580856323242,10.463572,10.464179515838623
2802,131.04666209220886,0.8953643,0.8953582048416138,5.916957093177189e-07,0.8953580856323242,10.463572,10.464179515838623
2803,131.08970665931702,0.89539605,0.8953583836555481,2.3993479771888815e-06,0.8953580856323242,10.460395,10.46416163444519
2804,131.13943076133728,0.89539605,0.895359218120575,4.060324954480166e-06,0.8953580856323242,10.460395,10.464078187942505
2805,131.18189191818237,0.8954366,0.8953620791435242,1.1010742127837148e-05,0.8953580856323242,10.456342,10.463792085647583
2806,131.23172783851624,0.8954366,0.8953694701194763,1.930713733599987e-05,0.8953580856323242,10.456342,10.463052988052368
2807,131.27339720726013,0.8954396,0.8953828811645508,2.607155329314992e-05,0.8953642845153809,10.4560375,10.461711883544922
2808,131.3250925540924,0.8954514,0.8954062461853027,2.573080018919427e-05,0.8953642845153809,10.454857,10.459375381469727
2809,131.3750171661377,0.8954514,0.8954282999038696,7.95211144577479e-06,0.8954192399978638,10.454857,10.457170009613037
2810,131.41854047775269,0.8954514,0.8954360485076904,7.614024980284739e-06,0.895427405834198,10.454857,10.456395149230957
2811,131.45957589149475,0.8954514,0.8954436182975769,5.35820254299324e-06,0.8954365849494934,10.454857,10.45563817024231
2812,131.50329303741455,0.8954514,0.8954484462738037,3.0585813419747865e-06,0.8954436779022217,10.454857,10.455155372619629
2813,131.54641008377075,0.8954524,0.8954516053199768,1.8356729469815036e-07,0.8954514265060425,10.4547615,10.45483946800232
2814,131.59557676315308,0.8954524,0.8954516053199768,1.9272260942670982e-07,0.8954514265060425,10.4547615,10.45483946800232
2815,131.63900136947632,0.89545363,0.8954516053199768,2.5829373839769687e-07,0.8954514265060425,10.454637,10.45483946800232
2816,131.68882131576538,0.89545363,0.8954517841339111,5.486747909344558e-07,0.8954514265060425,10.454637,10.454821586608887
2817,131.73080945014954,0.89545363,0.8954520225524902,8.496790542267263e-07,0.8954514265060425,10.454637,10.454797744750977
2818,131.77367401123047,0.89545363,0.8954527974128723,8.746867479203502e-07,0.8954514265060425,10.454637,10.454720258712769
2819,131.81661319732666,0.89545363,0.8954534530639648,3.725561157352786e-07,0.8954523801803589,10.454637,10.454654693603516
2820,131.85953283309937,0.89545363,0.8954535126686096,1.1920928955078125e-07,0.8954536318778992,10.454637,10.454648733139038
2821,131.90182185173035,0.89545363,0.8954535126686096,1.1920928955078125e-07,0.8954536318778992,10.454637,10.454648733139038
2822,131.94371056556702,0.89545363,0.8954535126686096,1.1920928955078125e-07,0.8954536318778992,10.454637,10.454648733139038
2823,131.9848096370697,0.89545363,0.8954535126686096,1.1920928955078125e-07,0.8954536318778992,10.454637,10.454648733139038
2824,132.02795386314392,0.89545363,0.8954535126686096,1.1920928955078125e-07,0.8954536318778992,10.454637,10.454648733139038
2825,132.07050967216492,0.89545363,0.8954535126686096,1.1920928955078125e-07,0.8954536318778992,10.454637,10.454648733139038
2826,132.11311030387878,0.89545363,0.8954535126686096,1.1920928955078125e-07,0.8954536318778992,10.454637,10.454648733139038
2827,132.1560959815979,0.89545363,0.8954535126686096,1.1920928955078125e-07,0.8954536318778992,10.454637,10.454648733139038
2828,132.19897723197937,0.89545363,0.8954535126686096,1.1920928955078125e-07,0.8954536318778992,10.454637,10.454648733139038
2829,132.24079990386963,0.89545363,0.8954535126686096,1.1920928955078125e-07,0.8954536318778992,10.454637,10.454648733139038
2830,132.28272461891174,0.89545363,0.8954535126686096,1.1920928955078125e-07,0.8954536318778992,10.454637,10.454648733139038
2831,132.32379937171936,0.89552593,0.8954538106918335,3.974177161580883e-06,0.8954536318778992,10.447407,10.45461893081665
2832,132.3740210533142,0.8955851,0.8954548239707947,1.0683380423870403e-05,0.8954536318778992,10.441488,10.454517602920532
2833,132.4233593940735,0.89570737,0.8954591751098633,2.383894934609998e-05,0.8954536318778992,10.429263,10.454082489013672
2834,132.47363805770874,0.89570737,0.8954693675041199,3.873234163620509e-05,0.8954536318778992,10.429263,10.453063249588013
2835,132.51539301872253,0.89570737,0.8954962491989136,6.38410565443337e-05,0.8954536318778992,10.429263,10.450375080108643
2836,132.5599889755249,0.8957948,0.8955485224723816,8.203193283407018e-05,0.8954536318778992,10.420519,10.44514775276184
2837,132.6099693775177,0.8957948,0.8956254720687866,9.305685671279207e-05,0.8955278992652893,10.420519,10.437452793121338
2838,132.6527349948883,0.895804,0.8957262635231018,6.023015157552436e-05,0.8955851197242737,10.419601,10.42737364768982
2839,132.70144391059875,0.895804,0.8957713842391968,3.526069122017361e-05,0.895707368850708,10.419601,10.422861576080322
2840,132.74473118782043,0.895804,0.8957951664924622,3.021678139702999e-06,0.8957868814468384,10.419601,10.420483350753784
2841,132.78700399398804,0.895804,0.8957971930503845,3.887417733494658e-06,0.8957948088645935,10.419601,10.420280694961548
2842,132.82929706573486,0.895804,0.8958000540733337,4.394763436721405e-06,0.8957948088645935,10.419601,10.419994592666626
2843,132.8718683719635,0.8958098,0.8958041071891785,4.1895773961186933e-07,0.8958039879798889,10.419017,10.419589281082153
2844,132.9319350719452,0.8958098,0.8958041071891785,7.233677479234757e-07,0.8958039879798889,10.419017,10.419589281082153
2845,132.99205946922302,0.8958098,0.8958044648170471,1.3040078101766994e-06,0.8958039879798889,10.419017,10.419553518295288
2846,133.0383939743042,0.8958098,0.8958049416542053,1.980274191737408e-06,0.8958039879798889,10.419017,10.419505834579468
2847,133.08163022994995,0.89581436,0.8958059549331665,2.6721556878328556e-06,0.8958039879798889,10.418564,10.41940450668335
2848,133.13287377357483,0.89581436,0.8958079814910889,2.840346269294969e-06,0.8958039879798889,10.418564,10.419201850891113
2849,133.17641854286194,0.8958295,0.895810604095459,2.167328375435318e-06,0.8958086371421814,10.41705,10.418939590454102
2850,133.22595477104187,0.8958295,0.8958120346069336,2.6319758035242558e-06,0.8958098292350769,10.41705,10.41879653930664
2851,133.26765537261963,0.895838,0.8958146572113037,3.5524901704775402e-06,0.8958098292350769,10.416198,10.418534278869629
2852,133.31722497940063,0.89584255,0.8958171606063843,7.399956302833743e-06,0.8958143591880798,10.415745,10.418283939361572
2853,133.36644530296326,0.89584255,0.8958213925361633,1.0919088708760682e-05,0.8958143591880798,10.415745,10.417860746383667
2854,133.40875911712646,0.89584255,0.895829439163208,1.2010347745672334e-05,0.8958143591880798,10.415745,10.4170560836792
2855,133.4507348537445,0.89584255,0.8958403468132019,2.6609945962263737e-06,0.8958353400230408,10.415745,10.41596531867981
2856,133.4935691356659,0.89584255,0.8958425521850586,0.0,0.8958425521850586,10.415745,10.41574478149414
2857,133.54010939598083,0.89584255,0.8958425521850586,0.0,0.8958425521850586,10.415745,10.41574478149414
2858,133.58417558670044,0.89584255,0.8958425521850586,0.0,0.8958425521850586,10.415745,10.41574478149414
2859,133.6261010169983,0.89584255,0.8958425521850586,0.0,0.8958425521850586,10.415745,10.41574478149414
2860,133.669282913208,0.89584255,0.8958425521850586,0.0,0.8958425521850586,10.415745,10.41574478149414
2861,133.71139693260193,0.89584255,0.8958425521850586,0.0,0.8958425521850586,10.415745,10.41574478149414
2862,133.75643157958984,0.89584255,0.8958425521850586,0.0,0.8958425521850586,10.415745,10.41574478149414
2863,133.79818105697632,0.89584255,0.8958425521850586,0.0,0.8958425521850586,10.415745,10.41574478149414
2864,133.8397238254547,0.89584255,0.8958425521850586,0.0,0.8958425521850586,10.415745,10.41574478149414
2865,133.88189125061035,0.89584255,0.8958425521850586,0.0,0.8958425521850586,10.415745,10.41574478149414
2866,133.9239411354065,0.89584255,0.8958425521850586,0.0,0.8958425521850586,10.415745,10.41574478149414
2867,133.96714210510254,0.89584255,0.8958425521850586,0.0,0.8958425521850586,10.415745,10.41574478149414
2868,134.00947427749634,0.8958426,0.8958425521850586,3.2811275918476213e-09,0.8958425521850586,10.415739,10.41574478149414
2869,134.06048965454102,0.8958426,0.8958425521850586,6.5622551836952425e-09,0.8958425521850586,10.415739,10.41574478149414
2870,134.10169076919556,0.8958426,0.8958425521850586,1.3124510367390485e-08,0.8958425521850586,10.415739,10.41574478149414
2871,134.14572501182556,0.8958426,0.8958425521850586,2.2132416788167575e-08,0.8958425521850586,10.415739,10.41574478149414
2872,134.1873164176941,0.8958426,0.8958425521850586,3.4801615811375086e-08,0.8958425521850586,10.415739,10.41574478149414
2873,134.22965335845947,0.8958426,0.8958425521850586,5.072500286473769e-08,0.8958425521850586,10.415739,10.41574478149414
2874,134.2728235721588,0.8958426,0.8958425521850586,5.960464477539063e-08,0.8958426117897034,10.415739,10.41574478149414
2875,134.31680297851562,0.8958426,0.8958425521850586,5.960464477539063e-08,0.8958426117897034,10.415739,10.41574478149414
2876,134.36056303977966,0.8958426,0.8958425521850586,5.960464477539063e-08,0.8958426117897034,10.415739,10.41574478149414
2877,134.4032337665558,0.8958426,0.8958425521850586,5.960464477539063e-08,0.8958426117897034,10.415739,10.41574478149414
2878,134.44625639915466,0.8958426,0.8958425521850586,5.960464477539063e-08,0.8958426117897034,10.415739,10.41574478149414
2879,134.48772287368774,0.8958426,0.8958425521850586,5.960464477539063e-08,0.8958426117897034,10.415739,10.41574478149414
2880,134.53159141540527,0.8958426,0.8958425521850586,5.960464477539063e-08,0.8958426117897034,10.415739,10.41574478149414
2881,134.5747172832489,0.8958426,0.8958425521850586,5.960464477539063e-08,0.8958426117897034,10.415739,10.41574478149414
2882,134.61767888069153,0.8958426,0.8958425521850586,5.960464477539063e-08,0.8958426117897034,10.415739,10.41574478149414
2883,134.6605224609375,0.8958426,0.8958425521850586,5.960464477539063e-08,0.8958426117897034,10.415739,10.41574478149414
2884,134.70384240150452,0.8958426,0.8958425521850586,5.960464477539063e-08,0.8958426117897034,10.415739,10.41574478149414
2885,134.7489321231842,0.89584965,0.8958425521850586,3.9496384829362796e-07,0.8958426117897034,10.415035,10.41574478149414
2886,134.79762053489685,0.89584965,0.8958427906036377,8.621939855402161e-07,0.8958426117897034,10.415035,10.41572093963623
2887,134.83982920646667,0.8958507,0.895842969417572,1.613901304153842e-06,0.8958426117897034,10.414928,10.415703058242798
2888,134.88797688484192,0.8958507,0.8958438038825989,2.7857065560965566e-06,0.8958426117897034,10.414928,10.415619611740112
2889,134.9294295310974,0.89586407,0.8958454728126526,3.885578280460322e-06,0.8958426117897034,10.413593,10.415452718734741
2890,134.98226475715637,0.89586407,0.8958485126495361,3.6990666103520198e-06,0.8958426117897034,10.413593,10.415148735046387
2891,135.02475142478943,0.8958729,0.8958510756492615,2.437319153614226e-06,0.8958507180213928,10.412711,10.414892435073853
2892,135.07460737228394,0.8958729,0.8958523869514465,5.0296125664317515e-06,0.8958507180213928,10.412711,10.414761304855347
2893,135.11675214767456,0.8958729,0.8958555459976196,8.487420927849598e-06,0.8958507180213928,10.412711,10.414445400238037
2894,135.16154050827026,0.8958729,0.8958611488342285,1.027708549372619e-05,0.8958507180213928,10.412711,10.413885116577148
2895,135.2040503025055,0.8958729,0.8958713412284851,3.3401524888176937e-06,0.8958640694618225,10.412711,10.41286587715149
2896,135.24780893325806,0.8958729,0.8958728909492493,0.0,0.8958728909492493,10.412711,10.412710905075073
2897,135.29039478302002,0.8959235,0.8958730697631836,2.7815701741928933e-06,0.8958728909492493,10.40765,10.41269302368164
2898,135.34118580818176,0.8959235,0.8958735466003418,5.537647666642442e-06,0.8958728909492493,10.40765,10.41264533996582
2899,135.38367795944214,0.8959481,0.8958763480186462,1.3470647900248878e-05,0.8958728909492493,10.405189,10.412365198135376
2900,135.43248391151428,0.8959481,0.8958855867385864,2.634920929267537e-05,0.8958728909492493,10.405189,10.411441326141357
2901,135.47598242759705,0.8959579,0.8959009051322937,3.4332457289565355e-05,0.8958728909492493,10.404211,10.40990948677063
2902,135.52788496017456,0.8959609,0.8959322571754456,2.6862875529332086e-05,0.8958728909492493,10.403908,10.406774282455444
2903,135.57937383651733,0.89596856,0.8959486484527588,2.4997821128636133e-06,0.8959481120109558,10.403145,10.405135154724121
2904,135.6303813457489,0.89596856,0.8959499597549438,4.425636234373087e-06,0.8959481120109558,10.403145,10.405004024505615
2905,135.6734459400177,0.89596856,0.8959526419639587,6.4689756982261315e-06,0.8959481120109558,10.403145,10.404735803604126
2906,135.7151801586151,0.89596856,0.8959589004516602,6.516634584841086e-06,0.8959481120109558,10.403145,10.404109954833984
2907,135.75875782966614,0.8959688,0.8959648609161377,2.8950871637789533e-06,0.8959612250328064,10.40312,10.40351390838623
2908,135.80699467658997,0.8959688,0.8959672451019287,2.4398125333391363e-06,0.8959625363349915,10.40312,10.403275489807129
2909,135.84922552108765,0.8959688,0.8959685564041138,6.692213361247923e-08,0.8959685564041138,10.40312,10.403144359588623
2910,135.89204668998718,0.8959688,0.8959685564041138,1.0662402871730592e-07,0.8959685564041138,10.40312,10.403144359588623
2911,135.93326950073242,0.8959688,0.8959686160087585,1.258003408111108e-07,0.8959685564041138,10.40312,10.403138399124146
2912,135.97580933570862,0.8959724,0.8959687352180481,2.1630570756769885e-07,0.8959685564041138,10.402763,10.40312647819519
2913,136.0251762866974,0.8959724,0.8959689140319824,3.5032857681471796e-07,0.8959687948226929,10.402763,10.403108596801758
2914,136.06763625144958,0.8959726,0.8959689140319824,6.772171445845743e-07,0.8959687948226929,10.402739,10.403108596801758
2915,136.11751413345337,0.8959726,0.8959692716598511,1.2721977782348404e-06,0.8959687948226929,10.402739,10.403072834014893
2916,136.16162037849426,0.8959726,0.8959701061248779,1.779932404133433e-06,0.8959687948226929,10.402739,10.402989387512207
2917,136.20305180549622,0.8959726,0.8959715962409973,1.6030919596232707e-06,0.8959687948226929,10.402739,10.402840375900269
2918,136.24806547164917,0.8959726,0.8959726095199585,0.0,0.8959726095199585,10.402739,10.40273904800415
2919,136.29226446151733,0.8959726,0.8959726095199585,0.0,0.8959726095199585,10.402739,10.40273904800415
2920,136.33640480041504,0.8959726,0.8959726095199585,0.0,0.8959726095199585,10.402739,10.40273904800415
2921,136.37840247154236,0.8959726,0.8959726095199585,0.0,0.8959726095199585,10.402739,10.40273904800415
2922,136.4209861755371,0.8959726,0.8959726095199585,0.0,0.8959726095199585,10.402739,10.40273904800415
2923,136.46259427070618,0.8959726,0.8959726095199585,0.0,0.8959726095199585,10.402739,10.40273904800415
2924,136.50490808486938,0.8959726,0.8959726095199585,0.0,0.8959726095199585,10.402739,10.40273904800415
2925,136.5479052066803,0.8959874,0.8959726691246033,8.126207831082866e-07,0.8959726095199585,10.40126,10.402733087539673
2926,136.5995478630066,0.8959874,0.8959727883338928,1.617546104171197e-06,0.8959726095199585,10.40126,10.402721166610718
2927,136.64304852485657,0.8959874,0.8959735035896301,3.0482399324682774e-06,0.8959726095199585,10.40126,10.402649641036987
2928,136.68369102478027,0.8959874,0.8959749937057495,4.897535745840287e-06,0.8959726095199585,10.40126,10.402500629425049
2929,136.72440028190613,0.8959874,0.895977795124054,5.98492260905914e-06,0.8959726095199585,10.40126,10.402220487594604
2930,136.7672667503357,0.8959874,0.8959831595420837,3.8511916500283405e-06,0.8959726095199585,10.40126,10.401684045791626
2931,136.80930399894714,0.8959874,0.8959866762161255,2.160168605769286e-06,0.8959802389144897,10.40126,10.401332378387451
2932,136.85183429718018,0.8959898,0.8959873914718628,1.3124511610840273e-07,0.8959873914718628,10.401022,10.40126085281372
2933,136.90161776542664,0.896015,0.8959875702857971,1.5342245660576737e-06,0.8959873914718628,10.398501,10.401242971420288
2934,136.95059394836426,0.896015,0.8959879279136658,3.0999972295830958e-06,0.8959873914718628,10.398501,10.401207208633423
2935,136.9930534362793,0.8960185,0.8959897756576538,6.198242317623226e-06,0.8959873914718628,10.3981495,10.40102243423462
2936,137.0414412021637,0.8960185,0.8959940671920776,9.437372682441492e-06,0.8959873914718628,10.3981495,10.400593280792236
2937,137.08309817314148,0.8960185,0.8960026502609253,9.321326615463477e-06,0.8959873914718628,10.3981495,10.39973497390747
2938,137.12463307380676,0.8960185,0.8960116505622864,6.105674856371479e-06,0.8960014581680298,10.3981495,10.398834943771362
2939,137.16676831245422,0.8960185,0.8960175514221191,1.5659644532206585e-06,0.8960149884223938,10.3981495,10.398244857788086
2940,137.20862317085266,0.8960185,0.8960185647010803,7.063956530828364e-08,0.8960184454917908,10.3981495,10.398143529891968
2941,137.25114846229553,0.8960185,0.8960186839103699,1.7881393432617188e-07,0.8960185050964355,10.3981495,10.398131608963013
2942,137.29401659965515,0.8960185,0.8960186839103699,1.7881393432617188e-07,0.8960185050964355,10.3981495,10.398131608963013
2943,137.3366961479187,0.8960185,0.8960186839103699,1.7881393432617188e-07,0.8960185050964355,10.3981495,10.398131608963013
2944,137.37835597991943,0.8960185,0.8960186839103699,1.7881393432617188e-07,0.8960185050964355,10.3981495,10.398131608963013
2945,137.42125725746155,0.8960185,0.8960186839103699,1.7881393432617188e-07,0.8960185050964355,10.3981495,10.398131608963013
2946,137.4644193649292,0.8960185,0.8960186839103699,1.7881393432617188e-07,0.8960185050964355,10.3981495,10.398131608963013
2947,137.50761604309082,0.8960185,0.8960186839103699,1.7881393432617188e-07,0.8960185050964355,10.3981495,10.398131608963013
2948,137.55061888694763,0.8960185,0.8960186839103699,1.7881393432617188e-07,0.8960185050964355,10.3981495,10.398131608963013
2949,137.59494042396545,0.8960185,0.8960186839103699,1.7881393432617188e-07,0.8960185050964355,10.3981495,10.398131608963013
2950,137.6369752883911,0.8960185,0.8960186839103699,1.7881393432617188e-07,0.8960185050964355,10.3981495,10.398131608963013
2951,137.6790246963501,0.8960185,0.8960186839103699,1.7881393432617188e-07,0.8960185050964355,10.3981495,10.398131608963013
2952,137.7210738658905,0.8960185,0.8960186839103699,1.7881393432617188e-07,0.8960185050964355,10.3981495,10.398131608963013
2953,137.76430797576904,0.8960185,0.8960186839103699,1.7881393432617188e-07,0.8960185050964355,10.3981495,10.398131608963013
2954,137.80722284317017,0.8960185,0.8960186839103699,1.7881393432617188e-07,0.8960185050964355,10.3981495,10.398131608963013
2955,137.8487949371338,0.8960185,0.8960186839103699,1.7881393432617188e-07,0.8960185050964355,10.3981495,10.398131608963013
2956,137.88870882987976,0.8960185,0.8960186839103699,1.7881393432617188e-07,0.8960185050964355,10.3981495,10.398131608963013
2957,137.93016910552979,0.8960185,0.8960186839103699,1.7881393432617188e-07,0.8960185050964355,10.3981495,10.398131608963013
2958,137.97182774543762,0.8960185,0.8960186839103699,1.7881393432617188e-07,0.8960185050964355,10.3981495,10.398131608963013
2959,138.01529335975647,0.8960185,0.8960186839103699,1.7881393432617188e-07,0.8960185050964355,10.3981495,10.398131608963013
2960,138.05771923065186,0.8960185,0.8960186839103699,1.7881393432617188e-07,0.8960185050964355,10.3981495,10.398131608963013
2961,138.10152339935303,0.8960185,0.8960186839103699,1.7881393432617188e-07,0.8960185050964355,10.3981495,10.398131608963013
2962,138.14438009262085,0.8960185,0.8960186839103699,1.7881393432617188e-07,0.8960185050964355,10.3981495,10.398131608963013
2963,138.1890377998352,0.8960185,0.8960186839103699,1.7881393432617188e-07,0.8960185050964355,10.3981495,10.398131608963013
2964,138.2344343662262,0.8960185,0.8960186839103699,1.7881393432617188e-07,0.8960185050964355,10.3981495,10.398131608963013
2965,138.28085613250732,0.8960185,0.8960186839103699,1.7881393432617188e-07,0.8960185050964355,10.3981495,10.398131608963013
2966,138.33619689941406,0.8960185,0.8960186839103699,1.7881393432617188e-07,0.8960185050964355,10.3981495,10.398131608963013
2967,138.38273692131042,0.8960185,0.8960186839103699,1.7881393432617188e-07,0.8960185050964355,10.3981495,10.398131608963013
2968,138.42670702934265,0.8960185,0.8960186839103699,1.7881393432617188e-07,0.8960185050964355,10.3981495,10.398131608963013
2969,138.469886302948,0.8960185,0.8960186839103699,1.7881393432617188e-07,0.8960185050964355,10.3981495,10.398131608963013
2970,138.51466345787048,0.8960185,0.8960186839103699,1.7881393432617188e-07,0.8960185050964355,10.3981495,10.398131608963013
2971,138.55871033668518,0.8960185,0.8960186839103699,1.7881393432617188e-07,0.8960185050964355,10.3981495,10.398131608963013
2972,138.60126948356628,0.8960185,0.8960186839103699,1.7881393432617188e-07,0.8960185050964355,10.3981495,10.398131608963013
2973,138.64507746696472,0.8960185,0.8960186839103699,1.7881393432617188e-07,0.8960185050964355,10.3981495,10.398131608963013
2974,138.6871178150177,0.8960185,0.8960186839103699,1.7881393432617188e-07,0.8960185050964355,10.3981495,10.398131608963013
2975,138.72966980934143,0.8960185,0.8960186839103699,1.7881393432617188e-07,0.8960185050964355,10.3981495,10.398131608963013
2976,138.77238631248474,0.8960185,0.8960186839103699,1.7881393432617188e-07,0.8960185050964355,10.3981495,10.398131608963013
2977,138.81429171562195,0.8960185,0.8960186839103699,1.7881393432617188e-07,0.8960185050964355,10.3981495,10.398131608963013
2978,138.85591650009155,0.8960185,0.8960186839103699,1.7881393432617188e-07,0.8960185050964355,10.3981495,10.398131608963013
2979,138.9014003276825,0.8960185,0.8960186839103699,1.7881393432617188e-07,0.8960185050964355,10.3981495,10.398131608963013
2980,138.94397234916687,0.8960227,0.8960186839103699,2.8320522460489883e-07,0.8960185050964355,10.397732,10.398131608963013
2981,138.99457693099976,0.8960227,0.8960186839103699,4.742336443541717e-07,0.8960185050964355,10.397732,10.398131608963013
2982,139.03647685050964,0.8960227,0.8960188627243042,9.095295467886899e-07,0.8960185050964355,10.397732,10.39811372756958
2983,139.07942295074463,0.8960227,0.8960192203521729,1.5269411051122006e-06,0.8960185050964355,10.397732,10.398077964782715
2984,139.12260675430298,0.8960227,0.8960201144218445,2.0091918031539535e-06,0.8960185050964355,10.397732,10.397988557815552
2985,139.16459321975708,0.8960227,0.8960217833518982,1.7493365476184408e-06,0.8960185050964355,10.397732,10.39782166481018
2986,139.20597767829895,0.8960227,0.8960227370262146,5.960464477539063e-08,0.8960226774215698,10.397732,10.39772629737854
2987,139.24742913246155,0.8960227,0.8960227370262146,5.960464477539063e-08,0.8960226774215698,10.397732,10.39772629737854
2988,139.28885746002197,0.8960227,0.8960227370262146,5.960464477539063e-08,0.8960226774215698,10.397732,10.39772629737854
2989,139.3308882713318,0.8960227,0.8960227370262146,5.960464477539063e-08,0.8960226774215698,10.397732,10.39772629737854
2990,139.37309098243713,0.8960227,0.8960227370262146,5.960464477539063e-08,0.8960226774215698,10.397732,10.39772629737854
2991,139.4166612625122,0.8960227,0.8960227370262146,5.960464477539063e-08,0.8960226774215698,10.397732,10.39772629737854
2992,139.46160125732422,0.8960227,0.8960227370262146,5.960464477539063e-08,0.8960226774215698,10.397732,10.39772629737854
2993,139.50586915016174,0.8960227,0.8960227370262146,5.960464477539063e-08,0.8960226774215698,10.397732,10.39772629737854
2994,139.5485692024231,0.8960227,0.8960227370262146,5.960464477539063e-08,0.8960226774215698,10.397732,10.39772629737854
2995,139.59099125862122,0.8960227,0.8960227370262146,5.960464477539063e-08,0.8960226774215698,10.397732,10.39772629737854
2996,139.63230180740356,0.8960227,0.8960227370262146,5.960464477539063e-08,0.8960226774215698,10.397732,10.39772629737854
2997,139.67353177070618,0.8960227,0.8960227370262146,5.960464477539063e-08,0.8960226774215698,10.397732,10.39772629737854
2998,139.71568989753723,0.89602554,0.8960227370262146,1.652985162081677e-07,0.8960226774215698,10.397446,10.39772629737854
2999,139.7652349472046,0.89602554,0.8960227370262146,2.736153703608579e-07,0.8960226774215698,10.397446,10.39772629737854
3000,139.80774807929993,0.89602554,0.8960227370262146,4.663589550091274e-07,0.8960226774215698,10.397446,10.39772629737854
3001,139.85813975334167,0.89602554,0.8960229158401489,8.596304041930125e-07,0.8960226774215698,10.397446,10.397708415985107
3002,139.89934873580933,0.89602554,0.8960234522819519,1.2494248267103103e-06,0.8960226774215698,10.397446,10.39765477180481
3003,139.94281578063965,0.89602554,0.896024227142334,1.4253545259634848e-06,0.8960226774215698,10.397446,10.397577285766602
3004,139.9858193397522,0.89602554,0.8960254788398743,5.960464477539063e-08,0.896025538444519,10.397446,10.397452116012573
3005,140.02898979187012,0.89602554,0.8960254788398743,5.960464477539063e-08,0.896025538444519,10.397446,10.397452116012573
3006,140.0706877708435,0.89602554,0.8960254788398743,5.960464477539063e-08,0.896025538444519,10.397446,10.397452116012573
3007,140.1129024028778,0.89602554,0.8960254788398743,5.960464477539063e-08,0.896025538444519,10.397446,10.397452116012573
3008,140.15621829032898,0.8960464,0.8960255980491638,1.1466590876807459e-06,0.896025538444519,10.39536,10.397440195083618
3009,140.20558834075928,0.8960464,0.8960256576538086,1.9812687241937965e-06,0.896025538444519,10.39536,10.39743423461914
3010,140.24889278411865,0.8960515,0.8960262537002563,3.994699909526389e-06,0.896025538444519,10.394848,10.397374629974365
3011,140.29907250404358,0.89605415,0.8960286378860474,7.834132702555507e-06,0.896025538444519,10.394585,10.397136211395264
3012,140.34754991531372,0.8960551,0.8960332870483398,1.1396982699807268e-05,0.896025538444519,10.394489,10.396671295166016
3013,140.39886736869812,0.8960551,0.8960427045822144,1.192523541249102e-05,0.896025538444519,10.394489,10.395729541778564
3014,140.4410536289215,0.8960551,0.8960524797439575,2.7436603886599187e-06,0.8960464000701904,10.394489,10.394752025604248
3015,140.48331260681152,0.8960551,0.8960545659065247,4.6227816596911e-07,0.8960541486740112,10.394489,10.394543409347534
3016,140.5267095565796,0.8960551,0.8960549235343933,4.3343186462152516e-07,0.8960541486740112,10.394489,10.394507646560669
3017,140.57000756263733,0.8960551,0.8960551023483276,0.0,0.8960551023483276,10.394489,10.394489765167236
3018,140.611469745636,0.8960551,0.8960551023483276,0.0,0.8960551023483276,10.394489,10.394489765167236
3019,140.65386939048767,0.8960551,0.8960551023483276,0.0,0.8960551023483276,10.394489,10.394489765167236
3020,140.69711756706238,0.8960551,0.8960551023483276,0.0,0.8960551023483276,10.394489,10.394489765167236
3021,140.7391107082367,0.8960551,0.8960551023483276,0.0,0.8960551023483276,10.394489,10.394489765167236
3022,140.78032660484314,0.8960551,0.8960551023483276,0.0,0.8960551023483276,10.394489,10.394489765167236
3023,140.82303857803345,0.8960551,0.8960551023483276,0.0,0.8960551023483276,10.394489,10.394489765167236
3024,140.86396741867065,0.8960551,0.8960551023483276,0.0,0.8960551023483276,10.394489,10.394489765167236
3025,140.9063675403595,0.8960551,0.8960551023483276,0.0,0.8960551023483276,10.394489,10.394489765167236
3026,140.94890785217285,0.8960551,0.8960551023483276,0.0,0.8960551023483276,10.394489,10.394489765167236
3027,140.99044942855835,0.8960551,0.8960551023483276,0.0,0.8960551023483276,10.394489,10.394489765167236
3028,141.03253173828125,0.8960824,0.8960551619529724,1.5006560261099366e-06,0.8960551023483276,10.39176,10.394483804702759
3029,141.08087491989136,0.8960824,0.8960554599761963,2.9755758532701293e-06,0.8960551023483276,10.39176,10.394454002380371
3030,141.12329649925232,0.8960824,0.896056592464447,5.84938015890657e-06,0.8960551023483276,10.39176,10.394340753555298
3031,141.1660180091858,0.8960864,0.8960601091384888,1.014126064546872e-05,0.8960551023483276,10.39136,10.393989086151123
3032,141.21680521965027,0.8960864,0.8960663676261902,1.28725132526597e-05,0.8960551023483276,10.39136,10.393363237380981
3033,141.26213765144348,0.8960864,0.8960789442062378,8.680671271577012e-06,0.8960593938827515,10.39136,10.39210557937622
3034,141.30496168136597,0.8960864,0.8960837721824646,1.990851160371676e-06,0.8960820436477661,10.39136,10.39162278175354
3035,141.3477077484131,0.8960864,0.8960856199264526,1.5742730283818673e-06,0.8960824012756348,10.39136,10.391438007354736
3036,141.38920974731445,0.8960864,0.8960863351821899,5.960464477539063e-08,0.8960863947868347,10.39136,10.391366481781006
3037,141.43061089515686,0.8960864,0.8960863351821899,5.960464477539063e-08,0.8960863947868347,10.39136,10.391366481781006
3038,141.47323942184448,0.8960864,0.8960863351821899,5.960464477539063e-08,0.8960863947868347,10.39136,10.391366481781006
3039,141.51710534095764,0.8960864,0.8960863351821899,5.960464477539063e-08,0.8960863947868347,10.39136,10.391366481781006
3040,141.56078386306763,0.8960864,0.8960863351821899,5.960464477539063e-08,0.8960863947868347,10.39136,10.391366481781006
3041,141.6019024848938,0.8960864,0.8960863351821899,5.960464477539063e-08,0.8960863947868347,10.39136,10.391366481781006
3042,141.6442768573761,0.8960864,0.8960863351821899,5.960464477539063e-08,0.8960863947868347,10.39136,10.391366481781006
3043,141.68656539916992,0.8960864,0.8960863351821899,5.960464477539063e-08,0.8960863947868347,10.39136,10.391366481781006
3044,141.72898530960083,0.8960864,0.8960863351821899,5.960464477539063e-08,0.8960863947868347,10.39136,10.391366481781006
3045,141.7726833820343,0.89608675,0.8960863351821899,6.379241312970407e-08,0.8960863947868347,10.391325,10.391366481781006
3046,141.8571331501007,0.89615303,0.8926580548286438,0.0030626878142356873,0.8856265544891357,10.384697,10.73419451713562
3047,141.90733003616333,0.89615303,0.8953659534454346,0.0006938713486306369,0.8937690258026123,10.384697,10.463404655456543
3048,141.95132970809937,0.89615303,0.8959612250328064,0.00016762672748882324,0.8955403566360474,10.384697,10.40387749671936
3049,141.99536156654358,0.8961654,0.8960976600646973,4.0506241930415854e-05,0.8960291147232056,10.383463,10.390233993530273
3050,142.0445282459259,0.89617205,0.8961297273635864,3.018998722836841e-05,0.8960863947868347,10.382795,10.387027263641357
3051,142.09571385383606,0.89617205,0.8961535692214966,2.7180255983694224e-06,0.8961530327796936,10.382795,10.384643077850342
3052,142.13818860054016,0.8961846,0.8961551785469055,5.509480615728535e-06,0.8961530327796936,10.381537,10.384482145309448
3053,142.18867206573486,0.8961846,0.8961583971977234,8.133134542731568e-06,0.8961530327796936,10.381537,10.384160280227661
3054,142.23278260231018,0.8961846,0.8961650729179382,8.972984687716234e-06,0.8961530327796936,10.381537,10.383492708206177
3055,142.2743604183197,0.8961847,0.8961737155914307,5.131400939717423e-06,0.8961656093597412,10.381532,10.382628440856934
3056,142.3238492012024,0.8961847,0.8961770534515381,6.161686542327516e-06,0.896172046661377,10.381532,10.382294654846191
3057,142.36489272117615,0.8961847,0.8961828947067261,4.364736469142372e-06,0.896172046661377,10.381532,10.381710529327393
3058,142.40857100486755,0.8961847,0.8961847424507141,1.0502171221560275e-07,0.8961846232414246,10.381532,10.381525754928589
3059,142.450754404068,0.8961892,0.8961847424507141,2.6087545279551705e-07,0.8961846232414246,10.381079,10.381525754928589
3060,142.5026729106903,0.8961892,0.8961849212646484,6.929863047844265e-07,0.8961846828460693,10.381079,10.381507873535156
3061,142.54650902748108,0.8961917,0.8961852788925171,1.4589733154934947e-06,0.8961846828460693,10.380829,10.381472110748291
3062,142.5979290008545,0.896192,0.8961862325668335,2.478204123690375e-06,0.8961846828460693,10.380798,10.38137674331665
3063,142.6486372947693,0.896192,0.8961877226829529,2.9924046884843847e-06,0.8961846828460693,10.380798,10.381227731704712
3064,142.69139885902405,0.896192,0.8961905837059021,1.2603481991391163e-06,0.8961889743804932,10.380798,10.38094162940979
3065,142.73657822608948,0.896192,0.8961917757987976,1.723919638152438e-07,0.8961915969848633,10.380798,10.38082242012024
3066,142.77874732017517,0.896192,0.8961917757987976,1.7516428840735898e-07,0.8961915969848633,10.380798,10.38082242012024
3067,142.8237223625183,0.896192,0.8961919546127319,5.996479757186535e-08,0.8961917757987976,10.380798,10.380804538726807
3068,142.86568093299866,0.896192,0.8961919546127319,5.960464477539063e-08,0.8961920142173767,10.380798,10.380804538726807
3069,142.91725635528564,0.896192,0.8961919546127319,5.960464477539063e-08,0.8961920142173767,10.380798,10.380804538726807
3070,142.97471714019775,0.896192,0.8961919546127319,5.960464477539063e-08,0.8961920142173767,10.380798,10.380804538726807
3071,143.02128434181213,0.896192,0.8961919546127319,5.960464477539063e-08,0.8961920142173767,10.380798,10.380804538726807
3072,143.06641793251038,0.8961977,0.8961919546127319,3.2056129839475034e-07,0.8961920142173767,10.380232,10.380804538726807
3073,143.1166443824768,0.8961977,0.8961919546127319,4.494067127325252e-07,0.8961920142173767,10.380232,10.380804538726807
3074,143.15770292282104,0.8963229,0.8961924910545349,7.310552064154763e-06,0.8961920142173767,10.367709,10.380750894546509
3075,143.20778846740723,0.8963229,0.8961952924728394,1.8881075448007323e-05,0.8961920142173767,10.367709,10.380470752716064
3076,143.2502887248993,0.896325,0.896209716796875,4.3466749048093334e-05,0.8961920142173767,10.3675,10.3790283203125
3077,143.3011782169342,0.896325,0.8962404131889343,6.148769170977175e-05,0.8961920142173767,10.3675,10.375958681106567
3078,143.34310269355774,0.896325,0.8962935209274292,5.121793947182596e-05,0.8961976766586304,10.3675,10.37064790725708
3079,143.38550662994385,0.896325,0.8963244557380676,9.242360761163582e-07,0.8963229060173035,10.3675,10.367554426193237
3080,143.4274730682373,0.896325,0.8963250517845154,5.960464477539063e-08,0.8963249921798706,10.3675,10.367494821548462
3081,143.46969032287598,0.896325,0.8963250517845154,5.960464477539063e-08,0.8963249921798706,10.3675,10.367494821548462
3082,143.51394844055176,0.896325,0.8963250517845154,5.960464477539063e-08,0.8963249921798706,10.3675,10.367494821548462
3083,143.557067155838,0.896325,0.8963250517845154,5.960464477539063e-08,0.8963249921798706,10.3675,10.367494821548462
3084,143.5992889404297,0.896325,0.8963250517845154,5.960464477539063e-08,0.8963249921798706,10.3675,10.367494821548462
3085,143.64319229125977,0.896325,0.8963250517845154,5.960464477539063e-08,0.8963249921798706,10.3675,10.367494821548462
3086,143.68677020072937,0.896325,0.8963250517845154,5.960464477539063e-08,0.8963249921798706,10.3675,10.367494821548462
3087,143.72856616973877,0.896325,0.8963250517845154,5.960464477539063e-08,0.8963249921798706,10.3675,10.367494821548462
3088,143.7715654373169,0.896325,0.8963250517845154,5.960464477539063e-08,0.8963249921798706,10.3675,10.367494821548462
3089,143.81469774246216,0.896325,0.8963250517845154,5.960464477539063e-08,0.8963249921798706,10.3675,10.367494821548462
3090,143.85701966285706,0.896325,0.8963250517845154,5.960464477539063e-08,0.8963249921798706,10.3675,10.367494821548462
3091,143.89767146110535,0.896325,0.8963250517845154,5.960464477539063e-08,0.8963249921798706,10.3675,10.367494821548462
3092,143.93957328796387,0.896325,0.8963250517845154,5.960464477539063e-08,0.8963249921798706,10.3675,10.367494821548462
3093,143.98227262496948,0.896325,0.8963250517845154,5.960464477539063e-08,0.8963249921798706,10.3675,10.367494821548462
3094,144.0249104499817,0.896325,0.8963250517845154,5.960464477539063e-08,0.8963249921798706,10.3675,10.367494821548462
3095,144.06850457191467,0.896325,0.8963250517845154,5.960464477539063e-08,0.8963249921798706,10.3675,10.367494821548462
3096,144.1117024421692,0.896325,0.8963250517845154,5.960464477539063e-08,0.8963249921798706,10.3675,10.367494821548462
3097,144.1535186767578,0.896325,0.8963250517845154,5.960464477539063e-08,0.8963249921798706,10.3675,10.367494821548462
3098,144.1951184272766,0.896325,0.8963250517845154,5.960464477539063e-08,0.8963249921798706,10.3675,10.367494821548462
3099,144.23599362373352,0.896325,0.8963250517845154,5.960464477539063e-08,0.8963249921798706,10.3675,10.367494821548462
3100,144.27838492393494,0.896346,0.8963251113891602,1.1545467941687093e-06,0.8963249921798706,10.365402,10.367488861083984
3101,144.3273527622223,0.896346,0.896325409412384,2.8034467050019884e-06,0.8963249921798706,10.365402,10.367459058761597
3102,144.369886636734,0.89635634,0.8963262438774109,5.185238478588872e-06,0.8963249921798706,10.364366,10.367375612258911
3103,144.42355680465698,0.89635634,0.8963292241096497,9.672144187788945e-06,0.8963249921798706,10.364366,10.367077589035034
3104,144.46671056747437,0.89635634,0.8963350057601929,1.344952943327371e-05,0.8963249921798706,10.364366,10.366499423980713
3105,144.51017355918884,0.89635634,0.8963473439216614,1.1806749171228148e-05,0.8963249921798706,10.364366,10.365265607833862
3106,144.55380010604858,0.89635634,0.8963558077812195,1.1118037264168379e-06,0.8963537216186523,10.364366,10.364419221878052
3107,144.59567952156067,0.89635634,0.896356463432312,1.1920928955078125e-07,0.8963563442230225,10.364366,10.364353656768799
3108,144.6388463973999,0.89635634,0.896356463432312,1.1920928955078125e-07,0.8963563442230225,10.364366,10.364353656768799
3109,144.68028044700623,0.89635634,0.896356463432312,1.1920928955078125e-07,0.8963563442230225,10.364366,10.364353656768799
3110,144.724547624588,0.89635634,0.896356463432312,1.1920928955078125e-07,0.8963563442230225,10.364366,10.364353656768799
3111,144.7687110900879,0.89635634,0.896356463432312,1.1920928955078125e-07,0.8963563442230225,10.364366,10.364353656768799
3112,144.81163883209229,0.89635634,0.896356463432312,1.1920928955078125e-07,0.8963563442230225,10.364366,10.364353656768799
3113,144.85595893859863,0.89635634,0.896356463432312,1.1920928955078125e-07,0.8963563442230225,10.364366,10.364353656768799
3114,144.89897179603577,0.89635634,0.896356463432312,1.1920928955078125e-07,0.8963563442230225,10.364366,10.364353656768799
3115,144.94341659545898,0.89635634,0.896356463432312,1.1920928955078125e-07,0.8963563442230225,10.364366,10.364353656768799
3116,144.98760962486267,0.89635634,0.896356463432312,1.1920928955078125e-07,0.8963563442230225,10.364366,10.364353656768799
3117,145.02982330322266,0.89645195,0.8963567614555359,5.2566460908565205e-06,0.8963563442230225,10.354805,10.364323854446411
3118,145.07910013198853,0.89645195,0.8963570594787598,7.421229838655563e-06,0.8963563442230225,10.354805,10.364294052124023
3119,145.1199700832367,0.896454,0.8963586091995239,1.3839369785273448e-05,0.8963563442230225,10.354603,10.364139080047607
3120,145.17145800590515,0.8964547,0.8963643312454224,2.595402838778682e-05,0.8963563442230225,10.35453,10.363566875457764
3121,145.22363805770874,0.8964559,0.896377682685852,3.944674972444773e-05,0.8963563442230225,10.354412,10.362231731414795
3122,145.27374649047852,0.8964911,0.8964042067527771,4.7605415602447465e-05,0.8963569402694702,10.350889,10.35957932472229
3123,145.3245973587036,0.8964931,0.896453857421875,1.249373144673882e-05,0.8963947892189026,10.350693,10.3546142578125
3124,145.3742847442627,0.8964931,0.8964599370956421,1.2914731087221298e-05,0.8964539170265198,10.350693,10.354006290435791
3125,145.41839241981506,0.8964949,0.896468460559845,1.7590229617781006e-05,0.8964546918869019,10.350508,10.353153944015503
3126,145.4685821533203,0.896495,0.8964828848838806,1.5938156138872728e-05,0.8964558839797974,10.350502,10.351711511611938
3127,145.52103066444397,0.89649624,0.8964932560920715,1.1733507108147023e-06,0.8964911103248596,10.350376,10.350674390792847
3128,145.5720534324646,0.89649624,0.8964943885803223,8.643451678835845e-07,0.8964930772781372,10.350376,10.350561141967773
3129,145.61440014839172,0.8966367,0.8964956402778625,7.795414603606332e-06,0.8964949250221252,10.336328,10.350435972213745
3130,145.66494131088257,0.89666057,0.8964969515800476,1.4198129065334797e-05,0.89649498462677,10.333943,10.35030484199524
3131,145.71445155143738,0.89666057,0.8965013027191162,2.6806226742337458e-05,0.8964962363243103,10.333943,10.349869728088379
3132,145.7609601020813,0.89666235,0.8965137600898743,4.815855572815053e-05,0.8964962363243103,10.333765,10.348623991012573
3133,145.81053638458252,0.89666235,0.8965381979942322,6.820661656092852e-05,0.8964962363243103,10.333765,10.346180200576782
3134,145.85227298736572,0.89666235,0.896591067314148,7.41041440051049e-05,0.8964962363243103,10.333765,10.340893268585205
3135,145.89404106140137,0.8966632,0.8966555595397949,6.664149168500444e-06,0.8966464996337891,10.333681,10.334444046020508
3136,145.9457380771637,0.8966632,0.8966619372367859,8.314017350130598e-07,0.896660566329956,10.333681,10.333806276321411
3137,145.9870138168335,0.89667434,0.8966624736785889,9.477689673076384e-07,0.8966623544692993,10.332566,10.333752632141113
3138,146.03728771209717,0.89667434,0.8966630697250366,2.0615198081941344e-06,0.8966623544692993,10.332566,10.333693027496338
3139,146.07949328422546,0.89667434,0.8966642618179321,3.232701828892459e-06,0.8966623544692993,10.332566,10.333573818206787
3140,146.12139773368835,0.89667434,0.8966667652130127,4.028152034152299e-06,0.8966623544692993,10.332566,10.33332347869873
3141,146.1660623550415,0.89667434,0.8966702818870544,2.4935770852607675e-06,0.8966678977012634,10.332566,10.332971811294556
3142,146.21075010299683,0.89667434,0.8966721296310425,2.6962804895447334e-06,0.8966687917709351,10.332566,10.332787036895752
3143,146.25687551498413,0.89667434,0.8966742157936096,1.1920928955078125e-07,0.8966743350028992,10.332566,10.332578420639038
3144,146.29919719696045,0.89667434,0.8966742157936096,1.1920928955078125e-07,0.8966743350028992,10.332566,10.332578420639038
3145,146.3420479297638,0.89667434,0.8966742157936096,1.1920928955078125e-07,0.8966743350028992,10.332566,10.332578420639038
3146,146.38496899604797,0.8966747,0.8966743350028992,1.9686765995174937e-08,0.8966743350028992,10.332531,10.332566499710083
3147,146.43454146385193,0.8966747,0.8966743350028992,2.7841291938557333e-08,0.8966743350028992,10.332531,10.332566499710083
3148,146.47703790664673,0.8966751,0.8966743350028992,7.96983172790533e-08,0.8966743350028992,10.332489,10.332566499710083
3149,146.5284390449524,0.8966751,0.8966743350028992,1.7008146357966325e-07,0.8966743350028992,10.332489,10.332566499710083
3150,146.57071924209595,0.8966751,0.896674394607544,2.9147608415769355e-07,0.8966743350028992,10.332489,10.332560539245605
3151,146.61344456672668,0.8966751,0.8966746926307678,3.458983997006726e-07,0.8966743350028992,10.332489,10.332530736923218
3152,146.65615844726562,0.8966751,0.8966750502586365,1.7190730261518183e-07,0.8966746926307678,10.332489,10.332494974136353
3153,146.69740414619446,0.8966751,0.8966750502586365,5.960464477539063e-08,0.8966751098632812,10.332489,10.332494974136353
3154,146.73891067504883,0.8966751,0.8966750502586365,5.960464477539063e-08,0.8966751098632812,10.332489,10.332494974136353
3155,146.78129315376282,0.8966751,0.8966750502586365,5.960464477539063e-08,0.8966751098632812,10.332489,10.332494974136353
3156,146.82478976249695,0.8966751,0.8966750502586365,5.960464477539063e-08,0.8966751098632812,10.332489,10.332494974136353
3157,146.8694658279419,0.8967002,0.8966752290725708,1.3799356111121597e-06,0.8966751098632812,10.32998,10.33247709274292
3158,146.91956663131714,0.8967002,0.8966754078865051,2.7459216198622016e-06,0.8966751098632812,10.32998,10.332459211349487
3159,146.96227645874023,0.8967004,0.896676242351532,5.218574642640306e-06,0.8966751098632812,10.329962,10.332375764846802
3160,147.01257014274597,0.8967004,0.8966788649559021,8.918038474803325e-06,0.8966751098632812,10.329962,10.33211350440979
3161,147.05515503883362,0.8967004,0.8966832756996155,1.1749564691854175e-05,0.8966751098632812,10.329962,10.331672430038452
3162,147.09715676307678,0.8967004,0.8966922760009766,1.160122610599501e-05,0.8966751098632812,10.329962,10.330772399902344
3163,147.13894152641296,0.8967058,0.8967002034187317,3.36951217150272e-07,0.8967002034187317,10.329419,10.329979658126831
3164,147.18922519683838,0.8967058,0.8967003226280212,5.261991873339866e-07,0.896700382232666,10.329419,10.329967737197876
3165,147.23230051994324,0.896706,0.8967005014419556,1.0648611805663677e-06,0.896700382232666,10.329401,10.329949855804443
3166,147.28069615364075,0.896706,0.8967010378837585,1.9058071529798326e-06,0.896700382232666,10.329401,10.329896211624146
3167,147.32250118255615,0.896706,0.8967021703720093,2.6104798962478526e-06,0.896700382232666,10.329401,10.329782962799072
3168,147.36578106880188,0.896706,0.8967043161392212,2.4629819108668016e-06,0.896700382232666,10.329401,10.32956838607788
3169,147.40814447402954,0.89672023,0.8967059254646301,7.911567081464455e-07,0.8967058062553406,10.327977,10.329407453536987
3170,147.45751285552979,0.89672023,0.8967061638832092,1.5588568658131408e-06,0.8967059850692749,10.327977,10.329383611679077
3171,147.50184082984924,0.8967375,0.896706759929657,3.5738410133490106e-06,0.8967059850692749,10.326248,10.329324007034302
3172,147.55205035209656,0.8967375,0.8967089056968689,6.939029844943434e-06,0.8967059850692749,10.326248,10.32910943031311
3173,147.59478068351746,0.89675933,0.8967127203941345,9.958957889466546e-06,0.8967059850692749,10.324067,10.328727960586548
3174,147.6436047554016,0.89675933,0.8967213034629822,1.1227873073949013e-05,0.8967059850692749,10.324067,10.327869653701782
3175,147.68592643737793,0.8967651,0.8967323899269104,1.161695945484098e-05,0.8967202305793762,10.323488,10.32676100730896
3176,147.7363224029541,0.8967651,0.8967430591583252,1.4786885913053993e-05,0.8967257738113403,10.323488,10.32569408416748
3177,147.77929759025574,0.89676934,0.8967573642730713,8.687532499607187e-06,0.8967375159263611,10.323066,10.324263572692871
3178,147.83094787597656,0.89676934,0.8967640995979309,1.4226915254766936e-06,0.8967605829238892,10.323066,10.32359004020691
3179,147.8734266757965,0.8967719,0.8967653512954712,1.0225174946754123e-06,0.8967645168304443,10.322809,10.32346487045288
3180,147.92295145988464,0.8967885,0.8967664241790771,3.868111434712773e-06,0.8967651128768921,10.321152,10.323357582092285
3181,147.97285294532776,0.89678895,0.8967688083648682,6.839041816419922e-06,0.8967651128768921,10.321104,10.323119163513184
3182,148.02159762382507,0.89678895,0.896774411201477,8.804157914710231e-06,0.8967651128768921,10.321104,10.322558879852295
3183,148.065096616745,0.89678895,0.8967828750610352,6.224655862752115e-06,0.8967702388763428,10.321104,10.321712493896484
3184,148.1088740825653,0.89678895,0.8967878818511963,9.304991408498609e-07,0.8967859745025635,10.321104,10.321211814880371
3185,148.15179467201233,0.89681685,0.8967888355255127,1.5742609775770688e-06,0.8967882990837097,10.3183155,10.32111644744873
3186,148.20166325569153,0.8968177,0.89678955078125,3.7583954508590978e-06,0.896788477897644,10.318232,10.321044921875
3187,148.25311017036438,0.89685416,0.8967910408973694,8.290948244393803e-06,0.8967889547348022,10.314584,10.320895910263062
3188,148.30371356010437,0.89685416,0.896795392036438,1.4588275917049032e-05,0.8967889547348022,10.314584,10.320460796356201
3189,148.34622597694397,0.8968546,0.8968049883842468,2.1558982552960515e-05,0.8967889547348022,10.314542,10.319501161575317
3190,148.39727449417114,0.8968546,0.8968245983123779,2.0145342205069028e-05,0.8967889547348022,10.314542,10.317540168762207
3191,148.44106602668762,0.8968546,0.8968403339385986,1.5667341358494014e-05,0.8968181610107422,10.314542,10.315966606140137
3192,148.48334980010986,0.8968546,0.8968542814254761,2.742343667705427e-07,0.8968537449836731,10.314542,10.314571857452393
3193,148.5260033607483,0.8968546,0.8968544006347656,2.1180434828238504e-07,0.8968541622161865,10.314542,10.314559936523438
3194,148.56803560256958,0.8968546,0.8968544602394104,1.1920928955078125e-07,0.8968545794487,10.314542,10.31455397605896
3195,148.61101770401,0.8968546,0.8968544602394104,1.1920928955078125e-07,0.8968545794487,10.314542,10.31455397605896
3196,148.6533796787262,0.8968546,0.8968544602394104,1.1920928955078125e-07,0.8968545794487,10.314542,10.31455397605896
3197,148.6952657699585,0.8968546,0.8968544602394104,1.1920928955078125e-07,0.8968545794487,10.314542,10.31455397605896
3198,148.73714971542358,0.8968546,0.8968544602394104,1.1920928955078125e-07,0.8968545794487,10.314542,10.31455397605896
3199,148.78003668785095,0.8968546,0.8968544602394104,1.1920928955078125e-07,0.8968545794487,10.314542,10.31455397605896
3200,148.8215687274933,0.8968546,0.8968544602394104,1.1920928955078125e-07,0.8968545794487,10.314542,10.31455397605896
3201,148.86430954933167,0.8968546,0.8968544602394104,1.1920928955078125e-07,0.8968545794487,10.314542,10.31455397605896
3202,148.90904021263123,0.89686024,0.8968544602394104,3.3979875979639473e-07,0.8968545794487,10.313976,10.31455397605896
3203,148.95951128005981,0.89686024,0.8968544602394104,4.655271652609372e-07,0.8968545794487,10.313976,10.31455397605896
3204,149.00261306762695,0.89686996,0.8968546390533447,1.4129283272268367e-06,0.8968545794487,10.3130045,10.314536094665527
3205,149.05187678337097,0.89686996,0.8968555927276611,3.3793464808695717e-06,0.8968545794487,10.3130045,10.314440727233887
3206,149.09552240371704,0.89686996,0.8968573212623596,5.536906428460497e-06,0.8968545794487,10.3130045,10.314267873764038
3207,149.13733386993408,0.89686996,0.8968611359596252,7.1242498052015435e-06,0.8968545794487,10.3130045,10.313886404037476
3208,149.18008041381836,0.89686996,0.8968681693077087,3.7833031001355266e-06,0.8968602418899536,10.3130045,10.313183069229126
3209,149.22297406196594,0.89686996,0.8968700170516968,5.960464477539063e-08,0.896869957447052,10.3130045,10.312998294830322
3210,149.26499152183533,0.89686996,0.8968700170516968,5.960464477539063e-08,0.896869957447052,10.3130045,10.312998294830322
3211,149.30665922164917,0.89696133,0.8968701958656311,5.022489403927466e-06,0.896869957447052,10.303867,10.31298041343689
3212,149.35697889328003,0.89696133,0.8968705534934998,7.091987299645552e-06,0.896869957447052,10.303867,10.312944650650024
3213,149.39892268180847,0.8969645,0.8968716859817505,1.2279842849238776e-05,0.896869957447052,10.303551,10.312831401824951
3214,149.48620510101318,0.896932,0.8931772112846375,0.0031106937676668167,0.8866305351257324,10.306799,10.682278871536255
3215,149.54166102409363,0.896932,0.8959043622016907,0.0008850212325342,0.8940434455871582,10.306799,10.409563779830933
3216,149.58637070655823,0.89695334,0.8966622948646545,0.0002384249964961782,0.8961284160614014,10.304666,10.333770513534546
3217,149.63636565208435,0.89695334,0.8968589305877686,5.0810012908186764e-05,0.8967605829238892,10.304666,10.314106941223145
3218,149.67926263809204,0.8970265,0.8969022035598755,2.9322995032998733e-05,0.8968608975410461,10.297352,10.309779644012451
3219,149.72785925865173,0.8970265,0.8969290852546692,1.9714014342753217e-05,0.8969037532806396,10.297352,10.307091474533081
3220,149.77022576332092,0.8970265,0.8969461917877197,2.775283246592153e-05,0.8969320058822632,10.297352,10.305380821228027
3221,149.81370306015015,0.8970265,0.8969669342041016,3.745243157027289e-05,0.8969320058822632,10.297352,10.303306579589844
3222,149.8556730747223,0.8970265,0.8970006108283997,3.1806339393369853e-05,0.8969554305076599,10.297352,10.299938917160034
3223,149.89810729026794,0.8970265,0.8970264792442322,0.0,0.8970264792442322,10.297352,10.297352075576782
3224,149.94232654571533,0.8970265,0.8970264792442322,0.0,0.8970264792442322,10.297352,10.297352075576782
3225,150.0222408771515,0.8970826,0.8927832245826721,0.0034257082734256983,0.8855538368225098,10.291738,10.721677541732788
