generation,elapsed_time_sec,best,mean,std,worst,best_error,mean_error
1,0.03037118911743164,0.5551928,0.44275784492492676,0.03129249066114426,0.4002060294151306,44.480717,55.724215507507324
2,0.06559872627258301,0.5551928,0.4723479449748993,0.02705315127968788,0.43961668014526367,44.480717,52.76520550251007
3,0.09471321105957031,0.5633818,0.4984137713909149,0.022750359028577805,0.4683240056037903,43.66182,50.15862286090851
4,0.1298365592956543,0.5656061,0.5191279053688049,0.01814921759068966,0.4968222379684448,43.43939,48.08720946311951
5,0.1660470962524414,0.5889398,0.5354132056236267,0.017139993607997894,0.514931321144104,41.10602,46.45867943763733
6,0.19938969612121582,0.5889398,0.5499712824821472,0.01487660314887762,0.5296347141265869,41.10602,45.00287175178528
7,0.22942018508911133,0.59524214,0.5632880330085754,0.011701765470206738,0.5481430888175964,40.475784,43.671196699142456
8,0.2653160095214844,0.6275903,0.5751320123672485,0.011479541659355164,0.5606929063796997,37.24097,42.48679876327515
9,0.3021268844604492,0.6278528,0.5870300531387329,0.011407284066081047,0.5733888745307922,37.21472,41.29699468612671
10,0.3384101390838623,0.6329696,0.5971282720565796,0.012045721523463726,0.5850282907485962,36.703037,40.28717279434204
11,0.37505435943603516,0.64424145,0.6070378422737122,0.012199938297271729,0.5921056866645813,35.575855,39.296215772628784
12,0.4107632637023926,0.6559291,0.6180970072746277,0.01027078926563263,0.6046807169914246,34.40709,38.19029927253723
13,0.4472165107727051,0.6559291,0.6274851560592651,0.008923768997192383,0.6161553859710693,34.40709,37.251484394073486
14,0.47551560401916504,0.6579612,0.6353229880332947,0.008145041763782501,0.6273884177207947,34.20388,36.46770119667053
15,0.5109298229217529,0.66877556,0.6427173614501953,0.00811807531863451,0.632254421710968,33.122444,35.72826385498047
16,0.5486922264099121,0.67185605,0.6497582197189331,0.007116339169442654,0.6403489112854004,32.814396,35.02417802810669
17,0.5846140384674072,0.6831274,0.6561004519462585,0.006619398016482592,0.6481244564056396,31.68726,34.389954805374146
18,0.6201050281524658,0.6831274,0.662193775177002,0.006409254856407642,0.6556934714317322,31.68726,33.780622482299805
19,0.6498980522155762,0.68765324,0.6680675745010376,0.006557591259479523,0.6603114604949951,31.234676,33.19324254989624
20,0.6851425170898438,0.68765324,0.6737717390060425,0.005741581320762634,0.6661010980606079,31.234676,32.62282609939575
21,0.7143418788909912,0.69480383,0.6787941455841064,0.004674713127315044,0.6718947291374207,30.519617,32.120585441589355
22,0.7503840923309326,0.70361876,0.6831644177436829,0.004319619387388229,0.6777476072311401,29.638123,31.683558225631714
23,0.7857973575592041,0.70361876,0.6866976618766785,0.004345576744526625,0.6826028823852539,29.638123,31.330233812332153
24,0.8141202926635742,0.70361876,0.6903926730155945,0.004591295961290598,0.6851444244384766,29.638123,30.96073269844055
25,0.8439655303955078,0.70361876,0.6939675807952881,0.004314127843827009,0.688717782497406,29.638123,30.60324192047119
26,0.8746464252471924,0.70762944,0.6976648569107056,0.0035137138329446316,0.6931546926498413,29.237057,30.233514308929443
27,0.9111716747283936,0.7100171,0.7006660103797913,0.0029750876128673553,0.696751594543457,28.998291,29.933398962020874
28,0.9471652507781982,0.7100171,0.7033749222755432,0.0019391818204894662,0.7004387974739075,28.998291,29.66250777244568
29,0.9772548675537109,0.71037686,0.7049127221107483,0.0017690862296149135,0.7035431861877441,28.962315,29.50872778892517
30,1.012629508972168,0.7150557,0.7063931822776794,0.0019726655445992947,0.7038811445236206,28.49443,29.360681772232056
31,1.0493488311767578,0.7150557,0.7081295251846313,0.0017676235875114799,0.706120491027832,28.49443,29.187047481536865
32,1.078397512435913,0.7150557,0.7095518112182617,0.001830104854889214,0.7076294422149658,28.49443,29.044818878173828
33,1.1075372695922852,0.7154606,0.711144745349884,0.001677586231380701,0.7091372013092041,28.45394,28.885525465011597
34,1.1434884071350098,0.7162484,0.7125818133354187,0.001474906224757433,0.710614025592804,28.37516,28.74181866645813
35,1.1805698871612549,0.7184572,0.7139891386032104,0.0011642921017482877,0.7122763395309448,28.154278,28.601086139678955
36,1.2165489196777344,0.7215713,0.7152551412582397,0.0011728256940841675,0.7137957811355591,27.842867,28.474485874176025
37,1.2525227069854736,0.7219923,0.7163076400756836,0.0015334291383624077,0.7150557041168213,27.800768,28.36923599243164
38,1.286987543106079,0.7227179,0.7176916003227234,0.0017076741205528378,0.7157511711120605,27.728212,28.23083996772766
39,1.3225739002227783,0.7239661,0.7193440794944763,0.0015506143681704998,0.7172544002532959,27.603388,28.065592050552368
40,1.358544111251831,0.7260354,0.7208079695701599,0.0012909899232909083,0.7191170454025269,27.396458,27.91920304298401
41,1.3948986530303955,0.727317,0.7220969796180725,0.0012727781431749463,0.7206997871398926,27.268303,27.79030203819275
42,1.4331672191619873,0.7286664,0.7232343554496765,0.001419975538738072,0.7217843532562256,27.133358,27.67656445503235
43,1.4735970497131348,0.7307046,0.7244783043861389,0.001531433081254363,0.7227178812026978,26.929539,27.55216956138611
44,1.5116558074951172,0.7311347,0.7260990142822266,0.0013594066258519888,0.7241387367248535,26.886528,27.390098571777344
45,1.548354148864746,0.73188114,0.72736656665802,0.0012323580449447036,0.7260243892669678,26.811886,27.263343334197998
46,1.5867831707000732,0.7367965,0.7285159826278687,0.0014314947184175253,0.7271458506584167,26.32035,27.148401737213135
47,1.6220967769622803,0.7381394,0.7299615740776062,0.0018185916123911738,0.7280904054641724,26.186062,27.00384259223938
48,1.6579225063323975,0.7400986,0.7316005229949951,0.0020606638863682747,0.7295731902122498,25.99014,26.83994770050049
49,1.6949105262756348,0.7400986,0.7333841323852539,0.002311625052243471,0.7310920357704163,25.99014,26.66158676147461
50,1.7257206439971924,0.7413925,0.7356478571891785,0.002345144050195813,0.7324655652046204,25.86075,26.435214281082153
51,1.763852596282959,0.7433111,0.7380467653274536,0.0016250027110800147,0.7355812788009644,25.66889,26.19532346725464
52,1.8004417419433594,0.7481496,0.7395317554473877,0.001672539976425469,0.7378537654876709,25.185043,26.04682445526123
53,1.8359508514404297,0.7502296,0.741002082824707,0.0019299339037388563,0.7391270399093628,24.97704,25.899791717529297
54,1.8735971450805664,0.7502296,0.7427068948745728,0.0023368988186120987,0.740383505821228,24.97704,25.729310512542725
55,1.9035470485687256,0.7506159,0.7447611689567566,0.0023832933511584997,0.7417714595794678,24.93841,25.52388310432434
56,1.939399003982544,0.7513977,0.7470875382423401,0.0017829121788963675,0.7445241808891296,24.860228,25.29124617576599
57,1.976628303527832,0.75673693,0.7486283779144287,0.0014950396725907922,0.7466291189193726,24.326307,25.13716220855713
58,2.0138602256774902,0.75673693,0.7499189972877502,0.0013957510236650705,0.7482705116271973,24.326307,25.008100271224976
59,2.0432965755462646,0.75673693,0.7510560154914856,0.0015479758149012923,0.7497512102127075,24.326307,24.89439845085144
60,2.071934938430786,0.75952315,0.7524070739746094,0.0018472257070243359,0.7504684925079346,24.047684,24.759292602539062
61,2.1103148460388184,0.75952315,0.7540497183799744,0.0017949087778106332,0.7519019246101379,24.047684,24.595028162002563
62,2.1406638622283936,0.75952315,0.7556746602058411,0.0015801156405359507,0.7535841464996338,24.047684,24.432533979415894
63,2.1713945865631104,0.76020014,0.7571762204170227,0.001138648483902216,0.7556090354919434,23.979986,24.28237795829773
64,2.2080013751983643,0.7606159,0.7581092119216919,0.0010253810323774815,0.7568594217300415,23.938412,24.18907880783081
65,2.241938591003418,0.76298237,0.7590794563293457,0.0008157773991115391,0.7578177452087402,23.701763,24.09205436706543
66,2.2794384956359863,0.7631412,0.7597751617431641,0.0006795761291868985,0.7591488361358643,23.685879,24.022483825683594
67,2.315321207046509,0.76535964,0.760292112827301,0.001026674872264266,0.7595231533050537,23.464035,23.970788717269897
68,2.351099967956543,0.7662449,0.7610939145088196,0.0013571199961006641,0.7598879337310791,23.375511,23.890608549118042
69,2.3862476348876953,0.76683533,0.7623182535171509,0.0014421214582398534,0.7605774402618408,23.316467,23.768174648284912
70,2.421943426132202,0.76836145,0.7636206746101379,0.001371069927699864,0.7620335221290588,23.163855,23.637932538986206
71,2.4581422805786133,0.76836145,0.7647889256477356,0.001350455917418003,0.7631412148475647,23.163855,23.52110743522644
72,2.488401412963867,0.7692411,0.7660973072052002,0.001092229736968875,0.7647404670715332,23.07589,23.39026927947998
73,2.524099111557007,0.76958364,0.7670868635177612,0.000866368121933192,0.7658711671829224,23.041636,23.291313648223877
74,2.560410261154175,0.76999235,0.7678206562995911,0.0008152570226229727,0.7668053507804871,23.000765,23.217934370040894
75,2.5949878692626953,0.7714803,0.7686172127723694,0.0006204248638823628,0.7678024768829346,22.851967,23.13827872276306
76,2.6540465354919434,0.77152824,0.7665820717811584,0.002229021629318595,0.76190584897995,22.847176,23.341792821884155
77,2.688401699066162,0.77152824,0.7685388326644897,0.001025889185257256,0.767147958278656,22.847176,23.146116733551025
78,2.7174785137176514,0.7722373,0.7693815231323242,0.0009313783957622945,0.7683544754981995,22.77627,23.061847686767578
79,2.7533345222473145,0.7731335,0.770183801651001,0.0008429994923062623,0.7691426873207092,22.68665,22.981619834899902
80,2.7890625,0.7731335,0.7708847522735596,0.0006690003792755306,0.769957423210144,22.68665,22.911524772644043
81,2.8187432289123535,0.77397615,0.771504282951355,0.0006592044373974204,0.7708068490028381,22.602385,22.849571704864502
82,2.8546717166900635,0.7742627,0.7721074819564819,0.0006826322060078382,0.7712875008583069,22.573727,22.789251804351807
83,2.8912129402160645,0.77503604,0.7727708220481873,0.0007368974620476365,0.7720420360565186,22.496397,22.722917795181274
84,2.926873207092285,0.7767304,0.7735010385513306,0.0007867270614951849,0.7724663019180298,22.326958,22.649896144866943
85,2.9645323753356934,0.77836156,0.7742412686347961,0.0007206454174593091,0.7734857201576233,22.163845,22.575873136520386
86,2.9994640350341797,0.7801577,0.7750604748725891,0.0011559950653463602,0.7740528583526611,21.984232,22.49395251274109
87,3.034890651702881,0.78063977,0.7759549021720886,0.0015025563770905137,0.7747800350189209,21.936024,22.404509782791138
88,3.070183515548706,0.7811215,0.7773331999778748,0.0017794875893741846,0.7752389907836914,21.887852,22.266680002212524
89,3.1070749759674072,0.7825204,0.7791159152984619,0.0011894586496055126,0.7770978212356567,21.74796,22.08840847015381
90,3.1462347507476807,0.78718656,0.7802971601486206,0.0011548345210030675,0.7789417505264282,21.281343,21.97028398513794
91,3.1836466789245605,0.7879943,0.7814138531684875,0.0016972672892734408,0.7801448106765747,21.200567,21.858614683151245
92,3.21955943107605,0.78846,0.782757043838501,0.0021194894798099995,0.7808484435081482,21.154,21.724295616149902
93,3.2532732486724854,0.7897753,0.7844768166542053,0.002117347437888384,0.7817515134811401,21.022469,21.552318334579468
94,3.2883687019348145,0.7897986,0.7866179943084717,0.0012513268738985062,0.7842760682106018,21.020138,21.338200569152832
95,3.323627471923828,0.7901567,0.787781298160553,0.0008017453947104514,0.7864925861358643,20.984327,21.221870183944702
96,3.3602066040039062,0.7909126,0.7885681390762329,0.0006574462749995291,0.7877845168113708,20.908737,21.14318609237671
97,3.3960180282592773,0.79109204,0.7891172170639038,0.0006017856067046523,0.7884600162506104,20.890797,21.08827829360962
98,3.4321112632751465,0.79162234,0.7896237373352051,0.0005522230640053749,0.7889236211776733,20.837767,21.037626266479492
99,3.467027425765991,0.7921238,0.7901840806007385,0.0005426579155027866,0.7895991206169128,20.78762,20.981591939926147
100,3.5030155181884766,0.79269373,0.790710985660553,0.0005585071630775928,0.7900162935256958,20.730627,20.928901433944702
101,3.539837121963501,0.79310715,0.7912835478782654,0.0005081095150671899,0.790662407875061,20.689285,20.871645212173462
102,3.5749547481536865,0.79341215,0.7917816638946533,0.0005152023513801396,0.7911443710327148,20.658785,20.821833610534668
103,3.61163330078125,0.7940478,0.7923257350921631,0.0005047396989539266,0.7916341423988342,20.595222,20.76742649078369
104,3.6473007202148438,0.79481006,0.7928652167320251,0.0005322591168805957,0.7922773957252502,20.518993,20.713478326797485
105,3.682743787765503,0.79523665,0.7933545708656311,0.0005610523512586951,0.792716383934021,20.476336,20.66454291343689
106,3.7180042266845703,0.7959165,0.7938627004623413,0.0005812825402244925,0.793143630027771,20.40835,20.61372995376587
107,3.757906913757324,0.7959165,0.7943997979164124,0.0005206961068324745,0.7937414646148682,20.40835,20.560020208358765
108,3.786609411239624,0.79730266,0.7949124574661255,0.0004603393317665905,0.7943040132522583,20.269733,20.50875425338745
109,3.824908494949341,0.79730266,0.7953261733055115,0.0004469253763090819,0.7948205471038818,20.269733,20.467382669448853
110,3.8567981719970703,0.79730266,0.7957016229629517,0.0005090760532766581,0.7952195405960083,20.269733,20.429837703704834
111,3.8873353004455566,0.79841244,0.7961815595626831,0.0005923985154367983,0.7955179214477539,20.158756,20.38184404373169
112,3.924539804458618,0.8003152,0.79676753282547,0.0006117203738540411,0.7960057854652405,19.96848,20.323246717453003
113,3.9628891944885254,0.8003627,0.7973219752311707,0.0006932144169695675,0.7966902852058411,19.96373,20.267802476882935
114,4.000218152999878,0.8006909,0.7979265451431274,0.0008541090064682066,0.7971826195716858,19.930912,20.207345485687256
115,4.037014484405518,0.8008163,0.7986791729927063,0.0008588572381995618,0.7974989414215088,19.91837,20.13208270072937
116,4.076064348220825,0.8013685,0.7993944883346558,0.0007444412913173437,0.7985389232635498,19.863152,20.060551166534424
117,4.113826274871826,0.8025143,0.8001359105110168,0.0006825649761594832,0.7990904450416565,19.74857,19.986408948898315
118,4.150970935821533,0.80271417,0.8007742762565613,0.0005578167038038373,0.8002833724021912,19.728582,19.922572374343872
119,4.187487602233887,0.80328184,0.8012447953224182,0.0006542741321027279,0.8006651401519775,19.671816,19.87552046775818
120,4.225044012069702,0.80349225,0.8018056154251099,0.0006748659652657807,0.8009283542633057,19.650776,19.819438457489014
121,4.261607646942139,0.8037051,0.8025036454200745,0.00036677211755886674,0.8019363880157471,19.62949,19.749635457992554
122,4.299401760101318,0.80456316,0.8028239011764526,0.0003633036103565246,0.8024431467056274,19.543684,19.717609882354736
123,4.337085723876953,0.80456424,0.8031364679336548,0.0003890494699589908,0.8026934862136841,19.543575,19.68635320663452
124,4.374341249465942,0.804854,0.803508996963501,0.000417308445321396,0.8030577898025513,19.514603,19.649100303649902
125,4.412076711654663,0.80612785,0.8039380311965942,0.00047211570199579,0.803424596786499,19.387215,19.606196880340576
126,4.450454950332642,0.80637693,0.8044455647468567,0.0004903491353616118,0.803856611251831,19.362307,19.55544352531433
127,4.491194248199463,0.80724084,0.8049237132072449,0.0005375033360905945,0.8043515682220459,19.275915,19.507628679275513
128,4.528594732284546,0.80743635,0.8054380416870117,0.0006173841538839042,0.8047570586204529,19.256365,19.456195831298828
129,4.56566858291626,0.8084208,0.8060332536697388,0.000646620464976877,0.8053225874900818,19.157923,19.396674633026123
130,4.603087425231934,0.8089515,0.806709349155426,0.0007038543117232621,0.8059444427490234,19.10485,19.329065084457397
131,4.641115427017212,0.809579,0.8074544072151184,0.0006083450862206519,0.8065987825393677,19.042099,19.25455927848816
132,4.678668260574341,0.8098999,0.8080504536628723,0.000495872285682708,0.8074249625205994,19.010008,19.19495463371277
133,4.717970848083496,0.81016004,0.8085360527038574,0.00048227576189674437,0.8079973459243774,18.983995,19.146394729614258
134,4.755162477493286,0.81033283,0.8089802265167236,0.0004982908139936626,0.8084039092063904,18.966717,19.101977348327637
135,4.792186260223389,0.81123763,0.8094242215156555,0.0004639559192582965,0.8088621497154236,18.876236,19.05757784843445
136,4.829719066619873,0.81139255,0.8099112510681152,0.0004319095460232347,0.8093780875205994,18.860744,19.008874893188477
137,4.867764234542847,0.8118466,0.810333788394928,0.0003878132556565106,0.8098818063735962,18.815338,18.966621160507202
138,4.9085187911987305,0.8118466,0.8106733560562134,0.00034971433342434466,0.810236394405365,18.815338,18.932664394378662
139,4.937813758850098,0.8118466,0.8109961152076721,0.00031002791365608573,0.8106080293655396,18.815338,18.900388479232788
140,4.967870712280273,0.8121141,0.8112783432006836,0.00027410316397435963,0.8109470009803772,18.788588,18.87216567993164
141,5.003077745437622,0.8121141,0.8115342855453491,0.00023132031492423266,0.8112382292747498,18.788588,18.846571445465088
142,5.031816720962524,0.8124026,0.8117521405220032,0.000194747990462929,0.8114688992500305,18.759739,18.824785947799683
143,5.069850206375122,0.8128656,0.8119399547576904,0.00017883848340716213,0.8117488026618958,18.713438,18.806004524230957
144,5.105177640914917,0.81301993,0.812110185623169,0.00024092131934594363,0.8118894100189209,18.698008,18.788981437683105
145,5.143021106719971,0.81341183,0.8123067617416382,0.00029457861091941595,0.8120296597480774,18.658817,18.76932382583618
146,5.179469347000122,0.81438935,0.8125951290130615,0.00036928520421497524,0.8121931552886963,18.561066,18.740487098693848
147,5.2159106731414795,0.81438935,0.8129445314407349,0.0003722894471138716,0.8124729990959167,18.561066,18.705546855926514
148,5.246297597885132,0.81548285,0.8133150339126587,0.00043917042785324156,0.8128713369369507,18.451714,18.66849660873413
149,5.282883405685425,0.8155111,0.8136942982673645,0.0004888412659056485,0.8131698369979858,18.448889,18.63057017326355
150,5.317539691925049,0.8157086,0.8141464591026306,0.0005097583634778857,0.8135780692100525,18.429142,18.58535408973694
151,5.353942394256592,0.81701356,0.8146563768386841,0.0006055222474969923,0.8139575123786926,18.298643,18.534362316131592
152,5.389676809310913,0.81701356,0.8151987195014954,0.0005804254324175417,0.8144544363021851,18.298643,18.480128049850464
153,5.419194936752319,0.8177871,0.815778911113739,0.0005181556334719062,0.8151635527610779,18.221289,18.4221088886261
154,5.454444408416748,0.8179246,0.8162820935249329,0.0005357929039746523,0.8156706094741821,18.207539,18.371790647506714
155,5.491549730300903,0.81844455,0.8167822957038879,0.0005005740677006543,0.8161128759384155,18.155544,18.321770429611206
156,5.527847766876221,0.8187582,0.8172560334205627,0.0005062826094217598,0.816676139831543,18.124182,18.274396657943726
157,5.5637171268463135,0.81922156,0.8177204728126526,0.0004922166117466986,0.8171132802963257,18.077845,18.22795271873474
158,5.600416421890259,0.81922156,0.8181846141815186,0.0004085956607013941,0.8177038431167603,18.077845,18.181538581848145
159,5.63217830657959,0.81922156,0.8185805082321167,0.00031811100780032575,0.818092405796051,18.077845,18.14194917678833
160,5.66283917427063,0.8196838,0.8188992142677307,0.00022258319950196892,0.8185527920722961,18.03162,18.11007857322693
161,5.699264049530029,0.8198819,0.8191179633140564,0.00019818119471892715,0.8188877701759338,18.011808,18.08820366859436
162,5.736072063446045,0.8199429,0.8193036913871765,0.0001968342694453895,0.8190754652023315,18.00571,18.06963086128235
163,5.7728111743927,0.82001454,0.8194531798362732,0.0002016389335040003,0.8192250728607178,17.998547,18.05468201637268
164,5.8111817836761475,0.82017803,0.8196326494216919,0.0001819027093006298,0.81940758228302,17.982197,18.03673505783081
165,5.864006519317627,0.8204228,0.819799542427063,0.00016888628306332976,0.8195968866348267,17.957718,18.0200457572937
166,5.910524129867554,0.8209374,0.8199905753135681,0.00017287135415244848,0.8197646737098694,17.906261,18.00094246864319
167,5.949456214904785,0.8209374,0.8201623558998108,0.0002006602444453165,0.8199489116668701,17.906261,17.98376441001892
168,5.979750633239746,0.821051,0.8203586935997009,0.00022748687479179353,0.8201187252998352,17.8949,17.964130640029907
169,6.017076730728149,0.821239,0.8205803632736206,0.0002139894786523655,0.8203133344650269,17.8761,17.94196367263794
170,6.054688215255737,0.8213477,0.8207815289497375,0.00018640889902599156,0.8205369710922241,17.865229,17.921847105026245
171,6.091070652008057,0.82210386,0.8209801912307739,0.0001826884545153007,0.8207501769065857,17.789614,17.901980876922607
172,6.128628492355347,0.82227564,0.8211615681648254,0.00023539944959338754,0.8209377527236938,17.772436,17.883843183517456
173,6.166030168533325,0.8231903,0.8213884234428406,0.0003366718883626163,0.8211081027984619,17.680973,17.861157655715942
174,6.202143430709839,0.8234674,0.8216544389724731,0.00042858850792981684,0.8212792873382568,17.653263,17.834556102752686
175,6.241016387939453,0.82349503,0.8220123648643494,0.0004895652527920902,0.8215078115463257,17.650497,17.798763513565063
176,6.277788162231445,0.8243276,0.8224658966064453,0.0005084305885247886,0.8218842148780823,17.567242,17.75341033935547
177,6.313976287841797,0.82479155,0.8229658007621765,0.0005192121025174856,0.8223045468330383,17.520845,17.70341992378235
178,6.3513312339782715,0.8256476,0.8235034346580505,0.0005522196879610419,0.8228452205657959,17.435242,17.649656534194946
179,6.387118339538574,0.8256476,0.824009895324707,0.0005365662509575486,0.823421061038971,17.435242,17.599010467529297
180,6.417345285415649,0.8256476,0.8244909048080444,0.0004741891461890191,0.8239099383354187,17.435242,17.550909519195557
181,6.446693181991577,0.8260469,0.8249544501304626,0.0004140005330555141,0.8243789076805115,17.395311,17.504554986953735
182,6.4847571849823,0.82643807,0.8253579139709473,0.00030407047597691417,0.8249170780181885,17.356194,17.464208602905273
183,6.521508693695068,0.8267534,0.8256636261940002,0.00025572499725967646,0.8253393769264221,17.324661,17.433637380599976
184,6.5593743324279785,0.8271884,0.8259071707725525,0.00030010956106707454,0.8256272077560425,17.281162,17.40928292274475
185,6.597519159317017,0.82729566,0.8261561989784241,0.000343300896929577,0.8258190751075745,17.270433,17.384380102157593
186,6.634782552719116,0.8274611,0.8264806866645813,0.000352468021446839,0.8260560631752014,17.253887,17.35193133354187
187,6.6694371700286865,0.8279613,0.8268413543701172,0.00029149005422368646,0.8264241218566895,17.203867,17.31586456298828
188,6.706945896148682,0.8279613,0.8271211981773376,0.00023294237325899303,0.8267952799797058,17.203867,17.287880182266235
189,6.735727071762085,0.8280018,0.82735276222229,0.0002088758337777108,0.8271205425262451,17.19982,17.264723777770996
190,6.771571397781372,0.8282426,0.8275288939476013,0.000200766691705212,0.8273025751113892,17.17574,17.247110605239868
191,6.8089439868927,0.82886046,0.8277128338813782,0.00023160522687248886,0.8274611234664917,17.113955,17.228716611862183
192,6.846169948577881,0.82887864,0.8279596567153931,0.00024166861840058118,0.8276620507240295,17.112137,17.204034328460693
193,6.882807016372681,0.82911175,0.8282046318054199,0.0002732726279646158,0.8279439210891724,17.088825,17.179536819458008
194,6.919968128204346,0.82965124,0.8284714221954346,0.0003235955664422363,0.8281281590461731,17.034876,17.152857780456543
195,6.956411361694336,0.82969916,0.8287739753723145,0.00030728557612746954,0.8283725380897522,17.030085,17.122602462768555
196,6.9920313358306885,0.82978874,0.8290532827377319,0.00024226552341133356,0.8287783861160278,17.021126,17.094671726226807
197,7.028782367706299,0.82993424,0.8292676210403442,0.0002659637830220163,0.8290024399757385,17.006577,17.073237895965576
198,7.0659778118133545,0.83028585,0.8294992446899414,0.0002259486063849181,0.8291378617286682,16.971415,17.05007553100586
199,7.103946685791016,0.83046013,0.8297197818756104,0.00016777640848886222,0.8295610547065735,16.953987,17.028021812438965
200,7.141915798187256,0.83046013,0.829865574836731,0.00022873893612995744,0.8296617269515991,16.953987,17.013442516326904
201,7.17196249961853,0.8306108,0.8300647139549255,0.00023966279695741832,0.8297775983810425,16.93892,16.993528604507446
202,7.209235906600952,0.83097947,0.8303144574165344,0.00012888957280665636,0.8300507664680481,16.902054,16.968554258346558
203,7.24460768699646,0.83097947,0.8304262161254883,0.00011984628508798778,0.830302894115448,16.902054,16.957378387451172
204,7.275059223175049,0.83201563,0.830536425113678,0.00018317837384529412,0.8303953409194946,16.798437,16.946357488632202
205,7.310075998306274,0.83201563,0.8306744694709778,0.00026710578822530806,0.8304771780967712,16.798437,16.93255305290222
206,7.340273380279541,0.83201563,0.8308624029159546,0.00033425033325329423,0.8305994868278503,16.798437,16.91375970840454
207,7.370519399642944,0.83231694,0.8311122059822083,0.00040298461681231856,0.8307362794876099,16.768307,16.888779401779175
208,7.406303644180298,0.83246017,0.8314435482025146,0.0003949324891436845,0.8309794664382935,16.753983,16.855645179748535
209,7.442947149276733,0.8328065,0.8318201303482056,0.00026852614246308804,0.8314290642738342,16.719347,16.817986965179443
210,7.479782819747925,0.8328065,0.8320749402046204,0.00017317681340500712,0.8317868113517761,16.719347,16.792505979537964
211,7.509111166000366,0.8328954,0.8322336673736572,0.00019411335233598948,0.8320237398147583,16.71046,16.776633262634277
212,7.546009540557861,0.8329076,0.8323879241943359,0.00019676539523061365,0.8321937322616577,16.709238,16.761207580566406
213,7.583122730255127,0.83371866,0.8325638175010681,0.00020513830531854182,0.8323169350624084,16.628134,16.74361824989319
214,7.61935567855835,0.83371866,0.8327566385269165,0.00019824836635962129,0.8325238823890686,16.628134,16.72433614730835
215,7.649916887283325,0.83389217,0.8329302668571472,0.00025000463938340545,0.8327463865280151,16.610783,16.70697331428528
216,7.684857606887817,0.83412075,0.8330971598625183,0.00031617420609109104,0.8328102231025696,16.587925,16.69028401374817
217,7.721583127975464,0.83415276,0.8333765864372253,0.0003105819341726601,0.8329306244850159,16.584724,16.662341356277466
218,7.759027719497681,0.8343768,0.8336637616157532,0.000246140465606004,0.833354115486145,16.562319,16.633623838424683
219,7.79746150970459,0.83459187,0.8338963985443115,0.00020603695884346962,0.8336710929870605,16.540813,16.610360145568848
220,7.833611965179443,0.83459187,0.8340931534767151,0.0001474579330533743,0.8338106274604797,16.540813,16.59068465232849
221,7.866178512573242,0.8347684,0.8342196345329285,0.00015089398948475718,0.8340891003608704,16.523159,16.578036546707153
222,7.905231475830078,0.83484083,0.8343306183815002,0.00016364535258617252,0.8341308832168579,16.515917,16.566938161849976
223,7.943398952484131,0.834866,0.8344906568527222,0.0001296969858231023,0.8343502879142761,16.513401,16.550934314727783
224,7.981630086898804,0.8351213,0.83461993932724,0.0001397149171680212,0.8344568610191345,16.487873,16.538006067276
225,8.017825365066528,0.83525044,0.8347595930099487,0.00014653560356236994,0.8345918655395508,16.474957,16.524040699005127
226,8.054853200912476,0.8353927,0.8348974585533142,0.00015777538646943867,0.8347436785697937,16.460728,16.51025414466858
227,8.10240912437439,0.83564293,0.8350509405136108,0.00015276491467375308,0.8348408341407776,16.435707,16.494905948638916
228,8.138628244400024,0.83575946,0.8352057337760925,0.00015022697334643453,0.8350291848182678,16.424053,16.479426622390747
229,8.174291610717773,0.8360067,0.8353558778762817,0.0001474497257731855,0.8351705074310303,16.39933,16.464412212371826
230,8.211994647979736,0.8364163,0.8354988694190979,0.00017518004460725933,0.8353469967842102,16.35837,16.45011305809021
231,8.248666524887085,0.83643734,0.8356496691703796,0.00021988638036418706,0.8354167342185974,16.356266,16.435033082962036
232,8.286315679550171,0.8365552,0.8358526825904846,0.0002507846220396459,0.8356091380119324,16.344482,16.414731740951538
233,8.322241306304932,0.83695453,0.8361098766326904,0.0002594076213426888,0.8357594013214111,16.304546,16.389012336730957
234,8.359276294708252,0.83698106,0.8363636136054993,0.00020330071856733412,0.8361026048660278,16.301895,16.363638639450073
235,8.394361734390259,0.8375583,0.8365554809570312,0.0002056116791209206,0.8363542556762695,16.244167,16.344451904296875
236,8.43056583404541,0.8375845,0.8367508053779602,0.00026774409343488514,0.8364840149879456,16.24155,16.32491946220398
237,8.466371059417725,0.8379825,0.8369875550270081,0.00027991144452244043,0.8366870880126953,16.201752,16.301244497299194
238,8.50179147720337,0.8382556,0.837260365486145,0.00026867599808610976,0.8369343280792236,16.174442,16.273963451385498
239,8.5360426902771,0.8382556,0.837493896484375,0.0002141620498150587,0.8371925354003906,16.174442,16.2506103515625
240,8.564379930496216,0.83873045,0.8376893997192383,0.0002312209689989686,0.8374572992324829,16.126955,16.231060028076172
241,8.600522518157959,0.83873045,0.837897539138794,0.00023289861564990133,0.8376106023788452,16.126955,16.210246086120605
242,8.629837274551392,0.8389502,0.838110089302063,0.00023243816394824535,0.8378569483757019,16.104979,16.1889910697937
243,8.66475248336792,0.8389502,0.8383237719535828,0.00021469243802130222,0.838062047958374,16.104979,16.167622804641724
244,8.693686485290527,0.8391308,0.8385019898414612,0.00021094259864185005,0.8382771015167236,16.086918,16.149801015853882
245,8.729712963104248,0.8393973,0.8386969566345215,0.00016397121362388134,0.8384723663330078,16.060268,16.13030433654785
246,8.7665696144104,0.8395449,0.838840901851654,0.00015491957310587168,0.8386871218681335,16.045511,16.115909814834595
247,8.802914381027222,0.8395449,0.8389754295349121,0.00015696325863245875,0.8387616872787476,16.045511,16.10245704650879
248,8.831785678863525,0.8395449,0.8391011357307434,0.00018676610488910228,0.838935911655426,16.045511,16.08988642692566
249,8.861284494400024,0.839893,0.8392819762229919,0.0001765788038028404,0.8389987349510193,16.010702,16.071802377700806
250,8.896816968917847,0.839893,0.8394566178321838,0.00012754023191519082,0.8392666578292847,16.010702,16.054338216781616
251,8.926019430160522,0.8399147,0.8395621180534363,0.0001532764290459454,0.8394280672073364,16.008532,16.043788194656372
252,8.9617280960083,0.83994496,0.8396822214126587,0.0001588710001669824,0.8394898772239685,16.005505,16.03177785873413
253,8.998814821243286,0.84009695,0.8398128151893616,0.00012411562784109265,0.8395724892616272,15.990305,16.018718481063843
254,9.035323858261108,0.8404781,0.8399120569229126,6.926809146534652e-05,0.8398760557174683,15.952188,16.00879430770874
255,9.070518016815186,0.84047854,0.839950680732727,0.00012404037988744676,0.8398929834365845,15.952147,16.004931926727295
256,9.107344627380371,0.8405019,0.8400219678878784,0.00018135954451281577,0.8399084806442261,15.94981,15.997803211212158
257,9.142454385757446,0.84098893,0.8401523232460022,0.0002264310314785689,0.8399396538734436,15.901107,15.98476767539978
258,9.178792953491211,0.84102476,0.840337872505188,0.00021167357044760138,0.8400373458862305,15.897524,15.966212749481201
259,9.23905873298645,0.8416033,0.837792694568634,0.0022831489332020283,0.8327445387840271,15.839672,16.220730543136597
260,9.276105642318726,0.8416033,0.839818000793457,0.0006621854263357818,0.8385385870933533,15.839672,16.018199920654297
261,9.306745290756226,0.8416882,0.8403910398483276,0.0004415044095367193,0.8398417234420776,15.831179,15.960896015167236
262,9.341160297393799,0.8422688,0.8407708406448364,0.0004323694156482816,0.8403049111366272,15.773117,15.922915935516357
263,9.376835823059082,0.842293,0.8411398530006409,0.00046898843720555305,0.8406453728675842,15.770698,15.886014699935913
264,9.413070917129517,0.8425346,0.8415162563323975,0.0004414120048750192,0.8409243822097778,15.74654,15.848374366760254
265,9.450631618499756,0.8425669,0.8419164419174194,0.0002756553585641086,0.8415987491607666,15.743309,15.808355808258057
266,9.48578405380249,0.8427076,0.8421911001205444,0.0001467432448407635,0.8419637680053711,15.729242,15.780889987945557
267,9.52083134651184,0.84291023,0.842306911945343,0.00015143498603720218,0.8421576619148254,15.708977,15.769308805465698
268,9.555970430374146,0.84291023,0.8424190878868103,0.00018115280545316637,0.8422671556472778,15.708977,15.75809121131897
269,9.585275650024414,0.8429605,0.8425990343093872,0.0001662555441725999,0.8423040509223938,15.703953,15.74009656906128
270,9.621285676956177,0.8430956,0.8427470922470093,9.692562161944807e-05,0.8426312804222107,15.69044,15.725290775299072
271,9.656739234924316,0.84331846,0.8428359627723694,9.533772390568629e-05,0.8427337408065796,15.668154,15.716403722763062
272,9.691043376922607,0.84331846,0.8429185748100281,0.00011069190804846585,0.8428009152412415,15.668154,15.708142518997192
273,9.720442771911621,0.84340096,0.8430147767066956,0.00011742794595193118,0.8429102301597595,15.6599045,15.698522329330444
274,9.757231950759888,0.8435556,0.8431205749511719,0.00012042088928865269,0.8429571986198425,15.644437,15.687942504882812
275,9.791767120361328,0.8435773,0.8432360887527466,0.00011050677858293056,0.8431075215339661,15.642267,15.676391124725342
276,9.828946828842163,0.8438062,0.8433482646942139,0.0001128669100580737,0.8432217836380005,15.619379,15.665173530578613
277,9.867516279220581,0.8438798,0.8434522747993469,0.00013421379844658077,0.843311607837677,15.612019,15.654772520065308
278,9.908101081848145,0.84422463,0.8435954451560974,0.00013443772331811488,0.843421459197998,15.577537,15.640455484390259
279,9.945500135421753,0.84428626,0.8437290787696838,0.00013882356870453805,0.8435646295547485,15.571374,15.627092123031616
280,9.981006383895874,0.84428626,0.8438551425933838,0.00011740469926735386,0.8437127470970154,15.571374,15.614485740661621
281,10.0106680393219,0.8445053,0.8439599275588989,0.00013614159252028912,0.8438200354576111,15.549469,15.604007244110107
282,10.046682357788086,0.8447145,0.8440830111503601,0.00014306740195024759,0.8439280390739441,15.528547,15.59169888496399
283,10.082877159118652,0.8447145,0.8442146182060242,0.00014427372661884874,0.8440345525741577,15.528547,15.578538179397583
284,10.111891508102417,0.8450116,0.8443455696105957,0.00014796953473705798,0.8441924452781677,15.49884,15.56544303894043
285,10.148707866668701,0.84520584,0.8444756865501404,0.00017605608445592225,0.8442955613136292,15.479416,15.552431344985962
286,10.18513822555542,0.84532773,0.8446433544158936,0.00019256898667663336,0.8444406986236572,15.467226,15.535664558410645
287,10.221735954284668,0.8454064,0.8448423743247986,0.00019077808246947825,0.8445937037467957,15.459358,15.515762567520142
288,10.25728702545166,0.8457161,0.8450407981872559,0.00020219940051902086,0.8447979688644409,15.428389,15.495920181274414
289,10.292785406112671,0.8457161,0.8452352285385132,0.0001612513733562082,0.8450106382369995,15.428389,15.476477146148682
290,10.321142435073853,0.8457161,0.8453856110572815,0.00012453229282982647,0.8452274799346924,15.428389,15.46143889427185
291,10.34970760345459,0.8458048,0.8454809784889221,0.00013134068285580724,0.8453401327133179,15.419519,15.451902151107788
292,10.384797811508179,0.8458048,0.8456090688705444,9.178511390928179e-05,0.8454211354255676,15.419519,15.439093112945557
293,10.414658784866333,0.845912,0.8456903696060181,4.965787593391724e-05,0.8456311225891113,15.408802,15.430963039398193
294,10.449759244918823,0.84595436,0.8457356691360474,5.6097655033227056e-05,0.8456799387931824,15.404564,15.426433086395264
295,10.484127521514893,0.8460384,0.8457857370376587,7.601526158396155e-05,0.845716118812561,15.39616,15.42142629623413
296,10.519451141357422,0.84606004,0.8458548784255981,7.17217699275352e-05,0.8457621335983276,15.393996,15.414512157440186
297,10.554603815078735,0.8461453,0.8459274172782898,6.130368274170905e-05,0.8458401560783386,15.385473,15.40725827217102
298,10.590151309967041,0.8462666,0.8459907174110413,6.58875796943903e-05,0.8459213972091675,15.373337,15.400928258895874
299,10.625078439712524,0.8462666,0.8460429310798645,7.546248525613919e-05,0.845970869064331,15.373337,15.39570689201355
300,10.653809785842896,0.84632576,0.8461094498634338,7.57899324526079e-05,0.8460196256637573,15.367424,15.389055013656616
301,10.689278364181519,0.8463952,0.8461873531341553,6.354500510497019e-05,0.8460915088653564,15.36048,15.381264686584473
302,10.723610877990723,0.8465642,0.8462543487548828,6.70571462251246e-05,0.8461780548095703,15.343582,15.374565124511719
303,10.76061463356018,0.8466081,0.8463194966316223,8.825810073176399e-05,0.846237063407898,15.33919,15.368050336837769
304,10.797688484191895,0.8466308,0.8463953733444214,9.186792158288881e-05,0.8462837338447571,15.336919,15.360462665557861
305,10.831749677658081,0.8468821,0.8464853763580322,7.928205013740808e-05,0.8463672399520874,15.3117895,15.351462364196777
306,10.868542432785034,0.8469244,0.8465606570243835,8.203137258533388e-05,0.8464823961257935,15.307558,15.343934297561646
307,10.906616449356079,0.84710497,0.8466262221336365,0.00010521455988055095,0.846540093421936,15.289503,15.337377786636353
308,10.944040536880493,0.8471371,0.8467122912406921,0.00013597344513982534,0.8465756177902222,15.286291,15.328770875930786
309,10.980675458908081,0.8472799,0.8468486666679382,0.00011713059939211234,0.846653163433075,15.272009,15.315133333206177
310,11.018104076385498,0.84733534,0.8469594717025757,0.00010597919026622549,0.8468651175498962,15.266466,15.304052829742432
311,11.053608655929565,0.84739536,0.8470520973205566,0.00012110787065466866,0.8469130992889404,15.260464,15.294790267944336
312,11.088654041290283,0.8477618,0.8471667170524597,0.00011649689258774742,0.8470391035079956,15.223819,15.283328294754028
313,11.125136852264404,0.84794086,0.8472782373428345,0.0001360735623165965,0.8471234440803528,15.205914,15.272176265716553
314,11.161132574081421,0.8480704,0.8474047780036926,0.00015197544416878372,0.8472532629966736,15.192962,15.259522199630737
315,11.197805881500244,0.8482358,0.84751957654953,0.00017751932318788022,0.84734708070755,15.176421,15.248042345046997
316,11.23350739479065,0.84841347,0.8476747870445251,0.00018025844474323094,0.8474569320678711,15.158653,15.232521295547485
317,11.273433446884155,0.84841347,0.8478259444236755,0.00017806752293836325,0.8476343154907227,15.158653,15.217405557632446
318,11.30568552017212,0.84841347,0.8479827642440796,0.0001623807766009122,0.8477618098258972,15.158653,15.201723575592041
319,11.335542678833008,0.84857535,0.8481311202049255,0.00014144476153887808,0.8479483127593994,15.142465,15.186887979507446
320,11.37111759185791,0.848577,0.8482593297958374,0.00011150244245072827,0.8480954766273499,15.142298,15.17406702041626
321,11.407083511352539,0.8486789,0.8483657836914062,9.927239443641156e-05,0.8482357859611511,15.132112,15.163421630859375
322,11.443946123123169,0.84884846,0.8484513163566589,8.643313776701689e-05,0.8483457565307617,15.115154,15.154868364334106
323,11.478485822677612,0.84884846,0.8485311269760132,9.139410394709557e-05,0.8484238982200623,15.115154,15.146887302398682
324,11.506542682647705,0.84894645,0.8486199378967285,9.329854947282001e-05,0.8485113382339478,15.105354,15.138006210327148
325,11.540717840194702,0.8491336,0.8487136960029602,0.00010334917169529945,0.8485976457595825,15.086639,15.12863039970398
326,11.575724840164185,0.84917426,0.8488115072250366,0.00010545094846747816,0.8486917614936829,15.082574,15.118849277496338
327,11.61147689819336,0.8495219,0.8489204049110413,0.00010201445547863841,0.8487944006919861,15.047812,15.107959508895874
328,11.646146774291992,0.8495219,0.8490163683891296,0.00010407403897261247,0.8489084243774414,15.047812,15.098363161087036
329,11.674338340759277,0.84976614,0.8491036295890808,0.00013435966684482992,0.848992645740509,15.023386,15.089637041091919
330,11.70842695236206,0.84985745,0.8492200970649719,0.0001851469132816419,0.8490639328956604,15.014256,15.077990293502808
331,11.744230031967163,0.8500835,0.849373459815979,0.00022814219119027257,0.8491643667221069,14.991653,15.0626540184021
332,11.780656099319458,0.85032105,0.8495889902114868,0.00023845309624448419,0.8492729663848877,14.967895,15.041100978851318
333,11.817274570465088,0.85032105,0.8498231768608093,0.00017925097199622542,0.849564254283905,14.967895,15.017682313919067
334,11.847155809402466,0.8503943,0.8499866127967834,0.0001508553687017411,0.8497934937477112,14.960569,15.001338720321655
335,11.885322570800781,0.8506168,0.8501222133636475,0.00012666427937801927,0.8499609231948853,14.938318,14.987778663635254
336,11.922440528869629,0.850767,0.8502480387687683,0.00012804022117052227,0.8500850200653076,14.923298,14.975196123123169
337,11.958423614501953,0.850767,0.8503649830818176,0.00011642999015748501,0.8502293825149536,14.923298,14.963501691818237
338,11.989067792892456,0.8508069,0.8504630327224731,0.0001224711159011349,0.8503290414810181,14.919311,14.953696727752686
339,12.024836301803589,0.8508606,0.85056072473526,0.00011035652278224006,0.8504259586334229,14.91394,14.943927526473999
340,12.061289072036743,0.8510179,0.8506668210029602,0.00010683623986551538,0.8505215048789978,14.898211,14.93331789970398
341,12.097728729248047,0.8511341,0.8507834672927856,9.608658729121089e-05,0.850665807723999,14.886588,14.921653270721436
342,12.134135007858276,0.85124147,0.8508803844451904,0.00010730388748925179,0.8507670164108276,14.875853,14.911961555480957
343,12.168904066085815,0.85160214,0.8509852886199951,0.00011072477354900911,0.8508550524711609,14.839787,14.901471138000488
344,12.204014301300049,0.85180455,0.8510898947715759,0.000116242743388284,0.8509637713432312,14.819545,14.891010522842407
345,12.239582538604736,0.85181046,0.8511995673179626,0.00014696555444970727,0.8510829210281372,14.818954,14.880043268203735
346,12.27574372291565,0.8518483,0.8513202667236328,0.00021428022591862828,0.8511559367179871,14.815169,14.867973327636719
347,12.311631917953491,0.8520718,0.8515026569366455,0.00023025055998004973,0.8512105941772461,14.792818,14.84973430633545
348,12.347770929336548,0.8521491,0.8517361879348755,0.0001154257042799145,0.8515555262565613,14.785088,14.826381206512451
349,12.382124900817871,0.8521491,0.8518335223197937,8.21647045086138e-05,0.8517476916313171,14.785088,14.81664776802063
350,12.410956859588623,0.8523236,0.8518964648246765,0.00010293454397469759,0.8518104553222656,14.767641,14.810353517532349
351,12.446849584579468,0.8523431,0.851982057094574,0.0001155262507381849,0.8518521785736084,14.765692,14.801794290542603
352,12.483927249908447,0.8523544,0.8520920872688293,8.84619148564525e-05,0.8519522547721863,14.764559,14.790791273117065
353,12.52060604095459,0.8525713,0.8521721959114075,9.432341175852343e-05,0.8520744442939758,14.742869,14.782780408859253
354,12.556102752685547,0.85282433,0.8522641062736511,0.00012441187573131174,0.8521450161933899,14.717567,14.773589372634888
355,12.590880155563354,0.85291666,0.8523938655853271,0.0001493532327003777,0.8522390127182007,14.708334,14.760613441467285
356,12.628277063369751,0.85291666,0.852518618106842,0.00016854735440574586,0.8523402810096741,14.708334,14.748138189315796
357,12.657997369766235,0.85323095,0.8526852130889893,0.00014965556329116225,0.8524797558784485,14.676905,14.731478691101074
358,12.692807912826538,0.85326254,0.8528337478637695,0.00012092989345546812,0.8526483178138733,14.673746,14.716625213623047
359,12.729491472244263,0.8533499,0.8529391884803772,0.00011271733092144132,0.8528242111206055,14.665008,14.70608115196228
360,12.764678955078125,0.8533499,0.8530319333076477,0.00010945193935185671,0.852904200553894,14.665008,14.69680666923523
361,12.793315887451172,0.8533924,0.8531379699707031,9.346682054456323e-05,0.8530132174491882,14.660758,14.686203002929688
362,12.833490371704102,0.8534477,0.8532233238220215,7.116552296793088e-05,0.8531296253204346,14.655232,14.677667617797852
363,12.870221376419067,0.85348785,0.8532916903495789,5.8267720305593684e-05,0.8532177209854126,14.651215,14.670830965042114
364,12.90758204460144,0.8535633,0.8533443808555603,5.8297202485846356e-05,0.8532743453979492,14.643669,14.66556191444397
365,12.942368984222412,0.85359275,0.8533923625946045,5.459055319079198e-05,0.8533434271812439,14.640724,14.66076374053955
366,12.978369951248169,0.85370314,0.8534377813339233,6.066161586204544e-05,0.8533658981323242,14.629686,14.656221866607666
367,13.01375937461853,0.85370314,0.8534956574440002,5.1248174713691697e-05,0.8534418344497681,14.629686,14.650434255599976
368,13.041784524917603,0.85370314,0.8535431623458862,5.610579319181852e-05,0.8534766435623169,14.629686,14.645683765411377
369,13.0703604221344,0.8538498,0.8535976409912109,5.146912735654041e-05,0.8535341620445251,14.615017,14.640235900878906
370,13.106643915176392,0.8538824,0.8536431789398193,6.511025276267901e-05,0.8535832166671753,14.611763,14.635682106018066
371,13.142133474349976,0.8538824,0.8537035584449768,6.74264520057477e-05,0.853614091873169,14.611763,14.62964415550232
372,13.171539068222046,0.85422146,0.8537718653678894,6.850135832792148e-05,0.8537030220031738,14.577854,14.62281346321106
373,13.20681118965149,0.8542435,0.8538351655006409,7.625327270943671e-05,0.8537680506706238,14.575648,14.616483449935913
374,13.242614269256592,0.85435486,0.8538900017738342,9.766010771272704e-05,0.8538100719451904,14.564514,14.610999822616577
375,13.279037952423096,0.8545357,0.8539583683013916,0.00012927579518873245,0.853864312171936,14.546431,14.60416316986084
376,13.315531015396118,0.85462284,0.8540639877319336,0.00017206365009769797,0.8538998365402222,14.537716,14.59360122680664
377,13.352765321731567,0.85477614,0.8542066216468811,0.00017357393517158926,0.8539856672286987,14.522386,14.57933783531189
378,13.387455224990845,0.8549469,0.8543697595596313,0.0001436930033378303,0.8542214632034302,14.505309,14.563024044036865
379,13.422773599624634,0.85507417,0.8545083999633789,0.00016324456373695284,0.8543400168418884,14.492583,14.54916000366211
380,13.45800495147705,0.855182,0.8546521663665771,0.00018132715194951743,0.854465901851654,14.481801,14.534783363342285
381,13.49593997001648,0.8552948,0.8548170924186707,0.00018927529163192958,0.8545798063278198,14.470518,14.518290758132935
382,13.531287431716919,0.8553178,0.8550039529800415,0.00010794672562042251,0.8548104763031006,14.468223,14.49960470199585
383,13.566010236740112,0.8553668,0.8550941944122314,9.584370855009183e-05,0.8549876809120178,14.463318,14.490580558776855
384,13.599489688873291,0.85537314,0.8551839590072632,8.868587610777467e-05,0.8550582528114319,14.462686,14.481604099273682
385,13.63645887374878,0.85551995,0.8552681803703308,6.285730341915041e-05,0.8551819920539856,14.448005,14.473181962966919
386,13.671751260757446,0.8558072,0.8553339242935181,7.496710895793512e-05,0.8552597761154175,14.419281,14.466607570648193
387,13.709691286087036,0.8558072,0.855397641658783,9.291594324167818e-05,0.8553115129470825,14.419281,14.460235834121704
388,13.737202167510986,0.8558072,0.8554760217666626,0.0001020458948914893,0.8553668260574341,14.419281,14.45239782333374
389,13.765733242034912,0.85582143,0.8555678725242615,0.00010129882139153779,0.8554675579071045,14.417857,14.443212747573853
390,13.80174207687378,0.8558768,0.8556552529335022,0.00010376080172136426,0.8555393815040588,14.412319,14.43447470664978
391,13.837842226028442,0.8560708,0.8557623624801636,7.017624739091843e-05,0.8556278944015503,14.392919,14.423763751983643
392,13.874342203140259,0.85628784,0.8558246493339539,6.58320786897093e-05,0.8557748198509216,14.371216,14.417535066604614
393,13.91077971458435,0.85628784,0.8558706641197205,8.967722533270717e-05,0.8558071851730347,14.371216,14.412933588027954
394,13.9395272731781,0.8563624,0.8559496998786926,0.00011677822476485744,0.8558303713798523,14.36376,14.405030012130737
395,13.974757432937622,0.8563942,0.8560442328453064,0.00012302747927606106,0.8558927774429321,14.360582,14.39557671546936
396,14.015325546264648,0.8564829,0.8561546206474304,9.581997437635437e-05,0.8560495972633362,14.351707,14.384537935256958
397,14.050893545150757,0.8567023,0.8562315106391907,0.00010326961637474597,0.8561089038848877,14.329767,14.376848936080933
398,14.087190628051758,0.8567023,0.8563303351402283,9.055795817403123e-05,0.8562049269676208,14.329767,14.366966485977173
399,14.115414381027222,0.8567518,0.8564133644104004,8.721972699277103e-05,0.8562992811203003,14.32482,14.358663558959961
400,14.151331424713135,0.85678935,0.8564956188201904,8.928278111852705e-05,0.8563941717147827,14.321065,14.350438117980957
401,14.188609838485718,0.8568184,0.8565776944160461,8.614337275503203e-05,0.8564797043800354,14.318162,14.342230558395386
402,14.223961591720581,0.85693914,0.856660008430481,7.901593926362693e-05,0.8565564155578613,14.306087,14.333999156951904
403,14.259978771209717,0.85699624,0.856740415096283,7.566859130747616e-05,0.8566283583641052,14.300376,14.325958490371704
404,14.295236587524414,0.8571459,0.8568182587623596,7.653518696315587e-05,0.8567343950271606,14.28541,14.318174123764038
405,14.332435607910156,0.8572638,0.8568986058235168,9.186446550302207e-05,0.8567951917648315,14.27362,14.310139417648315
406,14.368573188781738,0.8573201,0.856986939907074,8.690310642123222e-05,0.8568951487541199,14.267993,14.301306009292603
407,14.404544591903687,0.8574183,0.857078492641449,9.70051041804254e-05,0.8569629192352295,14.25817,14.292150735855103
408,14.441174507141113,0.8576785,0.8571816086769104,0.0001103649556171149,0.8570469617843628,14.232153,14.28183913230896
409,14.480010509490967,0.8576785,0.8572849035263062,0.00012691164738498628,0.857150673866272,14.232153,14.271509647369385
410,14.508543729782104,0.85791737,0.8574056625366211,0.00013393588596954942,0.857260525226593,14.208263,14.25943374633789
411,14.54464340209961,0.857937,0.8575215339660645,0.0001307749917032197,0.8573644161224365,14.206303,14.247846603393555
412,14.579384088516235,0.85804963,0.8576450943946838,0.00012746278662234545,0.8574899435043335,14.195037,14.235490560531616
413,14.61550498008728,0.8581659,0.8577703237533569,0.00012594083091244102,0.8576158285140991,14.183408,14.222967624664307
414,14.65168285369873,0.85832304,0.8578979969024658,0.00011539371189428493,0.8577386140823364,14.167696,14.210200309753418
415,14.687140941619873,0.85832304,0.8580079674720764,0.00010711094364523888,0.8578839302062988,14.167696,14.199203252792358
416,14.716774702072144,0.8584002,0.858115553855896,0.0001068846249836497,0.8579736948013306,14.159977,14.1884446144104
417,14.75167727470398,0.8584796,0.8582123517990112,9.494319965597242e-05,0.8580834865570068,14.152039,14.178764820098877
418,14.787250518798828,0.8585831,0.8583104610443115,7.643183198524639e-05,0.8581996560096741,14.141691,14.168953895568848
419,14.82288122177124,0.8585831,0.8583816885948181,6.695610500173643e-05,0.8583011627197266,14.141691,14.161831140518188
420,14.85239052772522,0.85863686,0.858444333076477,6.155308074085042e-05,0.8583614826202393,14.136314,14.155566692352295
421,14.889789819717407,0.8586582,0.8585010766983032,4.83984149468597e-05,0.8584322929382324,14.13418,14.149892330169678
422,14.92699408531189,0.8587296,0.8585485219955444,4.883908695774153e-05,0.8584865927696228,14.12704,14.145147800445557
423,14.962317943572998,0.85879457,0.8585972189903259,4.7343502956209704e-05,0.8585361242294312,14.120543,14.140278100967407
424,14.999025106430054,0.85886914,0.8586419820785522,5.431815588963218e-05,0.8585835099220276,14.113087,14.135801792144775
425,15.034363508224487,0.85893774,0.8586938381195068,5.6809592933859676e-05,0.8586294054985046,14.106226,14.130616188049316
426,15.070323467254639,0.8590007,0.8587528467178345,5.5469954531872645e-05,0.858676552772522,14.099932,14.124715328216553
427,15.105753660202026,0.85901,0.8587972521781921,6.76005074637942e-05,0.8587335348129272,14.099002,14.120274782180786
428,15.140974283218384,0.8592121,0.8588565587997437,7.435245788656175e-05,0.8587876558303833,14.07879,14.114344120025635
429,15.177816152572632,0.8593174,0.8589267134666443,8.056699152803048e-05,0.8588175177574158,14.068258,14.107328653335571
430,15.21316647529602,0.8594104,0.8590022921562195,8.77463462529704e-05,0.8589279055595398,14.05896,14.099770784378052
431,15.249225616455078,0.85955685,0.8590774536132812,0.00011883667320944369,0.8589915037155151,14.044314,14.092254638671875
432,15.284445524215698,0.8597122,0.8591758012771606,0.00015817198436707258,0.8590103387832642,14.028782,14.082419872283936
433,15.320995330810547,0.85971546,0.8593258857727051,0.000157134112669155,0.8591349124908447,14.028454,14.067411422729492
434,15.356920003890991,0.85971546,0.8594761490821838,0.0001155296849901788,0.8593140244483948,14.028454,14.052385091781616
435,15.385287523269653,0.8597746,0.8595830798149109,8.052153134485707e-05,0.8594650626182556,14.022541,14.041692018508911
436,15.419533252716064,0.85988104,0.8596556782722473,6.0206453781574965e-05,0.8595693111419678,14.011896,14.034432172775269
437,15.45426321029663,0.8599044,0.8597138524055481,4.324006295064464e-05,0.8596508502960205,14.00956,14.02861475944519
438,15.490459203720093,0.8599044,0.8597483038902283,5.3603460401063785e-05,0.8597121834754944,14.00956,14.025169610977173
439,15.519301891326904,0.8599454,0.8597890734672546,6.555338040925562e-05,0.859722912311554,14.005459,14.021092653274536
440,15.55451250076294,0.86004996,0.859849750995636,5.691913247574121e-05,0.8597596287727356,13.995004,14.015024900436401
441,15.590025663375854,0.86004996,0.8599016666412354,2.9806114980601706e-05,0.8598727583885193,13.995004,14.009833335876465
442,15.619740009307861,0.86004996,0.8599262237548828,3.6490611819317564e-05,0.8598960041999817,13.995004,14.007377624511719
443,15.648225784301758,0.86009514,0.8599528074264526,4.188514867564663e-05,0.8599156141281128,13.990486,14.004719257354736
444,15.68434762954712,0.8601459,0.8599883317947388,5.2630148275056854e-05,0.8599370718002319,13.985407,14.001166820526123
445,15.719448804855347,0.8601696,0.86003577709198,4.700799399870448e-05,0.8599609136581421,13.983041,13.996422290802002
446,15.755082845687866,0.8601803,0.8600790500640869,3.354423097334802e-05,0.860049843788147,13.981968,13.992094993591309
447,15.792790174484253,0.8602544,0.8601071238517761,3.086960714426823e-05,0.8600704669952393,13.97456,13.989287614822388
448,15.832701444625854,0.860289,0.8601399064064026,4.055019962834194e-05,0.8601030111312866,13.971102,13.986009359359741
449,15.881199359893799,0.8603622,0.8601787090301514,5.225674249231815e-05,0.8601256012916565,13.963783,13.982129096984863
450,15.92715835571289,0.8603976,0.8602263927459717,5.931760824751109e-05,0.8601657748222351,13.960242,13.977360725402832
451,15.96511435508728,0.8604794,0.8602863550186157,5.6755066907498986e-05,0.860202431678772,13.952059,13.971364498138428
452,16.001890897750854,0.86055905,0.8603412508964539,4.760430965689011e-05,0.8602826595306396,13.944096,13.965874910354614
453,16.036524295806885,0.8607781,0.8603840470314026,5.120501373312436e-05,0.8603333830833435,13.922191,13.961595296859741
454,16.072425603866577,0.8607781,0.8604307174682617,7.098814967321232e-05,0.8603700995445251,13.922191,13.956928253173828
455,16.101473093032837,0.8608968,0.8604886531829834,0.00010371512325946242,0.8604140877723694,13.910317,13.95113468170166
456,16.136356353759766,0.8609294,0.8605698943138123,0.00013085453247185796,0.8604525327682495,13.907057,13.943010568618774
457,16.17315411567688,0.8609786,0.8606793880462646,0.0001322525058640167,0.8605102300643921,13.90214,13.932061195373535
458,16.20988416671753,0.8610636,0.8608142137527466,8.428599539911374e-05,0.8606674075126648,13.8936405,13.918578624725342
459,16.2471661567688,0.8610636,0.8608900904655457,6.173194560687989e-05,0.8608031868934631,13.8936405,13.910990953445435
460,16.276782274246216,0.8612249,0.860946774482727,5.664595664711669e-05,0.8608762621879578,13.877511,13.905322551727295
461,16.313432931900024,0.86127794,0.86100172996521,5.8748042647494e-05,0.8609305620193481,13.872206,13.899827003479004
462,16.350188732147217,0.86127794,0.8610523343086243,6.575674342457205e-05,0.8609879016876221,13.872206,13.894766569137573
463,16.379347801208496,0.8613488,0.8611084222793579,7.711334910709411e-05,0.8610383868217468,13.865119,13.889157772064209
464,16.41419744491577,0.86139464,0.8611705899238586,8.291390986414626e-05,0.8610749840736389,13.860536,13.882941007614136
465,16.450150728225708,0.8614241,0.8612512350082397,5.780324136139825e-05,0.8611562252044678,13.857592,13.874876499176025
466,16.48563528060913,0.8614993,0.8613013029098511,4.6041001041885465e-05,0.8612397909164429,13.850069,13.869869709014893
467,16.521873235702515,0.8614993,0.8613451719284058,4.58372596767731e-05,0.8612890839576721,13.850069,13.865482807159424
468,16.550949096679688,0.86163133,0.8613860607147217,4.98309382237494e-05,0.8613368272781372,13.836866,13.861393928527832
469,16.58820867538452,0.8617331,0.8614340424537659,5.657497968059033e-05,0.8613673448562622,13.826693,13.856595754623413
470,16.62499713897705,0.8617331,0.8614857196807861,5.687576413038187e-05,0.861415445804596,13.826693,13.851428031921387
471,16.653011322021484,0.8617606,0.8615354895591736,6.537066656164825e-05,0.8614786267280579,13.823938,13.846451044082642
472,16.687982082366943,0.86185277,0.8615882396697998,8.265874930657446e-05,0.8615068197250366,13.814724,13.84117603302002
473,16.72491431236267,0.86199236,0.86166912317276,9.853696246864274e-05,0.8615605235099792,13.800764,13.833087682723999
474,16.760401725769043,0.8622749,0.8617642521858215,9.169971599476412e-05,0.8616406321525574,13.7725115,13.823574781417847
475,16.796284914016724,0.8624277,0.8618533611297607,0.00011852386523969471,0.8617395162582397,13.757229,13.814663887023926
476,16.83130407333374,0.8624332,0.8619402050971985,0.0001440536871086806,0.8618184924125671,13.7566805,13.805979490280151
477,16.867425441741943,0.8624539,0.8620596528053284,0.00016865548968780786,0.8618895411491394,13.754612,13.794034719467163
478,16.903486728668213,0.86279535,0.8622261881828308,0.00016383403271902353,0.8619883060455322,13.720465,13.777381181716919
479,16.939412832260132,0.8629115,0.8623902201652527,0.00013179834058973938,0.8622495532035828,13.708848,13.760977983474731
480,16.975090742111206,0.86291516,0.8625091910362244,0.00015504246402997524,0.8623793125152588,13.708485,13.749080896377563
481,17.012900590896606,0.8630107,0.8626279830932617,0.00018257876217830926,0.8624293804168701,13.69893,13.737201690673828
482,17.047549724578857,0.86306095,0.8628138303756714,9.977000445360318e-05,0.8625714182853699,13.693905,13.718616962432861
483,17.084319591522217,0.86312985,0.862892210483551,6.577316526090726e-05,0.862830638885498,13.687015,13.710778951644897
484,17.119656085968018,0.863166,0.8629536628723145,6.670783477602527e-05,0.8628635406494141,13.683403,13.704633712768555
485,17.155004262924194,0.8631942,0.8630200028419495,5.450988101074472e-05,0.8629391193389893,13.680577,13.697999715805054
486,17.191548109054565,0.8632971,0.8630761504173279,5.775079262093641e-05,0.8630103468894958,13.67029,13.692384958267212
487,17.22654700279236,0.8633485,0.8631318807601929,6.221171497600153e-05,0.8630580306053162,13.665152,13.686811923980713
488,17.260557413101196,0.8634309,0.8631913661956787,5.48630632692948e-05,0.8631251454353333,13.656908,13.680863380432129
489,17.31959581375122,0.8635465,0.8601316809654236,0.0026760746259242296,0.8543595671653748,13.645351,13.986831903457642
490,17.354873418807983,0.8635465,0.8624367713928223,0.000696480565238744,0.8610595464706421,13.645351,13.756322860717773
491,17.38457441329956,0.8636132,0.8630481362342834,0.0002847901196219027,0.8625739812850952,13.638681,13.695186376571655
492,17.420310974121094,0.86362255,0.8632953763008118,0.00019102617807220668,0.8630061149597168,13.637745,13.670462369918823
493,17.456049919128418,0.86369836,0.8634660840034485,0.00011455850471975282,0.8632842302322388,13.630163,13.653391599655151
494,17.492833137512207,0.8637608,0.8635737299919128,4.7284935135394335e-05,0.8635035157203674,13.623917,13.642627000808716
495,17.528748989105225,0.86393934,0.8636185526847839,4.77636895084288e-05,0.8635752201080322,13.606066,13.638144731521606
496,17.564948081970215,0.86393934,0.8636553883552551,6.729403685312718e-05,0.8636080026626587,13.606066,13.634461164474487
497,17.593032360076904,0.8639763,0.8637087941169739,8.927255839807913e-05,0.8636201024055481,13.60237,13.629120588302612
498,17.628861904144287,0.86405176,0.8637816309928894,9.051190136233345e-05,0.8636935949325562,13.594824,13.62183690071106
499,17.664923191070557,0.86411697,0.8638615012168884,8.785606041783467e-05,0.8637595176696777,13.588304,13.613849878311157
500,17.700814723968506,0.86411697,0.863944947719574,6.457846029661596e-05,0.8638344407081604,13.588304,13.605505228042603
501,17.73737382888794,0.86414397,0.8639998435974121,5.1708859245991334e-05,0.8639398217201233,13.585604,13.600015640258789
502,17.77272319793701,0.86435217,0.8640466928482056,5.767094990005717e-05,0.8639799952507019,13.564783,13.595330715179443
503,17.807882070541382,0.86448944,0.8641005754470825,6.511338142445311e-05,0.8640316128730774,13.551056,13.589942455291748
504,17.843290328979492,0.8646627,0.8641533255577087,9.451275400351733e-05,0.8640902638435364,13.53373,13.584667444229126
505,17.88218092918396,0.86480045,0.8642119765281677,0.00013465169467963278,0.8641213774681091,13.519955,13.578802347183228
506,17.91913414001465,0.86480045,0.8643106818199158,0.00016904105723369867,0.8641502857208252,13.519955,13.568931818008423
507,17.949111461639404,0.8648677,0.8644776344299316,0.00014530577755067497,0.8642446398735046,13.513231,13.552236557006836
508,17.985271453857422,0.8649932,0.8646124005317688,0.00011747865210054442,0.864454984664917,13.500679,13.53875994682312
509,18.02174139022827,0.8650733,0.8647183179855347,0.00011070800246670842,0.8645881414413452,13.492668,13.528168201446533
510,18.058835983276367,0.8650758,0.8648247122764587,9.33912888285704e-05,0.864669680595398,13.492417,13.517528772354126
511,18.095122575759888,0.8650965,0.8649038076400757,6.920917803654447e-05,0.8648123741149902,13.490349,13.509619235992432
512,18.13238000869751,0.86519957,0.8649657368659973,5.9414083807496354e-05,0.8648799657821655,13.480043,13.503426313400269
513,18.16675615310669,0.86519957,0.8650174736976624,4.939714563079178e-05,0.8649580478668213,13.480043,13.498252630233765
514,18.195611000061035,0.86528224,0.8650603890419006,5.233514457358979e-05,0.8650040626525879,13.471776,13.493961095809937
515,18.23074698448181,0.86530745,0.8651143908500671,5.9827143559232354e-05,0.8650544285774231,13.469255,13.488560914993286
516,18.266709804534912,0.8653945,0.8651621341705322,6.864445458631963e-05,0.8650897741317749,13.460552,13.483786582946777
517,18.301276683807373,0.865512,0.8652195930480957,6.554588617291301e-05,0.8651324510574341,13.448799,13.47804069519043
518,18.338740587234497,0.865512,0.8652798533439636,5.096679524285719e-05,0.8651995658874512,13.448799,13.472014665603638
519,18.36983847618103,0.865512,0.8653244972229004,5.0138540245825425e-05,0.8652822375297546,13.448799,13.467550277709961
520,18.399835348129272,0.8655429,0.8653642535209656,6.088056034059264e-05,0.8653074502944946,13.445711,13.463574647903442
521,18.435372352600098,0.8655894,0.8654140830039978,6.556994776474312e-05,0.8653407096862793,13.441062,13.45859169960022
522,18.472170114517212,0.8656704,0.8654747009277344,6.675451004412025e-05,0.865393340587616,13.432961,13.452529907226562
523,18.50737762451172,0.86581755,0.865544855594635,5.659660746459849e-05,0.8654859066009521,13.418245,13.445514440536499
524,18.54250955581665,0.86585385,0.8655926585197449,6.642527296207845e-05,0.8655158877372742,13.414616,13.440734148025513
525,18.57667565345764,0.8659235,0.8656502366065979,8.286215597763658e-05,0.8655823469161987,13.407648,13.43497633934021
526,18.61401867866516,0.86618704,0.8657318949699402,0.00011002223618561402,0.8656147122383118,13.381296,13.426810503005981
527,18.65196466445923,0.86618704,0.8658416271209717,0.00011108275793958455,0.8656947612762451,13.381296,13.415837287902832
528,18.680224657058716,0.86629593,0.8659517765045166,0.00012489820073824376,0.8658229112625122,13.370407,13.40482234954834
529,18.71420669555664,0.86629593,0.866072416305542,0.00011504211579449475,0.8659096360206604,13.370407,13.3927583694458
530,18.742616653442383,0.86634994,0.8661888241767883,5.961511851637624e-05,0.8661043047904968,13.365006,13.381117582321167
531,18.777549266815186,0.8664067,0.8662410378456116,4.9999576731352136e-05,0.866182804107666,13.359332,13.375896215438843
532,18.814210891723633,0.86649084,0.866290807723999,4.899918712908402e-05,0.8662258386611938,13.350916,13.370919227600098
533,18.850756883621216,0.8665338,0.8663380146026611,5.156964107300155e-05,0.8662837743759155,13.346619,13.366198539733887
534,18.887796878814697,0.8665458,0.8663880228996277,5.2656127081718296e-05,0.8663203120231628,13.345421,13.361197710037231
535,18.923563718795776,0.8666661,0.8664366602897644,4.630080366041511e-05,0.8663888573646545,13.333392,13.35633397102356
536,18.95941925048828,0.8669286,0.8664777278900146,6.331565964501351e-05,0.8664217591285706,13.307142,13.352227210998535
537,18.995535850524902,0.8669286,0.8665315508842468,6.884810863994062e-05,0.8664590120315552,13.307142,13.346844911575317
538,19.025410175323486,0.8669286,0.86658775806427,9.814395161811262e-05,0.8665158152580261,13.307142,13.341224193572998
539,19.053208351135254,0.866956,0.8666587471961975,0.00011392185842851177,0.8665465116500854,13.3044,13.334125280380249
540,19.088898181915283,0.86713475,0.866765558719635,0.00012631334539037198,0.8666361570358276,13.286525,13.323444128036499
541,19.125592470169067,0.86718535,0.8668926358222961,0.00011229366646148264,0.8666970729827881,13.281465,13.310736417770386
542,19.162130117416382,0.86732566,0.8670056462287903,9.25933345570229e-05,0.8669113516807556,13.267433,13.299435377120972
543,19.197985410690308,0.8674036,0.8670898675918579,9.470551594858989e-05,0.8669886589050293,13.259638,13.291013240814209
544,19.23322343826294,0.8675619,0.86717689037323,9.822370338952169e-05,0.8670622706413269,13.243813,13.282310962677002
545,19.269026279449463,0.8675765,0.8672736883163452,9.515606507193297e-05,0.8671447038650513,13.242352,13.272631168365479
546,19.305402755737305,0.8675771,0.8673571348190308,8.324925147462636e-05,0.8672629594802856,13.242292,13.264286518096924
547,19.340739011764526,0.86768866,0.8674299120903015,8.122289000311866e-05,0.8673256635665894,13.231134,13.257008790969849
548,19.37592887878418,0.86769235,0.8675054311752319,7.562227256130427e-05,0.8674066066741943,13.230764,13.249456882476807
549,19.41251850128174,0.86773765,0.8675781488418579,5.597258132183924e-05,0.8675081133842468,13.226234,13.242185115814209
550,19.447798490524292,0.8677907,0.8676284551620483,5.114797386340797e-05,0.8675684928894043,13.22093,13.237154483795166
551,19.483384370803833,0.8677907,0.8676789999008179,3.590863343561068e-05,0.8676279783248901,13.22093,13.232100009918213
552,19.51217555999756,0.8678505,0.8677124977111816,3.028636274393648e-05,0.8676648736000061,13.2149515,13.228750228881836
553,19.547772645950317,0.86789757,0.8677403330802917,3.090432801400311e-05,0.8677140474319458,13.210243,13.225966691970825
554,19.58145761489868,0.86792976,0.8677642345428467,3.8561116525670514e-05,0.867729902267456,13.207025,13.223576545715332
555,19.617574453353882,0.86796707,0.8677980303764343,4.438743053469807e-05,0.8677536845207214,13.203293,13.220196962356567
556,19.65426254272461,0.86796707,0.867836594581604,4.9860991566674784e-05,0.867790699005127,13.203293,13.2163405418396
557,19.685789346694946,0.8680109,0.8678833842277527,4.285651812097058e-05,0.8678220510482788,13.198912,13.211661577224731
558,19.723419189453125,0.8680109,0.8679222464561462,3.316334550618194e-05,0.8678723573684692,13.198912,13.207775354385376
559,19.752902507781982,0.86805415,0.8679538369178772,2.8057131203240715e-05,0.8679172992706299,13.194585,13.20461630821228
560,19.788708209991455,0.8681141,0.8679800629615784,2.2773101591155864e-05,0.8679550886154175,13.188589,13.201993703842163
561,19.826600074768066,0.8681351,0.8680011034011841,2.5742012439877726e-05,0.867967426776886,13.186491,13.199889659881592
562,19.862942695617676,0.8681425,0.8680225610733032,3.1193932954920456e-05,0.8679940700531006,13.185751,13.197743892669678
563,19.899871826171875,0.8681457,0.8680492639541626,3.695369014167227e-05,0.8680142164230347,13.18543,13.19507360458374
564,19.937089443206787,0.8681524,0.868080735206604,3.5695949918590486e-05,0.8680347800254822,13.184762,13.1919264793396
565,19.97232723236084,0.8682079,0.868117094039917,2.430379572615493e-05,0.8680753111839294,13.179213,13.1882905960083
566,20.009051084518433,0.86833155,0.8681426644325256,2.669013338163495e-05,0.8681181073188782,13.166845,13.185733556747437
567,20.045710802078247,0.86833155,0.8681631684303284,3.36872944899369e-05,0.868135929107666,13.166845,13.183683156967163
568,20.075342178344727,0.86833155,0.8681941032409668,4.176495713181794e-05,0.8681457042694092,13.166845,13.18058967590332
569,20.104607820510864,0.8683955,0.8682346940040588,4.133509355597198e-05,0.8681874871253967,13.160449,13.176530599594116
570,20.140798091888428,0.8684076,0.8682725429534912,4.220196569804102e-05,0.8682204484939575,13.159239,13.172745704650879
571,20.177797317504883,0.86845213,0.8683165311813354,3.8689100620104e-05,0.8682665228843689,13.154787,13.168346881866455
572,20.211310863494873,0.86845213,0.8683533668518066,3.367333556525409e-05,0.8683139085769653,13.154787,13.164663314819336
573,20.239621877670288,0.8685722,0.8683889508247375,2.9227008781163022e-05,0.8683419823646545,13.142782,13.161104917526245
574,20.27560591697693,0.8685722,0.8684191107749939,3.656378612504341e-05,0.8683863878250122,13.142782,13.15808892250061
575,20.303988218307495,0.8685752,0.8684499263763428,4.571493263938464e-05,0.8684069514274597,13.142479,13.155007362365723
576,20.34068989753723,0.86865795,0.868488609790802,4.465278470888734e-05,0.8684473633766174,13.134205,13.1511390209198
577,20.37835192680359,0.86865795,0.8685239553451538,4.689998968387954e-05,0.8684713244438171,13.134205,13.14760446548462
578,20.407443284988403,0.86865795,0.8685716986656189,2.9819466362823732e-05,0.8685089349746704,13.134205,13.14283013343811
579,20.43628215789795,0.86887646,0.8685933351516724,3.555178773240186e-05,0.8685722351074219,13.112354,13.140666484832764
580,20.470988988876343,0.86894476,0.8686185479164124,5.504150612978265e-05,0.8685752153396606,13.105524,13.138145208358765
581,20.505996227264404,0.86894476,0.86866295337677,6.765384023310617e-05,0.8685964345932007,13.105524,13.133704662322998
582,20.537147521972656,0.8690275,0.8687170147895813,0.00010237906099064276,0.8686555624008179,13.09725,13.12829852104187
583,20.573335647583008,0.8692155,0.8687949180603027,0.00012945447815582156,0.8686598539352417,13.078451,13.120508193969727
584,20.608722686767578,0.8692155,0.8689140677452087,0.00010670890333130956,0.8687247037887573,13.078451,13.108593225479126
585,20.63796043395996,0.86922073,0.8690119385719299,7.285477477125823e-05,0.8689386248588562,13.077927,13.098806142807007
586,20.673160552978516,0.86931646,0.8690747618675232,7.388719677692279e-05,0.8689932227134705,13.068354,13.09252381324768
587,20.709752798080444,0.8693216,0.8691341876983643,6.843551091151312e-05,0.8690407276153564,13.067842,13.086581230163574
588,20.747519731521606,0.86937726,0.8692010045051575,5.78743165533524e-05,0.8691226840019226,13.062275,13.079899549484253
589,20.78365468978882,0.86945033,0.869256854057312,4.984898987459019e-05,0.8692092895507812,13.054967,13.074314594268799
590,20.81942343711853,0.86946696,0.8693050742149353,4.8119247367139906e-05,0.869240939617157,13.053304,13.06949257850647
591,20.855611085891724,0.8695362,0.8693506121635437,4.549369987216778e-05,0.8693047165870667,13.046378,13.06493878364563
592,20.89276146888733,0.86958355,0.8693910837173462,5.074550426797941e-05,0.8693321347236633,13.041645,13.06089162826538
593,20.929231882095337,0.8696752,0.8694408535957336,5.720897388528101e-05,0.8693777918815613,13.032478,13.055914640426636
594,20.965441942214966,0.8697695,0.8694957494735718,6.59164652461186e-05,0.8694307804107666,13.023048,13.050425052642822
595,21.001312017440796,0.8697695,0.8695470690727234,7.504975656047463e-05,0.8694669604301453,13.023048,13.045293092727661
596,21.032906770706177,0.8698319,0.8696180582046509,7.865751103963703e-05,0.8695277571678162,13.016808,13.038194179534912
597,21.071369886398315,0.86985296,0.8696895837783813,6.956532160984352e-05,0.8695893883705139,13.014704,13.031041622161865
598,21.105010747909546,0.8698699,0.8697537779808044,4.673691728385165e-05,0.8696930408477783,13.013011,13.024622201919556
599,21.14108681678772,0.86990356,0.8697971105575562,3.816241951426491e-05,0.869743824005127,13.009644,13.020288944244385
600,21.181384086608887,0.86991984,0.8698340058326721,2.660514110175427e-05,0.8697968125343323,13.008017,13.016599416732788
601,21.21740698814392,0.8699438,0.8698592185974121,2.5909919713740237e-05,0.8698297142982483,13.00562,13.014078140258789
602,21.253233432769775,0.8700046,0.8698840737342834,2.6990366677637212e-05,0.8698551058769226,12.99954,13.011592626571655
603,21.286853790283203,0.8700181,0.8699067234992981,2.722480712691322e-05,0.869874894618988,12.998188,13.00932765007019
604,21.322781085968018,0.8700576,0.8699305057525635,3.144318179693073e-05,0.869903564453125,12.994242,13.006949424743652
605,21.360069274902344,0.8700743,0.8699608445167542,3.9130962250055745e-05,0.8699179291725159,12.992573,13.003915548324585
606,21.395697116851807,0.8701275,0.8699973225593567,3.666501652332954e-05,0.8699468374252319,12.98725,13.000267744064331
607,21.43258833885193,0.8701275,0.8700313568115234,3.442300294409506e-05,0.8699890971183777,12.98725,12.996864318847656
608,21.461271286010742,0.8701574,0.8700647354125977,2.933378164016176e-05,0.8700293898582458,12.984258,12.993526458740234
609,21.49731993675232,0.8701574,0.8700903058052063,2.8390040824888274e-05,0.8700575828552246,12.984258,12.99096941947937
610,21.526244401931763,0.87021667,0.8701186776161194,1.96808668988524e-05,0.8700886964797974,12.978333,12.988132238388062
611,21.560062885284424,0.87025714,0.8701382875442505,2.659989877429325e-05,0.8701140284538269,12.974286,12.986171245574951
612,21.595314979553223,0.87026167,0.8701623678207397,3.604437006288208e-05,0.8701276779174805,12.973833,12.983763217926025
613,21.630506992340088,0.870307,0.870193362236023,3.880655640386976e-05,0.8701524138450623,12.969297,12.980663776397705
614,21.666627407073975,0.870307,0.8702310919761658,2.4341545213246718e-05,0.870186448097229,12.969297,12.976890802383423
615,21.695408582687378,0.8703496,0.8702556490898132,1.991510362131521e-05,0.8702270984649658,12.965041,12.974435091018677
616,21.730159044265747,0.87035924,0.8702713251113892,2.5083087166422047e-05,0.8702563643455505,12.964076,12.972867488861084
617,21.765671014785767,0.8703624,0.8702883720397949,3.3338466892018914e-05,0.8702602386474609,12.96376,12.971162796020508
618,21.80180859565735,0.87040067,0.8703145980834961,3.4118729672627524e-05,0.8702669143676758,12.959933,12.96854019165039
619,21.837771892547607,0.87040067,0.8703456521034241,1.813457129173912e-05,0.8703137636184692,12.959933,12.965434789657593
620,21.8684024810791,0.8704365,0.8703601360321045,1.4278056369221304e-05,0.8703480362892151,12.956351,12.96398639678955
621,21.905330657958984,0.8704365,0.8703711628913879,1.786176835594233e-05,0.870354175567627,12.956351,12.962883710861206
622,21.935147762298584,0.87050474,0.8703889846801758,2.6038247597170994e-05,0.870362401008606,12.949526,12.961101531982422
623,21.970954179763794,0.8706012,0.8704125881195068,3.426554394536652e-05,0.8703869581222534,12.939882,12.958741188049316
624,22.005095720291138,0.8706012,0.8704382181167603,4.238403926137835e-05,0.8703965544700623,12.939882,12.956178188323975
625,22.033535957336426,0.8706554,0.8704810738563538,4.242562499712221e-05,0.870428740978241,12.934458,12.951892614364624
626,22.070729970932007,0.8706786,0.8705164194107056,4.698425982496701e-05,0.8704727292060852,12.932139,12.948358058929443
627,22.108222246170044,0.870683,0.8705531358718872,5.893981870030984e-05,0.8705050945281982,12.931699,12.94468641281128
628,22.142844915390015,0.87082386,0.8706046342849731,5.969900303171016e-05,0.8705182671546936,12.917614,12.939536571502686
629,22.179911613464355,0.87082386,0.8706602454185486,2.6496101781958714e-05,0.8706377148628235,12.917614,12.933975458145142
630,22.207587242126465,0.8708618,0.8706815838813782,3.7522568163694814e-05,0.8706477880477905,12.913817,12.931841611862183
631,22.242884874343872,0.87086356,0.870705783367157,5.2059473091503605e-05,0.8706785440444946,12.913645,12.929421663284302
632,22.279953956604004,0.8708709,0.8707382082939148,7.028492109384388e-05,0.8706846833229065,12.912911,12.92617917060852
633,22.316094160079956,0.87089425,0.8707965612411499,7.089489372447133e-05,0.8706974387168884,12.910575,12.92034387588501
634,22.3514084815979,0.8710136,0.8708608150482178,1.7685342754703015e-05,0.870823860168457,12.898642,12.913918495178223
635,22.3879714012146,0.8710136,0.8708730936050415,2.1173946151975542e-05,0.8708616495132446,12.898642,12.91269063949585
636,22.41651463508606,0.8710481,0.8708885312080383,3.6178160371491686e-05,0.8708682656288147,12.895191,12.911146879196167
637,22.45229411125183,0.87106574,0.8709104657173157,5.184123074286617e-05,0.8708761930465698,12.893427,12.908953428268433
638,22.48790431022644,0.8710852,0.87094646692276,6.26847249804996e-05,0.870888352394104,12.891478,12.905353307723999
639,22.522789478302002,0.8710951,0.8710018396377563,5.188800787436776e-05,0.8709081411361694,12.890488,12.899816036224365
640,22.55875277519226,0.8711379,0.8710434436798096,2.236015279777348e-05,0.8710148930549622,12.886209,12.895655632019043
641,22.59646463394165,0.8711379,0.8710654377937317,2.1544563423958607e-05,0.8710383772850037,12.886209,12.893456220626831
642,22.6253080368042,0.87115407,0.8710871338844299,2.0724235582747497e-05,0.8710638284683228,12.884593,12.891286611557007
643,22.660010814666748,0.8711855,0.8711081147193909,2.1322028260328807e-05,0.8710834980010986,12.881452,12.889188528060913
644,22.695002794265747,0.8711926,0.87112957239151,1.903364318422973e-05,0.8711017370223999,12.880743,12.887042760848999
645,22.731425285339355,0.87121665,0.8711481690406799,1.6504762243130244e-05,0.8711271286010742,12.878334,12.885183095932007
646,22.767776489257812,0.8712287,0.8711643815040588,1.5957501091179438e-05,0.8711429834365845,12.8771305,12.883561849594116
647,22.803945302963257,0.8712449,0.871177613735199,1.660392626945395e-05,0.871161162853241,12.875509,12.882238626480103
648,22.84062099456787,0.8712571,0.87119060754776,1.7742213458404876e-05,0.8711720108985901,12.874288,12.880939245223999
649,22.87674593925476,0.8712572,0.8712074160575867,1.633917781873606e-05,0.8711854815483093,12.874281,12.879258394241333
650,22.91421341896057,0.8712702,0.8712232112884521,1.6755660908529535e-05,0.8712038993835449,12.872982,12.877678871154785
651,22.949723720550537,0.87129045,0.8712392449378967,1.6732397853047587e-05,0.8712166547775269,12.870955,12.876075506210327
652,22.985223054885864,0.8712987,0.8712555766105652,1.1486986295494717e-05,0.8712396025657654,12.870132,12.874442338943481
653,23.021398305892944,0.8713278,0.8712657690048218,1.3701806892640889e-05,0.8712533116340637,12.867218,12.873423099517822
654,23.05735182762146,0.8713373,0.871277928352356,1.603838973096572e-05,0.871259331703186,12.86627,12.872207164764404
655,23.0941903591156,0.87134767,0.871291995048523,1.6374518963857554e-05,0.8712739944458008,12.865233,12.870800495147705
656,23.131322622299194,0.87134975,0.8713062405586243,1.7202673916472122e-05,0.8712865114212036,12.865025,12.869375944137573
657,23.16465997695923,0.8714476,0.8713234663009644,1.6675454389769584e-05,0.8712992668151855,12.855238,12.867653369903564
658,23.200260162353516,0.8714835,0.8713378310203552,1.9067510947934352e-05,0.8713261485099792,12.851649,12.866216897964478
659,23.236009120941162,0.8714971,0.8713496923446655,3.0353663532878272e-05,0.8713346123695374,12.85029,12.865030765533447
660,23.271934509277344,0.8715001,0.8713682293891907,4.696271207649261e-05,0.8713409900665283,12.849993,12.863177061080933
661,23.30818271636963,0.87150335,0.8713963627815247,6.0613358073169366e-05,0.8713482618331909,12.849665,12.860363721847534
662,23.344372987747192,0.87150884,0.8714470863342285,5.5164997320389375e-05,0.8713541030883789,12.849116,12.855291366577148
663,23.38117790222168,0.8716597,0.8714942932128906,1.671402969805058e-05,0.8714503049850464,12.83403,12.850570678710938
664,23.416680335998535,0.8716597,0.8715050220489502,2.2859496311866678e-05,0.8714970946311951,12.83403,12.84949779510498
665,23.444437980651855,0.8716788,0.8715169429779053,3.861253208015114e-05,0.8715000152587891,12.832117,12.848305702209473
666,23.48064637184143,0.8716805,0.8715382218360901,5.5434076784877107e-05,0.871503472328186,12.83195,12.846177816390991
667,23.51661729812622,0.87169266,0.8715727925300598,6.757172377547249e-05,0.8715131878852844,12.830734,12.842720746994019
668,23.5531063079834,0.87169385,0.8716288208961487,5.5130461987573653e-05,0.871528148651123,12.830615,12.837117910385132
669,23.589698791503906,0.8717133,0.8716692924499512,1.3862068954040296e-05,0.8716521263122559,12.828672,12.833070755004883
670,23.62475872039795,0.8717177,0.8716831803321838,1.0882351489271969e-05,0.871665358543396,12.828231,12.831681966781616
671,23.660571098327637,0.8717402,0.871692955493927,9.86008581094211e-06,0.871680498123169,12.825977,12.8307044506073
672,23.69643473625183,0.8718872,0.8717032670974731,1.7677377400104888e-05,0.8716926574707031,12.811279,12.829673290252686
673,23.731260776519775,0.87199116,0.8717148303985596,3.0025883461348712e-05,0.8716995120048523,12.800884,12.828516960144043
674,23.76698875427246,0.87199116,0.871739387512207,5.990500721964054e-05,0.8717062473297119,12.800884,12.826061248779297
675,23.797226190567017,0.8720904,0.8717746734619141,8.356418402399868e-05,0.8717175722122192,12.79096,12.822532653808594
676,23.832276582717896,0.8720904,0.8718374371528625,0.00010113411553902552,0.8717349767684937,12.79096,12.816256284713745
677,23.862701654434204,0.8721541,0.8719247579574585,8.721538324607536e-05,0.8718054294586182,12.784588,12.80752420425415
678,23.899238348007202,0.8721672,0.8720083832740784,5.4748736147303134e-05,0.8719072937965393,12.7832775,12.799161672592163
679,23.935028791427612,0.8721721,0.8720500469207764,4.9669513828121126e-05,0.8720042705535889,12.782788,12.794995307922363
680,23.970752477645874,0.8722024,0.8720929622650146,5.169063661014661e-05,0.8720288276672363,12.77976,12.790703773498535
681,24.007431507110596,0.8722138,0.8721470236778259,3.2573629141552374e-05,0.8720864057540894,12.778622,12.785297632217407
682,24.043556451797485,0.8722906,0.8721768260002136,2.2686457668896765e-05,0.8721541166305542,12.770939,12.782317399978638
683,24.079967260360718,0.87230897,0.8721966743469238,2.8411854145815596e-05,0.8721705079078674,12.769103,12.780332565307617
684,24.117971181869507,0.8723232,0.8722192645072937,3.5494482290232554e-05,0.8721884489059448,12.767678,12.77807354927063
685,24.154474020004272,0.87232757,0.8722454309463501,3.905877747456543e-05,0.8722030520439148,12.767243,12.77545690536499
686,24.18899178504944,0.8723332,0.8722831010818481,2.781518196570687e-05,0.8722264170646667,12.766677,12.771689891815186
687,24.22464942932129,0.87240285,0.8723085522651672,1.5394789443234913e-05,0.872286856174469,12.759715,12.769144773483276
688,24.26004123687744,0.87240285,0.8723219633102417,1.5770308891660534e-05,0.8723064064979553,12.759715,12.76780366897583
689,24.289204597473145,0.87259763,0.8723354935646057,2.557376319600735e-05,0.8723187446594238,12.740236,12.766450643539429
690,24.324145793914795,0.87259763,0.8723517060279846,3.299398304079659e-05,0.8723294734954834,12.740236,12.764829397201538
691,24.354403018951416,0.8726225,0.8723750710487366,4.9409103667130694e-05,0.8723434209823608,12.737751,12.762492895126343
692,24.389955043792725,0.8726639,0.8724125623703003,6.578369357157499e-05,0.8723571300506592,12.733608,12.75874376296997
693,24.426623106002808,0.8727098,0.8724581003189087,8.310528210131451e-05,0.8724028468132019,12.729019,12.75418996810913
694,24.462615966796875,0.8727248,0.8725123405456543,0.00010370832751505077,0.8724188804626465,12.727523,12.74876594543457
695,24.498164176940918,0.87272984,0.8726089000701904,8.399118814850226e-05,0.8724460005760193,12.727016,12.739109992980957
696,24.534116983413696,0.8727888,0.8726776242256165,3.8094189221737906e-05,0.872619092464447,12.721121,12.732237577438354
697,24.569594144821167,0.87281084,0.872710108757019,2.3370159397018142e-05,0.8726875185966492,12.718916,12.728989124298096
698,24.606154203414917,0.87281865,0.8727276921272278,2.7484848033054732e-05,0.8727034330368042,12.718135,12.727230787277222
699,24.641847133636475,0.87283075,0.872748613357544,3.087991353822872e-05,0.8727186322212219,12.716925,12.725138664245605
700,24.678712844848633,0.87287945,0.8727754354476929,2.7795776986749843e-05,0.8727327585220337,12.712055,12.722456455230713
701,24.715595483779907,0.8728998,0.8728004693984985,2.0343761207186617e-05,0.8727787137031555,12.710023,12.719953060150146
702,24.750627994537354,0.8729308,0.8728176951408386,2.5525336241116747e-05,0.8727941513061523,12.706918,12.718230485916138
703,24.787205934524536,0.872942,0.8728400468826294,3.4009710361715406e-05,0.8728108406066895,12.705803,12.71599531173706
704,24.82230043411255,0.8730559,0.872868537902832,3.692326572490856e-05,0.8728281855583191,12.694412,12.713146209716797
705,24.85830521583557,0.8730695,0.8729022741317749,3.1296320230467245e-05,0.872857391834259,12.693048,12.70977258682251
706,24.895582675933838,0.8730699,0.8729299306869507,3.6101369914831594e-05,0.8728976249694824,12.693012,12.707006931304932
707,24.931381702423096,0.8730864,0.8729543685913086,4.3188458221266046e-05,0.8729218244552612,12.69136,12.70456314086914
708,24.967275857925415,0.8730982,0.8729798197746277,4.940524013363756e-05,0.8729380965232849,12.690181,12.702018022537231
709,25.001980304718018,0.87311554,0.8730169534683228,5.1388225983828306e-05,0.8729559779167175,12.688446,12.698304653167725
710,25.03906750679016,0.8731524,0.873067319393158,2.288144787598867e-05,0.8730044364929199,12.684763,12.693268060684204
711,25.075287580490112,0.87326366,0.8730876445770264,1.8554768757894635e-05,0.8730695247650146,12.673635,12.691235542297363
712,25.112823963165283,0.8733025,0.8731045722961426,3.364382791914977e-05,0.8730826377868652,12.669748,12.689542770385742
713,25.149580478668213,0.8733025,0.8731266856193542,4.8418627557111904e-05,0.8730953335762024,12.669748,12.687331438064575
714,25.178419828414917,0.8733414,0.8731604814529419,6.243871030164883e-05,0.873105525970459,12.665862,12.68395185470581
715,25.21524715423584,0.87347436,0.8732112646102905,7.010160334175453e-05,0.8731391429901123,12.652564,12.678873538970947
716,25.249297857284546,0.8735968,0.873282790184021,6.907732313266024e-05,0.8731755018234253,12.640322,12.6717209815979
717,25.285318613052368,0.87369263,0.8733478784561157,9.065266931429505e-05,0.8732703328132629,12.630737,12.665212154388428
718,25.321514129638672,0.8737295,0.8734210133552551,0.00011460453242762014,0.8733228445053101,12.627048,12.657898664474487
719,25.356985807418823,0.8738642,0.873527467250824,0.00012173745199106634,0.8733599185943604,12.613583,12.647253274917603
720,25.392975568771362,0.8739054,0.8736515641212463,9.043638419825584e-05,0.873511791229248,12.609458,12.634843587875366
721,25.428486108779907,0.8739688,0.873729407787323,7.773764809826389e-05,0.8736361861228943,12.603122,12.6270592212677
722,25.463878870010376,0.8739754,0.8737987279891968,7.705709140282124e-05,0.8736956119537354,12.602461,12.620127201080322
723,25.49887752532959,0.87403774,0.8738768100738525,5.2422034059418365e-05,0.8737926483154297,12.596226,12.612318992614746
724,25.53551435470581,0.8741356,0.873925507068634,4.589801392285153e-05,0.8738697171211243,12.586439,12.607449293136597
725,25.571062088012695,0.8741356,0.8739669919013977,4.4547025026986375e-05,0.8739165663719177,12.586439,12.60330080986023
726,25.601216554641724,0.87420696,0.874006450176239,4.811358667211607e-05,0.8739648461341858,12.579304,12.599354982376099
727,25.63712763786316,0.87432057,0.874049723148346,5.496114317793399e-05,0.873987078666687,12.567944,12.595027685165405
728,25.6726713180542,0.8743342,0.8741041421890259,6.566195952473208e-05,0.8740355372428894,12.566578,12.589585781097412
729,25.708087682724,0.8744254,0.8741632103919983,7.47936064726673e-05,0.8740867376327515,12.557459,12.583678960800171
730,25.744176864624023,0.87449664,0.8742339611053467,8.588739729020745e-05,0.8741397857666016,12.550336,12.576603889465332
731,25.784232139587402,0.87457514,0.8743197321891785,7.68353056628257e-05,0.8742069602012634,12.542486,12.568026781082153
732,25.822941541671753,0.87457514,0.8743942379951477,5.738326581194997e-05,0.8743203282356262,12.542486,12.56057620048523
733,25.871888637542725,0.8745782,0.8744463920593262,4.883597284788266e-05,0.8743877410888672,12.542182,12.555360794067383
734,25.91693615913391,0.8745868,0.8744919896125793,4.257655018591322e-05,0.8744329214096069,12.541318,12.550801038742065
735,25.954872131347656,0.8746296,0.8745321035385132,3.4399381547700614e-05,0.8744849562644958,12.537039,12.546789646148682
736,25.993731260299683,0.8746477,0.8745667934417725,2.574916106823366e-05,0.8745284676551819,12.535233,12.543320655822754
737,26.029447317123413,0.8747923,0.8745908737182617,2.4052256776485592e-05,0.8745737671852112,12.520772,12.540912628173828
738,26.064951419830322,0.8748088,0.8746076822280884,3.045680387003813e-05,0.8745817542076111,12.519121,12.539231777191162
739,26.101723670959473,0.8748088,0.8746317625045776,4.1117782529909164e-05,0.8746025562286377,12.519121,12.536823749542236
740,26.1333327293396,0.8748492,0.8746585845947266,5.622719254461117e-05,0.8746204376220703,12.5150795,12.534141540527344
741,26.169538259506226,0.87489146,0.8746930360794067,7.194423233158886e-05,0.8746399283409119,12.510854,12.530696392059326
742,26.20716619491577,0.87489146,0.874739944934845,8.130953210638836e-05,0.8746563196182251,12.510854,12.526005506515503
743,26.235416889190674,0.87506723,0.8748255372047424,4.780958261108026e-05,0.8746702671051025,12.493277,12.517446279525757
744,26.272513389587402,0.8750673,0.8748648762702942,4.990445449948311e-05,0.874821662902832,12.493271,12.513512372970581
745,26.30933117866516,0.8750752,0.8749015927314758,6.874142854940146e-05,0.8748496174812317,12.492477,12.509840726852417
746,26.34567403793335,0.8752371,0.8749512434005737,8.251453255070373e-05,0.8748770952224731,12.47629,12.504875659942627
747,26.381263971328735,0.8752371,0.8750224113464355,6.865253089927137e-05,0.874891459941864,12.47629,12.497758865356445
748,26.41031503677368,0.8752371,0.8750680088996887,2.5583411115803756e-05,0.8750432729721069,12.47629,12.493199110031128
749,26.43933367729187,0.87523764,0.8750840425491333,4.005110531579703e-05,0.8750672340393066,12.476235,12.49159574508667
750,26.474977254867554,0.8753938,0.8751031756401062,5.7410488807363436e-05,0.8750731348991394,12.460619,12.48968243598938
751,26.5118727684021,0.87541354,0.8751447200775146,8.215631532948464e-05,0.8750775456428528,12.458647,12.485527992248535
752,26.545167207717896,0.87545204,0.8752202391624451,7.60194452595897e-05,0.8751037120819092,12.454796,12.477976083755493
753,26.581778049468994,0.87545204,0.8752847909927368,6.944030610611662e-05,0.8752301931381226,12.454796,12.471520900726318
754,26.612614393234253,0.87546927,0.8753464221954346,7.038830517558381e-05,0.8752503395080566,12.4530735,12.465357780456543
755,26.648565769195557,0.8754732,0.8754127621650696,2.4160981411114335e-05,0.8753650188446045,12.45268,12.458723783493042
756,26.68524694442749,0.8754732,0.8754336833953857,1.7968342945096083e-05,0.8754079937934875,12.45268,12.456631660461426
757,26.715596199035645,0.87550604,0.8754504919052124,1.2113459888496436e-05,0.875434160232544,12.449396,12.45495080947876
758,26.75253200531006,0.875527,0.8754611611366272,1.1844514119729865e-05,0.8754499554634094,12.447298,12.45388388633728
759,26.790162324905396,0.8755461,0.875472903251648,1.5813282516319305e-05,0.8754559755325317,12.445391,12.452709674835205
760,26.826791048049927,0.8755715,0.8754845857620239,2.4382921765209176e-05,0.8754692673683167,12.442851,12.451541423797607
761,26.865692377090454,0.87557703,0.8755016922950745,3.226781336707063e-05,0.8754732012748718,12.442297,12.449830770492554
762,26.902933597564697,0.8756174,0.8755295872688293,2.8501801352831535e-05,0.8754805326461792,12.438261,12.447041273117065
763,26.939353704452515,0.8756339,0.8755556344985962,2.1941217710264027e-05,0.8755289316177368,12.43661,12.44443655014038
764,26.976114749908447,0.87563837,0.875575065612793,2.1819187168148346e-05,0.8755501508712769,12.436163,12.442493438720703
765,27.0116126537323,0.8756621,0.8755943179130554,2.4498884158674628e-05,0.8755633234977722,12.433791,12.440568208694458
766,27.04898476600647,0.8756908,0.8756206631660461,1.9983153833891265e-05,0.875588059425354,12.430918,12.437933683395386
767,27.084187030792236,0.875737,0.8756394386291504,2.2401287424145266e-05,0.8756182789802551,12.426299,12.436056137084961
768,27.119356632232666,0.8757397,0.875657320022583,2.7857660825247876e-05,0.875629723072052,12.426031,12.4342679977417
769,27.15648365020752,0.8758211,0.875682532787323,3.127400850644335e-05,0.8756424188613892,12.417889,12.4317467212677
770,27.195305585861206,0.87589544,0.8757137060165405,4.0641323721501976e-05,0.8756794333457947,12.410456,12.428629398345947
771,27.23416519165039,0.87590015,0.8757435083389282,4.924686800222844e-05,0.8756950497627258,12.409985,12.425649166107178
772,27.271109104156494,0.8759134,0.875783383846283,5.142990994499996e-05,0.8757335543632507,12.408662,12.421661615371704
773,27.307283401489258,0.87593156,0.8758313059806824,4.559936132864095e-05,0.8757648468017578,12.406844,12.416869401931763
774,27.343101024627686,0.87598795,0.8758770823478699,2.997010415128898e-05,0.8758271932601929,12.401205,12.412291765213013
775,27.37829089164734,0.8760293,0.8759057521820068,2.566252078395337e-05,0.8758782744407654,12.397069,12.409424781799316
776,27.414291858673096,0.8760293,0.87593013048172,2.7585250791162252e-05,0.8758955597877502,12.397069,12.406986951828003
777,27.443527460098267,0.8760386,0.8759552240371704,3.0447121389443055e-05,0.8759222626686096,12.396139,12.404477596282959
778,27.48026466369629,0.87604725,0.8759827613830566,2.5161010853480548e-05,0.8759497404098511,12.395275,12.401723861694336
779,27.517127513885498,0.8760722,0.8760052919387817,2.341735307709314e-05,0.8759753108024597,12.392777,12.399470806121826
780,27.55027413368225,0.87608004,0.8760291934013367,1.5221450667013414e-05,0.8760040998458862,12.391996,12.397080659866333
781,27.585577726364136,0.876106,0.8760414719581604,1.687485200818628e-05,0.8760293126106262,12.389398,12.39585280418396
782,27.62106227874756,0.8761128,0.8760555982589722,1.9370190784684382e-05,0.8760309219360352,12.388718,12.394440174102783
783,27.656959772109985,0.876172,0.876075267791748,1.7437127098673955e-05,0.8760478496551514,12.382799,12.392473220825195
784,27.693198680877686,0.876172,0.8760890364646912,2.2094796804594807e-05,0.8760719895362854,12.382799,12.391096353530884
785,27.725260496139526,0.8761751,0.8761089444160461,2.6214838726446033e-05,0.8760800361633301,12.382489,12.389105558395386
786,27.762657403945923,0.87621444,0.8761345744132996,2.1169238607399166e-05,0.8761011958122253,12.378555,12.386542558670044
787,27.800934553146362,0.8762199,0.8761539459228516,1.8125601854990236e-05,0.8761347532272339,12.378007,12.384605407714844
788,27.839775562286377,0.87623435,0.8761693239212036,2.1135909264557995e-05,0.8761472105979919,12.376565,12.383067607879639
789,27.879188776016235,0.8762746,0.8761886954307556,2.13045823329594e-05,0.876165509223938,12.372541,12.381130456924438
790,27.91908884048462,0.8762971,0.876209557056427,2.3147960746427998e-05,0.8761803507804871,12.370289,12.3790442943573
791,27.955348253250122,0.87641454,0.8762317299842834,2.684922219486907e-05,0.8762058615684509,12.358546,12.376827001571655
792,27.992761373519897,0.8764236,0.8762553334236145,3.54276126017794e-05,0.8762246966362,12.35764,12.37446665763855
793,28.03020191192627,0.8764756,0.8762868642807007,4.673885996453464e-05,0.8762426972389221,12.352443,12.371313571929932
794,28.066404819488525,0.87649286,0.876322865486145,5.634489207295701e-05,0.8762736320495605,12.350714,12.367713451385498
795,28.103321313858032,0.87652075,0.876365602016449,6.986867811065167e-05,0.8763010501861572,12.347925,12.363439798355103
796,28.13860559463501,0.87657344,0.8764291405677795,5.7271416153525934e-05,0.8763254880905151,12.342655,12.357085943222046
797,28.174213647842407,0.8766216,0.8764809370040894,3.541560363373719e-05,0.8764249086380005,12.337839,12.351906299591064
798,28.210750818252563,0.8766216,0.8765116333961487,2.728700746956747e-05,0.8764846324920654,12.337839,12.348836660385132
799,28.240023374557495,0.8766829,0.8765345811843872,3.082413240917958e-05,0.8765036463737488,12.331713,12.34654188156128
800,28.275579690933228,0.8767359,0.8765642642974854,3.960239700973034e-05,0.8765208721160889,12.326407,12.343573570251465
801,28.311405420303345,0.87675357,0.8765979409217834,4.7261917643481866e-05,0.8765553832054138,12.324643,12.340205907821655
802,28.349773645401,0.87684023,0.876636266708374,5.876764771528542e-05,0.8765740394592285,12.315977,12.336373329162598
803,28.38459038734436,0.87685555,0.8766962289810181,4.9208643758902326e-05,0.8766216039657593,12.314445,12.330377101898193
804,28.42080044746399,0.87686694,0.8767426013946533,4.511390579864383e-05,0.876691460609436,12.313307,12.325739860534668
805,28.45428991317749,0.8768805,0.8767814636230469,4.462298966245726e-05,0.8767359256744385,12.311947,12.321853637695312
806,28.489755630493164,0.87688154,0.8768182992935181,4.1695071558933705e-05,0.8767550587654114,12.311846,12.318170070648193
807,28.526519298553467,0.87690455,0.8768585920333862,1.3264758308650926e-05,0.876839280128479,12.3095455,12.314140796661377
808,28.5628023147583,0.87690455,0.8768702149391174,1.0034253136836924e-05,0.8768565654754639,12.3095455,12.312978506088257
809,28.590534448623657,0.87690455,0.8768787384033203,1.0672871212591417e-05,0.8768669962882996,12.3095455,12.312126159667969
810,28.618727207183838,0.8769285,0.8768875002861023,1.1891820577147882e-05,0.8768750429153442,12.307149,12.31124997138977
811,28.654566287994385,0.8769285,0.8768997192382812,9.909459549817257e-06,0.8768815398216248,12.307149,12.310028076171875
812,28.683985233306885,0.87692857,0.876908004283905,7.835028554836754e-06,0.8769027590751648,12.307143,12.309199571609497
813,28.71881937980652,0.8770904,0.8769131302833557,1.5474832252948545e-05,0.8769044876098633,12.29096,12.308686971664429
814,28.753458976745605,0.87710065,0.8769248723983765,2.6989559046342038e-05,0.8769048452377319,12.289935,12.307512760162354
815,28.787036180496216,0.8771138,0.8769412040710449,4.1567152948118746e-05,0.876920759677887,12.288618,12.305879592895508
816,28.823380708694458,0.87712735,0.8769602179527283,6.264699186431244e-05,0.8769285082817078,12.287265,12.303978204727173
817,28.859622478485107,0.87713814,0.8769960999488831,7.882496720412746e-05,0.876929521560669,12.286186,12.300390005111694
818,28.89631962776184,0.87720394,0.8770566582679749,7.684432057430968e-05,0.8769429922103882,12.279606,12.294334173202515
819,28.93419337272644,0.87722725,0.8771196603775024,1.944196264958009e-05,0.877094030380249,12.277275,12.288033962249756
820,28.971219301223755,0.87722725,0.8771346211433411,2.6947142032440752e-05,0.8771138191223145,12.277275,12.286537885665894
821,29.00135827064514,0.87723696,0.8771536946296692,3.840294448309578e-05,0.8771267533302307,12.276304,12.284630537033081
822,29.036730527877808,0.877259,0.8771848082542419,4.0734568756306544e-05,0.8771286010742188,12.274098,12.281519174575806
823,29.072416305541992,0.8773201,0.8772239685058594,1.1844751497847028e-05,0.8772118091583252,12.267989,12.277603149414062
824,29.109925985336304,0.8773324,0.8772347569465637,2.0635188775486313e-05,0.8772262930870056,12.266761,12.276524305343628
825,29.14706516265869,0.87733364,0.8772447109222412,3.042984644707758e-05,0.8772276043891907,12.266636,12.275528907775879
826,29.18360733985901,0.8773499,0.8772630095481873,3.859521166305058e-05,0.8772296905517578,12.265009,12.273699045181274
827,29.22004008293152,0.8773521,0.877295196056366,3.676576670841314e-05,0.8772386312484741,12.264788,12.270480394363403
828,29.257128715515137,0.8773855,0.8773278594017029,9.9602166301338e-06,0.8773170113563538,12.26145,12.267214059829712
829,29.292978763580322,0.87743664,0.8773362636566162,1.4591081708204001e-05,0.8773229122161865,12.256336,12.266373634338379
830,29.32893180847168,0.87743664,0.8773462772369385,2.1206737073953263e-05,0.8773323893547058,12.256336,12.265372276306152
831,29.357818365097046,0.87745637,0.8773618340492249,2.837949250533711e-05,0.8773339986801147,12.254363,12.263816595077515
832,29.392751455307007,0.8774678,0.877385675907135,3.557045056368224e-05,0.8773552179336548,12.253219,12.261432409286499
833,29.428687572479248,0.8774904,0.8774186968803406,3.367592944414355e-05,0.8773635625839233,12.250959,12.258130311965942
834,29.46480703353882,0.87750113,0.8774484992027283,1.5912362869130448e-05,0.8774281144142151,12.249887,12.255150079727173
835,29.499642610549927,0.87750113,0.8774632811546326,1.4555497727997135e-05,0.8774381875991821,12.249887,12.253671884536743
836,29.52833127975464,0.8776132,0.877476155757904,1.76945686689578e-05,0.8774599432945251,12.238682,12.252384424209595
837,29.564480781555176,0.8776492,0.8774926662445068,2.2687318050884642e-05,0.8774681091308594,12.235081,12.250733375549316
838,29.599956512451172,0.87766045,0.8775081038475037,3.112052581855096e-05,0.8774895668029785,12.233954,12.249189615249634
839,29.63760209083557,0.87770456,0.8775306940078735,4.231775528751314e-05,0.877496600151062,12.229544,12.246930599212646
840,29.676814556121826,0.8777168,0.8775665760040283,4.992319009033963e-05,0.8775157928466797,12.228322,12.243342399597168
841,29.714675903320312,0.87777376,0.8776107430458069,4.873354555456899e-05,0.8775455355644226,12.222624,12.238925695419312
842,29.751619338989258,0.8778036,0.8776594996452332,4.089337380719371e-05,0.877610445022583,12.219638,12.234050035476685
843,29.788665056228638,0.8778471,0.8776962757110596,4.119274308322929e-05,0.8776500821113586,12.215292,12.230372428894043
844,29.825300216674805,0.8779045,0.877734899520874,4.736233677249402e-05,0.8776921033859253,12.209553,12.226510047912598
845,29.865082502365112,0.8779112,0.8777774572372437,5.033457637182437e-05,0.8777133822441101,12.208879,12.222254276275635
846,29.90356731414795,0.8779298,0.8778216242790222,3.703690890688449e-05,0.8777672648429871,12.20702,12.217837572097778
847,29.940088033676147,0.87808245,0.877855658531189,4.222384450258687e-05,0.8778131604194641,12.191754,12.214434146881104
848,29.97569704055786,0.8780937,0.8778891563415527,5.350513674784452e-05,0.877846360206604,12.190628,12.211084365844727
849,30.011579275131226,0.8780941,0.8779315948486328,6.387030589394271e-05,0.8778753280639648,12.190592,12.206840515136719
850,30.047260761260986,0.8781183,0.8779857754707336,7.189205643953755e-05,0.8779051303863525,12.188172,12.201422452926636
851,30.082748889923096,0.8781203,0.8780593872070312,3.298646697658114e-05,0.8779586553573608,12.187969,12.194061279296875
852,30.117890119552612,0.8781275,0.8780876398086548,1.569732376083266e-05,0.8780616521835327,12.187248,12.191236019134521
853,30.15381622314453,0.8781275,0.878100574016571,1.0634664249664638e-05,0.8780878782272339,12.187248,12.189942598342896
854,30.183460474014282,0.87816185,0.8781102895736694,1.2127997251809575e-05,0.8780940771102905,12.183815,12.188971042633057
855,30.21878218650818,0.87816185,0.8781213760375977,9.493307516095228e-06,0.8781161308288574,12.183815,12.187862396240234
856,30.247292041778564,0.8781978,0.8781284689903259,1.4659771295555402e-05,0.8781172037124634,12.180222,12.187153100967407
857,30.283299922943115,0.8781978,0.8781400918960571,1.6384752598241903e-05,0.8781203031539917,12.180222,12.185990810394287
858,30.31220769882202,0.8781978,0.878156304359436,1.2109323506592773e-05,0.8781339526176453,12.180222,12.184369564056396
859,30.33956027030945,0.87823844,0.8781663775444031,1.6603600670350716e-05,0.8781556487083435,12.176156,12.183362245559692
860,30.374839544296265,0.87826246,0.8781785368919373,2.425416823825799e-05,0.8781594634056091,12.173754,12.182146310806274
861,30.41010570526123,0.8782643,0.8781989216804504,2.7306836273055524e-05,0.8781633377075195,12.173569,12.180107831954956
862,30.445891618728638,0.87836945,0.8782209753990173,2.8975799068575725e-05,0.8781853914260864,12.163055,12.177902460098267
863,30.481767177581787,0.87836945,0.8782479166984558,1.771659663063474e-05,0.8782179951667786,12.163055,12.175208330154419
864,30.510534048080444,0.8785262,0.8782626390457153,2.8720012778649107e-05,0.8782405853271484,12.147379,12.173736095428467
865,30.54501247406006,0.8785262,0.8782805800437927,4.268490010872483e-05,0.8782601356506348,12.147379,12.171941995620728
866,30.57411766052246,0.87855464,0.8783078193664551,6.755956565029919e-05,0.8782639503479004,12.144536,12.169218063354492
867,30.608083486557007,0.8785716,0.8783533573150635,8.092694770311937e-05,0.8782836198806763,12.142838,12.164664268493652
868,30.642770290374756,0.8785716,0.8784220218658447,8.002641698112711e-05,0.8783175349235535,12.142838,12.157797813415527
869,30.6707763671875,0.8785745,0.8784943222999573,4.922395237372257e-05,0.8783906698226929,12.142551,12.150567770004272
870,30.706849575042725,0.878598,0.8785369396209717,1.8442315194988623e-05,0.8785132169723511,12.1402025,12.146306037902832
871,30.742924451828003,0.87860584,0.8785526752471924,1.8978287698701024e-05,0.8785262703895569,12.139416,12.144732475280762
872,30.779945373535156,0.87861997,0.8785691261291504,1.5105157217476517e-05,0.87855464220047,12.138003,12.143087387084961
873,30.815490007400513,0.8786263,0.8785834908485413,1.4324702533485834e-05,0.8785653114318848,12.137371,12.141650915145874
874,30.853328466415405,0.87865,0.8785963654518127,1.254509697901085e-05,0.8785744905471802,12.134999,12.140363454818726
875,30.88856291770935,0.8786627,0.8786076903343201,1.5601075574522838e-05,0.8785966634750366,12.13373,12.139230966567993
876,30.9250910282135,0.87867045,0.8786198496818542,1.9881355910911225e-05,0.8785983324050903,12.132955,12.138015031814575
877,30.961770057678223,0.8786825,0.8786389231681824,1.739753679430578e-05,0.8786123991012573,12.13175,12.136107683181763
878,30.99768304824829,0.8786956,0.878655731678009,1.029383474815404e-05,0.8786373138427734,12.13044,12.134426832199097
879,31.0348858833313,0.878734,0.8786647915840149,1.2156502634752542e-05,0.8786513209342957,12.1266,12.13352084159851
880,31.070714473724365,0.87875843,0.8786763548851013,1.5137306945689488e-05,0.878664493560791,12.124157,12.132364511489868
881,31.10701823234558,0.87880886,0.8786885142326355,2.4453380319755524e-05,0.8786704540252686,12.119114,12.13114857673645
882,31.1462504863739,0.87880886,0.8787098526954651,2.8543123335111886e-05,0.8786746859550476,12.119114,12.129014730453491
883,31.17536163330078,0.8788479,0.8787357807159424,3.032065615116153e-05,0.8787107467651367,12.115211,12.126421928405762
884,31.21185278892517,0.8788909,0.878761351108551,3.931562969228253e-05,0.8787188529968262,12.110912,12.123864889144897
885,31.248220682144165,0.87891877,0.8787973523139954,3.8479218346765265e-05,0.8787544369697571,12.108124,12.120264768600464
886,31.285204887390137,0.878964,0.8788347244262695,3.558938988135196e-05,0.878796398639679,12.1036,12.116527557373047
887,31.320890426635742,0.8789878,0.8788701891899109,3.3108786738011986e-05,0.8788222074508667,12.101221,12.112981081008911
888,31.360069751739502,0.8790809,0.8789020776748657,3.619939525378868e-05,0.8788559436798096,12.091911,12.109792232513428
889,31.395105838775635,0.8790809,0.8789373636245728,3.958793604397215e-05,0.878890872001648,12.091911,12.106263637542725
890,31.422898292541504,0.8790975,0.878974199295044,4.365845597931184e-05,0.8789271116256714,12.090248,12.102580070495605
891,31.458058834075928,0.87917423,0.8790190815925598,4.5545733883045614e-05,0.8789676427841187,12.082577,12.098091840744019
892,31.494230031967163,0.8791814,0.8790618181228638,4.284629540052265e-05,0.8790043592453003,12.0818615,12.093818187713623
893,31.530742168426514,0.87923884,0.879102349281311,3.72541653632652e-05,0.8790603876113892,12.076116,12.089765071868896
894,31.56775140762329,0.8792405,0.8791364431381226,3.654066676972434e-05,0.8790878653526306,12.075949,12.086355686187744
895,31.602894067764282,0.87925047,0.8791713714599609,2.507119279471226e-05,0.8791354298591614,12.074953,12.082862854003906
896,31.637667655944824,0.87926865,0.8791913986206055,2.837795182131231e-05,0.8791669011116028,12.073135,12.080860137939453
897,31.67789602279663,0.8792928,0.8792172074317932,2.8998410925851204e-05,0.8791759610176086,12.070722,12.078279256820679
898,31.7142436504364,0.8792951,0.8792441487312317,1.2019441783195361e-05,0.8792318105697632,12.070489,12.075585126876831
899,31.75102734565735,0.87930334,0.879252552986145,1.494584466854576e-05,0.8792421817779541,12.069666,12.074744701385498
900,31.786024808883667,0.8793534,0.8792642951011658,1.969727782125119e-05,0.8792483806610107,12.064659,12.073570489883423
901,31.821235418319702,0.8793534,0.8792821168899536,2.2910058760317042e-05,0.8792508840560913,12.064659,12.071788311004639
902,31.851457118988037,0.87936616,0.879302442073822,2.080186277453322e-05,0.8792804479598999,12.063384,12.069755792617798
903,31.886816024780273,0.87945735,0.8793202042579651,2.3306545699597336e-05,0.8792951107025146,12.054264,12.067979574203491
904,31.922155380249023,0.87945735,0.8793404698371887,2.0206412955303676e-05,0.8793081641197205,12.054264,12.065953016281128
905,31.95271396636963,0.8795043,0.8793576955795288,2.3491678803111427e-05,0.8793379664421082,12.049568,12.06423044204712
906,31.988471508026123,0.8795438,0.8793773651123047,3.5288183426018804e-05,0.8793498277664185,12.045622,12.062263488769531
907,32.02427387237549,0.8795603,0.879406750202179,4.5746190153295174e-05,0.8793626427650452,12.043971,12.059324979782104
908,32.05879354476929,0.8795764,0.8794394135475159,5.458858868223615e-05,0.8793922662734985,12.042361,12.056058645248413
909,32.09411025047302,0.8796091,0.8794904351234436,4.9020334699889645e-05,0.8794034719467163,12.039089,12.05095648765564
910,32.131568908691406,0.8796206,0.8795359134674072,3.005736471095588e-05,0.8794886469841003,12.037939,12.046408653259277
911,32.16840314865112,0.8796495,0.8795616626739502,2.069141555693932e-05,0.8795283436775208,12.035048,12.04383373260498
912,32.20324635505676,0.87965155,0.8795776963233948,2.1889753043069504e-05,0.8795602321624756,12.034845,12.042230367660522
913,32.23997521400452,0.8797035,0.8795952796936035,2.4503360691596754e-05,0.8795692920684814,12.029648,12.040472030639648
914,32.274121046066284,0.8797411,0.8796197175979614,2.4297205527545884e-05,0.8795995116233826,12.025892,12.038028240203857
915,32.30938005447388,0.87977743,0.8796417713165283,3.3334075851598755e-05,0.8796116709709167,12.022257,12.035822868347168
916,32.34423470497131,0.8798705,0.8796760439872742,4.06859144277405e-05,0.8796365261077881,12.012953,12.032395601272583
917,32.37993240356445,0.8798705,0.8797115683555603,4.779623850481585e-05,0.879658579826355,12.012953,12.02884316444397
918,32.40903329849243,0.87987477,0.8797573447227478,4.299467400414869e-05,0.8796975016593933,12.012524,12.02426552772522
919,32.444456577301025,0.8799711,0.8797980546951294,3.9169990486698225e-05,0.8797410726547241,12.002892,12.02019453048706
920,32.48248529434204,0.88001025,0.8798351883888245,4.561687455861829e-05,0.8797846436500549,11.998976,12.016481161117554
921,32.517680406570435,0.88007313,0.8798733949661255,5.167562994756736e-05,0.8798204660415649,11.992687,12.012660503387451
922,32.55366826057434,0.88007313,0.8799182176589966,4.96973552799318e-05,0.8798704743385315,11.992687,12.008178234100342
923,32.580103397369385,0.88011605,0.8799663186073303,4.200828698230907e-05,0.8799054026603699,11.988396,12.003368139266968
924,32.616629123687744,0.88011605,0.8800024390220642,3.519125675666146e-05,0.8799670338630676,11.988396,11.999756097793579
925,32.64519119262695,0.88011605,0.8800349831581116,3.156368984491564e-05,0.8799968957901001,11.988396,11.996501684188843
926,32.67363882064819,0.88011605,0.8800624012947083,2.910981493187137e-05,0.8800217509269714,11.988396,11.993759870529175
927,32.702836990356445,0.8801312,0.8800869584083557,2.2090400307206437e-05,0.8800644874572754,11.986881,11.991304159164429
928,32.73851132392883,0.88014233,0.8801061511039734,1.7295389625360258e-05,0.8800731301307678,11.985767,11.989384889602661
929,32.775063276290894,0.8802337,0.8801189661026001,9.57604333962081e-06,0.8801160454750061,11.976629,11.98810338973999
930,32.80999827384949,0.88023543,0.8801233172416687,1.747518945194315e-05,0.8801160454750061,11.976457,11.98766827583313
931,32.84564995765686,0.880263,0.8801342844963074,2.8899354219902307e-05,0.8801160454750061,11.973703,11.986571550369263
932,32.881874084472656,0.8802894,0.8801548480987549,4.324426481616683e-05,0.8801268339157104,11.971063,11.984515190124512
933,32.91792368888855,0.8803928,0.8801873326301575,5.470825999509543e-05,0.8801341652870178,11.960721,11.981266736984253
934,32.95358061790466,0.8803928,0.8802376389503479,4.94701525894925e-05,0.880151629447937,11.960721,11.97623610496521
935,32.98328375816345,0.8803928,0.8802804350852966,3.212651427020319e-05,0.8802580833435059,11.960721,11.971956491470337
936,33.011961221694946,0.8803945,0.8803025484085083,3.8857917388668284e-05,0.8802642822265625,11.960548,11.96974515914917
937,33.04774761199951,0.8804547,0.8803333044052124,4.543597242445685e-05,0.8802893757820129,11.954528,11.96666955947876
938,33.0830979347229,0.8804547,0.8803765773773193,3.517440563882701e-05,0.8803057670593262,11.954528,11.962342262268066
939,33.113014221191406,0.8804583,0.8804041743278503,1.8504219042370096e-05,0.880390465259552,11.95417,11.959582567214966
940,33.14971446990967,0.8804583,0.8804163932800293,2.0874314941465855e-05,0.8803927898406982,11.95417,11.95836067199707
941,33.179102182388306,0.8805192,0.8804352283477783,1.732515374897048e-05,0.8804166913032532,11.948079,11.956477165222168
942,33.21588110923767,0.8805468,0.8804519772529602,1.5506995623582043e-05,0.8804284930229187,11.945319,11.95480227470398
943,33.25362277030945,0.88055754,0.880462646484375,2.0727355149574578e-05,0.8804547190666199,11.944246,11.9537353515625
944,33.28850531578064,0.8805615,0.8804730176925659,3.118153108516708e-05,0.8804556727409363,11.943853,11.952698230743408
945,33.325587034225464,0.8805641,0.880492091178894,4.138112490181811e-05,0.8804582953453064,11.94359,11.950790882110596
946,33.361377000808716,0.88063765,0.8805304765701294,3.4535329177742824e-05,0.8804602026939392,11.936235,11.94695234298706
947,33.39720821380615,0.88063765,0.8805602192878723,1.643860559852328e-05,0.8805317878723145,11.936235,11.943978071212769
948,33.42642426490784,0.88067114,0.8805708289146423,2.2198353690328076e-05,0.8805582523345947,11.932886,11.942917108535767
949,33.46328377723694,0.8806983,0.8805842399597168,3.4347831388004124e-05,0.8805614709854126,11.930168,11.94157600402832
950,33.50042653083801,0.8807553,0.8806104063987732,4.2532563384156674e-05,0.8805640935897827,11.924469,11.93895936012268
951,33.53607964515686,0.8807692,0.8806487917900085,4.064834865857847e-05,0.8806037902832031,11.92308,11.935120820999146
952,33.571895122528076,0.88079345,0.8806847333908081,4.0061993786366656e-05,0.8806375861167908,11.920654,11.93152666091919
953,33.608691453933716,0.8808364,0.8807209134101868,3.2848012779140845e-05,0.8806875348091125,11.916357,11.927908658981323
954,33.64466595649719,0.88085574,0.880748987197876,3.175127858412452e-05,0.8807001113891602,11.914426,11.925101280212402
955,33.680116415023804,0.88085574,0.8807775974273682,3.002642006322276e-05,0.8807455897331238,11.914426,11.922240257263184
956,33.70922636985779,0.8808559,0.8808017373085022,2.800576839945279e-05,0.8807689547538757,11.914408,11.91982626914978
957,33.74363565444946,0.8808748,0.8808261752128601,1.627383244340308e-05,0.8808107376098633,11.9125185,11.91738247871399
958,33.779666900634766,0.88087916,0.8808395266532898,1.5964700651238672e-05,0.8808174133300781,11.912084,11.91604733467102
959,33.81522178649902,0.88088244,0.8808549642562866,1.0701996870920993e-05,0.8808364272117615,11.911756,11.914503574371338
960,33.85286092758179,0.8808923,0.8808631300926208,8.868063559930306e-06,0.8808557391166687,11.910772,11.913686990737915
961,33.89005374908447,0.8810041,0.880870521068573,1.2607240023498889e-05,0.8808600902557373,11.8995905,11.9129478931427
962,33.926191568374634,0.8810041,0.8808808326721191,1.7462813048041426e-05,0.8808692693710327,11.8995905,11.911916732788086
963,33.955195903778076,0.88104445,0.8808930516242981,3.271197056164965e-05,0.8808770179748535,11.8955555,11.91069483757019
964,33.992188692092896,0.88104445,0.8809092044830322,4.384495332487859e-05,0.8808824419975281,11.8955555,11.909079551696777
965,34.02102732658386,0.88104445,0.8809369206428528,5.075146327726543e-05,0.8808922171592712,11.8955555,11.906307935714722
966,34.04956030845642,0.8810543,0.880982518196106,3.879642463289201e-05,0.8809139728546143,11.894571,11.901748180389404
967,34.083606243133545,0.88106346,0.881017804145813,1.7025933630065992e-05,0.8809964656829834,11.893654,11.898219585418701
968,34.11794686317444,0.88106346,0.8810334801673889,1.2935635822941549e-05,0.8810072541236877,11.893654,11.896651983261108
969,34.14779543876648,0.88106346,0.8810460567474365,6.309713171503972e-06,0.8810349106788635,11.893654,11.895394325256348
970,34.177120208740234,0.88107276,0.8810498714447021,6.78340211379691e-06,0.8810444474220276,11.892724,11.895012855529785
971,34.212210178375244,0.881084,0.8810561895370483,6.96816550771473e-06,0.8810463547706604,11.891598,11.894381046295166
972,34.24625873565674,0.8810867,0.8810624480247498,6.989260327827651e-06,0.8810542821884155,11.891329,11.893755197525024
973,34.28304100036621,0.8810912,0.8810686469078064,6.536215096275555e-06,0.8810634613037109,11.8908825,11.89313530921936
974,34.3177375793457,0.8810912,0.8810735940933228,6.461959856096655e-06,0.8810653686523438,11.8908825,11.892640590667725
975,34.34588599205017,0.88111365,0.8810792565345764,7.411160822812235e-06,0.8810733556747437,11.888636,11.892074346542358
976,34.38376188278198,0.881125,0.8810862898826599,9.984913958760444e-06,0.8810752630233765,11.887503,11.891371011734009
977,34.41797685623169,0.88113654,0.8810950517654419,1.129262636823114e-05,0.881084680557251,11.886347,11.89049482345581
978,34.453431129455566,0.88113654,0.8811057806015015,1.1602751328609884e-05,0.8810919523239136,11.886347,11.889421939849854
979,34.48219394683838,0.8811483,0.8811154365539551,1.0582441063888837e-05,0.8811017870903015,11.885172,11.888456344604492
980,34.51746463775635,0.8811483,0.8811255097389221,9.194526683131699e-06,0.8811136484146118,11.885172,11.887449026107788
981,34.545215368270874,0.8811575,0.881134033203125,6.077954367356142e-06,0.8811243772506714,11.884249,11.8865966796875
982,34.58123970031738,0.8811908,0.8811388611793518,6.475076133938273e-06,0.8811348676681519,11.880922,11.88611388206482
983,34.617043018341064,0.88121665,0.8811430931091309,1.0465077139087953e-05,0.8811365365982056,11.878336,11.885690689086914
984,34.65387940406799,0.88121665,0.8811506628990173,1.31232109197299e-05,0.8811365365982056,11.878336,11.884933710098267
985,34.68226075172424,0.8812383,0.8811604976654053,1.7853655663202517e-05,0.8811482787132263,11.876172,11.883950233459473
986,34.71982669830322,0.88123935,0.8811735510826111,2.5681762053864077e-05,0.881156861782074,11.876064,11.882644891738892
987,34.75480341911316,0.88123965,0.8811916708946228,2.9652752346009947e-05,0.8811582326889038,11.876035,11.88083291053772
988,34.78904581069946,0.88125837,0.8812200427055359,1.6207422959269024e-05,0.8811907768249512,11.874163,11.877995729446411
989,34.82430815696716,0.88125837,0.8812335133552551,1.060917475115275e-05,0.8812171220779419,11.874163,11.876648664474487
990,34.85378432273865,0.8812764,0.8812416791915894,6.755256436008494e-06,0.8812376856803894,11.872357,11.875832080841064
991,34.88977336883545,0.8812895,0.8812466859817505,1.0008123354054987e-05,0.881238579750061,11.871052,11.875331401824951
992,34.92797112464905,0.8813025,0.8812549710273743,1.1268130037933588e-05,0.881239652633667,11.869753,11.874502897262573
993,34.96772861480713,0.8813078,0.8812658786773682,1.0711184586398304e-05,0.8812566995620728,11.869222,11.873412132263184
994,35.00556802749634,0.8813352,0.8812755942344666,1.4602093870053068e-05,0.8812594413757324,11.86648,11.872440576553345
995,35.04122042655945,0.8813536,0.8812893033027649,1.6593392501818016e-05,0.8812713623046875,11.864638,11.87106966972351
996,35.07757258415222,0.8813828,0.8813048601150513,1.7679531083558686e-05,0.8812870979309082,11.861717,11.869513988494873
997,35.11505317687988,0.8814806,0.8813221454620361,2.2831958631286398e-05,0.8813012838363647,11.851942,11.867785453796387
998,35.15051531791687,0.8814981,0.8813426494598389,2.7077550839749165e-05,0.8813201785087585,11.85019,11.865735054016113
999,35.18647241592407,0.8814981,0.8813635110855103,3.632767402450554e-05,0.8813340067863464,11.85019,11.863648891448975
1000,35.21550178527832,0.8815021,0.8813852667808533,4.368986628833227e-05,0.8813537955284119,11.849791,11.861473321914673
1001,35.25190782546997,0.88150865,0.8814143538475037,4.930706927552819e-05,0.8813686370849609,11.849135,11.858564615249634
1002,35.28955006599426,0.8815534,0.8814519643783569,5.078538742964156e-05,0.881384015083313,11.844659,11.854803562164307
1003,35.327863693237305,0.88158125,0.8814997673034668,1.6536199836991727e-05,0.8814805746078491,11.841875,11.85002326965332
1004,35.36777973175049,0.88158125,0.881510853767395,2.110575769620482e-05,0.881497859954834,11.841875,11.848914623260498
1005,35.39687180519104,0.88158745,0.8815276026725769,2.7136633434565738e-05,0.8815008401870728,11.841255,11.84723973274231
1006,35.4325795173645,0.8816251,0.881553053855896,2.1581543478532694e-05,0.8815176486968994,11.837488,11.8446946144104
1007,35.46889662742615,0.88164216,0.8815742135047913,1.718369276204612e-05,0.8815534114837646,11.835784,11.842578649520874
1008,35.50458216667175,0.88167495,0.881590723991394,1.6712327123968862e-05,0.8815796375274658,11.832505,11.840927600860596
1009,35.54170107841492,0.8817276,0.8816030025482178,2.2736316168447956e-05,0.8815812468528748,11.827242,11.839699745178223
1010,35.57985973358154,0.8817276,0.881621778011322,2.5186529455822892e-05,0.8815940618515015,11.827242,11.837822198867798
1011,35.60927104949951,0.88174,0.8816452026367188,2.5189343432430178e-05,0.8816251158714294,11.826002,11.835479736328125
1012,35.644376039505005,0.88175106,0.8816611766815186,3.3101994631579146e-05,0.8816337585449219,11.824894,11.833882331848145
1013,35.68079948425293,0.8817825,0.8816860914230347,3.540548641467467e-05,0.8816462755203247,11.821753,11.831390857696533
1014,35.71709179878235,0.88178325,0.8817219138145447,2.6580790290609002e-05,0.8816749453544617,11.821675,11.827808618545532
1015,35.752209424972534,0.8817835,0.8817429542541504,1.7064316125470214e-05,0.8817275762557983,11.821651,11.825704574584961
1016,35.790122270584106,0.8817962,0.8817565441131592,1.6355894331354648e-05,0.8817398548126221,11.820382,11.824345588684082
1017,35.83107900619507,0.8817986,0.8817712664604187,1.3403434422798455e-05,0.8817546963691711,11.820137,11.82287335395813
1018,35.88777828216553,0.8818918,0.881786048412323,1.1852609532070346e-05,0.8817728161811829,11.810822,11.8213951587677
1019,35.93141841888428,0.8818918,0.8817927241325378,1.9306022295495495e-05,0.881782591342926,11.810822,11.820727586746216
1020,35.96083998680115,0.88191366,0.8818068504333496,3.010665750480257e-05,0.8817859888076782,11.808634,11.819314956665039
1021,35.99642086029053,0.88192004,0.8818222284317017,3.794768053921871e-05,0.8817961812019348,11.807996,11.817777156829834
1022,36.03182411193848,0.8819298,0.8818466663360596,4.3118459871038795e-05,0.8818042874336243,11.807018,11.815333366394043
1023,36.06566023826599,0.8819481,0.8818877339363098,3.033692337339744e-05,0.8818181753158569,11.805189,11.811226606369019
1024,36.101677894592285,0.8819481,0.8819096088409424,1.3821394531987607e-05,0.8818917870521545,11.805189,11.809039115905762
1025,36.13189959526062,0.8819481,0.8819217681884766,9.445649993722327e-06,0.8819121718406677,11.805189,11.807823181152344
1026,36.16055655479431,0.8819665,0.8819303512573242,9.390526429342572e-06,0.8819200396537781,11.803352,11.806964874267578
1027,36.19734287261963,0.8819665,0.8819383978843689,9.073908586287871e-06,0.881927490234375,11.803352,11.80616021156311
1028,36.226362228393555,0.88197136,0.8819462060928345,8.74137731443625e-06,0.8819354772567749,11.802864,11.805379390716553
1029,36.26256275177002,0.881986,0.8819548487663269,8.743299986235797e-06,0.881944477558136,11.801397,11.80451512336731
1030,36.2992377281189,0.88200176,0.8819636702537537,9.02280953596346e-06,0.8819519877433777,11.799824,11.803632974624634
1031,36.335854053497314,0.88202333,0.8819722533226013,8.979449376056436e-06,0.8819647431373596,11.797667,11.802774667739868
1032,36.3724365234375,0.88202333,0.8819795846939087,1.102081296266988e-05,0.8819673657417297,11.797667,11.80204153060913
1033,36.40154051780701,0.88202333,0.8819876313209534,1.270113807549933e-05,0.8819776773452759,11.797667,11.801236867904663
1034,36.430376291275024,0.8820587,0.8819975852966309,1.5248300769599155e-05,0.8819827437400818,11.794132,11.800241470336914
1035,36.46665835380554,0.8820587,0.8820124864578247,1.4315535736386664e-05,0.8819860219955444,11.794132,11.79875135421753
1036,36.49383568763733,0.8820721,0.8820279240608215,1.3406317521003075e-05,0.8820145130157471,11.792791,11.797207593917847
1037,36.52929496765137,0.882073,0.8820375800132751,1.556474671815522e-05,0.8820233345031738,11.792702,11.796241998672485
1038,36.56582999229431,0.88209254,0.8820527195930481,1.0038167602033354e-05,0.8820255994796753,11.790747,11.79472804069519
1039,36.60010504722595,0.88209254,0.8820617198944092,6.7763239712803625e-06,0.8820546269416809,11.790747,11.793828010559082
1040,36.62895584106445,0.8821279,0.882066011428833,9.842337021837011e-06,0.8820586800575256,11.787212,11.7933988571167
1041,36.66640496253967,0.88213,0.8820743560791016,1.24148227769183e-05,0.8820609450340271,11.786997,11.792564392089844
1042,36.704569816589355,0.88214433,0.8820847868919373,1.5934609109535813e-05,0.8820722103118896,11.785566,11.791521310806274
1043,36.74026656150818,0.8821523,0.8820968270301819,2.1049285351182334e-05,0.8820784091949463,11.784768,11.790317296981812
1044,36.776729106903076,0.8821852,0.8821157217025757,2.1298823412507772e-05,0.8820922374725342,11.781478,11.788427829742432
1045,36.81384015083313,0.8822226,0.8821367621421814,1.5850137060624547e-05,0.8821150064468384,11.7777405,11.78632378578186
1046,36.851073026657104,0.8822226,0.8821519613265991,1.8698548956308514e-05,0.88213050365448,11.7777405,11.784803867340088
1047,36.88045907020569,0.88224566,0.8821656107902527,2.2945267119212076e-05,0.8821477890014648,11.7754345,11.783438920974731
1048,36.91655969619751,0.8822643,0.882182776927948,2.868847514037043e-05,0.8821529150009155,11.773568,11.7817223072052
1049,36.95252060890198,0.88230276,0.8822104930877686,3.0042116122785956e-05,0.8821694254875183,11.769724,11.778950691223145
1050,36.9876024723053,0.88230276,0.8822391629219055,2.4635075533296913e-05,0.8822076320648193,11.769724,11.776083707809448
1051,37.016420125961304,0.8823172,0.8822609186172485,2.0657173081417568e-05,0.8822404146194458,11.768282,11.773908138275146
1052,37.05207133293152,0.88232327,0.8822793364524841,1.9929042537114583e-05,0.8822559118270874,11.7676735,11.772066354751587
1053,37.08802318572998,0.88234717,0.8822996616363525,1.344139855063986e-05,0.882269024848938,11.765284,11.770033836364746
1054,37.12407422065735,0.8823644,0.8823102116584778,1.0458754331921227e-05,0.882300853729248,11.763561,11.768978834152222
1055,37.158928632736206,0.8824614,0.8823204636573792,1.640700429561548e-05,0.8823046088218689,11.753857,11.767953634262085
1056,37.19553089141846,0.8824614,0.8823306560516357,2.4426217350992374e-05,0.8823199272155762,11.753857,11.766934394836426
1057,37.224934339523315,0.882494,0.8823463320732117,4.052482472616248e-05,0.882323145866394,11.750603,11.765366792678833
1058,37.26074838638306,0.8825115,0.8823685050010681,4.855156294070184e-05,0.8823300004005432,11.74885,11.763149499893188
1059,37.29483723640442,0.8825279,0.8824063539505005,5.539045378100127e-05,0.8823471665382385,11.747211,11.759364604949951
1060,37.338862895965576,0.8825279,0.8824650049209595,2.2557687771040946e-05,0.8823961615562439,11.747211,11.753499507904053
1061,37.37049388885498,0.8825298,0.8824832439422607,1.8255896065966226e-05,0.882461428642273,11.747021,11.751675605773926
1062,37.40750503540039,0.88253266,0.8824991583824158,1.3838925951858982e-05,0.8824798464775085,11.746735,11.750084161758423
1063,37.442548513412476,0.8825583,0.8825122714042664,1.3064574886811897e-05,0.8824945092201233,11.744171,11.748772859573364
1064,37.47980237007141,0.8825773,0.8825258612632751,1.0615076462272555e-05,0.8825119733810425,11.7422695,11.747413873672485
1065,37.51640200614929,0.8825824,0.8825363516807556,1.3311836482898798e-05,0.882522463798523,11.741757,11.746364831924438
1066,37.55006670951843,0.882616,0.882546603679657,1.6091966244857758e-05,0.8825298547744751,11.738401,11.745339632034302
1067,37.5858051776886,0.88264716,0.8825632333755493,1.807826447475236e-05,0.8825417757034302,11.735285,11.743676662445068
1068,37.62227511405945,0.88266385,0.8825805187225342,2.1131585526745766e-05,0.8825598955154419,11.733616,11.741948127746582
1069,37.658809185028076,0.88269734,0.8825978636741638,2.7008676624973305e-05,0.8825770020484924,11.730266,11.740213632583618
1070,37.695404291152954,0.88270915,0.8826205134391785,3.2901552913244814e-05,0.8825848698616028,11.729086,11.737948656082153
1071,37.733513593673706,0.8827275,0.8826539516448975,3.104762436123565e-05,0.8826059699058533,11.727249,11.734604835510254
1072,37.7719521522522,0.8827347,0.8826833367347717,1.970827543118503e-05,0.8826581239700317,11.726528,11.731666326522827
1073,37.80828857421875,0.8827347,0.8827007412910461,1.4912148799339775e-05,0.8826784491539001,11.726528,11.729925870895386
1074,37.83771848678589,0.8827605,0.8827139139175415,1.1850727787532378e-05,0.882697582244873,11.723948,11.72860860824585
1075,37.87505555152893,0.8827605,0.8827248811721802,9.978125490306411e-06,0.8827123045921326,11.723948,11.727511882781982
1076,37.908721923828125,0.88277066,0.8827347159385681,9.946118552761618e-06,0.8827254176139832,11.722935,11.726528406143188
1077,37.9469895362854,0.88277066,0.8827436566352844,1.0287082659488078e-05,0.8827326893806458,11.722935,11.725634336471558
1078,37.975974559783936,0.8827919,0.8827531933784485,9.104824130190536e-06,0.8827412724494934,11.720812,11.724680662155151
1079,38.010807037353516,0.8828226,0.8827625513076782,7.2535176514065824e-06,0.8827546238899231,11.717743,11.723744869232178
1080,38.04663610458374,0.8828226,0.8827685713768005,1.0429605936224107e-05,0.8827605247497559,11.717743,11.723142862319946
1081,38.07610321044922,0.8828226,0.8827764391899109,1.4602032933908049e-05,0.8827694058418274,11.717743,11.722356081008911
1082,38.10489249229431,0.88283736,0.8827853798866272,2.002222572627943e-05,0.8827705979347229,11.716265,11.72146201133728
1083,38.13971138000488,0.88289464,0.882802426815033,1.9822218746412545e-05,0.8827710747718811,11.710537,11.719757318496704
1084,38.17629957199097,0.8829329,0.8828228712081909,2.0542078345897608e-05,0.88280189037323,11.70671,11.717712879180908
1085,38.21186971664429,0.88293356,0.8828346133232117,2.9378961698967032e-05,0.882822573184967,11.706644,11.716538667678833
1086,38.247458696365356,0.8830017,0.882850706577301,4.264679228072055e-05,0.882822573184967,11.699831,11.714929342269897
1087,38.28502130508423,0.8830047,0.8828868865966797,4.7563560656271875e-05,0.8828226923942566,11.699528,11.711311340332031
1088,38.321256160736084,0.8831129,0.8829305171966553,3.121355621260591e-05,0.8828946352005005,11.688709,11.706948280334473
1089,38.357481718063354,0.88311297,0.8829529285430908,3.6609708331525326e-05,0.882926344871521,11.688704,11.704707145690918
1090,38.394819498062134,0.88311297,0.8829790949821472,4.608307426678948e-05,0.8829329013824463,11.688704,11.702090501785278
1091,38.42396020889282,0.8831862,0.8830176591873169,3.887779894284904e-05,0.8829826712608337,11.681377,11.69823408126831
1092,38.46150183677673,0.8831862,0.8830409049987793,5.159539432497695e-05,0.8830047249794006,11.681377,11.69590950012207
1093,38.48930811882019,0.8831862,0.883081316947937,5.38386739208363e-05,0.8830059170722961,11.681377,11.691868305206299
1094,38.51945877075195,0.8831864,0.8831268548965454,2.8427346478565596e-05,0.8831007480621338,11.68136,11.687314510345459
1095,38.55520153045654,0.8833284,0.8831444978713989,3.8985970604699105e-05,0.8831129670143127,11.667162,11.685550212860107
1096,38.590431451797485,0.8833284,0.8831787109375,3.8586545997532085e-05,0.8831144571304321,11.667162,11.68212890625
1097,38.61931586265564,0.8833849,0.8832005262374878,4.243375587975606e-05,0.8831862211227417,11.661511,11.67994737625122
1098,38.655336141586304,0.88339007,0.883217990398407,5.929426697548479e-05,0.8831862211227417,11.660994,11.678200960159302
1099,38.69082832336426,0.88339007,0.8832523822784424,7.326854392886162e-05,0.883186399936676,11.660994,11.674761772155762
1100,38.71959614753723,0.88339424,0.8833223581314087,4.383244595373981e-05,0.883192241191864,11.660576,11.66776418685913
1101,38.755743980407715,0.88341,0.8833444714546204,2.580462023615837e-05,0.8833281993865967,11.659002,11.665552854537964
1102,38.79084324836731,0.88341,0.8833628296852112,2.875249265343882e-05,0.883328378200531,11.659002,11.663717031478882
1103,38.81979417800903,0.8834702,0.8833907842636108,7.662722055101767e-06,0.8833847641944885,11.652983,11.660921573638916
1104,38.8562650680542,0.8834807,0.8833966851234436,1.6232303096330725e-05,0.8833885788917542,11.651927,11.66033148765564
1105,38.8947389125824,0.8834807,0.8834072351455688,2.5583552996977232e-05,0.8833901882171631,11.651927,11.659276485443115
1106,38.92403721809387,0.8835083,0.8834249377250671,3.361314520589076e-05,0.8833953142166138,11.649168,11.657506227493286
1107,38.95997977256775,0.8835084,0.8834542632102966,3.138779356959276e-05,0.8834099769592285,11.649161,11.654573678970337
1108,38.99671173095703,0.8835189,0.8834799528121948,1.0029793884314131e-05,0.8834701776504517,11.648112,11.652004718780518
1109,39.03545808792114,0.88352466,0.8834875226020813,1.220997546624858e-05,0.8834770917892456,11.647534,11.65124773979187
1110,39.071244955062866,0.88354486,0.8834966421127319,1.6146977941389196e-05,0.8834809064865112,11.645514,11.650335788726807
1111,39.1076078414917,0.883545,0.8835111856460571,1.3013826901442371e-05,0.8834875822067261,11.645502,11.648881435394287
1112,39.14532971382141,0.88355064,0.8835235834121704,1.1631398592726327e-05,0.8835083246231079,11.644936,11.647641658782959
1113,39.18235754966736,0.88357025,0.883533239364624,1.1002995961462148e-05,0.8835222721099854,11.642975,11.646676063537598
1114,39.21864032745361,0.88357246,0.8835437297821045,8.400919796258677e-06,0.8835288286209106,11.642754,11.64562702178955
1115,39.255993127822876,0.8835823,0.8835493326187134,8.381842235394288e-06,0.8835448026657104,11.64177,11.645066738128662
1116,39.292773723602295,0.8835883,0.8835546374320984,1.08705689854105e-05,0.8835450410842896,11.641169,11.644536256790161
1117,39.33013606071472,0.8835961,0.8835631608963013,1.0869259313039947e-05,0.8835505843162537,11.640388,11.643683910369873
1118,39.36657500267029,0.883613,0.8835741877555847,7.461364930350101e-06,0.8835668563842773,11.6387005,11.642581224441528
1119,39.40307092666626,0.883614,0.8835800290107727,1.1179131433891598e-05,0.8835703134536743,11.638599,11.64199709892273
1120,39.439260482788086,0.88367647,0.8835898637771606,1.4141789506538771e-05,0.8835755586624146,11.632353,11.641013622283936
1121,39.4747850894928,0.88367647,0.8836033940315247,1.7119939002441242e-05,0.883583664894104,11.632353,11.639660596847534
1122,39.50497794151306,0.8836804,0.8836185932159424,2.0720648535643704e-05,0.8835977911949158,11.63196,11.638140678405762
1123,39.541542291641235,0.88372505,0.8836380839347839,2.5694813302834518e-05,0.883610725402832,11.627495,11.636191606521606
1124,39.57872986793518,0.8837279,0.8836613297462463,2.373534516664222e-05,0.8836348056793213,11.627209,11.633867025375366
1125,39.61547565460205,0.8837355,0.8836841583251953,1.8799322788254358e-05,0.8836594820022583,11.626452,11.631584167480469
1126,39.65086555480957,0.88375163,0.8837020993232727,1.7450589439249597e-05,0.8836764693260193,11.624837,11.62979006767273
1127,39.6867880821228,0.88376814,0.88371741771698,1.3571009731094819e-05,0.8837010860443115,11.623186,11.628258228302002
1128,39.72239136695862,0.8837712,0.8837296366691589,1.0614205166348256e-05,0.8837123513221741,11.622882,11.627036333084106
1129,39.75933289527893,0.88379836,0.8837394714355469,1.2179199984529987e-05,0.8837279081344604,11.620164,11.626052856445312
1130,39.79506015777588,0.883813,0.8837496042251587,1.6197553122765385e-05,0.8837355375289917,11.618698,11.62503957748413
1131,39.83278727531433,0.8838261,0.883763313293457,2.1342819309211336e-05,0.883743166923523,11.617393,11.623668670654297
1132,39.869091272354126,0.88382894,0.8837823271751404,2.2329395505948924e-05,0.8837531208992004,11.617106,11.621767282485962
1133,39.905686378479004,0.8838471,0.88380366563797,1.674495797487907e-05,0.8837774991989136,11.615288,11.619633436203003
1134,39.941242933273315,0.8838546,0.8838189840316772,1.0299107088940218e-05,0.8838058710098267,11.614537,11.618101596832275
1135,39.97612428665161,0.8838854,0.88382887840271,1.042605799739249e-05,0.8838181495666504,11.611462,11.617112159729004
1136,40.01188659667969,0.88390213,0.8838384747505188,1.3178512745071203e-05,0.8838241100311279,11.609787,11.61615252494812
1137,40.04740071296692,0.88390213,0.8838491439819336,1.4166088476486038e-05,0.883836030960083,11.609787,11.61508560180664
1138,40.07626748085022,0.88391083,0.8838608264923096,1.6169216905836947e-05,0.8838462233543396,11.608916,11.613917350769043
1139,40.11084055900574,0.88391083,0.8838754892349243,1.5095932212716434e-05,0.8838536143302917,11.608916,11.612451076507568
1140,40.138245820999146,0.8839251,0.8838901519775391,1.0231565283902455e-05,0.8838755488395691,11.607492,11.610984802246094
1141,40.17563986778259,0.88393486,0.883899450302124,8.913340934668668e-06,0.8838861584663391,11.606514,11.610054969787598
1142,40.210609436035156,0.883981,0.8839085698127747,1.0700454367906787e-05,0.8838987350463867,11.601901,11.609143018722534
1143,40.24665355682373,0.8839884,0.883917510509491,1.3527740520657972e-05,0.8839043974876404,11.601162,11.608248949050903
1144,40.283344984054565,0.8840231,0.8839288353919983,1.771587812982034e-05,0.8839130401611328,11.5976925,11.607116460800171
1145,40.3190438747406,0.88404727,0.8839442133903503,2.6301422622054815e-05,0.883924663066864,11.595273,11.605578660964966
1146,40.35401749610901,0.88404924,0.8839638233184814,3.3453750802436844e-05,0.8839348554611206,11.595077,11.603617668151855
1147,40.389904260635376,0.88407457,0.8839923739433289,3.196878969902173e-05,0.8839428424835205,11.592543,11.600762605667114
1148,40.42589259147644,0.88407457,0.884021520614624,1.9796270862570964e-05,0.8839883804321289,11.592543,11.597847938537598
1149,40.45493149757385,0.884077,0.8840398192405701,1.186553345178254e-05,0.8840224146842957,11.5922985,11.596018075942993
1150,40.49018096923828,0.88410693,0.8840497732162476,1.1704802091117017e-05,0.8840382099151611,11.589307,11.595022678375244
1151,40.525633335113525,0.8841442,0.884059488773346,1.6764792235335335e-05,0.884047269821167,11.585581,11.594051122665405
1152,40.56147623062134,0.8841716,0.8840751051902771,2.1963196559227072e-05,0.8840523958206177,11.58284,11.59248948097229
1153,40.59655451774597,0.8841762,0.8840941190719604,2.3623208107892424e-05,0.8840744495391846,11.58238,11.590588092803955
1154,40.632160902023315,0.8842382,0.8841177225112915,2.7556190616451204e-05,0.8840859532356262,11.576181,11.58822774887085
1155,40.668665647506714,0.88428235,0.8841462731361389,3.271244713687338e-05,0.8841094970703125,11.571765,11.585372686386108
1156,40.70505952835083,0.88429177,0.8841745853424072,3.6540535802487284e-05,0.8841322660446167,11.570824,11.582541465759277
1157,40.74136257171631,0.88429177,0.8842063546180725,3.3839627576526254e-05,0.8841713070869446,11.570824,11.579364538192749
1158,40.77133750915527,0.8842919,0.8842400312423706,2.818425855366513e-05,0.8841943740844727,11.570811,11.57599687576294
1159,40.81400537490845,0.88430744,0.8842650055885315,2.1457713955896907e-05,0.8842381238937378,11.569256,11.57349944114685
1160,40.85333228111267,0.8843116,0.8842847943305969,7.274612471519504e-06,0.8842733502388,11.568838,11.571520566940308
1161,40.89100503921509,0.88434684,0.8842918872833252,9.031079571286682e-06,0.8842825293540955,11.565315,11.57081127166748
1162,40.92697477340698,0.8843703,0.8842965364456177,1.309623257839121e-05,0.8842915296554565,11.562967,11.570346355438232
1163,40.96300530433655,0.8843703,0.884303629398346,2.0497795048868284e-05,0.8842917680740356,11.562967,11.569637060165405
1164,40.991828203201294,0.88438976,0.8843179941177368,2.6057346985908225e-05,0.8842918872833252,11.561024,11.568200588226318
1165,41.026440382003784,0.88443327,0.8843433260917664,2.553016020101495e-05,0.8843116164207458,11.556673,11.565667390823364
1166,41.06187605857849,0.8844336,0.8843691945075989,2.5882864065351896e-05,0.8843428492546082,11.556637,11.563080549240112
1167,41.09714221954346,0.8844336,0.884393036365509,2.6309369786758907e-05,0.8843611478805542,11.556637,11.560696363449097
1168,41.126662492752075,0.8844336,0.8844180107116699,1.6647882148390636e-05,0.884385883808136,11.556637,11.558198928833008
1169,41.15689778327942,0.88449174,0.8844321370124817,4.939434802508913e-06,0.8844254016876221,11.550826,11.556786298751831
1170,41.192232608795166,0.88449174,0.8844351172447205,8.788605555309914e-06,0.8844332695007324,11.550826,11.556488275527954
1171,41.220754623413086,0.8844992,0.8844384551048279,1.4710461073264014e-05,0.8844335079193115,11.550081,11.556154489517212
1172,41.25593614578247,0.88449967,0.8844447731971741,2.173428401874844e-05,0.8844336271286011,11.550034,11.555522680282593
1173,41.29127836227417,0.8845318,0.8844585418701172,2.7676554964273237e-05,0.8844336271286011,11.546821,11.554145812988281
1174,41.32658290863037,0.8845383,0.8844864964485168,1.8858832845580764e-05,0.8844436407089233,11.546171,11.551350355148315
1175,41.36402773857117,0.8845438,0.884503185749054,1.440134656149894e-05,0.8844917416572571,11.545622,11.549681425094604
1176,41.398672103881836,0.8846409,0.8845139741897583,1.9999411961180158e-05,0.8844995498657227,11.5359125,11.54860258102417
1177,41.43563628196716,0.8846837,0.8845306038856506,2.4689677957212552e-05,0.8844996690750122,11.531628,11.546939611434937
1178,41.47273278236389,0.8846837,0.8845504522323608,2.8054262656951323e-05,0.8845359683036804,11.531628,11.544954776763916
1179,41.502172231674194,0.88472486,0.884568452835083,4.159100717515685e-05,0.8845404386520386,11.527514,11.5431547164917
1180,41.53906607627869,0.88472664,0.884597659111023,4.9893038521986455e-05,0.8845437169075012,11.527336,11.540234088897705
1181,41.575833559036255,0.8847296,0.8846344351768494,5.4447755246656016e-05,0.8845812678337097,11.527038,11.536556482315063
1182,41.61414051055908,0.88476235,0.8846918344497681,3.092830229434185e-05,0.8846386671066284,11.523766,11.530816555023193
1183,41.65120077133179,0.8847729,0.8847178816795349,1.796613105398137e-05,0.8846864700317383,11.522711,11.528211832046509
1184,41.68836450576782,0.88481575,0.8847307562828064,1.139781488745939e-05,0.8847262263298035,11.518425,11.52692437171936
1185,41.724780797958374,0.8848158,0.8847367763519287,1.804470957722515e-05,0.8847266435623169,11.518419,11.526322364807129
1186,41.76022291183472,0.88483095,0.884749174118042,2.5690507754916325e-05,0.8847294449806213,11.516905,11.5250825881958
1187,41.79602336883545,0.8848578,0.8847706317901611,2.8188538635731675e-05,0.884739100933075,11.514223,11.522936820983887
1188,41.83230948448181,0.88486844,0.8847930431365967,3.199787897756323e-05,0.8847625851631165,11.513156,11.520695686340332
1189,41.86897420883179,0.8848702,0.8848235607147217,2.4753951947786845e-05,0.8847748041152954,11.512983,11.517643928527832
1190,41.904940366744995,0.8848702,0.8848435878753662,1.796309879864566e-05,0.8848186731338501,11.512983,11.515641212463379
1191,41.9343318939209,0.884873,0.8848603367805481,6.028209554642672e-06,0.884853184223175,11.512703,11.51396632194519
1192,41.96944451332092,0.88487756,0.8848651051521301,5.623662673315266e-06,0.8848577737808228,11.512243,11.513489484786987
1193,42.00511193275452,0.8849319,0.884870171546936,4.428473403095268e-06,0.8848684430122375,11.506807,11.512982845306396
1194,42.041481256484985,0.8849319,0.8848718404769897,7.235647444758797e-06,0.884870171546936,11.506807,11.512815952301025
1195,42.07097768783569,0.8849354,0.8848745226860046,1.2697945749096107e-05,0.884870171546936,11.506462,11.512547731399536
1196,42.10686254501343,0.8849354,0.8848806023597717,1.8856339011108503e-05,0.8848704099655151,11.506462,11.511939764022827
1197,42.13664364814758,0.8849502,0.8848917484283447,2.4220746126957238e-05,0.8848732709884644,11.504978,11.510825157165527
1198,42.17301869392395,0.8849562,0.8849069476127625,2.6877865821006708e-05,0.8848775625228882,11.504382,11.509305238723755
1199,42.20783996582031,0.88496804,0.8849342465400696,6.7766800384561066e-06,0.8849170804023743,11.503196,11.506575345993042
1200,42.24437928199768,0.8850417,0.8849401473999023,1.0162239050259814e-05,0.8849323391914368,11.495829,11.505985260009766
1201,42.28264403343201,0.8850509,0.8849471807479858,1.4618057321058586e-05,0.8849361538887024,11.494911,11.505281925201416
1202,42.31910181045532,0.8850775,0.8849583864212036,2.4622662749607116e-05,0.8849435448646545,11.492252,11.504161357879639
1203,42.35513210296631,0.8850775,0.8849756717681885,3.420725624891929e-05,0.8849502205848694,11.492252,11.502432823181152
1204,42.38200759887695,0.8851257,0.8849999904632568,4.244767114869319e-05,0.8849627375602722,11.487431,11.500000953674316
1205,42.417924880981445,0.8851353,0.8850356340408325,4.102817183593288e-05,0.8849751353263855,11.486471,11.496436595916748
1206,42.45347285270691,0.8851431,0.8850722908973694,2.1391993868746795e-05,0.8850470185279846,11.48569,11.492770910263062
1207,42.492757081985474,0.88517404,0.8850898742675781,1.9557202904252335e-05,0.8850682973861694,11.482596,11.491012573242188
1208,42.53089642524719,0.88521004,0.8851060271263123,2.28203152801143e-05,0.8850815296173096,11.478996,11.489397287368774
1209,42.565788984298706,0.8852148,0.8851261734962463,2.4046057660598308e-05,0.8850996494293213,11.478519,11.487382650375366
1210,42.60192060470581,0.8852405,0.8851491808891296,2.4613575078547e-05,0.8851190209388733,11.47595,11.485081911087036
1211,42.63960599899292,0.88524073,0.8851721286773682,2.4218663384090178e-05,0.8851450681686401,11.475926,11.482787132263184
1212,42.67589974403381,0.8853351,0.8851958513259888,2.3351105483016e-05,0.8851730227470398,11.466492,11.480414867401123
1213,42.71340727806091,0.88545024,0.8852149844169617,3.175885649397969e-05,0.8851838111877441,11.454975,11.478501558303833
1214,42.750877141952515,0.885577,0.8852407336235046,5.2571580454241484e-05,0.8852100372314453,11.442298,11.475926637649536
1215,42.78695631027222,0.885577,0.8852829933166504,7.611838373122737e-05,0.8852148056030273,11.442298,11.471700668334961
1216,42.81588125228882,0.88559425,0.8853405117988586,8.893433550838381e-05,0.8852596879005432,11.440575,11.465948820114136
1217,42.85217499732971,0.8855945,0.8854027986526489,9.877044794848189e-05,0.8853092193603516,11.440552,11.459720134735107
1218,42.88969326019287,0.8856032,0.885485827922821,9.379001858178526e-05,0.885335385799408,11.439681,11.451417207717896
1219,42.92630910873413,0.8856032,0.8855710625648499,2.55922059295699e-05,0.885505735874176,11.439681,11.442893743515015
1220,42.95397615432739,0.88562906,0.8855899572372437,7.704503332206514e-06,0.8855770230293274,11.437094,11.441004276275635
1221,42.99040460586548,0.8856546,0.8855969309806824,9.752408004715107e-06,0.8855904340744019,11.434537,11.440306901931763
1222,43.02499055862427,0.8856586,0.8856033682823181,1.4636329069617204e-05,0.8855942487716675,11.434137,11.439663171768188
1223,43.06288528442383,0.88569367,0.8856154084205627,1.9586177586461417e-05,0.8855944871902466,11.430634,11.438459157943726
1224,43.099374294281006,0.88569367,0.8856329917907715,1.884115772554651e-05,0.8856083154678345,11.430634,11.436700820922852
1225,43.12825059890747,0.8857008,0.8856488466262817,2.135090107913129e-05,0.8856292963027954,11.429918,11.435115337371826
1226,43.16419768333435,0.8857245,0.8856692910194397,1.7555688827997074e-05,0.8856450319290161,11.427551,11.43307089805603
1227,43.19986820220947,0.8857245,0.8856844902038574,1.3402583135757595e-05,0.8856589794158936,11.427551,11.431550979614258
1228,43.22946071624756,0.88572735,0.8856953978538513,5.985509233141784e-06,0.8856896162033081,11.427265,11.430460214614868
1229,43.26689076423645,0.88574445,0.8856992125511169,8.88036720425589e-06,0.8856939673423767,11.425554,11.430078744888306
1230,43.30392408370972,0.88576454,0.8857054114341736,1.134256035584258e-05,0.8856967687606812,11.423546,11.429458856582642
1231,43.341288805007935,0.88576454,0.8857125639915466,1.4323328286991455e-05,0.8857011198997498,11.423546,11.428743600845337
1232,43.37191319465637,0.8857738,0.8857262134552002,1.568737206980586e-05,0.8857104182243347,11.422623,11.42737865447998
1233,43.41002178192139,0.88577944,0.8857389688491821,1.6805714039946906e-05,0.8857244849205017,11.422056,11.426103115081787
1234,43.44992518424988,0.88582546,0.8857555985450745,1.74308406712953e-05,0.8857316970825195,11.417455,11.424440145492554
1235,43.48961281776428,0.88582575,0.885773241519928,1.702097688394133e-05,0.8857536315917969,11.417425,11.422675848007202
1236,43.52774524688721,0.88583076,0.8857876658439636,1.8848644685931504e-05,0.8857676982879639,11.4169235,11.421233415603638
1237,43.56469130516052,0.88584614,0.8858047127723694,1.7449341612518765e-05,0.8857791423797607,11.415386,11.419528722763062
1238,43.600849628448486,0.8858677,0.8858214616775513,9.188343028654344e-06,0.885810136795044,11.413229,11.417853832244873
1239,43.638861417770386,0.8858677,0.8858296275138855,1.0433842362544965e-05,0.8858199119567871,11.413229,11.41703724861145
1240,43.66984272003174,0.8858677,0.8858358263969421,1.3426704754238017e-05,0.8858257532119751,11.413229,11.416417360305786
1241,43.701823234558105,0.8858712,0.8858444094657898,1.5198573237285018e-05,0.8858307600021362,11.412883,11.41555905342102
1242,43.74146223068237,0.8858712,0.8858585953712463,1.0054989616037346e-05,0.8858352899551392,11.412883,11.414140462875366
1243,43.771931886672974,0.8858732,0.8858668208122253,2.187929567298852e-06,0.8858616352081299,11.41268,11.413317918777466
1244,43.81068253517151,0.88588357,0.8858683109283447,2.082024366245605e-06,0.885866641998291,11.411643,11.413168907165527
1245,43.850197315216064,0.88588357,0.8858697414398193,2.6878346943703946e-06,0.8858674168586731,11.411643,11.413025856018066
1246,43.88316988945007,0.8858987,0.8858726024627686,4.184566932963207e-06,0.8858708739280701,11.41013,11.412739753723145
1247,43.92416596412659,0.8859024,0.8858749866485596,6.77571233609342e-06,0.885871171951294,11.4097595,11.412501335144043
1248,43.96430420875549,0.88590413,0.8858799338340759,9.443590897717513e-06,0.885871946811676,11.409587,11.412006616592407
1249,44.007251262664795,0.8859206,0.8858893513679504,1.0299703717464581e-05,0.8858785033226013,11.407942,11.411064863204956
1250,44.058775186538696,0.8859206,0.8858983516693115,9.822680112847593e-06,0.8858835697174072,11.407942,11.410164833068848
1251,44.10509371757507,0.8859641,0.8859063386917114,7.5992402344127186e-06,0.8858987092971802,11.40359,11.409366130828857
1252,44.15385723114014,0.8859641,0.8859131336212158,1.0237276910629589e-05,0.8859027028083801,11.40359,11.408686637878418
1253,44.18790888786316,0.88597566,0.8859192728996277,1.3606250831799116e-05,0.8859102725982666,11.402434,11.408072710037231
1254,44.23291802406311,0.886007,0.8859285712242126,2.0858873540419154e-05,0.8859139680862427,11.399299,11.407142877578735
1255,44.27736854553223,0.886007,0.8859463334083557,2.2070622435421683e-05,0.8859174251556396,11.399299,11.405366659164429
1256,44.310264110565186,0.8860244,0.8859677910804749,1.638976755202748e-05,0.8859449028968811,11.397558,11.403220891952515
1257,44.34935021400452,0.88605386,0.8859827518463135,1.6923295333981514e-05,0.8859640955924988,11.394614,11.401724815368652
1258,44.39234137535095,0.8860894,0.885997474193573,2.1681365979020484e-05,0.8859763741493225,11.391062,11.4002525806427
1259,44.430530309677124,0.8860899,0.8860183954238892,1.9583399989642203e-05,0.8859944343566895,11.391008,11.398160457611084
1260,44.469764709472656,0.88611484,0.8860371112823486,2.3722308469587006e-05,0.8860103487968445,11.388516,11.396288871765137
1261,44.509140729904175,0.88613474,0.8860587477684021,2.3840624635340646e-05,0.8860256671905518,11.386526,11.39412522315979
1262,44.5473735332489,0.8861436,0.8860791325569153,2.5878594897221774e-05,0.886052668094635,11.385637,11.392086744308472
1263,44.584163665771484,0.88615966,0.8861058354377747,1.9746707039303146e-05,0.8860779404640198,11.384034,11.389416456222534
1264,44.62241768836975,0.886196,0.8861277103424072,2.1223275325610302e-05,0.8860996961593628,11.380398,11.387228965759277
1265,44.661136865615845,0.88622415,0.886147677898407,2.2318674382404424e-05,0.8861203789710999,11.377584,11.385232210159302
1266,44.69881772994995,0.88623077,0.8861696124076843,2.329743256268557e-05,0.8861358165740967,11.376924,11.383038759231567
1267,44.736835956573486,0.8862439,0.8861929178237915,1.6784100807853974e-05,0.886165201663971,11.375612,11.38070821762085
1268,44.774017572402954,0.88627195,0.886207103729248,1.710259857645724e-05,0.8861908316612244,11.372805,11.379289627075195
1269,44.810219526290894,0.8862825,0.8862239122390747,1.5316481949412264e-05,0.8861957788467407,11.37175,11.37760877609253
1270,44.84769082069397,0.8864229,0.8862361311912537,1.9910052287741564e-05,0.8862247467041016,11.357713,11.376386880874634
1271,44.88682961463928,0.88643956,0.8862475752830505,2.917377423727885e-05,0.8862290382385254,11.356044,11.375242471694946
1272,44.92665100097656,0.88644004,0.8862721920013428,4.474096203921363e-05,0.8862307667732239,11.355996,11.372780799865723
1273,44.964319944381714,0.88647735,0.8863009214401245,5.291038178256713e-05,0.886265754699707,11.352264,11.369907855987549
1274,45.00186252593994,0.88647985,0.8863314390182495,6.563317583641037e-05,0.8862797021865845,11.352015,11.366856098175049
1275,45.038378953933716,0.88652074,0.886388897895813,6.68592329020612e-05,0.8862941265106201,11.347925,11.361110210418701
1276,45.075851917266846,0.88657016,0.8864558339118958,3.1390423828270286e-05,0.8864198327064514,11.342984,11.354416608810425
1277,45.11399435997009,0.88657916,0.886482834815979,2.805017720675096e-05,0.8864415287971497,11.342085,11.3517165184021
1278,45.15133547782898,0.8866168,0.8865057826042175,2.7711366783478297e-05,0.8864773511886597,11.338318,11.349421739578247
1279,45.19118142127991,0.8866168,0.8865315914154053,2.3606115064467303e-05,0.8865050673484802,11.338318,11.346840858459473
1280,45.22162222862244,0.88662815,0.8865537643432617,2.7256175599177368e-05,0.8865222334861755,11.337185,11.344623565673828
1281,45.258724212646484,0.88663423,0.8865811228752136,2.083173967548646e-05,0.8865589499473572,11.336576,11.341887712478638
1282,45.297935009002686,0.88663507,0.8866004347801208,2.21030004468048e-05,0.8865749835968018,11.3364935,11.339956521987915
1283,45.33599281311035,0.8866379,0.8866235017776489,7.186438324424671e-06,0.8865880370140076,11.336207,11.337649822235107
1284,45.3734016418457,0.8866379,0.8866286873817444,4.208844075037632e-06,0.8866233825683594,11.336207,11.337131261825562
1285,45.404388666152954,0.8866379,0.8866324424743652,2.594974375824677e-06,0.8866275548934937,11.336207,11.336755752563477
1286,45.43443417549133,0.8866441,0.8866347074508667,1.352936124021653e-06,0.8866328001022339,11.3355875,11.33652925491333
1287,45.471370220184326,0.8866441,0.886635422706604,1.7031719607984996e-06,0.8866342306137085,11.3355875,11.3364577293396
1288,45.501579999923706,0.8867331,0.8866374492645264,7.171128800109727e-06,0.8866350650787354,11.326689,11.336255073547363
1289,45.53790545463562,0.88673526,0.8866412043571472,1.275708473258419e-05,0.88663649559021,11.326474,11.335879564285278
1290,45.574620962142944,0.8867716,0.8866502046585083,2.6530076866038144e-05,0.8866379261016846,11.322838,11.33497953414917
1291,45.61151742935181,0.88677186,0.8866657018661499,3.8053349271649495e-05,0.8866393566131592,11.322814,11.33342981338501
1292,45.647995471954346,0.8868064,0.8866920471191406,4.748530045617372e-05,0.8866493105888367,11.319357,11.330795288085938
1293,45.68357849121094,0.8868613,0.8867358565330505,4.317528510000557e-05,0.8866697549819946,11.313868,11.326414346694946
1294,45.720985651016235,0.8868613,0.8867772221565247,2.1948993889964186e-05,0.8867433071136475,11.313868,11.322277784347534
1295,45.750725507736206,0.88687986,0.886796236038208,2.7701526050805114e-05,0.8867707848548889,11.312014,11.3203763961792
1296,45.78627920150757,0.8869239,0.8868208527565002,3.0478715416393243e-05,0.8867831230163574,11.30761,11.317914724349976
1297,45.82121562957764,0.88696605,0.8868499398231506,3.078035661019385e-05,0.8868073225021362,11.303395,11.315006017684937
1298,45.880796909332275,0.8869885,0.8868804574012756,2.6430874640936963e-05,0.8868429660797119,11.301147,11.311954259872437
1299,45.93512749671936,0.88703036,0.8869056701660156,3.151203418383375e-05,0.8868703246116638,11.296964,11.309432983398438
1300,45.97681164741516,0.8870553,0.8869336247444153,3.3282492950093e-05,0.8868975043296814,11.294472,11.306637525558472
1301,46.01347231864929,0.88707757,0.8869646191596985,3.3219515898963436e-05,0.8869262337684631,11.292243,11.303538084030151
1302,46.0497829914093,0.88707757,0.8869954943656921,2.8451888283598237e-05,0.8869634866714478,11.292243,11.300450563430786
1303,46.07893943786621,0.8870963,0.8870208263397217,2.6513278498896398e-05,0.8869903087615967,11.290371,11.297917366027832
1304,46.1147186756134,0.8870963,0.8870455622673035,1.986971437872853e-05,0.8870161175727844,11.290371,11.295443773269653
1305,46.14394426345825,0.8871243,0.8870660662651062,1.5305298802559264e-05,0.887044370174408,11.28757,11.29339337348938
1306,46.18183708190918,0.8871585,0.8870803713798523,1.6664887880324386e-05,0.887061357498169,11.284149,11.29196286201477
1307,46.21878671646118,0.8871585,0.8870957493782043,1.641217022552155e-05,0.8870775699615479,11.284149,11.290425062179565
1308,46.24822974205017,0.8872146,0.8871111273765564,2.169955405406654e-05,0.887090802192688,11.27854,11.28888726234436
1309,46.28360652923584,0.8872146,0.887129545211792,2.601766027510166e-05,0.8871030807495117,11.27854,11.2870454788208
1310,46.31246280670166,0.88724387,0.8871525526046753,2.815819789248053e-05,0.887117862701416,11.275614,11.28474473953247
1311,46.347901344299316,0.8872573,0.8871808052062988,2.4490878786309622e-05,0.8871514797210693,11.274272,11.281919479370117
1312,46.383737087249756,0.88726676,0.8872039318084717,2.2882901248522103e-05,0.8871750831604004,11.273325,11.279606819152832
1313,46.41869521141052,0.887349,0.8872261643409729,2.31831527344184e-05,0.8871930241584778,11.265099,11.27738356590271
1314,46.45535397529602,0.88740045,0.887251615524292,2.839627632056363e-05,0.8872238397598267,11.259955,11.2748384475708
1315,46.491374492645264,0.8874139,0.8872700929641724,4.321993765188381e-05,0.887245774269104,11.258608,11.272990703582764
1316,46.527793169021606,0.88749033,0.8872997760772705,5.9023164794780314e-05,0.8872537612915039,11.250967,11.27002239227295
1317,46.56530261039734,0.8874912,0.8873473405838013,6.503835174953565e-05,0.8872613906860352,11.250877,11.265265941619873
1318,46.60163688659668,0.8874983,0.8874112367630005,3.482390457065776e-05,0.8873501420021057,11.250168,11.258876323699951
1319,46.63629984855652,0.88749915,0.887438178062439,3.715292041306384e-05,0.8874014019966125,11.250085,11.256182193756104
1320,46.672101974487305,0.8875614,0.8874698281288147,2.9553091735579073e-05,0.8874106407165527,11.243862,11.25301718711853
1321,46.70841836929321,0.88756585,0.8874922394752502,9.012188456836157e-06,0.8874835968017578,11.243415,11.250776052474976
1322,46.743436336517334,0.88759387,0.8874974250793457,1.5486584743484855e-05,0.8874903321266174,11.240614,11.25025749206543
1323,46.77909016609192,0.88759387,0.8875064253807068,2.528825461922679e-05,0.8874940872192383,11.240614,11.249357461929321
1324,46.808876514434814,0.8876667,0.8875194787979126,3.392688086023554e-05,0.887496292591095,11.23333,11.24805212020874
1325,46.84503626823425,0.8876673,0.887543261051178,3.979288158006966e-05,0.8874996900558472,11.233271,11.245673894882202
1326,46.88465356826782,0.8876788,0.8875817060470581,2.7167299776920117e-05,0.8875613808631897,11.23212,11.24182939529419
1327,46.921502113342285,0.8879052,0.887603223323822,4.091638038516976e-05,0.8875715732574463,11.209482,11.239677667617798
1328,46.95921492576599,0.88790894,0.8876394033432007,5.544036321225576e-05,0.8875914812088013,11.209106,11.236059665679932
1329,46.99575471878052,0.8879811,0.8876860737800598,7.084902608767152e-05,0.8876488208770752,11.201888,11.231392621994019
1330,47.03156280517578,0.8879831,0.8877224922180176,0.00010258637485094368,0.8876670002937317,11.201692,11.227750778198242
1331,47.068071126937866,0.88800585,0.8877872228622437,0.0001288716885028407,0.8876724243164062,11.199415,11.221277713775635
1332,47.10323619842529,0.8880109,0.8879024386405945,9.112765837926418e-05,0.887681245803833,11.198908,11.209756135940552
1333,47.1386992931366,0.88802,0.887965738773346,2.8365968319121748e-05,0.887908935546875,11.198002,11.203426122665405
1334,47.174713134765625,0.88802,0.8879859447479248,1.2771020010404754e-05,0.8879725337028503,11.198002,11.20140552520752
1335,47.20346450805664,0.88802594,0.8879966735839844,1.3164726624381728e-05,0.887981116771698,11.197406,11.200332641601562
1336,47.239370584487915,0.8880266,0.8880096077919006,6.114306415838655e-06,0.8879950046539307,11.19734,11.199039220809937
1337,47.27421474456787,0.8880435,0.8880149126052856,5.48852267456823e-06,0.8880102634429932,11.195648,11.198508739471436
1338,47.30992674827576,0.8880435,0.8880193829536438,6.3346328715852e-06,0.8880118727684021,11.195648,11.19806170463562
1339,47.33823251724243,0.8880591,0.8880255818367004,6.702528025925858e-06,0.8880199790000916,11.194092,11.197441816329956
1340,47.3742356300354,0.88807416,0.8880305290222168,8.41930159367621e-06,0.8880237340927124,11.192584,11.19694709777832
1341,47.41048550605774,0.8880853,0.8880372047424316,1.101201542041963e-05,0.8880265951156616,11.191469,11.196279525756836
1342,47.44522523880005,0.8880853,0.8880472779273987,1.1734350664482918e-05,0.8880308866500854,11.191469,11.195272207260132
1343,47.47355890274048,0.88808775,0.8880578279495239,1.1521011401782744e-05,0.8880451917648315,11.191225,11.194217205047607
1344,47.50958871841431,0.8880941,0.8880679607391357,1.1573194569791667e-05,0.8880532383918762,11.190587,11.193203926086426
1345,47.545249700546265,0.8880996,0.8880785703659058,9.08942638488952e-06,0.8880647420883179,11.190039,11.192142963409424
1346,47.58047080039978,0.8881048,0.8880874514579773,3.966073109040735e-06,0.8880811929702759,11.18952,11.19125485420227
1347,47.61621570587158,0.8881048,0.8880906701087952,4.278463620721595e-06,0.8880870342254639,11.18952,11.190932989120483
1348,47.64660596847534,0.8881112,0.8880942463874817,5.024359325034311e-06,0.8880882859230042,11.188883,11.190575361251831
1349,47.682297468185425,0.8881112,0.8880981206893921,5.715361112379469e-06,0.8880922794342041,11.188883,11.190187931060791
1350,47.71121311187744,0.88811815,0.8881029486656189,5.383683856052812e-06,0.8880946636199951,11.188185,11.18970513343811
1351,47.74759387969971,0.88811815,0.8881077766418457,3.285295633759233e-06,0.888104259967804,11.188185,11.18922233581543
1352,47.77637457847595,0.88811934,0.8881111741065979,2.400072162345168e-06,0.8881065249443054,11.1880665,11.18888258934021
1353,47.81225824356079,0.88811934,0.8881128430366516,2.714266656766995e-06,0.8881111741065979,11.1880665,11.188715696334839
1354,47.84023571014404,0.88816,0.888114869594574,4.944849933963269e-06,0.8881111741065979,11.184001,11.188513040542603
1355,47.87488389015198,0.8881676,0.8881192803382874,7.986238415469415e-06,0.8881144523620605,11.183238,11.188071966171265
1356,47.914727449417114,0.8881676,0.8881229162216187,1.0843699783436023e-05,0.8881181478500366,11.183238,11.187708377838135
1357,47.944807052612305,0.8881829,0.888129711151123,1.666852767812088e-05,0.8881193399429321,11.181712,11.187028884887695
1358,47.982425928115845,0.88820326,0.8881410956382751,2.03706331376452e-05,0.8881219625473022,11.179674,11.185890436172485
1359,48.018556118011475,0.88821095,0.888160765171051,1.6103294910863042e-05,0.8881250023841858,11.178905,11.183923482894897
1360,48.056397438049316,0.88824075,0.8881766200065613,1.73712833202444e-05,0.888159990310669,11.175924,11.182337999343872
1361,48.09434771537781,0.88826966,0.8881914615631104,2.1605854271911085e-05,0.8881681561470032,11.173034,11.180853843688965
1362,48.12997555732727,0.8882848,0.8882125616073608,2.3415243049385026e-05,0.8881828784942627,11.17152,11.178743839263916
1363,48.16672134399414,0.8882848,0.8882346749305725,1.911324761749711e-05,0.8882046341896057,11.17152,11.176532506942749
1364,48.19538903236389,0.8883395,0.8882521390914917,1.8924665710073896e-05,0.888231635093689,11.166048,11.17478609085083
1365,48.230666399002075,0.8883395,0.8882724046707153,1.8772328985505737e-05,0.8882520794868469,11.166048,11.172759532928467
1366,48.25989127159119,0.8884462,0.8882864713668823,2.7521293304744177e-05,0.8882665038108826,11.155378,11.171352863311768
1367,48.29771971702576,0.8884462,0.8883063793182373,3.1639716326026246e-05,0.8882696628570557,11.155378,11.16936206817627
1368,48.32755947113037,0.88845396,0.8883368372917175,2.3775624867994338e-05,0.8882972598075867,11.154604,11.166316270828247
1369,48.36265969276428,0.8885155,0.8883496522903442,3.9420283428626135e-05,0.888333797454834,11.148453,11.165034770965576
1370,48.39826440811157,0.8885351,0.8883705139160156,5.994195817038417e-05,0.8883383274078369,11.146492,11.162948608398438
1371,48.434836864471436,0.8885398,0.8884145617485046,7.838615420041606e-05,0.8883395195007324,11.146021,11.158543825149536
1372,48.46909976005554,0.8885398,0.888494610786438,3.539149111020379e-05,0.8884447813034058,11.146021,11.150538921356201
1373,48.498696088790894,0.8885398,0.8885231018066406,8.277943379653152e-06,0.8885116577148438,11.146021,11.147689819335938
1374,48.52815246582031,0.88855207,0.888530433177948,5.120644800626906e-06,0.8885239362716675,11.144793,11.1469566822052
1375,48.564767360687256,0.8886073,0.88853520154953,7.751534212729894e-06,0.8885298371315002,11.139268,11.146479845046997
1376,48.60201025009155,0.8886184,0.8885421752929688,1.1832926247734576e-05,0.8885340094566345,11.138159,11.145782470703125
1377,48.638254165649414,0.8886184,0.8885515332221985,1.705852810118813e-05,0.8885397911071777,11.138159,11.144846677780151
1378,48.66751980781555,0.8886262,0.8885629773139954,2.2201595129445195e-05,0.8885470628738403,11.137379,11.143702268600464
1379,48.70386242866516,0.88863724,0.8885783553123474,2.859994856407866e-05,0.8885528445243835,11.136275,11.142164468765259
1380,48.73920917510986,0.8886394,0.8886024951934814,2.3969614630914293e-05,0.8885585069656372,11.136061,11.139750480651855
1381,48.77546811103821,0.88866436,0.8886212110519409,9.027477972267661e-06,0.8886073231697083,11.133564,11.137878894805908
1382,48.81061625480652,0.8886777,0.888629674911499,8.109566806524526e-06,0.8886201977729797,11.132229,11.137032508850098
1383,48.84777212142944,0.8886788,0.888636589050293,8.253771738964133e-06,0.8886299133300781,11.132121,11.136341094970703
1384,48.88519334793091,0.8887003,0.8886423110961914,1.188364240078954e-05,0.8886332511901855,11.12997,11.13576889038086
1385,48.92324352264404,0.88870996,0.888649046421051,1.538349170004949e-05,0.8886372447013855,11.129004,11.135095357894897
1386,48.95897102355957,0.88872015,0.8886620998382568,1.8706772607401945e-05,0.8886426687240601,11.127985,11.133790016174316
1387,48.99562072753906,0.88872015,0.8886793851852417,1.582582262926735e-05,0.8886556029319763,11.127985,11.13206148147583
1388,49.025845527648926,0.8887211,0.8886934518814087,1.2855297427449841e-05,0.8886785507202148,11.12789,11.13065481185913
1389,49.06129193305969,0.88872576,0.8887044191360474,1.1499329048092477e-05,0.888688862323761,11.127424,11.129558086395264
1390,49.09595060348511,0.88872576,0.8887153267860413,5.113013230584329e-06,0.8887061476707458,11.127424,11.128467321395874
1391,49.123915910720825,0.8887269,0.8887197375297546,2.2849553715786897e-06,0.8887160420417786,11.127311,11.128026247024536
1392,49.16005349159241,0.8887523,0.8887215256690979,2.6999141482519917e-06,0.8887201547622681,11.124772,11.12784743309021
1393,49.19563412666321,0.8887523,0.8887229561805725,4.0322961467609275e-06,0.8887211084365845,11.124772,11.127704381942749
1394,49.22551345825195,0.88880706,0.8887264728546143,9.76639876171248e-06,0.8887212872505188,11.119294,11.127352714538574
1395,49.26176309585571,0.88880706,0.8887310028076172,1.2588968274940271e-05,0.888725757598877,11.119294,11.126899719238281
1396,49.29019498825073,0.88881636,0.8887372612953186,1.8603912394610234e-05,0.8887266516685486,11.118364,11.12627387046814
1397,49.32666754722595,0.88881636,0.8887490630149841,2.4457747713313438e-05,0.8887268900871277,11.118364,11.125093698501587
1398,49.35514545440674,0.8888416,0.8887677788734436,2.4059549105004407e-05,0.8887521028518677,11.115837,11.12322211265564
1399,49.390984773635864,0.8888417,0.8887849450111389,2.8731550628435798e-05,0.8887547850608826,11.115831,11.121505498886108
1400,49.42603254318237,0.88888633,0.888816237449646,1.7623953681322746e-05,0.8887853026390076,11.111366,11.1183762550354
1401,49.46225881576538,0.888919,0.8888334035873413,2.1348383597796783e-05,0.8888126611709595,11.108101,11.11665964126587
1402,49.49865126609802,0.888919,0.8888524770736694,2.2110514692030847e-05,0.8888243436813354,11.108101,11.114752292633057
1403,49.5272262096405,0.88894546,0.8888722062110901,2.204474003519863e-05,0.8888416886329651,11.1054535,11.112779378890991
1404,49.56315732002258,0.8889503,0.8888933658599854,1.7379543351125903e-05,0.8888676762580872,11.104971,11.110663414001465
1405,49.598766803741455,0.88897306,0.8889067769050598,2.1077612473163754e-05,0.8888893723487854,11.1026945,11.109322309494019
1406,49.63548707962036,0.88900137,0.8889234662055969,2.329845847270917e-05,0.8888941407203674,11.099863,11.107653379440308
1407,49.67136836051941,0.88900894,0.8889471888542175,1.7336520613753237e-05,0.8889189958572388,11.099106,11.105281114578247
1408,49.7077112197876,0.88900894,0.8889588117599487,1.9690523913595825e-05,0.8889459371566772,11.099106,11.104118824005127
1409,49.734543323516846,0.88900894,0.8889710903167725,2.44304883381119e-05,0.8889502882957458,11.099106,11.102890968322754
1410,49.76378655433655,0.88902605,0.8889919519424438,1.985619564948138e-05,0.8889510035514832,11.097395,11.100804805755615
1411,49.80025243759155,0.88902605,0.8890058994293213,3.462519771346706e-06,0.8890013694763184,11.097395,11.099410057067871
1412,49.82883906364441,0.8890387,0.8890087604522705,4.770057330460986e-06,0.8890068531036377,11.096132,11.09912395477295
1413,49.86463713645935,0.8890387,0.8890112042427063,7.269898105732864e-06,0.8890069723129272,11.096132,11.09887957572937
1414,49.89315462112427,0.8890387,0.8890153765678406,1.0651776392478496e-05,0.8890089392662048,11.096132,11.098462343215942
1415,49.9470374584198,0.8890497,0.8851924538612366,0.0029972305055707693,0.878008246421814,11.095029,11.480754613876343
1416,49.98216509819031,0.8890497,0.8877241015434265,0.0009715139749459922,0.8858994245529175,11.095029,11.227589845657349
1417,50.010939836502075,0.8890497,0.8885581493377686,0.00037124307709746063,0.8878000974655151,11.095029,11.144185066223145
1418,50.039652585983276,0.88907945,0.8888773918151855,0.0001570957392686978,0.8885980248451233,11.092054,11.112260818481445
1419,50.075653314590454,0.88908947,0.8890203237533569,2.8198917789268307e-05,0.8889662027359009,11.091053,11.097967624664307
1420,50.113059282302856,0.88908947,0.8890419006347656,2.2640613678959198e-05,0.8890101313591003,11.091053,11.095809936523438
1421,50.142765522003174,0.8891021,0.889060914516449,1.4680214007967152e-05,0.8890497088432312,11.08979,11.093908548355103
1422,50.17972683906555,0.8891021,0.8890718221664429,1.4202674719854258e-05,0.8890497088432312,11.08979,11.092817783355713
1423,50.20871639251709,0.88910425,0.8890835642814636,7.715840183664113e-06,0.8890753984451294,11.089575,11.091643571853638
1424,50.244274854660034,0.8891083,0.8890895843505859,9.316378964285832e-06,0.8890793919563293,11.08917,11.091041564941406
1425,50.27959942817688,0.8891083,0.8890987038612366,5.05499974678969e-06,0.8890894651412964,11.08917,11.090129613876343
1426,50.308067321777344,0.88911784,0.8891029953956604,2.5869219371088548e-06,0.8891000747680664,11.088217,11.08970046043396
1427,50.34443950653076,0.88911784,0.8891048431396484,3.6647218166763196e-06,0.8891021013259888,11.088217,11.089515686035156
1428,50.37325668334961,0.88914305,0.8891087770462036,6.000126177241327e-06,0.8891042470932007,11.085695,11.089122295379639
1429,50.40943884849548,0.8891501,0.889113187789917,9.2053005573689e-06,0.8891083002090454,11.084991,11.0886812210083
1430,50.44611072540283,0.8892003,0.8891193866729736,1.3948193554824684e-05,0.8891083002090454,11.0799675,11.088061332702637
1431,50.48197531700134,0.8892003,0.8891299366950989,1.55059478856856e-05,0.889115035533905,11.0799675,11.087006330490112
1432,50.51098680496216,0.8892082,0.8891459107398987,1.7290991308982484e-05,0.8891206383705139,11.07918,11.085408926010132
1433,50.54752206802368,0.8892082,0.8891596794128418,1.8827393432729878e-05,0.8891457319259644,11.07918,11.08403205871582
1434,50.57580614089966,0.88925356,0.8891746401786804,2.077785575238522e-05,0.8891518712043762,11.074644,11.082535982131958
1435,50.61208200454712,0.88925356,0.8891928791999817,1.617057205294259e-05,0.8891623616218567,11.074644,11.080712080001831
1436,50.641093492507935,0.88928246,0.8892073035240173,1.4250862477638293e-05,0.8892003297805786,11.0717535,11.079269647598267
1437,50.67711544036865,0.88932383,0.8892168998718262,2.238897286588326e-05,0.8892011642456055,11.067617,11.078310012817383
1438,50.714672327041626,0.8893292,0.8892307281494141,3.3135696867248043e-05,0.889208197593689,11.0670805,11.076927185058594
1439,50.75222182273865,0.88933873,0.8892567157745361,3.997282692580484e-05,0.8892130851745605,11.066127,11.074328422546387
1440,50.7903618812561,0.88934004,0.889295756816864,2.4124004994519055e-05,0.8892592191696167,11.065996,11.070424318313599
1441,50.82624125480652,0.8893962,0.8893176317214966,1.3626897271024063e-05,0.8892923593521118,11.060381,11.068236827850342
1442,50.86157274246216,0.88940597,0.8893293142318726,1.2133497875765897e-05,0.8893199563026428,11.059403,11.067068576812744
1443,50.89887499809265,0.8894092,0.8893377184867859,1.7606706023798324e-05,0.889329195022583,11.059082,11.066228151321411
1444,50.934648513793945,0.8894215,0.8893471360206604,2.471656262059696e-05,0.889332115650177,11.057848,11.06528639793396
1445,50.97055959701538,0.8894215,0.8893636465072632,3.1169052817858756e-05,0.8893387317657471,11.057848,11.063635349273682
1446,50.999438524246216,0.8894215,0.8893883228302002,2.953779221570585e-05,0.8893412947654724,11.057848,11.06116771697998
1447,51.02826905250549,0.8894258,0.8894123435020447,6.564640443684766e-06,0.8894046545028687,11.057419,11.058765649795532
1448,51.065361738204956,0.8894397,0.8894184231758118,4.446726052265149e-06,0.8894094824790955,11.05603,11.058157682418823
1449,51.10152459144592,0.8894397,0.8894215822219849,3.2881166589504573e-06,0.8894200325012207,11.05603,11.057841777801514
1450,51.131540060043335,0.8894807,0.8894240856170654,6.2287726905196905e-06,0.8894215226173401,11.051929,11.057591438293457
1451,51.16901993751526,0.8895004,0.8894283175468445,1.2075995073246304e-05,0.889422595500946,11.049962,11.057168245315552
1452,51.204347133636475,0.88950187,0.8894357085227966,1.7637907149037346e-05,0.8894240856170654,11.049813,11.056429147720337
1453,51.24233865737915,0.88950187,0.8894466757774353,2.0213905372656882e-05,0.8894258141517639,11.049813,11.05533242225647
1454,51.27299356460571,0.889526,0.8894624710083008,2.28225726459641e-05,0.8894397020339966,11.0473995,11.053752899169922
1455,51.308632612228394,0.88952655,0.8894824981689453,1.8764669221127406e-05,0.8894506692886353,11.047345,11.051750183105469
1456,51.34583854675293,0.8895275,0.8894983530044556,8.594325663580094e-06,0.8894819617271423,11.04725,11.050164699554443
1457,51.38346600532532,0.8895323,0.8895038962364197,7.558503511972958e-06,0.8895003795623779,11.046767,11.049610376358032
1458,51.41987347602844,0.8895338,0.8895084857940674,1.0691101124393754e-05,0.8895003795623779,11.046618,11.049151420593262
1459,51.456515312194824,0.8895366,0.8895160555839539,1.1745716619770974e-05,0.8895018696784973,11.046338,11.048394441604614
1460,51.49316596984863,0.8895412,0.8895269632339478,6.516055691463407e-06,0.8895076513290405,11.045879,11.047303676605225
1461,51.52993440628052,0.8895427,0.8895316123962402,3.095568217759137e-06,0.8895279765129089,11.045731,11.046838760375977
1462,51.56684494018555,0.8895738,0.8895341753959656,3.680819645524025e-06,0.8895323276519775,11.042619,11.046582460403442
1463,51.60397434234619,0.88961536,0.8895370364189148,7.4756644607987255e-06,0.8895323276519775,11.038465,11.04629635810852
1464,51.641173362731934,0.88961536,0.8895413875579834,1.1728086064977106e-05,0.8895366191864014,11.038465,11.04586124420166
1465,51.67069411277771,0.88967955,0.889548659324646,2.2024722056812607e-05,0.8895373940467834,11.032045,11.0451340675354
1466,51.70763039588928,0.8896838,0.8895613551139832,3.533668859745376e-05,0.8895412087440491,11.031622,11.043864488601685
1467,51.74379014968872,0.88973093,0.8895849585533142,4.826968506677076e-05,0.8895455598831177,11.026907,11.041504144668579
1468,51.779237270355225,0.8897333,0.8896239399909973,5.005493949283846e-05,0.8895666599273682,11.026669,11.037606000900269
1469,51.81735897064209,0.8897333,0.8896709680557251,3.566147279343568e-05,0.8896075487136841,11.026669,11.03290319442749
1470,51.84791326522827,0.8897506,0.8896979093551636,2.0800725906156003e-05,0.8896763324737549,11.0249405,11.030209064483643
1471,51.88381505012512,0.8897522,0.8897165656089783,1.6682739442330785e-05,0.8896853923797607,11.024779,11.028343439102173
1472,51.92168426513672,0.88975227,0.8897310495376587,6.748821760993451e-06,0.8897210359573364,11.024773,11.02689504623413
1473,51.95851755142212,0.8897573,0.8897368311882019,6.957947334740311e-06,0.8897309303283691,11.024273,11.02631688117981
1474,51.99413728713989,0.88976204,0.8897426724433899,7.239595561259193e-06,0.8897333145141602,11.023796,11.02573275566101
1475,52.0314404964447,0.88976204,0.8897496461868286,4.966055257682456e-06,0.8897409439086914,11.023796,11.025035381317139
1476,52.05994749069214,0.88976204,0.8897537589073181,3.151301598336431e-06,0.889750599861145,11.023796,11.024624109268188
1477,52.08917856216431,0.8897681,0.8897561430931091,3.321551730550709e-06,0.889752209186554,11.023188,11.024385690689087
1478,52.12686109542847,0.88977337,0.8897590637207031,2.793171233861358e-06,0.889756977558136,11.022663,11.024093627929688
1479,52.164408445358276,0.8897829,0.889761209487915,3.678298753584386e-06,0.8897572755813599,11.021709,11.023879051208496
1480,52.211485862731934,0.8897829,0.8897640109062195,4.128664841118734e-06,0.8897620439529419,11.021709,11.023598909378052
1481,52.24955368041992,0.8897829,0.8897668719291687,5.913996119488729e-06,0.8897620439529419,11.021709,11.02331280708313
1482,52.282822132110596,0.8897879,0.8897722363471985,5.767463335359935e-06,0.889763355255127,11.021209,11.022776365280151
1483,52.324281454086304,0.88980377,0.8897775411605835,5.616293947241502e-06,0.8897730112075806,11.019623,11.02224588394165
1484,52.3625373840332,0.88980407,0.8897823095321655,6.837141427240567e-06,0.8897768259048462,11.019593,11.021769046783447
1485,52.40387845039368,0.8898171,0.8897887468338013,8.216068636102136e-06,0.8897792100906372,11.018288,11.021125316619873
1486,52.47125768661499,0.8898425,0.8897963762283325,8.464739039482083e-06,0.8897850513458252,11.015749,11.020362377166748
1487,52.52730345726013,0.8898425,0.8898037075996399,8.743468242755625e-06,0.8897975087165833,11.015749,11.01962924003601
1488,52.57347059249878,0.8898425,0.8898088932037354,1.1817089216492604e-05,0.8898011445999146,11.015749,11.019110679626465
1489,52.614821672439575,0.88984394,0.8898152709007263,1.524306571809575e-05,0.8898037672042847,11.015606,11.018472909927368
1490,52.66226649284363,0.8898442,0.8898286819458008,1.3838965060131159e-05,0.8898051381111145,11.015582,11.017131805419922
1491,52.70655131340027,0.8898633,0.8898416757583618,2.9808413728460437e-06,0.889824390411377,11.013669,11.015832424163818
1492,52.75161123275757,0.8898633,0.8898434638977051,2.654961008374812e-06,0.8898425102233887,11.013669,11.015653610229492
1493,52.78315258026123,0.8898633,0.8898448944091797,4.425849056133302e-06,0.8898428082466125,11.013669,11.015510559082031
1494,52.81455945968628,0.88986486,0.889846920967102,6.036190370650729e-06,0.8898438811302185,11.013514,11.015307903289795
1495,52.854477643966675,0.88986516,0.8898500800132751,7.586640094814356e-06,0.8898441791534424,11.013484,11.014991998672485
1496,52.892327070236206,0.8898654,0.8898559808731079,6.875857252452988e-06,0.8898456692695618,11.01346,11.014401912689209
1497,52.93124008178711,0.889892,0.8898623585700989,2.9939908472442767e-06,0.8898589611053467,11.010801,11.013764142990112
1498,52.97163367271423,0.8899199,0.8898653388023376,6.937180387467379e-06,0.8898630142211914,11.008013,11.013466119766235
1499,53.011555433273315,0.8899212,0.8898690938949585,1.2693701137322932e-05,0.8898633718490601,11.007881,11.01309061050415
1500,53.05075931549072,0.88994515,0.8898747563362122,1.862797944340855e-05,0.8898651599884033,11.005486,11.012524366378784
1501,53.087517499923706,0.8899542,0.8898888230323792,2.531062091293279e-05,0.8898656368255615,11.00458,11.011117696762085
1502,53.124260663986206,0.88996696,0.8899114727973938,1.9079501726082526e-05,0.8898702263832092,11.003304,11.00885272026062
1503,53.16089081764221,0.89000577,0.8899309039115906,1.698851519904565e-05,0.8899129629135132,10.999423,11.006909608840942
1504,53.19945549964905,0.8900075,0.8899439573287964,2.0427089111763053e-05,0.8899245262145996,10.99925,11.005604267120361
1505,53.237093448638916,0.89002174,0.8899623155593872,1.8050877770292573e-05,0.8899415731430054,10.997826,11.00376844406128
1506,53.27417039871216,0.89002496,0.8899783492088318,1.8694599930313416e-05,0.8899620771408081,10.997504,11.002165079116821
1507,53.31125283241272,0.89002645,0.8899922370910645,1.8904598618973978e-05,0.8899669647216797,10.9973545,11.000776290893555
1508,53.34926986694336,0.8900269,0.8900095224380493,6.66280311634182e-06,0.8900030851364136,10.997307,10.999047756195068
1509,53.386722803115845,0.8900281,0.8900136947631836,8.005870768101886e-06,0.890007495880127,10.997189,10.99863052368164
1510,53.42453169822693,0.8900281,0.8900200128555298,7.387549430859508e-06,0.8900080323219299,10.997189,10.997998714447021
1511,53.454694986343384,0.8900331,0.8900259137153625,1.3403335969996988e-06,0.8900234699249268,10.996687,10.997408628463745
1512,53.493390798568726,0.8900339,0.8900271058082581,1.1047171710742987e-06,0.8900262117385864,10.99661,10.997289419174194
1513,53.531434535980225,0.89004123,0.8900281190872192,1.704743681330001e-06,0.8900266885757446,10.995876,10.997188091278076
1514,53.57005429267883,0.89004266,0.8900293111801147,3.037959913854138e-06,0.8900281190872192,10.995733,10.997068881988525
1515,53.60633039474487,0.89004755,0.8900311589241028,4.6831441977701616e-06,0.8900281190872192,10.995245,10.996884107589722
1516,53.64420747756958,0.89007497,0.890034556388855,5.966138814983424e-06,0.8900281190872192,10.992503,10.996544361114502
1517,53.67924356460571,0.89007497,0.8900390863418579,6.389684585883515e-06,0.8900331258773804,10.992503,10.996091365814209
1518,53.71017789840698,0.89011765,0.8900456428527832,9.587252861820161e-06,0.8900408744812012,10.988235,10.99543571472168
1519,53.74632811546326,0.89011765,0.8900527358055115,1.814204551919829e-05,0.8900426626205444,10.988235,10.994726419448853
1520,53.77673554420471,0.89013064,0.8900642991065979,2.5201474272762425e-05,0.890047550201416,10.986937,10.99357008934021
1521,53.8144326210022,0.89016074,0.8900854587554932,2.8377015041769482e-05,0.8900502920150757,10.983926,10.991454124450684
1522,53.85266089439392,0.89016074,0.8901110887527466,1.641186281631235e-05,0.8900749683380127,10.983926,10.988891124725342
1523,53.88439226150513,0.89016074,0.8901222348213196,8.92837306309957e-06,0.8901140689849854,10.983926,10.987776517868042
1524,53.91458225250244,0.89016837,0.890127956867218,1.146407794294646e-05,0.8901176452636719,10.983163,10.987204313278198
1525,53.951627254486084,0.89017415,0.8901363611221313,1.3938199117546901e-05,0.8901252746582031,10.982585,10.986363887786865
1526,53.9891095161438,0.8901842,0.89014732837677,1.634745240153279e-05,0.8901306390762329,10.981578,10.985267162322998
1527,54.02830505371094,0.8901842,0.8901616930961609,1.2593684914463665e-05,0.8901382684707642,10.981578,10.983830690383911
1528,54.05836725234985,0.8901842,0.8901708126068115,7.125115644157631e-06,0.8901607394218445,10.981578,10.982918739318848
1529,54.08652949333191,0.8902003,0.8901770710945129,5.405941010394599e-06,0.8901684880256653,10.979968,10.982292890548706
1530,54.122769832611084,0.8902003,0.8901817798614502,5.73352144783712e-06,0.890174150466919,10.979968,10.98182201385498
1531,54.15364980697632,0.8902003,0.8901858329772949,6.398080586222932e-06,0.8901817798614502,10.979968,10.981416702270508
1532,54.1829309463501,0.89021546,0.8901911973953247,7.4951140049961396e-06,0.8901818990707397,10.978455,10.98088026046753
1533,54.21799159049988,0.89021546,0.8901991248130798,4.723388883576263e-06,0.8901905417442322,10.978455,10.980087518692017
1534,54.24679970741272,0.89033777,0.8902036547660828,1.1505622751428746e-05,0.8901976943016052,10.966224,10.979634523391724
1535,54.282877922058105,0.89033777,0.8902103900909424,1.808021988836117e-05,0.8902003169059753,10.966224,10.978960990905762
1536,54.31170153617859,0.89034045,0.8902212381362915,2.8012711482006125e-05,0.8902097940444946,10.965956,10.97787618637085
1537,54.34911251068115,0.8903524,0.8902334570884705,3.815686795860529e-05,0.8902103900909424,10.964757,10.976654291152954
1538,54.38607883453369,0.8904205,0.8902554512023926,4.9143309297505766e-05,0.8902159929275513,10.957951,10.974454879760742
1539,54.42226719856262,0.8904297,0.8902953863143921,5.247430090093985e-05,0.8902275562286377,10.957032,10.970461368560791
1540,54.45821213722229,0.8904346,0.8903481364250183,3.291111352154985e-05,0.890283465385437,10.956537,10.965186357498169
1541,54.49515438079834,0.89043695,0.8903719782829285,2.9140268452465534e-05,0.8903449773788452,10.9563055,10.962802171707153
1542,54.530412912368774,0.8904393,0.8903953433036804,2.7215703084948473e-05,0.8903560638427734,10.956073,10.960465669631958
1543,54.565263509750366,0.89045596,0.8904210925102234,1.181605057354318e-05,0.8904019594192505,10.954404,10.957890748977661
1544,54.60193061828613,0.89045596,0.8904315829277039,7.774415280437097e-06,0.8904200196266174,10.954404,10.956841707229614
1545,54.63162159919739,0.89046115,0.8904385566711426,7.132414339139359e-06,0.8904320597648621,10.953885,10.956144332885742
1546,54.66945719718933,0.89046174,0.8904449939727783,7.166063824115554e-06,0.8904369473457336,10.953826,10.955500602722168
1547,54.70671200752258,0.8904678,0.8904521465301514,5.035573394707171e-06,0.8904439210891724,10.9532175,10.954785346984863
1548,54.74307441711426,0.8904684,0.8904567956924438,4.627010184776736e-06,0.8904498815536499,10.953158,10.954320430755615
1549,54.778340339660645,0.8904684,0.8904602527618408,4.019057541881921e-06,0.890455961227417,10.953158,10.953974723815918
1550,54.80631756782532,0.8904705,0.8904638886451721,3.2478055800311267e-06,0.8904611468315125,10.95295,10.953611135482788
1551,54.84162473678589,0.89049244,0.8904666900634766,3.7198883546807338e-06,0.8904617428779602,10.950756,10.953330993652344
1552,54.87806677818298,0.89049757,0.8904692530632019,4.3731770347221754e-06,0.8904678225517273,10.950243,10.95307469367981
1553,54.91350531578064,0.89049757,0.8904708623886108,6.685710104648024e-06,0.890468418598175,10.950243,10.952913761138916
1554,54.94298005104065,0.890509,0.8904741406440735,1.0560091141087469e-05,0.890468418598175,10.949099,10.952585935592651
1555,54.97912383079529,0.89052695,0.8904809951782227,1.3680515621672384e-05,0.890468955039978,10.947305,10.951900482177734
1556,55.01502013206482,0.89052695,0.8904925584793091,1.279268144571688e-05,0.8904711008071899,10.947305,10.950744152069092
1557,55.044806480407715,0.8905302,0.8905032873153687,7.898454896348994e-06,0.8904943466186523,10.946978,10.949671268463135
1558,55.08015847206116,0.8905323,0.8905094861984253,8.272204468084965e-06,0.8905036449432373,10.946769,10.94905138015747
1559,55.11682915687561,0.8905323,0.8905153274536133,9.393682375957724e-06,0.8905048370361328,10.946769,10.948467254638672
1560,55.14667057991028,0.89054114,0.89052414894104,7.5418402047944255e-06,0.8905090093612671,10.945887,10.947585105895996
1561,55.182592153549194,0.89054114,0.8905291557312012,2.8680472041742178e-06,0.8905269503593445,10.945887,10.947084426879883
1562,55.21152138710022,0.89054114,0.8905314207077026,3.4891554605565034e-06,0.8905275464057922,10.945887,10.946857929229736
1563,55.24176335334778,0.8905496,0.8905343413352966,3.349341341163381e-06,0.8905311226844788,10.94504,10.946565866470337
1564,55.27751684188843,0.8905889,0.8905373215675354,5.512359621206997e-06,0.8905323147773743,10.9411125,10.94626784324646
1565,55.313507318496704,0.8906482,0.8905419111251831,9.416099601367023e-06,0.8905359506607056,10.935182,10.94580888748169
1566,55.34978413581848,0.8906482,0.8905479907989502,1.7116160961450078e-05,0.890541136264801,10.935182,10.94520092010498
1567,55.37932848930359,0.89065087,0.890557587146759,2.8147371267550625e-05,0.8905426263809204,10.934914,10.944241285324097
1568,55.416006088256836,0.8906692,0.8905768394470215,4.0553186408942565e-05,0.8905476331710815,10.933077,10.942316055297852
1569,55.45245814323425,0.89068234,0.8906061053276062,4.500670911511406e-05,0.890552282333374,10.9317665,10.93938946723938
1570,55.48856234550476,0.89068234,0.8906511664390564,1.557906944071874e-05,0.8905888795852661,10.9317665,10.93488335609436
1571,55.51790380477905,0.89068234,0.8906598091125488,9.86631403065985e-06,0.8906481862068176,10.9317665,10.934019088745117
1572,55.546629667282104,0.890685,0.8906679153442383,7.202374490589136e-06,0.890656590461731,10.931498,10.933208465576172
1573,55.58296799659729,0.890685,0.8906742334365845,4.746346348838415e-06,0.8906680345535278,10.931498,10.932576656341553
1574,55.61154627799988,0.89070237,0.8906784057617188,3.8524735828104895e-06,0.890673816204071,10.929764,10.932159423828125
1575,55.64699029922485,0.89070237,0.8906817436218262,3.407510348552023e-06,0.8906777501106262,10.929764,10.931825637817383
1576,55.67743253707886,0.8907109,0.8906844258308411,5.080913979327306e-06,0.8906823396682739,10.928911,10.931557416915894
1577,55.713353633880615,0.8907136,0.8906869292259216,7.587812433484942e-06,0.8906823396682739,10.928642,10.931307077407837
1578,55.749300479888916,0.89071816,0.8906921148300171,1.0842874871741515e-05,0.8906850218772888,10.928184,10.930788516998291
1579,55.78534460067749,0.89074105,0.890701174736023,1.2645901733776554e-05,0.8906850218772888,10.925895,10.929882526397705
1580,55.82200813293457,0.8907437,0.8907131552696228,7.3242194957856555e-06,0.8907023668289185,10.925632,10.92868447303772
1581,55.870641231536865,0.8907437,0.8907188177108765,7.382343937933911e-06,0.8907135725021362,10.925632,10.928118228912354
1582,55.90825891494751,0.89076,0.8907241225242615,8.86902489583008e-06,0.8907179236412048,10.924,10.927587747573853
1583,55.95158672332764,0.89076,0.8907308578491211,1.019293995341286e-05,0.8907181620597839,10.924,10.92691421508789
1584,55.98175501823425,0.8907666,0.8907408714294434,8.136576980177779e-06,0.8907284736633301,10.923338,10.925912857055664
1585,56.01703977584839,0.89077854,0.8907489776611328,7.625774287589593e-06,0.8907410502433777,10.922146,10.925102233886719
1586,56.05334806442261,0.89078355,0.8907562494277954,8.328434887516778e-06,0.8907460570335388,10.921645,10.924375057220459
1587,56.089759826660156,0.8907842,0.8907633423805237,7.26442249288084e-06,0.8907536864280701,10.921579,10.923665761947632
1588,56.12598633766174,0.8908014,0.8907697796821594,7.827589797670953e-06,0.890761137008667,10.919857,10.923022031784058
1589,56.16127133369446,0.89080226,0.8907775282859802,7.608103715028847e-06,0.8907676935195923,10.919773,10.922247171401978
1590,56.196775913238525,0.89081085,0.8907849192619324,7.408122201013612e-06,0.8907771110534668,10.918915,10.921508073806763
1591,56.233009576797485,0.89081806,0.890792191028595,7.866060514061246e-06,0.8907827138900757,10.918194,10.920780897140503
1592,56.26972723007202,0.89081806,0.8907999396324158,7.369674676738214e-06,0.8907901048660278,10.918194,10.920006036758423
1593,56.29827356338501,0.8908204,0.8908066153526306,6.825695891166106e-06,0.8907994627952576,10.917961,10.919338464736938
1594,56.3323757648468,0.8908204,0.8908129334449768,4.758817794936476e-06,0.8908025622367859,10.917961,10.91870665550232
1595,56.36150574684143,0.8908204,0.8908171653747559,1.6158838889168692e-06,0.8908149003982544,10.917961,10.918283462524414
1596,56.391223669052124,0.8908225,0.8908182978630066,9.201171451422852e-07,0.8908177614212036,10.9177475,10.91817021369934
1597,56.42644500732422,0.8908225,0.8908188343048096,1.1488008340165834e-06,0.8908180594444275,10.9177475,10.918116569519043
1598,56.45630669593811,0.8908225,0.8908200263977051,1.0136642458746792e-06,0.8908180594444275,10.9177475,10.917997360229492
1599,56.48697757720947,0.89082277,0.8908207416534424,7.291646966223198e-07,0.8908202648162842,10.917723,10.917925834655762
1600,56.52424168586731,0.8908229,0.8908210396766663,9.83648305918905e-07,0.8908203840255737,10.917711,10.917896032333374
1601,56.55975675582886,0.8908229,0.890821635723114,1.1159162340845796e-06,0.8908203840255737,10.917711,10.917836427688599
1602,56.58798408508301,0.89082444,0.8908225893974304,2.0425231639364938e-07,0.8908225297927856,10.917557,10.917741060256958
1603,56.62470102310181,0.89082676,0.8908228874206543,3.352471935613721e-07,0.8908226490020752,10.917324,10.91771125793457
1604,56.66196084022522,0.8908901,0.890823483467102,4.637426627596142e-06,0.8908227682113647,10.910988,10.917651653289795
1605,56.697474002838135,0.8908901,0.8908246159553528,8.52047924126964e-06,0.8908228874206543,10.910988,10.917538404464722
1606,56.72777533531189,0.8908901,0.8908274173736572,1.479518959968118e-05,0.8908228874206543,10.910988,10.917258262634277
1607,56.75851392745972,0.8908942,0.8908334374427795,2.2186524802236818e-05,0.8908228874206543,10.910583,10.916656255722046
1608,56.79377102851868,0.89094144,0.8908461332321167,2.960390702355653e-05,0.8908244371414185,10.905856,10.91538667678833
1609,56.831337451934814,0.8909455,0.8908681869506836,3.203264714102261e-05,0.890826940536499,10.905451,10.91318130493164
1610,56.868345975875854,0.8909455,0.8908959031105042,1.5121729120437521e-05,0.8908901214599609,10.905451,10.910409688949585
1611,56.89892053604126,0.8909455,0.8909026980400085,2.0547549866023473e-05,0.8908903002738953,10.905451,10.909730195999146
1612,56.92726540565491,0.8909455,0.8909149765968323,2.4288137865369208e-05,0.8908941745758057,10.905451,10.908502340316772
1613,56.95479917526245,0.8909552,0.8909369111061096,1.726198934193235e-05,0.8908942937850952,10.904479,10.906308889389038
1614,56.99002957344055,0.8909552,0.8909457325935364,1.3554241604651907e-06,0.890943706035614,10.904479,10.905426740646362
1615,57.0195038318634,0.8909803,0.890946626663208,4.248540335538564e-06,0.8909454941749573,10.90197,10.9053373336792
1616,57.05541515350342,0.8910085,0.8909496068954468,9.623960067983717e-06,0.8909454941749573,10.899151,10.905039310455322
1617,57.0911340713501,0.8910085,0.890954315662384,1.3175486856198404e-05,0.8909454941749573,10.899151,10.904568433761597
1618,57.1197829246521,0.89103436,0.8909655809402466,1.7709238818497397e-05,0.890947699546814,10.896564,10.903441905975342
1619,57.16018581390381,0.8910384,0.8909820914268494,1.6252595742116682e-05,0.8909581899642944,10.896158,10.901790857315063
1620,57.19606423377991,0.8910394,0.8909918665885925,2.1185654986766167e-05,0.8909770250320435,10.896063,10.900813341140747
1621,57.23089814186096,0.89106023,0.8910067677497864,2.4640998162794858e-05,0.8909803032875061,10.893976,10.899323225021362
1622,57.266186475753784,0.89106023,0.891030490398407,1.2783476449840236e-05,0.8910084962844849,10.893976,10.896950960159302
1623,57.29526329040527,0.8910613,0.8910394310951233,4.5821220737707336e-06,0.8910369873046875,10.893869,10.896056890487671
1624,57.329922914505005,0.8910615,0.891042172908783,6.2143694776750635e-06,0.891037106513977,10.893851,10.895782709121704
1625,57.36656188964844,0.8910669,0.8910465836524963,7.748752977931872e-06,0.8910399675369263,10.893309,10.895341634750366
1626,57.401761293411255,0.8910718,0.8910517692565918,1.0023753020504955e-05,0.8910425901412964,10.89282,10.89482307434082
1627,57.43558430671692,0.8910718,0.8910602331161499,8.025556780921761e-06,0.8910446763038635,10.89282,10.89397668838501
1628,57.465763568878174,0.891072,0.891066312789917,2.5483147965132957e-06,0.8910614848136902,10.892802,10.8933687210083
1629,57.50110912322998,0.891072,0.8910683393478394,1.6892030316739692e-06,0.8910667896270752,10.892802,10.893166065216064
1630,57.52985596656799,0.891072,0.891069769859314,1.3343227465156815e-06,0.8910679221153259,10.892802,10.893023014068604
1631,57.5565185546875,0.8910803,0.8910709023475647,1.3450004416881711e-06,0.8910691738128662,10.891968,10.89290976524353
1632,57.59146976470947,0.8910886,0.891072154045105,1.7050665519491304e-06,0.8910717964172363,10.89114,10.892784595489502
1633,57.626474380493164,0.8910936,0.8910732865333557,4.181015356152784e-06,0.8910719752311707,10.890638,10.892671346664429
1634,57.663156509399414,0.891096,0.8910751938819885,6.71626185066998e-06,0.8910719752311707,10.8904,10.892480611801147
1635,57.69925117492676,0.891096,0.8910787105560303,8.872860234987456e-06,0.8910719752311707,10.8904,10.892128944396973
1636,57.72638130187988,0.89109606,0.8910853266716003,8.643171895528212e-06,0.8910719752311707,10.890394,10.891467332839966
1637,57.76276898384094,0.89109874,0.8910927772521973,2.4829032554407604e-06,0.8910883069038391,10.890126,10.890722274780273
1638,57.799224615097046,0.89110196,0.8910947442054749,1.2832298352805083e-06,0.8910936117172241,10.889805,10.890525579452515
1639,57.835503578186035,0.89110374,0.8910958170890808,1.427599272574298e-06,0.8910937905311584,10.889626,10.890418291091919
1640,57.87211489677429,0.8911072,0.891096830368042,2.0674940515164053e-06,0.8910959959030151,10.88928,10.8903169631958
1641,57.91030740737915,0.89111614,0.8910982608795166,3.7711452023359016e-06,0.8910959959030151,10.888386,10.89017391204834
1642,57.94617748260498,0.89112824,0.891101598739624,5.710935056413291e-06,0.8910960555076599,10.887176,10.889840126037598
1643,57.98304843902588,0.8911334,0.891106367111206,5.352187599783065e-06,0.8911007046699524,10.886658,10.889363288879395
1644,58.018105030059814,0.8911334,0.8911115527153015,7.3083942879748065e-06,0.8911039233207703,10.886658,10.888844728469849
1645,58.047563552856445,0.8911427,0.8911184072494507,7.834751158952713e-06,0.8911092281341553,10.885727,10.888159275054932
1646,58.08280873298645,0.8911595,0.8911249041557312,8.195287591661327e-06,0.8911169171333313,10.884052,10.88750958442688
1647,58.11985635757446,0.891245,0.8911347389221191,1.4999567611084785e-05,0.8911232948303223,10.8755,10.886526107788086
1648,58.15533447265625,0.8912666,0.8911466598510742,2.462921111145988e-05,0.8911306858062744,10.873342,10.885334014892578
1649,58.191307067871094,0.8912714,0.8911651968955994,3.605684105423279e-05,0.8911391496658325,10.872859,10.883480310440063
1650,58.229454040527344,0.8912816,0.8911937475204468,4.253051520208828e-05,0.8911508917808533,10.87184,10.880625247955322
1651,58.26546621322632,0.8913015,0.8912343978881836,3.122825364698656e-05,0.8911714553833008,10.869848,10.87656021118164
1652,58.300713539123535,0.8913015,0.8912622928619385,1.5457791960216127e-05,0.8912339806556702,10.869848,10.873770713806152
1653,58.32854604721069,0.8913067,0.8912749290466309,9.931087333825417e-06,0.8912665843963623,10.86933,10.872507095336914
1654,58.364686727523804,0.8913079,0.8912817239761353,1.0136272976524197e-05,0.8912713527679443,10.869211,10.871827602386475
1655,58.40163207054138,0.8913236,0.8912906050682068,8.356638318218756e-06,0.8912804126739502,10.867638,10.870939493179321
1656,58.438230752944946,0.89132625,0.8912978768348694,7.763142093608622e-06,0.8912886381149292,10.867375,10.870212316513062
1657,58.473777294158936,0.8913429,0.8913059234619141,7.557257504231529e-06,0.8912997245788574,10.865712,10.869407653808594
1658,58.51129770278931,0.8913429,0.8913130164146423,1.0749561624834314e-05,0.8913019895553589,10.865712,10.868698358535767
1659,58.540815114974976,0.8913986,0.8913229703903198,1.25664118968416e-05,0.8913078904151917,10.860139,10.867702960968018
1660,58.579227685928345,0.89141315,0.8913349509239197,1.3308648703969084e-05,0.8913216590881348,10.858685,10.866504907608032
1661,58.615644693374634,0.8914347,0.8913461565971375,1.806261934689246e-05,0.8913367986679077,10.856527,10.865384340286255
1662,58.65367889404297,0.891435,0.8913562297821045,2.8292306524235755e-05,0.8913427591323853,10.856497,10.86437702178955
1663,58.689674377441406,0.89143914,0.8913722634315491,3.7719357351306826e-05,0.8913428783416748,10.856086,10.862773656845093
1664,58.726250648498535,0.89143914,0.891403317451477,3.581107739591971e-05,0.8913470506668091,10.856086,10.859668254852295
1665,58.757023096084595,0.8914538,0.8914331197738647,6.886147275508847e-06,0.891413152217865,10.85462,10.856688022613525
1666,58.79107594490051,0.8914538,0.8914372324943542,2.553524382165051e-06,0.8914350271224976,10.85462,10.856276750564575
1667,58.820327043533325,0.89145803,0.89143967628479,3.229793037462514e-06,0.8914350271224976,10.854197,10.856032371520996
1668,58.856147050857544,0.89145803,0.8914409875869751,4.980792709829984e-06,0.8914391398429871,10.854197,10.85590124130249
1669,58.886067390441895,0.89145803,0.8914434313774109,7.231790277728578e-06,0.8914391398429871,10.854197,10.855656862258911
1670,58.91647410392761,0.8914599,0.8914477229118347,8.601979061495513e-06,0.8914391398429871,10.854012,10.855227708816528
1671,58.954182863235474,0.8914599,0.891456127166748,2.755456307568238e-06,0.8914410471916199,10.854012,10.854387283325195
1672,58.98767161369324,0.89146864,0.8914583921432495,9.352881988888839e-07,0.8914579153060913,10.853136,10.854160785675049
1673,59.0264253616333,0.89146864,0.8914586305618286,1.6497737078680075e-06,0.8914580345153809,10.853136,10.854136943817139
1674,59.05440163612366,0.8914732,0.8914592862129211,2.814375193338492e-06,0.8914580345153809,10.852682,10.854071378707886
1675,59.091174602508545,0.891475,0.8914608359336853,4.21651748183649e-06,0.8914580345153809,10.852498,10.85391640663147
1676,59.12833070755005,0.8914803,0.8914639353752136,5.290290118864505e-06,0.8914583921432495,10.851967,10.853606462478638
1677,59.16628384590149,0.8914803,0.8914682269096375,5.514942131412681e-06,0.8914598822593689,10.851967,10.853177309036255
1678,59.195595026016235,0.89148426,0.8914737105369568,4.242208888172172e-06,0.8914671540260315,10.851574,10.852628946304321
1679,59.23221492767334,0.8914976,0.8914768099784851,3.80448614123452e-06,0.8914731740951538,10.850239,10.85231900215149
1680,59.269107818603516,0.8915047,0.891480565071106,4.755727331939852e-06,0.8914750218391418,10.849529,10.851943492889404
1681,59.30428695678711,0.89150655,0.8914839029312134,6.364346972986823e-06,0.8914803266525269,10.849344,10.851609706878662
1682,59.340466022491455,0.89150655,0.8914881944656372,8.567117220081855e-06,0.8914822340011597,10.849344,10.85118055343628
1683,59.36934185028076,0.89152044,0.8914949297904968,9.143152965407353e-06,0.8914822340011597,10.847956,10.850507020950317
1684,59.40543055534363,0.89152044,0.8915034532546997,3.997541625722079e-06,0.8914976119995117,10.847956,10.84965467453003
1685,59.434391498565674,0.89155644,0.8915069103240967,4.737192739412421e-06,0.89150470495224,10.844356,10.849308967590332
1686,59.471654653549194,0.89155644,0.8915089964866638,7.097142770362552e-06,0.891506552696228,10.844356,10.849100351333618
1687,59.50073480606079,0.89157146,0.8915126323699951,1.2307041288295295e-05,0.891506552696228,10.842854,10.848736763000488
1688,59.53648090362549,0.89157146,0.8915197253227234,1.6232082998612896e-05,0.891506552696228,10.842854,10.848027467727661
1689,59.565680742263794,0.89157146,0.8915314078330994,1.786860048014205e-05,0.8915152549743652,10.842854,10.846859216690063
1690,59.59429311752319,0.89157575,0.8915442228317261,1.9598723156377673e-05,0.8915222883224487,10.842424,10.845577716827393
1691,59.6307327747345,0.89157575,0.8915626406669617,8.033631274884101e-06,0.8915448188781738,10.842424,10.843735933303833
1692,59.65888071060181,0.8916211,0.8915700912475586,5.102716386318207e-06,0.8915600180625916,10.837889,10.84299087524414
1693,59.693745374679565,0.8916211,0.8915726542472839,5.07858703713282e-06,0.8915714621543884,10.837889,10.842734575271606
1694,59.72333574295044,0.8916324,0.891575276851654,1.0314701285096817e-05,0.8915714621543884,10.836762,10.842472314834595
1695,59.758384227752686,0.8916366,0.8915806412696838,1.6314243111992255e-05,0.8915714621543884,10.836339,10.841935873031616
1696,59.793742656707764,0.8916366,0.891588568687439,2.2045256628189236e-05,0.8915757536888123,10.836339,10.841143131256104
1697,59.821510791778564,0.8916446,0.8916012644767761,2.6262228857376613e-05,0.8915757536888123,10.835541,10.839873552322388
1698,59.85800504684448,0.8916587,0.8916266560554504,1.4469360394286923e-05,0.8915950059890747,10.834127,10.837334394454956
1699,59.89431571960449,0.8916665,0.8916385769844055,6.793792181269964e-06,0.8916323781013489,10.833353,10.836142301559448
1700,59.932249546051025,0.8916665,0.8916427493095398,8.712766430107877e-06,0.8916366100311279,10.833353,10.83572506904602
1701,59.961353063583374,0.8916861,0.891649067401886,9.628492080082651e-06,0.8916366100311279,10.831392,10.835093259811401
1702,59.99790024757385,0.8916861,0.8916574716567993,6.789043254684657e-06,0.8916445970535278,10.831392,10.834252834320068
1703,60.027132987976074,0.8916861,0.8916626572608948,7.203739642136497e-06,0.8916587233543396,10.831392,10.833734273910522
1704,60.056809425354004,0.8917148,0.8916672468185425,9.895582479657605e-06,0.8916587233543396,10.828519,10.833275318145752
1705,60.09208655357361,0.89172417,0.8916753530502319,1.2765289284288883e-05,0.8916664719581604,10.827583,10.832464694976807
1706,60.128185749053955,0.891727,0.8916858434677124,1.5424708180944435e-05,0.8916664719581604,10.827303,10.83141565322876
1707,60.164406538009644,0.8917605,0.891700267791748,1.5717942005721852e-05,0.8916856646537781,10.823947,10.829973220825195
1708,60.20114707946777,0.8917605,0.8917146325111389,1.1201234883628786e-05,0.8916929960250854,10.823947,10.828536748886108
1709,60.230085611343384,0.8917605,0.8917240500450134,9.335253707831725e-06,0.8917148113250732,10.823947,10.827594995498657
1710,60.25840520858765,0.891847,0.8917328715324402,1.4020939488545991e-05,0.891724169254303,10.815298,10.826712846755981
1711,60.29413080215454,0.8918499,0.8917416334152222,2.412364301562775e-05,0.8917272090911865,10.815012,10.825836658477783
1712,60.33003377914429,0.8918507,0.8917579054832458,3.670308433356695e-05,0.8917340040206909,10.814929,10.824209451675415
1713,60.365992307662964,0.8918513,0.8917878866195679,4.172832996118814e-05,0.8917348384857178,10.814869,10.821211338043213
1714,60.40240263938904,0.89186466,0.8918273448944092,2.2215426724869758e-05,0.8917801976203918,10.813534,10.817265510559082
1715,60.43808341026306,0.89186466,0.8918486833572388,4.429946329764789e-06,0.8918360471725464,10.813534,10.815131664276123
1716,60.466328859329224,0.89186996,0.8918517827987671,4.110264853807166e-06,0.8918498754501343,10.813004,10.814821720123291
1717,60.50302720069885,0.89186996,0.8918540477752686,5.8991913647332694e-06,0.891850471496582,10.813004,10.814595222473145
1718,60.532336950302124,0.8918847,0.8918578028678894,7.664432814635802e-06,0.8918513059616089,10.811531,10.81421971321106
1719,60.56990694999695,0.8918847,0.8918648362159729,6.6744646574079525e-06,0.8918513655662537,10.811531,10.81351637840271
1720,60.599785566329956,0.8918853,0.8918706774711609,6.547052635141881e-06,0.8918646574020386,10.811472,10.812932252883911
1721,60.63716387748718,0.89190674,0.8918771147727966,7.47075227991445e-06,0.8918676972389221,10.809326,10.812288522720337
1722,60.67400074005127,0.89190674,0.8918846845626831,6.253191259020241e-06,0.8918798565864563,10.809326,10.81153154373169
1723,60.704065561294556,0.89190865,0.8918899297714233,7.483585250156466e-06,0.8918827772140503,10.809135,10.811007022857666
1724,60.74037718772888,0.89192474,0.8918958902359009,7.804415872669779e-06,0.8918846845626831,10.807526,10.810410976409912
1725,60.77642297744751,0.89192474,0.891902506351471,6.768563707737485e-06,0.8918975591659546,10.807526,10.809749364852905
1726,60.80535936355591,0.89192665,0.8919068574905396,8.453525879303925e-06,0.8918999433517456,10.807335,10.809314250946045
1727,60.84253430366516,0.8919333,0.8919146060943604,8.04437786428025e-06,0.8919059634208679,10.806667,10.808539390563965
1728,60.881311655044556,0.8919433,0.8919222950935364,5.080868049844867e-06,0.8919086456298828,10.805673,10.807770490646362
1729,60.91896295547485,0.8919557,0.8919263482093811,5.656972462020349e-06,0.8919219374656677,10.804433,10.80736517906189
1730,60.954509258270264,0.8919557,0.8919302225112915,8.230819730670191e-06,0.8919239044189453,10.804433,10.80697774887085
1731,60.98378229141235,0.8919874,0.8919378519058228,1.0444888175697997e-05,0.891926646232605,10.801262,10.806214809417725
1732,61.02038502693176,0.8919902,0.8919479846954346,9.978928574128076e-06,0.8919354677200317,10.8009815,10.805201530456543
1733,61.05694890022278,0.89199334,0.891955554485321,1.4075854778639041e-05,0.8919450640678406,10.800666,10.804444551467896
1734,61.093199491500854,0.89200175,0.8919665813446045,1.6413849152741022e-05,0.891948938369751,10.799826,10.80334186553955
1735,61.130536794662476,0.8920115,0.891981840133667,1.2649820746446494e-05,0.8919570446014404,10.798847,10.8018159866333
1736,61.168845415115356,0.8920188,0.89199298620224,5.526771928998642e-06,0.8919873833656311,10.7981205,10.800701379776001
1737,61.203885316848755,0.8920188,0.8919968605041504,6.040944299456896e-06,0.8919907808303833,10.7981205,10.800313949584961
1738,61.2337601184845,0.8920188,0.8920015096664429,6.3679135564598255e-06,0.8919933438301086,10.7981205,10.799849033355713
1739,61.26246881484985,0.89202285,0.8920066952705383,5.436565970740048e-06,0.8919999599456787,10.797715,10.799330472946167
1740,61.299450397491455,0.8920309,0.8920117616653442,5.335869445843855e-06,0.892005205154419,10.79691,10.798823833465576
1741,61.33624625205994,0.8920378,0.8920160531997681,5.5085124586184975e-06,0.8920115232467651,10.796219,10.798394680023193
1742,61.373321294784546,0.8920444,0.8920207619667053,6.213325832504779e-06,0.8920124173164368,10.795557,10.797923803329468
1743,61.40957474708557,0.89205104,0.8920267820358276,6.686369488306809e-06,0.8920197486877441,10.794896,10.797321796417236
1744,61.44599199295044,0.8920556,0.892033576965332,6.366414709191304e-06,0.8920238018035889,10.794443,10.796642303466797
1745,61.48370599746704,0.89206135,0.8920391798019409,6.043982011760818e-06,0.8920325040817261,10.793865,10.796082019805908
1746,61.518266916275024,0.8920646,0.8920449614524841,6.136835963843623e-06,0.8920378088951111,10.793543,10.795503854751587
1747,61.553704500198364,0.892068,0.8920508027076721,5.345210411178414e-06,0.8920428156852722,10.793198,10.794919729232788
1748,61.58999943733215,0.89207053,0.8920556306838989,5.190107458474813e-06,0.8920509219169617,10.792947,10.794436931610107
1749,61.62730598449707,0.89207053,0.8920599818229675,4.97997507409309e-06,0.8920518755912781,10.792947,10.794001817703247
1750,61.65646266937256,0.892071,0.892064094543457,3.673452511065989e-06,0.8920599818229675,10.792899,10.793590545654297
1751,61.69331431388855,0.892071,0.8920671939849854,3.1611500617145794e-06,0.8920619487762451,10.792899,10.793280601501465
1752,61.72165250778198,0.892071,0.892069935798645,1.0045374665423878e-06,0.8920680284500122,10.792899,10.793006420135498
1753,61.75023627281189,0.89208,0.8920707106590271,6.613308869418688e-07,0.8920704126358032,10.791999,10.79292893409729
1754,61.78628849983215,0.89208037,0.8920709490776062,1.2313457773416303e-06,0.8920705318450928,10.791964,10.79290509223938
1755,61.82176947593689,0.8921535,0.8920718431472778,5.944792519585462e-06,0.892071008682251,10.78465,10.792815685272217
1756,61.8604941368103,0.8921634,0.892073929309845,1.1741185517166741e-05,0.892071008682251,10.783661,10.792607069015503
1757,61.89734935760498,0.8921634,0.8920782804489136,1.9052886273129843e-05,0.892071008682251,10.783661,10.792171955108643
1758,61.926432371139526,0.8921724,0.8920881152153015,2.812191996781621e-05,0.892071008682251,10.782761,10.791188478469849
1759,61.96136689186096,0.8921816,0.8921060562133789,3.482697138679214e-05,0.8920800089836121,10.781842,10.78939437866211
1760,61.9980263710022,0.8921839,0.8921335935592651,3.440756700001657e-05,0.892090916633606,10.7816105,10.786640644073486
1761,62.03442430496216,0.89219266,0.892166018486023,1.0352962817705702e-05,0.8921510577201843,10.780734,10.783398151397705
1762,62.06998682022095,0.8921966,0.8921759128570557,6.911641321494244e-06,0.8921633958816528,10.78034,10.782408714294434
1763,62.10503363609314,0.892197,0.8921818733215332,6.157581083243713e-06,0.8921723961830139,10.780298,10.78181266784668
1764,62.1415638923645,0.8922062,0.89218670129776,5.1145293582521845e-06,0.8921833038330078,10.779381,10.781329870223999
1765,62.178821325302124,0.89220816,0.8921903371810913,6.151173238322372e-06,0.8921838402748108,10.779184,10.78096628189087
1766,62.21516299247742,0.89220876,0.8921964764595032,3.1531494641967583e-06,0.8921897411346436,10.779124,10.780352354049683
1767,62.251540422439575,0.89220876,0.892198383808136,3.872016804962186e-06,0.8921960592269897,10.779124,10.780161619186401
1768,62.28020095825195,0.8922107,0.8922006487846375,4.846140200243099e-06,0.8921965956687927,10.778928,10.779935121536255
1769,62.31625533103943,0.8922198,0.892204761505127,4.275346327631269e-06,0.8921970129013062,10.778022,10.779523849487305
1770,62.3521933555603,0.8922211,0.8922086358070374,3.1050858524395153e-06,0.8922061920166016,10.777891,10.779136419296265
1771,62.38628435134888,0.8922275,0.8922110795974731,4.536845153779723e-06,0.8922081589698792,10.777253,10.778892040252686
1772,62.42243242263794,0.8922338,0.8922147154808044,5.6205813052656595e-06,0.8922087550163269,10.776621,10.778528451919556
1773,62.458073139190674,0.8922338,0.892220675945282,3.862628545903135e-06,0.8922157883644104,10.776621,10.777932405471802
1774,62.48817324638367,0.8922339,0.8922237753868103,4.95582344228751e-06,0.8922197818756104,10.776609,10.77762246131897
1775,62.52699065208435,0.8922446,0.892227828502655,5.5757218433427624e-06,0.8922210931777954,10.775542,10.777217149734497
1776,62.56411147117615,0.8922446,0.892233669757843,3.706230017996859e-06,0.8922280073165894,10.775542,10.776633024215698
1777,62.593165159225464,0.8922446,0.8922365307807922,4.302636625652667e-06,0.8922332525253296,10.775542,10.776346921920776
1778,62.62297320365906,0.8922447,0.8922390341758728,4.796833763975883e-06,0.8922337889671326,10.77553,10.77609658241272
1779,62.65791034698486,0.89224505,0.8922435641288757,1.5151854313444346e-06,0.8922412395477295,10.775495,10.775643587112427
1780,62.69356346130371,0.89224505,0.8922443985939026,2.0516773702183855e-07,0.8922445774078369,10.775495,10.775560140609741
1781,62.72315263748169,0.89224505,0.8922443985939026,2.3735182708151115e-07,0.8922445774078369,10.775495,10.775560140609741
1782,62.75276589393616,0.8922886,0.8922446966171265,2.91539231511706e-06,0.8922445774078369,10.771137,10.775530338287354
1783,62.790316581726074,0.8922886,0.8922450542449951,4.09869880968472e-06,0.8922445774078369,10.771137,10.775494575500488
1784,62.81964063644409,0.8922886,0.8922457098960876,6.422857950383332e-06,0.8922446966171265,10.771137,10.775429010391235
1785,62.851717948913574,0.8923049,0.8922483921051025,1.2357266314211302e-05,0.8922446966171265,10.76951,10.775160789489746
1786,62.88962388038635,0.8923049,0.8922532200813293,1.8676717445487157e-05,0.8922450542449951,10.76951,10.774677991867065
1787,62.91848182678223,0.8923049,0.8922631740570068,2.4742696041357704e-05,0.8922451734542847,10.76951,10.773682594299316
1788,62.947657108306885,0.8923049,0.8922820687294006,2.3718963348073885e-05,0.8922451734542847,10.76951,10.771793127059937
1789,62.977447748184204,0.8923049,0.8923009634017944,5.13275881530717e-06,0.8922934532165527,10.76951,10.769903659820557
1790,63.00729846954346,0.8923049,0.8923048377037048,2.6651613893591275e-07,0.8923044204711914,10.76951,10.769516229629517
1791,63.035608768463135,0.8923167,0.8923051357269287,8.027013791434001e-07,0.8923048973083496,10.76833,10.769486427307129
1792,63.070663928985596,0.8923199,0.8923053741455078,1.8458350723449257e-06,0.8923048973083496,10.768008,10.769462585449219
1793,63.1069118976593,0.8923199,0.8923060894012451,3.4055551623168867e-06,0.8923048973083496,10.768008,10.769391059875488
1794,63.13677644729614,0.8923445,0.8923071622848511,5.316132501320681e-06,0.8923048973083496,10.7655525,10.769283771514893
1795,63.17414307594299,0.89236504,0.8923103213310242,9.347272680315655e-06,0.8923048973083496,10.763496,10.768967866897583
1796,63.209245920181274,0.89236504,0.8923159837722778,1.2993634300073609e-05,0.8923048973083496,10.763496,10.768401622772217
1797,63.23833394050598,0.8923682,0.8923255205154419,1.5473473467864096e-05,0.8923166990280151,10.76318,10.76744794845581
1798,63.27458310127258,0.89238006,0.8923365473747253,1.9461875126580708e-05,0.8923166990280151,10.761994,10.766345262527466
1799,63.31132435798645,0.89240134,0.8923550248146057,1.5208591321425047e-05,0.8923267126083374,10.759867,10.764497518539429
1800,63.34721541404724,0.89240134,0.892369270324707,8.693576091900468e-06,0.8923532366752625,10.759867,10.763072967529297
1801,63.37695503234863,0.8924165,0.8923761248588562,9.472443707636558e-06,0.8923650979995728,10.758352,10.76238751411438
1802,63.41187787055969,0.8924165,0.8923841714859009,8.712259841558989e-06,0.8923745155334473,10.758352,10.761582851409912
1803,63.440701961517334,0.8924165,0.8923900127410889,1.1662144061119761e-05,0.8923800587654114,10.758352,10.760998725891113
1804,63.46794843673706,0.8924165,0.8923996090888977,9.620025593903847e-06,0.8923892974853516,10.758352,10.76003909111023
1805,63.49664521217346,0.89241755,0.8924076557159424,7.392123279714724e-06,0.8924009203910828,10.758245,10.759234428405762
1806,63.53250694274902,0.89244246,0.8924147486686707,4.642239218810573e-06,0.892401933670044,10.7557535,10.758525133132935
1807,63.56929397583008,0.8924434,0.8924175500869751,4.801439899893012e-06,0.8924164772033691,10.755658,10.75824499130249
1808,63.60512351989746,0.8924459,0.8924199938774109,8.085758054221515e-06,0.8924164772033691,10.755407,10.758000612258911
1809,63.64108872413635,0.8924569,0.8924238681793213,1.0708980880735908e-05,0.8924164772033691,10.754311,10.757613182067871
1810,63.67774319648743,0.8924739,0.8924325704574585,1.26728054965497e-05,0.8924175500869751,10.752612,10.75674295425415
1811,63.71279549598694,0.8924849,0.8924458622932434,8.895144674170297e-06,0.8924311399459839,10.75151,10.75541377067566
1812,63.74885416030884,0.8924849,0.8924529552459717,1.2419621270964853e-05,0.8924434185028076,10.75151,10.754704475402832
1813,63.77815127372742,0.89250046,0.8924642205238342,1.2905509720440023e-05,0.8924459218978882,10.749954,10.753577947616577
1814,63.8140926361084,0.8925168,0.8924781084060669,9.657026566856075e-06,0.892469048500061,10.748321,10.75218915939331
1815,63.85037851333618,0.8925493,0.8924856185913086,1.282359880860895e-05,0.8924738764762878,10.745072,10.75143814086914
1816,63.88720226287842,0.89255273,0.8924961686134338,1.374967996525811e-05,0.8924809694290161,10.744726,10.750383138656616
1817,63.92376899719238,0.89257586,0.8925091028213501,1.5139644347073045e-05,0.8925002813339233,10.742414,10.74908971786499
1818,63.96131873130798,0.8925841,0.8925188183784485,2.107679028995335e-05,0.8925004601478577,10.741591,10.748118162155151
1819,63.99835395812988,0.8925922,0.8925347924232483,2.4404651412623934e-05,0.8925086855888367,10.740781,10.746520757675171
1820,64.03538370132446,0.8926004,0.8925582766532898,2.201203824370168e-05,0.8925239443778992,10.739958,10.74417233467102
1821,64.07158875465393,0.8926004,0.8925777077674866,1.1658812582027167e-05,0.8925563097000122,10.739958,10.742229223251343
1822,64.10206627845764,0.8926004,0.8925870656967163,7.098886271705851e-06,0.8925766348838806,10.739958,10.74129343032837
1823,64.131187915802,0.892607,0.8925929069519043,6.816893346694997e-06,0.8925840854644775,10.739303,10.74070930480957
1824,64.18975305557251,0.8926587,0.8890866041183472,0.002964158309623599,0.8813997507095337,10.734129,11.091339588165283
1825,64.22536325454712,0.8926587,0.8915602564811707,0.0008281663758680224,0.8898128867149353,10.734129,10.843974351882935
1826,64.25583267211914,0.8926587,0.8922642469406128,0.0002818663779180497,0.8917523622512817,10.734129,10.77357530593872
1827,64.28473258018494,0.8926653,0.8925203084945679,0.000126096565509215,0.8922803401947021,10.733467,10.747969150543213
1828,64.31990194320679,0.8926653,0.8926246762275696,2.5736588213476352e-05,0.8925920724868774,10.733467,10.737532377243042
1829,64.34849762916565,0.89268476,0.8926494717597961,1.3492785910784733e-05,0.8926267027854919,10.731524,10.735052824020386
1830,64.38405704498291,0.89268476,0.8926602005958557,4.201152023597388e-06,0.8926587104797363,10.731524,10.733979940414429
1831,64.41297674179077,0.8926923,0.8926625847816467,6.70224198984215e-06,0.8926587104797363,10.730767,10.733741521835327
1832,64.44851112365723,0.8926923,0.8926673531532288,8.980628081189934e-06,0.8926587104797363,10.730767,10.733264684677124
1833,64.47741484642029,0.89270645,0.8926736116409302,1.0035346349468455e-05,0.8926653265953064,10.729355,10.732638835906982
1834,64.5125675201416,0.89270645,0.8926830291748047,8.412828719883692e-06,0.8926700353622437,10.729355,10.731697082519531
1835,64.54313349723816,0.8927125,0.8926905393600464,6.083391326683341e-06,0.8926847577095032,10.728752,10.730946063995361
1836,64.57992386817932,0.89272803,0.8926960825920105,6.438690434151795e-06,0.8926923274993896,10.727197,10.73039174079895
1837,64.61547923088074,0.89272803,0.8927010893821716,8.990622518467717e-06,0.8926924467086792,10.727197,10.729891061782837
1838,64.64398193359375,0.89274,0.8927088975906372,8.129541129164863e-06,0.8926988244056702,10.725999,10.72911024093628
1839,64.67932558059692,0.8927406,0.8927152752876282,8.880407222022768e-06,0.8927064538002014,10.725939,10.728472471237183
1840,64.71561241149902,0.89274335,0.8927233815193176,7.815956450940575e-06,0.8927124738693237,10.725665,10.727661848068237
1841,64.750408411026,0.8927559,0.8927307724952698,6.250752448977437e-06,0.8927208781242371,10.724407,10.726922750473022
1842,64.78612947463989,0.89275646,0.892735481262207,7.224988166854018e-06,0.8927280306816101,10.724354,10.726451873779297
1843,64.82199239730835,0.89276433,0.892742395401001,4.794661890628049e-06,0.8927351832389832,10.723567,10.725760459899902
1844,64.86006927490234,0.8927649,0.8927453756332397,6.457932613557205e-06,0.8927406072616577,10.723507,10.725462436676025
1845,64.89808511734009,0.89277184,0.8927512764930725,6.85663644617307e-06,0.8927422761917114,10.722816,10.724872350692749
1846,64.93438267707825,0.89278066,0.8927584290504456,5.191619948163861e-06,0.8927516937255859,10.721933,10.724157094955444
1847,64.97174143791199,0.89278066,0.8927626013755798,7.02835495758336e-06,0.892756462097168,10.721933,10.723739862442017
1848,65.0027174949646,0.89278233,0.8927687406539917,6.261877388169523e-06,0.8927592635154724,10.721767,10.72312593460083
1849,65.03790807723999,0.89278233,0.892774224281311,5.215860255702864e-06,0.8927649259567261,10.721767,10.722577571868896
1850,65.06723213195801,0.89278233,0.8927785158157349,3.6026065117766848e-06,0.89277184009552,10.721767,10.722148418426514
1851,65.09604263305664,0.8927863,0.8927809596061707,7.811480031705287e-07,0.892780065536499,10.721368,10.721904039382935
1852,65.1321439743042,0.892799,0.8927816152572632,1.6072012840595562e-06,0.8927806615829468,10.7200985,10.721838474273682
1853,65.16920733451843,0.892799,0.8927826285362244,2.2714636997989146e-06,0.8927806615829468,10.7200985,10.721737146377563
1854,65.20012474060059,0.89281356,0.8927839398384094,4.786242243426386e-06,0.8927823305130005,10.718643,10.721606016159058
1855,65.23751735687256,0.89281815,0.8927862048149109,7.550069312856067e-06,0.8927823305130005,10.718184,10.721379518508911
1856,65.2750551700592,0.89281875,0.8927916884422302,1.0660809493856505e-05,0.8927823305130005,10.718125,10.720831155776978
1857,65.31224846839905,0.89281875,0.8928009271621704,1.0857448614842724e-05,0.8927863240242004,10.718125,10.719907283782959
1858,65.34137511253357,0.89281875,0.8928119540214539,4.148662355873967e-06,0.8928006887435913,10.718125,10.718804597854614
1859,65.37172603607178,0.8928367,0.8928154110908508,3.342329819133738e-06,0.8928093910217285,10.7163315,10.718458890914917
1860,65.40786123275757,0.8928367,0.8928182125091553,2.978170869027963e-06,0.8928152918815613,10.7163315,10.718178749084473
1861,65.43775677680969,0.89284605,0.8928200602531433,4.4463381527748425e-06,0.8928181529045105,10.715395,10.717993974685669
1862,65.47278952598572,0.89284605,0.8928220868110657,6.32399360256386e-06,0.8928187489509583,10.715395,10.717791318893433
1863,65.50227880477905,0.89285433,0.8928264379501343,8.475650247419253e-06,0.8928187489509583,10.714567,10.717356204986572
1864,65.5392518043518,0.8928548,0.8928340673446655,7.884646947786678e-06,0.8928269743919373,10.7145195,10.716593265533447
1865,65.57670283317566,0.8928571,0.8928419947624207,6.68712891638279e-06,0.8928289413452148,10.714293,10.715800523757935
1866,65.61388325691223,0.8928571,0.8928475975990295,5.128197699377779e-06,0.8928366899490356,10.714293,10.715240240097046
1867,65.64145135879517,0.8928571,0.8928510546684265,4.406678272061981e-06,0.8928460478782654,10.714293,10.714894533157349
1868,65.67080569267273,0.8928586,0.8928549885749817,7.95048379131913e-07,0.8928543329238892,10.714138,10.714501142501831
1869,65.7062919139862,0.8928588,0.8928553462028503,1.0579956324363593e-06,0.8928548097610474,10.71412,10.714465379714966
1870,65.74164414405823,0.89286244,0.8928560018539429,1.3504926528185024e-06,0.8928548097610474,10.713757,10.714399814605713
1871,65.77819991111755,0.8928686,0.8928574323654175,1.3942817531642504e-06,0.8928570747375488,10.713142,10.714256763458252
1872,65.81393337249756,0.8928708,0.8928581476211548,2.2775759589421796e-06,0.8928570747375488,10.712921,10.714185237884521
1873,65.85105490684509,0.8928722,0.8928598165512085,3.321744543427485e-06,0.8928570747375488,10.712778,10.71401834487915
1874,65.90020203590393,0.8928725,0.8928630352020264,3.3430060284445062e-06,0.8928586840629578,10.712749,10.713696479797363
1875,65.94560289382935,0.8928725,0.8928657174110413,3.456957529124338e-06,0.8928624391555786,10.712749,10.713428258895874
1876,65.97881841659546,0.8928725,0.8928688168525696,3.0422722829825943e-06,0.8928645849227905,10.712749,10.713118314743042
1877,66.00969815254211,0.8928725,0.8928714394569397,8.129566140269162e-07,0.8928699493408203,10.712749,10.71285605430603
1878,66.03846168518066,0.8928991,0.8928724527359009,1.778728460521961e-06,0.892872154712677,10.710091,10.712754726409912
1879,66.07437801361084,0.8928991,0.8928728103637695,3.071392939091311e-06,0.8928722143173218,10.710091,10.712718963623047
1880,66.10507130622864,0.8929081,0.8928743004798889,6.541783932334511e-06,0.8928725123405457,10.70919,10.712569952011108
1881,66.14093565940857,0.8929081,0.8928768634796143,1.0659548024705146e-05,0.8928725123405457,10.70919,10.712313652038574
1882,66.17151689529419,0.8929081,0.8928813934326172,1.4126137102721259e-05,0.8928725123405457,10.70919,10.711860656738281
1883,66.20095372200012,0.8929135,0.8928908109664917,1.609698847460095e-05,0.8928725123405457,10.708648,10.71091890335083
1884,66.23685359954834,0.8929191,0.8929052948951721,4.429317868925864e-06,0.8928990960121155,10.708088,10.709470510482788
1885,66.27315855026245,0.8929191,0.8929085731506348,1.9502374470903305e-06,0.8929080963134766,10.708088,10.709142684936523
1886,66.30354928970337,0.89292896,0.8929095268249512,3.3998207982222084e-06,0.8929080963134766,10.707104,10.709047317504883
1887,66.33742070198059,0.89292896,0.8929112553596497,4.644631644623587e-06,0.8929080963134766,10.707104,10.708874464035034
1888,66.36667108535767,0.89292896,0.8929152488708496,5.3794046834809706e-06,0.8929080963134766,10.707104,10.708475112915039
1889,66.39529538154602,0.89292896,0.8929203152656555,3.8183602555363905e-06,0.8929135203361511,10.707104,10.707968473434448
1890,66.42389249801636,0.89292896,0.89292311668396,4.633960088540334e-06,0.89291912317276,10.707104,10.707688331604004
1891,66.45261836051941,0.89295506,0.8929277062416077,3.7145950955164153e-06,0.89291912317276,10.7044935,10.707229375839233
1892,66.48916411399841,0.89295506,0.8929298520088196,4.1252715163864195e-06,0.892928957939148,10.7044935,10.707014799118042
1893,66.51680040359497,0.89295506,0.8929312825202942,6.71618499836768e-06,0.892928957939148,10.7044935,10.706871747970581
1894,66.54558491706848,0.8929566,0.8929335474967957,9.075584785023239e-06,0.892928957939148,10.704338,10.706645250320435
1895,66.58012080192566,0.89297223,0.8929389715194702,1.1322520549583714e-05,0.892928957939148,10.702777,10.706102848052979
1896,66.61640572547913,0.8929854,0.8929500579833984,8.661882020533085e-06,0.892933189868927,10.70146,10.704994201660156
1897,66.65219497680664,0.8929854,0.8929575085639954,7.3776382123469375e-06,0.8929508328437805,10.70146,10.704249143600464
1898,66.68078517913818,0.89299655,0.8929620981216431,1.0324503818992525e-05,0.8929550647735596,10.700345,10.703790187835693
1899,66.71535515785217,0.89299667,0.8929710984230042,1.0994516742357519e-05,0.8929550647735596,10.700333,10.702890157699585
1900,66.75090312957764,0.8930103,0.8929811716079712,8.647021786600817e-06,0.8929712772369385,10.698968,10.70188283920288
1901,66.78755760192871,0.8930278,0.8929903507232666,9.755408427736256e-06,0.8929812908172607,10.697222,10.70096492767334
1902,66.82352948188782,0.8930278,0.8929978609085083,1.0877143722609617e-05,0.8929854035377502,10.697222,10.70021390914917
1903,66.8528060913086,0.8930278,0.8930070400238037,1.0095036486745812e-05,0.8929955363273621,10.697222,10.699295997619629
1904,66.88309788703918,0.8930278,0.8930163979530334,7.659750735911075e-06,0.8930082321166992,10.697222,10.698360204696655
1905,66.9108259677887,0.89306843,0.8930237889289856,6.924106855876744e-06,0.893012285232544,10.693157,10.69762110710144
1906,66.94584083557129,0.89306843,0.8930292725563049,6.3731845330039505e-06,0.8930277824401855,10.693157,10.697072744369507
1907,66.97511696815491,0.89306843,0.8930317759513855,1.039447306538932e-05,0.8930277824401855,10.693157,10.69682240486145
1908,67.00449299812317,0.89306843,0.8930364847183228,1.4364594790094998e-05,0.8930277824401855,10.693157,10.696351528167725
1909,67.03432059288025,0.89306843,0.8930444121360779,1.5833511497476138e-05,0.8930277824401855,10.693157,10.695558786392212
1910,67.0645215511322,0.89308465,0.8930585980415344,1.0068625670101028e-05,0.8930420279502869,10.691536,10.694140195846558
1911,67.10141968727112,0.89308465,0.8930689096450806,7.5178045335633215e-06,0.8930582404136658,10.691536,10.693109035491943
1912,67.13053727149963,0.89309126,0.8930745720863342,7.502630523958942e-06,0.8930684328079224,10.690874,10.692542791366577
1913,67.16602301597595,0.89309126,0.8930814266204834,5.491424872161588e-06,0.8930684328079224,10.690874,10.69185733795166
1914,67.1955463886261,0.8930962,0.8930851221084595,1.932205577759305e-06,0.8930846452713013,10.690379,10.691487789154053
1915,67.23007893562317,0.8930962,0.8930858373641968,2.9815760171914008e-06,0.8930846452713013,10.690379,10.691416263580322
1916,67.25926303863525,0.8931018,0.89308762550354,4.326071120885899e-06,0.8930846452713013,10.689819,10.691237449645996
1917,67.29463481903076,0.89310634,0.8930908441543579,4.8433048505103216e-06,0.8930846452713013,10.689365,10.690915584564209
1918,67.33120822906494,0.89311093,0.8930947780609131,4.093710231245495e-06,0.8930912613868713,10.688907,10.690522193908691
1919,67.36651062965393,0.89312094,0.8930985927581787,5.110164693178376e-06,0.8930929899215698,10.687905,10.690140724182129
1920,67.40188717842102,0.8931222,0.8931035399436951,5.564706043514889e-06,0.8930962085723877,10.68778,10.689646005630493
1921,67.43854522705078,0.89313066,0.8931086659431458,6.140161531220656e-06,0.8931026458740234,10.6869335,10.689133405685425
1922,67.47420811653137,0.89314055,0.8931146860122681,7.120916507119546e-06,0.8931063413619995,10.685945,10.688531398773193
1923,67.51075387001038,0.8931459,0.8931214213371277,7.906967766757589e-06,0.893112301826477,10.685408,10.687857866287231
1924,67.54643702507019,0.8931634,0.8931288123130798,7.937396730994806e-06,0.8931204676628113,10.683661,10.687118768692017
1925,67.58587050437927,0.8931634,0.8931365609169006,8.130140486173332e-06,0.8931282162666321,10.683661,10.686343908309937
1926,67.61834788322449,0.893185,0.8931444883346558,8.889809578249697e-06,0.8931326866149902,10.681498,10.685551166534424
1927,67.6557891368866,0.893185,0.8931521773338318,8.305883966386318e-06,0.8931435942649841,10.681498,10.684782266616821
1928,67.68565249443054,0.89318764,0.8931600451469421,9.750128810992464e-06,0.8931480646133423,10.681236,10.683995485305786
1929,67.7220721244812,0.8932125,0.8931692838668823,1.155918653239496e-05,0.893156111240387,10.67875,10.683071613311768
1930,67.75804114341736,0.8932267,0.893179178237915,1.3311184375197627e-05,0.8931671380996704,10.677332,10.682082176208496
1931,67.79490637779236,0.8932375,0.8931921124458313,1.506392982264515e-05,0.8931722044944763,10.676252,10.68078875541687
1932,67.83275055885315,0.8932474,0.8932065963745117,1.4883207768434659e-05,0.8931869268417358,10.675258,10.679340362548828
1933,67.86952328681946,0.8932474,0.8932202458381653,1.0703921361709945e-05,0.8932089805603027,10.675258,10.677975416183472
1934,67.90156936645508,0.8932474,0.8932301998138428,7.90570629760623e-06,0.8932157754898071,10.675258,10.676980018615723
1935,67.93249535560608,0.8932582,0.8932366371154785,6.359318831528071e-06,0.8932286500930786,10.674179,10.676336288452148
1936,67.96912980079651,0.8932586,0.8932425379753113,5.625907760986593e-06,0.8932374715805054,10.674143,10.675746202468872
1937,68.00441241264343,0.89326847,0.8932470083236694,6.948819191165967e-06,0.8932393789291382,10.673153,10.675299167633057
1938,68.04178404808044,0.8933935,0.8932547569274902,1.0968415153911337e-05,0.8932474255561829,10.660648,10.674524307250977
1939,68.07823514938354,0.8933935,0.8932613730430603,1.5719198927399702e-05,0.8932563662528992,10.660648,10.67386269569397
1940,68.10671067237854,0.89340436,0.8932695388793945,3.227032721042633e-05,0.8932582139968872,10.659563,10.673046112060547
1941,68.14128541946411,0.89340526,0.89328533411026,4.8269506805809215e-05,0.8932582139968872,10.659474,10.671466588973999
1942,68.1768889427185,0.8934145,0.8933163285255432,6.275725172599778e-05,0.8932679891586304,10.65855,10.668367147445679
1943,68.21284461021423,0.89342487,0.8933672904968262,5.7887009461410344e-05,0.893269419670105,10.657513,10.663270950317383
1944,68.2486834526062,0.89342487,0.8934075832366943,5.6349804253841285e-06,0.893395721912384,10.657513,10.659241676330566
1945,68.27826309204102,0.8934259,0.893412172794342,5.39454777026549e-06,0.8934049010276794,10.657412,10.658782720565796
1946,68.31632328033447,0.8934327,0.8934167623519897,4.078709025634453e-06,0.8934135437011719,10.656733,10.658323764801025
1947,68.35396885871887,0.8934327,0.8934196829795837,4.5755577957606874e-06,0.8934158086776733,10.656733,10.658031702041626
1948,68.3840970993042,0.8934348,0.8934239149093628,3.8324587876559235e-06,0.8934158682823181,10.656518,10.65760850906372
1949,68.42046976089478,0.89344144,0.8934269547462463,3.431336153880693e-06,0.8934248685836792,10.655856,10.657304525375366
1950,68.45673418045044,0.89344317,0.8934293389320374,4.423679456522223e-06,0.893424928188324,10.6556835,10.657066106796265
1951,68.49330377578735,0.8934475,0.893433690071106,3.740201918844832e-06,0.8934265971183777,10.655249,10.656630992889404
1952,68.53156232833862,0.8934491,0.8934370875358582,3.7797940422024112e-06,0.8934336304664612,10.655087,10.656291246414185
1953,68.56773042678833,0.8934572,0.8934405446052551,4.863116828346392e-06,0.8934357762336731,10.654283,10.655945539474487
1954,68.60458946228027,0.8934643,0.8934457898139954,4.694409653893672e-06,0.8934375047683716,10.653567,10.655421018600464
1955,68.64262509346008,0.89348555,0.8934503197669983,5.36525112693198e-06,0.893445611000061,10.651445,10.654968023300171
1956,68.67865586280823,0.8934964,0.8934547901153564,7.675927008676808e-06,0.8934475183486938,10.65036,10.654520988464355
1957,68.7162606716156,0.8935048,0.8934615850448608,8.938486644183286e-06,0.893454909324646,10.64952,10.653841495513916
1958,68.75300359725952,0.8935048,0.8934668302536011,1.1911778528883588e-05,0.8934582471847534,10.64952,10.653316974639893
1959,68.7826623916626,0.89350486,0.893474817276001,1.3776031664747279e-05,0.8934642672538757,10.649514,10.652518272399902
1960,68.81960248947144,0.8935133,0.8934854865074158,1.4840844414720777e-05,0.8934667110443115,10.648668,10.651451349258423
1961,68.85720324516296,0.8935725,0.8935005068778992,6.968648449401371e-06,0.8934910893440247,10.642749,10.649949312210083
1962,68.89552474021912,0.893583,0.8935068845748901,1.1433879990363494e-05,0.893500566482544,10.6417,10.649311542510986
1963,68.93634581565857,0.8935914,0.8935126066207886,1.9919143596780486e-05,0.893504798412323,10.64086,10.648739337921143
1964,68.97572231292725,0.8935914,0.8935222625732422,2.794970896502491e-05,0.8935048580169678,10.64086,10.647773742675781
1965,69.006183385849,0.8935914,0.8935391902923584,3.327879312564619e-05,0.8935123682022095,10.64086,10.64608097076416
1966,69.03757548332214,0.8935914,0.8935666680335999,3.0011844501132146e-05,0.8935133218765259,10.64086,10.643333196640015
1967,69.06757068634033,0.8935915,0.8935880064964294,4.121020992897684e-06,0.8935819268226624,10.640848,10.641199350357056
1968,69.1051869392395,0.89359546,0.8935912847518921,3.112488684564596e-07,0.8935913443565369,10.640454,10.640871524810791
1969,69.14439249038696,0.89359546,0.8935912847518921,4.3263986526653753e-07,0.8935914039611816,10.640454,10.640871524810791
1970,69.17686796188354,0.89359546,0.8935914635658264,7.92461264609301e-07,0.8935914039611816,10.640454,10.640853643417358
1971,69.20783066749573,0.89359546,0.8935918211936951,1.1817185168183642e-06,0.8935914039611816,10.640454,10.640817880630493
1972,69.23798990249634,0.8936014,0.8935925364494324,1.623392449801031e-06,0.8935914039611816,10.639858,10.640746355056763
1973,69.27399682998657,0.8936024,0.8935940861701965,1.6839090903886245e-06,0.8935915231704712,10.639763,10.640591382980347
1974,69.31179714202881,0.89360327,0.8935955762863159,1.7144855064543663e-06,0.8935939073562622,10.639673,10.640442371368408
1975,69.3493549823761,0.89360595,0.8935965299606323,2.3100722046365263e-06,0.8935954570770264,10.639405,10.640347003936768
1976,69.38668966293335,0.89360595,0.8935977220535278,3.2271616419166094e-06,0.8935954570770264,10.639405,10.640227794647217
1977,69.41675758361816,0.89360654,0.8936000466346741,3.567961357475724e-06,0.8935965299606323,10.639345,10.639995336532593
1978,69.45337319374084,0.8936775,0.8936039209365845,5.139075256010983e-06,0.8936008214950562,10.632253,10.639607906341553
1979,69.49266529083252,0.8936775,0.8936060667037964,8.292325219372287e-06,0.8936032652854919,10.632253,10.639393329620361
1980,69.52295088768005,0.8936917,0.8936094045639038,1.6460957340314053e-05,0.8936048746109009,10.630828,10.63905954360962
1981,69.56049156188965,0.8936917,0.8936154246330261,2.5395785996806808e-05,0.8936059474945068,10.630828,10.638457536697388
1982,69.59052467346191,0.8936933,0.8936271071434021,3.5352317354409024e-05,0.8936059474945068,10.630667,10.63728928565979
1983,69.62767910957336,0.8936933,0.8936500549316406,4.061355866724625e-05,0.8936065435409546,10.630667,10.634994506835938
1984,69.65755224227905,0.8936933,0.8936892747879028,5.0152993935626e-06,0.8936774730682373,10.630667,10.631072521209717
1985,69.69012427330017,0.8936933,0.893692135810852,5.591970193563611e-07,0.8936917185783386,10.630667,10.630786418914795
1986,69.71853375434875,0.8936933,0.8936924338340759,6.520925239783537e-07,0.8936917185783386,10.630667,10.630756616592407
1987,69.7470154762268,0.8936948,0.8936929702758789,4.98664746828581e-07,0.8936923146247864,10.630518,10.63070297241211
1988,69.78143072128296,0.8937084,0.8936933875083923,1.0461692454555305e-06,0.8936933279037476,10.629159,10.630661249160767
1989,69.81907391548157,0.8937238,0.8936939239501953,2.82846599475306e-06,0.8936933279037476,10.627622,10.630607604980469
1990,69.858145236969,0.8937238,0.8936949968338013,4.707600055553485e-06,0.8936933279037476,10.627622,10.630500316619873
1991,69.88935375213623,0.8937238,0.8936972618103027,6.90697106620064e-06,0.8936939835548401,10.627622,10.630273818969727
1992,69.91964530944824,0.89372444,0.893701434135437,9.571548616804648e-06,0.8936940431594849,10.627556,10.629856586456299
1993,69.95602130889893,0.89374256,0.8937089443206787,1.0698171536205336e-05,0.8936961889266968,10.625744,10.629105567932129
1994,69.9927270412445,0.893754,0.8937186002731323,1.061712100636214e-05,0.8937084078788757,10.624599,10.628139972686768
1995,70.03098440170288,0.8937735,0.8937298655509949,9.988842975872103e-06,0.8937141299247742,10.62265,10.627013444900513
1996,70.06807398796082,0.89377606,0.8937387466430664,1.3351428606256377e-05,0.8937243223190308,10.622395,10.62612533569336
1997,70.10436463356018,0.89377916,0.893750786781311,1.2014799722237512e-05,0.8937408328056335,10.622084,10.624921321868896
1998,70.14178085327148,0.8938062,0.8937615752220154,1.1375246685929596e-05,0.8937432765960693,10.619378,10.623842477798462
1999,70.1791729927063,0.8938062,0.8937729597091675,6.602864687010879e-06,0.8937560319900513,10.619378,10.622704029083252
2000,70.208580493927,0.8938133,0.8937767744064331,7.964462383824866e-06,0.8937727808952332,10.618669,10.62232255935669
2001,70.24643087387085,0.89383024,0.8937816023826599,1.1765252565965056e-05,0.89377361536026,10.616976,10.621839761734009
2002,70.28355097770691,0.89383024,0.8937874436378479,1.3783840586256701e-05,0.8937760591506958,10.616976,10.62125563621521
2003,70.31471586227417,0.89384747,0.8937987685203552,1.476215857110219e-05,0.8937791585922241,10.615253,10.620123147964478
2004,70.35071110725403,0.8938532,0.8938127756118774,1.0452257811266463e-05,0.893803596496582,10.614681,10.618722438812256
2005,70.38778328895569,0.8938719,0.8938211798667908,1.2826664715248626e-05,0.8938086032867432,10.61281,10.617882013320923
2006,70.42745590209961,0.8938836,0.8938319683074951,1.371615599055076e-05,0.893816351890564,10.611641,10.616803169250488
2007,70.4656629562378,0.89390856,0.8938444256782532,1.1641598575806711e-05,0.8938302397727966,10.609144,10.615557432174683
2008,70.5032217502594,0.8939388,0.8938549160957336,1.5719097063993104e-05,0.8938421010971069,10.606122,10.614508390426636
2009,70.54130482673645,0.8939466,0.8938660621643066,2.3380358470603824e-05,0.8938479423522949,10.605341,10.613393783569336
2010,70.57989716529846,0.89396906,0.8938856720924377,2.9421797080431134e-05,0.893855631351471,10.603094,10.611432790756226
2011,70.616539478302,0.89396906,0.8939139246940613,2.338543527002912e-05,0.8938742876052856,10.603094,10.608607530593872
2012,70.64687657356262,0.89396906,0.893933117389679,1.5673729649279267e-05,0.8939100503921509,10.603094,10.606688261032104
2013,70.67731666564941,0.89398,0.8939472436904907,8.669229828228708e-06,0.8939356803894043,10.601997,10.605275630950928
2014,70.7151825428009,0.89398,0.8939545154571533,8.4619259723695e-06,0.8939465880393982,10.601997,10.604548454284668
2015,70.74341988563538,0.8939851,0.8939610123634338,9.955298082786612e-06,0.8939517736434937,10.601491,10.603898763656616
2016,70.77940273284912,0.8939928,0.8939701318740845,9.03584441402927e-06,0.8939568400382996,10.600721,10.602986812591553
2017,70.81618881225586,0.8939928,0.8939781785011292,5.747733212047024e-06,0.8939690589904785,10.600721,10.602182149887085
2018,70.8464925289154,0.8939928,0.8939829468727112,3.6998696941736853e-06,0.8939800262451172,10.600721,10.601705312728882
2019,70.87682890892029,0.8939998,0.8939862847328186,3.374774451003759e-06,0.8939800262451172,10.6000185,10.60137152671814
2020,70.91478943824768,0.89400226,0.8939886689186096,3.854443093587179e-06,0.8939850926399231,10.599774,10.601133108139038
2021,70.95151495933533,0.8940076,0.8939921855926514,3.5157124784745974e-06,0.8939875364303589,10.599237,10.600781440734863
2022,70.98855400085449,0.89400995,0.8939946889877319,3.863591246044962e-06,0.8939927816390991,10.599005,10.600531101226807
2023,71.02493000030518,0.8940189,0.8939979076385498,5.6645112636033446e-06,0.8939927816390991,10.598111,10.60020923614502
2024,71.06239295005798,0.8940396,0.8940026164054871,6.047842362022493e-06,0.8939951658248901,10.596043,10.599738359451294
2025,71.1010594367981,0.8940406,0.894008219242096,6.593907073693117e-06,0.8940010666847229,10.595942,10.599178075790405
2026,71.13772201538086,0.8940406,0.8940140008926392,8.11651989351958e-06,0.8940074443817139,10.595942,10.598599910736084
2027,71.16910147666931,0.8940509,0.8940203189849854,9.44130624702666e-06,0.894010066986084,10.594911,10.597968101501465
2028,71.20699572563171,0.8940691,0.8940287232398987,1.015426551020937e-05,0.8940181732177734,10.593092,10.597127676010132
2029,71.24420380592346,0.89410365,0.8940382599830627,1.0873832252400462e-05,0.8940260410308838,10.589636,10.596174001693726
2030,71.28273034095764,0.89411986,0.8940484523773193,1.3284784472489264e-05,0.8940366506576538,10.588015,10.595154762268066
2031,71.32166409492493,0.8941447,0.894060492515564,1.8334116248297505e-05,0.8940434455871582,10.585528,10.593950748443604
2032,71.36096262931824,0.8941616,0.8940746784210205,2.2555937903234735e-05,0.8940553069114685,10.583841,10.59253215789795
2033,71.39843940734863,0.89417064,0.8940920233726501,2.7333562684361823e-05,0.8940657377243042,10.582935,10.590797662734985
2034,71.43619894981384,0.89417064,0.894116997718811,2.5368852220708504e-05,0.8940775990486145,10.582935,10.588300228118896
2035,71.46691107749939,0.8941887,0.8941419720649719,1.4933617421775125e-05,0.8941198587417603,10.58113,10.585802793502808
2036,71.50475549697876,0.8941887,0.8941553831100464,1.0858506357180886e-05,0.8941429853439331,10.58113,10.584461688995361
2037,71.53469157218933,0.89419603,0.8941651582717896,9.801039595913608e-06,0.8941528797149658,10.580397,10.583484172821045
2038,71.57261300086975,0.8941977,0.8941739201545715,9.489593139733188e-06,0.8941621780395508,10.58023,10.582607984542847
2039,71.61121034622192,0.8941977,0.8941825032234192,7.672431820537895e-06,0.8941706418991089,10.58023,10.581749677658081
2040,71.64265060424805,0.8941977,0.8941890597343445,4.3809031922137365e-06,0.894180417060852,10.58023,10.581094026565552
2041,71.6740038394928,0.89421904,0.8941925168037415,4.1113371480605565e-06,0.894188642501831,10.578096,10.580748319625854
2042,71.70881938934326,0.89421904,0.8941965103149414,3.2273699162033154e-06,0.8941941261291504,10.578096,10.58034896850586
2043,71.73921298980713,0.89422035,0.8941983580589294,5.179104391572764e-06,0.8941968679428101,10.577965,10.580164194107056
2044,71.77659678459167,0.8942319,0.89420086145401,8.396867997362278e-06,0.8941969275474548,10.576809,10.579913854598999
2045,71.81464505195618,0.89423764,0.894205629825592,1.2078659892722499e-05,0.8941977024078369,10.576237,10.579437017440796
2046,71.85234498977661,0.89423764,0.8942132592201233,1.375941610604059e-05,0.8941978216171265,10.576237,10.578674077987671
2047,71.8836317062378,0.8942617,0.89422607421875,6.760257292626193e-06,0.8942190408706665,10.573828,10.577392578125
2048,71.92214632034302,0.89426184,0.8942322731018066,5.3134413064981345e-06,0.89422607421875,10.573816,10.576772689819336
2049,71.96225547790527,0.8942691,0.8942359089851379,7.976233064255212e-06,0.894231379032135,10.57309,10.576409101486206
2050,72.00029277801514,0.8942777,0.894241452217102,1.1008861292793881e-05,0.894231915473938,10.572231,10.575854778289795
2051,72.03815126419067,0.8942898,0.8942503333091736,1.1946201993850991e-05,0.8942376375198364,10.571021,10.574966669082642
2052,72.07509899139404,0.89431626,0.8942610025405884,1.1845264452858828e-05,0.89424729347229,10.568375,10.573899745941162
2053,72.11227440834045,0.89431626,0.8942720293998718,1.1257961887167767e-05,0.8942617177963257,10.568375,10.572797060012817
2054,72.14337229728699,0.89433616,0.8942834138870239,1.387358224747004e-05,0.8942691087722778,10.566383,10.571658611297607
2055,72.18031334877014,0.8943644,0.894294798374176,1.868423896667082e-05,0.8942776918411255,10.563559,10.570520162582397
2056,72.21798539161682,0.8943857,0.8943150639533997,1.8255146642331965e-05,0.8942931890487671,10.56143,10.568493604660034
2057,72.2543830871582,0.8943857,0.8943299055099487,1.8709508367464878e-05,0.8943091034889221,10.56143,10.567009449005127
2058,72.28487610816956,0.89441663,0.8943465948104858,1.7828169802669436e-05,0.8943315744400024,10.558337,10.565340518951416
2059,72.32213735580444,0.89441663,0.8943608403205872,1.8937838831334375e-05,0.8943353295326233,10.558337,10.563915967941284
2060,72.35160970687866,0.89441663,0.8943744897842407,1.65153069247026e-05,0.8943644165992737,10.558337,10.562551021575928
2061,72.38208484649658,0.89441717,0.8943873047828674,2.029447387030814e-05,0.8943651914596558,10.558283,10.561269521713257
2062,72.41949486732483,0.8944392,0.8944061398506165,1.4799095879425295e-05,0.894384503364563,10.556078,10.559386014938354
2063,72.45708107948303,0.8944392,0.8944180607795715,5.31400837644469e-06,0.8944158554077148,10.556078,10.558193922042847
2064,72.51198863983154,0.89447784,0.8910243511199951,0.0028327153995633125,0.8843452334403992,10.552216,10.897564888000488
2065,72.5491669178009,0.89447784,0.8934382796287537,0.0008175905677489936,0.8918818235397339,10.552216,10.656172037124634
2066,72.57878303527832,0.89449954,0.8941649794578552,0.00023138542019296438,0.8935509920120239,10.550046,10.583502054214478
2067,72.61595320701599,0.8945,0.8943580985069275,9.16787757887505e-05,0.8941731452941895,10.549998,10.564190149307251
2068,72.65406131744385,0.8945,0.894433319568634,3.120833935099654e-05,0.8943922519683838,10.549998,10.556668043136597
2069,72.68384289741516,0.8945,0.8944559693336487,3.062578252865933e-05,0.8944182991981506,10.549998,10.554403066635132
2070,72.71409034729004,0.8945001,0.8944836258888245,9.761077308212407e-06,0.8944766521453857,10.549993,10.551637411117554
2071,72.75191020965576,0.8945001,0.8944894075393677,1.0863329407584388e-05,0.8944778442382812,10.549993,10.551059246063232
2072,72.78227424621582,0.8945009,0.8944997191429138,4.150936092628399e-07,0.8944987058639526,10.549909,10.550028085708618
2073,72.8189172744751,0.8945009,0.8944998383522034,2.35120793945498e-07,0.894499659538269,10.549909,10.550016164779663
2074,72.84799456596375,0.8945037,0.8945000171661377,3.353287070240185e-07,0.8945000171661377,10.549629,10.54999828338623
2075,72.88390398025513,0.8945037,0.8945001363754272,5.735144554819271e-07,0.8945000171661377,10.549629,10.549986362457275
2076,72.91459321975708,0.89450973,0.8945005536079407,1.1124402590212412e-06,0.8945000767707825,10.5490265,10.549944639205933
2077,72.95039987564087,0.89450973,0.8945013284683228,1.7171636272905744e-06,0.8945000767707825,10.5490265,10.549867153167725
2078,72.97975087165833,0.89452857,0.8945024609565735,2.9025927688053343e-06,0.8945009112358093,10.547143,10.549753904342651
2079,73.01438570022583,0.89453685,0.8945046067237854,4.648373760574032e-06,0.8945010304450989,10.546314,10.54953932762146
2080,73.0503306388855,0.89453685,0.8945073485374451,6.777106136723887e-06,0.8945037126541138,10.546314,10.549265146255493
2081,73.07994961738586,0.89453685,0.8945117592811584,8.836471351969521e-06,0.8945046067237854,10.546314,10.548824071884155
2082,73.10999941825867,0.8945391,0.8945180773735046,9.11772804101929e-06,0.8945097327232361,10.546088,10.548192262649536
2083,73.14537215232849,0.8945452,0.8945252299308777,8.702928425918799e-06,0.8945143222808838,10.545481,10.547477006912231
2084,73.1800467967987,0.8945594,0.8945333957672119,5.097253506392008e-06,0.894523561000824,10.544062,10.546660423278809
2085,73.21590209007263,0.8945686,0.8945387601852417,6.374780696205562e-06,0.8945331573486328,10.543138,10.54612398147583
2086,73.25152635574341,0.8945686,0.8945431113243103,1.0162528269574977e-05,0.8945368528366089,10.543138,10.54568886756897
2087,73.27981495857239,0.8945746,0.8945509791374207,1.2192524991405662e-05,0.8945369124412537,10.5425415,10.544902086257935
2088,73.31569790840149,0.894589,0.8945634365081787,8.04988758318359e-06,0.8945451974868774,10.5411,10.543656349182129
2089,73.35343718528748,0.89459294,0.894569456577301,3.7932586565148085e-06,0.8945643901824951,10.540706,10.543054342269897
2090,73.3881824016571,0.89462376,0.8945722579956055,6.421186753868824e-06,0.8945676684379578,10.537624,10.542774200439453
2091,73.4255838394165,0.8946284,0.8945766091346741,9.089068953471724e-06,0.8945699334144592,10.537159,10.542339086532593
2092,73.46165013313293,0.8946352,0.8945826292037964,1.3645272701978683e-05,0.8945745229721069,10.53648,10.541737079620361
2093,73.49841713905334,0.89463985,0.8945921063423157,1.6870897525222972e-05,0.8945754766464233,10.536015,10.540789365768433
2094,73.5333845615387,0.8946421,0.894606351852417,1.7049456801032647e-05,0.8945890069007874,10.535789,10.5393648147583
2095,73.57000374794006,0.89465636,0.8946217894554138,1.4413846656680107e-05,0.8945959210395813,10.534364,10.537821054458618
2096,73.60581660270691,0.89469105,0.8946345448493958,8.89337661647005e-06,0.8946237564086914,10.530895,10.536545515060425
2097,73.64233183860779,0.89471227,0.894643247127533,1.2255369256308768e-05,0.8946351408958435,10.528773,10.535675287246704
2098,73.67881536483765,0.8947178,0.8946512937545776,1.7046146240318194e-05,0.8946411609649658,10.528219,10.534870624542236
2099,73.71468138694763,0.8947454,0.8946627974510193,2.334850978513714e-05,0.8946456909179688,10.525459,10.533720254898071
2100,73.75286650657654,0.89476764,0.8946821689605713,2.6631076252670027e-05,0.8946514129638672,10.523235,10.531783103942871
2101,73.7894937992096,0.89476776,0.8947075605392456,2.2974010789766908e-05,0.8946722745895386,10.523224,10.52924394607544
2102,73.8260760307312,0.8947716,0.8947280645370483,1.755715493345633e-05,0.8947073221206665,10.522842,10.527193546295166
2103,73.86266326904297,0.8948032,0.8947433829307556,1.6763355233706534e-05,0.8947179317474365,10.519677,10.525661706924438
2104,73.89977550506592,0.8948392,0.8947593569755554,1.4506154002447147e-05,0.8947423100471497,10.516077,10.524064302444458
2105,73.93611192703247,0.8948392,0.8947726488113403,1.53346609295113e-05,0.8947525024414062,10.516077,10.522735118865967
2106,73.96542596817017,0.8948392,0.894785463809967,1.9528129996615462e-05,0.8947677612304688,10.516077,10.521453619003296
2107,73.9958987236023,0.8948424,0.8948016166687012,1.8288566934643313e-05,0.8947771787643433,10.515761,10.519838333129883
2108,74.03364443778992,0.8948608,0.8948169946670532,1.534152943349909e-05,0.8947997093200684,10.51392,10.518300533294678
2109,74.0710940361023,0.8950171,0.8948324918746948,1.7886619389173575e-05,0.8948110342025757,10.498291,10.516750812530518
2110,74.10746312141418,0.895025,0.8948460817337036,2.2128007913124748e-05,0.8948342800140381,10.4974985,10.515391826629639
2111,74.1433436870575,0.89505106,0.8948583602905273,3.880059375660494e-05,0.8948392271995544,10.494894,10.514163970947266
2112,74.18152236938477,0.89505565,0.8948820233345032,5.8137862652074546e-05,0.8948456048965454,10.494434,10.511797666549683
2113,74.21669602394104,0.8950653,0.8949177265167236,7.571681635454297e-05,0.8948608040809631,10.493469,10.508227348327637
2114,74.25311279296875,0.8950653,0.894974410533905,8.049893949646503e-05,0.8948731422424316,10.493469,10.502558946609497
2115,74.28203058242798,0.89506644,0.8950461149215698,1.3349643268156797e-05,0.8950170874595642,10.493356,10.495388507843018
2116,74.31731224060059,0.8950686,0.895056426525116,5.653739663102897e-06,0.8950496315956116,10.493141,10.494357347488403
2117,74.3539457321167,0.8950687,0.8950621485710144,2.8156666758150095e-06,0.8950576186180115,10.49313,10.49378514289856
2118,74.39018535614014,0.89507174,0.8950645923614502,2.090436282742303e-06,0.8950618505477905,10.4928255,10.49354076385498
2119,74.42572140693665,0.89507383,0.8950663208961487,1.4626892834712635e-06,0.8950653076171875,10.492617,10.493367910385132
2120,74.46088910102844,0.89508146,0.8950677514076233,2.024165723923943e-06,0.895065426826477,10.491854,10.493224859237671
2121,74.49708414077759,0.8950815,0.8950695395469666,2.9978832571941894e-06,0.8950673341751099,10.491848,10.493046045303345
2122,74.5316104888916,0.8950815,0.8950713276863098,4.37356902693864e-06,0.8950687050819397,10.491848,10.492867231369019
2123,74.5604681968689,0.89508253,0.8950746059417725,5.116258762427606e-06,0.8950687050819397,10.491747,10.492539405822754
2124,74.59594249725342,0.89508384,0.8950796127319336,2.6655538931663614e-06,0.8950738310813904,10.491615,10.49203872680664
2125,74.63196277618408,0.89509195,0.8950817584991455,9.362644277643994e-07,0.8950814604759216,10.490805,10.49182415008545
2126,74.669429063797,0.8950963,0.8950821757316589,1.5774362509546336e-06,0.8950815200805664,10.49037,10.491782426834106
2127,74.70496249198914,0.8950963,0.8950830698013306,2.26539532377501e-06,0.8950815200805664,10.49037,10.491693019866943
2128,74.73420786857605,0.8950983,0.8950845003128052,3.1598876830685185e-06,0.8950825333595276,10.490168,10.491549968719482
2129,74.7730085849762,0.8951198,0.895086407661438,5.2015125220350455e-06,0.895083487033844,10.488022,10.491359233856201
2130,74.80791664123535,0.89513016,0.8950908780097961,8.124287887767423e-06,0.8950838446617126,10.486984,10.490912199020386
2131,74.8438036441803,0.8951322,0.8950977325439453,8.619796062703244e-06,0.8950858116149902,10.486782,10.490226745605469
2132,74.88015842437744,0.8951322,0.8951035737991333,1.0817791917361319e-05,0.8950963020324707,10.486782,10.48964262008667
2133,74.90928745269775,0.8951336,0.8951101899147034,1.2218811207276303e-05,0.8950983285903931,10.486639,10.488981008529663
2134,74.9464430809021,0.8951345,0.8951215744018555,7.0833834797667805e-06,0.895107090473175,10.486549,10.487842559814453
2135,74.98469805717468,0.89513457,0.895127534866333,4.4065595830034e-06,0.8951207399368286,10.486544,10.4872465133667
2136,75.02033925056458,0.89514756,0.8951316475868225,2.0455217963899486e-06,0.8951274156570435,10.485244,10.486835241317749
2137,75.0555408000946,0.89515394,0.8951334357261658,2.141328650395735e-06,0.8951321840286255,10.484606,10.486656427383423
2138,75.09300327301025,0.89515394,0.8951348662376404,3.5164275686838664e-06,0.8951331377029419,10.484606,10.486513376235962
2139,75.12156200408936,0.89515835,0.8951366543769836,5.507834885065677e-06,0.8951345086097717,10.484165,10.486334562301636
2140,75.15773725509644,0.89515835,0.8951389193534851,8.043612069741357e-06,0.8951345682144165,10.484165,10.48610806465149
2141,75.18715357780457,0.89516,0.8951439261436462,1.0094356184708886e-05,0.8951345682144165,10.483998,10.485607385635376
2142,75.22247242927551,0.89516,0.8951539993286133,5.263576895231381e-06,0.8951360583305359,10.483998,10.484600067138672
2143,75.25156831741333,0.89516,0.8951582312583923,9.248993819710449e-07,0.8951562643051147,10.483998,10.484176874160767
2144,75.28079342842102,0.8951874,0.8951588869094849,2.0071931885468075e-06,0.8951583504676819,10.481262,10.484111309051514
2145,75.31674599647522,0.8951874,0.8951603770256042,6.129213943495415e-06,0.8951583504676819,10.481262,10.483962297439575
2146,75.34625577926636,0.8951879,0.8951631784439087,9.255369150196202e-06,0.8951584100723267,10.481209,10.48368215560913
2147,75.38226532936096,0.8951971,0.8951688408851624,1.2935125596413855e-05,0.8951598405838013,10.48029,10.483115911483765
2148,75.41813826560974,0.8952178,0.8951789140701294,1.3379047231865115e-05,0.8951600193977356,10.478222,10.48210859298706
2149,75.45557475090027,0.8952265,0.8951897621154785,6.641335858148523e-06,0.8951873779296875,10.477352,10.481023788452148
2150,75.4918487071991,0.8952451,0.8951935768127441,1.167088976217201e-05,0.8951873779296875,10.4754925,10.480642318725586
2151,75.52787494659424,0.8952492,0.8952006697654724,1.614910434000194e-05,0.8951888680458069,10.475081,10.479933023452759
2152,75.56487703323364,0.8952842,0.8952136635780334,1.8355933207203634e-05,0.8951929211616516,10.471582,10.478633642196655
2153,75.60174012184143,0.8954909,0.8952344059944153,2.2229609385249205e-05,0.895217776298523,10.4509115,10.476559400558472
2154,75.63656067848206,0.8954909,0.8952479958534241,3.37555211444851e-05,0.8952264785766602,10.4509115,10.475200414657593
2155,75.66544198989868,0.8955232,0.8952752351760864,5.861304816789925e-05,0.8952450752258301,10.447681,10.472476482391357
2156,75.70224356651306,0.8955789,0.8953109979629517,8.177253039320931e-05,0.8952521085739136,10.442108,10.468900203704834
2157,75.74079251289368,0.8955804,0.8953475952148438,0.0001066308468580246,0.8952836990356445,10.441959,10.465240478515625
2158,75.77734184265137,0.8955804,0.8954141736030579,0.00012318513472564518,0.8952867388725281,10.441959,10.458582639694214
2159,75.80710506439209,0.8955809,0.8955366015434265,3.462794848019257e-05,0.8954769968986511,10.441912,10.446339845657349
2160,75.84331393241882,0.8955809,0.8955658674240112,2.1025154637754895e-05,0.895523190498352,10.441912,10.443413257598877
2161,75.87576484680176,0.8955809,0.8955795168876648,1.0515478834349778e-06,0.8955765962600708,10.441912,10.44204831123352
2162,75.92093181610107,0.8955809,0.8955802917480469,4.060698870489432e-07,0.8955797553062439,10.441912,10.441970825195312
2163,75.95508050918579,0.8955833,0.8955807089805603,2.9528587219829205e-07,0.8955804109573364,10.441673,10.44192910194397
2164,75.99202752113342,0.8955833,0.895581066608429,3.4194621889582777e-07,0.8955808877944946,10.441673,10.441893339157104
2165,76.02139067649841,0.8955833,0.8955811858177185,6.234189982023963e-07,0.8955808877944946,10.441673,10.44188141822815
2166,76.05042314529419,0.8955833,0.8955814838409424,9.178783670904522e-07,0.8955808877944946,10.441673,10.441851615905762
2167,76.0791437625885,0.8955833,0.895581841468811,1.1439137779234443e-06,0.8955808877944946,10.441673,10.441815853118896
2168,76.10690355300903,0.8955833,0.8955826759338379,1.0233924285785179e-06,0.8955808877944946,10.441673,10.441732406616211
2169,76.13578653335571,0.8955855,0.8955832719802856,1.462147309894135e-07,0.8955832719802856,10.441452,10.441672801971436
2170,76.17297720909119,0.89558846,0.8955832719802856,4.513479154866218e-07,0.8955832719802856,10.4411545,10.441672801971436
2171,76.20915865898132,0.89558846,0.89558345079422,9.298752843278635e-07,0.8955832719802856,10.4411545,10.441654920578003
2172,76.2392942905426,0.89558846,0.8955839276313782,1.6098299511213554e-06,0.8955832719802856,10.4411545,10.441607236862183
2173,76.26850652694702,0.8955906,0.895584762096405,2.1298792489687912e-06,0.8955832719802856,10.44094,10.441523790359497
2174,76.30416297912598,0.895593,0.8955865502357483,2.301884705957491e-06,0.8955832719802856,10.4407015,10.441344976425171
2175,76.34245300292969,0.895593,0.8955886960029602,1.2939400448885863e-06,0.8955875635147095,10.4407015,10.44113039970398
2176,76.37199401855469,0.8955933,0.8955898880958557,1.8885166355175897e-06,0.8955884575843811,10.440672,10.441011190414429
2177,76.40714049339294,0.89560145,0.8955911993980408,2.09815016205539e-06,0.8955884575843811,10.439855,10.440880060195923
2178,76.44534969329834,0.8956456,0.8955930471420288,3.7491815874091117e-06,0.895590603351593,10.435438,10.44069528579712
2179,76.48229670524597,0.895648,0.8955947160720825,8.732296919333749e-06,0.8955929279327393,10.4352,10.440528392791748
2180,76.51889872550964,0.89564824,0.8955981135368347,1.4349743651109748e-05,0.895592987537384,10.435176,10.440188646316528
2181,76.5549054145813,0.89564824,0.8956042528152466,2.0332057829364203e-05,0.8955932855606079,10.435176,10.439574718475342
2182,76.58206534385681,0.89566153,0.8956166505813599,2.5031324184965342e-05,0.8955932855606079,10.433846,10.438334941864014
2183,76.6186306476593,0.89566153,0.8956382274627686,1.7830954675446264e-05,0.8956060409545898,10.433846,10.436177253723145
2184,76.64711284637451,0.89566153,0.8956496119499207,3.982554972026264e-06,0.8956480026245117,10.433846,10.435038805007935
2185,76.67585396766663,0.89566416,0.895651638507843,5.414575298345881e-06,0.8956482410430908,10.433584,10.434836149215698
2186,76.71186971664429,0.89566773,0.8956559300422668,5.761418378824601e-06,0.8956482410430908,10.433227,10.434406995773315
2187,76.74884390830994,0.8956678,0.8956615328788757,1.4038391782378312e-06,0.8956568241119385,10.433221,10.433846712112427
2188,76.78524327278137,0.895668,0.8956621885299683,1.8993573576153722e-06,0.8956614136695862,10.433197,10.433781147003174
2189,76.82183575630188,0.8956704,0.8956633806228638,2.615725406940328e-06,0.8956615328788757,10.432959,10.433661937713623
2190,76.85852909088135,0.8956715,0.8956654071807861,2.633956000863691e-06,0.8956615328788757,10.432852,10.433459281921387
2191,76.89549517631531,0.8956742,0.895668089389801,1.289781607738405e-06,0.8956649303436279,10.432577,10.433191061019897
2192,76.93329954147339,0.89567435,0.8956690430641174,1.8876978629123187e-06,0.8956677317619324,10.432566,10.433095693588257
2193,76.97009110450745,0.8958149,0.8956710696220398,9.847480214375537e-06,0.8956680297851562,10.41851,10.43289303779602
2194,77.00633835792542,0.89581597,0.8956745266914368,1.63984987011645e-05,0.8956704139709473,10.418404,10.432547330856323
2195,77.04256176948547,0.89581597,0.8956812024116516,2.885636786231771e-05,0.8956718444824219,10.418404,10.431879758834839
2196,77.0716609954834,0.8958167,0.8956919312477112,4.402715785545297e-05,0.8956743478775024,10.418331,10.430806875228882
2197,77.1079695224762,0.89581984,0.8957085013389587,5.7049328461289406e-05,0.895676851272583,10.4180155,10.429149866104126
2198,77.14482569694519,0.8958242,0.8957352042198181,6.747894803993404e-05,0.8956779837608337,10.417581,10.426479578018188
2199,77.18192505836487,0.89582646,0.8957991003990173,4.578920197673142e-05,0.8956817984580994,10.417355,10.420089960098267
2200,77.21818280220032,0.8958362,0.8958188891410828,3.2028751775214914e-06,0.8958159685134888,10.416383,10.418111085891724
2201,77.25435996055603,0.8958362,0.8958214521408081,3.1603929073753534e-06,0.8958188891410828,10.416383,10.41785478591919
2202,77.28404355049133,0.89589995,0.8958245515823364,6.994091563683469e-06,0.8958199620246887,10.410005,10.417544841766357
2203,77.32092595100403,0.8959091,0.8958288431167603,1.1554479897313286e-05,0.8958230018615723,10.409093,10.417115688323975
2204,77.35640144348145,0.8959205,0.895836353302002,1.8918663045042194e-05,0.8958251476287842,10.4079485,10.416364669799805
2205,77.39180970191956,0.89592123,0.8958473801612854,2.6946740035782568e-05,0.8958323001861572,10.407877,10.41526198387146
2206,77.4273431301117,0.89594877,0.8958647847175598,3.5759283491643146e-05,0.8958361744880676,10.405123,10.413521528244019
2207,77.46471524238586,0.8959661,0.8958932161331177,3.3622432965785265e-05,0.8958368897438049,10.403389,10.410678386688232
2208,77.52352857589722,0.89594877,0.8922210335731506,0.0031421370804309845,0.8842558860778809,10.405123,10.777896642684937
2209,77.55883932113647,0.895996,0.8948087096214294,0.0008146871696226299,0.893303394317627,10.400402,10.519129037857056
2210,77.59796047210693,0.8960486,0.8955004215240479,0.00038531862082891166,0.8948693871498108,10.39514,10.449957847595215
2211,77.63487768173218,0.8960486,0.8958450555801392,0.0001122482426580973,0.8955485820770264,10.39514,10.415494441986084
2212,77.66506457328796,0.8960507,0.8959376215934753,4.756639100378379e-05,0.8958476185798645,10.394931,10.406237840652466
2213,77.70138645172119,0.8960525,0.8959774374961853,3.1708990718470886e-05,0.895946204662323,10.3947525,10.40225625038147
2214,77.73721408843994,0.8960525,0.8960021138191223,2.850694909284357e-05,0.8959630727767944,10.3947525,10.399788618087769
2215,77.76474595069885,0.8960561,0.8960244655609131,2.112812398991082e-05,0.8959985971450806,10.394388,10.397553443908691
2216,77.80053234100342,0.896057,0.8960458636283875,5.057367616245756e-06,0.8960309028625488,10.394299,10.395413637161255
2217,77.83638525009155,0.896057,0.8960503935813904,2.0955453692295123e-06,0.8960486054420471,10.394299,10.394960641860962
2218,77.866770029068,0.8960582,0.8960520029067993,1.7441614090785151e-06,0.8960503935813904,10.39418,10.394799709320068
2219,77.90487456321716,0.89605826,0.8960534930229187,1.8819603155861842e-06,0.8960516452789307,10.394174,10.39465069770813
2220,77.945383310318,0.89607245,0.8960552215576172,2.2925034954823786e-06,0.8960524797439575,10.3927555,10.394477844238281
2221,77.98274254798889,0.89607245,0.8960575461387634,2.5215551886503818e-06,0.896055281162262,10.3927555,10.394245386123657
2222,78.01134872436523,0.8961131,0.8960590958595276,5.003564183425624e-06,0.8960570096969604,10.38869,10.394090414047241
2223,78.04849362373352,0.8961199,0.8960617184638977,9.078367838810664e-06,0.896058201789856,10.388011,10.39382815361023
2224,78.0862455368042,0.8961371,0.8960662484169006,1.463392072764691e-05,0.8960590362548828,10.386288,10.393375158309937
2225,78.122314453125,0.8961371,0.8960748910903931,2.126716026396025e-05,0.8960591554641724,10.386288,10.392510890960693
2226,78.1511902809143,0.8961439,0.8960893750190735,2.484313336026389e-05,0.8960677981376648,10.385609,10.391062498092651
2227,78.18655800819397,0.8961439,0.896109402179718,2.5932182325050235e-05,0.896075427532196,10.385609,10.389059782028198
2228,78.21661806106567,0.89614415,0.8961325883865356,7.539573743997607e-06,0.8961176872253418,10.385585,10.386741161346436
2229,78.25304794311523,0.89619696,0.896138608455658,4.671473561757011e-06,0.8961362242698669,10.380304,10.386139154434204
2230,78.28953123092651,0.8962003,0.8961413502693176,9.782852430362254e-06,0.8961371183395386,10.379971,10.385864973068237
2231,78.32599306106567,0.8962037,0.8961471319198608,1.5079630429681856e-05,0.8961371183395386,10.37963,10.385286808013916
2232,78.36151504516602,0.8962053,0.8961552977561951,2.1396765077952296e-05,0.896143913269043,10.379469,10.384470224380493
2233,78.39802193641663,0.89621234,0.8961668610572815,2.5633467885199934e-05,0.8961441516876221,10.378766,10.38331389427185
2234,78.434978723526,0.89621246,0.8961880803108215,2.2365593395079486e-05,0.8961520791053772,10.378754,10.381191968917847
2235,78.47171592712402,0.89621276,0.8962043523788452,4.683403403760167e-06,0.8961969614028931,10.378724,10.379564762115479
2236,78.50759291648865,0.89621276,0.8962079286575317,3.7241638892737683e-06,0.8962037563323975,10.378724,10.379207134246826
2237,78.53761458396912,0.89621276,0.8962112665176392,2.346094788663322e-06,0.8962053060531616,10.378724,10.378873348236084
2238,78.56621265411377,0.89621454,0.8962124586105347,2.2067963811878144e-07,0.8962123394012451,10.378546,10.378754138946533
2239,78.60172200202942,0.89621454,0.8962125778198242,3.598696594053763e-07,0.8962123394012451,10.378546,10.378742218017578
2240,78.63113236427307,0.8962215,0.8962128162384033,7.975488074407622e-07,0.8962124586105347,10.377848,10.378718376159668
2241,78.6669659614563,0.89622796,0.8962134122848511,1.765390720720461e-06,0.8962127566337585,10.377205,10.378658771514893
2242,78.70316362380981,0.89622796,0.8962146043777466,3.0917117328499444e-06,0.8962128162384033,10.377205,10.378539562225342
2243,78.73186683654785,0.8962302,0.8962166905403137,4.423156951816054e-06,0.8962132930755615,10.376978,10.378330945968628
2244,78.76678013801575,0.896237,0.8962203860282898,5.301611054164823e-06,0.8962145447731018,10.376299,10.37796139717102
2245,78.8030321598053,0.89623857,0.8962252140045166,4.662983883463312e-06,0.8962215185165405,10.376143,10.37747859954834
2246,78.84035420417786,0.89624363,0.8962292075157166,5.254758434602991e-06,0.8962224721908569,10.375637,10.377079248428345
2247,78.87730240821838,0.8962541,0.896234393119812,5.57935254619224e-06,0.8962279558181763,10.374588,10.376560688018799
2248,78.91487789154053,0.89626384,0.896240234375,5.4083352551970165e-06,0.8962370157241821,10.373616,10.3759765625
2249,78.95004296302795,0.89628094,0.8962448239326477,7.866202395234723e-06,0.8962372541427612,10.371905,10.37551760673523
2250,78.98575949668884,0.89628094,0.8962526321411133,7.177362022048328e-06,0.8962407112121582,10.371905,10.374736785888672
2251,79.01579427719116,0.8962816,0.8962579369544983,8.100405466393568e-06,0.8962540626525879,10.37184,10.374206304550171
2252,79.0528473854065,0.89629585,0.8962624073028564,1.0655418918759096e-05,0.8962541222572327,10.370416,10.373759269714355
2253,79.08902621269226,0.89629585,0.8962721824645996,1.0191977708018385e-05,0.8962551355361938,10.370416,10.372781753540039
2254,79.12070274353027,0.8962978,0.8962815999984741,3.6125441056356067e-06,0.8962735533714294,10.370218,10.371840000152588
2255,79.16063499450684,0.8962978,0.8962832689285278,4.759074727189727e-06,0.8962809443473816,10.370218,10.371673107147217
2256,79.1896493434906,0.89630353,0.8962859511375427,6.522671810671454e-06,0.8962818384170532,10.369646,10.371404886245728
2257,79.22583889961243,0.8963423,0.8962907791137695,7.969726539158728e-06,0.896281898021698,10.365772,10.370922088623047
2258,79.26223039627075,0.89642376,0.8962985873222351,1.075601267075399e-05,0.8962958455085754,10.357624,10.37014126777649
2259,79.29905033111572,0.89644605,0.8963049650192261,2.6287263608537614e-05,0.8962968587875366,10.355395,10.369503498077393
2260,79.3349437713623,0.89644605,0.8963163495063782,4.042168802698143e-05,0.896297812461853,10.355395,10.368365049362183
2261,79.3626594543457,0.8964468,0.8963439464569092,5.609595973510295e-05,0.896297812461853,10.355318,10.365605354309082
2262,79.39877557754517,0.89647,0.8963897824287415,5.252673872746527e-05,0.8963035345077515,10.352999,10.361021757125854
2263,79.43461799621582,0.89647055,0.8964346051216125,1.3653962014359422e-05,0.8964237570762634,10.352945,10.356539487838745
2264,79.46991086006165,0.89647096,0.896446168422699,1.2105671885365155e-05,0.8964242339134216,10.352903,10.355383157730103
2265,79.50556135177612,0.896472,0.8964540362358093,1.073838666343363e-05,0.8964460492134094,10.352802,10.354596376419067
2266,79.54333829879761,0.8964877,0.896461009979248,1.1297653145447839e-05,0.8964468836784363,10.351229,10.353899002075195
2267,79.58150959014893,0.896488,0.8964706659317017,2.4605851649539545e-06,0.8964699506759644,10.351199,10.352933406829834
2268,79.61813020706177,0.896488,0.8964717388153076,4.071323473908706e-06,0.8964700102806091,10.351199,10.352826118469238
2269,79.64717864990234,0.89653313,0.8964738845825195,7.074072073010029e-06,0.8964705467224121,10.346687,10.352611541748047
2270,79.68238639831543,0.89653313,0.8964783549308777,1.0521921467443462e-05,0.8964709639549255,10.346687,10.352164506912231
2271,79.71316409111023,0.89654946,0.8964871168136597,1.3843578017258551e-05,0.8964723348617554,10.345054,10.351288318634033
2272,79.75022315979004,0.8965515,0.8964957594871521,1.7054790077963844e-05,0.8964877128601074,10.344851,10.35042405128479
2273,79.78746700286865,0.8965515,0.89650559425354,2.3034948753775097e-05,0.8964878916740417,10.344851,10.349440574645996
2274,79.81652212142944,0.89655554,0.8965243697166443,2.296165439474862e-05,0.8964896202087402,10.344446,10.347563028335571
2275,79.85382127761841,0.89656585,0.8965435028076172,8.215445632231422e-06,0.8965331315994263,10.343414,10.345649719238281
2276,79.8900785446167,0.89656645,0.8965508937835693,2.7703044906957075e-06,0.8965489268302917,10.343355,10.344910621643066
2277,79.928062915802,0.896567,0.8965533971786499,3.971009846281959e-06,0.896549642086029,10.343302,10.34466028213501
2278,79.96614408493042,0.8965683,0.896556556224823,4.4330281525617465e-06,0.8965514898300171,10.34317,10.3443443775177
2279,80.00394916534424,0.8965683,0.8965595364570618,4.661150342144538e-06,0.8965555429458618,10.34317,10.344046354293823
2280,80.03405117988586,0.8965683,0.8965636491775513,4.0704671846469864e-06,0.8965569734573364,10.34317,10.343635082244873
2281,80.06405186653137,0.8965794,0.8965668678283691,1.1445074505900266e-06,0.896565854549408,10.342062,10.343313217163086
2282,80.10940670967102,0.8965818,0.896567702293396,2.1706257484765956e-06,0.8965664505958557,10.341817,10.3432297706604
2283,80.14649605751038,0.89658326,0.8965690732002258,3.6511235066427616e-06,0.8965669870376587,10.341674,10.343092679977417
2284,80.1824414730072,0.8965837,0.8965709209442139,4.626956979336683e-06,0.8965682983398438,10.341633,10.342907905578613
2285,80.21774649620056,0.8965837,0.8965741991996765,5.832767783431336e-06,0.8965688347816467,10.341633,10.342580080032349
2286,80.24715685844421,0.8965943,0.8965795040130615,4.548632659862051e-06,0.8965712189674377,10.340571,10.342049598693848
2287,80.28388786315918,0.8965949,0.8965831995010376,2.17115643863508e-06,0.8965818285942078,10.340511,10.34168004989624
2288,80.31991076469421,0.89659995,0.896584689617157,3.065512146349647e-06,0.8965832591056824,10.340005,10.341531038284302
2289,80.35555863380432,0.8966018,0.8965861797332764,4.501353942032438e-06,0.8965836763381958,10.339821,10.341382026672363
2290,80.39259266853333,0.8966018,0.8965892195701599,5.560141744354041e-06,0.8965836763381958,10.339821,10.341078042984009
2291,80.4219343662262,0.8966083,0.8965946435928345,4.1145653995044995e-06,0.8965880274772644,10.33917,10.340535640716553
2292,80.45838499069214,0.89661443,0.8965982794761658,4.43930912297219e-06,0.8965942859649658,10.338556,10.340172052383423
2293,80.49375081062317,0.89661634,0.8966029286384583,4.8577239795122296e-06,0.8965966701507568,10.338366,10.339707136154175
2294,80.53085160255432,0.8966182,0.8966073989868164,4.290662673156476e-06,0.8966014385223389,10.3381815,10.33926010131836
2295,80.56705832481384,0.8966204,0.8966113924980164,3.3061503472708864e-06,0.8966070413589478,10.337961,10.338860750198364
2296,80.6033616065979,0.8966204,0.8966144919395447,2.1050179839221528e-06,0.8966114521026611,10.337961,10.338550806045532
2297,80.63173222541809,0.8966616,0.8966162800788879,3.5911020859202836e-06,0.8966144323348999,10.333842,10.338371992111206
2298,80.66769242286682,0.89666206,0.8966193199157715,7.106824796210276e-06,0.8966158628463745,10.333795,10.338068008422852
2299,80.70496940612793,0.89666206,0.8966221809387207,1.1153068953717593e-05,0.8966181874275208,10.333795,10.33778190612793
2300,80.73409485816956,0.896678,0.8966277241706848,1.594718014530372e-05,0.8966181874275208,10.332203,10.337227582931519
2301,80.7696053981781,0.896678,0.8966369032859802,1.95613920368487e-05,0.8966203927993774,10.332203,10.336309671401978
2302,80.79890036582947,0.8967153,0.8966526985168457,1.8827768144547008e-05,0.8966259360313416,10.328472,10.33473014831543
2303,80.83368134498596,0.8967201,0.8966680765151978,9.902328201860655e-06,0.8966615796089172,10.327989,10.333192348480225
2304,80.87056636810303,0.89672303,0.896675169467926,1.4274552995630074e-05,0.896665632724762,10.327697,10.332483053207397
2305,80.90733408927917,0.89672303,0.8966829180717468,1.907303521875292e-05,0.896669328212738,10.327697,10.331708192825317
2306,80.93731474876404,0.89672303,0.8966975212097168,2.0661933376686648e-05,0.8966779708862305,10.327697,10.33024787902832
2307,80.96667003631592,0.89672303,0.8967160582542419,1.3157785360817797e-05,0.896679699420929,10.327697,10.328394174575806
2308,80.99534797668457,0.89672303,0.896722674369812,4.654264955661347e-07,0.896721363067627,10.327697,10.327732563018799
2309,81.02431511878967,0.89672303,0.8967228531837463,1.7881393432617188e-07,0.8967230319976807,10.327697,10.327714681625366
2310,81.05345368385315,0.8967258,0.8967228531837463,2.633033773236093e-07,0.8967230319976807,10.327423,10.327714681625366
2311,81.08898043632507,0.8967395,0.8967229723930359,1.1424555168559891e-06,0.8967230319976807,10.326052,10.327702760696411
2312,81.1249611377716,0.8967397,0.8967232704162598,2.4362766453123186e-06,0.8967230319976807,10.326028,10.327672958374023
2313,81.162029504776,0.89673984,0.896724283695221,4.245214313414181e-06,0.8967230319976807,10.326015,10.327571630477905
2314,81.19825768470764,0.89674145,0.8967261910438538,6.0796628531534225e-06,0.8967230319976807,10.325855,10.327380895614624
2315,81.23428606987,0.8967426,0.8967297077178955,7.395150532829575e-06,0.8967230319976807,10.325742,10.32702922821045
2316,81.27067232131958,0.8967426,0.8967358469963074,6.495930847449927e-06,0.8967257738113403,10.325742,10.326415300369263
2317,81.29996514320374,0.89674276,0.8967406153678894,1.2239678426340106e-06,0.8967394828796387,10.325724,10.32593846321106
2318,81.33487749099731,0.89674276,0.896741509437561,1.1685023082463886e-06,0.8967397212982178,10.325724,10.325849056243896
2319,81.36517405509949,0.8967439,0.896742582321167,1.7232075322226592e-07,0.8967422246932983,10.325611,10.3257417678833
2320,81.40204858779907,0.8967465,0.8967428803443909,6.020552518748445e-07,0.8967424631118774,10.325348,10.325711965560913
2321,81.4403145313263,0.89674664,0.8967431783676147,1.1228497669435455e-06,0.896742582321167,10.325336,10.325682163238525
2322,81.47682309150696,0.89674664,0.8967437148094177,1.5282084859791212e-06,0.896742582321167,10.325336,10.325628519058228
2323,81.50564074516296,0.89679176,0.8967449069023132,3.5263312838651473e-06,0.896742582321167,10.320825,10.325509309768677
2324,81.54310584068298,0.89679176,0.8967467546463013,4.985191026207758e-06,0.8967454433441162,10.320825,10.325324535369873
2325,81.57185697555542,0.89679176,0.8967490792274475,1.0358095096307807e-05,0.8967465162277222,10.320825,10.325092077255249
2326,81.60131740570068,0.89679176,0.8967525959014893,1.5289320799638517e-05,0.8967466354370117,10.320825,10.324740409851074
2327,81.62971234321594,0.8967959,0.8967605829238892,2.0953602870577015e-05,0.8967466354370117,10.320407,10.323941707611084
2328,81.66574573516846,0.8968421,0.8967736959457397,2.328745358681772e-05,0.8967466354370117,10.315788,10.322630405426025
2329,81.70109939575195,0.8968421,0.8967955708503723,1.2139730642957147e-05,0.8967917561531067,10.315788,10.320442914962769
2330,81.73043274879456,0.8968421,0.8968024253845215,1.92783227248583e-05,0.8967917561531067,10.315788,10.319757461547852
2331,81.76014399528503,0.89687264,0.8968175649642944,2.3719918317510746e-05,0.8967918157577515,10.3127365,10.318243503570557
2332,81.7966775894165,0.89687264,0.896841824054718,7.633019777131267e-06,0.896795928478241,10.3127365,10.315817594528198
2333,81.82800960540771,0.89688027,0.8968442678451538,7.955159162520431e-06,0.8968421220779419,10.311974,10.31557321548462
2334,81.8646788597107,0.89688027,0.8968475461006165,1.2187602806079667e-05,0.8968421220779419,10.311974,10.315245389938354
2335,81.89972853660583,0.89688027,0.8968542218208313,1.607680860615801e-05,0.8968421220779419,10.311974,10.31457781791687
2336,81.9300856590271,0.8969084,0.8968693017959595,1.5611605704179965e-05,0.8968421220779419,10.30916,10.313069820404053
2337,81.96630024909973,0.8969093,0.8968818187713623,9.17671150091337e-06,0.8968726396560669,10.309071,10.31181812286377
2338,82.00225353240967,0.8969093,0.8968862295150757,1.112155950977467e-05,0.8968802690505981,10.309071,10.311377048492432
2339,82.03113532066345,0.8969232,0.8968921899795532,1.3486368516169023e-05,0.8968802690505981,10.307682,10.310781002044678
2340,82.0690860748291,0.8969232,0.8969034552574158,1.0932944860542193e-05,0.896881103515625,10.307682,10.309654474258423
2341,82.12379169464111,0.8969657,0.8933320641517639,0.0031165441032499075,0.885810375213623,10.3034315,10.666793584823608
2342,82.16222333908081,0.8969982,0.8958538770675659,0.0008232663385570049,0.8941776752471924,10.300178,10.414612293243408
2343,82.2005078792572,0.8969982,0.8965546488761902,0.00030899851117283106,0.8959938287734985,10.300178,10.344535112380981
2344,82.23098301887512,0.8969982,0.8968221545219421,0.00011383735545678064,0.8966094255447388,10.300178,10.317784547805786
2345,82.26026797294617,0.8969982,0.8969270586967468,4.242809518473223e-05,0.8968600630760193,10.300178,10.307294130325317
2346,82.29028820991516,0.8969991,0.8969592452049255,3.7269022868713364e-05,0.896909236907959,10.300088,10.304075479507446
2347,82.32573175430298,0.8970035,0.896991491317749,9.37523873290047e-06,0.8969656825065613,10.299653,10.300850868225098
2348,82.36307382583618,0.8970035,0.8969964385032654,2.2819069727120223e-06,0.89699387550354,10.299653,10.300356149673462
2349,82.39170122146606,0.8970035,0.8969987630844116,1.3755977761320537e-06,0.8969982266426086,10.299653,10.300123691558838
2350,82.42118573188782,0.8970035,0.8969995379447937,2.133366479029064e-06,0.8969982266426086,10.299653,10.30004620552063
2351,82.44969701766968,0.8970036,0.8970009684562683,2.458566314089694e-06,0.8969982266426086,10.299641,10.299903154373169
2352,82.48565769195557,0.8970188,0.8970033526420593,1.0449407454871107e-06,0.8970025777816772,10.2981205,10.299664735794067
2353,82.52079463005066,0.8970277,0.8970036506652832,2.2455380985775264e-06,0.8970034718513489,10.297233,10.29963493347168
2354,82.55798506736755,0.8970516,0.8970047235488892,5.381604296417208e-06,0.8970034718513489,10.294843,10.299527645111084
2355,82.59427404403687,0.89705336,0.8970078229904175,1.061311468220083e-05,0.8970034718513489,10.294664,10.299217700958252
2356,82.63140153884888,0.8970628,0.8970142602920532,1.5122229342523497e-05,0.8970034718513489,10.293722,10.298573970794678
2357,82.66879630088806,0.8970628,0.8970251083374023,1.6429112292826176e-05,0.897007942199707,10.293722,10.297489166259766
2358,82.69820189476013,0.8971014,0.8970404267311096,1.623032585484907e-05,0.8970187902450562,10.28986,10.295957326889038
2359,82.7348382472992,0.8971014,0.8970566391944885,1.4054137864150107e-05,0.897037148475647,10.28986,10.294336080551147
2360,82.76256966590881,0.89712155,0.8970680236816406,1.7152100554085337e-05,0.8970533609390259,10.287846,10.293197631835938
2361,82.8004891872406,0.8971311,0.8970810174942017,1.957814492925536e-05,0.8970627784729004,10.286892,10.291898250579834
2362,82.83781290054321,0.89714134,0.8971006274223328,1.465451714466326e-05,0.89707350730896,10.285866,10.289937257766724
2363,82.87608242034912,0.89715075,0.8971124291419983,1.2821674317819998e-05,0.8971014022827148,10.2849245,10.288757085800171
2364,82.91314387321472,0.89715075,0.8971229791641235,1.2589888683578465e-05,0.8971108794212341,10.2849245,10.287702083587646
2365,82.9417450428009,0.89715075,0.8971350193023682,8.610999429947697e-06,0.8971215486526489,10.2849245,10.286498069763184
2366,82.97204756736755,0.89715075,0.8971428275108337,5.887087809242075e-06,0.897131085395813,10.2849245,10.285717248916626
2367,83.00117182731628,0.8972368,0.8971481323242188,7.374168035312323e-06,0.8971413373947144,10.276318,10.285186767578125
2368,83.03725028038025,0.89728373,0.8971537947654724,1.654707739362493e-05,0.8971507549285889,10.271626,10.284620523452759
2369,83.07289338111877,0.89728373,0.8971603512763977,3.0993989639682695e-05,0.8971507549285889,10.271626,10.28396487236023
2370,83.10360479354858,0.89728373,0.8971700072288513,4.34976136602927e-05,0.8971507549285889,10.271626,10.282999277114868
2371,83.13374304771423,0.89728373,0.8971922397613525,5.732175486627966e-05,0.8971507549285889,10.271626,10.280776023864746
2372,83.16269254684448,0.89728373,0.8972354531288147,5.658713780576363e-05,0.8971507549285889,10.271626,10.27645468711853
2373,83.19130754470825,0.8972842,0.8972815871238708,6.009314802213339e-06,0.8972560167312622,10.271579,10.271841287612915
2374,83.22818946838379,0.89729035,0.897283673286438,4.562602384794445e-07,0.8972837328910828,10.270966,10.271632671356201
2375,83.26585602760315,0.89729035,0.8972837328910828,6.347695489239413e-07,0.8972837328910828,10.270966,10.271626710891724
2376,83.29726529121399,0.8973063,0.8972840905189514,1.9124997834296664e-06,0.8972837328910828,10.269367,10.271590948104858
2377,83.33590149879456,0.8973063,0.8972848057746887,3.0910157420294126e-06,0.8972837328910828,10.269367,10.271519422531128
2378,83.36543130874634,0.8973063,0.8972862958908081,4.878870640823152e-06,0.8972837328910828,10.269367,10.27137041091919
2379,83.39497113227844,0.8973167,0.8972890973091125,7.169177024479723e-06,0.897284209728241,10.268331,10.271090269088745
2380,83.4302270412445,0.8973186,0.8972941040992737,8.172976777132135e-06,0.8972849249839783,10.26814,10.270589590072632
2381,83.46697998046875,0.8973244,0.8973002433776855,9.694485925137997e-06,0.8972903490066528,10.267562,10.269975662231445
2382,83.50278091430664,0.8973244,0.8973096013069153,4.9127575039165094e-06,0.8973048329353333,10.267562,10.269039869308472
2383,83.5310800075531,0.8973459,0.897314727306366,8.267637895187363e-06,0.8973067998886108,10.265409,10.268527269363403
2384,83.56657075881958,0.8973459,0.8973202109336853,1.0572396604402456e-05,0.8973119258880615,10.265409,10.26797890663147
2385,83.59572291374207,0.8973459,0.89732825756073,1.0858766472665593e-05,0.8973166942596436,10.265409,10.267174243927002
2386,83.62510704994202,0.8973464,0.8973365426063538,9.524535016680602e-06,0.8973233103752136,10.265362,10.266345739364624
2387,83.66093635559082,0.8973471,0.8973447680473328,1.258283191418741e-06,0.8973398804664612,10.265291,10.265523195266724
2388,83.69790077209473,0.8973471,0.8973457217216492,3.819116045633564e-07,0.8973451256752014,10.265291,10.265427827835083
2389,83.7265853881836,0.8973471,0.8973459601402283,2.9035274451416626e-07,0.8973459005355835,10.265291,10.265403985977173
2390,83.75527286529541,0.89734757,0.8973461985588074,4.1299091435575974e-07,0.8973459005355835,10.265244,10.265380144119263
2391,83.79137396812439,0.89734757,0.8973466753959656,4.7049888962646946e-07,0.8973459005355835,10.265244,10.265332460403442
2392,83.82059264183044,0.89734757,0.8973469138145447,4.586243278481561e-07,0.8973463773727417,10.265244,10.265308618545532
2393,83.8505699634552,0.89734757,0.8973473310470581,2.3619762146154244e-07,0.897347092628479,10.265244,10.26526689529419
2394,83.8805627822876,0.8973484,0.8973475098609924,1.353438108253613e-07,0.897347092628479,10.26516,10.265249013900757
2395,83.91743612289429,0.8973484,0.8973475098609924,1.580452817506739e-07,0.8973475694656372,10.26516,10.265249013900757
2396,83.94832849502563,0.8973677,0.897347629070282,1.3504203479897114e-06,0.8973475694656372,10.263228,10.265237092971802
2397,83.9856789112091,0.8973677,0.8973479270935059,2.3020984372124076e-06,0.8973475694656372,10.263228,10.265207290649414
2398,84.0157961845398,0.8973685,0.8973486423492432,4.104073923372198e-06,0.8973475694656372,10.263151,10.265135765075684
2399,84.05180883407593,0.8973685,0.8973502516746521,6.029210908309324e-06,0.8973475694656372,10.263151,10.26497483253479
2400,84.0809063911438,0.8973685,0.8973534107208252,8.489252650178969e-06,0.8973484039306641,10.263151,10.26465892791748
2401,84.11014103889465,0.8973685,0.8973591327667236,9.651495929574594e-06,0.8973484039306641,10.263151,10.264086723327637
2402,84.13869190216064,0.897369,0.8973681330680847,3.9359107972813945e-07,0.8973677158355713,10.263098,10.263186693191528
2403,84.17484307289124,0.897369,0.8973684906959534,9.409811951854863e-08,0.8973684906959534,10.263098,10.263150930404663
2404,84.2038323879242,0.897369,0.8973684906959534,1.5502749306506303e-07,0.8973684906959534,10.263098,10.263150930404663
2405,84.23344588279724,0.897369,0.8973686695098877,2.2524972109749797e-07,0.8973684906959534,10.263098,10.26313304901123
2406,84.26338839530945,0.897369,0.8973687291145325,2.618760959194333e-07,0.8973684906959534,10.263098,10.263127088546753
2407,84.29395842552185,0.897369,0.8973689675331116,2.5016478844008816e-07,0.8973684906959534,10.263098,10.263103246688843
2408,84.32307863235474,0.897369,0.8973690867424011,5.960464477539063e-08,0.8973690271377563,10.263098,10.263091325759888
2409,84.35011458396912,0.897369,0.8973690867424011,5.960464477539063e-08,0.8973690271377563,10.263098,10.263091325759888
2410,84.37870383262634,0.89737946,0.8973692059516907,7.02728414125886e-07,0.8973690271377563,10.262054,10.263079404830933
2411,84.41530871391296,0.8973809,0.8973693251609802,1.4244042176869698e-06,0.8973690271377563,10.261911,10.263067483901978
2412,84.45083332061768,0.8973809,0.8973697423934937,2.5299993922089925e-06,0.8973690271377563,10.261911,10.263025760650635
2413,84.47900533676147,0.8973809,0.8973707556724548,3.9105302676034626e-06,0.8973690271377563,10.261911,10.262924432754517
2414,84.50857424736023,0.8973809,0.8973725438117981,5.21355968885473e-06,0.8973690271377563,10.261911,10.26274561882019
2415,84.53843760490417,0.8973809,0.8973761796951294,5.559555575018749e-06,0.8973690271377563,10.261911,10.26238203048706
2416,84.56744933128357,0.8973809,0.8973807096481323,5.051365405961405e-07,0.897379457950592,10.261911,10.261929035186768
2417,84.59698605537415,0.8973809,0.8973810076713562,1.1920928955078125e-07,0.8973808884620667,10.261911,10.26189923286438
2418,84.62654423713684,0.8973809,0.8973810076713562,1.1920928955078125e-07,0.8973808884620667,10.261911,10.26189923286438
2419,84.65606570243835,0.8974087,0.897381067276001,1.8422718994770548e-06,0.8973808884620667,10.259128,10.261893272399902
2420,84.69157242774963,0.8974088,0.8973817825317383,4.8085589696711395e-06,0.8973808884620667,10.259122,10.261821746826172
2421,84.72835946083069,0.8974088,0.8973832130432129,7.525602086388972e-06,0.8973808884620667,10.259122,10.261678695678711
2422,84.756187915802,0.8974088,0.897386372089386,1.0979340913763735e-05,0.8973808884620667,10.259122,10.261362791061401
2423,84.78351473808289,0.8974233,0.897391676902771,1.3582651263277512e-05,0.8973808884620667,10.257668,10.2608323097229
2424,84.81909728050232,0.8974234,0.8974029421806335,1.1806679140136112e-05,0.8973808884620667,10.257662,10.259705781936646
2425,84.85541343688965,0.897433,0.8974096179008484,3.864570771838771e-06,0.8974087238311768,10.256701,10.259038209915161
2426,84.89199733734131,0.897433,0.897411048412323,5.580094239121536e-06,0.8974087238311768,10.256701,10.2588951587677
2427,84.92138051986694,0.897433,0.8974138498306274,7.624956197105348e-06,0.8974087834358215,10.256701,10.258615016937256
2428,84.94965124130249,0.8974476,0.897420346736908,8.583003364037722e-06,0.8974089622497559,10.255241,10.257965326309204
2429,84.98671174049377,0.89744836,0.8974273204803467,5.969539870420704e-06,0.8974233865737915,10.255164,10.257267951965332
2430,85.02258682250977,0.89744836,0.8974325656890869,7.555316187790595e-06,0.8974235653877258,10.255164,10.256743431091309
2431,85.05117869377136,0.89744836,0.897439181804657,6.272922291827854e-06,0.8974329829216003,10.255164,10.256081819534302
2432,85.08012104034424,0.89744836,0.8974454998970032,2.706769464566605e-06,0.8974421620368958,10.255164,10.255450010299683
2433,85.10696959495544,0.8975113,0.8974480628967285,4.274230377632193e-06,0.8974475860595703,10.24887,10.255193710327148
2434,85.14307761192322,0.8975128,0.8974496126174927,9.449006938666571e-06,0.8974475860595703,10.24872,10.255038738250732
2435,85.17991757392883,0.8975182,0.8974544405937195,1.813467861211393e-05,0.8974478244781494,10.2481785,10.254555940628052
2436,85.21487712860107,0.8975203,0.8974618911743164,2.5728479158715345e-05,0.8974483609199524,10.24797,10.25381088256836
2437,85.25257539749146,0.89753,0.8974773287773132,3.209801434422843e-05,0.8974483609199524,10.246998,10.252267122268677
2438,85.29142332077026,0.89753,0.8975057601928711,2.2648511730949394e-05,0.8974587917327881,10.246998,10.24942398071289
2439,85.3252534866333,0.89754665,0.8975194096565247,4.634176548279356e-06,0.8975135684013367,10.245335,10.248059034347534
2440,85.3636703491211,0.89755297,0.8975226283073425,5.227206202107482e-06,0.8975185751914978,10.244703,10.247737169265747
2441,85.40358901023865,0.89756495,0.8975270986557007,7.6019241532776505e-06,0.8975199460983276,10.2435055,10.247290134429932
2442,85.44001841545105,0.89756495,0.8975329995155334,9.153965947916731e-06,0.8975281119346619,10.2435055,10.246700048446655
2443,85.47060656547546,0.89756626,0.8975378274917603,1.2818466530006845e-05,0.8975297808647156,10.243374,10.246217250823975
2444,85.50718903541565,0.89756626,0.8975465297698975,1.49011320900172e-05,0.897530198097229,10.243374,10.245347023010254
2445,85.53678560256958,0.8975666,0.8975610733032227,5.082772531750379e-06,0.8975483179092407,10.243339,10.243892669677734
2446,85.57363390922546,0.8975666,0.8975651860237122,7.748503207949398e-07,0.897564172744751,10.243339,10.243481397628784
2447,85.60325813293457,0.89758945,0.8975658416748047,1.6993028566503199e-06,0.8975648880004883,10.2410555,10.243415832519531
2448,85.639155626297,0.89762026,0.8975669145584106,4.422267920745071e-06,0.8975659012794495,10.237974,10.243308544158936
2449,85.6763927936554,0.89762026,0.8975687623023987,9.071539352589753e-06,0.8975662589073181,10.237974,10.243123769760132
2450,85.70506620407104,0.8976206,0.8975724577903748,1.5141146832320374e-05,0.8975666165351868,10.237938,10.242754220962524
2451,85.74100303649902,0.897621,0.8975791335105896,2.0954355932190083e-05,0.8975666165351868,10.237903,10.24208664894104
2452,85.7763741016388,0.897621,0.8975916504859924,2.4371209292439744e-05,0.8975666165351868,10.237903,10.240834951400757
2453,85.80516076087952,0.8976439,0.8976134657859802,1.2756093383359257e-05,0.8975894451141357,10.235607,10.238653421401978
2454,85.84479641914368,0.8976439,0.8976210951805115,3.7431620967254275e-06,0.8976202607154846,10.235607,10.237890481948853
2455,85.87714838981628,0.8976439,0.8976222276687622,5.8929308579536155e-06,0.8976206183433533,10.235607,10.23777723312378
2456,85.91941499710083,0.8976439,0.8976243138313293,8.25223651190754e-06,0.8976206183433533,10.235607,10.237568616867065
2457,85.956876039505,0.8976442,0.8976291418075562,1.0779536751215346e-05,0.8976206183433533,10.235578,10.237085819244385
2458,85.99838590621948,0.8976527,0.8976382613182068,9.692294042906724e-06,0.8976209759712219,10.234732,10.236173868179321
2459,86.03595876693726,0.8976527,0.8976444602012634,1.4473197325060028e-06,0.8976439237594604,10.234732,10.235553979873657
2460,86.06438326835632,0.8976527,0.8976449966430664,2.2441083729063394e-06,0.8976439237594604,10.234732,10.23550033569336
2461,86.09381580352783,0.89768004,0.8976469039916992,6.205993031471735e-06,0.8976442217826843,10.231996,10.235309600830078
2462,86.13152575492859,0.8976906,0.8976503610610962,9.238359780283645e-06,0.8976442217826843,10.230941,10.23496389389038
2463,86.168128490448,0.8976906,0.8976559638977051,1.1410370461817365e-05,0.8976481556892395,10.230941,10.234403610229492
2464,86.19978547096252,0.8976906,0.8976637721061707,1.3808574294671416e-05,0.8976526856422424,10.230941,10.233622789382935
2465,86.2291989326477,0.8977237,0.8976749181747437,1.3940571989223827e-05,0.8976537585258484,10.2276325,10.232508182525635
2466,86.26728963851929,0.8977298,0.8976877927780151,1.0305837349733338e-05,0.8976800441741943,10.227018,10.231220722198486
2467,86.30389904975891,0.8977418,0.8976963758468628,1.4429213479161263e-05,0.8976842164993286,10.225821,10.23036241531372
2468,86.34024906158447,0.89777863,0.8977078795433044,1.7635182302910835e-05,0.8976898193359375,10.222137,10.229212045669556
2469,86.37579345703125,0.89777863,0.8977245092391968,1.1627340427367017e-05,0.8976938128471375,10.222137,10.227549076080322
2470,86.40488481521606,0.89778745,0.8977335691452026,1.2580030670505948e-05,0.8977255821228027,10.221254,10.226643085479736
2471,86.4412693977356,0.89779246,0.8977437019348145,1.843585050664842e-05,0.8977295160293579,10.220755,10.225629806518555
2472,86.47925305366516,0.89779276,0.8977592587471008,1.8013472072198056e-05,0.8977338671684265,10.220724,10.224074125289917
2473,86.51593255996704,0.8977957,0.8977760672569275,1.3508545634977054e-05,0.8977549076080322,10.220432,10.222393274307251
2474,86.55127882957458,0.89780045,0.8977879881858826,4.920384526485577e-06,0.8977786302566528,10.219955,10.221201181411743
2475,86.58789873123169,0.89780045,0.8977921605110168,2.3649777176615316e-06,0.8977874517440796,10.219955,10.220783948898315
2476,86.61718201637268,0.89783776,0.8977937698364258,3.831939920928562e-06,0.8977916836738586,10.216225,10.220623016357422
2477,86.65161347389221,0.89783776,0.8977957367897034,5.667314326274209e-06,0.8977926969528198,10.216225,10.220426321029663
2478,86.68023920059204,0.8978465,0.8977997899055481,9.458159183850512e-06,0.8977946043014526,10.215348,10.22002100944519
2479,86.71675062179565,0.8978465,0.8978050351142883,1.3240724911156576e-05,0.8977956771850586,10.215348,10.219496488571167
2480,86.74535179138184,0.8978465,0.8978121280670166,1.6902273273444735e-05,0.8978004455566406,10.215348,10.21878719329834
2481,86.77255177497864,0.8978465,0.8978239893913269,1.8107410141965374e-05,0.8978033065795898,10.215348,10.21760106086731
2482,86.80131459236145,0.8978465,0.8978404998779297,3.785675971812452e-06,0.8978367447853088,10.215348,10.215950012207031
2483,86.83070540428162,0.8978465,0.8978439569473267,3.1486008538195165e-06,0.89783775806427,10.215348,10.215604305267334
2484,86.86049032211304,0.89784956,0.8978462815284729,4.1319881916024315e-07,0.8978455066680908,10.215044,10.21537184715271
2485,86.89788174629211,0.8978499,0.8978465795516968,4.5673917270505626e-07,0.897846519947052,10.215008,10.215342044830322
2486,86.934645652771,0.8978499,0.8978467583656311,7.697496471337217e-07,0.897846519947052,10.215008,10.21532416343689
2487,86.96393275260925,0.8978584,0.8978469371795654,1.3128851605870295e-06,0.897846519947052,10.214162,10.215306282043457
2488,87.00124311447144,0.8978809,0.8978477120399475,2.919001644841046e-06,0.897846519947052,10.211908,10.215228796005249
2489,87.03756403923035,0.8978809,0.8978495597839355,5.776189937023446e-06,0.897846519947052,10.211908,10.215044021606445
2490,87.06660628318787,0.89788425,0.897853434085846,9.02221927390201e-06,0.8978495597839355,10.211575,10.214656591415405
2491,87.10180711746216,0.89788425,0.8978577852249146,1.2543403499876149e-05,0.8978499174118042,10.211575,10.214221477508545
2492,87.13100528717041,0.89790034,0.8978672623634338,1.4261919204727747e-05,0.8978499174118042,10.209966,10.213273763656616
2493,87.16759014129639,0.89790034,0.8978821039199829,6.862212103442289e-06,0.8978656530380249,10.209966,10.211789608001709
2494,87.19620490074158,0.89790034,0.8978868126869202,5.60048283659853e-06,0.8978809118270874,10.209966,10.211318731307983
2495,87.22460603713989,0.89790034,0.8978903889656067,6.968527941353386e-06,0.8978842496871948,10.209966,10.210961103439331
2496,87.25428247451782,0.89790034,0.8978963494300842,5.115171461511636e-06,0.8978842496871948,10.209966,10.210365056991577
2497,87.28297352790833,0.89790046,0.8979005217552185,2.506480996089522e-07,0.8978970050811768,10.209953,10.20994782447815
2498,87.31979942321777,0.89791554,0.8979006409645081,1.030993985295936e-06,0.8979003429412842,10.208446,10.209935903549194
2499,87.35631012916565,0.89791554,0.8979008197784424,1.7536108316562604e-06,0.8979003429412842,10.208446,10.209918022155762
2500,87.38564801216125,0.89791554,0.8979014158248901,3.5292928259877954e-06,0.8979003429412842,10.208446,10.209858417510986
2501,87.42124199867249,0.89791566,0.8979024887084961,5.062937816546764e-06,0.8979003429412842,10.208434,10.20975112915039
2502,87.45748162269592,0.89791566,0.8979048132896423,6.822046088927891e-06,0.8979003429412842,10.208434,10.209518671035767
2503,87.48643732070923,0.89791566,0.8979094624519348,7.43141617931542e-06,0.8979004621505737,10.208434,10.209053754806519
2504,87.51352071762085,0.89791566,0.8979156613349915,1.0274548856159527e-07,0.8979155421257019,10.208434,10.208433866500854
2505,87.54079174995422,0.89791566,0.8979157209396362,1.3103490914545546e-07,0.8979155421257019,10.208434,10.208427906036377
2506,87.57038259506226,0.8979231,0.8979158401489258,5.16901820901694e-07,0.8979156613349915,10.207689,10.208415985107422
2507,87.60503482818604,0.8979231,0.8979159593582153,7.396478167720488e-07,0.8979156613349915,10.207689,10.208404064178467
2508,87.63470482826233,0.8979269,0.8979161977767944,1.5850382624194026e-06,0.8979156613349915,10.207308,10.208380222320557
2509,87.67032265663147,0.89792705,0.8979167938232422,2.683856109797489e-06,0.8979156613349915,10.207295,10.208320617675781
2510,87.70671200752258,0.89793015,0.8979183435440063,4.04170577894547e-06,0.8979156613349915,10.206985,10.208165645599365
2511,87.74362015724182,0.8979378,0.8979218602180481,4.754514066007687e-06,0.8979156613349915,10.206223,10.20781397819519
2512,87.78132843971252,0.8979411,0.8979265093803406,3.5545551781979157e-06,0.8979231119155884,10.205889,10.207349061965942
2513,87.81936764717102,0.8979965,0.8979297876358032,5.915565907343989e-06,0.8979263305664062,10.200352,10.207021236419678
2514,87.85715913772583,0.8979965,0.8979335427284241,7.4729582593136e-06,0.8979270458221436,10.200352,10.206645727157593
2515,87.88824129104614,0.89802486,0.8979387283325195,1.0152368304261472e-05,0.8979301452636719,10.197515,10.206127166748047
2516,87.92484593391418,0.8980392,0.8979443907737732,1.8555492715677246e-05,0.8979377746582031,10.196077,10.20556092262268
2517,87.96161961555481,0.89804584,0.897953987121582,3.014266985701397e-05,0.8979411125183105,10.195416,10.204601287841797
2518,87.99948358535767,0.898046,0.8979695439338684,4.138726581004448e-05,0.8979412317276001,10.195398,10.20304560661316
2519,88.03540444374084,0.89805335,0.8979983329772949,4.450778942555189e-05,0.8979412317276001,10.194665,10.200166702270508
2520,88.07147121429443,0.89805335,0.8980397582054138,7.793778422637843e-06,0.8980139493942261,10.194665,10.196024179458618
2521,88.10167956352234,0.8980534,0.8980454802513123,2.5871315756376134e-06,0.8980423808097839,10.194659,10.195451974868774
2522,88.13964056968689,0.89813155,0.8980475664138794,6.204597866599215e-06,0.8980458974838257,10.186845,10.19524335861206
2523,88.17865419387817,0.89813155,0.8980506062507629,1.268319920200156e-05,0.8980458974838257,10.186845,10.194939374923706
2524,88.2075674533844,0.89813906,0.898057758808136,2.1762542019132525e-05,0.8980460166931152,10.186094,10.194224119186401
2525,88.24415040016174,0.89813906,0.8980690240859985,3.141405977657996e-05,0.8980533480644226,10.186094,10.193097591400146
2526,88.27382922172546,0.8981452,0.8980882167816162,3.9569091313751414e-05,0.8980534076690674,10.18548,10.191178321838379
2527,88.30984854698181,0.8981525,0.8981209397315979,2.9819842893630266e-05,0.8980594873428345,10.184753,10.18790602684021
2528,88.34676122665405,0.8981528,0.8981397747993469,3.7465524655999616e-06,0.8981316089630127,10.184717,10.186022520065308
2529,88.3831467628479,0.8981972,0.8981417417526245,6.124551873654127e-06,0.8981390595436096,10.180283,10.185825824737549
2530,88.41883516311646,0.8982108,0.8981462717056274,1.1941676348214969e-05,0.8981390595436096,10.178918,10.185372829437256
2531,88.45612597465515,0.8982209,0.8981553316116333,1.674609120527748e-05,0.8981390595436096,10.17791,10.18446683883667
2532,88.49162173271179,0.8982246,0.8981664180755615,2.3513377527706325e-05,0.8981525897979736,10.177541,10.183358192443848
2533,88.52881455421448,0.8982246,0.8981851935386658,2.762888470897451e-05,0.8981525897979736,10.177541,10.181480646133423
2534,88.5591971874237,0.8982251,0.8982125520706177,9.778209459909704e-06,0.8981971740722656,10.177487,10.178744792938232
2535,88.59494805335999,0.8982251,0.8982215523719788,3.7137804156373022e-06,0.8982123732566833,10.177487,10.177844762802124
2536,88.62381720542908,0.89823097,0.8982247710227966,4.5411601945488655e-07,0.8982245922088623,10.176903,10.177522897720337
2537,88.66161894798279,0.89824295,0.8982248902320862,1.3574187960330164e-06,0.8982245922088623,10.175705,10.177510976791382
2538,88.72304844856262,0.89823097,0.8939225077629089,0.0033293089363723993,0.8868103623390198,10.176903,10.607749223709106
2539,88.75817036628723,0.8982345,0.896832287311554,0.00110621249768883,0.8945838809013367,10.176552,10.316771268844604
2540,88.7953941822052,0.8982345,0.8978868126869202,0.00032951490720734,0.8970805406570435,10.176552,10.211318731307983
2541,88.82350516319275,0.89824295,0.898158609867096,6.791069608880207e-05,0.8979887366294861,10.175705,10.184139013290405
2542,88.86103296279907,0.89824355,0.898215115070343,2.3669983420404606e-05,0.8981437683105469,10.175646,10.178488492965698
2543,88.898761510849,0.89824355,0.8982303738594055,7.106659722921904e-06,0.8982245922088623,10.175646,10.176962614059448
2544,88.92811942100525,0.89824355,0.8982363343238831,6.216569090611301e-06,0.8982245922088623,10.175646,10.176366567611694
2545,88.95766353607178,0.8982436,0.8982419371604919,1.8125504084309796e-06,0.8982350826263428,10.175639,10.175806283950806
2546,88.99467706680298,0.89824367,0.8982431292533875,2.7428387738837046e-07,0.8982429504394531,10.175633,10.175687074661255
2547,89.03367805480957,0.89824927,0.8982433676719666,5.738818913414434e-07,0.8982429504394531,10.175074,10.175663232803345
2548,89.0711076259613,0.89825296,0.8982438445091248,1.0135178172276937e-06,0.8982435464859009,10.174704,10.175615549087524
2549,89.1066267490387,0.8982542,0.8982442021369934,1.7703837329463568e-06,0.8982435464859009,10.174579,10.17557978630066
2550,89.1427218914032,0.89833647,0.8982455134391785,6.935311830602586e-06,0.8982435464859009,10.166353,10.175448656082153
2551,89.18243861198425,0.89833647,0.8982484936714172,1.269220229005441e-05,0.8982436060905457,10.166353,10.175150632858276
2552,89.21170616149902,0.89833647,0.8982556462287903,2.139168282155879e-05,0.8982436656951904,10.166353,10.174435377120972
2553,89.24126863479614,0.8985753,0.8982671499252319,3.6611960240406916e-05,0.8982492685317993,10.142469,10.173285007476807
2554,89.27829027175903,0.8985808,0.8982889652252197,5.403774412116036e-05,0.8982529640197754,10.141921,10.171103477478027
2555,89.31300377845764,0.8985834,0.8983346223831177,7.362411270150915e-05,0.8982596397399902,10.141659,10.166537761688232
2556,89.3514096736908,0.89863473,0.8983795642852783,8.557902037864551e-05,0.8983359336853027,10.136527,10.162043571472168
2557,89.38716506958008,0.89863473,0.8984272480010986,0.00011002157407347113,0.8983440399169922,10.136527,10.157275199890137
2558,89.41727232933044,0.89863473,0.8985070586204529,0.00010496316099306569,0.8983522057533264,10.136527,10.149294137954712
2559,89.4464647769928,0.89864343,0.8985880017280579,1.649091973376926e-05,0.8985753655433655,10.135656,10.141199827194214
2560,89.48321199417114,0.8986439,0.8985981941223145,2.139367461495567e-05,0.8985834121704102,10.135609,10.140180587768555
2561,89.52046918869019,0.8986457,0.898613452911377,2.3371088900603354e-05,0.8985884189605713,10.13543,10.138654708862305
2562,89.55813145637512,0.8986522,0.8986380696296692,5.850711204402614e-06,0.8986256718635559,10.134781,10.136193037033081
2563,89.59424066543579,0.8986522,0.898642897605896,4.026179340144154e-06,0.8986374139785767,10.134781,10.1357102394104
2564,89.62406921386719,0.8986522,0.8986456990242004,3.3456758501415607e-06,0.898643434047699,10.134781,10.135430097579956
2565,89.65441179275513,0.8986526,0.8986483216285706,3.6424810332391644e-06,0.8986438512802124,10.134739,10.135167837142944
2566,89.6905906200409,0.8986529,0.8986520171165466,3.272564015333046e-07,0.8986506462097168,10.134708,10.134798288345337
2567,89.72727394104004,0.8986534,0.8986522555351257,1.9207696766443405e-07,0.8986521363258362,10.134661,10.134774446487427
2568,89.76440072059631,0.8986534,0.8986523747444153,2.7576021466302336e-07,0.898652195930481,10.134661,10.134762525558472
2569,89.79387378692627,0.8986538,0.8986525535583496,3.4810179272426467e-07,0.898652195930481,10.13462,10.134744644165039
2570,89.83080172538757,0.8986538,0.8986529111862183,3.4263058523720247e-07,0.8986526131629944,10.13462,10.134708881378174
2571,89.85924243927002,0.8986538,0.8986530900001526,4.0275870105688227e-07,0.8986526131629944,10.13462,10.134690999984741
2572,89.88950753211975,0.8986538,0.8986533284187317,2.623229420350981e-07,0.8986529111862183,10.13462,10.134667158126831
2573,89.91862940788269,0.8986538,0.8986536264419556,2.055479626505985e-07,0.8986533880233765,10.13462,10.134637355804443
2574,89.94899296760559,0.8986776,0.8986539840698242,1.6616226048427052e-06,0.8986538052558899,10.132241,10.134601593017578
2575,89.98388123512268,0.8986812,0.8986546397209167,4.172237368038623e-06,0.8986538052558899,10.131878,10.134536027908325
2576,90.01963591575623,0.8986812,0.8986560106277466,6.98102121532429e-06,0.8986538052558899,10.131878,10.134398937225342
2577,90.04860353469849,0.8986812,0.898658812046051,1.010939922707621e-05,0.8986538052558899,10.131878,10.134118795394897
2578,90.07865500450134,0.8986812,0.8986638188362122,1.253070240636589e-05,0.8986538052558899,10.131878,10.133618116378784
2579,90.10721850395203,0.89868945,0.8986742496490479,1.0743006896518636e-05,0.8986538052558899,10.131055,10.132575035095215
2580,90.1430459022522,0.8986918,0.898682177066803,2.481108595020487e-06,0.8986812233924866,10.130823,10.131782293319702
2581,90.17902421951294,0.8986973,0.8986832499504089,3.6311255371401785e-06,0.8986812233924866,10.130268,10.131675004959106
2582,90.21590423583984,0.8987027,0.8986856937408447,4.539215751719894e-06,0.8986812233924866,10.129732,10.131430625915527
2583,90.25218272209167,0.8987101,0.898690402507782,3.464768269623164e-06,0.8986856937408447,10.128993,10.130959749221802
2584,90.29123592376709,0.8987101,0.89869225025177,5.700144356524106e-06,0.8986894488334656,10.128993,10.130774974822998
2585,90.3210186958313,0.898723,0.8986961841583252,7.941752301121596e-06,0.8986894488334656,10.127699,10.13038158416748
2586,90.35911011695862,0.898731,0.8987030982971191,7.47545118429116e-06,0.8986917734146118,10.126901,10.129690170288086
2587,90.3966121673584,0.8987352,0.8987095952033997,7.0616829361824784e-06,0.8987026810646057,10.126477,10.129040479660034
2588,90.43398952484131,0.8987352,0.8987157940864563,6.906506769155385e-06,0.898707926273346,10.126477,10.12842059135437
2589,90.46283006668091,0.8987352,0.8987221717834473,5.154803147888742e-06,0.8987149596214294,10.126477,10.127782821655273
2590,90.49187183380127,0.8987406,0.8987265825271606,4.954311862093164e-06,0.8987210392951965,10.125941,10.127341747283936
2591,90.52928304672241,0.8987406,0.898730993270874,4.324712790548801e-06,0.8987231254577637,10.125941,10.126900672912598
2592,90.55847668647766,0.8987406,0.8987342119216919,2.2083986550569534e-06,0.898730993270874,10.125941,10.12657880783081
2593,90.58806490898132,0.8987422,0.8987358212471008,1.6815099570521852e-06,0.8987352252006531,10.12578,10.126417875289917
2594,90.62409853935242,0.8987465,0.8987367153167725,2.3580605557071976e-06,0.8987352252006531,10.125351,10.126328468322754
2595,90.66131544113159,0.8987465,0.8987385034561157,2.6338773295719875e-06,0.8987353444099426,10.125351,10.126149654388428
2596,90.69208455085754,0.8987465,0.8987413048744202,1.5394131196444505e-06,0.8987403512001038,10.125351,10.125869512557983
2597,90.72107911109924,0.8987466,0.8987423181533813,2.3563131890114164e-06,0.8987405896186829,10.1253395,10.125768184661865
2598,90.75608468055725,0.8987475,0.8987442851066589,2.488201289452263e-06,0.8987407088279724,10.12525,10.125571489334106
2599,90.7925660610199,0.89875424,0.8987465500831604,5.700937890651403e-07,0.8987461924552917,10.124577,10.12534499168396
2600,90.83017063140869,0.89875424,0.8987466096878052,7.908091106401116e-07,0.8987464904785156,10.124577,10.125339031219482
2601,90.8629584312439,0.89875424,0.8987468481063843,1.1910968851225334e-06,0.8987464904785156,10.124577,10.125315189361572
2602,90.89280319213867,0.89875454,0.8987475633621216,1.9209405763831455e-06,0.8987466096878052,10.124546,10.125243663787842
2603,90.93031406402588,0.89875567,0.8987488746643066,2.694267323022359e-06,0.8987466096878052,10.1244335,10.125112533569336
2604,90.96768021583557,0.89875597,0.8987502455711365,3.2431069030280923e-06,0.8987478017807007,10.124403,10.124975442886353
2605,91.00209426879883,0.89875615,0.8987526893615723,3.2952591482171556e-06,0.8987479209899902,10.124386,10.124731063842773
2606,91.0392255783081,0.8987564,0.8987551331520081,6.496332503047597e-07,0.8987542390823364,10.124361,10.124486684799194
2607,91.07754373550415,0.8987564,0.8987559080123901,3.492327209642099e-07,0.8987545967102051,10.124361,10.124409198760986
2608,91.10784006118774,0.89876884,0.8987561464309692,1.302471673625405e-06,0.8987558484077454,10.123116,10.124385356903076
2609,91.14459085464478,0.8987707,0.8987569808959961,3.1695815323473653e-06,0.8987559676170349,10.122931,10.12430191040039
2610,91.18129086494446,0.8987713,0.8987583518028259,4.64712138636969e-06,0.8987559676170349,10.122871,10.124164819717407
2611,91.2179024219513,0.89878035,0.8987612128257751,6.067603408155264e-06,0.8987561464309692,10.121965,10.123878717422485
2612,91.2536551952362,0.89878434,0.8987669348716736,4.747450930153718e-06,0.8987563848495483,10.121566,10.123306512832642
2613,91.29245042800903,0.8988033,0.8987708687782288,4.896309292234946e-06,0.8987688422203064,10.119671,10.122913122177124
2614,91.33099341392517,0.8988033,0.8987734913825989,7.561285201518331e-06,0.8987691402435303,10.119671,10.122650861740112
2615,91.35943675041199,0.8988204,0.8987787365913391,9.920147931552492e-06,0.8987699747085571,10.11796,10.122126340866089
2616,91.39629435539246,0.8988204,0.8987867832183838,1.0105719411512837e-05,0.8987736105918884,10.11796,10.121321678161621
2617,91.42665934562683,0.89883995,0.8987946510314941,1.200942733703414e-05,0.8987841606140137,10.116005,10.120534896850586
2618,91.46173691749573,0.89884025,0.8988063931465149,1.0417004887131043e-05,0.8987888097763062,10.115975,10.11936068534851
2619,91.49832034111023,0.8988503,0.8988163471221924,9.992721970775165e-06,0.8988064527511597,10.114967,10.118365287780762
2620,91.53502440452576,0.898851,0.8988242149353027,1.1426207493059337e-05,0.8988131284713745,10.1149025,10.117578506469727
2621,91.57093501091003,0.8988513,0.8988344073295593,1.1150598766107578e-05,0.8988204002380371,10.114872,10.116559267044067
2622,91.60702180862427,0.8988513,0.8988447785377502,4.011240889667533e-06,0.8988399505615234,10.114872,10.115522146224976
2623,91.63806104660034,0.8988513,0.8988479971885681,2.9022808121226262e-06,0.8988432884216309,10.114872,10.115200281143188
2624,91.66808819770813,0.89885336,0.898850679397583,4.2780311559909023e-07,0.8988500237464905,10.114664,10.1149320602417
2625,91.70414304733276,0.89885336,0.8988509178161621,3.49735387317196e-07,0.8988506197929382,10.114664,10.114908218383789
2626,91.73347616195679,0.8988537,0.8988513350486755,4.511316262778564e-07,0.8988509774208069,10.114628,10.114866495132446
2627,91.76967334747314,0.898854,0.8988515138626099,6.539817150041927e-07,0.8988512754440308,10.114598,10.114848613739014
2628,91.80570888519287,0.8988625,0.8988518714904785,1.209441961691482e-06,0.8988512754440308,10.113752,10.114812850952148
2629,91.84363770484924,0.8988625,0.8988525867462158,1.8061915625366964e-06,0.8988512754440308,10.113752,10.114741325378418
2630,91.87301254272461,0.8988652,0.8988542556762695,2.1486907826329116e-06,0.8988518118858337,10.113478,10.114574432373047
2631,91.9091489315033,0.8988652,0.8988553285598755,3.034219162145746e-06,0.8988540172576904,10.113478,10.114467144012451
2632,91.93933629989624,0.8988793,0.8988571166992188,4.762172920891317e-06,0.8988540172576904,10.112071,10.114288330078125
2633,91.97500276565552,0.8988793,0.8988600969314575,5.805773071188014e-06,0.8988540172576904,10.112071,10.113990306854248
2634,92.00600576400757,0.8988905,0.898865282535553,4.508966867433628e-06,0.8988624811172485,10.11095,10.113471746444702
2635,92.04321050643921,0.8988905,0.8988679647445679,6.6983720898861066e-06,0.8988652229309082,10.11095,10.113203525543213
2636,92.07176637649536,0.8989084,0.898871898651123,9.769504686119035e-06,0.8988652229309082,10.109162,10.112810134887695
2637,92.10883450508118,0.8989115,0.8988795280456543,1.069024801836349e-05,0.8988652229309082,10.108852,10.11204719543457
2638,92.14578819274902,0.89891243,0.8988897204399109,7.245113010867499e-06,0.8988792896270752,10.108757,10.111027956008911
2639,92.18307304382324,0.89891356,0.8988949656486511,8.173243259079754e-06,0.898890495300293,10.108644,10.110503435134888
2640,92.21957516670227,0.89891356,0.8988996148109436,9.778395906323567e-06,0.898890495300293,10.108644,10.11003851890564
2641,92.24908471107483,0.89893913,0.8989086151123047,6.1482978708227165e-06,0.898891806602478,10.106087,10.109138488769531
2642,92.28461718559265,0.89894783,0.8989134430885315,6.260068857955048e-06,0.8989111185073853,10.105217,10.10865569114685
2643,92.3240418434143,0.898957,0.8989165425300598,1.0097735867020674e-05,0.8989114761352539,10.104299,10.108345746994019
2644,92.3620834350586,0.89895904,0.8989236354827881,1.433127727068495e-05,0.8989124298095703,10.104095,10.107636451721191
2645,92.40067458152771,0.89895904,0.8989361524581909,1.3132795174897183e-05,0.898912787437439,10.104095,10.106384754180908
2646,92.43162965774536,0.89895904,0.8989467620849609,7.516849109379109e-06,0.8989404439926147,10.104095,10.105323791503906
2647,92.46343111991882,0.89895904,0.8989539742469788,6.456743903981987e-06,0.8989418148994446,10.104095,10.104602575302124
2648,92.4940390586853,0.8989723,0.8989583849906921,1.3528813269658713e-06,0.8989570140838623,10.102773,10.104161500930786
2649,92.53088307380676,0.8989723,0.8989591598510742,1.5104679960131762e-06,0.8989590406417847,10.102773,10.104084014892578
2650,92.56191325187683,0.89897496,0.8989596962928772,2.9047080261079827e-06,0.8989590406417847,10.102505,10.10403037071228
2651,92.59895277023315,0.8989865,0.898961067199707,5.398210305429529e-06,0.8989590406417847,10.101348,10.103893280029297
2652,92.63493800163269,0.8989865,0.8989644050598145,8.675093340571038e-06,0.8989590406417847,10.101348,10.103559494018555
2653,92.66318655014038,0.8989865,0.8989709615707397,1.0284386007697321e-05,0.8989590406417847,10.101348,10.102903842926025
2654,92.6921718120575,0.8989908,0.8989800810813904,6.265474894462386e-06,0.8989722728729248,10.100919,10.101991891860962
2655,92.72939419746399,0.8989908,0.8989861607551575,1.1869433365063742e-06,0.8989838361740112,10.100919,10.101383924484253
2656,92.75905799865723,0.8989935,0.89898681640625,1.0185821111008408e-06,0.8989865183830261,10.100651,10.101318359375
2657,92.79613399505615,0.8989935,0.8989872336387634,1.845820293056022e-06,0.8989865183830261,10.100651,10.101276636123657
2658,92.82491183280945,0.8989935,0.8989880084991455,2.611067429825198e-06,0.8989865183830261,10.100651,10.10119915008545
2659,92.85938692092896,0.8989935,0.8989894986152649,3.2191892387345433e-06,0.8989865183830261,10.100651,10.10105013847351
2660,92.89372992515564,0.8989935,0.8989923596382141,1.9389281078474596e-06,0.8989865183830261,10.100651,10.100764036178589
2661,92.92428350448608,0.8990024,0.8989935517311096,5.878750357624085e-07,0.8989934921264648,10.099763,10.100644826889038
2662,92.95971775054932,0.8990024,0.8989936113357544,8.300555691675982e-07,0.8989934921264648,10.099763,10.10063886642456
2663,92.98893427848816,0.8990024,0.8989937901496887,1.424568722541153e-06,0.8989934921264648,10.099763,10.100620985031128
2664,93.01809191703796,0.89900637,0.8989942073822021,2.3852155663917074e-06,0.8989934921264648,10.099363,10.100579261779785
2665,93.05334115028381,0.8990264,0.8989952206611633,4.0377231016464066e-06,0.8989934921264648,10.097361,10.100477933883667
2666,93.09094643592834,0.8990356,0.8989971876144409,5.969329777144594e-06,0.8989934921264648,10.096443,10.100281238555908
2667,93.12698674201965,0.8990356,0.8990018963813782,8.239866474468727e-06,0.8989934921264648,10.096443,10.099810361862183
2668,93.15658378601074,0.8990356,0.899007260799408,9.843517545959912e-06,0.8990023732185364,10.096443,10.099273920059204
2669,93.1858401298523,0.8990483,0.8990126848220825,1.2713188880297821e-05,0.8990026712417603,10.095167,10.098731517791748
2670,93.22247982025146,0.8990483,0.8990229964256287,1.2424751730577555e-05,0.8990063667297363,10.095167,10.097700357437134
2671,93.25134706497192,0.8990483,0.8990352153778076,6.433174348785542e-06,0.8990263938903809,10.095167,10.096478462219238
2672,93.28073954582214,0.8990483,0.8990392684936523,5.478960702021141e-06,0.8990355730056763,10.095167,10.096073150634766
2673,93.31036114692688,0.89905006,0.8990432024002075,5.667194727720926e-06,0.8990355730056763,10.094995,10.095679759979248
2674,93.34654092788696,0.89905006,0.8990481495857239,3.128502896743157e-07,0.8990483283996582,10.094995,10.095185041427612
2675,93.3762686252594,0.89905006,0.8990482687950134,4.657786689676868e-07,0.8990483283996582,10.094995,10.095173120498657
2676,93.40570020675659,0.89905006,0.8990484476089478,6.63817445456516e-07,0.8990483283996582,10.094995,10.095155239105225
2677,93.43486022949219,0.8990974,0.899048924446106,3.311749878776027e-06,0.8990483283996582,10.090261,10.095107555389404
2678,93.47229051589966,0.89911956,0.8990505337715149,7.884506885602605e-06,0.8990483283996582,10.088044,10.09494662284851
2679,93.50906372070312,0.89911956,0.8990533351898193,1.3962039702164475e-05,0.8990500569343567,10.088044,10.094666481018066
2680,93.5379364490509,0.8991197,0.8990578055381775,2.054656397376675e-05,0.8990500569343567,10.088033,10.094219446182251
2681,93.5730390548706,0.8991336,0.8990675210952759,2.856305036402773e-05,0.8990500569343567,10.0866375,10.093247890472412
2682,93.60822367668152,0.8991336,0.8990886211395264,3.197058686055243e-05,0.8990500569343567,10.0866375,10.091137886047363
2683,93.63760089874268,0.8991384,0.8991195559501648,5.649688318953849e-06,0.8990990519523621,10.086161,10.08804440498352
2684,93.67447137832642,0.8991514,0.899122416973114,5.723749836761272e-06,0.8991195559501648,10.084862,10.087758302688599
2685,93.71381449699402,0.8991514,0.8991259336471558,7.312352863664273e-06,0.8991195559501648,10.084862,10.087406635284424
2686,93.74276375770569,0.899153,0.8991330862045288,6.186777682160027e-06,0.8991200923919678,10.084701,10.08669137954712
2687,93.77938795089722,0.89915305,0.8991382718086243,6.161067176435608e-06,0.8991319537162781,10.084695,10.086172819137573
2688,93.81543111801147,0.8991678,0.8991435766220093,6.3821003095654305e-06,0.8991337418556213,10.083222,10.085642337799072
2689,93.85264277458191,0.8991718,0.8991503119468689,5.443072495836532e-06,0.8991445302963257,10.082817,10.08496880531311
2690,93.88735055923462,0.89917195,0.8991556167602539,5.792490355815971e-06,0.899150550365448,10.082806,10.08443832397461
2691,93.92425203323364,0.89917195,0.8991601467132568,6.86803014104953e-06,0.8991529941558838,10.082806,10.083985328674316
2692,93.95439457893372,0.8991798,0.8991668224334717,4.897406142845284e-06,0.8991599082946777,10.082018,10.083317756652832
2693,93.99012541770935,0.8991946,0.8991711139678955,2.9828274819010403e-06,0.8991677761077881,10.08054,10.08288860321045
2694,94.02812623977661,0.8991947,0.8991732597351074,3.974477749579819e-06,0.8991718292236328,10.080528,10.082674026489258
2695,94.06615781784058,0.8992026,0.8991755843162537,6.071081315894844e-06,0.8991718292236328,10.0797415,10.082441568374634
2696,94.10158514976501,0.89921004,0.8991799354553223,7.685466698603705e-06,0.8991719484329224,10.078997,10.082006454467773
2697,94.13648009300232,0.8992141,0.8991853594779968,9.18235400604317e-06,0.8991792798042297,10.078591,10.081464052200317
2698,94.17288947105408,0.8992141,0.8991923928260803,1.1015903510269709e-05,0.8991798162460327,10.078591,10.080760717391968
2699,94.20333766937256,0.8992153,0.8992030024528503,5.94562243350083e-06,0.899194598197937,10.078472,10.079699754714966
2700,94.24016118049622,0.8992424,0.8992085456848145,6.146212854218902e-06,0.8992025852203369,10.07576,10.079145431518555
2701,94.27606534957886,0.8992498,0.8992133736610413,9.371311534778215e-06,0.8992066383361816,10.075021,10.078662633895874
2702,94.31346201896667,0.8992498,0.8992196321487427,1.1548076145118102e-05,0.8992101550102234,10.075021,10.078036785125732
2703,94.3438401222229,0.8992499,0.8992275595664978,1.344453266938217e-05,0.8992140889167786,10.075008,10.07724404335022
2704,94.38171744346619,0.8992499,0.8992403745651245,7.45110992284026e-06,0.8992193341255188,10.075008,10.075962543487549
2705,94.41012740135193,0.8992503,0.8992459774017334,3.063476469833404e-06,0.8992423415184021,10.074967,10.07540225982666
2706,94.44754719734192,0.8992504,0.8992489576339722,1.7551930113768321e-06,0.8992459177970886,10.074961,10.075104236602783
2707,94.4866373538971,0.8992616,0.8992500305175781,7.96476058440021e-07,0.899249792098999,10.073841,10.074996948242188
2708,94.525803565979,0.8992617,0.8992502689361572,1.880968397927063e-06,0.899249792098999,10.073829,10.074973106384277
2709,94.56377100944519,0.8992622,0.899250864982605,3.0671317290398292e-06,0.8992499113082886,10.073781,10.074913501739502
2710,94.59967732429504,0.8992622,0.8992519974708557,4.324139354139334e-06,0.8992499113082886,10.073781,10.074800252914429
2711,94.628901720047,0.8992622,0.8992544412612915,5.494999641086906e-06,0.899250328540802,10.073781,10.07455587387085
2712,94.65824770927429,0.8992664,0.8992584347724915,5.262889771984192e-06,0.8992503881454468,10.073358,10.074156522750854
2713,94.69388961791992,0.8992794,0.8992621302604675,1.2701201512754778e-06,0.8992617130279541,10.072059,10.073786973953247
2714,94.73210072517395,0.8992873,0.8992630243301392,3.284964122940437e-06,0.8992621302604675,10.071272,10.073697566986084
2715,94.76899981498718,0.8992873,0.8992640972137451,5.083126325189369e-06,0.8992621898651123,10.071272,10.073590278625488
2716,94.7981309890747,0.8992893,0.8992663621902466,7.532968083978631e-06,0.8992621898651123,10.071069,10.073363780975342
2717,94.83485817909241,0.89930606,0.8992719650268555,9.689610124041792e-06,0.8992621898651123,10.069394,10.072803497314453
2718,94.87313485145569,0.8993065,0.8992812633514404,6.510672847070964e-06,0.8992676734924316,10.069352,10.071873664855957
2719,94.91193628311157,0.8993123,0.8992860913276672,7.963030839164276e-06,0.8992794156074524,10.0687685,10.071390867233276
2720,94.94907021522522,0.8993124,0.899293065071106,8.011734280444216e-06,0.8992851972579956,10.068762,10.070693492889404
2721,94.98573541641235,0.89932775,0.8992993831634521,9.087416401598603e-06,0.8992893099784851,10.0672245,10.070061683654785
2722,95.02078914642334,0.89932775,0.8993079662322998,3.5942871363658924e-06,0.899306058883667,10.0672245,10.06920337677002
2723,95.05023670196533,0.899345,0.8993100523948669,6.133359420346096e-06,0.8993065357208252,10.065502,10.068994760513306
2724,95.08429503440857,0.89935076,0.899314820766449,9.299789780925494e-06,0.8993065357208252,10.064924,10.068517923355103
2725,95.12186622619629,0.8993566,0.8993207216262817,1.2511422937677708e-05,0.8993123173713684,10.06434,10.067927837371826
2726,95.15818071365356,0.8993566,0.899330198764801,1.4247497347241733e-05,0.8993151187896729,10.06434,10.066980123519897
2727,95.18790984153748,0.89935994,0.8993445038795471,8.432046342932153e-06,0.8993277549743652,10.064006,10.065549612045288
2728,95.2238416671753,0.89935994,0.8993499279022217,4.320829248172231e-06,0.8993449807167053,10.064006,10.065007209777832
2729,95.25363421440125,0.89935994,0.8993533253669739,3.069144668188528e-06,0.8993507623672485,10.064006,10.064667463302612
2730,95.28307175636292,0.89935994,0.8993560075759888,2.6430764137330698e-06,0.8993507623672485,10.064006,10.064399242401123
2731,95.31300783157349,0.89936066,0.8993574380874634,1.3894713219997357e-06,0.8993566036224365,10.063934,10.064256191253662
2732,95.34956097602844,0.89936066,0.8993581533432007,1.595320327396621e-06,0.8993566036224365,10.063934,10.064184665679932
2733,95.3798234462738,0.89936066,0.8993595242500305,9.153739597422828e-07,0.899357259273529,10.063934,10.064047574996948
2734,95.40970921516418,0.8993845,0.8993600606918335,1.6461207223983365e-06,0.899359941482544,10.06155,10.06399393081665
2735,95.44584202766418,0.8993845,0.8993605971336365,3.1916792977426667e-06,0.899359941482544,10.06155,10.063940286636353
2736,95.47691416740417,0.8993977,0.8993620872497559,6.03760645390139e-06,0.899359941482544,10.060233,10.063791275024414
2737,95.51306438446045,0.8993977,0.899364173412323,8.890741810319014e-06,0.8993606567382812,10.060233,10.0635826587677
2738,95.54215335845947,0.8993977,0.8993683457374573,1.2358043022686616e-05,0.8993606567382812,10.060233,10.063165426254272
2739,95.57312893867493,0.899424,0.8993765711784363,1.4700313840876333e-05,0.8993606567382812,10.057598,10.062342882156372
2740,95.60941553115845,0.8994241,0.899390697479248,1.0138879588339478e-05,0.8993842601776123,10.057592,10.060930252075195
2741,95.64561367034912,0.8994245,0.8993985056877136,1.2921901543450076e-05,0.8993849754333496,10.05755,10.060149431228638
2742,95.68248534202576,0.899428,0.8994070291519165,1.2575738765008282e-05,0.8993976712226868,10.0571995,10.05929708480835
2743,95.71871304512024,0.899428,0.8994166254997253,1.1855107914016116e-05,0.8993976712226868,10.0571995,10.058337450027466
2744,95.74846649169922,0.8994285,0.8994242548942566,1.0616791996653774e-06,0.8994239568710327,10.057152,10.05757451057434
2745,95.78471302986145,0.8994291,0.8994249105453491,1.5384567859655363e-06,0.8994240164756775,10.057092,10.057508945465088
2746,95.82147908210754,0.8994332,0.8994261622428894,1.875957536867645e-06,0.899424135684967,10.056681,10.05738377571106
2747,95.8585479259491,0.8994372,0.8994277715682983,1.9526480627973797e-06,0.8994245529174805,10.056281,10.057222843170166
2748,95.91015934944153,0.89944226,0.899429440498352,2.535851763241226e-06,0.8994280099868774,10.055775,10.057055950164795
2749,95.9575605392456,0.89944315,0.8994308710098267,3.620174538809806e-06,0.8994284868240356,10.055685,10.056912899017334
2750,95.99611043930054,0.89944935,0.8994339108467102,4.564793016470503e-06,0.8994286060333252,10.055065,10.05660891532898
2751,96.03341364860535,0.89945304,0.8994382619857788,4.780149538419209e-06,0.8994332551956177,10.054695,10.05617380142212
2752,96.07054376602173,0.8994606,0.8994433283805847,4.810162863577716e-06,0.8994371891021729,10.053939,10.055667161941528
2753,96.10832834243774,0.89946455,0.8994478583335876,5.157995929039316e-06,0.8994422554969788,10.053545,10.055214166641235
2754,96.143470287323,0.8994703,0.8994530439376831,5.356101155484794e-06,0.8994462490081787,10.052967,10.05469560623169
2755,96.18157601356506,0.8994704,0.8994581699371338,4.714239366876427e-06,0.8994519114494324,10.052961,10.054183006286621
2756,96.2183747291565,0.8994729,0.8994625806808472,4.358716978458688e-06,0.8994580507278442,10.052711,10.053741931915283
2757,96.25577044487,0.89947295,0.8994667530059814,3.1759971079736715e-06,0.8994613289833069,10.052705,10.053324699401855
2758,96.2910988330841,0.89947295,0.8994696736335754,1.637393438613799e-06,0.8994663953781128,10.052705,10.053032636642456
2759,96.3460304737091,0.89951074,0.8949444890022278,0.0035629388876259327,0.8874712586402893,10.048925,10.505551099777222
2760,96.3817286491394,0.89951575,0.8979378938674927,0.0013320278376340866,0.8952667117118835,10.048426,10.206210613250732
2761,96.41901421546936,0.89951575,0.8990911245346069,0.0003567894746083766,0.8984102010726929,10.048426,10.090887546539307
2762,96.44999814033508,0.89951575,0.8993889093399048,0.00011372562585165724,0.8991517424583435,10.048426,10.061109066009521
2763,96.48014211654663,0.89951575,0.8994798064231873,2.9432449082378298e-05,0.8994329571723938,10.048426,10.052019357681274
2764,96.50983023643494,0.89951587,0.8995056748390198,1.601343865331728e-05,0.8994703888893127,10.048413,10.049432516098022
2765,96.54772162437439,0.89951587,0.8995146751403809,1.2824904160879669e-06,0.8995131254196167,10.048413,10.048532485961914
2766,96.57776379585266,0.89951915,0.8995158672332764,2.4268697984553e-07,0.8995157480239868,10.048085,10.048413276672363
2767,96.61697673797607,0.89952165,0.8995159864425659,5.972830763312231e-07,0.8995157480239868,10.047835,10.048401355743408
2768,96.655193567276,0.89952177,0.899516224861145,1.0564002650426119e-06,0.8995157480239868,10.047823,10.048377513885498
2769,96.69268560409546,0.89952177,0.899516761302948,1.8205066680820892e-06,0.8995158672332764,10.047823,10.0483238697052
2770,96.72258830070496,0.89952177,0.8995177745819092,2.4920457235566573e-06,0.8995158672332764,10.047823,10.048222541809082
2771,96.75247740745544,0.8995961,0.8995200395584106,5.542089638765901e-06,0.8995158672332764,10.04039,10.047996044158936
2772,96.7886221408844,0.8995961,0.8995227813720703,8.510210136591922e-06,0.8995216488838196,10.04039,10.047721862792969
2773,96.81834673881531,0.8996057,0.8995247483253479,1.4294430911832023e-05,0.8995217680931091,10.039431,10.04752516746521
2774,96.85490870475769,0.89962375,0.8995296359062195,2.3275879357242957e-05,0.8995217680931091,10.037624,10.047036409378052
2775,96.89261412620544,0.89962375,0.8995410799980164,3.443546302150935e-05,0.8995217680931091,10.037624,10.045892000198364
2776,96.92342829704285,0.8996266,0.8995639681816101,4.142176840105094e-05,0.8995217680931091,10.037338,10.04360318183899
2777,96.96155047416687,0.89962757,0.8996032476425171,1.745856752677355e-05,0.8995370268821716,10.037243,10.039675235748291
2778,96.9971833229065,0.89962757,0.8996144533157349,9.187532668875065e-06,0.8996056914329529,10.037243,10.038554668426514
2779,97.02745485305786,0.89962757,0.8996233940124512,4.40753956354456e-06,0.8996058702468872,10.037243,10.037660598754883
2780,97.056631565094,0.8996288,0.8996264338493347,1.0492545925444574e-06,0.8996237516403198,10.037118,10.037356615066528
2781,97.09060740470886,0.8996387,0.8996272087097168,9.664593108027475e-07,0.8996264338493347,10.036129,10.03727912902832
2782,97.12735652923584,0.899641,0.8996280431747437,2.201211373176193e-06,0.899626612663269,10.035902,10.037195682525635
2783,97.16492748260498,0.8996419,0.8996289372444153,3.2547436603636015e-06,0.8996275067329407,10.035812,10.037106275558472
2784,97.20161771774292,0.89964217,0.8996307253837585,4.70584836875787e-06,0.8996275663375854,10.035783,10.036927461624146
2785,97.23777270317078,0.8996504,0.8996345400810242,5.803140538773732e-06,0.8996275663375854,10.034961,10.036545991897583
2786,97.27390503883362,0.89965045,0.8996398448944092,4.517031356954249e-06,0.8996347188949585,10.034954,10.036015510559082
2787,97.30998587608337,0.8996626,0.8996438384056091,4.221447852614801e-06,0.8996387720108032,10.033739,10.035616159439087
2788,97.35341358184814,0.8996733,0.8996474146842957,5.260732905298937e-06,0.8996419310569763,10.032672,10.035258531570435
2789,97.3915855884552,0.8996733,0.8996521830558777,5.657980636897264e-06,0.8996492624282837,10.032672,10.034781694412231
2790,97.41997909545898,0.8996733,0.8996561765670776,8.376825462619308e-06,0.8996503949165344,10.032672,10.034382343292236
2791,97.44827175140381,0.8996733,0.8996623754501343,8.777482435107231e-06,0.8996504545211792,10.032672,10.033762454986572
2792,97.47853922843933,0.8996733,0.8996697664260864,3.919244136341149e-06,0.8996649384498596,10.032672,10.033023357391357
2793,97.50916504859924,0.89968145,0.8996734023094177,5.733306238653313e-07,0.8996723890304565,10.031855,10.032659769058228
2794,97.54667782783508,0.89968145,0.899673581123352,1.1059216831199592e-06,0.8996732831001282,10.031855,10.032641887664795
2795,97.57527327537537,0.8997003,0.8996740579605103,2.5256949811591767e-06,0.8996732831001282,10.029972,10.032594203948975
2796,97.61262440681458,0.8997003,0.8996747136116028,3.598564262574655e-06,0.8996732831001282,10.029972,10.032528638839722
2797,97.6434633731842,0.8997253,0.8996769189834595,7.230872142827138e-06,0.8996732831001282,10.027468,10.032308101654053
2798,97.68073296546936,0.8997253,0.8996807932853699,9.509654773864895e-06,0.8996732831001282,10.027468,10.031920671463013
2799,97.71081686019897,0.8997358,0.899687647819519,1.1581913895497564e-05,0.8996814489364624,10.026419,10.031235218048096
2800,97.74647831916809,0.8997628,0.8996952772140503,1.6436102669104002e-05,0.8996814489364624,10.023719,10.03047227859497
2801,97.78375959396362,0.89977294,0.8997128009796143,1.835805960581638e-05,0.8996864557266235,10.022706,10.028719902038574
2802,97.81945896148682,0.89978045,0.899729311466217,2.1725600163335912e-05,0.8997077941894531,10.021955,10.027068853378296
2803,97.85693573951721,0.8997937,0.8997485041618347,2.1663359802914783e-05,0.8997179269790649,10.020632,10.025149583816528
2804,97.89396119117737,0.89981335,0.8997699022293091,1.1979353075730614e-05,0.8997439742088318,10.018664,10.023009777069092
2805,97.93234825134277,0.8998251,0.8997799754142761,1.0271758583257906e-05,0.899770975112915,10.01749,10.022002458572388
2806,97.96866631507874,0.8998418,0.8997888565063477,1.3741752809437457e-05,0.8997784852981567,10.015821,10.021114349365234
2807,98.00540852546692,0.8998598,0.8998001217842102,1.794253330444917e-05,0.8997804522514343,10.014021,10.01998782157898
2808,98.0433886051178,0.8998598,0.8998163342475891,1.6174391930690035e-05,0.8997942209243774,10.014021,10.018366575241089
2809,98.07366156578064,0.8998823,0.8998335003852844,1.5963378245942295e-05,0.8998133540153503,10.011768,10.016649961471558
2810,98.11050534248352,0.8999058,0.8998498320579529,1.5409876141347922e-05,0.8998308777809143,10.00942,10.015016794204712
2811,98.14859938621521,0.89992917,0.8998652696609497,1.7370461137034e-05,0.8998465538024902,10.007084,10.01347303390503
2812,98.18604969978333,0.89992917,0.89988112449646,1.769519440131262e-05,0.8998597860336304,10.007084,10.011887550354004
2813,98.21487498283386,0.8999491,0.8998978734016418,2.0587449398590252e-05,0.8998763561248779,10.005093,10.010212659835815
2814,98.25043201446533,0.8999498,0.8999178409576416,1.6576575944782235e-05,0.8998907208442688,10.005021,10.00821590423584
2815,98.28649473190308,0.8999498,0.8999324440956116,9.965194294636603e-06,0.8999183177947998,10.005021,10.006755590438843
2816,98.31547379493713,0.8999519,0.8999402523040771,8.995008101919666e-06,0.8999291658401489,10.004812,10.005974769592285
2817,98.35312509536743,0.8999521,0.8999484777450562,2.4655780634930125e-06,0.8999412059783936,10.004788,10.005152225494385
2818,98.38934350013733,0.8999521,0.8999496698379517,6.572033726115478e-07,0.8999490737915039,10.004788,10.005033016204834
2819,98.41892695426941,0.8999521,0.8999501466751099,7.337974352594756e-07,0.8999497890472412,10.004788,10.004985332489014
2820,98.44896459579468,0.89997166,0.8999505639076233,1.7251456938538468e-06,0.8999497890472412,10.002833,10.004943609237671
2821,98.48591041564941,0.89997375,0.8999515175819397,2.9808152248733677e-06,0.8999497890472412,10.0026245,10.00484824180603
2822,98.52147650718689,0.89997405,0.8999531865119934,4.979830009688158e-06,0.8999518752098083,10.002595,10.00468134880066
2823,98.55797696113586,0.89997405,0.8999552130699158,7.463826023013098e-06,0.8999521136283875,10.002595,10.004478693008423
2824,98.58759474754333,0.89997405,0.8999592661857605,1.0052966899820603e-05,0.8999521136283875,10.002595,10.00407338142395
2825,98.6175651550293,0.89997447,0.8999667167663574,9.959640010492876e-06,0.8999521136283875,10.002554,10.003328323364258
2826,98.65438032150269,0.89997756,0.8999739289283752,2.9619673114211764e-07,0.8999737501144409,10.002243,10.002607107162476
2827,98.69080924987793,0.89997756,0.89997398853302,5.046107389716781e-07,0.8999740481376648,10.002243,10.002601146697998
2828,98.72130489349365,0.8999938,0.8999742269515991,1.5289798511730623e-06,0.8999740481376648,10.000622,10.002577304840088
2829,98.75756239891052,0.8999938,0.8999749422073364,2.8437539185688365e-06,0.8999740481376648,10.000622,10.002505779266357
2830,98.78548550605774,0.89999443,0.899976372718811,4.716009698313428e-06,0.8999740481376648,10.000557,10.002362728118896
2831,98.82177901268005,0.89999723,0.8999788761138916,6.224677690624958e-06,0.8999747037887573,10.000277,10.00211238861084
2832,98.85907459259033,0.89999795,0.8999828696250916,7.673856998735573e-06,0.8999775648117065,10.000205,10.001713037490845
2833,98.89569020271301,0.9000117,0.8999884724617004,8.51062395668123e-06,0.8999775648117065,9.998828,10.001152753829956
2834,98.93333840370178,0.9000272,0.8999963998794556,3.851927885989426e-06,0.8999937772750854,9.997278,10.000360012054443
2835,98.96984815597534,0.9000272,0.8999990224838257,4.8731367314758245e-06,0.8999972343444824,9.997278,10.000097751617432
2836,98.99963808059692,0.90003115,0.9000018239021301,8.293369319289923e-06,0.8999972343444824,9.996885,9.999817609786987
2837,99.03685975074768,0.90003145,0.9000067114830017,1.092211368813878e-05,0.8999979496002197,9.996855,9.999328851699829
2838,99.07516670227051,0.90004474,0.9000160098075867,1.073032763088122e-05,0.8999979496002197,9.995526,9.998399019241333
2839,99.11122226715088,0.9000893,0.9000247716903687,1.1559641279745847e-05,0.9000113010406494,9.991068,9.997522830963135
2840,99.14815616607666,0.9001126,0.900034487247467,9.246558875020128e-06,0.9000272154808044,9.988737,9.996551275253296
2841,99.1865963935852,0.9001265,0.900039792060852,1.397222513332963e-05,0.9000314474105835,9.987349,9.996020793914795
2842,99.22503805160522,0.9001265,0.9000500440597534,1.884379526018165e-05,0.9000316262245178,9.987349,9.994995594024658
2843,99.25448536872864,0.9001265,0.9000603556632996,2.7302108719595708e-05,0.9000447392463684,9.987349,9.993964433670044
2844,99.28524923324585,0.9001272,0.9000781178474426,3.151232158415951e-05,0.9000447392463684,9.987283,9.992188215255737
2845,99.32239317893982,0.90013045,0.9001079201698303,1.6115678590722382e-05,0.900068998336792,9.986955,9.989207983016968
2846,99.35874509811401,0.9001312,0.9001211524009705,6.947705060156295e-06,0.9001091122627258,9.986877,9.987884759902954
2847,99.39429593086243,0.9001764,0.9001274108886719,3.697105057653971e-06,0.9001265168190002,9.982359,9.987258911132812
2848,99.43044757843018,0.9001771,0.9001291990280151,7.635409019712824e-06,0.9001265168190002,9.982288,9.987080097198486
2849,99.46927952766418,0.9001771,0.9001337289810181,1.3915726412960794e-05,0.9001271724700928,9.982288,9.986627101898193
2850,99.49716377258301,0.90019655,0.9001407623291016,1.8285474652657285e-05,0.9001297354698181,9.980345,9.985923767089844
2851,99.53230452537537,0.90019655,0.9001538753509521,2.2258604076341726e-05,0.9001312255859375,9.980345,9.984612464904785
2852,99.56372284889221,0.90020466,0.9001766443252563,1.150066418631468e-05,0.9001466035842896,9.979534,9.982335567474365
2853,99.599773645401,0.90020937,0.9001846313476562,8.960604645835701e-06,0.9001771211624146,9.979063,9.981536865234375
2854,99.63516545295715,0.90020937,0.9001915454864502,9.116487490246072e-06,0.9001803398132324,9.979063,9.98084545135498
2855,99.6648621559143,0.9002224,0.9002004265785217,4.7537500904581975e-06,0.9001965522766113,9.977758,9.979957342147827
2856,99.70021557807922,0.9002224,0.9002047181129456,4.339455699664541e-06,0.9001997709274292,9.977758,9.979528188705444
2857,99.7290267944336,0.9002499,0.9002094268798828,7.782340617268346e-06,0.9002046585083008,9.97501,9.979057312011719
2858,99.76575922966003,0.90024996,0.900214433670044,1.0369365554652177e-05,0.9002078771591187,9.975004,9.978556632995605
2859,99.80157971382141,0.9002501,0.9002205729484558,1.332632473349804e-05,0.900209367275238,9.974993,9.977942705154419
2860,99.83803582191467,0.9002533,0.9002323150634766,1.2865448297816329e-05,0.9002125859260559,9.97467,9.976768493652344
2861,99.87551760673523,0.90025336,0.9002441167831421,5.714344752050238e-06,0.9002353549003601,9.974665,9.975588321685791
2862,99.91343879699707,0.9002817,0.9002494812011719,3.1574836611980572e-06,0.9002452492713928,9.9718275,9.975051879882812
2863,99.94999694824219,0.9002817,0.9002516269683838,3.853921498375712e-06,0.9002499580383301,9.9718275,9.974837303161621
2864,99.97989988327026,0.900285,0.9002543091773987,7.095142336766003e-06,0.9002500772476196,9.971499,9.974569082260132
2865,100.0161075592041,0.9002884,0.9002577066421509,1.0026680683949962e-05,0.9002532958984375,9.97116,9.974229335784912
2866,100.052725315094,0.9002884,0.9002631902694702,1.3220137589087244e-05,0.9002533555030823,9.97116,9.973680973052979
2867,100.08147406578064,0.9002884,0.9002721905708313,1.2768607120960951e-05,0.9002558588981628,9.97116,9.97278094291687
2868,100.1104166507721,0.9002884,0.9002835750579834,2.8225229016243247e-06,0.9002779722213745,9.97116,9.97164249420166
2869,100.13958549499512,0.90029114,0.9002861380577087,1.6294318356813164e-06,0.9002839922904968,9.970885,9.971386194229126
2870,100.17550826072693,0.90029204,0.9002875089645386,1.666493062657537e-06,0.900285005569458,9.970797,9.971249103546143
2871,100.21036720275879,0.90029204,0.9002889394760132,9.73414671534556e-07,0.9002884030342102,9.970797,9.971106052398682
2872,100.23926377296448,0.90029204,0.9002893567085266,1.331528437731322e-06,0.9002884030342102,9.970797,9.971064329147339
2873,100.26943635940552,0.90029484,0.9002901315689087,1.6061929954958032e-06,0.9002884030342102,9.970516,9.97098684310913
2874,100.30423760414124,0.90029484,0.9002917408943176,8.916165938899212e-07,0.9002911448478699,9.970516,9.970825910568237
2875,100.3333067893982,0.90029484,0.9002923369407654,1.226676090482215e-06,0.9002912044525146,9.970516,9.970766305923462
2876,100.36131548881531,0.90029484,0.900293231010437,1.370861241412058e-06,0.9002920389175415,9.970516,9.970676898956299
2877,100.39076066017151,0.90029484,0.9002944231033325,1.1240625781283597e-06,0.9002920389175415,9.970516,9.970557689666748
2878,100.41912412643433,0.90029484,0.9002948999404907,5.960464477539063e-08,0.900294840335846,9.970516,9.970510005950928
2879,100.44829869270325,0.90029573,0.9002948999404907,8.122744077354582e-08,0.900294840335846,9.970427,9.970510005950928
2880,100.48758220672607,0.90029573,0.9002949595451355,1.722527684933084e-07,0.900294840335846,9.970427,9.97050404548645
2881,100.51567649841309,0.90029573,0.9002949595451355,2.4086227767838864e-07,0.900294840335846,9.970427,9.97050404548645
2882,100.54520630836487,0.90029657,0.9002950191497803,3.423912176003796e-07,0.900294840335846,9.970343,9.970498085021973
2883,100.58206248283386,0.90029836,0.9002951383590698,5.197489372221753e-07,0.900294840335846,9.970164,9.970486164093018
2884,100.61740636825562,0.90029836,0.9002954363822937,7.123953196241928e-07,0.900294840335846,9.970164,9.97045636177063
2885,100.64721202850342,0.9002999,0.9002959132194519,8.427841180491669e-07,0.9002957344055176,9.970009,9.97040867805481
2886,100.68339514732361,0.9002999,0.9002964496612549,1.2080175793016679e-06,0.9002957344055176,9.970009,9.970355033874512
2887,100.71203899383545,0.9003019,0.9002974033355713,1.338896822744573e-06,0.9002957344055176,9.969812,9.970259666442871
2888,100.74663805961609,0.9003019,0.9002987146377563,9.901912108034594e-07,0.9002975225448608,9.969812,9.970128536224365
2889,100.77687001228333,0.9003052,0.9002997279167175,1.0870148798858281e-06,0.9002983570098877,9.969479,9.970027208328247
2890,100.81396913528442,0.90030605,0.9003006219863892,1.5569065681120264e-06,0.9002992510795593,9.969396,9.969937801361084
2891,100.85804486274719,0.90031594,0.9003020524978638,1.911066192405997e-06,0.9002999067306519,9.968406,9.969794750213623
2892,100.89849662780762,0.90031594,0.900303840637207,2.6143995910388185e-06,0.9003016948699951,9.968406,9.969615936279297
2893,100.9291353225708,0.9003201,0.9003059267997742,3.4643130675249267e-06,0.9003034234046936,9.967989,9.969407320022583
2894,100.96726441383362,0.90032196,0.9003081917762756,4.472789441933855e-06,0.9003052115440369,9.967804,9.969180822372437
2895,101.0032422542572,0.90032196,0.9003114700317383,5.176427748665446e-06,0.9003060460090637,9.967804,9.968852996826172
2896,101.03258919715881,0.90032613,0.900316596031189,3.1734689400764182e-06,0.9003092050552368,9.967386,9.968340396881104
2897,101.06959652900696,0.9003279,0.9003193974494934,2.608675458759535e-06,0.9003161787986755,9.967208,9.96806025505066
2898,101.10572624206543,0.90034246,0.9003216624259949,3.2115458452608436e-06,0.9003185629844666,9.965754,9.967833757400513
2899,101.14291000366211,0.90035313,0.9003250002861023,4.1830326154013164e-06,0.9003203511238098,9.964686,9.96749997138977
2900,101.1809024810791,0.9003605,0.9003286361694336,7.056849426589906e-06,0.9003245234489441,9.963947,9.96713638305664
2901,101.21968054771423,0.9003709,0.9003328084945679,1.0494515663594939e-05,0.9003263115882874,9.962911,9.966719150543213
2902,101.25741624832153,0.9003724,0.9003391265869141,1.3483796465152409e-05,0.9003279209136963,9.962761,9.966087341308594
2903,101.29343891143799,0.9003937,0.900351881980896,1.3208154996391386e-05,0.9003279209136963,9.960628,9.9648118019104
2904,101.33165717124939,0.9004032,0.9003642797470093,1.1701285075105261e-05,0.9003546237945557,9.95968,9.963572025299072
2905,101.36945509910583,0.9004047,0.9003743529319763,1.3555157238442916e-05,0.9003604650497437,9.959531,9.962564706802368
2906,101.40645670890808,0.90040475,0.9003865122795105,1.1269040442130063e-05,0.9003708958625793,9.959525,9.96134877204895
2907,101.44207453727722,0.90040475,0.9003965258598328,6.104913154558744e-06,0.9003889560699463,9.959525,9.960347414016724
2908,101.47159385681152,0.90043426,0.9004023671150208,3.6228361750545446e-06,0.900394082069397,9.956574,9.959763288497925
2909,101.50750708580017,0.90043426,0.9004049897193909,4.024427653348539e-06,0.9004021286964417,9.956574,9.959501028060913
2910,101.53568482398987,0.90043426,0.9004066586494446,6.842614311608486e-06,0.900404691696167,9.956574,9.959334135055542
2911,101.56516551971436,0.9004344,0.9004094004631042,1.0383666449342854e-05,0.900404691696167,9.956562,9.959059953689575
2912,101.60280537605286,0.90043676,0.9004145860671997,1.3451828635879792e-05,0.9004047513008118,9.956324,9.95854139328003
2913,101.63892769813538,0.90044105,0.9004250764846802,1.3145373486622702e-05,0.9004047513008118,9.955894,9.957492351531982
2914,101.6747579574585,0.9004476,0.9004354476928711,2.3644261091249064e-06,0.9004342555999756,9.955239,9.95645523071289
2915,101.71286535263062,0.9004476,0.9004367589950562,3.278480562585173e-06,0.9004343748092651,9.955239,9.956324100494385
2916,101.74210357666016,0.900454,0.9004393219947815,3.638580665210611e-06,0.9004343748092651,9.954601,9.95606780052185
2917,101.77995085716248,0.900454,0.9004422426223755,2.9032155453023734e-06,0.900439441204071,9.954601,9.955775737762451
2918,101.80828475952148,0.90046054,0.9004441499710083,3.949380698031746e-06,0.90044105052948,9.953946,9.95558500289917
2919,101.8454520702362,0.90046054,0.9004476070404053,4.090109541721176e-06,0.90044105052948,9.953946,9.955239295959473
2920,101.8771424293518,0.9004608,0.9004507064819336,4.017039373138687e-06,0.9004476070404053,9.953922,9.95492935180664
2921,101.91251564025879,0.90046155,0.9004547595977783,3.5601512990979245e-06,0.9004478454589844,9.953844,9.954524040222168
2922,101.94975924491882,0.9004656,0.9004573225975037,3.3327530672977446e-06,0.9004539847373962,9.95344,9.954267740249634
2923,101.98540902137756,0.9004656,0.9004608392715454,8.420333301728533e-07,0.9004580974578857,9.95344,9.953916072845459
2924,102.01450991630554,0.9004676,0.9004614353179932,1.2965502946826746e-06,0.9004606008529663,9.953242,9.953856468200684
2925,102.05123281478882,0.9004897,0.9004621505737305,2.736428996286122e-06,0.9004607796669006,9.951031,9.953784942626953
2926,102.0885398387909,0.9004897,0.9004637598991394,4.617310878529679e-06,0.9004614949226379,9.951031,9.95362401008606
2927,102.1176826953888,0.9004901,0.9004666209220886,6.7556165959103964e-06,0.9004615545272827,9.95099,9.953337907791138
2928,102.15529012680054,0.9004971,0.9004718065261841,8.481826625938993e-06,0.9004656076431274,9.950293,9.952819347381592
2929,102.19317889213562,0.9004987,0.9004774689674377,1.0165722414967604e-05,0.9004677534103394,9.950131,9.952253103256226
2930,102.22945094108582,0.900514,0.9004865288734436,8.530150807928294e-06,0.9004701972007751,9.948599,9.95134711265564
2931,102.26588273048401,0.90051436,0.9004936218261719,5.1874421842512675e-06,0.9004896879196167,9.948564,9.950637817382812
2932,102.30260729789734,0.9005169,0.9004983305931091,5.9003004935220815e-06,0.9004918336868286,9.948307,9.950166940689087
2933,102.33901906013489,0.9005204,0.9005027413368225,7.427016498695593e-06,0.9004968404769897,9.947962,9.949725866317749
2934,102.3752555847168,0.9005204,0.9005082249641418,8.07927699497668e-06,0.9004986882209778,9.947962,9.949177503585815
2935,102.40436100959778,0.90052843,0.9005160331726074,2.7254927772446536e-06,0.9005097150802612,9.947157,9.948396682739258
2936,102.44116854667664,0.90052843,0.9005183577537537,1.913022288135835e-06,0.9005162715911865,9.947157,9.948164224624634
2937,102.47103452682495,0.90052843,0.9005200862884521,2.0546513042063452e-06,0.9005181193351746,9.947157,9.947991371154785
2938,102.50054168701172,0.90052885,0.9005212187767029,2.510127842469956e-06,0.9005199670791626,9.947115,9.947878122329712
2939,102.53649878501892,0.90052885,0.9005224108695984,3.4323952604609076e-06,0.900520384311676,9.947115,9.947758913040161
2940,102.5654125213623,0.90052885,0.9005246758460999,3.920629296771949e-06,0.900520384311676,9.947115,9.947532415390015
2941,102.5929045677185,0.9005344,0.9005284309387207,5.262285185381188e-07,0.9005268216133118,9.946561,9.94715690612793
2942,102.63062047958374,0.9005344,0.9005286693572998,5.722264404539601e-07,0.9005284309387207,9.946561,9.94713306427002
2943,102.66069793701172,0.9005446,0.900529146194458,1.7287063656112878e-06,0.9005288481712341,9.945541,9.9470853805542
2944,102.69710040092468,0.9005446,0.9005299806594849,3.7273964608175447e-06,0.9005288481712341,9.945541,9.947001934051514
2945,102.726726770401,0.9005446,0.9005316495895386,5.675811280525522e-06,0.9005288481712341,9.945541,9.946835041046143
2946,102.75530910491943,0.9005514,0.9005354046821594,7.399121841444867e-06,0.9005288481712341,9.944862,9.946459531784058
2947,102.79523849487305,0.9005518,0.9005424976348877,4.884970621787943e-06,0.9005288481712341,9.94482,9.94575023651123
2948,102.83169150352478,0.90055645,0.9005452990531921,2.310580839548493e-06,0.9005445837974548,9.944355,9.945470094680786
2949,102.86864590644836,0.90055645,0.9005464911460876,3.1518045489065116e-06,0.9005445837974548,9.944355,9.945350885391235
2950,102.89887523651123,0.9005565,0.9005487561225891,3.6371866372064687e-06,0.9005445837974548,9.944349,9.945124387741089
2951,102.93576526641846,0.90055937,0.9005523324012756,2.000317408601404e-06,0.9005492925643921,9.944063,9.944766759872437
2952,102.97320866584778,0.9005636,0.9005538821220398,2.654544914548751e-06,0.9005517363548279,9.94364,9.94461178779602
2953,103.0101466178894,0.90056473,0.9005563855171204,2.630875542308786e-06,0.9005517959594727,9.943527,9.944361448287964
2954,103.04784393310547,0.9005719,0.9005587100982666,2.773597543637152e-06,0.9005564451217651,9.942812,9.94412899017334
2955,103.08583188056946,0.9005719,0.9005612730979919,3.0214671369321877e-06,0.9005582928657532,9.942812,9.943872690200806
2956,103.115225315094,0.9005933,0.9005640745162964,3.6106027891946724e-06,0.9005593657493591,9.940672,9.943592548370361
2957,103.1514778137207,0.9005961,0.900566577911377,4.869003532803617e-06,0.9005635976791382,9.940392,9.943342208862305
2958,103.1897439956665,0.90060514,0.9005699157714844,7.260708116518799e-06,0.900565505027771,9.939486,9.943008422851562
2959,103.22485852241516,0.90060616,0.9005749225616455,9.940274139808025e-06,0.9005665183067322,9.939384,9.94250774383545
2960,103.26048970222473,0.90060616,0.9005824327468872,1.1646647180896252e-05,0.900571882724762,9.939384,9.94175672531128
2961,103.28912353515625,0.90061194,0.9005915522575378,1.183082440547878e-05,0.9005765318870544,9.938807,9.940844774246216
2962,103.32541823387146,0.9006155,0.9006027579307556,4.493843789532548e-06,0.9005932807922363,9.938449,9.939724206924438
2963,103.36242938041687,0.9006219,0.9006065726280212,2.5461981749685947e-06,0.9006032943725586,9.937811,9.939342737197876
2964,103.40016174316406,0.9006219,0.9006081819534302,3.7554866594291525e-06,0.9006061553955078,9.937811,9.939181804656982
2965,103.42947053909302,0.90062666,0.9006106853485107,5.3023586588096805e-06,0.9006061553955078,9.937334,9.938931465148926
2966,103.4661762714386,0.9006275,0.900614857673645,6.405805834219791e-06,0.9006080627441406,9.93725,9.938514232635498
2967,103.50456476211548,0.90062994,0.900620698928833,5.056014288129518e-06,0.900611937046051,9.937006,9.9379301071167
2968,103.54106903076172,0.90063184,0.9006249308586121,1.9999386040581157e-06,0.9006218910217285,9.936815,9.937506914138794
2969,103.57765984535217,0.9006356,0.9006267189979553,1.8883450820794678e-06,0.9006248116493225,9.9364395,9.937328100204468
2970,103.61433458328247,0.9006356,0.9006285071372986,2.593263161543291e-06,0.9006266593933105,9.9364395,9.937149286270142
2971,103.6439151763916,0.9006356,0.9006304740905762,3.183833769071498e-06,0.9006274938583374,9.9364395,9.936952590942383
2972,103.6730306148529,0.90064335,0.900633692741394,1.966532408914645e-06,0.9006299376487732,9.935665,9.936630725860596
2973,103.70929336547852,0.90064335,0.9006354808807373,1.4395138805411989e-06,0.9006347060203552,9.935665,9.93645191192627
2974,103.73785376548767,0.90064335,0.9006363749504089,2.134409442078322e-06,0.9006356000900269,9.935665,9.936362504959106
2975,103.76588320732117,0.90064335,0.9006372094154358,2.9511115826608147e-06,0.9006356000900269,9.935665,9.936279058456421
2976,103.79554891586304,0.900647,0.9006392359733582,3.704688651851029e-06,0.9006356000900269,9.935302,9.936076402664185
2977,103.83455276489258,0.900647,0.9006428122520447,1.3385789543463034e-06,0.9006361961364746,9.935302,9.935718774795532
2978,103.86598300933838,0.900647,0.9006434679031372,6.678456543340872e-07,0.9006433486938477,9.935302,9.93565320968628
2979,103.89751982688904,0.900647,0.9006437659263611,1.051388153427979e-06,0.9006433486938477,9.935302,9.935623407363892
2980,103.92985677719116,0.900647,0.9006441831588745,1.417802650394151e-06,0.9006433486938477,9.935302,9.935581684112549
2981,103.95832300186157,0.9006484,0.9006450772285461,1.6545234302611789e-06,0.9006433486938477,9.935159,9.935492277145386
2982,103.99512600898743,0.9006838,0.9006468653678894,2.66678694060829e-06,0.9006447792053223,9.931618,9.93531346321106
2983,104.03147220611572,0.9006904,0.9006482362747192,5.268179847917054e-06,0.900646984577179,9.930963,9.935176372528076
2984,104.06967282295227,0.9006984,0.9006503224372864,9.361019692732953e-06,0.900646984577179,9.930158,9.934967756271362
2985,104.10440039634705,0.9006984,0.9006547331809998,1.414337930327747e-05,0.9006473422050476,9.930158,9.934526681900024
2986,104.13393330574036,0.90070593,0.9006630778312683,1.868952858785633e-05,0.900648832321167,9.929407,9.933692216873169
2987,104.17033743858337,0.90070844,0.9006772637367249,1.9755210814764723e-05,0.9006509780883789,9.929156,9.932273626327515
2988,104.20731019973755,0.90071183,0.900695264339447,5.632163720292738e-06,0.9006874561309814,9.928817,9.930473566055298
2989,104.24498653411865,0.90071183,0.9006999731063843,4.756761427415768e-06,0.9006940126419067,9.928817,9.930002689361572
2990,104.2750973701477,0.90071183,0.9007043242454529,3.870072305289796e-06,0.9006988406181335,9.928817,9.929567575454712
2991,104.30391526222229,0.90071183,0.9007079005241394,2.333162683498813e-06,0.900704026222229,9.928817,9.92920994758606
2992,104.33378434181213,0.90073174,0.9007099270820618,2.133469024556689e-06,0.9007073640823364,9.926826,9.929007291793823
2993,104.37054657936096,0.90073454,0.9007116556167603,2.8820920761063462e-06,0.9007103443145752,9.926546,9.928834438323975
2994,104.40741753578186,0.90073454,0.9007130265235901,4.615653324435698e-06,0.9007118344306946,9.926546,9.928697347640991
2995,104.43752098083496,0.90073454,0.9007145166397095,7.008186003076844e-06,0.9007118344306946,9.926546,9.928548336029053
2996,104.46616172790527,0.90073454,0.9007183313369751,9.912218047247734e-06,0.9007118344306946,9.926546,9.92816686630249
2997,104.49651980400085,0.90073454,0.9007248878479004,1.0764096259663347e-05,0.9007118344306946,9.926546,9.927511215209961
2998,104.52576637268066,0.9007396,0.9007344245910645,8.182221336028306e-07,0.9007317423820496,9.926039,9.926557540893555
2999,104.56198859214783,0.9007396,0.9007348418235779,8.223959753195231e-07,0.900734543800354,9.926039,9.926515817642212
3000,104.59176635742188,0.9007396,0.900735080242157,1.3478392020260799e-06,0.900734543800354,9.926039,9.926491975784302
3001,104.62755846977234,0.9007396,0.90073561668396,1.8791389493344468e-06,0.900734543800354,9.926039,9.926438331604004
3002,104.65740180015564,0.90074176,0.9007366895675659,2.345678694837261e-06,0.900734543800354,9.925824,9.926331043243408
3003,104.6930673122406,0.90074176,0.9007386565208435,1.7636626807870925e-06,0.900734543800354,9.925824,9.92613434791565
3004,104.72121405601501,0.90074176,0.9007400870323181,8.90468697889446e-07,0.9007396101951599,9.925824,9.925991296768188
3005,104.75165057182312,0.90074176,0.9007405638694763,1.0538101378188003e-06,0.9007396101951599,9.925824,9.925943613052368
3006,104.7809545993805,0.90074176,0.9007415175437927,6.121704814177065e-07,0.9007396101951599,9.925824,9.925848245620728
3007,104.80953478813171,0.9007525,0.9007417559623718,8.099062256405887e-07,0.9007417559623718,9.924751,9.925824403762817
3008,104.84595251083374,0.9007525,0.9007419347763062,1.640844629946514e-06,0.9007417559623718,9.924751,9.925806522369385
3009,104.87579417228699,0.9007652,0.9007425904273987,3.1956021757650888e-06,0.9007417559623718,9.923482,9.925740957260132
3010,104.9130232334137,0.9007652,0.9007441401481628,5.0668018047872465e-06,0.9007417559623718,9.923482,9.925585985183716
3011,104.94168663024902,0.9007796,0.9007476568222046,7.676999302930199e-06,0.9007417559623718,9.922039,9.925234317779541
3012,104.97910165786743,0.9007796,0.9007546305656433,8.285423064080533e-06,0.9007417559623718,9.922039,9.924536943435669
3013,105.00847101211548,0.9007877,0.9007622003555298,8.687095032655634e-06,0.9007524847984314,9.921228,9.923779964447021
3014,105.0438141822815,0.90079844,0.9007708430290222,7.5376988206699025e-06,0.9007585048675537,9.9201565,9.922915697097778
3015,105.08055472373962,0.90079844,0.9007775783538818,8.323083420691546e-06,0.9007678627967834,9.9201565,9.922242164611816
3016,105.11231184005737,0.90079844,0.9007841944694519,8.241221621574368e-06,0.9007759690284729,9.9201565,9.92158055305481
3017,105.1424150466919,0.90079844,0.9007917046546936,5.837258868268691e-06,0.9007796049118042,9.9201565,9.92082953453064
3018,105.17409610748291,0.90079844,0.90079665184021,3.3205183171958197e-06,0.9007903337478638,9.9201565,9.920334815979004
3019,105.20483565330505,0.90079844,0.900798499584198,5.960464477539063e-08,0.9007984399795532,9.9201565,9.9201500415802
3020,105.23438262939453,0.90079844,0.900798499584198,5.960464477539063e-08,0.9007984399795532,9.9201565,9.9201500415802
3021,105.26238536834717,0.90081996,0.9007985591888428,1.4236558172342484e-06,0.9007984399795532,9.918004,9.920144081115723
3022,105.29882049560547,0.90081996,0.9007986783981323,2.0092072645638837e-06,0.9007984399795532,9.918004,9.920132160186768
3023,105.32666039466858,0.90081996,0.9007991552352905,3.7160714327910682e-06,0.9007984399795532,9.918004,9.920084476470947
3024,105.3553364276886,0.90081996,0.9008004069328308,6.092654075473547e-06,0.9007984399795532,9.918004,9.919959306716919
3025,105.3842146396637,0.90081996,0.9008024334907532,8.346223694388755e-06,0.9007984399795532,9.918004,9.919756650924683
3026,105.4134156703949,0.90081996,0.9008069634437561,1.0503931662242394e-05,0.9007984399795532,9.918004,9.91930365562439
3027,105.44262027740479,0.9008202,0.9008153080940247,8.781446013017558e-06,0.9007984399795532,9.91798,9.918469190597534
3028,105.48015189170837,0.9008202,0.9008198976516724,8.76094929935789e-08,0.9008199572563171,9.91798,9.918010234832764
3029,105.50970101356506,0.9008202,0.9008198976516724,1.2317165953845688e-07,0.9008199572563171,9.91798,9.918010234832764
3030,105.53789114952087,0.9008202,0.9008198976516724,1.67075370427483e-07,0.9008199572563171,9.91798,9.918010234832764
3031,105.56662607192993,0.9008231,0.9008199572563171,2.7721458195628657e-07,0.9008199572563171,9.917688,9.918004274368286
3032,105.60382342338562,0.9008231,0.9008200764656067,4.6582059098909667e-07,0.9008201956748962,9.917688,9.917992353439331
3033,105.63331246376038,0.90082335,0.9008201956748962,8.063215091169695e-07,0.9008201956748962,9.917665,9.917980432510376
3034,105.6692726612091,0.90082365,0.9008205533027649,1.1433606914579286e-06,0.9008201956748962,9.917635,9.91794466972351
3035,105.70535922050476,0.90082365,0.9008211493492126,1.4619309922636603e-06,0.9008201956748962,9.917635,9.917885065078735
3036,105.73449492454529,0.90082365,0.9008224606513977,1.362557213724358e-06,0.9008201956748962,9.917635,9.91775393486023
3037,105.76350569725037,0.9008268,0.9008235335350037,4.4356517037158483e-07,0.9008231163024902,9.917318,9.917646646499634
3038,105.80031609535217,0.9008268,0.900823712348938,7.919289828350884e-07,0.9008233547210693,9.917318,9.917628765106201
3039,105.82948231697083,0.9008268,0.9008239507675171,1.100489498639945e-06,0.9008233547210693,9.917318,9.917604923248291
3040,105.86061811447144,0.9008268,0.9008244276046753,1.4717627436766634e-06,0.9008233547210693,9.917318,9.91755723953247
3041,105.89237642288208,0.9008335,0.9008256793022156,1.6224759065153194e-06,0.9008236527442932,9.916651,9.917432069778442
3042,105.94295001029968,0.90083694,0.9008268713951111,9.160859235635144e-07,0.9008268117904663,9.916306,9.917312860488892
3043,105.98140001296997,0.90083694,0.9008272886276245,2.0163161025266163e-06,0.9008268117904663,9.916306,9.917271137237549
3044,106.01000165939331,0.90083694,0.9008280634880066,3.1161166589299683e-06,0.9008268117904663,9.916306,9.91719365119934
3045,106.03892827033997,0.9008414,0.9008299708366394,4.273463218851248e-06,0.9008268117904663,9.915858,9.91700291633606
3046,106.07550477981567,0.9008414,0.9008328914642334,4.27365921495948e-06,0.9008268117904663,9.915858,9.91671085357666
3047,106.10534071922302,0.9008414,0.9008370637893677,1.8545139255365939e-06,0.9008334875106812,9.915858,9.916293621063232
3048,106.13497543334961,0.90084887,0.9008381366729736,2.008880755965947e-06,0.9008369445800781,9.915113,9.916186332702637
3049,106.17207932472229,0.90084916,0.9008395075798035,2.5024903607118176e-06,0.9008369445800781,9.915084,9.916049242019653
3050,106.20879578590393,0.90084916,0.9008419513702393,1.9331953353685094e-06,0.9008411169052124,9.915084,9.915804862976074
3051,106.23792695999146,0.90086335,0.9008430242538452,3.1748181754664984e-06,0.9008414149284363,9.913665,9.915697574615479
3052,106.27283120155334,0.90086335,0.9008449912071228,4.690029982157284e-06,0.9008414149284363,9.913665,9.91550087928772
3053,106.30213856697083,0.9008711,0.9008485674858093,5.435323600977426e-06,0.9008414149284363,9.91289,9.915143251419067
3054,106.33876299858093,0.9008711,0.9008522033691406,6.807211775594624e-06,0.9008491635322571,9.91289,9.914779663085938
3055,106.36921691894531,0.90087605,0.9008557200431824,9.160832632915117e-06,0.9008491635322571,9.9123955,9.914427995681763
3056,106.40597820281982,0.90089214,0.9008629322052002,9.713615327200387e-06,0.9008491635322571,9.910786,9.91370677947998
3057,106.4420337677002,0.9009051,0.9008720517158508,4.260337846062612e-06,0.9008651375770569,9.9094925,9.912794828414917
3058,106.47827315330505,0.9009051,0.9008739590644836,8.149657332978677e-06,0.9008710980415344,9.9094925,9.912604093551636
3059,106.50772595405579,0.9009051,0.9008778929710388,1.2174960829725023e-05,0.9008710980415344,9.9094925,9.912210702896118
3060,106.5369234085083,0.9009051,0.9008869528770447,1.5065714251250029e-05,0.9008710980415344,9.9094925,9.911304712295532
3061,106.56606960296631,0.9009486,0.9009023904800415,6.521416253235657e-06,0.900883138179779,9.905142,9.90976095199585
3062,106.60229897499084,0.9009792,0.9009064435958862,7.577426458738046e-06,0.9009050726890564,9.902078,9.909355640411377
3063,106.63902878761292,0.9009925,0.900910496711731,1.5607149180141278e-05,0.9009050726890564,9.900749,9.908950328826904
3064,106.69891452789307,0.90090925,0.8970907926559448,0.0030062657315284014,0.8899921178817749,9.909076,10.290920734405518
3065,106.73491907119751,0.90090925,0.8996757864952087,0.0009413904044777155,0.8978623747825623,9.909076,10.032421350479126
3066,106.76479411125183,0.90092254,0.9004908800125122,0.0003423017624299973,0.899787187576294,9.907746,9.95091199874878
3067,106.80147099494934,0.9009925,0.9007918238639832,0.00010913810547208413,0.9006050229072571,9.900749,9.920817613601685
3068,106.8389356136322,0.9009925,0.9008949995040894,3.838324482785538e-05,0.9008263349533081,9.900749,9.910500049591064
3069,106.86891913414001,0.9010085,0.9009233713150024,2.940296872111503e-05,0.9009050726890564,9.899151,9.907662868499756
3070,106.90473818778992,0.9010085,0.900945246219635,3.304124766145833e-05,0.9009154438972473,9.899151,9.905475378036499
3071,106.93457984924316,0.9010085,0.9009702801704407,3.20970757456962e-05,0.9009225368499756,9.899151,9.902971982955933
3072,106.9640417098999,0.90104437,0.900995135307312,6.546521035488695e-06,0.9009925127029419,9.895563,9.900486469268799
3073,106.99941062927246,0.90104437,0.9009978771209717,8.963742402556818e-06,0.9009925127029419,9.895563,9.900212287902832
3074,107.02941846847534,0.90104437,0.9010051488876343,1.1767877367674373e-05,0.9009925127029419,9.895563,9.899485111236572
3075,107.05803608894348,0.90104437,0.9010134339332581,1.2358384992694482e-05,0.9010084867477417,9.895563,9.898656606674194
3076,107.08828806877136,0.90106034,0.9010196328163147,1.7515589206595905e-05,0.9010084867477417,9.893966,9.89803671836853
3077,107.12374591827393,0.90106034,0.9010310769081116,1.9898237951565534e-05,0.9010084867477417,9.893966,9.896892309188843
3078,107.15438413619995,0.90106034,0.9010492563247681,7.3121555033139884e-06,0.9010443687438965,9.893966,9.895074367523193
3079,107.18437814712524,0.90106034,0.9010543823242188,7.740234650555067e-06,0.9010443687438965,9.893966,9.894561767578125
3080,107.21386218070984,0.90106034,0.9010602235794067,1.1920928955078125e-07,0.9010603427886963,9.893966,9.893977642059326
3081,107.24416160583496,0.90106034,0.9010602235794067,1.1920928955078125e-07,0.9010603427886963,9.893966,9.893977642059326
3082,107.27382969856262,0.90106034,0.9010602235794067,1.1920928955078125e-07,0.9010603427886963,9.893966,9.893977642059326
3083,107.3036036491394,0.90106034,0.9010602235794067,1.1920928955078125e-07,0.9010603427886963,9.893966,9.893977642059326
3084,107.33389902114868,0.90107983,0.9010604023933411,1.7347347238683142e-06,0.9010603427886963,9.892016,9.893959760665894
3085,107.37064862251282,0.90108514,0.901060938835144,3.3681797049212037e-06,0.9010603427886963,9.891486,9.893906116485596
3086,107.4055335521698,0.90108514,0.9010624289512634,5.835250703967176e-06,0.9010603427886963,9.891486,9.893757104873657
3087,107.4343569278717,0.90108514,0.9010648727416992,7.981459020811599e-06,0.9010603427886963,9.891486,9.893512725830078
3088,107.46425318717957,0.90108514,0.9010701179504395,9.303180377173703e-06,0.9010603427886963,9.891486,9.892988204956055
3089,107.49564385414124,0.90109503,0.9010782241821289,6.118150395195698e-06,0.9010672569274902,9.890497,9.89217758178711
3090,107.53389716148376,0.90109503,0.9010834693908691,3.398420631128829e-06,0.9010782837867737,9.890497,9.891653060913086
3091,107.5633635520935,0.9011019,0.9010862708091736,3.392560302017955e-06,0.9010851383209229,9.8898115,9.891372919082642
3092,107.60019731521606,0.9011104,0.9010878801345825,5.130355475557735e-06,0.9010851383209229,9.888959,9.891211986541748
3093,107.63631987571716,0.9011104,0.9010912775993347,6.2847470871929545e-06,0.9010851383209229,9.888959,9.890872240066528
3094,107.66589784622192,0.90112716,0.9010971784591675,5.399828751251334e-06,0.9010905027389526,9.887284,9.890282154083252
3095,107.70485520362854,0.90112716,0.9011015892028809,5.557270469580544e-06,0.9010950326919556,9.887284,9.889841079711914
3096,107.73676109313965,0.90112716,0.901105523109436,7.837534212740138e-06,0.9011018872261047,9.887284,9.889447689056396
3097,107.76597738265991,0.90112984,0.9011103510856628,1.0552127605478745e-05,0.9011018872261047,9.887016,9.888964891433716
3098,107.80327987670898,0.90113825,0.9011203050613403,8.77750790095888e-06,0.9011045694351196,9.886175,9.887969493865967
3099,107.83895897865295,0.90115476,0.9011279344558716,3.538450073392596e-06,0.9011269807815552,9.884524,9.887206554412842
3100,107.87602877616882,0.90115494,0.901129961013794,7.1135273174149916e-06,0.9011271595954895,9.884506,9.887003898620605
3101,107.91436457633972,0.90115494,0.9011328816413879,9.57092925091274e-06,0.9011271595954895,9.884506,9.886711835861206
3102,107.94500064849854,0.90115756,0.9011387228965759,1.1353163245075848e-05,0.9011296629905701,9.884244,9.886127710342407
3103,107.98181676864624,0.90118635,0.9011488556861877,1.0004748219216708e-05,0.9011298418045044,9.881365,9.885114431381226
3104,108.01795315742493,0.90118635,0.9011563062667847,4.631257525034016e-06,0.9011547565460205,9.881365,9.884369373321533
3105,108.04727506637573,0.90118635,0.9011584520339966,6.889550604682881e-06,0.9011549353599548,9.881365,9.884154796600342
3106,108.077397108078,0.90118915,0.9011626839637756,9.530725037620869e-06,0.9011574387550354,9.881085,9.883731603622437
3107,108.11334943771362,0.9012077,0.901168704032898,1.2813372450182214e-05,0.901157557964325,9.879231,9.883129596710205
3108,108.14912962913513,0.90121067,0.9011805653572083,1.177913054561941e-05,0.9011605978012085,9.878933,9.881943464279175
3109,108.18672943115234,0.9012226,0.9011920094490051,7.846500011510216e-06,0.9011863470077515,9.877741,9.880799055099487
3110,108.22449088096619,0.9012226,0.9011974334716797,8.350882126251236e-06,0.9011889696121216,9.877741,9.880256652832031
3111,108.25425982475281,0.9012226,0.9012053608894348,6.3106053858064115e-06,0.901198148727417,9.877741,9.879463911056519
3112,108.28437495231628,0.90122265,0.9012114405632019,5.019790478399955e-06,0.9012032747268677,9.877735,9.87885594367981
3113,108.32129120826721,0.9012259,0.9012151956558228,4.9450804908701684e-06,0.9012104868888855,9.877407,9.878480434417725
3114,108.35777544975281,0.9012259,0.9012196063995361,3.959740752179641e-06,0.9012128710746765,9.877407,9.878039360046387
3115,108.38865613937378,0.9012261,0.9012227654457092,1.4783478263780125e-06,0.9012203812599182,9.87739,9.877723455429077
3116,108.42473340034485,0.9012261,0.9012237191200256,1.4691927390231285e-06,0.9012225866317749,9.87739,9.877628087997437
3117,108.454514503479,0.901229,0.9012249708175659,1.3379196843743557e-06,0.9012225866317749,9.877098,9.877502918243408
3118,108.49098443984985,0.90123,0.9012259840965271,5.624826258099347e-07,0.9012259244918823,9.877003,9.87740159034729
3119,108.52707314491272,0.90123236,0.9012263417243958,1.1383131095499266e-06,0.9012259244918823,9.876764,9.877365827560425
3120,108.56470274925232,0.90123314,0.9012269973754883,1.8731104773905827e-06,0.9012259244918823,9.876686,9.877300262451172
3121,108.60281801223755,0.9012365,0.9012284278869629,2.2965546122577507e-06,0.9012259840965271,9.876352,9.877157211303711
3122,108.64122748374939,0.90123653,0.9012307524681091,1.8335967979510315e-06,0.9012290239334106,9.876347,9.876924753189087
3123,108.67627143859863,0.90123653,0.9012324213981628,1.954900199052645e-06,0.901229977607727,9.876347,9.876757860183716
3124,108.70577025413513,0.9012394,0.9012340307235718,1.8020995184997446e-06,0.9012323617935181,9.8760605,9.876596927642822
3125,108.74097561836243,0.9012785,0.9012358784675598,3.2578657283011125e-06,0.9012331366539001,9.87215,9.876412153244019
3126,108.77760887145996,0.90128905,0.9012383818626404,8.125244676193688e-06,0.9012364745140076,9.871096,9.876161813735962
3127,108.81394457817078,0.90128905,0.9012415409088135,1.3102990124025382e-05,0.9012364745140076,9.871096,9.875845909118652
3128,108.84353566169739,0.9013125,0.9012482166290283,1.9012746633961797e-05,0.9012365341186523,9.868753,9.875178337097168
3129,108.88142824172974,0.9013125,0.9012606739997864,2.2167076167534105e-05,0.9012380838394165,9.868753,9.873932600021362
3130,108.91066908836365,0.9013141,0.9012840986251831,1.1957916285609826e-05,0.9012514352798462,9.868592,9.87159013748169
3131,108.94727897644043,0.9013144,0.9012922644615173,8.45508839120157e-06,0.90128493309021,9.868563,9.870773553848267
3132,108.98433113098145,0.90131444,0.9012975692749023,1.0474890586920083e-05,0.9012890458106995,9.868556,9.870243072509766
3133,109.02104711532593,0.9013214,0.9013044238090515,1.0624218703014776e-05,0.9012906551361084,9.867859,9.869557619094849
3134,109.05686974525452,0.9013214,0.9013132452964783,1.2519438996605459e-06,0.9013124704360962,9.867859,9.868675470352173
3135,109.0852701663971,0.90132165,0.9013140797615051,1.7630671891311067e-06,0.9013124704360962,9.867835,9.868592023849487
3136,109.12123727798462,0.9013659,0.9013152718544006,4.0583745430922136e-06,0.9013140797615051,9.863413,9.868472814559937
3137,109.15744304656982,0.90136975,0.9013173580169678,8.637333849037532e-06,0.901314377784729,9.863025,9.868264198303223
3138,109.19524788856506,0.9013701,0.9013217687606812,1.4148628906696104e-05,0.9013144373893738,9.862989,9.867823123931885
3139,109.23289155960083,0.90137863,0.9013314843177795,1.9093216906185262e-05,0.9013144373893738,9.862137,9.866851568222046
3140,109.26932883262634,0.901379,0.9013431668281555,2.3585575036122464e-05,0.9013229608535767,9.862101,9.865683317184448
3141,109.30704021453857,0.901379,0.9013633728027344,1.8277867638971657e-05,0.9013233184814453,9.862101,9.863662719726562
3142,109.33812952041626,0.90137935,0.9013737440109253,4.249182893545367e-06,0.9013697504997253,9.862065,9.86262559890747
3143,109.37461566925049,0.90137935,0.9013779163360596,2.240436288047931e-06,0.901370108127594,9.862065,9.862208366394043
3144,109.40494418144226,0.9013803,0.9013789892196655,1.6849473638558266e-07,0.9013789296150208,9.86197,9.862101078033447
3145,109.44309949874878,0.9013803,0.9013790488243103,3.109853423666209e-07,0.9013789892196655,9.86197,9.86209511756897
3146,109.47351861000061,0.9013803,0.9013792872428894,4.5673917270505626e-07,0.9013789892196655,9.86197,9.86207127571106
3147,109.50257635116577,0.9013803,0.9013795256614685,5.618089744530153e-07,0.9013789892196655,9.86197,9.86204743385315
3148,109.53173995018005,0.9013803,0.901380181312561,4.258182002558897e-07,0.9013793468475342,9.86197,9.861981868743896
3149,109.55961227416992,0.9013834,0.9013805389404297,3.0425903219111206e-07,0.9013803005218506,9.86166,9.861946105957031
3150,109.59585332870483,0.9013834,0.9013805985450745,5.092622927804769e-07,0.9013803005218506,9.86166,9.861940145492554
3151,109.6293625831604,0.9013834,0.901380717754364,8.171955983016232e-07,0.9013803005218506,9.86166,9.861928224563599
3152,109.66065120697021,0.9013834,0.9013810157775879,1.1825177352875471e-06,0.9013803005218506,9.86166,9.861898422241211
3153,109.6912899017334,0.9013834,0.9013816714286804,1.5248607496687328e-06,0.9013803005218506,9.86166,9.861832857131958
3154,109.72139763832092,0.9013834,0.9013829231262207,1.1631308325377177e-06,0.9013803005218506,9.86166,9.86170768737793
3155,109.75030589103699,0.9013834,0.9013833999633789,0.0,0.9013833999633789,9.86166,9.86166000366211
3156,109.77757167816162,0.9013834,0.9013833999633789,0.0,0.9013833999633789,9.86166,9.86166000366211
3157,109.80483198165894,0.9013834,0.9013833999633789,0.0,0.9013833999633789,9.86166,9.86166000366211
3158,109.83377361297607,0.9013919,0.9013833999633789,5.651001515616372e-07,0.9013833999633789,9.860807,9.86166000366211
3159,109.86929655075073,0.9013919,0.9013833999633789,7.991723123268457e-07,0.9013833999633789,9.860807,9.86166000366211
3160,109.89953899383545,0.901397,0.9013836979866028,1.661171381783788e-06,0.9013833999633789,9.860301,9.861630201339722
3161,109.93714165687561,0.901397,0.9013842344284058,2.880327883758582e-06,0.9013833999633789,9.860301,9.861576557159424
3162,109.9660997390747,0.901397,0.9013855457305908,4.345224624557886e-06,0.9013833999633789,9.860301,9.861445426940918
3163,109.9961507320404,0.901397,0.9013876914978027,5.501479790837038e-06,0.9013833999633789,9.860301,9.861230850219727
3164,110.0255765914917,0.9014075,0.9013926982879639,4.836028892896138e-06,0.9013833999633789,9.859252,9.860730171203613
3165,110.06220746040344,0.9014075,0.9013964533805847,3.4598972433741437e-06,0.9013932943344116,9.859252,9.860354661941528
3166,110.09065365791321,0.90141684,0.9013994932174683,4.57875012216391e-06,0.9013969898223877,9.858316,9.860050678253174
3167,110.12726473808289,0.90141684,0.90140300989151,5.816858447360573e-06,0.9013969898223877,9.858316,9.859699010848999
3168,110.15633416175842,0.9014188,0.9014084935188293,3.3999435800069477e-06,0.9014055132865906,9.85812,9.859150648117065
3169,110.19342088699341,0.9014188,0.9014105200767517,4.460224772628862e-06,0.9014068841934204,9.85812,9.858947992324829
3170,110.22245001792908,0.9014188,0.9014140963554382,4.15410158893792e-06,0.9014074802398682,9.85812,9.858590364456177
3171,110.25254964828491,0.9014188,0.9014175534248352,9.217196179633902e-07,0.9014168381690979,9.85812,9.85824465751648
3172,110.2828140258789,0.9014218,0.9014182686805725,9.314609314969857e-07,0.9014168381690979,9.857821,9.858173131942749
3173,110.31924057006836,0.9014238,0.901418924331665,6.335998818940425e-07,0.9014188051223755,9.857618,9.858107566833496
3174,110.35581851005554,0.9014238,0.9014191031455994,9.802688509807922e-07,0.9014188051223755,9.857618,9.858089685440063
3175,110.38324809074402,0.9014238,0.9014195799827576,1.52005770814867e-06,0.9014188051223755,9.857618,9.858042001724243
3176,110.41141033172607,0.9014238,0.9014205932617188,2.0318161659815814e-06,0.9014188051223755,9.857618,9.857940673828125
3177,110.4408118724823,0.90142536,0.9014222621917725,1.6298296259265044e-06,0.9014188051223755,9.857464,9.857773780822754
3178,110.47697043418884,0.9014311,0.9014238119125366,7.003632731539255e-07,0.9014233350753784,9.856892,9.857618808746338
3179,110.51623201370239,0.90143305,0.9014241695404053,1.4558295333699789e-06,0.9014238119125366,9.856695,9.857583045959473
3180,110.55383396148682,0.90143305,0.9014248251914978,2.02373576030368e-06,0.9014238119125366,9.856695,9.85751748085022
3181,110.58422589302063,0.9014346,0.9014261960983276,2.746083509919117e-06,0.9014238119125366,9.85654,9.857380390167236
3182,110.61948823928833,0.9014377,0.9014283418655396,3.1707231755717658e-06,0.9014253616333008,9.85623,9.857165813446045
3183,110.65583086013794,0.90143925,0.9014313220977783,2.816395863192156e-06,0.9014284014701843,9.856075,9.856867790222168
3184,110.6918396949768,0.90143925,0.9014339447021484,2.2932765659788856e-06,0.9014310836791992,9.856075,9.856605529785156
3185,110.72082948684692,0.9014412,0.9014357328414917,2.192873807871365e-06,0.9014330506324768,9.855879,9.85642671585083
3186,110.75735425949097,0.9014448,0.9014377593994141,1.6871332491064095e-06,0.901434600353241,9.85552,9.856224060058594
3187,110.79432225227356,0.90147805,0.9014391303062439,2.8958099846931873e-06,0.9014376997947693,9.852195,9.85608696937561
3188,110.83072900772095,0.9014827,0.9014406204223633,5.383925326896133e-06,0.9014392495155334,9.85173,9.855937957763672
3189,110.8671190738678,0.90148336,0.9014431238174438,1.0158452823816333e-05,0.9014392495155334,9.851665,9.855687618255615
3190,110.9031035900116,0.9014836,0.9014492034912109,1.5416293535963632e-05,0.9014392495155334,9.851641,9.855079650878906
3191,110.93823313713074,0.90148515,0.9014583826065063,1.7964415746973827e-05,0.901441216468811,9.851485,9.854161739349365
3192,110.97517728805542,0.9014871,0.9014731645584106,1.4719796126883011e-05,0.9014463424682617,9.851289,9.852683544158936
3193,111.01067590713501,0.9014871,0.901483416557312,1.232682961926912e-06,0.9014816284179688,9.851289,9.851658344268799
3194,111.03819990158081,0.9014871,0.9014845490455627,1.1437055036367383e-06,0.9014827013015747,9.851289,9.851545095443726
3195,111.06650280952454,0.9014871,0.9014855027198792,9.299844236920762e-07,0.9014846682548523,9.851289,9.851449728012085
3196,111.09612488746643,0.9014871,0.9014863967895508,8.704754463906283e-07,0.9014851450920105,9.851289,9.851360321044922
3197,111.1254096031189,0.9014871,0.9014872908592224,1.7881393432617188e-07,0.9014871120452881,9.851289,9.851270914077759
3198,111.16042637825012,0.9014901,0.9014873504638672,3.002549533448473e-07,0.9014871120452881,9.85099,9.851264953613281
3199,111.19908022880554,0.9014901,0.9014873504638672,3.9853935618339165e-07,0.9014871120452881,9.85099,9.851264953613281
3200,111.22878170013428,0.9014901,0.9014875292778015,6.692996521451278e-07,0.9014871120452881,9.85099,9.851247072219849
3201,111.25601387023926,0.90149194,0.9014876484870911,9.719817626319127e-07,0.9014871120452881,9.850806,9.851235151290894
3202,111.29154443740845,0.90149194,0.9014881253242493,1.3156833347238717e-06,0.9014871120452881,9.850806,9.851187467575073
3203,111.32135963439941,0.90150857,0.9014890789985657,1.9488375073706266e-06,0.9014871120452881,9.849143,9.851092100143433
3204,111.35993576049805,0.90150857,0.9014906883239746,2.2878309664520202e-06,0.9014877676963806,9.849143,9.850931167602539
3205,111.389164686203,0.90151143,0.9014919400215149,4.290152446628781e-06,0.9014900922775269,9.848857,9.85080599784851
3206,111.42800211906433,0.90151346,0.9014942049980164,6.252578259591246e-06,0.9014900922775269,9.848654,9.850579500198364
3207,111.46396231651306,0.90152884,0.9014977216720581,8.294347026094329e-06,0.9014919400215149,9.847116,9.85022783279419
3208,111.50183200836182,0.9015341,0.9015036225318909,9.56041731114965e-06,0.9014930725097656,9.846592,9.849637746810913
3209,111.53973698616028,0.90154123,0.9015127420425415,5.980576133879367e-06,0.9015084505081177,9.845877,9.84872579574585
3210,111.57663702964783,0.9015419,0.9015170335769653,7.937965165183414e-06,0.9015114307403564,9.845811,9.848296642303467
3211,111.61231803894043,0.9015618,0.9015226364135742,1.0315158760931809e-05,0.9015132784843445,9.843821,9.847736358642578
3212,111.64993166923523,0.90156317,0.9015320539474487,8.609687029093038e-06,0.90151447057724,9.843683,9.846794605255127
3213,111.68690180778503,0.90157384,0.901539146900177,8.420553058385849e-06,0.9015335440635681,9.842616,9.8460853099823
3214,111.72570657730103,0.90157384,0.9015459418296814,1.1161077964061406e-05,0.9015347957611084,9.842616,9.84540581703186
3215,111.75558590888977,0.9015943,0.9015560746192932,1.1591765542107169e-05,0.9015412330627441,9.840572,9.844392538070679
3216,111.79403591156006,0.9016014,0.9015666842460632,7.357235972449416e-06,0.9015616178512573,9.839863,9.843331575393677
3217,111.83031845092773,0.9016022,0.9015728235244751,1.0278766239935067e-05,0.9015661478042603,9.839779,9.84271764755249
3218,111.86691880226135,0.9016023,0.9015796780586243,1.2833119399147108e-05,0.901567816734314,9.839767,9.842032194137573
3219,111.9029974937439,0.9016347,0.9015908241271973,1.0599881534290034e-05,0.9015738368034363,9.836531,9.840917587280273
3220,111.94142842292786,0.9016803,0.9015994071960449,7.059155905153602e-06,0.9015942811965942,9.831971,9.840059280395508
3221,111.97811841964722,0.9016803,0.901603639125824,9.829241207626183e-06,0.9015994668006897,9.831971,9.839636087417603
3222,112.00764060020447,0.90171003,0.9016084671020508,1.6926040188991465e-05,0.9016013741493225,9.828997,9.839153289794922
3223,112.0434787273407,0.9017397,0.9016184210777283,2.7305759431328624e-05,0.9016022086143494,9.826029,9.838157892227173
3224,112.08138871192932,0.9017466,0.9016379714012146,3.4719421819318086e-05,0.9016048908233643,9.825343,9.83620285987854
3225,112.11870431900024,0.90175015,0.9016655087471008,3.7760673876618966e-05,0.901634693145752,9.8249855,9.833449125289917
3226,112.15741896629333,0.90175474,0.901696503162384,4.079078644281253e-05,0.9016392827033997,9.824526,9.830349683761597
3227,112.19451570510864,0.9017617,0.9017342329025269,1.5958734365995042e-05,0.901710033416748,9.823829,9.826576709747314
3228,112.23147535324097,0.90176183,0.901748538017273,3.921282768715173e-06,0.9017406702041626,9.823817,9.825146198272705
3229,112.26942586898804,0.90176183,0.9017519354820251,3.607560984164593e-06,0.9017493724822998,9.823817,9.824806451797485
3230,112.29834723472595,0.90177226,0.9017542600631714,4.664030257117702e-06,0.9017503261566162,9.822774,9.824573993682861
3231,112.33373641967773,0.90177226,0.9017589092254639,4.278113465261413e-06,0.9017505049705505,9.822774,9.824109077453613
3232,112.36303472518921,0.90177226,0.9017626643180847,3.4961492474394618e-06,0.9017583727836609,9.822774,9.823733568191528
3233,112.39338874816895,0.9018044,0.9017646312713623,4.919249477097765e-06,0.9017617106437683,9.819561,9.82353687286377
3234,112.43053698539734,0.9018044,0.9017675518989563,6.1912146520626266e-06,0.9017618298530579,9.819561,9.82324481010437
3235,112.46092748641968,0.9018102,0.9017733931541443,7.293935595953371e-06,0.9017674922943115,9.818977,9.822660684585571
3236,112.49822807312012,0.90181625,0.9017772078514099,1.1380119758541696e-05,0.9017722606658936,9.818375,9.822279214859009
3237,112.5352942943573,0.9018254,0.9017835855484009,1.614093162061181e-05,0.9017722606658936,9.817457,9.821641445159912
3238,112.57126307487488,0.901826,0.9017961025238037,1.670192796154879e-05,0.9017722606658936,9.817398,9.820389747619629
3239,112.60775756835938,0.9018389,0.9018111824989319,7.473640835087281e-06,0.9018043875694275,9.816111,9.818881750106812
3240,112.64423489570618,0.9018389,0.901818573474884,6.767038485122612e-06,0.9018102288246155,9.816111,9.818142652511597
3241,112.67344212532043,0.9018389,0.9018235206604004,8.326123861479573e-06,0.9018162488937378,9.816111,9.817647933959961
3242,112.70270347595215,0.9018389,0.9018319249153137,5.767741640738677e-06,0.9018193483352661,9.816111,9.816807508468628
3243,112.73203206062317,0.9018389,0.9018374085426331,8.105519100354286e-07,0.9018357396125793,9.816111,9.816259145736694
3244,112.76159143447876,0.90183944,0.9018381237983704,5.864854415449372e-07,0.9018375277519226,9.816056,9.816187620162964
3245,112.7994339466095,0.90183944,0.9018385410308838,5.306980597197253e-07,0.9018376469612122,9.816056,9.816145896911621
3246,112.8291425704956,0.90184474,0.901839017868042,4.037171947857132e-07,0.9018388986587524,9.815526,9.8160982131958
3247,112.89069437980652,0.9019061,0.8979254961013794,0.0030215256847441196,0.8921434283256531,9.809393,10.20745038986206
3248,112.92875289916992,0.9019061,0.9006496071815491,0.0008977454272098839,0.8987048864364624,9.809393,9.935039281845093
3249,112.95886135101318,0.9019061,0.9013938307762146,0.00034966168459504843,0.9007920026779175,9.809393,9.86061692237854
3250,112.9889976978302,0.9019061,0.9017170071601868,0.00013150159793440253,0.9014881253242493,9.809393,9.828299283981323
3251,113.01874780654907,0.9019236,0.901831865310669,6.322882836684585e-05,0.901716411113739,9.80764,9.816813468933105
3252,113.0558602809906,0.9019236,0.9018858075141907,3.089942765654996e-05,0.9018394947052002,9.80764,9.811419248580933
3253,113.08468341827393,0.9019236,0.9019070267677307,3.917542017006781e-06,0.9019060730934143,9.80764,9.809297323226929
3254,113.11427164077759,0.90192926,0.9019083380699158,5.830479040014325e-06,0.9019060730934143,9.807074,9.809166193008423
3255,113.15003156661987,0.9019376,0.9019113779067993,8.2216929513379e-06,0.9019060730934143,9.80624,9.808862209320068
3256,113.1854476928711,0.9019376,0.901917040348053,9.086765203392133e-06,0.9019060730934143,9.80624,9.808295965194702
3257,113.21538066864014,0.90195507,0.9019255042076111,5.207024969422491e-06,0.9019235968589783,9.804493,9.807449579238892
3258,113.25253295898438,0.90195507,0.9019288420677185,9.233744094672147e-06,0.9019235968589783,9.804493,9.80711579322815
3259,113.27980017662048,0.9019577,0.9019355773925781,1.1762876056309324e-05,0.9019235968589783,9.804231,9.806442260742188
3260,113.3162579536438,0.9019577,0.9019455909729004,9.286484782933258e-06,0.9019292593002319,9.804231,9.805440902709961
3261,113.3461103439331,0.90196526,0.9019543528556824,2.6558932404441293e-06,0.9019467234611511,9.803474,9.804564714431763
3262,113.38242721557617,0.90196526,0.9019554853439331,1.5615787560818717e-06,0.9019550681114197,9.803474,9.80445146560669
3263,113.41199016571045,0.90196526,0.9019561409950256,2.544478775234893e-06,0.9019550681114197,9.803474,9.804385900497437
3264,113.4407160282135,0.90196794,0.9019576907157898,3.398224180273246e-06,0.9019550681114197,9.8032055,9.80423092842102
3265,113.47765707969666,0.90196794,0.9019603729248047,3.466289172138204e-06,0.9019576907157898,9.8032055,9.803962707519531
3266,113.50719666481018,0.9019722,0.9019635915756226,2.9028431072219973e-06,0.9019576907157898,9.802782,9.803640842437744
3267,113.54471564292908,0.9019722,0.901965856552124,1.4824328218310256e-06,0.9019652605056763,9.802782,9.803414344787598
3268,113.57442593574524,0.9019744,0.90196692943573,2.0765098724950803e-06,0.9019652605056763,9.802562,9.803307056427002
3269,113.61103463172913,0.901977,0.9019686579704285,1.9749004422919825e-06,0.9019654989242554,9.8022995,9.803134202957153
3270,113.64974164962769,0.9019773,0.9019704461097717,2.183599917771062e-06,0.9019679427146912,9.80227,9.802955389022827
3271,113.68685388565063,0.90198195,0.9019724130630493,2.375714757363312e-06,0.9019694924354553,9.8018055,9.802758693695068
3272,113.72335481643677,0.90198606,0.9019744992256165,2.780053591777687e-06,0.9019721746444702,9.8013935,9.802550077438354
3273,113.78409075737,0.90205705,0.8984360694885254,0.0030563364271074533,0.8920317888259888,9.794294,10.156393051147461
3274,113.82209086418152,0.90205705,0.9010570645332336,0.0006921428139321506,0.8996328711509705,9.794294,9.894293546676636
3275,113.85432362556458,0.902062,0.9016605019569397,0.000267166702542454,0.9011731743812561,9.7938,9.83394980430603
3276,113.89326333999634,0.90206635,0.9019013047218323,0.00012290978338569403,0.9016629457473755,9.7933655,9.809869527816772
3277,113.93160605430603,0.9020701,0.9020017385482788,5.388059435063042e-05,0.9019269347190857,9.79299,9.79982614517212
3278,113.9691972732544,0.90207964,0.9020547866821289,1.2798444913642015e-05,0.9019981622695923,9.792036,9.79452133178711
3279,114.0041024684906,0.90207964,0.9020616412162781,4.222732513881056e-06,0.9020570516586304,9.792036,9.793835878372192
3280,114.03453779220581,0.9021011,0.9020651578903198,4.6739965000597294e-06,0.9020619988441467,9.78989,9.793484210968018
3281,114.07066464424133,0.9021051,0.9020691514015198,8.00615543994354e-06,0.9020624160766602,9.789491,9.793084859848022
3282,114.10695576667786,0.9021051,0.9020745158195496,1.2159803191025276e-05,0.9020662307739258,9.789491,9.792548418045044
3283,114.13663482666016,0.90210533,0.9020828604698181,1.403758506057784e-05,0.9020701050758362,9.789467,9.791713953018188
3284,114.17425727844238,0.90210533,0.9020954966545105,9.369993676955346e-06,0.9020701050758362,9.789467,9.79045033454895
3285,114.20542645454407,0.90210533,0.9021031260490417,2.0624574972316623e-06,0.9020992517471313,9.789467,9.789687395095825
3286,114.23442697525024,0.90210533,0.902104914188385,6.379291335179005e-07,0.9021034240722656,9.789467,9.789508581161499
3287,114.26376843452454,0.90210533,0.9021053314208984,2.0025663616252132e-07,0.9021050930023193,9.789467,9.789466857910156
3288,114.29268288612366,0.90210867,0.9021053910255432,2.9358864139794605e-07,0.9021050930023193,9.789133,9.789460897445679
3289,114.32930874824524,0.90210867,0.902105450630188,3.8811734270893794e-07,0.9021053314208984,9.789133,9.789454936981201
3290,114.35719990730286,0.9021089,0.9021055698394775,8.198522891689208e-07,0.9021053314208984,9.789109,9.789443016052246
3291,114.39247822761536,0.9021089,0.9021059274673462,1.1971354751949548e-06,0.9021053314208984,9.789109,9.78940725326538
3292,114.42181205749512,0.90210974,0.9021064639091492,1.5320790680561913e-06,0.9021053314208984,9.789026,9.789353609085083
3293,114.45824933052063,0.902115,0.9021077156066895,1.6482704268128145e-06,0.9021053314208984,9.788502,9.789228439331055
3294,114.4954822063446,0.902115,0.9021092653274536,1.074883130058879e-06,0.9021078944206238,9.788502,9.789073467254639
3295,114.52608799934387,0.902115,0.902109682559967,1.7016744777720305e-06,0.902108907699585,9.788502,9.789031744003296
3296,114.5552077293396,0.9021193,0.9021103382110596,2.343289224882028e-06,0.902108907699585,9.788073,9.788966178894043
3297,114.59172511100769,0.90212023,0.9021119475364685,2.8372680844768183e-06,0.902108907699585,9.787977,9.78880524635315
3298,114.62787747383118,0.90212023,0.9021149277687073,1.883217009890359e-06,0.9021114110946655,9.787977,9.788507223129272
3299,114.65636610984802,0.90216863,0.9021167755126953,5.358835096558323e-06,0.90211421251297,9.783136,9.788322448730469
3300,114.69211554527283,0.9021745,0.9021206498146057,1.1716651897586416e-05,0.902114987373352,9.782553,9.787935018539429
3301,114.72828698158264,0.9021745,0.9021273255348206,1.7427122656954452e-05,0.9021192789077759,9.782553,9.787267446517944
3302,114.75788140296936,0.9021745,0.9021355509757996,2.3260534362634644e-05,0.9021202325820923,9.782553,9.786444902420044
3303,114.78761339187622,0.9021745,0.9021512269973755,2.4876955649233423e-05,0.9021202325820923,9.782553,9.784877300262451
3304,114.81500554084778,0.90217525,0.9021725654602051,2.6601394438330317e-06,0.9021686315536499,9.782475,9.782743453979492
3305,114.85205793380737,0.90217525,0.9021743535995483,2.3189396358702652e-07,0.9021744728088379,9.782475,9.782564640045166
3306,114.88209939002991,0.90217525,0.9021744132041931,2.89854824586655e-07,0.9021744728088379,9.782475,9.782558679580688
3307,114.91018581390381,0.90217525,0.9021745324134827,3.508833117393806e-07,0.9021744728088379,9.782475,9.782546758651733
3308,114.93867993354797,0.90217537,0.902174711227417,3.8504725807797513e-07,0.9021744728088379,9.782463,9.7825288772583
3309,114.97648572921753,0.902178,0.9021751284599304,2.11520131188081e-07,0.9021750092506409,9.782201,9.782487154006958
3310,115.01445579528809,0.9021858,0.90217524766922,1.0594632158245076e-06,0.9021751880645752,9.78142,9.782475233078003
3311,115.05082869529724,0.90218586,0.902175784111023,2.2143130991025828e-06,0.90217524766922,9.781414,9.782421588897705
3312,115.08825087547302,0.90218586,0.9021767973899841,3.4999463878193637e-06,0.90217524766922,9.781414,9.782320261001587
3313,115.11765742301941,0.9021894,0.9021792411804199,4.835734671360115e-06,0.90217524766922,9.781063,9.782075881958008
3314,115.17785406112671,0.90231067,0.8986382484436035,0.0031894126441329718,0.8913248777389526,9.768933,10.136175155639648
3315,115.21502780914307,0.90231067,0.9013608694076538,0.0008064619032666087,0.8994486927986145,9.768933,9.86391305923462
3316,115.24439764022827,0.9023135,0.9019930958747864,0.00018850862397812307,0.9016072750091553,9.768653,9.800690412521362
3317,115.28236889839172,0.9023142,0.9021661281585693,7.025290688034147e-05,0.902041494846344,9.768581,9.783387184143066
3318,115.31852197647095,0.9023142,0.9022212028503418,5.078975664218888e-05,0.9021779894828796,9.768581,9.77787971496582
3319,115.34923362731934,0.90231496,0.9022562503814697,5.323968071024865e-05,0.902201771736145,9.768504,9.774374961853027
3320,115.38524198532104,0.9023157,0.902309000492096,5.3766329983773176e-06,0.902289628982544,9.768433,9.769099950790405
3321,115.42111492156982,0.9023157,0.9023125171661377,1.6231182371484465e-06,0.9023106694221497,9.768433,9.76874828338623
3322,115.44981741905212,0.9023157,0.9023140668869019,7.01271346770227e-07,0.902312159538269,9.768433,9.768593311309814
3323,115.47846484184265,0.90231574,0.9023146033287048,5.965898708382156e-07,0.9023141860961914,9.768427,9.768539667129517
3324,115.51473331451416,0.90231574,0.9023150205612183,6.358818041007908e-07,0.9023141860961914,9.768427,9.768497943878174
3325,115.54386925697327,0.90231586,0.9023155570030212,2.980887074954808e-07,0.9023149609565735,9.7684145,9.768444299697876
3326,115.58049035072327,0.90231586,0.9023157954216003,1.1043707814906156e-07,0.9023156762123108,9.7684145,9.768420457839966
3327,115.61030006408691,0.90231586,0.9023157954216003,1.0136834305285447e-07,0.9023156762123108,9.7684145,9.768420457839966
3328,115.6399040222168,0.90231586,0.9023158550262451,1.2890217249150737e-07,0.9023156762123108,9.7684145,9.768414497375488
3329,115.66912841796875,0.90231586,0.9023158550262451,9.839776993203486e-08,0.9023157358169556,9.7684145,9.768414497375488
3330,115.69825005531311,0.9023172,0.9023159742355347,1.9103755732885475e-07,0.9023157358169556,9.768277,9.768402576446533
3331,115.73578572273254,0.90231955,0.9023159742355347,2.89854824586655e-07,0.9023158550262451,9.768045,9.768402576446533
3332,115.77367806434631,0.90231955,0.9023160934448242,5.473137321132526e-07,0.9023158550262451,9.768045,9.768390655517578
3333,115.8028872013092,0.90232027,0.9023162722587585,9.209484232997056e-07,0.9023158550262451,9.767973,9.768372774124146
3334,115.84018135070801,0.9023211,0.9023165106773376,1.325274411101418e-06,0.9023158550262451,9.76789,9.768348932266235
3335,115.87742233276367,0.9023211,0.9023173451423645,1.752463845150487e-06,0.9023158550262451,9.76789,9.76826548576355
3336,115.92096638679504,0.9023218,0.9023185968399048,1.739467961670016e-06,0.9023158550262451,9.767818,9.768140316009521
3337,115.96703362464905,0.90232635,0.902320384979248,9.02211297670874e-07,0.9023174047470093,9.767365,9.767961502075195
3338,116.00952315330505,0.90233606,0.9023211002349854,1.5054661162139382e-06,0.9023202657699585,9.766394,9.767889976501465
3339,116.04777455329895,0.90233606,0.9023221731185913,2.398016931692837e-06,0.9023211002349854,9.766394,9.76778268814087
3340,116.07674860954285,0.9023378,0.9023236036300659,4.009965778095648e-06,0.9023218154907227,9.766221,9.767639636993408
3341,116.11370778083801,0.9023459,0.9023259282112122,5.605298611044418e-06,0.9023218154907227,9.76541,9.767407178878784
3342,116.15042328834534,0.9023476,0.902330219745636,6.260228474275209e-06,0.9023218154907227,9.765238,9.766978025436401
3343,116.1872706413269,0.9023551,0.902336061000824,5.484079338202719e-06,0.9023308753967285,9.764492,9.766393899917603
3344,116.22407293319702,0.9023551,0.9023414254188538,4.823570179723902e-06,0.902336061000824,9.764492,9.765857458114624
3345,116.25292444229126,0.9023554,0.9023456573486328,4.063066171511309e-06,0.9023385047912598,9.764462,9.765434265136719
3346,116.28941011428833,0.90235573,0.9023486971855164,2.739542878771317e-06,0.9023461937904358,9.764427,9.765130281448364
3347,116.32562470436096,0.90235573,0.9023501873016357,3.397830141693703e-06,0.9023476243019104,9.764427,9.764981269836426
3348,116.35505890846252,0.90235573,0.9023523926734924,3.3883779906318523e-06,0.9023479223251343,9.764427,9.764760732650757
3349,116.3835961818695,0.9023607,0.9023551344871521,4.333701895120612e-07,0.9023550748825073,9.763932,9.76448655128479
3350,116.42019581794739,0.9023626,0.902355432510376,1.0068473557112156e-06,0.9023550748825073,9.7637415,9.764456748962402
3351,116.45702815055847,0.9023632,0.9023560285568237,1.689277041805326e-06,0.9023553729057312,9.763681,9.764397144317627
3352,116.49330711364746,0.9023632,0.9023569822311401,2.468627599228057e-06,0.9023553729057312,9.763681,9.764301776885986
3353,116.52295327186584,0.9023637,0.9023582935333252,3.0266000976553187e-06,0.9023557305335999,9.763628,9.76417064666748
3354,116.55818557739258,0.9023637,0.902360737323761,2.7249827780906344e-06,0.9023562669754028,9.763628,9.763926267623901
3355,116.58754420280457,0.9023637,0.9023629426956177,6.44898364043911e-07,0.9023615121841431,9.763628,9.763705730438232
3356,116.61727952957153,0.9023637,0.9023634195327759,2.6718910817180586e-07,0.9023631811141968,9.763628,9.763658046722412
3357,116.64635419845581,0.9023637,0.902363657951355,1.6331773622368928e-07,0.9023631811141968,9.763628,9.763634204864502
3358,116.67515683174133,0.9023637,0.9023637175559998,0.0,0.9023637175559998,9.763628,9.763628244400024
3359,116.70527935028076,0.90248215,0.9023643136024475,7.882764293754008e-06,0.9023637175559998,9.751785,9.763568639755249
3360,116.74197435379028,0.90248215,0.9023652076721191,1.1236993486818392e-05,0.9023637175559998,9.751785,9.763479232788086
3361,116.77195286750793,0.90251017,0.9023685455322266,2.1334981283871457e-05,0.9023637175559998,9.748983,9.763145446777344
3362,116.8070957660675,0.90252525,0.9023776650428772,3.914639091817662e-05,0.9023637175559998,9.747476,9.76223349571228
3363,116.84280014038086,0.9025389,0.9023963212966919,5.812873496324755e-05,0.9023637175559998,9.746111,9.76036787033081
3364,116.87984609603882,0.9025389,0.9024311900138855,7.051199645502493e-05,0.9023637175559998,9.746111,9.75688099861145
3365,116.90918564796448,0.9025389,0.9024914503097534,5.9585137933027e-05,0.9023773670196533,9.746111,9.750854969024658
3366,116.94053411483765,0.9025389,0.9025309085845947,6.7167338784202e-06,0.9025252461433411,9.746111,9.746909141540527
3367,116.96948075294495,0.9025389,0.9025368094444275,5.0187177293992136e-06,0.9025252461433411,9.746111,9.746319055557251
3368,116.99864888191223,0.9025408,0.902539074420929,2.4074878979263303e-07,0.9025388956069946,9.74592,9.746092557907104
3369,117.03471946716309,0.9025408,0.902539074420929,3.858878869777982e-07,0.9025388956069946,9.74592,9.746092557907104
3370,117.06445980072021,0.9025408,0.9025391936302185,5.654109713759681e-07,0.9025388956069946,9.74592,9.74608063697815
3371,117.09323596954346,0.9025408,0.9025394916534424,7.963142820699431e-07,0.9025388956069946,9.74592,9.746050834655762
3372,117.12231755256653,0.9025408,0.902539849281311,9.5367431640625e-07,0.9025388956069946,9.74592,9.746015071868896
3373,117.15287923812866,0.9025452,0.9025406241416931,7.779177053635067e-07,0.9025388956069946,9.745479,9.745937585830688
3374,117.19119358062744,0.9025452,0.9025409817695618,6.518290547319339e-07,0.9025408029556274,9.745479,9.745901823043823
3375,117.22587704658508,0.9025452,0.9025412201881409,1.0699503718569758e-06,0.9025408029556274,9.745479,9.745877981185913
3376,117.2549958229065,0.9025452,0.9025416374206543,1.5990186739145429e-06,0.9025408029556274,9.745479,9.74583625793457
3377,117.28370380401611,0.9025452,0.9025424122810364,2.1138018837518757e-06,0.9025408029556274,9.745479,9.745758771896362
3378,117.31331419944763,0.9025452,0.9025440216064453,1.919620899570873e-06,0.9025408029556274,9.745479,9.745597839355469
3379,117.34251308441162,0.9025452,0.9025449752807617,2.384185791015625e-07,0.9025452136993408,9.745479,9.745502471923828
3380,117.37215423583984,0.9025452,0.9025449752807617,2.384185791015625e-07,0.9025452136993408,9.745479,9.745502471923828
3381,117.40023040771484,0.90254533,0.9025450348854065,1.795112325453374e-07,0.9025452136993408,9.745466,9.74549651145935
3382,117.43642377853394,0.90254533,0.9025450348854065,1.8227378006940853e-07,0.9025452136993408,9.745466,9.74549651145935
3383,117.46545648574829,0.90256447,0.9025450944900513,1.2909041515740682e-06,0.9025452136993408,9.743553,9.745490550994873
3384,117.50135326385498,0.90256447,0.9025455713272095,3.087269988100161e-06,0.9025452136993408,9.743553,9.745442867279053
3385,117.53093409538269,0.90256447,0.9025466442108154,5.321765456756111e-06,0.9025452136993408,9.743553,9.745335578918457
3386,117.55974173545837,0.9025646,0.9025484323501587,7.233177257148782e-06,0.9025452136993408,9.743542,9.74515676498413
3387,117.59514737129211,0.9025646,0.9025518298149109,9.116243745665997e-06,0.9025453329086304,9.743542,9.744817018508911
3388,117.62422227859497,0.9025646,0.9025596380233765,8.270742000604514e-06,0.9025453329086304,9.743542,9.744036197662354
3389,117.65377616882324,0.9025646,0.902564525604248,5.960464477539063e-08,0.9025644659996033,9.743542,9.743547439575195
3390,117.68270611763,0.9025646,0.9025647640228271,1.7881393432617188e-07,0.9025645852088928,9.743542,9.743523597717285
3391,117.71236371994019,0.9025646,0.9025647640228271,1.7881393432617188e-07,0.9025645852088928,9.743542,9.743523597717285
3392,117.74258017539978,0.9025674,0.9025647640228271,2.4913265406212304e-07,0.9025645852088928,9.743261,9.743523597717285
3393,117.77863931655884,0.90257,0.9025648236274719,6.381555408552231e-07,0.9025645852088928,9.742999,9.743517637252808
3394,117.81560111045837,0.90257,0.902565062046051,1.1650123497020104e-06,0.9025645852088928,9.742999,9.743493795394897
3395,117.84627962112427,0.90257,0.9025654792785645,1.7387698107995675e-06,0.9025645852088928,9.742999,9.743452072143555
3396,117.87636017799377,0.90257,0.902566134929657,2.2958931822358863e-06,0.9025645852088928,9.742999,9.743386507034302
3397,117.9068558216095,0.90257,0.9025677442550659,2.4960138489404926e-06,0.9025645852088928,9.742999,9.743225574493408
3398,117.93693280220032,0.90257,0.9025698900222778,1.1920928955078125e-07,0.9025700092315674,9.742999,9.743010997772217
3399,117.9676239490509,0.90261596,0.9025701284408569,3.093992745561991e-06,0.9025700092315674,9.738403,9.742987155914307
3400,118.00351619720459,0.9026452,0.9025717377662659,9.701118869998027e-06,0.9025700092315674,9.735483,9.742826223373413
3401,118.03959393501282,0.9026452,0.9025746583938599,1.5976347640389577e-05,0.9025700092315674,9.735483,9.742534160614014
3402,118.06983280181885,0.9026452,0.902582049369812,2.5409846784896217e-05,0.9025700092315674,9.735483,9.741795063018799
3403,118.1000645160675,0.9026452,0.9025979042053223,3.3679847547318786e-05,0.9025700092315674,9.735483,9.740209579467773
3404,118.13018465042114,0.9027027,0.9026287794113159,2.6290383175364695e-05,0.9025700092315674,9.729731,9.737122058868408
3405,118.16800117492676,0.9027027,0.9026471972465515,7.920558346086182e-06,0.9026451706886292,9.729731,9.735280275344849
3406,118.19677519798279,0.9027477,0.9026516079902649,1.7154849047074094e-05,0.9026451706886292,9.725231,9.73483920097351
3407,118.23343706130981,0.9028319,0.9026628732681274,3.537275915732607e-05,0.9026451706886292,9.716808,9.733712673187256
3408,118.2703161239624,0.90283215,0.902686357498169,5.382401286624372e-05,0.9026540517807007,9.716785,9.731364250183105
3409,118.3066029548645,0.9028377,0.9027247428894043,6.441183359129354e-05,0.9026541709899902,9.71623,9.72752571105957
3410,118.34199094772339,0.9028377,0.9027807116508484,4.215933950035833e-05,0.902720034122467,9.71623,9.721928834915161
3411,118.37210583686829,0.9028377,0.9028212428092957,1.3044658771832474e-05,0.9027951955795288,9.71623,9.717875719070435
3412,118.40200853347778,0.90283793,0.90283203125,3.0343337584781693e-06,0.9028229117393494,9.716207,9.716796875
3413,118.43847966194153,0.90283793,0.9028334617614746,2.3254558527696645e-06,0.9028321504592896,9.716207,9.716653823852539
3414,118.46713423728943,0.90284085,0.9028350114822388,2.756963340289076e-06,0.9028321504592896,9.715915,9.716498851776123
3415,118.50402569770813,0.90284085,0.9028376936912537,7.849571375118103e-07,0.9028350114822388,9.715915,9.716230630874634
3416,118.53420186042786,0.90284085,0.9028380513191223,8.483339115628041e-07,0.9028376936912537,9.715915,9.716194868087769
3417,118.56399369239807,0.90284914,0.902838408946991,1.3485572480931296e-06,0.9028379321098328,9.715086,9.716159105300903
3418,118.59856009483337,0.9028574,0.902839183807373,2.2767837890569353e-06,0.9028379321098328,9.714258,9.716081619262695
3419,118.63401126861572,0.9028853,0.9028412699699402,5.803222848044243e-06,0.9028379321098328,9.711468,9.715873003005981
3420,118.67270374298096,0.9028853,0.9028443694114685,1.0706215107347816e-05,0.9028408527374268,9.711468,9.71556305885315
3421,118.7033178806305,0.9028853,0.9028500914573669,1.6078889530035667e-05,0.9028408527374268,9.711468,9.714990854263306
3422,118.73190689086914,0.9028853,0.9028611183166504,1.9194652850273997e-05,0.9028408527374268,9.711468,9.713888168334961
3423,118.76140999794006,0.9028853,0.902879536151886,9.933281035046093e-06,0.9028574228286743,9.711468,9.712046384811401
3424,118.79059958457947,0.90288866,0.9028854370117188,2.443063351620367e-07,0.9028853178024292,9.711134,9.711456298828125
3425,118.82760953903198,0.90288866,0.9028854370117188,3.8811734270893794e-07,0.9028853178024292,9.711134,9.711456298828125
3426,118.85805797576904,0.9028946,0.9028855562210083,8.974909633252537e-07,0.9028853178024292,9.710539,9.71144437789917
3427,118.89294147491455,0.9028946,0.9028857946395874,1.2915633078591782e-06,0.9028853178024292,9.710539,9.71142053604126
3428,118.92233324050903,0.9028946,0.9028864502906799,2.137233423127327e-06,0.9028853178024292,9.710539,9.711354970932007
3429,118.95169949531555,0.9029001,0.9028875827789307,3.0105484256637283e-06,0.9028853178024292,9.70999,9.711241722106934
3430,118.98681855201721,0.9029001,0.9028900861740112,3.4145527934015263e-06,0.9028853178024292,9.70999,9.710991382598877
3431,119.0175576210022,0.902902,0.9028922319412231,4.1240900827688165e-06,0.9028886556625366,9.709799,9.710776805877686
3432,119.05276489257812,0.902902,0.9028965830802917,2.328700702491915e-06,0.9028907418251038,9.709799,9.710341691970825
3433,119.08327722549438,0.902902,0.9028984904289246,1.7536821133035119e-06,0.9028967618942261,9.709799,9.710150957107544
3434,119.11302757263184,0.902902,0.9029000997543335,9.570211432219367e-07,0.9028981924057007,9.709799,9.70999002456665
3435,119.14212560653687,0.902902,0.9029005765914917,8.520809728906897e-07,0.9029000997543335,9.709799,9.70994234085083
3436,119.17159366607666,0.902902,0.9029011130332947,9.457321539230179e-07,0.9029000997543335,9.709799,9.709888696670532
3437,119.20010662078857,0.902902,0.9029019474983215,5.960464477539063e-08,0.9029020071029663,9.709799,9.709805250167847
3438,119.22895336151123,0.90291405,0.9029020071029663,8.030320373109134e-07,0.9029020071029663,9.708595,9.70979928970337
3439,119.26506567001343,0.90291977,0.9029021859169006,1.6674346170475474e-06,0.9029020071029663,9.708023,9.709781408309937
3440,119.3022768497467,0.90291977,0.9029027819633484,3.4052411592710996e-06,0.9029020071029663,9.708023,9.709721803665161
3441,119.33269095420837,0.902943,0.9029045104980469,6.130737347120885e-06,0.9029020071029663,9.705698,9.709548950195312
3442,119.36804437637329,0.9029454,0.9029080867767334,9.110903192777187e-06,0.9029020071029663,9.70546,9.70919132232666
3443,119.4046733379364,0.90296626,0.9029157161712646,1.1650274245766923e-05,0.9029020071029663,9.703374,9.708428382873535
3444,119.44337558746338,0.90296626,0.9029259085655212,1.3448124263959471e-05,0.9029192328453064,9.703374,9.707409143447876
3445,119.47556376457214,0.90296626,0.9029353260993958,1.8638016626937315e-05,0.9029197692871094,9.703374,9.706467390060425
3446,119.50517582893372,0.90298533,0.902953028678894,1.505812269897433e-05,0.9029204845428467,9.701467,9.704697132110596
3447,119.54170060157776,0.90298533,0.9029674530029297,4.299456122680567e-06,0.9029605984687805,9.701467,9.703254699707031
3448,119.57085275650024,0.9029988,0.9029697775840759,7.122332135622855e-06,0.9029662609100342,9.700119,9.703022241592407
3449,119.60551619529724,0.9029988,0.902974009513855,9.50073626881931e-06,0.9029662609100342,9.700119,9.702599048614502
3450,119.63520741462708,0.90301466,0.9029818773269653,9.542277439322788e-06,0.9029675126075745,9.698534,9.701812267303467
3451,119.67118406295776,0.9030169,0.9029901623725891,8.24244852992706e-06,0.9029804468154907,9.698307,9.700983762741089
3452,119.70760893821716,0.9030169,0.9029965996742249,8.990804417408071e-06,0.9029853343963623,9.698307,9.700340032577515
3453,119.73683047294617,0.9030253,0.9030048251152039,7.716456821071915e-06,0.9029966592788696,9.697467,9.699517488479614
3454,119.77289271354675,0.9030253,0.9030112028121948,6.943729658814846e-06,0.9029988050460815,9.697467,9.698879718780518
3455,119.80270051956177,0.9030263,0.9030168652534485,3.263849521317752e-06,0.9030146598815918,9.6973715,9.698313474655151
3456,119.84077477455139,0.9030263,0.9030190706253052,3.6505600746750133e-06,0.9030146598815918,9.6973715,9.698092937469482
3457,119.87275242805481,0.9030263,0.9030211567878723,3.927651505364338e-06,0.9030169248580933,9.6973715,9.697884321212769
3458,119.90375113487244,0.9030287,0.9030251502990723,1.0169364941248205e-06,0.9030230045318604,9.697127,9.697484970092773
3459,119.9407331943512,0.9030287,0.9030256867408752,5.222292998041667e-07,0.9030253291130066,9.697127,9.697431325912476
3460,119.97115206718445,0.9030297,0.9030261635780334,8.494882877130294e-07,0.9030253291130066,9.697032,9.697383642196655
3461,120.00850224494934,0.9030297,0.9030267000198364,9.351211929242709e-07,0.903026282787323,9.697032,9.697329998016357
3462,120.03940486907959,0.9030297,0.9030272364616394,1.3455198768497212e-06,0.903026282787323,9.697032,9.69727635383606
3463,120.06863903999329,0.9030297,0.903028130531311,1.3086975059195538e-06,0.903026282787323,9.697032,9.697186946868896
3464,120.09704971313477,0.9030297,0.903029203414917,4.76837158203125e-07,0.9030287265777588,9.697032,9.6970796585083
3465,120.12573003768921,0.9030297,0.9030295014381409,1.7881393432617188e-07,0.9030296802520752,9.697032,9.697049856185913
3466,120.15514874458313,0.90303075,0.9030295610427856,1.4281077653777174e-07,0.9030296802520752,9.696924,9.697043895721436
3467,120.19154381752014,0.90303075,0.9030295610427856,1.8100566023804276e-07,0.9030296802520752,9.696924,9.697043895721436
3468,120.22082710266113,0.90303075,0.9030295610427856,2.523556474898214e-07,0.9030296802520752,9.696924,9.697043895721436
3469,120.25075054168701,0.9030448,0.9030296802520752,1.060129989127745e-06,0.9030296802520752,9.6955185,9.69703197479248
3470,120.28968238830566,0.9030448,0.9030300378799438,1.7812968735597678e-06,0.9030296802520752,9.6955185,9.696996212005615
3471,120.31883811950684,0.9030707,0.9030312895774841,5.7442175602773204e-06,0.9030296802520752,9.692931,9.696871042251587
3472,120.35442018508911,0.90307176,0.9030342102050781,1.0136555829376448e-05,0.9030297994613647,9.692823,9.696578979492188
3473,120.39018702507019,0.90307534,0.9030396342277527,1.5306652130675502e-05,0.9030307531356812,9.692467,9.696036577224731
3474,120.42686796188354,0.90307534,0.903049886226654,1.7919071979122236e-05,0.9030307531356812,9.692467,9.695011377334595
3475,120.4587242603302,0.9030764,0.9030669927597046,8.449109373032115e-06,0.9030448198318481,9.692359,9.693300724029541
3476,120.49633359909058,0.9030764,0.9030718803405762,1.5540980484729516e-06,0.9030706882476807,9.692359,9.692811965942383
3477,120.52629208564758,0.9030764,0.9030728340148926,1.8458520116837462e-06,0.9030717611312866,9.692359,9.692716598510742
3478,120.5559949874878,0.9030764,0.9030741453170776,1.933072098836419e-06,0.9030717611312866,9.692359,9.692585468292236
3479,120.58613324165344,0.9030788,0.9030758142471313,6.025737775416928e-07,0.9030753374099731,9.692121,9.692418575286865
3480,120.62173843383789,0.9030834,0.9030762910842896,7.835732276362251e-07,0.9030753374099731,9.691662,9.692370891571045
3481,120.65846800804138,0.9030834,0.903076708316803,1.4970403299230384e-06,0.9030764102935791,9.691662,9.692329168319702
3482,120.68610954284668,0.9030834,0.9030775427818298,2.3378313471766887e-06,0.9030764102935791,9.691662,9.692245721817017
3483,120.73903679847717,0.90313286,0.8993640542030334,0.003206009976565838,0.8922908902168274,9.686714,10.063594579696655
3484,120.7761595249176,0.90313286,0.9021177291870117,0.0008386810659430921,0.9003337621688843,9.686714,9.788227081298828
3485,120.80460453033447,0.9031399,0.9028249979019165,0.00023710996902082115,0.9023504257202148,9.686011,9.71750020980835
3486,120.83984994888306,0.9031399,0.9030259847640991,9.434744424652308e-05,0.9028654098510742,9.686011,9.697401523590088
3487,120.86998629570007,0.9031399,0.9031055569648743,3.441115404712036e-05,0.9030376672744751,9.686011,9.689444303512573
3488,120.90007638931274,0.903146,0.9031346440315247,3.0660432912554825e-06,0.9031307697296143,9.685397,9.686535596847534
3489,120.93842887878418,0.903146,0.9031370878219604,3.371949333086377e-06,0.9031328558921814,9.685397,9.686291217803955
3490,120.9679958820343,0.9031488,0.9031403064727783,1.861420855675533e-06,0.9031389951705933,9.685123,9.685969352722168
3491,121.00427961349487,0.9031488,0.9031413197517395,2.5412944069103105e-06,0.9031398892402649,9.685123,9.68586802482605
3492,121.03387975692749,0.9031488,0.9031429886817932,3.1382662655232707e-06,0.9031398892402649,9.685123,9.685701131820679
3493,121.06317567825317,0.9031488,0.9031459093093872,1.903160296023998e-06,0.9031426310539246,9.685123,9.68540906906128
3494,121.09362959861755,0.9031488,0.9031472206115723,1.2944830132255447e-06,0.9031460285186768,9.685123,9.685277938842773
3495,121.12232637405396,0.90315175,0.9031485915184021,4.3540137539821444e-07,0.9031477570533752,9.684825,9.68514084815979
3496,121.15964913368225,0.90316725,0.9031489491462708,1.3210462839197135e-06,0.9031487703323364,9.683275,9.685105085372925
3497,121.20283913612366,0.90316725,0.9031493067741394,2.2650385744782398e-06,0.9031487703323364,9.683275,9.68506932258606
3498,121.23528289794922,0.9031795,0.9031504988670349,4.956102202413604e-06,0.9031487703323364,9.682047,9.684950113296509
3499,121.27327632904053,0.9031795,0.9031533002853394,8.260125468950719e-06,0.9031487703323364,9.682047,9.684669971466064
3500,121.30279350280762,0.9031795,0.9031581878662109,1.0632755220285617e-05,0.9031491875648499,9.682047,9.684181213378906
3501,121.34023809432983,0.90318096,0.9031665921211243,1.0490206477697939e-05,0.90315181016922,9.681904,9.683340787887573
3502,121.37625288963318,0.9031918,0.903175950050354,4.141637873544823e-06,0.9031672477722168,9.6808195,9.6824049949646
3503,121.4132833480835,0.9031918,0.9031792879104614,2.254813352919882e-06,0.903175950050354,9.6808195,9.682071208953857
3504,121.44280505180359,0.9031966,0.9031807780265808,3.172020569763845e-06,0.9031795263290405,9.680343,9.681922197341919
3505,121.47942399978638,0.90321076,0.9031825661659241,5.054827397543704e-06,0.9031795263290405,9.678925,9.681743383407593
3506,121.51636505126953,0.90321076,0.9031857848167419,6.463694717240287e-06,0.9031809568405151,9.678925,9.681421518325806
3507,121.5457091331482,0.90322345,0.9031907320022583,7.622544671903597e-06,0.9031821489334106,9.677654,9.68092679977417
3508,121.5819160938263,0.90322846,0.9031972885131836,6.483359811682021e-06,0.9031918048858643,9.677154,9.68027114868164
3509,121.61762928962708,0.9032674,0.9032014608383179,9.542266525386367e-06,0.9031954407691956,9.673262,9.679853916168213
3510,121.65447735786438,0.9032993,0.9032081961631775,1.409431661159033e-05,0.9031966328620911,9.670073,9.679180383682251
3511,121.6905722618103,0.9033345,0.9032214283943176,2.1892914446652867e-05,0.9031991958618164,9.66655,9.677857160568237
3512,121.72929954528809,0.9033345,0.9032374620437622,3.0417453672271222e-05,0.9032119512557983,9.66655,9.67625379562378
3513,121.76040434837341,0.903336,0.9032561182975769,4.151561006437987e-05,0.9032272696495056,9.666401,9.67438817024231
3514,121.79690146446228,0.9033372,0.9032849073410034,4.611958866007626e-05,0.9032285213470459,9.666282,9.671509265899658
3515,121.84062790870667,0.9033372,0.9033298492431641,1.0946724614768755e-05,0.9032992720603943,9.666282,9.667015075683594
3516,121.87179446220398,0.9033868,0.9033358693122864,3.521077587720356e-06,0.9033344984054565,9.661323,9.666413068771362
3517,121.90966868400574,0.90341735,0.9033372402191162,7.187147730292054e-06,0.9033359885215759,9.658265,9.666275978088379
3518,121.94541835784912,0.90341735,0.9033404588699341,1.4628193639509846e-05,0.9033359885215759,9.658265,9.665954113006592
3519,121.97509765625,0.90341735,0.9033461809158325,2.346849942114204e-05,0.9033371806144714,9.658265,9.665381908416748
3520,122.00466465950012,0.90341735,0.9033563137054443,3.1989646231522784e-05,0.9033371806144714,9.658265,9.664368629455566
3521,122.03657078742981,0.90344006,0.9033783674240112,3.711169119924307e-05,0.9033371806144714,9.655994,9.662163257598877
3522,122.07411050796509,0.90344006,0.9034154415130615,9.247654816135764e-06,0.9033867716789246,9.655994,9.658455848693848
3523,122.10365843772888,0.90344006,0.9034199714660645,6.801391464250628e-06,0.9034173488616943,9.655994,9.658002853393555
3524,122.1339602470398,0.90344006,0.9034225940704346,9.197383405989967e-06,0.9034173488616943,9.655994,9.657740592956543
3525,122.16439437866211,0.90344006,0.9034274816513062,1.0780599041027017e-05,0.9034173488616943,9.655994,9.657251834869385
3526,122.19417405128479,0.9034402,0.9034376740455627,5.4399174587160815e-06,0.9034174680709839,9.655982,9.656232595443726
3527,122.22990989685059,0.90344024,0.9034402370452881,1.7519670336696436e-07,0.9034400582313538,9.655976,9.655976295471191
3528,122.26745915412903,0.90344787,0.9034403562545776,9.086617751563608e-07,0.9034400582313538,9.655213,9.655964374542236
3529,122.30464577674866,0.90346,0.9034407734870911,2.197453341068467e-06,0.9034400582313538,9.653997,9.655922651290894
3530,122.34208083152771,0.90346,0.9034415483474731,3.395880867174128e-06,0.9034400582313538,9.653997,9.655845165252686
3531,122.37185192108154,0.9034602,0.9034433960914612,5.090290414955234e-06,0.9034401178359985,9.653979,9.655660390853882
3532,122.40834379196167,0.9034679,0.9034470915794373,6.141152880445588e-06,0.9034401774406433,9.653211,9.655290842056274
3533,122.44503426551819,0.9034679,0.9034520983695984,6.727273557771696e-06,0.9034478664398193,9.653211,9.654790163040161
3534,122.47478413581848,0.9034679,0.9034568667411804,8.069095201790333e-06,0.9034478664398193,9.653211,9.654313325881958
3535,122.50426363945007,0.9034679,0.9034642577171326,3.850431767205009e-06,0.9034600257873535,9.653211,9.653574228286743
3536,122.53359413146973,0.9034679,0.9034680128097534,1.1920928955078125e-07,0.9034678936004639,9.653211,9.653198719024658
3537,122.56307315826416,0.9034679,0.9034680128097534,1.1920928955078125e-07,0.9034678936004639,9.653211,9.653198719024658
3538,122.59184789657593,0.9034679,0.9034680128097534,1.1920928955078125e-07,0.9034678936004639,9.653211,9.653198719024658
3539,122.6206545829773,0.90346915,0.9034680724143982,1.9207696766443405e-07,0.9034678936004639,9.653086,9.65319275856018
3540,122.65807342529297,0.90346915,0.9034680724143982,2.1617550771679817e-07,0.9034678936004639,9.653086,9.65319275856018
3541,122.68762445449829,0.9034862,0.9034681916236877,1.2576997505675536e-06,0.9034678936004639,9.651381,9.653180837631226
3542,122.72304511070251,0.9035821,0.9034690856933594,7.984861440490931e-06,0.9034678936004639,9.64179,9.653091430664062
3543,122.76037621498108,0.9035834,0.9034723043441772,1.808321576390881e-05,0.9034678936004639,9.641659,9.652769565582275
3544,122.79678702354431,0.9035834,0.9034786224365234,2.8905898943776265e-05,0.9034678936004639,9.641659,9.652137756347656
3545,122.82665681838989,0.90360045,0.9034903645515442,3.895165355061181e-05,0.9034691452980042,9.639955,9.650963544845581
3546,122.86439633369446,0.90360045,0.9035136699676514,4.663668732973747e-05,0.9034691452980042,9.639955,9.648633003234863
3547,122.89411520957947,0.90361464,0.9035508632659912,4.2268486140528694e-05,0.9034873247146606,9.638536,9.644913673400879
3548,122.93094992637634,0.90361464,0.9035860300064087,7.483180979761528e-06,0.9035820960998535,9.638536,9.64139699935913
3549,122.95993089675903,0.9037089,0.9035910367965698,1.2488256288634147e-05,0.9035834074020386,9.629112,9.640896320343018
3550,122.99414086341858,0.9037089,0.9036003947257996,1.707444607745856e-05,0.9035834074020386,9.629112,9.639960527420044
3551,123.02283096313477,0.90372723,0.9036116600036621,2.8075999580323696e-05,0.9036004543304443,9.627276,9.638833999633789
3552,123.05865907669067,0.90373313,0.9036238193511963,3.9965365431271493e-05,0.9036017060279846,9.626686,9.637618064880371
3553,123.09509587287903,0.9037347,0.903647243976593,4.923887536278926e-05,0.9036146402359009,9.626532,9.635275602340698
3554,123.13214612007141,0.9037347,0.9036797881126404,5.3367239161161706e-05,0.9036146402359009,9.626532,9.632021188735962
3555,123.16169428825378,0.9037359,0.903728187084198,4.6089580791885965e-06,0.9037088751792908,9.626412,9.6271812915802
3556,123.19580245018005,0.9037359,0.9037313461303711,3.5592058793554315e-06,0.9037272334098816,9.626412,9.62686538696289
3557,123.22653460502625,0.9037559,0.9037346839904785,1.663451826061646e-06,0.9037331342697144,9.62441,9.626531600952148
3558,123.26079440116882,0.9037559,0.9037356972694397,3.0250118925323477e-06,0.9037346839904785,9.62441,9.62643027305603
3559,123.29108428955078,0.9037559,0.9037373661994934,5.016146133129951e-06,0.9037350416183472,9.62441,9.62626338005066
3560,123.32008624076843,0.90379375,0.903739869594574,8.156940566550475e-06,0.903735876083374,9.620625,9.626013040542603
3561,123.35557866096497,0.90379375,0.9037436842918396,1.0514080713619478e-05,0.903735876083374,9.620625,9.62563157081604
3562,123.3844678401947,0.90381,0.9037519693374634,1.283216624869965e-05,0.9037376046180725,9.618998,9.624803066253662
3563,123.42236566543579,0.9038134,0.9037620425224304,1.5170864571700804e-05,0.9037537574768066,9.618658,9.623795747756958
3564,123.4586021900177,0.90381753,0.9037716388702393,2.1809506506542675e-05,0.9037559032440186,9.618246,9.622836112976074
3565,123.49319505691528,0.90381753,0.9037883281707764,2.2575082766707055e-05,0.9037570953369141,9.618246,9.621167182922363
3566,123.522381067276,0.90381956,0.9038076400756836,7.794283192197327e-06,0.9037937521934509,9.618044,9.61923599243164
3567,123.55720925331116,0.90382004,0.903813362121582,2.4568428216298344e-06,0.9038100242614746,9.617996,9.618663787841797
3568,123.59394311904907,0.90382004,0.9038151502609253,2.1888572518946603e-06,0.9038134217262268,9.617996,9.61848497390747
3569,123.62349557876587,0.90382004,0.9038171768188477,1.8590114905236987e-06,0.9038141965866089,9.617996,9.618282318115234
3570,123.65282249450684,0.90382123,0.9038185477256775,9.629911801312119e-07,0.9038175344467163,9.617877,9.618145227432251
3571,123.6892077922821,0.90383244,0.9038193821907043,1.1432207429606933e-06,0.9038183689117432,9.616756,9.618061780929565
3572,123.72674870491028,0.9038343,0.9038203954696655,2.010920297834673e-06,0.9038195610046387,9.616571,9.617960453033447
3573,123.76428008079529,0.90383846,0.9038214683532715,3.70368115909514e-06,0.9038200378417969,9.616155,9.617853164672852
3574,123.80091595649719,0.9038547,0.9038230776786804,5.466732091008453e-06,0.9038200378417969,9.614527,9.617692232131958
3575,123.83747410774231,0.9038547,0.9038262963294983,6.843150458735181e-06,0.9038212299346924,9.614527,9.617370367050171
3576,123.86739087104797,0.903869,0.9038328528404236,8.92298612598097e-06,0.9038212299346924,9.613103,9.616714715957642
3577,123.90607452392578,0.9038718,0.9038405418395996,9.68000585999107e-06,0.9038341045379639,9.612823,9.615945816040039
3578,123.94243216514587,0.9038859,0.9038489460945129,1.2348541531537194e-05,0.9038352966308594,9.61141,9.615105390548706
3579,123.979243516922,0.9038859,0.903861403465271,1.021775278786663e-05,0.9038484692573547,9.61141,9.6138596534729
3580,124.0093641281128,0.9038859,0.903870165348053,8.752017492952291e-06,0.9038559198379517,9.61141,9.612983465194702
3581,124.03927302360535,0.9038859,0.9038767218589783,6.841551112302113e-06,0.9038701057434082,9.61141,9.612327814102173
3582,124.07005858421326,0.9038859,0.9038823843002319,5.146874173078686e-06,0.9038717746734619,9.61141,9.611761569976807
3583,124.10058236122131,0.9038859,0.9038854837417603,5.559551254918915e-07,0.903884768486023,9.61141,9.611451625823975
3584,124.13149976730347,0.9038859,0.9038858413696289,5.960464477539063e-08,0.9038859009742737,9.61141,9.61141586303711
3585,124.16144061088562,0.9038859,0.9038858413696289,5.960464477539063e-08,0.9038859009742737,9.61141,9.61141586303711
3586,124.19107866287231,0.90388596,0.9038858413696289,5.999635277476045e-08,0.9038859009742737,9.611404,9.61141586303711
3587,124.2294135093689,0.9039034,0.9038860201835632,1.1599646541071706e-06,0.9038859009742737,9.609657,9.611397981643677
3588,124.26455497741699,0.9039034,0.9038862586021423,2.5690353595564375e-06,0.9038859009742737,9.609657,9.611374139785767
3589,124.29544854164124,0.9039034,0.9038872122764587,4.668647761718603e-06,0.9038859009742737,9.609657,9.611278772354126
3590,124.32465171813965,0.9039034,0.9038891196250916,6.827312972745858e-06,0.9038859009742737,9.609657,9.611088037490845
3591,124.35480284690857,0.9039055,0.9038926362991333,8.533278560207691e-06,0.9038859009742737,9.609449,9.61073637008667
3592,124.39221358299255,0.9039056,0.9039003252983093,6.5592234932410065e-06,0.9038859605789185,9.609443,9.609967470169067
3593,124.42991399765015,0.9039056,0.9039034247398376,5.97688256220863e-07,0.9039034247398376,9.609443,9.609657526016235
3594,124.46113443374634,0.9039056,0.9039035439491272,8.437655765192176e-07,0.9039034247398376,9.609443,9.60964560508728
3595,124.49124360084534,0.9039056,0.9039040803909302,1.0366621836510603e-06,0.9039034247398376,9.609443,9.609591960906982
3596,124.5219247341156,0.9039056,0.9039049744606018,8.926625127969601e-07,0.9039034247398376,9.609443,9.60950255393982
3597,124.55174350738525,0.9039056,0.9039056897163391,1.5189837654361327e-07,0.9039055109024048,9.609443,9.609431028366089
3598,124.58066439628601,0.9039056,0.9039056897163391,1.195363381611969e-07,0.9039055109024048,9.609443,9.609431028366089
3599,124.60883855819702,0.9039056,0.9039056897163391,1.1920928955078125e-07,0.9039055705070496,9.609443,9.609431028366089
3600,124.63869214057922,0.90390706,0.9039056897163391,1.496977830584001e-07,0.9039055705070496,9.609294,9.609431028366089
3601,124.67406964302063,0.90390706,0.9039056897163391,2.1680666861811915e-07,0.9039055705070496,9.609294,9.609431028366089
3602,124.70367503166199,0.9039174,0.9039058685302734,8.790710808170843e-07,0.9039055705070496,9.608263,9.609413146972656
3603,124.73946976661682,0.9039174,0.9039062261581421,2.068951289402321e-06,0.9039055705070496,9.608263,9.609377384185791
3604,124.76820969581604,0.9039174,0.9039072394371033,3.5045056847593514e-06,0.9039055705070496,9.608263,9.609276056289673
3605,124.79663681983948,0.9039174,0.9039092063903809,4.6689096961927135e-06,0.9039055705070496,9.608263,9.609079360961914
3606,124.82484030723572,0.9039174,0.9039127826690674,4.828131295653293e-06,0.9039075970649719,9.608263,9.608721733093262
3607,124.85600185394287,0.90391845,0.9039173722267151,1.7604145341465482e-07,0.9039168357849121,9.608155,9.608262777328491
3608,124.89278388023376,0.90391845,0.9039173722267151,1.232033639553265e-07,0.9039173722267151,9.608155,9.608262777328491
3609,124.92213106155396,0.90393424,0.9039177298545837,1.9373208033357514e-06,0.9039173722267151,9.606576,9.608227014541626
3610,124.95914220809937,0.90393424,0.903918445110321,3.37198412125872e-06,0.9039173722267151,9.606576,9.608155488967896
3611,124.98851943016052,0.90393424,0.90392005443573,5.095702363178134e-06,0.9039173722267151,9.606576,9.607994556427002
3612,125.01940321922302,0.9039451,0.9039235711097717,6.454451067838818e-06,0.9039173722267151,9.605492,9.607642889022827
3613,125.0546407699585,0.9039451,0.9039302468299866,4.262481525074691e-06,0.9039244651794434,9.605492,9.606975317001343
3614,125.08405613899231,0.9039451,0.9039332270622253,5.8566588450048584e-06,0.9039282202720642,9.605492,9.606677293777466
3615,125.11351156234741,0.9039451,0.9039380550384521,5.1201368478359655e-06,0.9039342403411865,9.605492,9.606194496154785
3616,125.14189004898071,0.90397036,0.9039421081542969,5.159029569767881e-06,0.9039342403411865,9.602964,9.605789184570312
3617,125.17830204963684,0.90397036,0.9039456248283386,3.705273456944269e-06,0.9039450883865356,9.602964,9.605437517166138
3618,125.20829939842224,0.9039812,0.9039474129676819,7.800977073202375e-06,0.9039450883865356,9.601879,9.605258703231812
3619,125.24304842948914,0.9039812,0.9039500951766968,1.0985960216203239e-05,0.9039450883865356,9.601879,9.604990482330322
3620,125.27285766601562,0.9039812,0.9039551615715027,1.3953407687949948e-05,0.9039450883865356,9.601879,9.604483842849731
3621,125.30146670341492,0.9039812,0.9039657711982727,1.332633473793976e-05,0.9039450883865356,9.601879,9.60342288017273
3622,125.3317244052887,0.9039812,0.9039766788482666,5.5480368246207945e-06,0.9039688110351562,9.601879,9.60233211517334
3623,125.36063385009766,0.9039812,0.9039812088012695,0.0,0.9039812088012695,9.601879,9.601879119873047
3624,125.3893141746521,0.9039812,0.9039812088012695,0.0,0.9039812088012695,9.601879,9.601879119873047
3625,125.41767859458923,0.9039812,0.9039812088012695,0.0,0.9039812088012695,9.601879,9.601879119873047
3626,125.4460039138794,0.9040795,0.903981626033783,6.50211404717993e-06,0.9039812088012695,9.592051,9.601837396621704
3627,125.48147344589233,0.9040795,0.9039825797080994,1.1212380741199013e-05,0.9039812088012695,9.592051,9.601742029190063
3628,125.51083517074585,0.9040795,0.9039865732192993,2.2395975975086913e-05,0.9039812088012695,9.592051,9.601342678070068
3629,125.5395519733429,0.9040795,0.9039953351020813,3.405388997634873e-05,0.9039812088012695,9.592051,9.60046648979187
3630,125.56936478614807,0.9040795,0.9040111303329468,4.384787825983949e-05,0.9039812088012695,9.592051,9.598886966705322
3631,125.59866118431091,0.9040795,0.9040414690971375,4.486317266128026e-05,0.9039812088012695,9.592051,9.595853090286255
3632,125.62847065925598,0.9040795,0.9040793180465698,1.8817714817487285e-06,0.9040636420249939,9.592051,9.592068195343018
3633,125.6578722000122,0.90408087,0.9040795564651489,1.0533469207985036e-07,0.9040794968605042,9.591913,9.592044353485107
3634,125.69362211227417,0.90408087,0.9040795564651489,1.3652136487962707e-07,0.9040794968605042,9.591913,9.592044353485107
3635,125.72368264198303,0.90408087,0.9040795564651489,2.527729918710975e-07,0.9040794968605042,9.591913,9.592044353485107
3636,125.7525360584259,0.90408087,0.9040796756744385,4.078063682300126e-07,0.9040794968605042,9.591913,9.592032432556152
3637,125.782479763031,0.90408087,0.9040798544883728,5.617533815893694e-07,0.9040794968605042,9.591913,9.59201455116272
3638,125.81019520759583,0.90408087,0.9040802121162415,6.892093438182201e-07,0.9040794968605042,9.591913,9.591978788375854
3639,125.83929324150085,0.90408087,0.9040809273719788,4.63510048120952e-07,0.9040794968605042,9.591913,9.591907262802124
3640,125.87157940864563,0.90408087,0.9040811061859131,2.384185791015625e-07,0.904080867767334,9.591913,9.591889381408691
3641,125.90171647071838,0.904081,0.9040811061859131,2.3802525106475514e-07,0.904080867767334,9.591902,9.591889381408691
3642,125.94982957839966,0.90408164,0.9040811061859131,2.3858228814788163e-07,0.904080867767334,9.591836,9.591889381408691
3643,125.99391102790833,0.90408164,0.9040811061859131,2.3910533286652935e-07,0.904080867767334,9.591836,9.591889381408691
3644,126.02694058418274,0.90408164,0.9040811657905579,2.9926513889222406e-07,0.904080867767334,9.591836,9.591883420944214
3645,126.05577230453491,0.90408164,0.9040811657905579,3.0627970204477606e-07,0.904080867767334,9.591836,9.591883420944214
3646,126.08535695075989,0.9040853,0.9040812849998474,4.4253420128370635e-07,0.904080867767334,9.591473,9.591871500015259
3647,126.12156248092651,0.9040853,0.9040814638137817,4.906937078885676e-07,0.9040809869766235,9.591473,9.591853618621826
3648,126.15072250366211,0.90411264,0.9040820002555847,2.9494535738194827e-06,0.9040816426277161,9.588737,9.591799974441528
3649,126.18649673461914,0.9041134,0.9040839672088623,7.971016202645842e-06,0.9040816426277161,9.588659,9.59160327911377
3650,126.22579598426819,0.9041135,0.9040873646736145,1.1782086403400172e-05,0.9040817022323608,9.588653,9.59126353263855
3651,126.26264452934265,0.9041135,0.9040944576263428,1.5035405340313446e-05,0.9040817022323608,9.588653,9.590554237365723
3652,126.29327821731567,0.9041135,0.9041077494621277,1.0985579137923196e-05,0.9040817022323608,9.588653,9.589225053787231
3653,126.32551074028015,0.9041135,0.9041134715080261,8.928680728104155e-08,0.9041127562522888,9.588653,9.588652849197388
3654,126.35458993911743,0.9041135,0.9041134715080261,3.364793599303084e-08,0.9041134119033813,9.588653,9.588652849197388
3655,126.38371062278748,0.9041135,0.9041135907173157,1.1920928955078125e-07,0.9041134715080261,9.588653,9.588640928268433
3656,126.41298031806946,0.9041142,0.9041135907173157,1.2533962490124395e-07,0.9041134715080261,9.588581,9.588640928268433
3657,126.45021319389343,0.9041142,0.9041135907173157,1.3118379627030663e-07,0.9041134715080261,9.588581,9.588640928268433
3658,126.48034834861755,0.9041142,0.9041136503219604,1.967757015108873e-07,0.9041134715080261,9.588581,9.588634967803955
3659,126.50939226150513,0.9041142,0.9041136503219604,2.222661521500413e-07,0.9041134715080261,9.588581,9.588634967803955
3660,126.54090142250061,0.9041142,0.9041136503219604,2.670722096809186e-07,0.9041134715080261,9.588581,9.588634967803955
3661,126.5716392993927,0.9041142,0.90411376953125,3.391950258446741e-07,0.9041134715080261,9.588581,9.588623046875
3662,126.60165691375732,0.9041196,0.9041138887405396,5.127309350427822e-07,0.9041134715080261,9.588039,9.588611125946045
3663,126.63859629631042,0.9041196,0.9041141867637634,7.415402478727628e-07,0.9041141867637634,9.588039,9.588581323623657
3664,126.66855239868164,0.9041196,0.9041143655776978,1.2765985957230441e-06,0.9041141867637634,9.588039,9.588563442230225
3665,126.6974949836731,0.9041196,0.9041147232055664,1.7674881291895872e-06,0.9041141867637634,9.588039,9.58852767944336
3666,126.72718620300293,0.90412796,0.9041155576705933,2.5088411348406225e-06,0.9041141867637634,9.587204,9.588444232940674
3667,126.76498746871948,0.90412796,0.9041173458099365,3.0629437333118403e-06,0.9041141867637634,9.587204,9.588265419006348
3668,126.79434728622437,0.90412796,0.9041202068328857,2.1792886855109828e-06,0.904119610786438,9.587204,9.587979316711426
3669,126.82353973388672,0.90412796,0.9041210412979126,3.0858241188980173e-06,0.904119610786438,9.587204,9.58789587020874
3670,126.85400915145874,0.90412796,0.9041227102279663,3.961402853747131e-06,0.904119610786438,9.587204,9.58772897720337
3671,126.8841872215271,0.90412796,0.9041255712509155,3.623675638664281e-06,0.904119610786438,9.587204,9.587442874908447
3672,126.91392922401428,0.90412796,0.9041280150413513,5.960464477539063e-08,0.9041279554367065,9.587204,9.587198495864868
3673,126.94395446777344,0.90412796,0.9041280150413513,5.960464477539063e-08,0.9041279554367065,9.587204,9.587198495864868
3674,126.97446584701538,0.90412796,0.9041280150413513,5.960464477539063e-08,0.9041279554367065,9.587204,9.587198495864868
3675,127.00402617454529,0.90412796,0.9041280150413513,5.960464477539063e-08,0.9041279554367065,9.587204,9.587198495864868
3676,127.0334632396698,0.90412796,0.9041280150413513,5.960464477539063e-08,0.9041279554367065,9.587204,9.587198495864868
3677,127.06197142601013,0.90413326,0.9041280746459961,3.637971133230167e-07,0.9041279554367065,9.586674,9.58719253540039
3678,127.09837651252747,0.90414274,0.9041282534599304,1.3106857750244671e-06,0.9041279554367065,9.585726,9.587174654006958
3679,127.13885617256165,0.90414274,0.9041286706924438,2.29826764552854e-06,0.9041279554367065,9.585726,9.587132930755615
3680,127.1696548461914,0.90414274,0.9041296243667603,3.6841231576545397e-06,0.9041279554367065,9.585726,9.587037563323975
3681,127.19924187660217,0.90415597,0.9041313529014587,5.1270176300022285e-06,0.9041279554367065,9.584403,9.586864709854126
3682,127.23680114746094,0.90415597,0.90413498878479,5.9620747379085515e-06,0.9041279554367065,9.584403,9.586501121520996
3683,127.26625490188599,0.90415967,0.9041392803192139,6.521078830701299e-06,0.9041332602500916,9.584034,9.586071968078613
3684,127.30264830589294,0.90416384,0.9041458368301392,4.9655632210487965e-06,0.9041355848312378,9.583616,9.585416316986084
3685,127.33933782577515,0.9041649,0.9041505455970764,5.713322934752796e-06,0.9041458964347839,9.583509,9.584945440292358
3686,127.37633156776428,0.9041709,0.9041555523872375,5.438504558696877e-06,0.9041470289230347,9.582912,9.584444761276245
3687,127.41334652900696,0.9041724,0.9041609764099121,3.2619279863865813e-06,0.904155969619751,9.582758,9.583902359008789
3688,127.44886589050293,0.9041724,0.9041634798049927,3.5187129014957463e-06,0.904159665107727,9.582758,9.583652019500732
3689,127.4783570766449,0.9041759,0.9041663408279419,3.1351123652711976e-06,0.9041638374328613,9.582413,9.58336591720581
3690,127.51417088508606,0.9041786,0.9041689038276672,3.154314299536054e-06,0.9041649103164673,9.582138,9.583109617233276
3691,127.55097699165344,0.9041786,0.9041719436645508,1.8075895695801592e-06,0.9041673541069031,9.582138,9.582805633544922
3692,127.58152103424072,0.90418273,0.9041736721992493,2.397430762357544e-06,0.9041720032691956,9.581727,9.582632780075073
3693,127.61939263343811,0.90418386,0.9041752219200134,3.4853835586545756e-06,0.904172420501709,9.581614,9.582477807998657
3694,127.65459728240967,0.9041889,0.9041779637336731,3.7441038784891134e-06,0.9041735529899597,9.581113,9.58220362663269
3695,127.69114661216736,0.9041889,0.9041813611984253,2.4576338546467014e-06,0.9041786193847656,9.581113,9.58186388015747
3696,127.72105622291565,0.90419,0.9041838049888611,1.9499552763591055e-06,0.9041823148727417,9.580999,9.581619501113892
3697,127.75614809989929,0.90419,0.9041853547096252,2.427331310173031e-06,0.9041827321052551,9.580999,9.581464529037476
3698,127.7855851650238,0.90419,0.9041872620582581,2.115384177159285e-06,0.9041838645935059,9.580999,9.581273794174194
3699,127.81459522247314,0.90419304,0.9041892886161804,7.102987638063496e-07,0.9041873216629028,9.580696,9.581071138381958
3700,127.85205483436584,0.9042136,0.9041897654533386,1.7575913489054074e-06,0.904188871383667,9.578639,9.581023454666138
3701,127.88918662071228,0.9042136,0.9041905403137207,3.1555889563605888e-06,0.9041900038719177,9.578639,9.58094596862793
3702,127.91844320297241,0.90421474,0.9041915535926819,5.336004505807068e-06,0.9041900038719177,9.578526,9.580844640731812
3703,127.95583462715149,0.90422004,0.9041939377784729,8.147612788889091e-06,0.9041900038719177,9.577995,9.58060622215271
3704,127.99331188201904,0.9042231,0.9041988849639893,1.0945537724182941e-05,0.9041900038719177,9.577692,9.580111503601074
3705,128.029212474823,0.9042242,0.9042081832885742,1.1244869710935745e-05,0.9041930437088013,9.577579,9.579181671142578
3706,128.06543564796448,0.9042242,0.904218316078186,3.681496309582144e-06,0.9042136073112488,9.577579,9.578168392181396
3707,128.0946614742279,0.9042242,0.9042213559150696,2.140933020200464e-06,0.9042189121246338,9.577579,9.577864408493042
3708,128.12403202056885,0.9042242,0.9042232036590576,1.3585973874796764e-06,0.9042200446128845,9.577579,9.577679634094238
3709,128.15387415885925,0.9042347,0.9042242765426636,6.941087917766708e-07,0.9042242169380188,9.5765295,9.577572345733643
3710,128.19059491157532,0.9042606,0.9042245745658875,2.679245426406851e-06,0.9042242169380188,9.573942,9.577542543411255
3711,128.2297465801239,0.9042606,0.90422523021698,5.068829068477498e-06,0.9042242169380188,9.573942,9.577476978302002
3712,128.25982928276062,0.9042606,0.9042271375656128,8.922671440814156e-06,0.9042242169380188,9.573942,9.57728624343872
3713,128.28877592086792,0.9042606,0.9042309522628784,1.271227029064903e-05,0.9042242169380188,9.573942,9.576904773712158
3714,128.31929063796997,0.9042709,0.9042389392852783,1.589213752595242e-05,0.9042242169380188,9.572911,9.576106071472168
3715,128.3574390411377,0.9042709,0.9042524099349976,1.2504833648563363e-05,0.9042347073554993,9.572911,9.574759006500244
3716,128.38692665100098,0.9042709,0.904262125492096,3.61000911652809e-06,0.9042605757713318,9.572911,9.573787450790405
3717,128.41707634925842,0.904271,0.9042640328407288,4.6861391638231e-06,0.9042605757713318,9.572899,9.573596715927124
3718,128.4541573524475,0.90430593,0.9042681455612183,5.651142600981984e-06,0.9042605757713318,9.5694065,9.573185443878174
3719,128.4906303882599,0.9043146,0.9042726755142212,7.384922355413437e-06,0.9042708873748779,9.5685425,9.57273244857788
3720,128.52779841423035,0.904316,0.9042761921882629,1.3267675058159512e-05,0.9042708873748779,9.568399,9.572380781173706
3721,128.5638291835785,0.90435106,0.9042823910713196,1.8476754121365957e-05,0.9042708873748779,9.564895,9.571760892868042
3722,128.60046696662903,0.9043597,0.904295802116394,2.3510139726568013e-05,0.9042708873748779,9.56403,9.570419788360596
3723,128.63812351226807,0.90436083,0.9043182134628296,1.5517485735472292e-05,0.9043059349060059,9.563917,9.568178653717041
3724,128.67855286598206,0.90436083,0.9043301939964294,1.918149609991815e-05,0.904315710067749,9.563917,9.566980600357056
3725,128.70844769477844,0.90436083,0.9043468832969666,1.7246868083020672e-05,0.9043160080909729,9.563917,9.565311670303345
3726,128.7386269569397,0.90436107,0.9043592810630798,2.372065409872448e-06,0.9043512940406799,9.563893,9.564071893692017
3727,128.77370882034302,0.90436125,0.9043603539466858,5.607168986898614e-07,0.9043596982955933,9.563875,9.563964605331421
3728,128.81156396865845,0.90436125,0.9043608903884888,9.127600009151138e-08,0.904360830783844,9.563875,9.563910961151123
3729,128.84245705604553,0.90436125,0.9043608903884888,1.2802082949292526e-07,0.904360830783844,9.563875,9.563910961151123
3730,128.8725802898407,0.9043748,0.9043610095977783,9.303034289587231e-07,0.904360830783844,9.562522,9.563899040222168
3731,128.91031050682068,0.90437496,0.9043613076210022,2.0195932393107796e-06,0.904360830783844,9.562504,9.56386923789978
3732,128.94697761535645,0.90437496,0.9043620824813843,3.216774985048687e-06,0.9043610692024231,9.562504,9.563791751861572
3733,128.97753047943115,0.90437764,0.9043633937835693,4.8489528126083314e-06,0.9043612480163574,9.562236,9.563660621643066
3734,129.0147044658661,0.9043799,0.9043660759925842,6.482590833911672e-06,0.9043614268302917,9.56201,9.563392400741577
3735,129.05058932304382,0.90438014,0.9043712019920349,6.361708074109629e-06,0.9043614268302917,9.561986,9.562879800796509
3736,129.08655166625977,0.90438825,0.9043756127357483,1.7083034435927402e-06,0.9043749570846558,9.561175,9.562438726425171
3737,129.1231484413147,0.9043951,0.9043770432472229,3.8605639929301105e-06,0.9043751955032349,9.56049,9.56229567527771
3738,129.1624162197113,0.90439534,0.9043797850608826,5.710870482289465e-06,0.9043753743171692,9.560466,9.562021493911743
3739,129.20024871826172,0.90439534,0.9043849110603333,5.5768032325431705e-06,0.9043776392936707,9.560466,9.561508893966675
3740,129.23004603385925,0.90439534,0.9043899774551392,3.6554397411237005e-06,0.9043822288513184,9.560466,9.561002254486084
3741,129.25933718681335,0.90440553,0.904393196105957,2.855712409655098e-06,0.9043882489204407,9.559446,9.560680389404297
3742,129.29650473594666,0.90440553,0.9043952822685242,2.069273932647775e-06,0.90439373254776,9.559446,9.560471773147583
3743,129.3254599571228,0.90440714,0.9043963551521301,3.1555257464788156e-06,0.9043951034545898,9.559286,9.560364484786987
3744,129.36306238174438,0.90440714,0.90439772605896,4.335673565947218e-06,0.904395341873169,9.559286,9.560227394104004
3745,129.39090847969055,0.90440714,0.904400646686554,5.1965903367090505e-06,0.904395341873169,9.559286,9.559935331344604
3746,129.4189691543579,0.90440714,0.9044056534767151,2.1199873572186334e-06,0.9044002890586853,9.559286,9.559434652328491
3747,129.44802570343018,0.90440816,0.9044070839881897,1.1615723849445203e-07,0.9044067859649658,9.559184,9.55929160118103
3748,129.48544430732727,0.90440977,0.9044072031974792,2.7058663931711635e-07,0.9044071435928345,9.559023,9.559279680252075
3749,129.5221335887909,0.90440977,0.9044073224067688,5.790088266621751e-07,0.9044071435928345,9.559023,9.55926775932312
3750,129.55200815200806,0.90440977,0.9044075608253479,8.83311031429912e-07,0.9044071435928345,9.559023,9.55924391746521
3751,129.58133125305176,0.90440977,0.9044079184532166,1.143224153565825e-06,0.9044071435928345,9.559023,9.559208154678345
3752,129.61083936691284,0.90441006,0.9044087529182434,1.171168833025149e-06,0.9044071435928345,9.558993,9.55912470817566
3753,129.64872288703918,0.90441006,0.9044097065925598,7.205849783531448e-08,0.9044097661972046,9.558993,9.559029340744019
3754,129.6771159172058,0.9044127,0.9044097065925598,2.1918854997693415e-07,0.9044097661972046,9.558731,9.559029340744019
3755,129.71475863456726,0.9044127,0.9044098258018494,5.09530536874081e-07,0.9044097661972046,9.558731,9.559017419815063
3756,129.74610233306885,0.9044127,0.9044100642204285,9.143070656136842e-07,0.9044097661972046,9.558731,9.558993577957153
3757,129.7772033214569,0.9044127,0.9044105410575867,1.251351250175503e-06,0.9044097661972046,9.558731,9.558945894241333
3758,129.80716252326965,0.9044127,0.9044115543365479,1.2954959629496443e-06,0.9044100642204285,9.558731,9.558844566345215
3759,129.83964896202087,0.9044146,0.9044125080108643,2.2575179059458605e-07,0.9044126868247986,9.55854,9.558749198913574
3760,129.87901186943054,0.9044146,0.9044125080108643,3.2853040465852246e-07,0.9044126868247986,9.55854,9.558749198913574
3761,129.9088852405548,0.9044729,0.9044129252433777,4.024428562843241e-06,0.9044126868247986,9.5527115,9.558707475662231
3762,129.94573211669922,0.90450513,0.9044147729873657,1.153835364675615e-05,0.9044126868247986,9.549486,9.558522701263428
3763,129.98475646972656,0.90450513,0.9044185280799866,1.956824416993186e-05,0.9044126868247986,9.549486,9.558147192001343
3764,130.01425004005432,0.90450513,0.9044264554977417,2.8781192668247968e-05,0.9044126868247986,9.549486,9.55735445022583
3765,130.0439190864563,0.90451187,0.9044438004493713,3.788522371905856e-05,0.9044145941734314,9.548813,9.555619955062866
3766,130.08073663711548,0.9045138,0.9044745564460754,3.404923336347565e-05,0.9044145941734314,9.548622,9.552544355392456
3767,130.1160032749176,0.9045138,0.90450119972229,1.0230653060716577e-05,0.9044805765151978,9.548622,9.549880027770996
3768,130.14544486999512,0.9045138,0.9045073390007019,2.8478777949203504e-06,0.9045051336288452,9.548622,9.54926609992981
3769,130.17454838752747,0.9045138,0.9045094847679138,2.9304560484888498e-06,0.9045071005821228,9.548622,9.549051523208618
3770,130.20393824577332,0.9045138,0.9045120477676392,2.323198486919864e-06,0.9045071005821228,9.548622,9.548795223236084
3771,130.23320960998535,0.90451515,0.9045136570930481,2.5039875595211925e-07,0.9045137763023376,9.548485,9.54863429069519
3772,130.27035284042358,0.90451515,0.9045136570930481,3.934819403639267e-07,0.9045137763023376,9.548485,9.54863429069519
3773,130.2994749546051,0.90451515,0.9045137763023376,5.299766030475439e-07,0.9045137763023376,9.548485,9.548622369766235
3774,130.32958793640137,0.90451515,0.9045140743255615,6.501318239315879e-07,0.9045137763023376,9.548485,9.548592567443848
3775,130.3585765361786,0.90451515,0.9045146107673645,6.561570558005769e-07,0.9045137763023376,9.548485,9.54853892326355
3776,130.3874866962433,0.90451545,0.904515266418457,1.195363381611969e-07,0.9045151472091675,9.548455,9.548473358154297
3777,130.42433905601501,0.90451545,0.904515266418457,1.2018776374134177e-07,0.9045151472091675,9.548455,9.548473358154297
3778,130.45614528656006,0.90463436,0.90451580286026,7.886866114859004e-06,0.9045151472091675,9.536564,9.548419713973999
3779,130.49370765686035,0.90466577,0.9045169949531555,1.4883109543006867e-05,0.9045151472091675,9.533423,9.548300504684448
3780,130.5316264629364,0.90477383,0.9045233130455017,3.367058525327593e-05,0.9045151472091675,9.522617,9.547668695449829
3781,130.5706913471222,0.9047755,0.9045388698577881,6.340390245895833e-05,0.9045151472091675,9.5224495,9.546113014221191
3782,130.60786080360413,0.9047755,0.9045714735984802,9.447020420338959e-05,0.9045154452323914,9.5224495,9.542852640151978
3783,130.63711142539978,0.9047755,0.9046406745910645,0.0001130709788412787,0.9045168161392212,9.5224495,9.535932540893555
3784,130.66601872444153,0.9047755,0.9047448039054871,4.779562004841864e-05,0.9046657681465149,9.5224495,9.525519609451294
3785,130.69461178779602,0.9047755,0.9047753214836121,5.483043423737399e-07,0.9047741293907166,9.5224495,9.522467851638794
3786,130.72383880615234,0.90477574,0.9047756195068359,1.1920928955078125e-07,0.9047755002975464,9.522427,9.522438049316406
3787,130.75997734069824,0.90477574,0.9047756195068359,1.1920928955078125e-07,0.9047755002975464,9.522427,9.522438049316406
3788,130.78744888305664,0.90477574,0.9047756195068359,1.1920928955078125e-07,0.9047755002975464,9.522427,9.522438049316406
3789,130.81770420074463,0.90477574,0.9047756195068359,1.1920928955078125e-07,0.9047755002975464,9.522427,9.522438049316406
3790,130.84884476661682,0.90477574,0.9047756195068359,1.1920928955078125e-07,0.9047755002975464,9.522427,9.522438049316406
3791,130.87878322601318,0.90477574,0.9047756195068359,1.1920928955078125e-07,0.9047755002975464,9.522427,9.522438049316406
3792,130.90911960601807,0.90477574,0.9047757387161255,6.98018141065404e-08,0.9047755002975464,9.522427,9.522426128387451
3793,130.93852424621582,0.90477574,0.9047757387161255,0.0,0.9047757387161255,9.522427,9.522426128387451
3794,130.9672145843506,0.90477574,0.9047757387161255,0.0,0.9047757387161255,9.522427,9.522426128387451
3795,130.9957320690155,0.90477574,0.9047757387161255,0.0,0.9047757387161255,9.522427,9.522426128387451
3796,131.0254945755005,0.90479255,0.904775857925415,1.1128648793601315e-06,0.9047757387161255,9.520745,9.522414207458496
3797,131.06301975250244,0.90479255,0.9047759771347046,1.91749040823197e-06,0.9047757387161255,9.520745,9.522402286529541
3798,131.0924367904663,0.90479255,0.9047766923904419,3.904513505403884e-06,0.9047757387161255,9.520745,9.52233076095581
3799,131.12174248695374,0.90479255,0.9047778248786926,5.522360879695043e-06,0.9047757387161255,9.520745,9.522217512130737
3800,131.15036296844482,0.90479255,0.9047802686691284,7.395270131382858e-06,0.9047757387161255,9.520745,9.521973133087158
3801,131.18010306358337,0.90479255,0.9047850966453552,8.310506018460728e-06,0.9047757387161255,9.520745,9.521490335464478
3802,131.20930767059326,0.90479255,0.9047926664352417,1.1920928955078125e-07,0.9047925472259521,9.520745,9.52073335647583
3803,131.2385470867157,0.90479255,0.9047926664352417,1.1920928955078125e-07,0.9047925472259521,9.520745,9.52073335647583
3804,131.26899695396423,0.90479255,0.9047926664352417,1.1920928955078125e-07,0.9047925472259521,9.520745,9.52073335647583
3805,131.29875874519348,0.90480745,0.9047927260398865,9.922550816554576e-07,0.9047925472259521,9.519255,9.520727396011353
3806,131.33535528182983,0.90480745,0.904792845249176,1.7028670526997303e-06,0.9047925472259521,9.519255,9.520715475082397
3807,131.36511850357056,0.90480745,0.9047935009002686,3.39825191986165e-06,0.9047925472259521,9.519255,9.520649909973145
3808,131.3949224948883,0.90480745,0.9047945737838745,4.867538336839061e-06,0.9047925472259521,9.519255,9.520542621612549
3809,131.42420148849487,0.9048145,0.9047964811325073,6.580893568752799e-06,0.9047925472259521,9.518552,9.520351886749268
3810,131.46029615402222,0.9048145,0.9048005938529968,7.516713139921194e-06,0.9047925472259521,9.518552,9.519940614700317
3811,131.48870253562927,0.9048145,0.9048078060150146,1.6918934306886513e-06,0.904807448387146,9.518552,9.519219398498535
3812,131.51909756660461,0.9048145,0.9048084020614624,2.5095071123359958e-06,0.904807448387146,9.518552,9.51915979385376
3813,131.54792141914368,0.9048145,0.9048097133636475,3.281561021140078e-06,0.904807448387146,9.518552,9.519028663635254
3814,131.5772476196289,0.9048145,0.9048120975494385,3.3311641800537473e-06,0.904807448387146,9.518552,9.518790245056152
3815,131.60614705085754,0.9048221,0.9048146605491638,5.265548566057987e-07,0.9048144817352295,9.517789,9.518533945083618
3816,131.64252161979675,0.9048221,0.9048147797584534,1.0166178299186868e-06,0.9048144817352295,9.517789,9.518522024154663
3817,131.67202758789062,0.90482914,0.9048151969909668,2.0150009731878527e-06,0.9048144817352295,9.517086,9.51848030090332
3818,131.7092866897583,0.90482914,0.9048160314559937,3.329763558213017e-06,0.9048144817352295,9.517086,9.518396854400635
3819,131.73883080482483,0.90482914,0.9048178791999817,4.890252057521138e-06,0.9048144817352295,9.517086,9.518212080001831
3820,131.76732850074768,0.9048363,0.9048216938972473,5.379315098252846e-06,0.9048144817352295,9.516371,9.517830610275269
3821,131.8044888973236,0.9048434,0.9048259854316711,3.986078354500933e-06,0.9048221111297607,9.515661,9.517401456832886
3822,131.84160661697388,0.9048434,0.9048298001289368,2.5966799057641765e-06,0.9048291444778442,9.515661,9.517019987106323
3823,131.87149024009705,0.90484416,0.9048311710357666,4.379181973490631e-06,0.9048291444778442,9.515583,9.51688289642334
3824,131.9092206954956,0.90484416,0.9048332571983337,5.806956323795021e-06,0.9048291444778442,9.515583,9.516674280166626
3825,131.93804812431335,0.90484416,0.9048382639884949,5.545411113416776e-06,0.9048291444778442,9.515583,9.516173601150513
3826,131.9656114578247,0.9048476,0.9048435688018799,4.261481194589578e-07,0.9048433303833008,9.515238,9.515643119812012
3827,132.0019690990448,0.90485346,0.9048438668251038,9.520641128801799e-07,0.9048433303833008,9.514654,9.515613317489624
3828,132.03845047950745,0.9048544,0.9048444628715515,1.7595095869182842e-06,0.9048433899879456,9.514559,9.515553712844849
3829,132.07425618171692,0.904857,0.9048455357551575,2.8452595870476216e-06,0.9048441648483276,9.514302,9.515446424484253
3830,132.111088514328,0.904857,0.9048470258712769,3.929741978936363e-06,0.9048441648483276,9.514302,9.515297412872314
3831,132.14123344421387,0.90485847,0.9048500061035156,4.102661023352994e-06,0.9048441648483276,9.514153,9.514999389648438
3832,132.18020272254944,0.90485847,0.9048538208007812,2.774616405076813e-06,0.9048476219177246,9.514153,9.514617919921875
3833,132.2091190814972,0.90485924,0.9048557281494141,1.6412373042840045e-06,0.904854416847229,9.514075,9.514427185058594
3834,132.24528574943542,0.904862,0.9048569202423096,1.5680205933676916e-06,0.904854416847229,9.513802,9.514307975769043
3835,132.28218960762024,0.904862,0.9048583507537842,7.34844775251986e-07,0.9048578143119812,9.513802,9.514164924621582
3836,132.31194829940796,0.90486336,0.9048590660095215,9.48983654325275e-07,0.904857873916626,9.513664,9.514093399047852
3837,132.34862971305847,0.9048742,0.9048599600791931,1.6030543292799848e-06,0.9048590660095215,9.512579,9.514003992080688
3838,132.38380074501038,0.9048742,0.9048608541488647,2.505508973627002e-06,0.9048592448234558,9.512579,9.513914585113525
3839,132.41406273841858,0.9048755,0.9048627018928528,3.313870138299535e-06,0.9048592448234558,9.512448,9.513729810714722
3840,132.45066475868225,0.904883,0.904865026473999,4.162543973507127e-06,0.9048619866371155,9.511698,9.513497352600098
3841,132.48780798912048,0.9048867,0.904867947101593,5.546205557038775e-06,0.9048633575439453,9.511328,9.513205289840698
3842,132.52537035942078,0.90489155,0.9048728346824646,5.763457920693327e-06,0.9048655033111572,9.510845,9.51271653175354
3843,132.56183862686157,0.9049041,0.9048786759376526,5.204222361498978e-06,0.9048711061477661,9.509587,9.512132406234741
3844,132.60043263435364,0.90490633,0.904883623123169,5.840482572239125e-06,0.9048769474029541,9.509367,9.511637687683105
3845,132.63862800598145,0.90491354,0.9048888087272644,7.397442914225394e-06,0.9048818349838257,9.508646,9.51111912727356
3846,132.67592906951904,0.90491843,0.9048940539360046,8.64498178998474e-06,0.9048858880996704,9.508157,9.510594606399536
3847,132.71345233917236,0.90491843,0.904902458190918,7.377819656539941e-06,0.9048915505409241,9.508157,9.509754180908203
3848,132.7659194469452,0.90491766,0.9013402462005615,0.0027604419738054276,0.8952093124389648,9.508234,9.865975379943848
3849,132.80320763587952,0.9049251,0.9037586450576782,0.0008649125229567289,0.9020905494689941,9.507489,9.624135494232178
3850,132.83931684494019,0.9049251,0.9045307636260986,0.0002897903905250132,0.9040544629096985,9.507489,9.546923637390137
3851,132.8705596923828,0.9049251,0.9047836661338806,0.00016116132610477507,0.9044967889785767,9.507489,9.521633386611938
3852,132.9004831314087,0.9049311,0.9049087762832642,1.4683579138363712e-05,0.9048733115196228,9.506887,9.509122371673584
3853,132.93826508522034,0.9049311,0.9049205183982849,4.6691020543221384e-06,0.9049127697944641,9.506887,9.507948160171509
3854,132.96913743019104,0.9049311,0.904924750328064,3.1895565371087287e-06,0.9049176573753357,9.506887,9.507524967193604
3855,132.9991238117218,0.90494764,0.9049270153045654,2.9709337923122803e-06,0.9049251079559326,9.505236,9.507298469543457
3856,133.03609037399292,0.90494764,0.9049288034439087,3.353604824951617e-06,0.9049251079559326,9.505236,9.50711965560913
3857,133.0669767856598,0.9049629,0.9049318432807922,3.7196921311988262e-06,0.9049311280250549,9.50371,9.506815671920776
3858,133.1052441596985,0.9049679,0.9049336314201355,7.939188435557298e-06,0.9049311280250549,9.50321,9.50663685798645
3859,133.14263772964478,0.9049679,0.9049368500709534,1.162872194981901e-05,0.9049311280250549,9.50321,9.506314992904663
3860,133.17339444160461,0.9049679,0.9049434661865234,1.4990578165452462e-05,0.9049311280250549,9.50321,9.505653381347656
3861,133.20360493659973,0.9049679,0.90495765209198,1.164859531854745e-05,0.9049311280250549,9.50321,9.504234790802002
3862,133.23435258865356,0.90499026,0.9049659967422485,3.904168352164561e-06,0.9049607515335083,9.500975,9.503400325775146
3863,133.27548050880432,0.90502226,0.9049690961837769,5.536241587833501e-06,0.9049679040908813,9.497774,9.503090381622314
3864,133.31226062774658,0.90502226,0.9049714207649231,9.981980838347226e-06,0.9049679040908813,9.497774,9.50285792350769
3865,133.34239602088928,0.90502226,0.9049755334854126,1.4504536920867395e-05,0.9049679040908813,9.497774,9.50244665145874
3866,133.37581300735474,0.90502226,0.9049848318099976,1.896331741590984e-05,0.9049679040908813,9.497774,9.501516819000244
3867,133.40647792816162,0.90504867,0.9050031304359436,1.7040867533069104e-05,0.9049850702285767,9.495133,9.49968695640564
3868,133.44383931159973,0.90504867,0.9050164818763733,1.7630776710575446e-05,0.9049922823905945,9.495133,9.498351812362671
3869,133.47393012046814,0.90504867,0.9050315618515015,1.0426256267237477e-05,0.9050222635269165,9.495133,9.496843814849854
3870,133.5039300918579,0.90504867,0.9050405621528625,7.59155136620393e-06,0.9050222635269165,9.495133,9.495943784713745
3871,133.53393030166626,0.90504885,0.9050458073616028,2.9914494916738477e-06,0.9050412178039551,9.495115,9.495419263839722
3872,133.57287454605103,0.90504885,0.9050479531288147,7.972158755364944e-07,0.9050470590591431,9.495115,9.49520468711853
3873,133.60383653640747,0.90504885,0.905048668384552,4.5915179214262025e-08,0.905048668384552,9.495115,9.4951331615448
3874,133.6332347393036,0.90504885,0.905048668384552,6.600723168048717e-08,0.905048668384552,9.495115,9.4951331615448
3875,133.66330075263977,0.90504885,0.905048668384552,1.0129128469316129e-07,0.905048668384552,9.495115,9.4951331615448
3876,133.6926305294037,0.9050814,0.9050487875938416,2.1637840745825088e-06,0.905048668384552,9.491861,9.495121240615845
3877,133.73133420944214,0.9050814,0.9050490260124207,3.0402479751501232e-06,0.9050488471984863,9.491861,9.495097398757935
3878,133.76192474365234,0.90508157,0.9050501585006714,6.681707418465521e-06,0.9050488471984863,9.491843,9.494984149932861
3879,133.7990598678589,0.90508157,0.9050527811050415,1.0618795386108104e-05,0.9050488471984863,9.491843,9.49472188949585
3880,133.8302092552185,0.90508157,0.9050576090812683,1.4354000086314045e-05,0.9050488471984863,9.491843,9.494239091873169
3881,133.86046433448792,0.9050821,0.9050678014755249,1.583868288435042e-05,0.9050488471984863,9.491789,9.49321985244751
3882,133.89815855026245,0.90508544,0.9050817489624023,5.867715913154825e-07,0.9050813913345337,9.491455,9.491825103759766
3883,133.93716025352478,0.90508544,0.9050819873809814,9.826833320403239e-07,0.905081570148468,9.491455,9.491801261901855
3884,133.96684646606445,0.90508544,0.9050823450088501,1.3283580528877792e-06,0.905081570148468,9.491455,9.49176549911499
3885,133.99701809883118,0.905086,0.9050829410552979,1.6342956996595603e-06,0.905081570148468,9.491402,9.491705894470215
3886,134.03530073165894,0.905086,0.9050841331481934,1.6963549569481984e-06,0.905082106590271,9.491402,9.491586685180664
3887,134.06559467315674,0.905086,0.9050856232643127,2.4924233343881497e-07,0.9050854444503784,9.491402,9.491437673568726
3888,134.0959918498993,0.905086,0.9050856828689575,2.676271151358378e-07,0.9050854444503784,9.491402,9.491431713104248
3889,134.12482261657715,0.905086,0.9050857424736023,2.384185791015625e-07,0.9050859808921814,9.491402,9.49142575263977
3890,134.15633821487427,0.905086,0.9050857424736023,2.384185791015625e-07,0.9050859808921814,9.491402,9.49142575263977
3891,134.18706464767456,0.905086,0.9050857424736023,2.384185791015625e-07,0.9050859808921814,9.491402,9.49142575263977
3892,134.21718049049377,0.905086,0.9050857424736023,2.384185791015625e-07,0.9050859808921814,9.491402,9.49142575263977
3893,134.24798560142517,0.905086,0.9050857424736023,2.384185791015625e-07,0.9050859808921814,9.491402,9.49142575263977
3894,134.28070855140686,0.905086,0.9050857424736023,2.384185791015625e-07,0.9050859808921814,9.491402,9.49142575263977
3895,134.31189489364624,0.9050878,0.9050857424736023,2.7517913281371875e-07,0.9050859808921814,9.491217,9.49142575263977
3896,134.34907865524292,0.9050878,0.9050857424736023,3.889011566116096e-07,0.9050859808921814,9.491217,9.49142575263977
3897,134.37911319732666,0.9050878,0.9050859212875366,4.682114536080917e-07,0.9050859808921814,9.491217,9.491407871246338
3898,134.4097044467926,0.9050878,0.9050860404968262,6.729064807586838e-07,0.9050859808921814,9.491217,9.491395950317383
3899,134.43900060653687,0.9050878,0.9050863981246948,8.63595175815135e-07,0.9050859808921814,9.491217,9.491360187530518
3900,134.4704830646515,0.9050878,0.9050869941711426,9.042125839187065e-07,0.9050859808921814,9.491217,9.491300582885742
3901,134.5005657672882,0.9050896,0.9050877690315247,1.3617777483432292e-07,0.9050878286361694,9.491038,9.491223096847534
3902,134.54004955291748,0.9050896,0.9050877690315247,2.5203055997735646e-07,0.9050878286361694,9.491038,9.491223096847534
3903,134.57063102722168,0.9050896,0.9050878882408142,4.828174269277952e-07,0.9050878286361694,9.491038,9.491211175918579
3904,134.600839138031,0.9050896,0.9050880670547485,6.773533414161648e-07,0.9050878286361694,9.491038,9.491193294525146
3905,134.63267540931702,0.9050896,0.9050883650779724,8.782090503700601e-07,0.9050878286361694,9.491038,9.491163492202759
3906,134.6650266647339,0.9050896,0.9050891399383545,7.45195620766026e-07,0.9050878286361694,9.491038,9.49108600616455
3907,134.694885969162,0.90509105,0.9050894975662231,1.5717832013706357e-07,0.9050896167755127,9.490895,9.491050243377686
3908,134.73392152786255,0.90509105,0.9050894975662231,2.370391030126484e-07,0.9050896167755127,9.490895,9.491050243377686
3909,134.7633888721466,0.90509105,0.9050894975662231,4.142745524404745e-07,0.9050896167755127,9.490895,9.491050243377686
3910,134.79365062713623,0.90509367,0.905089795589447,5.807794423162704e-07,0.9050896167755127,9.490633,9.491020441055298
3911,134.83356547355652,0.90509367,0.9050900340080261,8.216931064453092e-07,0.9050896167755127,9.490633,9.490996599197388
3912,134.86400365829468,0.9051602,0.9050910472869873,4.690241439675447e-06,0.9050896167755127,9.483981,9.49089527130127
3913,134.9028069972992,0.9051602,0.9050936698913574,1.1881073078257032e-05,0.9050910472869873,9.483981,9.490633010864258
3914,134.93202257156372,0.9051602,0.9050979614257812,1.9375378542463295e-05,0.9050910472869873,9.483981,9.490203857421875
3915,134.96308279037476,0.90516424,0.9051067233085632,2.728043546085246e-05,0.9050910472869873,9.483576,9.489327669143677
3916,135.00143337249756,0.90516424,0.9051217436790466,3.248369466746226e-05,0.9050936698913574,9.483576,9.487825632095337
3917,135.03243112564087,0.90516686,0.905150294303894,2.453646629874129e-05,0.9050951600074768,9.483314,9.484970569610596
3918,135.07155203819275,0.90516806,0.905162513256073,1.982362618946354e-06,0.9051601886749268,9.483194,9.4837486743927
3919,135.1098771095276,0.905169,0.9051645398139954,1.0713614528867765e-06,0.9051627516746521,9.483099,9.483546018600464
3920,135.14841556549072,0.905169,0.905165433883667,1.7128634226537542e-06,0.9051642417907715,9.483099,9.4834566116333
3921,135.17760610580444,0.90517604,0.9051666855812073,2.0713650883408263e-06,0.9051642417907715,9.482395,9.483331441879272
3922,135.2152717113495,0.90517604,0.9051685929298401,9.928018016580609e-07,0.9051678776741028,9.482395,9.483140707015991
3923,135.2460057735443,0.90517706,0.9051690697669983,1.556118945700291e-06,0.9051690101623535,9.482294,9.483093023300171
3924,135.28344464302063,0.90517706,0.9051697254180908,2.473255335644353e-06,0.9051690101623535,9.482294,9.483027458190918
3925,135.31367206573486,0.90517706,0.9051710963249207,3.458139872236643e-06,0.9051690101623535,9.482294,9.482890367507935
3926,135.3440933227539,0.90517706,0.9051733613014221,3.771629735638271e-06,0.9051690101623535,9.482294,9.482663869857788
3927,135.37399125099182,0.90517706,0.9051767587661743,4.3171846186851326e-07,0.905176043510437,9.482294,9.482324123382568
3928,135.40200185775757,0.90517706,0.9051769971847534,5.960464477539063e-08,0.9051770567893982,9.482294,9.482300281524658
3929,135.43215227127075,0.90517706,0.9051769971847534,5.960464477539063e-08,0.9051770567893982,9.482294,9.482300281524658
3930,135.46220445632935,0.90517706,0.9051769971847534,5.960464477539063e-08,0.9051770567893982,9.482294,9.482300281524658
3931,135.49251675605774,0.90517867,0.9051770567893982,1.0669723593537128e-07,0.9051770567893982,9.482134,9.48229432106018
3932,135.53062915802002,0.9051798,0.9051770567893982,2.8032363275087846e-07,0.9051770567893982,9.48202,9.48229432106018
3933,135.56936931610107,0.9051798,0.905177116394043,4.959327384312928e-07,0.9051770567893982,9.48202,9.482288360595703
3934,135.6025366783142,0.9051798,0.9051772952079773,7.620270139341301e-07,0.9051770567893982,9.48202,9.48227047920227
3935,135.6334445476532,0.9051814,0.9051777124404907,1.032798650157929e-06,0.9051770567893982,9.481859,9.482228755950928
3936,135.67039895057678,0.9051814,0.9051783680915833,1.184615598504024e-06,0.9051770567893982,9.481859,9.482163190841675
3937,135.70088529586792,0.90518177,0.9051795601844788,8.119570793496678e-07,0.9051786661148071,9.481823,9.482043981552124
3938,135.7374918460846,0.90518177,0.9051803350448608,7.024171964076231e-07,0.9051797986030579,9.481823,9.481966495513916
3939,135.76766300201416,0.9051834,0.9051807522773743,8.832182061269123e-07,0.9051797986030579,9.481663,9.481924772262573
3940,135.80520868301392,0.9051834,0.9051817059516907,6.277438160395832e-07,0.9051797986030579,9.481663,9.481829404830933
3941,135.8362021446228,0.9051834,0.905181884765625,6.39408483493753e-07,0.9051814079284668,9.481663,9.4818115234375
3942,135.86787009239197,0.9051849,0.9051822423934937,8.25674533189158e-07,0.9051814079284668,9.481507,9.481775760650635
3943,135.90747714042664,0.9051849,0.9051828980445862,8.563131927985523e-07,0.9051817655563354,9.481507,9.481710195541382
3944,135.9500870704651,0.90522176,0.9051838517189026,2.5727952106535668e-06,0.9051833748817444,9.477824,9.481614828109741
3945,135.996826171875,0.90522176,0.9051842093467712,4.386648470244836e-06,0.9051833748817444,9.477824,9.481579065322876
3946,136.03030490875244,0.90522176,0.9051858186721802,8.14209215604933e-06,0.9051833748817444,9.477824,9.481418132781982
3947,136.0597972869873,0.9052233,0.9051892161369324,1.2348639756964985e-05,0.9051833748817444,9.477669,9.481078386306763
3948,136.0971987247467,0.9052233,0.9051945805549622,1.6257588868029416e-05,0.9051849246025085,9.477669,9.480541944503784
3949,136.12702655792236,0.90522355,0.9052034020423889,1.854920446930919e-05,0.9051849246025085,9.477645,9.479659795761108
3950,136.1638822555542,0.9052251,0.9052222371101379,1.1372836752343574e-06,0.9052042961120605,9.47749,9.477776288986206
3951,136.20170712471008,0.9052252,0.9052227139472961,8.823469670460327e-07,0.9052217602729797,9.477478,9.477728605270386
3952,136.2395555973053,0.9052252,0.9052234292030334,5.487100338541495e-07,0.9052233099937439,9.477478,9.477657079696655
3953,136.2698221206665,0.9052252,0.9052237868309021,7.76797776325111e-07,0.9052233099937439,9.477478,9.47762131690979
3954,136.30021405220032,0.9052252,0.9052245020866394,7.579327530038427e-07,0.905223548412323,9.477478,9.47754979133606
3955,136.33031821250916,0.9052252,0.9052250981330872,1.0167598674115652e-07,0.9052250981330872,9.477478,9.477490186691284
3956,136.36042761802673,0.9052252,0.9052251577377319,5.960464477539063e-08,0.9052252173423767,9.477478,9.477484226226807
3957,136.39049983024597,0.9052252,0.9052251577377319,5.960464477539063e-08,0.9052252173423767,9.477478,9.477484226226807
3958,136.42247319221497,0.9052252,0.9052251577377319,5.960464477539063e-08,0.9052252173423767,9.477478,9.477484226226807
3959,136.45359420776367,0.9052252,0.9052251577377319,5.960464477539063e-08,0.9052252173423767,9.477478,9.477484226226807
3960,136.483873128891,0.9052252,0.9052251577377319,5.960464477539063e-08,0.9052252173423767,9.477478,9.477484226226807
3961,136.51362586021423,0.9052252,0.9052251577377319,5.960464477539063e-08,0.9052252173423767,9.477478,9.477484226226807
3962,136.54497838020325,0.9052252,0.9052251577377319,5.960464477539063e-08,0.9052252173423767,9.477478,9.477484226226807
3963,136.576158285141,0.9052377,0.9052251577377319,8.319957487401552e-07,0.9052252173423767,9.476233,9.477484226226807
3964,136.6143741607666,0.9052377,0.905225396156311,1.8288639012098429e-06,0.9052252173423767,9.476233,9.477460384368896
3965,136.64594769477844,0.90524524,0.9052261114120483,3.468365321168676e-06,0.9052252173423767,9.475475,9.477388858795166
3966,136.68287110328674,0.90524524,0.9052277207374573,5.647606485581491e-06,0.9052252173423767,9.475475,9.477227926254272
3967,136.71282124519348,0.90524524,0.9052311778068542,7.436147370754043e-06,0.9052252173423767,9.475475,9.476882219314575
3968,136.7438187599182,0.90524524,0.9052380919456482,5.813633833895437e-06,0.9052252173423767,9.475475,9.47619080543518
3969,136.7739737033844,0.90524524,0.9052419066429138,2.472818096066476e-06,0.905239999294281,9.475475,9.475809335708618
3970,136.80675721168518,0.90526277,0.905243992805481,2.522804379623267e-06,0.905239999294281,9.473723,9.475600719451904
3971,136.84891605377197,0.90526277,0.9052451848983765,1.649709815865208e-06,0.9052452445030212,9.473723,9.475481510162354
3972,136.87981295585632,0.90526277,0.9052457809448242,3.4194017644040287e-06,0.9052452445030212,9.473723,9.475421905517578
3973,136.9108350276947,0.90526277,0.9052470326423645,5.53110567125259e-06,0.9052452445030212,9.473723,9.47529673576355
3974,136.94200992584229,0.90526277,0.9052497148513794,7.702039511059411e-06,0.9052452445030212,9.473723,9.47502851486206
3975,136.9750771522522,0.90526277,0.9052550196647644,8.697754310560413e-06,0.9052452445030212,9.473723,9.47449803352356
3976,137.00552415847778,0.9052667,0.9052629470825195,3.062924633923103e-07,0.9052627682685852,9.47333,9.473705291748047
3977,137.04294562339783,0.9052667,0.9052629470825195,4.663650372549455e-07,0.9052627682685852,9.47333,9.473705291748047
3978,137.07369089126587,0.9052667,0.9052631258964539,8.603022934039473e-07,0.9052627682685852,9.47333,9.473687410354614
3979,137.1049530506134,0.9052667,0.9052634239196777,1.3123824373906245e-06,0.9052627682685852,9.47333,9.473657608032227
3980,137.135751247406,0.90527016,0.9052640199661255,1.8257574083690997e-06,0.9052627682685852,9.472984,9.473598003387451
3981,137.17727899551392,0.90527815,0.9052653908729553,2.3713889731880045e-06,0.9052627682685852,9.472185,9.473460912704468
3982,137.21504974365234,0.9052989,0.9052675366401672,3.186065896443324e-06,0.9052667021751404,9.470111,9.473246335983276
3983,137.25249576568604,0.9052989,0.9052684307098389,4.490053470362909e-06,0.9052667021751404,9.470111,9.473156929016113
3984,137.283522605896,0.9052989,0.9052706360816956,6.546713848365471e-06,0.9052667021751404,9.470111,9.472936391830444
3985,137.3143355846405,0.90530634,0.9052754044532776,8.56284168548882e-06,0.9052667021751404,9.469366,9.472459554672241
3986,137.35267233848572,0.90531015,0.9052821397781372,9.395134838996455e-06,0.9052740931510925,9.468985,9.47178602218628
3987,137.39040112495422,0.90532583,0.9052889943122864,1.0953967830573674e-05,0.9052781462669373,9.467417,9.471100568771362
3988,137.42680406570435,0.9053266,0.9052994847297668,9.524585948383901e-06,0.9052823781967163,9.4673395,9.470051527023315
3989,137.4648163318634,0.9053298,0.9053075313568115,7.97358552517835e-06,0.9052988886833191,9.467018,9.469246864318848
3990,137.50238132476807,0.9053298,0.9053141474723816,6.483910055976594e-06,0.9053069353103638,9.467018,9.46858525276184
3991,137.53184604644775,0.9053333,0.9053200483322144,6.117147677286994e-06,0.905311107635498,9.466672,9.467995166778564
3992,137.56769800186157,0.9053333,0.9053257703781128,3.37181495524419e-06,0.9053210020065308,9.466672,9.46742296218872
3993,137.59750485420227,0.9053333,0.9053289294242859,2.626999503263505e-06,0.9053258299827576,9.466672,9.467107057571411
3994,137.62701678276062,0.90534985,0.9053312540054321,2.0682718968600966e-06,0.9053298234939575,9.465015,9.466874599456787
3995,137.66328048706055,0.90535307,0.9053331017494202,2.9010861908318475e-06,0.9053300619125366,9.464693,9.466689825057983
3996,137.69924640655518,0.90535307,0.9053348898887634,4.687092314270558e-06,0.9053332805633545,9.464693,9.466511011123657
3997,137.7286252975464,0.90535307,0.9053366184234619,6.834815394540783e-06,0.9053332805633545,9.464693,9.466338157653809
3998,137.75793361663818,0.90535307,0.9053398370742798,8.629069270682521e-06,0.9053332805633545,9.464693,9.466016292572021
3999,137.7867248058319,0.90535307,0.9053463935852051,8.266521035693586e-06,0.9053332805633545,9.464693,9.465360641479492
4000,137.81622576713562,0.90535307,0.9053522944450378,1.4281050653153216e-06,0.905349850654602,9.464693,9.464770555496216
4001,137.85394096374512,0.90535307,0.9053532481193542,1.7881393432617188e-07,0.9053530693054199,9.464693,9.464675188064575
4002,137.88366746902466,0.90535307,0.9053532481193542,1.7881393432617188e-07,0.9053530693054199,9.464693,9.464675188064575
4003,137.91577768325806,0.90535414,0.9053532481193542,1.8800943735186593e-07,0.9053530693054199,9.464586,9.464675188064575
4004,137.95263409614563,0.90535414,0.9053532481193542,2.35767473100168e-07,0.9053530693054199,9.464586,9.464675188064575
4005,137.9832808971405,0.9053574,0.9053532481193542,4.049820461204945e-07,0.9053530693054199,9.464258,9.464675188064575
4006,138.0200343132019,0.9053574,0.9053535461425781,7.98957387360133e-07,0.9053530693054199,9.464258,9.464645385742188
4007,138.04925727844238,0.9053574,0.905353844165802,1.171172129943443e-06,0.9053530693054199,9.464258,9.4646155834198
4008,138.0801966190338,0.9053585,0.9053546190261841,1.4531642591464333e-06,0.9053530693054199,9.46415,9.464538097381592
4009,138.1165874004364,0.9053585,0.9053555130958557,1.721235321383574e-06,0.9053541421890259,9.46415,9.464448690414429
4010,138.14627408981323,0.9053585,0.9053566455841064,1.7212556713275262e-06,0.9053541421890259,9.46415,9.464335441589355
4011,138.17686867713928,0.9053585,0.9053578972816467,5.364781827665865e-07,0.9053574204444885,9.46415,9.464210271835327
4012,138.20593690872192,0.90536773,0.9053583741188049,6.636233820245252e-07,0.9053574204444885,9.463226,9.464162588119507
4013,138.24234533309937,0.90539277,0.905358612537384,2.4233117983385455e-06,0.9053584933280945,9.460724,9.464138746261597
4014,138.27883553504944,0.90539277,0.90535968542099,6.071098141546827e-06,0.9053584933280945,9.460724,9.464031457901001
4015,138.30991649627686,0.90539277,0.9053619503974915,9.663534910941962e-06,0.9053584933280945,9.460724,9.463804960250854
4016,138.33897852897644,0.90539277,0.9053669571876526,1.378104934701696e-05,0.9053584933280945,9.460724,9.463304281234741
4017,138.3680498600006,0.90540195,0.9053758978843689,1.567497201904189e-05,0.9053584933280945,9.4598055,9.46241021156311
4018,138.4058518409729,0.90540195,0.9053903818130493,9.152655366051476e-06,0.9053677320480347,9.4598055,9.460961818695068
4019,138.4339156150818,0.90540195,0.9053952097892761,3.548051608959213e-06,0.9053927659988403,9.4598055,9.460479021072388
4020,138.4634816646576,0.90540195,0.9053977131843567,3.60002104571322e-06,0.9053927659988403,9.4598055,9.460228681564331
4021,138.49377751350403,0.90541637,0.9054008722305298,1.8487494344299193e-06,0.9053969383239746,9.458363,9.459912776947021
4022,138.5303328037262,0.90541637,0.9054019451141357,1.43106808536686e-06,0.9054011106491089,9.458363,9.459805488586426
4023,138.5590615272522,0.90542054,0.9054028391838074,3.1915740237309365e-06,0.9054019451141357,9.457946,9.459716081619263
4024,138.59494590759277,0.90542054,0.905403733253479,4.842507223656867e-06,0.9054019451141357,9.457946,9.4596266746521
4025,138.6248049736023,0.90542054,0.9054058194160461,6.872434369142866e-06,0.9054019451141357,9.457946,9.459418058395386
4026,138.65403699874878,0.90542054,0.90541011095047,8.34704223962035e-06,0.9054019451141357,9.457946,9.458988904953003
4027,138.68325567245483,0.90542054,0.9054182171821594,2.903960648836801e-06,0.9054038524627686,9.457946,9.458178281784058
4028,138.7118399143219,0.90542656,0.9054204821586609,6.378679699992063e-07,0.9054205417633057,9.457344,9.457951784133911
4029,138.74954676628113,0.90542656,0.90542072057724,1.319301418334362e-06,0.9054205417633057,9.457344,9.457927942276001
4030,138.77848768234253,0.90542656,0.9054211378097534,1.8937540744445869e-06,0.9054205417633057,9.457344,9.457886219024658
4031,138.8072485923767,0.90542656,0.9054222106933594,2.5806104986259015e-06,0.9054205417633057,9.457344,9.457778930664062
4032,138.83641743659973,0.90542656,0.9054240584373474,2.7046744435210712e-06,0.9054205417633057,9.457344,9.457594156265259
4033,138.86699414253235,0.90543485,0.9054265022277832,6.907258125465887e-07,0.9054256677627563,9.456515,9.45734977722168
4034,138.90490317344666,0.90543485,0.9054267406463623,9.476663080931758e-07,0.905426561832428,9.456515,9.45732593536377
4035,138.93607258796692,0.90543884,0.9054271578788757,2.0926033812429523e-06,0.905426561832428,9.456116,9.457284212112427
4036,138.97355318069458,0.90543884,0.9054281115531921,3.525839701978839e-06,0.905426561832428,9.456116,9.457188844680786
4037,139.00390148162842,0.90543884,0.9054297208786011,4.875887952948688e-06,0.905426561832428,9.456116,9.457027912139893
4038,139.03482675552368,0.90543884,0.9054333567619324,5.370223789213924e-06,0.905426561832428,9.456116,9.456664323806763
4039,139.06545495986938,0.9054407,0.9054379463195801,1.5236031458698562e-06,0.9054348468780518,9.455931,9.456205368041992
4040,139.10249090194702,0.9054407,0.9054387211799622,2.183497969099335e-07,0.9054387807846069,9.455931,9.456127882003784
4041,139.1346275806427,0.90544826,0.9054388403892517,6.927406843715289e-07,0.9054388403892517,9.455174,9.456115961074829
4042,139.17174649238586,0.90544826,0.9054389595985413,1.1815036486950703e-06,0.9054388403892517,9.455174,9.456104040145874
4043,139.20314407348633,0.9054556,0.9054396152496338,2.45804858423071e-06,0.9054388403892517,9.454441,9.456038475036621
4044,139.240731716156,0.9054556,0.9054406881332397,3.4733450320345582e-06,0.9054388403892517,9.454441,9.455931186676025
4045,139.27180314064026,0.9054709,0.9054433703422546,5.923765002080472e-06,0.9054388403892517,9.452909,9.455662965774536
4046,139.3090763092041,0.9054728,0.9054479598999023,8.271067599707749e-06,0.9054406881332397,9.452719,9.455204010009766
4047,139.34680366516113,0.90547985,0.9054542779922485,9.01418570720125e-06,0.9054482579231262,9.452015,9.454572200775146
4048,139.3825113773346,0.9054822,0.9054612517356873,1.0940276297333185e-05,0.9054501056671143,9.451782,9.453874826431274
4049,139.41936492919922,0.9054822,0.9054726362228394,4.965768312104046e-06,0.9054555892944336,9.451782,9.452736377716064
4050,139.44972014427185,0.9054822,0.9054754376411438,4.155473561695544e-06,0.9054722785949707,9.451782,9.45245623588562
4051,139.47767281532288,0.9054822,0.9054783582687378,4.106731921638129e-06,0.9054728150367737,9.451782,9.45216417312622
4052,139.50655221939087,0.9054822,0.90548175573349,2.686463176360121e-07,0.9054816961288452,9.451782,9.451824426651001
4053,139.53548216819763,0.9054836,0.9054821729660034,1.7981545852308045e-07,0.90548175573349,9.451639,9.451782703399658
4054,139.5711739063263,0.9054985,0.905482292175293,1.0952122693197452e-06,0.9054821729660034,9.45015,9.451770782470703
4055,139.6075074672699,0.9054994,0.905482828617096,3.0715809771209024e-06,0.9054821729660034,9.45006,9.451717138290405
4056,139.64425230026245,0.9054994,0.9054839015007019,4.913157226837939e-06,0.9054821729660034,9.45006,9.45160984992981
4057,139.67429661750793,0.9054994,0.9054858684539795,6.832962299085921e-06,0.9054821729660034,9.45006,9.45141315460205
4058,139.7028887271881,0.9054994,0.9054900407791138,8.19818797026528e-06,0.9054821729660034,9.45006,9.450995922088623
4059,139.73168063163757,0.9054994,0.9054978489875793,4.503579930315027e-06,0.9054839015007019,9.45006,9.450215101242065
4060,139.76081895828247,0.9055052,0.9054994583129883,3.840014812794834e-07,0.9054993987083435,9.449482,9.450054168701172
4061,139.7966856956482,0.9055052,0.9054995179176331,6.609352567465976e-07,0.9054993987083435,9.449482,9.450048208236694
4062,139.82601022720337,0.9055052,0.9054996967315674,1.0691618399505387e-06,0.9054993987083435,9.449482,9.450030326843262
4063,139.85784816741943,0.9055052,0.9054999947547913,1.6920387224672595e-06,0.9054993987083435,9.449482,9.450000524520874
4064,139.88839316368103,0.9055052,0.905500590801239,2.3315271846513497e-06,0.9054993987083435,9.449482,9.449940919876099
4065,139.9202423095703,0.9055052,0.9055019021034241,2.850946884791483e-06,0.9054993987083435,9.449482,9.449809789657593
4066,139.94968724250793,0.9055052,0.9055041670799255,2.2117196749604773e-06,0.9054993987083435,9.449482,9.449583292007446
4067,139.97873401641846,0.9055052,0.9055051207542419,5.960464477539063e-08,0.9055051803588867,9.449482,9.449487924575806
4068,140.00844955444336,0.9055054,0.9055051207542419,6.266981245062198e-08,0.9055051803588867,9.449458,9.449487924575806
4069,140.04401421546936,0.9055054,0.9055051207542419,7.616734620796706e-08,0.9055051803588867,9.449458,9.449487924575806
4070,140.0730516910553,0.9055054,0.9055051207542419,9.962014502207239e-08,0.9055051803588867,9.449458,9.449487924575806
4071,140.101580619812,0.9055054,0.9055051207542419,1.3269288956507808e-07,0.9055051803588867,9.449458,9.449487924575806
4072,140.13149285316467,0.9055054,0.9055051803588867,1.3825476230522327e-07,0.9055051803588867,9.449458,9.449481964111328
4073,140.16094040870667,0.9055054,0.9055052399635315,1.5220649629554828e-07,0.9055051803588867,9.449458,9.44947600364685
4074,140.18995881080627,0.9055054,0.9055052399635315,1.7881393432617188e-07,0.9055054187774658,9.449458,9.44947600364685
4075,140.21926021575928,0.90550566,0.9055052399635315,1.8227378006940853e-07,0.9055054187774658,9.449434,9.44947600364685
4076,140.25535130500793,0.90550566,0.9055052399635315,1.8900354348261317e-07,0.9055054187774658,9.449434,9.44947600364685
4077,140.28606820106506,0.90550566,0.9055052399635315,2.101312901459096e-07,0.9055054187774658,9.449434,9.44947600364685
4078,140.31605315208435,0.90550566,0.9055052995681763,1.9156816222221096e-07,0.9055054187774658,9.449434,9.449470043182373
4079,140.3442280292511,0.90550566,0.9055054187774658,1.5243716688928544e-07,0.9055054187774658,9.449434,9.449458122253418
4080,140.3740692138672,0.90550566,0.9055057168006897,1.3055732495104166e-07,0.9055054187774658,9.449434,9.44942831993103
4081,140.4028890132904,0.90550566,0.9055057764053345,1.1920928955078125e-07,0.9055056571960449,9.449434,9.449422359466553
4082,140.43280935287476,0.90550566,0.9055057764053345,1.1920928955078125e-07,0.9055056571960449,9.449434,9.449422359466553
4083,140.46162152290344,0.90550566,0.9055057764053345,1.1920928955078125e-07,0.9055056571960449,9.449434,9.449422359466553
4084,140.48964667320251,0.90550566,0.9055057764053345,1.1920928955078125e-07,0.9055056571960449,9.449434,9.449422359466553
4085,140.51896476745605,0.9055087,0.9055057764053345,2.2725136261669832e-07,0.9055056571960449,9.44913,9.449422359466553
4086,140.55456161499023,0.90551066,0.905505895614624,6.899057325426838e-07,0.9055056571960449,9.448934,9.449410438537598
4087,140.5904815196991,0.90551066,0.9055061936378479,1.185347059617925e-06,0.9055056571960449,9.448934,9.44938063621521
4088,140.62029242515564,0.9055122,0.9055067300796509,1.7657976059126668e-06,0.9055056571960449,9.448778,9.449326992034912
4089,140.6564633846283,0.9055122,0.9055078625679016,2.1243586161290295e-06,0.9055056571960449,9.448778,9.449213743209839
4090,140.68573760986328,0.90552,0.9055099487304688,1.4379753565663123e-06,0.9055077433586121,9.447998,9.449005126953125
4091,140.72262620925903,0.9055219,0.9055111408233643,1.8943806026072707e-06,0.9055100083351135,9.447807,9.448885917663574
4092,140.75874495506287,0.90552366,0.9055126309394836,2.508116040189634e-06,0.9055100083351135,9.447634,9.448736906051636
4093,140.798681974411,0.90552795,0.9055147767066956,3.268771706643747e-06,0.9055122137069702,9.447205,9.448522329330444
4094,140.84007024765015,0.90552795,0.905517578125,4.005136815976584e-06,0.9055134654045105,9.447205,9.4482421875
4095,140.87089896202087,0.90552795,0.9055207967758179,4.1817147575784475e-06,0.9055164456367493,9.447205,9.447920322418213
4096,140.90179014205933,0.90552795,0.9055245518684387,2.6783402518049115e-06,0.9055200219154358,9.447205,9.447544813156128
4097,140.93150663375854,0.90552795,0.905526876449585,1.3837303640684695e-06,0.9055240154266357,9.447205,9.447312355041504
4098,140.96048879623413,0.9055309,0.9055279493331909,1.9758746816478379e-07,0.9055279493331909,9.446907,9.447205066680908
4099,140.99591898918152,0.9055309,0.9055279493331909,3.9517493632956757e-07,0.9055279493331909,9.446907,9.447205066680908
4100,141.02732300758362,0.9055344,0.90552818775177,8.773595823186042e-07,0.9055279493331909,9.446562,9.447181224822998
4101,141.06385588645935,0.9055344,0.9055284261703491,1.330704321844678e-06,0.9055279493331909,9.446562,9.447157382965088
4102,141.09409189224243,0.9055344,0.9055291414260864,2.0220970782247605e-06,0.9055279493331909,9.446562,9.447085857391357
4103,141.12413239479065,0.9055344,0.9055303931236267,2.4429291443084367e-06,0.9055279493331909,9.446562,9.446960687637329
4104,141.15543389320374,0.9055344,0.9055325984954834,1.7183659792863182e-06,0.9055308699607849,9.446562,9.44674015045166
4105,141.1858401298523,0.9055344,0.9055341482162476,1.0092446700582514e-06,0.9055309295654297,9.446562,9.446585178375244
4106,141.21630668640137,0.9055391,0.9055345058441162,3.945223738810455e-07,0.9055343866348267,9.446091,9.446549415588379
4107,141.25318932533264,0.9055391,0.9055346250534058,6.961475378375326e-07,0.9055343866348267,9.446091,9.446537494659424
4108,141.2824423313141,0.9055391,0.9055348038673401,1.1585401580305188e-06,0.9055343866348267,9.446091,9.446519613265991
4109,141.31125664710999,0.90553975,0.9055352807044983,1.677802742960921e-06,0.9055343866348267,9.446025,9.446471929550171
4110,141.3463830947876,0.90554184,0.9055362343788147,2.1306179860403063e-06,0.9055343866348267,9.445816,9.44637656211853
4111,141.38465070724487,0.9055425,0.9055380821228027,1.8452956282999367e-06,0.9055343866348267,9.445751,9.446191787719727
4112,141.42396545410156,0.9055425,0.9055396914482117,1.062660658135428e-06,0.9055390954017639,9.445751,9.446030855178833
4113,141.45205807685852,0.9055425,0.9055402278900146,1.3053250995653798e-06,0.9055390954017639,9.445751,9.445977210998535
4114,141.48284482955933,0.9055445,0.905541181564331,1.2062192809025873e-06,0.9055397510528564,9.445548,9.445881843566895
4115,141.5183608531952,0.9055464,0.905542254447937,5.329150667421345e-07,0.9055418372154236,9.445357,9.445774555206299
4116,141.55487632751465,0.9055471,0.9055426716804504,8.205901167457341e-07,0.9055424928665161,9.4452915,9.445732831954956
4117,141.59117031097412,0.9055471,0.9055430889129639,1.3833550838171504e-06,0.9055424928665161,9.4452915,9.445691108703613
4118,141.62092089653015,0.9055471,0.9055437445640564,1.8045697061097599e-06,0.9055424928665161,9.4452915,9.44562554359436
4119,141.64980220794678,0.9055497,0.9055449366569519,1.8961089836011524e-06,0.9055424928665161,9.445029,9.44550633430481
4120,141.684730052948,0.9055709,0.9055469632148743,1.8910948256234406e-06,0.9055451154708862,9.442907,9.445303678512573
4121,141.72103476524353,0.9055709,0.9055477380752563,2.6816849185706815e-06,0.9055470824241638,9.442907,9.445226192474365
4122,141.7508990764618,0.9055709,0.9055485725402832,4.082413397554774e-06,0.9055470824241638,9.442907,9.44514274597168
4123,141.77846598625183,0.9055755,0.9055507183074951,6.157620191515889e-06,0.9055470824241638,9.442449,9.444928169250488
4124,141.8145887851715,0.9055845,0.905555009841919,8.526151759724598e-06,0.9055490493774414,9.441548,9.444499015808105
4125,141.85334944725037,0.90559167,0.9055610299110413,9.79763990471838e-06,0.9055497050285339,9.440833,9.443897008895874
4126,141.8893494606018,0.90559167,0.9055694937705994,8.62465185491601e-06,0.9055575728416443,9.440833,9.443050622940063
4127,141.92045903205872,0.9055943,0.9055771231651306,6.232683517737314e-06,0.905570924282074,9.440571,9.442287683486938
4128,141.95839500427246,0.9055943,0.9055820107460022,5.901620625081705e-06,0.9055755138397217,9.440571,9.44179892539978
4129,141.98860120773315,0.90559435,0.905587375164032,2.9348225325520616e-06,0.9055843353271484,9.440565,9.441262483596802
4130,142.02522015571594,0.905595,0.9055899381637573,2.73251112048456e-06,0.9055871367454529,9.440499,9.441006183624268
4131,142.06359028816223,0.905595,0.9055925607681274,1.7042031004166347e-06,0.9055878520011902,9.440499,9.440743923187256
4132,142.09301328659058,0.905595,0.9055939316749573,9.872693453871761e-07,0.9055923223495483,9.440499,9.440606832504272
4133,142.1205611228943,0.90559727,0.9055945873260498,3.8743272057217837e-07,0.9055942893028259,9.440273,9.44054126739502
4134,142.1564645767212,0.90559727,0.9055948853492737,2.7597249641075905e-07,0.9055949449539185,9.440273,9.440511465072632
4135,142.1858513355255,0.90559846,0.9055950045585632,4.60696696791274e-07,0.9055950045585632,9.440154,9.440499544143677
4136,142.22154808044434,0.9056004,0.9055951833724976,8.727821523279999e-07,0.9055950045585632,9.439957,9.440481662750244
4137,142.25948476791382,0.9056004,0.905595600605011,1.251326352758042e-06,0.9055950045585632,9.439957,9.440439939498901
4138,142.2886791229248,0.9056004,0.9055963158607483,1.6047922599682352e-06,0.9055950045585632,9.439957,9.440368413925171
4139,142.31789827346802,0.9056054,0.9055978059768677,1.6455371678603115e-06,0.9055957794189453,9.439463,9.440219402313232
4140,142.35385966300964,0.9056054,0.9055991172790527,1.6019995427996037e-06,0.9055972695350647,9.439463,9.440088272094727
4141,142.3832540512085,0.9056054,0.9056007862091064,1.7518399317850708e-06,0.9055984616279602,9.439463,9.439921379089355
4142,142.41247868537903,0.9056054,0.905602216720581,1.9297449398436584e-06,0.9056004285812378,9.439463,9.439778327941895
4143,142.4414439201355,0.9056054,0.9056037664413452,1.3043646731603076e-06,0.9056019186973572,9.439463,9.439623355865479
4144,142.47175359725952,0.9056054,0.905604898929596,6.483759875663964e-07,0.9056038856506348,9.439463,9.439510107040405
4145,142.5013291835785,0.9056054,0.9056054353713989,5.960464477539063e-08,0.9056053757667542,9.439463,9.439456462860107
4146,142.5319700241089,0.9056054,0.9056054353713989,5.960464477539063e-08,0.9056053757667542,9.439463,9.439456462860107
4147,142.56225180625916,0.9056054,0.9056054353713989,5.960464477539063e-08,0.9056053757667542,9.439463,9.439456462860107
4148,142.59219336509705,0.9056074,0.9056054353713989,1.433292595720559e-07,0.9056053757667542,9.43926,9.439456462860107
4149,142.62843561172485,0.9056074,0.9056054353713989,2.3350459343873808e-07,0.9056053757667542,9.43926,9.439456462860107
4150,142.65769815444946,0.9056314,0.9056057333946228,1.7767190456652315e-06,0.9056053757667542,9.436857,9.43942666053772
4151,142.69377636909485,0.90568113,0.9056064486503601,6.048427167115733e-06,0.9056053757667542,9.431887,9.43935513496399
4152,142.72939324378967,0.90568113,0.9056086540222168,1.2797263480024412e-05,0.9056053757667542,9.431887,9.43913459777832
4153,142.75912022590637,0.90568113,0.9056147933006287,2.2196889403858222e-05,0.9056053757667542,9.431887,9.438520669937134
4154,142.78901028633118,0.90568316,0.9056267738342285,3.0908464395906776e-05,0.9056074023246765,9.4316845,9.437322616577148
4155,142.8261079788208,0.90568316,0.9056471586227417,3.4515138395363465e-05,0.9056074023246765,9.4316845,9.43528413772583
4156,142.8564953804016,0.90568316,0.9056817293167114,8.47795320169098e-07,0.9056811332702637,9.4316845,9.431827068328857
4157,142.88557076454163,0.90568316,0.9056820869445801,1.0016574378823861e-06,0.9056811332702637,9.4316845,9.431791305541992
4158,142.91525173187256,0.90568316,0.9056828618049622,7.381155455732369e-07,0.9056811332702637,9.4316845,9.431713819503784
4159,142.9444272518158,0.90568364,0.9056832194328308,7.107658461791289e-08,0.905683159828186,9.431637,9.431678056716919
4160,142.98121094703674,0.90568364,0.9056833386421204,1.849950592713867e-07,0.905683159828186,9.431637,9.431666135787964
4161,143.00945782661438,0.90568364,0.9056833982467651,2.384185791015625e-07,0.905683159828186,9.431637,9.431660175323486
4162,143.0381965637207,0.90568364,0.9056833982467651,2.384185791015625e-07,0.905683159828186,9.431637,9.431660175323486
4163,143.06742477416992,0.90568364,0.9056834578514099,2.4486502070431015e-07,0.905683159828186,9.431637,9.431654214859009
4164,143.09815955162048,0.90568364,0.9056836366653442,0.0,0.9056836366653442,9.431637,9.431636333465576
4165,143.12801957130432,0.9056851,0.9056836366653442,9.879373408239189e-08,0.9056836366653442,9.431487,9.431636333465576
4166,143.16540265083313,0.9056851,0.9056836366653442,1.711157722183998e-07,0.9056836366653442,9.431487,9.431636333465576
4167,143.1963405609131,0.9056851,0.9056836366653442,3.1241322062669497e-07,0.9056836366653442,9.431487,9.431636333465576
4168,143.22714185714722,0.9056851,0.9056837558746338,4.7251918999791087e-07,0.9056836366653442,9.431487,9.431624412536621
4169,143.2583577632904,0.9056851,0.9056839942932129,6.340064828691538e-07,0.9056836366653442,9.431487,9.431600570678711
4170,143.28907752037048,0.9056851,0.9056844115257263,7.465042131116206e-07,0.9056836366653442,9.431487,9.431558847427368
4171,143.31876254081726,0.9056851,0.9056851267814636,3.27661751953201e-07,0.9056836366653442,9.431487,9.431487321853638
4172,143.34854769706726,0.9057063,0.905685305595398,1.4024117263033986e-06,0.9056851267814636,9.429371,9.431469440460205
4173,143.38609266281128,0.9057181,0.9056856632232666,3.242331558794831e-06,0.9056851267814636,9.428191,9.43143367767334
4174,143.4220907688141,0.9057528,0.9056867361068726,6.8597023528127465e-06,0.9056851267814636,9.424723,9.431326389312744
4175,143.45923829078674,0.9057528,0.90569007396698,1.4474891941063106e-05,0.9056851267814636,9.424723,9.430992603302002
4176,143.489848613739,0.9057528,0.9056963324546814,2.173325265175663e-05,0.9056851267814636,9.424723,9.43036675453186
4177,143.51906418800354,0.9057528,0.905710756778717,2.801830123644322e-05,0.9056851267814636,9.424723,9.428924322128296
4178,143.54866862297058,0.9057528,0.9057367444038391,1.9479162801872008e-05,0.9057062864303589,9.424723,9.426325559616089
4179,143.5785391330719,0.9057528,0.9057528376579285,5.960464477539063e-08,0.9057527780532837,9.424723,9.424716234207153
4180,143.608491897583,0.9057548,0.9057528376579285,1.433292595720559e-07,0.9057527780532837,9.42452,9.424716234207153
4181,143.6446270942688,0.9057548,0.9057528376579285,2.6786040052684257e-07,0.9057527780532837,9.42452,9.424716234207153
4182,143.6746027469635,0.9057548,0.9057530164718628,4.85631233004824e-07,0.9057527780532837,9.42452,9.42469835281372
4183,143.70606684684753,0.90601444,0.9057543277740479,1.730492658680305e-05,0.9057527780532837,9.398556,9.424567222595215
4184,143.742014169693,0.90601444,0.9057570099830627,2.980803583341185e-05,0.9057527780532837,9.398556,9.424299001693726
4185,143.77169251441956,0.90601444,0.9057685732841492,5.934426008025184e-05,0.9057527780532837,9.398556,9.423142671585083
4186,143.7992844581604,0.90603125,0.9057906866073608,8.924513531383127e-05,0.905754804611206,9.396875,9.420931339263916
4187,143.83497524261475,0.90603125,0.9058359861373901,0.0001201994891744107,0.905754804611206,9.396875,9.416401386260986
4188,143.8641848564148,0.9060333,0.9059146642684937,0.00012650337885133922,0.905754804611206,9.396672,9.408533573150635
4189,143.90046525001526,0.9060351,0.9060174226760864,4.8400524974567816e-06,0.9060144424438477,9.396487,9.398257732391357
4190,143.93822836875916,0.9060351,0.9060202836990356,6.535447027999908e-06,0.90601646900177,9.396487,9.397971630096436
4191,143.9679663181305,0.9060376,0.9060247540473938,7.599755917908624e-06,0.90601646900177,9.396237,9.39752459526062
4192,144.00365018844604,0.90604585,0.9060324430465698,1.9035561535929446e-06,0.9060312509536743,9.395414,9.396755695343018
4193,144.03917694091797,0.90604585,0.9060338139533997,2.723189709286089e-06,0.9060312509536743,9.395414,9.396618604660034
4194,144.06859803199768,0.90605086,0.9060354828834534,3.5734763059735997e-06,0.9060332775115967,9.394914,9.396451711654663
4195,144.10495471954346,0.90606046,0.9060383439064026,5.101570877741324e-06,0.906033456325531,9.393954,9.396165609359741
4196,144.14119601249695,0.90606046,0.9060417413711548,6.176220267661847e-06,0.9060351252555847,9.393954,9.395825862884521
4197,144.17228198051453,0.9060647,0.9060475826263428,6.1141522564867046e-06,0.9060376286506653,9.393531,9.395241737365723
4198,144.20872974395752,0.906065,0.9060529470443726,5.643158601742471e-06,0.9060458540916443,9.393501,9.394705295562744
4199,144.2452356815338,0.90607667,0.9060583710670471,4.965928837918909e-06,0.9060505628585815,9.392333,9.394162893295288
4200,144.2824263572693,0.9060828,0.9060634970664978,5.059198429080425e-06,0.9060583114624023,9.391719,9.39365029335022
4201,144.32052373886108,0.9060901,0.9060675501823425,6.649453098361846e-06,0.9060604572296143,9.390992,9.393244981765747
4202,144.35825276374817,0.9060901,0.9060728549957275,7.309933153010206e-06,0.9060646891593933,9.390992,9.392714500427246
4203,144.38787460327148,0.9061105,0.9060800671577454,5.204737590247532e-06,0.9060726165771484,9.3889475,9.391993284225464
4204,144.4222927093506,0.9061105,0.9060845971107483,7.181597538874485e-06,0.9060786962509155,9.3889475,9.391540288925171
4205,144.45118713378906,0.90617883,0.9060895442962646,1.1788614756369498e-05,0.906082808971405,9.382116,9.391045570373535
4206,144.48805141448975,0.90617883,0.906098484992981,1.58920756803127e-05,0.906082808971405,9.382116,9.390151500701904
4207,144.51733088493347,0.90627027,0.906114399433136,2.1749679945060052e-05,0.9061013460159302,9.372973,9.388560056686401
4208,144.55348181724548,0.9062713,0.9061272740364075,3.792650386458263e-05,0.9061092138290405,9.372872,9.387272596359253
4209,144.5901129245758,0.9062713,0.906150221824646,5.412266182247549e-05,0.9061105251312256,9.372872,9.3849778175354
4210,144.62022280693054,0.90627223,0.906193196773529,5.411297388491221e-05,0.906111478805542,9.372777,9.380680322647095
4211,144.65554308891296,0.90628755,0.9062421917915344,3.066175850108266e-05,0.9061798453330994,9.371244,9.375780820846558
4212,144.69349026679993,0.90628755,0.9062685966491699,7.952565283630975e-06,0.9062448143959045,9.371244,9.373140335083008
4213,144.7243685722351,0.90628856,0.9062726497650146,3.860612650896655e-06,0.9062712788581848,9.371143,9.372735023498535
4214,144.76031041145325,0.90629566,0.9062745571136475,5.668071480613435e-06,0.9062712788581848,9.370434,9.372544288635254
4215,144.7964289188385,0.9063056,0.9062781929969788,7.953848580655176e-06,0.9062722325325012,9.369439,9.372180700302124
4216,144.833594083786,0.9063219,0.9062857031822205,8.746842468099203e-06,0.9062722325325012,9.367811,9.371429681777954
4217,144.87077140808105,0.9063229,0.9062928557395935,8.984909982245881e-06,0.9062875509262085,9.36771,9.37071442604065
4218,144.90777564048767,0.906329,0.9062991142272949,1.232088925462449e-05,0.9062885642051697,9.367103,9.370088577270508
4219,144.9440541267395,0.90633047,0.9063106179237366,1.0196769835602026e-05,0.906295657157898,9.366953,9.368938207626343
4220,144.98214983940125,0.9064089,0.9063201546669006,8.409751899307594e-06,0.9063056111335754,9.35911,9.367984533309937
4221,145.01918816566467,0.9064089,0.9063249826431274,1.0200520591752138e-05,0.9063218832015991,9.35911,9.367501735687256
4222,145.04911065101624,0.9064252,0.9063314199447632,2.139724529115483e-05,0.9063228964805603,9.357482,9.366858005523682
4223,145.0866677761078,0.9064347,0.9063428044319153,3.1872335966909304e-05,0.9063228964805603,9.356528,9.365719556808472
4224,145.12515783309937,0.9064409,0.9063606262207031,4.236061067786068e-05,0.9063304662704468,9.355908,9.363937377929688
4225,145.1616632938385,0.9064419,0.9063885807991028,4.542255192063749e-05,0.9063324332237244,9.355807,9.361141920089722
4226,145.19984221458435,0.9064527,0.9064308404922485,7.376871508313343e-06,0.9064089059829712,9.354729,9.356915950775146
4227,145.23638916015625,0.9064527,0.9064364433288574,3.7047930163680576e-06,0.9064328670501709,9.354729,9.356355667114258
4228,145.26735401153564,0.9064599,0.9064394235610962,4.983050985174486e-06,0.9064347147941589,9.354008,9.35605764389038
4229,145.3054609298706,0.9064599,0.9064435958862305,4.977999196853489e-06,0.9064409136772156,9.354008,9.355640411376953
4230,145.33697366714478,0.9064599,0.9064464569091797,6.576475243491586e-06,0.9064419269561768,9.354008,9.355354309082031
4231,145.3666512966156,0.9064608,0.9064513444900513,6.796480647608405e-06,0.9064419269561768,9.353918,9.354865550994873
4232,145.40582180023193,0.9064608,0.9064568281173706,3.5078405744570773e-06,0.9064527153968811,9.353918,9.35431718826294
4233,145.43511152267456,0.90646803,0.9064598679542542,8.292744269056129e-07,0.9064589142799377,9.353197,9.354013204574585
4234,145.47099041938782,0.90646803,0.9064604640007019,1.844582470766909e-06,0.9064599275588989,9.353197,9.35395359992981
4235,145.5009138584137,0.90646803,0.9064614176750183,2.9549732971645426e-06,0.9064599275588989,9.353197,9.353858232498169
4236,145.52970790863037,0.90646803,0.9064632058143616,3.714289277922944e-06,0.9064599275588989,9.353197,9.353679418563843
4237,145.55807185173035,0.90646803,0.9064664840698242,3.0407909434870817e-06,0.9064608216285706,9.353197,9.353351593017578
4238,145.5870554447174,0.90646803,0.9064682126045227,1.7881393432617188e-07,0.9064680337905884,9.353197,9.35317873954773
4239,145.61738419532776,0.90646803,0.9064682126045227,1.7881393432617188e-07,0.9064680337905884,9.353197,9.35317873954773
4240,145.64667677879333,0.90646803,0.9064682126045227,1.7881393432617188e-07,0.9064680337905884,9.353197,9.35317873954773
4241,145.67526197433472,0.90646803,0.9064682126045227,1.7881393432617188e-07,0.9064680337905884,9.353197,9.35317873954773
4242,145.70451879501343,0.90646803,0.9064682126045227,1.7881393432617188e-07,0.9064680337905884,9.353197,9.35317873954773
4243,145.73335146903992,0.90646803,0.9064682126045227,1.7881393432617188e-07,0.9064680337905884,9.353197,9.35317873954773
4244,145.76268315315247,0.90646803,0.9064682126045227,1.7881393432617188e-07,0.9064680337905884,9.353197,9.35317873954773
4245,145.79199290275574,0.90646803,0.9064682126045227,1.7881393432617188e-07,0.9064680337905884,9.353197,9.35317873954773
4246,145.82063221931458,0.90646803,0.9064682126045227,1.7881393432617188e-07,0.9064680337905884,9.353197,9.35317873954773
4247,145.85217666625977,0.90646803,0.9064682126045227,1.7881393432617188e-07,0.9064680337905884,9.353197,9.35317873954773
4248,145.8816032409668,0.9064797,0.9064682722091675,7.951564384711673e-07,0.9064680337905884,9.352028,9.353172779083252
4249,145.922545671463,0.9064797,0.906468391418457,1.5429342283823644e-06,0.9064680337905884,9.352028,9.353160858154297
4250,145.96250343322754,0.9064797,0.90646892786026,2.857832214431255e-06,0.9064680337905884,9.352028,9.353107213973999
4251,145.99831891059875,0.9064797,0.906470000743866,4.217469268041896e-06,0.9064680337905884,9.352028,9.352999925613403
4252,146.02982783317566,0.9064797,0.9064720273017883,5.4717556849936955e-06,0.9064680337905884,9.352028,9.352797269821167
4253,146.05973052978516,0.9064797,0.9064759016036987,5.500381121237297e-06,0.9064680337905884,9.352028,9.352409839630127
4254,146.08936500549316,0.9064797,0.9064797759056091,5.960464477539063e-08,0.9064797163009644,9.352028,9.352022409439087
4255,146.1190140247345,0.9064797,0.9064797759056091,5.960464477539063e-08,0.9064797163009644,9.352028,9.352022409439087
4256,146.14828515052795,0.9064797,0.9064797759056091,5.960464477539063e-08,0.9064797163009644,9.352028,9.352022409439087
4257,146.17759037017822,0.9064797,0.9064797759056091,5.960464477539063e-08,0.9064797163009644,9.352028,9.352022409439087
4258,146.20628786087036,0.90648323,0.9064797759056091,2.367919194057322e-07,0.9064797163009644,9.351677,9.352022409439087
4259,146.2431640625,0.9064885,0.9064798355102539,7.719173709119787e-07,0.9064797163009644,9.351152,9.35201644897461
4260,146.28020787239075,0.90649176,0.9064802527427673,1.7991529830396757e-06,0.9064797163009644,9.350824,9.351974725723267
4261,146.31632947921753,0.90649176,0.906481146812439,2.989659833474434e-06,0.9064797163009644,9.350824,9.351885318756104
4262,146.34578657150269,0.90649384,0.9064827561378479,4.125076429772889e-06,0.9064797163009644,9.3506155,9.35172438621521
4263,146.3825078010559,0.9065013,0.9064860939979553,4.304667072574375e-06,0.9064797163009644,9.349871,9.351390600204468
4264,146.41932487487793,0.9065013,0.9064899682998657,3.2062464470072882e-06,0.9064871668815613,9.349871,9.351003170013428
4265,146.44992065429688,0.9065013,0.9064929485321045,3.88443322663079e-06,0.9064884781837463,9.349871,9.35070514678955
4266,146.48039150238037,0.9065013,0.9064960479736328,3.075488166359719e-06,0.9064938426017761,9.349871,9.350395202636719
4267,146.5102996826172,0.9065013,0.9064983129501343,3.256745003454853e-06,0.9064938426017761,9.349871,9.350168704986572
4268,146.54077625274658,0.9065013,0.906501293182373,5.487029284267919e-07,0.9064978361129761,9.349871,9.349870681762695
4269,146.5711624622345,0.9065013,0.9065015316009521,2.384185791015625e-07,0.906501293182373,9.349871,9.349846839904785
4270,146.6018397808075,0.9065013,0.9065015316009521,2.384185791015625e-07,0.906501293182373,9.349871,9.349846839904785
4271,146.63363432884216,0.906502,0.9065015316009521,2.399854110990418e-07,0.906501293182373,9.349799,9.349846839904785
4272,146.67029070854187,0.906502,0.9065015316009521,2.4308880597345706e-07,0.906501293182373,9.349799,9.349846839904785
4273,146.70027780532837,0.906502,0.9065015316009521,2.5731930008987547e-07,0.906501293182373,9.349799,9.349846839904785
4274,146.7312753200531,0.906504,0.9065016508102417,5.167582912690705e-07,0.906501293182373,9.349603,9.34983491897583
4275,146.76825094223022,0.906504,0.906501829624176,8.609147243987536e-07,0.906501293182373,9.349603,9.349817037582397
4276,146.79763460159302,0.906504,0.9065023064613342,1.1152513934575836e-06,0.906501293182373,9.349603,9.349769353866577
4277,146.8275773525238,0.906504,0.9065031409263611,9.59734279604163e-07,0.9065020084381104,9.349603,9.349685907363892
4278,146.85792899131775,0.906504,0.9065037965774536,1.7881393432617188e-07,0.9065039753913879,9.349603,9.349620342254639
4279,146.8884561061859,0.906504,0.9065037965774536,1.7881393432617188e-07,0.9065039753913879,9.349603,9.349620342254639
4280,146.91812014579773,0.906504,0.9065037965774536,1.7881393432617188e-07,0.9065039753913879,9.349603,9.349620342254639
4281,146.94727540016174,0.906504,0.9065037965774536,1.7881393432617188e-07,0.9065039753913879,9.349603,9.349620342254639
4282,146.97794771194458,0.906504,0.9065037965774536,1.7881393432617188e-07,0.9065039753913879,9.349603,9.349620342254639
4283,147.0070469379425,0.906504,0.9065037965774536,1.7881393432617188e-07,0.9065039753913879,9.349603,9.349620342254639
4284,147.0355110168457,0.906504,0.9065037965774536,1.7881393432617188e-07,0.9065039753913879,9.349603,9.349620342254639
4285,147.06439661979675,0.906504,0.9065037965774536,1.7881393432617188e-07,0.9065039753913879,9.349603,9.349620342254639
4286,147.09273958206177,0.906504,0.9065037965774536,1.7881393432617188e-07,0.9065039753913879,9.349603,9.349620342254639
4287,147.12295150756836,0.90651596,0.9065038561820984,8.109756208796171e-07,0.9065039753913879,9.348404,9.349614381790161
4288,147.1609387397766,0.90651596,0.9065039753913879,1.420014882569376e-06,0.9065039753913879,9.348404,9.349602460861206
4289,147.1911702156067,0.9065269,0.90650475025177,3.602037622840726e-06,0.9065039753913879,9.347307,9.349524974822998
4290,147.22723841667175,0.9065269,0.9065062403678894,5.960729140497278e-06,0.9065039753913879,9.347307,9.34937596321106
4291,147.2577040195465,0.9065269,0.9065089225769043,8.213155524572358e-06,0.9065039753913879,9.347307,9.34910774230957
4292,147.28751134872437,0.9065322,0.9065141081809998,9.457964551984333e-06,0.9065039753913879,9.346777,9.348589181900024
4293,147.3228325843811,0.9065322,0.9065225720405579,5.42418320037541e-06,0.9065159559249878,9.346777,9.347742795944214
4294,147.35254311561584,0.9065322,0.9065271615982056,1.2330282288530725e-06,0.9065269231796265,9.346777,9.347283840179443
4295,147.3808159828186,0.9065329,0.9065276980400085,1.966762738447869e-06,0.9065269231796265,9.346712,9.347230195999146
4296,147.418518781662,0.9065329,0.9065285921096802,2.513301751605468e-06,0.9065269231796265,9.346712,9.347140789031982
4297,147.44776487350464,0.9065382,0.9065306186676025,2.5055619516933803e-06,0.9065269231796265,9.346181,9.346938133239746
4298,147.48574709892273,0.9065382,0.9065325856208801,1.3316487184056314e-06,0.9065322279930115,9.346181,9.346741437911987
4299,147.515230178833,0.9065382,0.906533420085907,2.2666461063636234e-06,0.9065322279930115,9.346181,9.346657991409302
4300,147.54464077949524,0.9065382,0.9065348505973816,2.807941200444475e-06,0.9065322279930115,9.346181,9.34651494026184
4301,147.5748951435089,0.9065445,0.9065374135971069,1.9018982584384503e-06,0.906532883644104,9.34555,9.346258640289307
4302,147.61206555366516,0.9065446,0.9065382480621338,9.62577473728743e-07,0.906538188457489,9.345537,9.346175193786621
4303,147.64703822135925,0.9065446,0.9065386056900024,1.6312781099259155e-06,0.906538188457489,9.345537,9.346139430999756
4304,147.67688584327698,0.9065446,0.906539261341095,2.3335339847108116e-06,0.906538188457489,9.345537,9.346073865890503
4305,147.70688033103943,0.90654933,0.9065406322479248,3.029694653378101e-06,0.906538188457489,9.345066,9.34593677520752
4306,147.74457144737244,0.90655094,0.9065433144569397,2.713301228141063e-06,0.906538188457489,9.344906,9.34566855430603
4307,147.7815761566162,0.9065526,0.9065455794334412,1.9033919897992746e-06,0.9065445065498352,9.344739,9.345442056655884
4308,147.81710982322693,0.9065526,0.9065467715263367,2.506741111574229e-06,0.9065446257591248,9.344739,9.345322847366333
4309,147.84728002548218,0.9065542,0.9065491557121277,2.0641073206206784e-06,0.9065446257591248,9.344578,9.345084428787231
4310,147.88385725021362,0.9065555,0.9065510630607605,1.4571563724530279e-06,0.906549334526062,9.344453,9.34489369392395
4311,147.92253351211548,0.9065555,0.9065520763397217,1.3647388641402358e-06,0.906550943851471,9.344453,9.344792366027832
4312,147.95219779014587,0.9065555,0.9065532684326172,1.0694868706195848e-06,0.906550943851471,9.344453,9.344673156738281
4313,147.98307347297668,0.9065555,0.9065543413162231,6.841664230705646e-07,0.9065526127815247,9.344453,9.344565868377686
4314,148.0121874809265,0.9065555,0.906554639339447,6.047855549695669e-07,0.9065542221069336,9.344453,9.344536066055298
4315,148.0423400402069,0.9065555,0.9065550565719604,5.716120767829125e-07,0.9065542221069336,9.344453,9.344494342803955
4316,148.07214617729187,0.9065555,0.9065553545951843,1.1920928955078125e-07,0.9065554738044739,9.344453,9.344464540481567
4317,148.10189938545227,0.9065555,0.9065553545951843,1.1920928955078125e-07,0.9065554738044739,9.344453,9.344464540481567
4318,148.12882137298584,0.9065555,0.9065553545951843,1.1920928955078125e-07,0.9065554738044739,9.344453,9.344464540481567
4319,148.15881180763245,0.9065555,0.9065553545951843,1.1920928955078125e-07,0.9065554738044739,9.344453,9.344464540481567
4320,148.18766951560974,0.9065555,0.9065553545951843,1.1920928955078125e-07,0.9065554738044739,9.344453,9.344464540481567
4321,148.21600151062012,0.9065555,0.9065553545951843,1.1920928955078125e-07,0.9065554738044739,9.344453,9.344464540481567
4322,148.24438309669495,0.9065555,0.9065553545951843,1.1920928955078125e-07,0.9065554738044739,9.344453,9.344464540481567
4323,148.27394700050354,0.9065555,0.9065553545951843,1.1920928955078125e-07,0.9065554738044739,9.344453,9.344464540481567
4324,148.30413818359375,0.9065555,0.9065553545951843,1.1920928955078125e-07,0.9065554738044739,9.344453,9.344464540481567
4325,148.33387994766235,0.9065555,0.9065553545951843,1.1920928955078125e-07,0.9065554738044739,9.344453,9.344464540481567
4326,148.36404514312744,0.9065555,0.9065553545951843,1.1920928955078125e-07,0.9065554738044739,9.344453,9.344464540481567
4327,148.39207005500793,0.9065555,0.9065553545951843,1.1920928955078125e-07,0.9065554738044739,9.344453,9.344464540481567
4328,148.42158198356628,0.9065558,0.9065554738044739,1.9758747527021114e-08,0.9065554738044739,9.344423,9.344452619552612
4329,148.45637798309326,0.90656143,0.9065554738044739,3.961616528158629e-07,0.9065554738044739,9.343857,9.344452619552612
4330,148.4922547340393,0.90656143,0.9065554738044739,7.928060767881107e-07,0.9065554738044739,9.343857,9.344452619552612
4331,148.5214455127716,0.90656143,0.906555712223053,1.3596976486951462e-06,0.9065554738044739,9.343857,9.344428777694702
4332,148.55124473571777,0.90656173,0.9065563678741455,2.0685058643721277e-06,0.9065554738044739,9.343826,9.34436321258545
4333,148.5877115726471,0.9065683,0.9065572619438171,2.6921595690510003e-06,0.9065554738044739,9.343171,9.344273805618286
4334,148.62351942062378,0.9065683,0.9065592885017395,3.07532195620297e-06,0.9065557718276978,9.343171,9.34407114982605
4335,148.652841091156,0.9065686,0.9065620303153992,1.4858105714665726e-06,0.9065614342689514,9.343142,9.343796968460083
4336,148.69008541107178,0.9065686,0.9065626859664917,2.3290676836040802e-06,0.9065614342689514,9.343142,9.34373140335083
4337,148.71891355514526,0.9065686,0.9065640568733215,3.039996045117732e-06,0.9065614342689514,9.343142,9.343594312667847
4338,148.74837613105774,0.9065696,0.9065663814544678,2.936990085800062e-06,0.9065617322921753,9.34304,9.343361854553223
4339,148.78532934188843,0.9065696,0.9065685868263245,2.4853645186340145e-07,0.9065682888031006,9.34304,9.343141317367554
4340,148.81542563438416,0.9065696,0.906568706035614,2.6374780759397254e-07,0.9065685868263245,9.34304,9.343129396438599
4341,148.84570789337158,0.90656984,0.9065687656402588,3.639366070729011e-07,0.9065685868263245,9.343016,9.343123435974121
4342,148.8825330734253,0.90656996,0.9065690040588379,4.831084652323625e-07,0.9065685868263245,9.343004,9.343099594116211
4343,148.9193606376648,0.90656996,0.906569242477417,4.7054868446139153e-07,0.9065685868263245,9.343004,9.3430757522583
4344,148.95067858695984,0.90657026,0.9065696597099304,1.664197952777613e-07,0.9065696001052856,9.342975,9.343034029006958
4345,148.98777842521667,0.90657026,0.90656977891922,1.808330267749625e-07,0.9065696001052856,9.342975,9.343022108078003
4346,149.01712679862976,0.90657073,0.9065699577331543,1.5707892941918544e-07,0.9065698385238647,9.342927,9.34300422668457
4347,149.05368208885193,0.90657073,0.9065701961517334,2.139973531711803e-07,0.9065698385238647,9.342927,9.34298038482666
4348,149.08363962173462,0.90658474,0.9065703749656677,1.0179379614783102e-06,0.9065699577331543,9.341526,9.342962503433228
4349,149.1222848892212,0.90658474,0.9065708518028259,2.368469722568989e-06,0.9065702557563782,9.341526,9.342914819717407
4350,149.1528239250183,0.90659463,0.9065719246864319,4.187771082797553e-06,0.9065702557563782,9.340536,9.342807531356812
4351,149.18984985351562,0.90659565,0.9065738916397095,6.066671630833298e-06,0.9065702557563782,9.340435,9.342610836029053
4352,149.22527050971985,0.90659565,0.906577467918396,7.373115295195021e-06,0.9065710306167603,9.340435,9.3422532081604
4353,149.25604224205017,0.90659857,0.9065841436386108,6.328640210995218e-06,0.9065738916397095,9.340143,9.341585636138916
4354,149.292560338974,0.90659857,0.9065894484519958,4.516105491347844e-06,0.9065852165222168,9.340143,9.341055154800415
4355,149.32309556007385,0.9065988,0.9065932035446167,3.602231572585879e-06,0.9065863490104675,9.340119,9.34067964553833
4356,149.36015605926514,0.9066,0.9065958261489868,1.3992791991768172e-06,0.9065946340560913,9.34,9.340417385101318
4357,149.39910411834717,0.9066119,0.9065970182418823,1.796475544324494e-06,0.9065956473350525,9.338808,9.340298175811768
4358,149.43754076957703,0.9066127,0.9065983891487122,2.1816590560774785e-06,0.9065960645675659,9.338731,9.340161085128784
4359,149.47555828094482,0.90661883,0.9066002368927002,3.405683628443512e-06,0.9065985679626465,9.338117,9.33997631072998
4360,149.51305961608887,0.90661955,0.9066023826599121,5.534496267500799e-06,0.9065997004508972,9.338045,9.339761734008789
4361,149.5517234802246,0.9066345,0.9066054224967957,7.715480933256913e-06,0.9065999984741211,9.336549,9.339457750320435
4362,149.5895402431488,0.9066375,0.9066116213798523,8.42613007989712e-06,0.9065999984741211,9.336251,9.33883786201477
4363,149.62712597846985,0.9066398,0.9066195487976074,6.2832568801240996e-06,0.9066126942634583,9.336019,9.338045120239258
4364,149.66446805000305,0.9066515,0.906624436378479,7.932683729450218e-06,0.9066184163093567,9.33485,9.3375563621521
4365,149.7019338607788,0.9066582,0.9066308736801147,9.227937880496029e-06,0.9066195487976074,9.334183,9.336912631988525
4366,149.73721957206726,0.90667176,0.9066402316093445,7.248415386129636e-06,0.906634509563446,9.332824,9.335976839065552
4367,149.77436566352844,0.90667844,0.9066458344459534,9.95272148429649e-06,0.9066374897956848,9.332156,9.335416555404663
4368,149.8122582435608,0.90667844,0.9066556096076965,9.562409104546532e-06,0.906639814376831,9.332156,9.334439039230347
4369,149.84365224838257,0.9066787,0.906663715839386,7.988152901816647e-06,0.9066569805145264,9.332132,9.333628416061401
4370,149.88194036483765,0.9066787,0.9066702127456665,7.5041743912152015e-06,0.9066577553749084,9.332132,9.33297872543335
4371,149.91328048706055,0.9066807,0.9066759943962097,1.7978679807129083e-06,0.9066746830940247,9.33193,9.332400560379028
4372,149.95046472549438,0.9066809,0.9066774249076843,1.856138396760798e-06,0.906674861907959,9.331912,9.332257509231567
4373,149.9880030155182,0.9066846,0.9066788554191589,8.094191912277893e-07,0.9066784381866455,9.331542,9.332114458084106
4374,150.0241367816925,0.90668476,0.9066793918609619,1.367536583529727e-06,0.9066786766052246,9.331524,9.332060813903809
